DEBUG: Running _parse_file_nitro on C:\Model-\TradeActivityLogs-tm_6\TradeActivityLog_19702-07-19_UTC.ES-IPS_TM_6.data with Adaptive Ghost logic...
ERROR: TradeActivityLog_19702-07-19_UTC.ES-IPS_TM_6.data -> [Errno 22] Invalid argument
DEBUG: Running _parse_file_nitro on C:\Model-\TradeActivityLogs-tm_6\TradeActivityLog_19767-09-24_UTC.TM_6.data with Adaptive Ghost logic...
ERROR: TradeActivityLog_19767-09-24_UTC.TM_6.data -> [Errno 22] Invalid argument
DEBUG: Running _parse_file_nitro on C:\Model-\TradeActivityLogs-tm_6\TradeActivityLog_19789-04-23_UTC.IPS_TM_6.data with Adaptive Ghost logic...
ERROR: TradeActivityLog_19789-04-23_UTC.IPS_TM_6.data -> [Errno 22] Invalid argument
DEBUG: Running _parse_file_nitro on C:\Model-\TradeActivityLogs-tm_6\TradeActivityLog_2024-03-03_UTC.IPS_TM_6.data with Adaptive Ghost logic...
FILE: TRADEACTIVITYLOG_2024-03-03_UTC.IPS_TM_6.DATA | ACC: IPS_TM_6 | SYMBOL: NQH24 | RAW: 8 | FILLS: 4
DEBUG: Running _parse_file_nitro on C:\Model-\TradeActivityLogs-tm_6\TradeActivityLog_2024-03-04_UTC.IPS_TM_6.data with Adaptive Ghost logic...
FILE: TRADEACTIVITYLOG_2024-03-04_UTC.IPS_TM_6.DATA | ACC: IPS_TM_6 | SYMBOL: NQH24 | RAW: 192 | FILLS: 96
DEBUG: Running _parse_file_nitro on C:\Model-\TradeActivityLogs-tm_6\TradeActivityLog_2024-03-05_UTC.IPS_TM_6.data with Adaptive Ghost logic...
FILE: TRADEACTIVITYLOG_2024-03-05_UTC.IPS_TM_6.DATA | ACC: IPS_TM_6 | SYMBOL: NQH24 | RAW: 300 | FILLS: 150
DEBUG: Running _parse_file_nitro on C:\Model-\TradeActivityLogs-tm_6\TradeActivityLog_2024-03-06_UTC.IPS_TM_6.data with Adaptive Ghost logic...
FILE: TRADEACTIVITYLOG_2024-03-06_UTC.IPS_TM_6.DATA | ACC: IPS_TM_6 | SYMBOL: NQH24 | RAW: 264 | FILLS: 135
DEBUG: Running _parse_file_nitro on C:\Model-\TradeActivityLogs-tm_6\TradeActivityLog_2024-03-07_UTC.IPS_TM_6.data with Adaptive Ghost logic...
FILE: TRADEACTIVITYLOG_2024-03-07_UTC.IPS_TM_6.DATA | ACC: IPS_TM_6 | SYMBOL: NQH24 | RAW: 238 | FILLS: 119
DEBUG: Running _parse_file_nitro on C:\Model-\TradeActivityLogs-tm_6\TradeActivityLog_2024-03-08_UTC.IPS_TM_6.data with Adaptive Ghost logic...
FILE: TRADEACTIVITYLOG_2024-03-08_UTC.IPS_TM_6.DATA | ACC: IPS_TM_6 | SYMBOL: NQH24 | RAW: 270 | FILLS: 142
DEBUG: Running _parse_file_nitro on C:\Model-\TradeActivityLogs-tm_6\TradeActivityLog_2024-03-08_UTC.TM_6.data with Adaptive Ghost logic...
FILE: TRADEACTIVITYLOG_2024-03-08_UTC.TM_6.DATA | ACC: TM_6 | SYMBOL: NQH24 | RAW: 203 | FILLS: 109
DEBUG: Running _parse_file_nitro on C:\Model-\TradeActivityLogs-tm_6\TradeActivityLog_2024-03-09_UTC.IPS_TM_6.data with Adaptive Ghost logic...
FILE: TRADEACTIVITYLOG_2024-03-09_UTC.IPS_TM_6.DATA | ACC: IPS_TM_6 | SYMBOL: Unknown | RAW: 0 | FILLS: 0
DEBUG: Running _parse_file_nitro on C:\Model-\TradeActivityLogs-tm_6\TradeActivityLog_2024-03-09_UTC.TM_6.data with Adaptive Ghost logic...
FILE: TRADEACTIVITYLOG_2024-03-09_UTC.TM_6.DATA | ACC: TM_6 | SYMBOL: Unknown | RAW: 0 | FILLS: 0
DEBUG: Running _parse_file_nitro on C:\Model-\TradeActivityLogs-tm_6\TradeActivityLog_2024-03-10_UTC.IPS_TM_6.data with Adaptive Ghost logic...
FILE: TRADEACTIVITYLOG_2024-03-10_UTC.IPS_TM_6.DATA | ACC: IPS_TM_6 | SYMBOL: NQH24 | RAW: 6 | FILLS: 3
DEBUG: Running _parse_file_nitro on C:\Model-\TradeActivityLogs-tm_6\TradeActivityLog_2024-03-10_UTC.TM_6.data with Adaptive Ghost logic...
FILE: TRADEACTIVITYLOG_2024-03-10_UTC.TM_6.DATA | ACC: TM_6 | SYMBOL: NQH24 | RAW: 6 | FILLS: 3
DEBUG: Running _parse_file_nitro on C:\Model-\TradeActivityLogs-tm_6\TradeActivityLog_2024-03-11_UTC.IPS_TM_6.data with Adaptive Ghost logic...
FILE: TRADEACTIVITYLOG_2024-03-11_UTC.IPS_TM_6.DATA | ACC: IPS_TM_6 | SYMBOL: NQH24 | RAW: 84 | FILLS: 42
DEBUG: Running _parse_file_nitro on C:\Model-\TradeActivityLogs-tm_6\TradeActivityLog_2024-03-11_UTC.TM_6.data with Adaptive Ghost logic...
FILE: TRADEACTIVITYLOG_2024-03-11_UTC.TM_6.DATA | ACC: TM_6 | SYMBOL: NQH24 | RAW: 84 | FILLS: 42
DEBUG: Running _parse_file_nitro on C:\Model-\TradeActivityLogs-tm_6\TradeActivityLog_2024-03-12_UTC.IPS_TM_6.data with Adaptive Ghost logic...
FILE: TRADEACTIVITYLOG_2024-03-12_UTC.IPS_TM_6.DATA | ACC: IPS_TM_6 | SYMBOL: NQH24 | RAW: 46 | FILLS: 23
DEBUG: Running _parse_file_nitro on C:\Model-\TradeActivityLogs-tm_6\TradeActivityLog_2024-03-12_UTC.TM_6.data with Adaptive Ghost logic...
FILE: TRADEACTIVITYLOG_2024-03-12_UTC.TM_6.DATA | ACC: TM_6 | SYMBOL: NQH24 | RAW: 46 | FILLS: 23
DEBUG: Running _parse_file_nitro on C:\Model-\TradeActivityLogs-tm_6\TradeActivityLog_2024-03-13_UTC.IPS_TM_6.data with Adaptive Ghost logic...
FILE: TRADEACTIVITYLOG_2024-03-13_UTC.IPS_TM_6.DATA | ACC: IPS_TM_6 | SYMBOL: NQH24 | RAW: 26 | FILLS: 13
DEBUG: Running _parse_file_nitro on C:\Model-\TradeActivityLogs-tm_6\TradeActivityLog_2024-03-13_UTC.TM_6.data with Adaptive Ghost logic...
FILE: TRADEACTIVITYLOG_2024-03-13_UTC.TM_6.DATA | ACC: TM_6 | SYMBOL: NQH24 | RAW: 26 | FILLS: 13
DEBUG: Running _parse_file_nitro on C:\Model-\TradeActivityLogs-tm_6\TradeActivityLog_2024-03-14_UTC.IPS_TM_6.data with Adaptive Ghost logic...
FILE: TRADEACTIVITYLOG_2024-03-14_UTC.IPS_TM_6.DATA | ACC: IPS_TM_6 | SYMBOL: NQM24 | RAW: 154 | FILLS: 77
DEBUG: Running _parse_file_nitro on C:\Model-\TradeActivityLogs-tm_6\TradeActivityLog_2024-03-14_UTC.TM_6.data with Adaptive Ghost logic...
FILE: TRADEACTIVITYLOG_2024-03-14_UTC.TM_6.DATA | ACC: TM_6 | SYMBOL: NQM24 | RAW: 154 | FILLS: 77
DEBUG: Running _parse_file_nitro on C:\Model-\TradeActivityLogs-tm_6\TradeActivityLog_2024-03-15_UTC.IPS_TM_6.data with Adaptive Ghost logic...
FILE: TRADEACTIVITYLOG_2024-03-15_UTC.IPS_TM_6.DATA | ACC: IPS_TM_6 | SYMBOL: NQM24 | RAW: 182 | FILLS: 91
DEBUG: Running _parse_file_nitro on C:\Model-\TradeActivityLogs-tm_6\TradeActivityLog_2024-03-15_UTC.TM_6.data with Adaptive Ghost logic...
FILE: TRADEACTIVITYLOG_2024-03-15_UTC.TM_6.DATA | ACC: TM_6 | SYMBOL: NQM24 | RAW: 182 | FILLS: 91
DEBUG: Running _parse_file_nitro on C:\Model-\TradeActivityLogs-tm_6\TradeActivityLog_2024-03-17_UTC.IPS_TM_6.data with Adaptive Ghost logic...
FILE: TRADEACTIVITYLOG_2024-03-17_UTC.IPS_TM_6.DATA | ACC: IPS_TM_6 | SYMBOL: NQM24 | RAW: 10 | FILLS: 5
DEBUG: Running _parse_file_nitro on C:\Model-\TradeActivityLogs-tm_6\TradeActivityLog_2024-03-17_UTC.TM_6.data with Adaptive Ghost logic...
FILE: TRADEACTIVITYLOG_2024-03-17_UTC.TM_6.DATA | ACC: TM_6 | SYMBOL: NQM24 | RAW: 10 | FILLS: 5
DEBUG: Running _parse_file_nitro on C:\Model-\TradeActivityLogs-tm_6\TradeActivityLog_2024-03-18_UTC.IPS_TM_6.data with Adaptive Ghost logic...
FILE: TRADEACTIVITYLOG_2024-03-18_UTC.IPS_TM_6.DATA | ACC: IPS_TM_6 | SYMBOL: NQM24 | RAW: 240 | FILLS: 120
DEBUG: Running _parse_file_nitro on C:\Model-\TradeActivityLogs-tm_6\TradeActivityLog_2024-03-18_UTC.TM_6.data with Adaptive Ghost logic...
FILE: TRADEACTIVITYLOG_2024-03-18_UTC.TM_6.DATA | ACC: TM_6 | SYMBOL: NQM24 | RAW: 240 | FILLS: 120
DEBUG: Running _parse_file_nitro on C:\Model-\TradeActivityLogs-tm_6\TradeActivityLog_2024-03-19_UTC.IPS_TM_6.data with Adaptive Ghost logic...
FILE: TRADEACTIVITYLOG_2024-03-19_UTC.IPS_TM_6.DATA | ACC: IPS_TM_6 | SYMBOL: NQM24 | RAW: 200 | FILLS: 100
DEBUG: Running _parse_file_nitro on C:\Model-\TradeActivityLogs-tm_6\TradeActivityLog_2024-03-19_UTC.TM_6.data with Adaptive Ghost logic...
FILE: TRADEACTIVITYLOG_2024-03-19_UTC.TM_6.DATA | ACC: TM_6 | SYMBOL: NQM24 | RAW: 200 | FILLS: 100
DEBUG: Running _parse_file_nitro on C:\Model-\TradeActivityLogs-tm_6\TradeActivityLog_2024-03-20_UTC.IPS_TM_6.data with Adaptive Ghost logic...
FILE: TRADEACTIVITYLOG_2024-03-20_UTC.IPS_TM_6.DATA | ACC: IPS_TM_6 | SYMBOL: NQM24 | RAW: 238 | FILLS: 119
DEBUG: Running _parse_file_nitro on C:\Model-\TradeActivityLogs-tm_6\TradeActivityLog_2024-03-20_UTC.TM_6.data with Adaptive Ghost logic...
FILE: TRADEACTIVITYLOG_2024-03-20_UTC.TM_6.DATA | ACC: TM_6 | SYMBOL: NQM24 | RAW: 240 | FILLS: 120
DEBUG: Running _parse_file_nitro on C:\Model-\TradeActivityLogs-tm_6\TradeActivityLog_2024-03-21_UTC.IPS_TM_6.data with Adaptive Ghost logic...
FILE: TRADEACTIVITYLOG_2024-03-21_UTC.IPS_TM_6.DATA | ACC: IPS_TM_6 | SYMBOL: NQM24 | RAW: 186 | FILLS: 93
DEBUG: Running _parse_file_nitro on C:\Model-\TradeActivityLogs-tm_6\TradeActivityLog_2024-03-21_UTC.TM_6.data with Adaptive Ghost logic...
FILE: TRADEACTIVITYLOG_2024-03-21_UTC.TM_6.DATA | ACC: TM_6 | SYMBOL: NQM24 | RAW: 186 | FILLS: 93
DEBUG: Running _parse_file_nitro on C:\Model-\TradeActivityLogs-tm_6\TradeActivityLog_2024-03-22_UTC.IPS_TM_6.data with Adaptive Ghost logic...
FILE: TRADEACTIVITYLOG_2024-03-22_UTC.IPS_TM_6.DATA | ACC: IPS_TM_6 | SYMBOL: NQM24 | RAW: 189 | FILLS: 104
DEBUG: Running _parse_file_nitro on C:\Model-\TradeActivityLogs-tm_6\TradeActivityLog_2024-03-22_UTC.TM_6.data with Adaptive Ghost logic...
FILE: TRADEACTIVITYLOG_2024-03-22_UTC.TM_6.DATA | ACC: TM_6 | SYMBOL: NQM24 | RAW: 189 | FILLS: 104
DEBUG: Running _parse_file_nitro on C:\Model-\TradeActivityLogs-tm_6\TradeActivityLog_2024-03-23_UTC.IPS_TM_6.data with Adaptive Ghost logic...
FILE: TRADEACTIVITYLOG_2024-03-23_UTC.IPS_TM_6.DATA | ACC: IPS_TM_6 | SYMBOL: NQM24 | RAW: 0 | FILLS: 0
DEBUG: Running _parse_file_nitro on C:\Model-\TradeActivityLogs-tm_6\TradeActivityLog_2024-03-23_UTC.TM_6.data with Adaptive Ghost logic...
FILE: TRADEACTIVITYLOG_2024-03-23_UTC.TM_6.DATA | ACC: TM_6 | SYMBOL: NQM24 | RAW: 0 | FILLS: 0
DEBUG: Running _parse_file_nitro on C:\Model-\TradeActivityLogs-tm_6\TradeActivityLog_2024-03-24_UTC.IPS_TM_6.data with Adaptive Ghost logic...
FILE: TRADEACTIVITYLOG_2024-03-24_UTC.IPS_TM_6.DATA | ACC: IPS_TM_6 | SYMBOL: Unknown | RAW: 0 | FILLS: 0
DEBUG: Running _parse_file_nitro on C:\Model-\TradeActivityLogs-tm_6\TradeActivityLog_2024-03-24_UTC.TM_6.data with Adaptive Ghost logic...
FILE: TRADEACTIVITYLOG_2024-03-24_UTC.TM_6.DATA | ACC: TM_6 | SYMBOL: Unknown | RAW: 0 | FILLS: 0
DEBUG: Running _parse_file_nitro on C:\Model-\TradeActivityLogs-tm_6\TradeActivityLog_2024-03-25_UTC.IPS_TM_6.data with Adaptive Ghost logic...
FILE: TRADEACTIVITYLOG_2024-03-25_UTC.IPS_TM_6.DATA | ACC: IPS_TM_6 | SYMBOL: NQM24 | RAW: 150 | FILLS: 76
DEBUG: Running _parse_file_nitro on C:\Model-\TradeActivityLogs-tm_6\TradeActivityLog_2024-03-25_UTC.TM_6.data with Adaptive Ghost logic...
FILE: TRADEACTIVITYLOG_2024-03-25_UTC.TM_6.DATA | ACC: TM_6 | SYMBOL: NQM24 | RAW: 150 | FILLS: 75
DEBUG: Running _parse_file_nitro on C:\Model-\TradeActivityLogs-tm_6\TradeActivityLog_2024-03-26_UTC.IPS_TM_6.data with Adaptive Ghost logic...
FILE: TRADEACTIVITYLOG_2024-03-26_UTC.IPS_TM_6.DATA | ACC: IPS_TM_6 | SYMBOL: NQM24 | RAW: 194 | FILLS: 97
DEBUG: Running _parse_file_nitro on C:\Model-\TradeActivityLogs-tm_6\TradeActivityLog_2024-03-26_UTC.TM_6.data with Adaptive Ghost logic...
FILE: TRADEACTIVITYLOG_2024-03-26_UTC.TM_6.DATA | ACC: TM_6 | SYMBOL: NQM24 | RAW: 194 | FILLS: 97
DEBUG: Running _parse_file_nitro on C:\Model-\TradeActivityLogs-tm_6\TradeActivityLog_2024-03-27_UTC.IPS_TM_6.data with Adaptive Ghost logic...
FILE: TRADEACTIVITYLOG_2024-03-27_UTC.IPS_TM_6.DATA | ACC: IPS_TM_6 | SYMBOL: NQM24 | RAW: 220 | FILLS: 110
DEBUG: Running _parse_file_nitro on C:\Model-\TradeActivityLogs-tm_6\TradeActivityLog_2024-03-27_UTC.TM_6.data with Adaptive Ghost logic...
FILE: TRADEACTIVITYLOG_2024-03-27_UTC.TM_6.DATA | ACC: TM_6 | SYMBOL: NQM24 | RAW: 220 | FILLS: 110
DEBUG: Running _parse_file_nitro on C:\Model-\TradeActivityLogs-tm_6\TradeActivityLog_2024-03-28_UTC.IPS_TM_6.data with Adaptive Ghost logic...
FILE: TRADEACTIVITYLOG_2024-03-28_UTC.IPS_TM_6.DATA | ACC: IPS_TM_6 | SYMBOL: NQM24 | RAW: 117 | FILLS: 59
DEBUG: Running _parse_file_nitro on C:\Model-\TradeActivityLogs-tm_6\TradeActivityLog_2024-03-28_UTC.TM_6.data with Adaptive Ghost logic...
FILE: TRADEACTIVITYLOG_2024-03-28_UTC.TM_6.DATA | ACC: TM_6 | SYMBOL: NQM24 | RAW: 117 | FILLS: 59
DEBUG: Running _parse_file_nitro on C:\Model-\TradeActivityLogs-tm_6\TradeActivityLog_2024-03-31_UTC.IPS_TM_6.data with Adaptive Ghost logic...
FILE: TRADEACTIVITYLOG_2024-03-31_UTC.IPS_TM_6.DATA | ACC: IPS_TM_6 | SYMBOL: NQM24 | RAW: 4 | FILLS: 2
DEBUG: Running _parse_file_nitro on C:\Model-\TradeActivityLogs-tm_6\TradeActivityLog_2024-03-31_UTC.TM_6.data with Adaptive Ghost logic...
FILE: TRADEACTIVITYLOG_2024-03-31_UTC.TM_6.DATA | ACC: TM_6 | SYMBOL: NQM24 | RAW: 4 | FILLS: 2
DEBUG: Running _parse_file_nitro on C:\Model-\TradeActivityLogs-tm_6\TradeActivityLog_19702-07-19_UTC.ES-IPS_TM_6.data with Adaptive Ghost logic...
DEBUG: Running _parse_file_nitro on C:\Model-\TradeActivityLogs-tm_6\TradeActivityLog_2024-03-07_UTC.IPS_TM_6.data with Adaptive Ghost logic...
DEBUG: Running _parse_file_nitro on C:\Model-\TradeActivityLogs-tm_6\TradeActivityLog_2024-03-14_UTC.TM_6.data with Adaptive Ghost logic...
DEBUG: Running _parse_file_nitro on C:\Model-\TradeActivityLogs-tm_6\TradeActivityLog_2024-03-11_UTC.IPS_TM_6.data with Adaptive Ghost logic...
DEBUG: Running _parse_file_nitro on C:\Model-\TradeActivityLogs-tm_6\TradeActivityLog_2024-03-19_UTC.IPS_TM_6.data with Adaptive Ghost logic...
DEBUG: Running _parse_file_nitro on C:\Model-\TradeActivityLogs-tm_6\TradeActivityLog_2024-03-22_UTC.TM_6.data with Adaptive Ghost logic...
DEBUG: Running _parse_file_nitro on C:\Model-\TradeActivityLogs-tm_6\TradeActivityLog_2024-03-26_UTC.IPS_TM_6.data with Adaptive Ghost logic...
DEBUG: Running _parse_file_nitro on C:\Model-\TradeActivityLogs-tm_6\TradeActivityLog_2024-03-31_UTC.TM_6.data with Adaptive Ghost logic...
ERROR: TradeActivityLog_19702-07-19_UTC.ES-IPS_TM_6.data -> [Errno 22] Invalid argument
DEBUG: Running _parse_file_nitro on C:\Model-\TradeActivityLogs-tm_6\TradeActivityLog_19767-09-24_UTC.TM_6.data with Adaptive Ghost logic...
FILE: TRADEACTIVITYLOG_2024-03-31_UTC.TM_6.DATA | ACC: TM_6 | SYMBOL: NQM24 | RAW: 4 | FILLS: 2
DEBUG: Running _parse_file_nitro on C:\Model-\TradeActivityLogs-tm_6\TradeActivityLog_2024-04-01_UTC.IPS_TM_6.data with Adaptive Ghost logic...
ERROR: TradeActivityLog_19767-09-24_UTC.TM_6.data -> [Errno 22] Invalid argument
DEBUG: Running _parse_file_nitro on C:\Model-\TradeActivityLogs-tm_6\TradeActivityLog_19789-04-23_UTC.IPS_TM_6.data with Adaptive Ghost logic...
FILE: TRADEACTIVITYLOG_2024-03-14_UTC.TM_6.DATA | ACC: TM_6 | SYMBOL: NQM24 | RAW: 154 | FILLS: 77
DEBUG: Running _parse_file_nitro on C:\Model-\TradeActivityLogs-tm_6\TradeActivityLog_2024-03-15_UTC.IPS_TM_6.data with Adaptive Ghost logic...
FILE: TRADEACTIVITYLOG_2024-03-11_UTC.IPS_TM_6.DATA | ACC: IPS_TM_6 | SYMBOL: NQH24 | RAW: 84 | FILLS: 42
DEBUG: Running _parse_file_nitro on C:\Model-\TradeActivityLogs-tm_6\TradeActivityLog_2024-03-11_UTC.TM_6.data with Adaptive Ghost logic...
FILE: TRADEACTIVITYLOG_2024-03-26_UTC.IPS_TM_6.DATA | ACC: IPS_TM_6 | SYMBOL: NQM24 | RAW: 194 | FILLS: 97
DEBUG: Running _parse_file_nitro on C:\Model-\TradeActivityLogs-tm_6\TradeActivityLog_2024-03-26_UTC.TM_6.data with Adaptive Ghost logic...
FILE: TRADEACTIVITYLOG_2024-03-19_UTC.IPS_TM_6.DATA | ACC: IPS_TM_6 | SYMBOL: NQM24 | RAW: 200 | FILLS: 100
ERROR: TradeActivityLog_19789-04-23_UTC.IPS_TM_6.data -> [Errno 22] Invalid argument
DEBUG: Running _parse_file_nitro on C:\Model-\TradeActivityLogs-tm_6\TradeActivityLog_2024-03-03_UTC.IPS_TM_6.data with Adaptive Ghost logic...
DEBUG: Running _parse_file_nitro on C:\Model-\TradeActivityLogs-tm_6\TradeActivityLog_2024-03-19_UTC.TM_6.data with Adaptive Ghost logic...
FILE: TRADEACTIVITYLOG_2024-03-07_UTC.IPS_TM_6.DATA | ACC: IPS_TM_6 | SYMBOL: NQH24 | RAW: 238 | FILLS: 119
DEBUG: Running _parse_file_nitro on C:\Model-\TradeActivityLogs-tm_6\TradeActivityLog_2024-03-08_UTC.IPS_TM_6.data with Adaptive Ghost logic...
FILE: TRADEACTIVITYLOG_2024-03-22_UTC.TM_6.DATA | ACC: TM_6 | SYMBOL: NQM24 | RAW: 189 | FILLS: 104
DEBUG: Running _parse_file_nitro on C:\Model-\TradeActivityLogs-tm_6\TradeActivityLog_2024-03-23_UTC.IPS_TM_6.data with Adaptive Ghost logic...
FILE: TRADEACTIVITYLOG_2024-04-01_UTC.IPS_TM_6.DATA | ACC: IPS_TM_6 | SYMBOL: NQM24 | RAW: 166 | FILLS: 83
DEBUG: Running _parse_file_nitro on C:\Model-\TradeActivityLogs-tm_6\TradeActivityLog_2024-04-01_UTC.TM_6.data with Adaptive Ghost logic...
FILE: TRADEACTIVITYLOG_2024-03-11_UTC.TM_6.DATA | ACC: TM_6 | SYMBOL: NQH24 | RAW: 84 | FILLS: 42
DEBUG: Running _parse_file_nitro on C:\Model-\TradeActivityLogs-tm_6\TradeActivityLog_2024-03-12_UTC.IPS_TM_6.data with Adaptive Ghost logic...
FILE: TRADEACTIVITYLOG_2024-03-23_UTC.IPS_TM_6.DATA | ACC: IPS_TM_6 | SYMBOL: NQM24 | RAW: 0 | FILLS: 0
FILE: TRADEACTIVITYLOG_2024-03-03_UTC.IPS_TM_6.DATA | ACC: IPS_TM_6 | SYMBOL: NQH24 | RAW: 8 | FILLS: 4
DEBUG: Running _parse_file_nitro on C:\Model-\TradeActivityLogs-tm_6\TradeActivityLog_2024-03-23_UTC.TM_6.data with Adaptive Ghost logic...
DEBUG: Running _parse_file_nitro on C:\Model-\TradeActivityLogs-tm_6\TradeActivityLog_2024-03-04_UTC.IPS_TM_6.data with Adaptive Ghost logic...
FILE: TRADEACTIVITYLOG_2024-03-15_UTC.IPS_TM_6.DATA | ACC: IPS_TM_6 | SYMBOL: NQM24 | RAW: 182 | FILLS: 91
DEBUG: Running _parse_file_nitro on C:\Model-\TradeActivityLogs-tm_6\TradeActivityLog_2024-03-15_UTC.TM_6.data with Adaptive Ghost logic...
FILE: TRADEACTIVITYLOG_2024-03-23_UTC.TM_6.DATA | ACC: TM_6 | SYMBOL: NQM24 | RAW: 0 | FILLS: 0
DEBUG: Running _parse_file_nitro on C:\Model-\TradeActivityLogs-tm_6\TradeActivityLog_2024-03-24_UTC.IPS_TM_6.data with Adaptive Ghost logic...
FILE: TRADEACTIVITYLOG_2024-03-26_UTC.TM_6.DATA | ACC: TM_6 | SYMBOL: NQM24 | RAW: 194 | FILLS: 97
DEBUG: Running _parse_file_nitro on C:\Model-\TradeActivityLogs-tm_6\TradeActivityLog_2024-03-27_UTC.IPS_TM_6.data with Adaptive Ghost logic...
FILE: TRADEACTIVITYLOG_2024-03-12_UTC.IPS_TM_6.DATA | ACC: IPS_TM_6 | SYMBOL: NQH24 | RAW: 46 | FILLS: 23
DEBUG: Running _parse_file_nitro on C:\Model-\TradeActivityLogs-tm_6\TradeActivityLog_2024-03-12_UTC.TM_6.data with Adaptive Ghost logic...
FILE: TRADEACTIVITYLOG_2024-03-19_UTC.TM_6.DATA | ACC: TM_6 | SYMBOL: NQM24 | RAW: 200 | FILLS: 100
DEBUG: Running _parse_file_nitro on C:\Model-\TradeActivityLogs-tm_6\TradeActivityLog_2024-03-20_UTC.IPS_TM_6.data with Adaptive Ghost logic...
FILE: TRADEACTIVITYLOG_2024-03-24_UTC.IPS_TM_6.DATA | ACC: IPS_TM_6 | SYMBOL: Unknown | RAW: 0 | FILLS: 0
DEBUG: Running _parse_file_nitro on C:\Model-\TradeActivityLogs-tm_6\TradeActivityLog_2024-03-24_UTC.TM_6.data with Adaptive Ghost logic...
FILE: TRADEACTIVITYLOG_2024-04-01_UTC.TM_6.DATA | ACC: TM_6 | SYMBOL: NQM24 | RAW: 166 | FILLS: 83
DEBUG: Running _parse_file_nitro on C:\Model-\TradeActivityLogs-tm_6\TradeActivityLog_2024-04-02_UTC.IPS_TM_6.data with Adaptive Ghost logic...
FILE: TRADEACTIVITYLOG_2024-03-08_UTC.IPS_TM_6.DATA | ACC: IPS_TM_6 | SYMBOL: NQH24 | RAW: 270 | FILLS: 142
DEBUG: Running _parse_file_nitro on C:\Model-\TradeActivityLogs-tm_6\TradeActivityLog_2024-03-08_UTC.TM_6.data with Adaptive Ghost logic...
FILE: TRADEACTIVITYLOG_2024-03-04_UTC.IPS_TM_6.DATA | ACC: IPS_TM_6 | SYMBOL: NQH24 | RAW: 192 | FILLS: 96
DEBUG: Running _parse_file_nitro on C:\Model-\TradeActivityLogs-tm_6\TradeActivityLog_2024-03-05_UTC.IPS_TM_6.data with Adaptive Ghost logic...
DEBUG: Running _parse_file_nitro on C:\Model-\TradeActivityLogs-tm_6\TradeActivityLog_2024-03-17_UTC.IPS_TM_6.data with Adaptive Ghost logic...
FILE: TRADEACTIVITYLOG_2024-03-12_UTC.TM_6.DATA | ACC: TM_6 | SYMBOL: NQH24 | RAW: 46 | FILLS: 23
DEBUG: Running _parse_file_nitro on C:\Model-\TradeActivityLogs-tm_6\TradeActivityLog_2024-03-13_UTC.IPS_TM_6.data with Adaptive Ghost logic...
FILE: TRADEACTIVITYLOG_2024-03-24_UTC.TM_6.DATA | ACC: TM_6 | SYMBOL: Unknown | RAW: 0 | FILLS: 0
DEBUG: Running _parse_file_nitro on C:\Model-\TradeActivityLogs-tm_6\TradeActivityLog_2024-03-25_UTC.IPS_TM_6.data with Adaptive Ghost logic...
FILE: TRADEACTIVITYLOG_2024-03-17_UTC.IPS_TM_6.DATA | ACC: IPS_TM_6 | SYMBOL: NQM24 | RAW: 10 | FILLS: 5
DEBUG: Running _parse_file_nitro on C:\Model-\TradeActivityLogs-tm_6\TradeActivityLog_2024-03-17_UTC.TM_6.data with Adaptive Ghost logic...
FILE: TRADEACTIVITYLOG_2024-03-13_UTC.IPS_TM_6.DATA | ACC: IPS_TM_6 | SYMBOL: NQH24 | RAW: 26 | FILLS: 13
DEBUG: Running _parse_file_nitro on C:\Model-\TradeActivityLogs-tm_6\TradeActivityLog_2024-03-13_UTC.TM_6.data with Adaptive Ghost logic...
FILE: TRADEACTIVITYLOG_2024-03-27_UTC.IPS_TM_6.DATA | ACC: IPS_TM_6 | SYMBOL: NQM24 | RAW: 220 | FILLS: 110
DEBUG: Running _parse_file_nitro on C:\Model-\TradeActivityLogs-tm_6\TradeActivityLog_2024-03-27_UTC.TM_6.data with Adaptive Ghost logic...
FILE: TRADEACTIVITYLOG_2024-03-17_UTC.TM_6.DATA | ACC: TM_6 | SYMBOL: NQM24 | RAW: 10 | FILLS: 5
DEBUG: Running _parse_file_nitro on C:\Model-\TradeActivityLogs-tm_6\TradeActivityLog_2024-03-18_UTC.IPS_TM_6.data with Adaptive Ghost logic...
FILE: TRADEACTIVITYLOG_2024-03-20_UTC.IPS_TM_6.DATA | ACC: IPS_TM_6 | SYMBOL: NQM24 | RAW: 238 | FILLS: 119
DEBUG: Running _parse_file_nitro on C:\Model-\TradeActivityLogs-tm_6\TradeActivityLog_2024-03-20_UTC.TM_6.data with Adaptive Ghost logic...
FILE: TRADEACTIVITYLOG_2024-04-02_UTC.IPS_TM_6.DATA | ACC: IPS_TM_6 | SYMBOL: NQM24 | RAW: 206 | FILLS: 103
DEBUG: Running _parse_file_nitro on C:\Model-\TradeActivityLogs-tm_6\TradeActivityLog_2024-04-02_UTC.TM_6.data with Adaptive Ghost logic...
FILE: TRADEACTIVITYLOG_2024-03-13_UTC.TM_6.DATA | ACC: TM_6 | SYMBOL: NQH24 | RAW: 26 | FILLS: 13
DEBUG: Running _parse_file_nitro on C:\Model-\TradeActivityLogs-tm_6\TradeActivityLog_2024-03-14_UTC.IPS_TM_6.data with Adaptive Ghost logic...
FILE: TRADEACTIVITYLOG_2024-03-25_UTC.IPS_TM_6.DATA | ACC: IPS_TM_6 | SYMBOL: NQM24 | RAW: 150 | FILLS: 76
DEBUG: Running _parse_file_nitro on C:\Model-\TradeActivityLogs-tm_6\TradeActivityLog_2024-03-25_UTC.TM_6.data with Adaptive Ghost logic...
FILE: TRADEACTIVITYLOG_2024-03-08_UTC.TM_6.DATA | ACC: TM_6 | SYMBOL: NQH24 | RAW: 203 | FILLS: 109
DEBUG: Running _parse_file_nitro on C:\Model-\TradeActivityLogs-tm_6\TradeActivityLog_2024-03-09_UTC.IPS_TM_6.data with Adaptive Ghost logic...
FILE: TRADEACTIVITYLOG_2024-03-05_UTC.IPS_TM_6.DATA | ACC: IPS_TM_6 | SYMBOL: NQH24 | RAW: 300 | FILLS: 150
DEBUG: Running _parse_file_nitro on C:\Model-\TradeActivityLogs-tm_6\TradeActivityLog_2024-03-06_UTC.IPS_TM_6.data with Adaptive Ghost logic...
FILE: TRADEACTIVITYLOG_2024-03-09_UTC.IPS_TM_6.DATA | ACC: IPS_TM_6 | SYMBOL: Unknown | RAW: 0 | FILLS: 0
DEBUG: Running _parse_file_nitro on C:\Model-\TradeActivityLogs-tm_6\TradeActivityLog_2024-03-09_UTC.TM_6.data with Adaptive Ghost logic...
FILE: TRADEACTIVITYLOG_2024-03-27_UTC.TM_6.DATA | ACC: TM_6 | SYMBOL: NQM24 | RAW: 220 | FILLS: 110
DEBUG: Running _parse_file_nitro on C:\Model-\TradeActivityLogs-tm_6\TradeActivityLog_2024-03-28_UTC.IPS_TM_6.data with Adaptive Ghost logic...
FILE: TRADEACTIVITYLOG_2024-03-14_UTC.IPS_TM_6.DATA | ACC: IPS_TM_6 | SYMBOL: NQM24 | RAW: 154 | FILLS: 77
DEBUG: Running _parse_file_nitro on C:\Model-\TradeActivityLogs-tm_6\TradeActivityLog_2024-03-10_UTC.IPS_TM_6.data with Adaptive Ghost logic...
FILE: TRADEACTIVITYLOG_2024-04-02_UTC.TM_6.DATA | ACC: TM_6 | SYMBOL: NQM24 | RAW: 206 | FILLS: 103
DEBUG: Running _parse_file_nitro on C:\Model-\TradeActivityLogs-tm_6\TradeActivityLog_2024-04-04_UTC.IPS_TM_6.data with Adaptive Ghost logic...
DEBUG: Running _parse_file_nitro on C:\Model-\TradeActivityLogs-tm_6\TradeActivityLog_2024-04-03_UTC.IPS_TM_6.data with Adaptive Ghost logic...
FILE: TRADEACTIVITYLOG_2024-03-25_UTC.TM_6.DATA | ACC: TM_6 | SYMBOL: NQM24 | RAW: 150 | FILLS: 75
FILE: TRADEACTIVITYLOG_2024-03-18_UTC.IPS_TM_6.DATA | ACC: IPS_TM_6 | SYMBOL: NQM24 | RAW: 240 | FILLS: 120
DEBUG: Running _parse_file_nitro on C:\Model-\TradeActivityLogs-tm_6\TradeActivityLog_2024-04-08_UTC.TM_6.data with Adaptive Ghost logic...
DEBUG: Running _parse_file_nitro on C:\Model-\TradeActivityLogs-tm_6\TradeActivityLog_2024-03-18_UTC.TM_6.data with Adaptive Ghost logic...
FILE: TRADEACTIVITYLOG_2024-03-20_UTC.TM_6.DATA | ACC: TM_6 | SYMBOL: NQM24 | RAW: 240 | FILLS: 120
DEBUG: Running _parse_file_nitro on C:\Model-\TradeActivityLogs-tm_6\TradeActivityLog_2024-03-21_UTC.IPS_TM_6.data with Adaptive Ghost logic...
FILE: TRADEACTIVITYLOG_2024-03-10_UTC.IPS_TM_6.DATA | ACC: IPS_TM_6 | SYMBOL: NQH24 | RAW: 6 | FILLS: 3
DEBUG: Running _parse_file_nitro on C:\Model-\TradeActivityLogs-tm_6\TradeActivityLog_2024-03-10_UTC.TM_6.data with Adaptive Ghost logic...
FILE: TRADEACTIVITYLOG_2024-03-06_UTC.IPS_TM_6.DATA | ACC: IPS_TM_6 | SYMBOL: NQH24 | RAW: 264 | FILLS: 135
DEBUG: Running _parse_file_nitro on C:\Model-\TradeActivityLogs-tm_6\TradeActivityLog_2024-04-12_UTC.IPS_TM_6.data with Adaptive Ghost logic...
FILE: TRADEACTIVITYLOG_2024-03-10_UTC.TM_6.DATA | ACC: TM_6 | SYMBOL: NQH24 | RAW: 6 | FILLS: 3
FILE: TRADEACTIVITYLOG_2024-03-28_UTC.IPS_TM_6.DATA | ACC: IPS_TM_6 | SYMBOL: NQM24 | RAW: 117 | FILLS: 59
DEBUG: Running _parse_file_nitro on C:\Model-\TradeActivityLogs-tm_6\TradeActivityLog_2024-03-28_UTC.TM_6.data with Adaptive Ghost logic...
DEBUG: Running _parse_file_nitro on C:\Model-\TradeActivityLogs-tm_6\TradeActivityLog_2024-04-16_UTC.TM_6.data with Adaptive Ghost logic...
FILE: TRADEACTIVITYLOG_2024-04-03_UTC.IPS_TM_6.DATA | ACC: IPS_TM_6 | SYMBOL: NQM24 | RAW: 150 | FILLS: 75
FILE: TRADEACTIVITYLOG_2024-04-08_UTC.TM_6.DATA | ACC: TM_6 | SYMBOL: NQM24 | RAW: 183 | FILLS: 92
DEBUG: Running _parse_file_nitro on C:\Model-\TradeActivityLogs-tm_6\TradeActivityLog_2024-04-03_UTC.TM_6.data with Adaptive Ghost logic...
DEBUG: Running _parse_file_nitro on C:\Model-\TradeActivityLogs-tm_6\TradeActivityLog_2024-04-09_UTC.IPS_TM_6.data with Adaptive Ghost logic...
FILE: TRADEACTIVITYLOG_2024-03-21_UTC.IPS_TM_6.DATA | ACC: IPS_TM_6 | SYMBOL: NQM24 | RAW: 186 | FILLS: 93
DEBUG: Running _parse_file_nitro on C:\Model-\TradeActivityLogs-tm_6\TradeActivityLog_2024-03-21_UTC.TM_6.data with Adaptive Ghost logic...
FILE: TRADEACTIVITYLOG_2024-04-04_UTC.IPS_TM_6.DATA | ACC: IPS_TM_6 | SYMBOL: NQM24 | RAW: 266 | FILLS: 136
DEBUG: Running _parse_file_nitro on C:\Model-\TradeActivityLogs-tm_6\TradeActivityLog_2024-04-04_UTC.TM_6.data with Adaptive Ghost logic...
FILE: TRADEACTIVITYLOG_2024-03-18_UTC.TM_6.DATA | ACC: TM_6 | SYMBOL: NQM24 | RAW: 240 | FILLS: 120
DEBUG: Running _parse_file_nitro on C:\Model-\TradeActivityLogs-tm_6\TradeActivityLog_2024-04-21_UTC.IPS_TM_6.data with Adaptive Ghost logic...
FILE: TRADEACTIVITYLOG_2024-03-28_UTC.TM_6.DATA | ACC: TM_6 | SYMBOL: NQM24 | RAW: 117 | FILLS: 59
DEBUG: Running _parse_file_nitro on C:\Model-\TradeActivityLogs-tm_6\TradeActivityLog_2024-03-31_UTC.IPS_TM_6.data with Adaptive Ghost logic...
FILE: TRADEACTIVITYLOG_2024-04-16_UTC.TM_6.DATA | ACC: TM_6 | SYMBOL: NQM24 | RAW: 200 | FILLS: 100
DEBUG: Running _parse_file_nitro on C:\Model-\TradeActivityLogs-tm_6\TradeActivityLog_2024-04-17_UTC.IPS_TM_6.data with Adaptive Ghost logic...
FILE: TRADEACTIVITYLOG_2024-04-12_UTC.IPS_TM_6.DATA | ACC: IPS_TM_6 | SYMBOL: NQM24 | RAW: 250 | FILLS: 125
DEBUG: Running _parse_file_nitro on C:\Model-\TradeActivityLogs-tm_6\TradeActivityLog_2024-04-12_UTC.TM_6.data with Adaptive Ghost logic...
FILE: TRADEACTIVITYLOG_2024-04-21_UTC.IPS_TM_6.DATA | ACC: IPS_TM_6 | SYMBOL: NQM24 | RAW: 8 | FILLS: 4
DEBUG: Running _parse_file_nitro on C:\Model-\TradeActivityLogs-tm_6\TradeActivityLog_2024-04-21_UTC.TM_6.data with Adaptive Ghost logic...
FILE: TRADEACTIVITYLOG_2024-04-03_UTC.TM_6.DATA | ACC: TM_6 | SYMBOL: NQM24 | RAW: 150 | FILLS: 75
DEBUG: Running _parse_file_nitro on C:\Model-\TradeActivityLogs-tm_6\TradeActivityLog_2024-04-24_UTC.TM_6.data with Adaptive Ghost logic...
FILE: TRADEACTIVITYLOG_2024-04-09_UTC.IPS_TM_6.DATA | ACC: IPS_TM_6 | SYMBOL: NQM24 | RAW: 178 | FILLS: 89
DEBUG: Running _parse_file_nitro on C:\Model-\TradeActivityLogs-tm_6\TradeActivityLog_2024-04-09_UTC.TM_6.data with Adaptive Ghost logic...
FILE: TRADEACTIVITYLOG_2024-03-21_UTC.TM_6.DATA | ACC: TM_6 | SYMBOL: NQM24 | RAW: 186 | FILLS: 93
FILE: TRADEACTIVITYLOG_2024-03-31_UTC.IPS_TM_6.DATA | ACC: IPS_TM_6 | SYMBOL: NQM24 | RAW: 4 | FILLS: 2
DEBUG: Running _parse_file_nitro on C:\Model-\TradeActivityLogs-tm_6\TradeActivityLog_2024-03-22_UTC.IPS_TM_6.data with Adaptive Ghost logic...
DEBUG: Running _parse_file_nitro on C:\Model-\TradeActivityLogs-tm_6\TradeActivityLog_2024-04-28_UTC.IPS_TM_6.data with Adaptive Ghost logic...
FILE: TRADEACTIVITYLOG_2024-04-21_UTC.TM_6.DATA | ACC: TM_6 | SYMBOL: NQM24 | RAW: 8 | FILLS: 4
DEBUG: Running _parse_file_nitro on C:\Model-\TradeActivityLogs-tm_6\TradeActivityLog_2024-04-22_UTC.IPS_TM_6.data with Adaptive Ghost logic...
FILE: TRADEACTIVITYLOG_2024-04-04_UTC.TM_6.DATA | ACC: TM_6 | SYMBOL: NQM24 | RAW: 266 | FILLS: 136
DEBUG: Running _parse_file_nitro on C:\Model-\TradeActivityLogs-tm_6\TradeActivityLog_2024-04-05_UTC.IPS_TM_6.data with Adaptive Ghost logic...
FILE: TRADEACTIVITYLOG_2024-04-28_UTC.IPS_TM_6.DATA | ACC: IPS_TM_6 | SYMBOL: NQM24 | RAW: 6 | FILLS: 3
DEBUG: Running _parse_file_nitro on C:\Model-\TradeActivityLogs-tm_6\TradeActivityLog_2024-04-28_UTC.TM_6.data with Adaptive Ghost logic...
FILE: TRADEACTIVITYLOG_2024-04-17_UTC.IPS_TM_6.DATA | ACC: IPS_TM_6 | SYMBOL: NQM24 | RAW: 214 | FILLS: 107
DEBUG: Running _parse_file_nitro on C:\Model-\TradeActivityLogs-tm_6\TradeActivityLog_2024-04-17_UTC.TM_6.data with Adaptive Ghost logic...
FILE: TRADEACTIVITYLOG_2024-04-12_UTC.TM_6.DATA | ACC: TM_6 | SYMBOL: NQM24 | RAW: 250 | FILLS: 125
DEBUG: Running _parse_file_nitro on C:\Model-\TradeActivityLogs-tm_6\TradeActivityLog_2024-04-14_UTC.IPS_TM_6.data with Adaptive Ghost logic...
FILE: TRADEACTIVITYLOG_2024-04-24_UTC.TM_6.DATA | ACC: TM_6 | SYMBOL: NQM24 | RAW: 210 | FILLS: 109
DEBUG: Running _parse_file_nitro on C:\Model-\TradeActivityLogs-tm_6\TradeActivityLog_2024-04-25_UTC.IPS_TM_6.data with Adaptive Ghost logic...
FILE: TRADEACTIVITYLOG_2024-04-28_UTC.TM_6.DATA | ACC: TM_6 | SYMBOL: NQM24 | RAW: 6 | FILLS: 3
DEBUG: Running _parse_file_nitro on C:\Model-\TradeActivityLogs-tm_6\TradeActivityLog_2024-04-29_UTC.IPS_TM_6.data with Adaptive Ghost logic...
FILE: TRADEACTIVITYLOG_2024-04-09_UTC.TM_6.DATA | ACC: TM_6 | SYMBOL: NQM24 | RAW: 174 | FILLS: 87
DEBUG: Running _parse_file_nitro on C:\Model-\TradeActivityLogs-tm_6\TradeActivityLog_2024-04-10_UTC.IPS_TM_6.data with Adaptive Ghost logic...
FILE: TRADEACTIVITYLOG_2024-03-22_UTC.IPS_TM_6.DATA | ACC: IPS_TM_6 | SYMBOL: NQM24 | RAW: 189 | FILLS: 104
DEBUG: Running _parse_file_nitro on C:\Model-\TradeActivityLogs-tm_6\TradeActivityLog_2024-05-01_UTC.TM_6.data with Adaptive Ghost logic...
FILE: TRADEACTIVITYLOG_2024-04-14_UTC.IPS_TM_6.DATA | ACC: IPS_TM_6 | SYMBOL: NQM24 | RAW: 6 | FILLS: 3
DEBUG: Running _parse_file_nitro on C:\Model-\TradeActivityLogs-tm_6\TradeActivityLog_2024-04-14_UTC.TM_6.data with Adaptive Ghost logic...
FILE: TRADEACTIVITYLOG_2024-04-22_UTC.IPS_TM_6.DATA | ACC: IPS_TM_6 | SYMBOL: NQM24 | RAW: 210 | FILLS: 105
DEBUG: Running _parse_file_nitro on C:\Model-\TradeActivityLogs-tm_6\TradeActivityLog_2024-04-22_UTC.TM_6.data with Adaptive Ghost logic...
FILE: TRADEACTIVITYLOG_2024-04-05_UTC.IPS_TM_6.DATA | ACC: IPS_TM_6 | SYMBOL: NQM24 | RAW: 276 | FILLS: 138
DEBUG: Running _parse_file_nitro on C:\Model-\TradeActivityLogs-tm_6\TradeActivityLog_2024-04-05_UTC.TM_6.data with Adaptive Ghost logic...
FILE: TRADEACTIVITYLOG_2024-04-14_UTC.TM_6.DATA | ACC: TM_6 | SYMBOL: NQM24 | RAW: 6 | FILLS: 3
DEBUG: Running _parse_file_nitro on C:\Model-\TradeActivityLogs-tm_6\TradeActivityLog_2024-04-15_UTC.IPS_TM_6.data with Adaptive Ghost logic...
FILE: TRADEACTIVITYLOG_2024-04-17_UTC.TM_6.DATA | ACC: TM_6 | SYMBOL: NQM24 | RAW: 230 | FILLS: 115
DEBUG: Running _parse_file_nitro on C:\Model-\TradeActivityLogs-tm_6\TradeActivityLog_2024-04-18_UTC.IPS_TM_6.data with Adaptive Ghost logic...
FILE: TRADEACTIVITYLOG_2024-04-29_UTC.IPS_TM_6.DATA | ACC: IPS_TM_6 | SYMBOL: NQM24 | RAW: 140 | FILLS: 70
DEBUG: Running _parse_file_nitro on C:\Model-\TradeActivityLogs-tm_6\TradeActivityLog_2024-04-29_UTC.TM_6.data with Adaptive Ghost logic...
FILE: TRADEACTIVITYLOG_2024-04-25_UTC.IPS_TM_6.DATA | ACC: IPS_TM_6 | SYMBOL: NQM24 | RAW: 180 | FILLS: 90
DEBUG: Running _parse_file_nitro on C:\Model-\TradeActivityLogs-tm_6\TradeActivityLog_2024-04-25_UTC.TM_6.data with Adaptive Ghost logic...
FILE: TRADEACTIVITYLOG_2024-04-10_UTC.IPS_TM_6.DATA | ACC: IPS_TM_6 | SYMBOL: NQM24 | RAW: 200 | FILLS: 100
DEBUG: Running _parse_file_nitro on C:\Model-\TradeActivityLogs-tm_6\TradeActivityLog_2024-04-10_UTC.TM_6.data with Adaptive Ghost logic...
FILE: TRADEACTIVITYLOG_2024-05-01_UTC.TM_6.DATA | ACC: TM_6 | SYMBOL: NQM24 | RAW: 250 | FILLS: 125
DEBUG: Running _parse_file_nitro on C:\Model-\TradeActivityLogs-tm_6\TradeActivityLog_2024-05-02_UTC.IPS_TM_6.data with Adaptive Ghost logic...
FILE: TRADEACTIVITYLOG_2024-04-22_UTC.TM_6.DATA | ACC: TM_6 | SYMBOL: NQM24 | RAW: 210 | FILLS: 105
DEBUG: Running _parse_file_nitro on C:\Model-\TradeActivityLogs-tm_6\TradeActivityLog_2024-04-23_UTC.IPS_TM_6.data with Adaptive Ghost logic...
FILE: TRADEACTIVITYLOG_2024-04-29_UTC.TM_6.DATA | ACC: TM_6 | SYMBOL: NQM24 | RAW: 138 | FILLS: 69
DEBUG: Running _parse_file_nitro on C:\Model-\TradeActivityLogs-tm_6\TradeActivityLog_2024-04-30_UTC.IPS_TM_6.data with Adaptive Ghost logic...
FILE: TRADEACTIVITYLOG_2024-04-05_UTC.TM_6.DATA | ACC: TM_6 | SYMBOL: NQM24 | RAW: 276 | FILLS: 138
DEBUG: Running _parse_file_nitro on C:\Model-\TradeActivityLogs-tm_6\TradeActivityLog_2024-04-07_UTC.IPS_TM_6.data with Adaptive Ghost logic...
FILE: TRADEACTIVITYLOG_2024-04-18_UTC.IPS_TM_6.DATA | ACC: IPS_TM_6 | SYMBOL: NQM24 | RAW: 208 | FILLS: 104
DEBUG: Running _parse_file_nitro on C:\Model-\TradeActivityLogs-tm_6\TradeActivityLog_2024-04-18_UTC.TM_6.data with Adaptive Ghost logic...
FILE: TRADEACTIVITYLOG_2024-04-10_UTC.TM_6.DATA | ACC: TM_6 | SYMBOL: NQM24 | RAW: 200 | FILLS: 100
DEBUG: Running _parse_file_nitro on C:\Model-\TradeActivityLogs-tm_6\TradeActivityLog_2024-04-11_UTC.IPS_TM_6.data with Adaptive Ghost logic...
FILE: TRADEACTIVITYLOG_2024-04-15_UTC.IPS_TM_6.DATA | ACC: IPS_TM_6 | SYMBOL: NQM24 | RAW: 253 | FILLS: 137
FILE: TRADEACTIVITYLOG_2024-04-25_UTC.TM_6.DATA | ACC: TM_6 | SYMBOL: NQM24 | RAW: 184 | FILLS: 92
DEBUG: Running _parse_file_nitro on C:\Model-\TradeActivityLogs-tm_6\TradeActivityLog_2024-04-15_UTC.TM_6.data with Adaptive Ghost logic...
DEBUG: Running _parse_file_nitro on C:\Model-\TradeActivityLogs-tm_6\TradeActivityLog_2024-04-26_UTC.IPS_TM_6.data with Adaptive Ghost logic...
FILE: TRADEACTIVITYLOG_2024-05-02_UTC.IPS_TM_6.DATA | ACC: IPS_TM_6 | SYMBOL: NQM24 | RAW: 170 | FILLS: 85
DEBUG: Running _parse_file_nitro on C:\Model-\TradeActivityLogs-tm_6\TradeActivityLog_2024-05-02_UTC.TM_6.data with Adaptive Ghost logic...
FILE: TRADEACTIVITYLOG_2024-04-07_UTC.IPS_TM_6.DATA | ACC: IPS_TM_6 | SYMBOL: NQM24 | RAW: 4 | FILLS: 2
DEBUG: Running _parse_file_nitro on C:\Model-\TradeActivityLogs-tm_6\TradeActivityLog_2024-04-07_UTC.TM_6.data with Adaptive Ghost logic...
FILE: TRADEACTIVITYLOG_2024-04-23_UTC.IPS_TM_6.DATA | ACC: IPS_TM_6 | SYMBOL: NQM24 | RAW: 178 | FILLS: 89
DEBUG: Running _parse_file_nitro on C:\Model-\TradeActivityLogs-tm_6\TradeActivityLog_2024-04-23_UTC.TM_6.data with Adaptive Ghost logic...
FILE: TRADEACTIVITYLOG_2024-04-07_UTC.TM_6.DATA | ACC: TM_6 | SYMBOL: NQM24 | RAW: 4 | FILLS: 2
DEBUG: Running _parse_file_nitro on C:\Model-\TradeActivityLogs-tm_6\TradeActivityLog_2024-04-08_UTC.IPS_TM_6.data with Adaptive Ghost logic...
FILE: TRADEACTIVITYLOG_2024-04-30_UTC.IPS_TM_6.DATA | ACC: IPS_TM_6 | SYMBOL: NQM24 | RAW: 254 | FILLS: 127
DEBUG: Running _parse_file_nitro on C:\Model-\TradeActivityLogs-tm_6\TradeActivityLog_2024-04-30_UTC.TM_6.data with Adaptive Ghost logic...
FILE: TRADEACTIVITYLOG_2024-04-18_UTC.TM_6.DATA | ACC: TM_6 | SYMBOL: NQM24 | RAW: 202 | FILLS: 101
DEBUG: Running _parse_file_nitro on C:\Model-\TradeActivityLogs-tm_6\TradeActivityLog_2024-04-19_UTC.IPS_TM_6.data with Adaptive Ghost logic...
FILE: TRADEACTIVITYLOG_2024-04-26_UTC.IPS_TM_6.DATA | ACC: IPS_TM_6 | SYMBOL: NQM24 | RAW: 116 | FILLS: 58
DEBUG: Running _parse_file_nitro on C:\Model-\TradeActivityLogs-tm_6\TradeActivityLog_2024-04-26_UTC.TM_6.data with Adaptive Ghost logic...
FILE: TRADEACTIVITYLOG_2024-05-02_UTC.TM_6.DATA | ACC: TM_6 | SYMBOL: NQM24 | RAW: 170 | FILLS: 85
DEBUG: Running _parse_file_nitro on C:\Model-\TradeActivityLogs-tm_6\TradeActivityLog_2024-05-03_UTC.IPS_TM_6.data with Adaptive Ghost logic...
FILE: TRADEACTIVITYLOG_2024-04-11_UTC.IPS_TM_6.DATA | ACC: IPS_TM_6 | SYMBOL: NQM24 | RAW: 236 | FILLS: 118
DEBUG: Running _parse_file_nitro on C:\Model-\TradeActivityLogs-tm_6\TradeActivityLog_2024-04-11_UTC.TM_6.data with Adaptive Ghost logic...
FILE: TRADEACTIVITYLOG_2024-04-23_UTC.TM_6.DATA | ACC: TM_6 | SYMBOL: NQM24 | RAW: 188 | FILLS: 94
DEBUG: Running _parse_file_nitro on C:\Model-\TradeActivityLogs-tm_6\TradeActivityLog_2024-04-24_UTC.IPS_TM_6.data with Adaptive Ghost logic...
FILE: TRADEACTIVITYLOG_2024-04-15_UTC.TM_6.DATA | ACC: TM_6 | SYMBOL: NQM24 | RAW: 253 | FILLS: 137
DEBUG: Running _parse_file_nitro on C:\Model-\TradeActivityLogs-tm_6\TradeActivityLog_2024-04-16_UTC.IPS_TM_6.data with Adaptive Ghost logic...
FILE: TRADEACTIVITYLOG_2024-04-08_UTC.IPS_TM_6.DATA | ACC: IPS_TM_6 | SYMBOL: NQM24 | RAW: 181 | FILLS: 91
DEBUG: Running _parse_file_nitro on C:\Model-\TradeActivityLogs-tm_6\TradeActivityLog_2024-05-06_UTC.IPS_TM_6.data with Adaptive Ghost logic...
FILE: TRADEACTIVITYLOG_2024-04-26_UTC.TM_6.DATA | ACC: TM_6 | SYMBOL: NQM24 | RAW: 116 | FILLS: 58
DEBUG: Running _parse_file_nitro on C:\Model-\TradeActivityLogs-tm_6\TradeActivityLog_2024-04-27_UTC.IPS_TM_6.data with Adaptive Ghost logic...
FILE: TRADEACTIVITYLOG_2024-05-03_UTC.IPS_TM_6.DATA | ACC: IPS_TM_6 | SYMBOL: NQM24 | RAW: 156 | FILLS: 78
DEBUG: Running _parse_file_nitro on C:\Model-\TradeActivityLogs-tm_6\TradeActivityLog_2024-05-03_UTC.TM_6.data with Adaptive Ghost logic...
FILE: TRADEACTIVITYLOG_2024-04-30_UTC.TM_6.DATA | ACC: TM_6 | SYMBOL: NQM24 | RAW: 252 | FILLS: 126
DEBUG: Running _parse_file_nitro on C:\Model-\TradeActivityLogs-tm_6\TradeActivityLog_2024-05-01_UTC.IPS_TM_6.data with Adaptive Ghost logic...
FILE: TRADEACTIVITYLOG_2024-04-11_UTC.TM_6.DATA | ACC: TM_6 | SYMBOL: NQM24 | RAW: 238 | FILLS: 119
FILE: TRADEACTIVITYLOG_2024-04-27_UTC.IPS_TM_6.DATA | ACC: IPS_TM_6 | SYMBOL: Unknown | RAW: 0 | FILLS: 0
FILE: TRADEACTIVITYLOG_2024-04-24_UTC.IPS_TM_6.DATA | ACC: IPS_TM_6 | SYMBOL: NQM24 | RAW: 198 | FILLS: 103
DEBUG: Running _parse_file_nitro on C:\Model-\TradeActivityLogs-tm_6\TradeActivityLog_2024-04-27_UTC.TM_6.data with Adaptive Ghost logic...
FILE: TRADEACTIVITYLOG_2024-04-16_UTC.IPS_TM_6.DATA | ACC: IPS_TM_6 | SYMBOL: NQM24 | RAW: 196 | FILLS: 98
DEBUG: Running _parse_file_nitro on C:\Model-\TradeActivityLogs-tm_6\TradeActivityLog_2024-05-09_UTC.TM_6.data with Adaptive Ghost logic...
FILE: TRADEACTIVITYLOG_2024-05-06_UTC.IPS_TM_6.DATA | ACC: IPS_TM_6 | SYMBOL: NQM24 | RAW: 90 | FILLS: 45
DEBUG: Running _parse_file_nitro on C:\Model-\TradeActivityLogs-tm_6\TradeActivityLog_2024-05-06_UTC.TM_6.data with Adaptive Ghost logic...
DEBUG: Running _parse_file_nitro on C:\Model-\TradeActivityLogs-tm_6\TradeActivityLog_2024-05-15_UTC.IPS_TM_6.data with Adaptive Ghost logic...
DEBUG: Running _parse_file_nitro on C:\Model-\TradeActivityLogs-tm_6\TradeActivityLog_2024-05-19_UTC.TM_6.data with Adaptive Ghost logic...
FILE: TRADEACTIVITYLOG_2024-04-19_UTC.IPS_TM_6.DATA | ACC: IPS_TM_6 | SYMBOL: NQM24 | RAW: 341 | FILLS: 188
DEBUG: Running _parse_file_nitro on C:\Model-\TradeActivityLogs-tm_6\TradeActivityLog_2024-04-19_UTC.TM_6.data with Adaptive Ghost logic...
FILE: TRADEACTIVITYLOG_2024-04-27_UTC.TM_6.DATA | ACC: TM_6 | SYMBOL: Unknown | RAW: 0 | FILLS: 0
DEBUG: Running _parse_file_nitro on C:\Model-\TradeActivityLogs-tm_6\TradeActivityLog_2024-05-23_UTC.CL-IPS_TM_6.data with Adaptive Ghost logic...
FILE: TRADEACTIVITYLOG_2024-05-03_UTC.TM_6.DATA | ACC: TM_6 | SYMBOL: NQM24 | RAW: 156 | FILLS: 78
DEBUG: Running _parse_file_nitro on C:\Model-\TradeActivityLogs-tm_6\TradeActivityLog_2024-05-05_UTC.IPS_TM_6.data with Adaptive Ghost logic...
FILE: TRADEACTIVITYLOG_2024-05-19_UTC.TM_6.DATA | ACC: TM_6 | SYMBOL: NQM24 | RAW: 4 | FILLS: 2
DEBUG: Running _parse_file_nitro on C:\Model-\TradeActivityLogs-tm_6\TradeActivityLog_2024-05-20_UTC.IPS_TM_6.data with Adaptive Ghost logic...
FILE: TRADEACTIVITYLOG_2024-05-06_UTC.TM_6.DATA | ACC: TM_6 | SYMBOL: NQM24 | RAW: 90 | FILLS: 45
DEBUG: Running _parse_file_nitro on C:\Model-\TradeActivityLogs-tm_6\TradeActivityLog_2024-05-07_UTC.IPS_TM_6.data with Adaptive Ghost logic...
FILE: TRADEACTIVITYLOG_2024-05-23_UTC.CL-IPS_TM_6.DATA | ACC: CL-IPS_TM_6 | SYMBOL: CL | RAW: 0 | FILLS: 0
DEBUG: Running _parse_file_nitro on C:\Model-\TradeActivityLogs-tm_6\TradeActivityLog_2024-05-23_UTC.CL-TM_6.data with Adaptive Ghost logic...
FILE: TRADEACTIVITYLOG_2024-05-01_UTC.IPS_TM_6.DATA | ACC: IPS_TM_6 | SYMBOL: NQM24 | RAW: 250 | FILLS: 125
FILE: TRADEACTIVITYLOG_2024-05-05_UTC.IPS_TM_6.DATA | ACC: IPS_TM_6 | SYMBOL: Unknown | RAW: 0 | FILLS: 0
DEBUG: Running _parse_file_nitro on C:\Model-\TradeActivityLogs-tm_6\TradeActivityLog_2024-05-05_UTC.TM_6.data with Adaptive Ghost logic...
DEBUG: Running _parse_file_nitro on C:\Model-\TradeActivityLogs-tm_6\TradeActivityLog_2024-05-23_UTC.ZB-TM_6.data with Adaptive Ghost logic...
FILE: TRADEACTIVITYLOG_2024-05-09_UTC.TM_6.DATA | ACC: TM_6 | SYMBOL: NQM24 | RAW: 158 | FILLS: 79
DEBUG: Running _parse_file_nitro on C:\Model-\TradeActivityLogs-tm_6\TradeActivityLog_2024-05-10_UTC.IPS_TM_6.data with Adaptive Ghost logic...
FILE: TRADEACTIVITYLOG_2024-05-15_UTC.IPS_TM_6.DATA | ACC: IPS_TM_6 | SYMBOL: NQM24 | RAW: 252 | FILLS: 126
DEBUG: Running _parse_file_nitro on C:\Model-\TradeActivityLogs-tm_6\TradeActivityLog_2024-05-15_UTC.TM_6.data with Adaptive Ghost logic...
FILE: TRADEACTIVITYLOG_2024-05-23_UTC.CL-TM_6.DATA | ACC: CL-TM_6 | SYMBOL: CL | RAW: 0 | FILLS: 0
DEBUG: Running _parse_file_nitro on C:\Model-\TradeActivityLogs-tm_6\TradeActivityLog_2024-05-23_UTC.ES-IPS_TM_6.data with Adaptive Ghost logic...
FILE: TRADEACTIVITYLOG_2024-05-05_UTC.TM_6.DATA | ACC: TM_6 | SYMBOL: Unknown | RAW: 0 | FILLS: 0
FILE: TRADEACTIVITYLOG_2024-05-23_UTC.ZB-TM_6.DATA | ACC: ZB-TM_6 | SYMBOL: Unknown | RAW: 0 | FILLS: 0
DEBUG: Running _parse_file_nitro on C:\Model-\TradeActivityLogs-tm_6\TradeActivityLog_2024-05-24_UTC.ZB-IPS_TM_6.data with Adaptive Ghost logic...
FILE: TRADEACTIVITYLOG_2024-05-20_UTC.IPS_TM_6.DATA | ACC: IPS_TM_6 | SYMBOL: NQM24 | RAW: 130 | FILLS: 65
DEBUG: Running _parse_file_nitro on C:\Model-\TradeActivityLogs-tm_6\TradeActivityLog_2024-05-24_UTC.CL-IPS_TM_6.data with Adaptive Ghost logic...
DEBUG: Running _parse_file_nitro on C:\Model-\TradeActivityLogs-tm_6\TradeActivityLog_2024-05-20_UTC.TM_6.data with Adaptive Ghost logic...
FILE: TRADEACTIVITYLOG_2024-05-07_UTC.IPS_TM_6.DATA | ACC: IPS_TM_6 | SYMBOL: NQM24 | RAW: 124 | FILLS: 62
DEBUG: Running _parse_file_nitro on C:\Model-\TradeActivityLogs-tm_6\TradeActivityLog_2024-05-07_UTC.TM_6.data with Adaptive Ghost logic...
FILE: TRADEACTIVITYLOG_2024-05-23_UTC.ES-IPS_TM_6.DATA | ACC: ES-IPS_TM_6 | SYMBOL: ES | RAW: 0 | FILLS: 0
DEBUG: Running _parse_file_nitro on C:\Model-\TradeActivityLogs-tm_6\TradeActivityLog_2024-05-23_UTC.ES-TM_6.data with Adaptive Ghost logic...
FILE: TRADEACTIVITYLOG_2024-05-10_UTC.IPS_TM_6.DATA | ACC: IPS_TM_6 | SYMBOL: NQM24 | RAW: 124 | FILLS: 62
FILE: TRADEACTIVITYLOG_2024-05-24_UTC.ZB-IPS_TM_6.DATA | ACC: ZB-IPS_TM_6 | SYMBOL: Unknown | RAW: 0 | FILLS: 0
DEBUG: Running _parse_file_nitro on C:\Model-\TradeActivityLogs-tm_6\TradeActivityLog_2024-05-10_UTC.TM_6.data with Adaptive Ghost logic...
DEBUG: Running _parse_file_nitro on C:\Model-\TradeActivityLogs-tm_6\TradeActivityLog_2024-05-24_UTC.ZB-TM_6.data with Adaptive Ghost logic...
FILE: TRADEACTIVITYLOG_2024-05-24_UTC.CL-IPS_TM_6.DATA | ACC: CL-IPS_TM_6 | SYMBOL: CL | RAW: 0 | FILLS: 0
DEBUG: Running _parse_file_nitro on C:\Model-\TradeActivityLogs-tm_6\TradeActivityLog_2024-05-24_UTC.CL-TM_6.data with Adaptive Ghost logic...
FILE: TRADEACTIVITYLOG_2024-04-19_UTC.TM_6.DATA | ACC: TM_6 | SYMBOL: NQM24 | RAW: 348 | FILLS: 192
DEBUG: Running _parse_file_nitro on C:\Model-\TradeActivityLogs-tm_6\TradeActivityLog_2024-05-25_UTC.TM_6.data with Adaptive Ghost logic...
FILE: TRADEACTIVITYLOG_2024-05-24_UTC.ZB-TM_6.DATA | ACC: ZB-TM_6 | SYMBOL: Unknown | RAW: 0 | FILLS: 0
FILE: TRADEACTIVITYLOG_2024-05-20_UTC.TM_6.DATA | ACC: TM_6 | SYMBOL: NQM24 | RAW: 130 | FILLS: 65
DEBUG: Running _parse_file_nitro on C:\Model-\TradeActivityLogs-tm_6\TradeActivityLog_2024-05-25_UTC.CL-IPS_TM_6.data with Adaptive Ghost logic...
DEBUG: Running _parse_file_nitro on C:\Model-\TradeActivityLogs-tm_6\TradeActivityLog_2024-05-21_UTC.IPS_TM_6.data with Adaptive Ghost logic...
FILE: TRADEACTIVITYLOG_2024-05-24_UTC.CL-TM_6.DATA | ACC: CL-TM_6 | SYMBOL: CL | RAW: 0 | FILLS: 0
DEBUG: Running _parse_file_nitro on C:\Model-\TradeActivityLogs-tm_6\TradeActivityLog_2024-05-24_UTC.ES-IPS_TM_6.data with Adaptive Ghost logic...
FILE: TRADEACTIVITYLOG_2024-05-15_UTC.TM_6.DATA | ACC: TM_6 | SYMBOL: NQM24 | RAW: 242 | FILLS: 121
DEBUG: Running _parse_file_nitro on C:\Model-\TradeActivityLogs-tm_6\TradeActivityLog_2024-05-16_UTC.IPS_TM_6.data with Adaptive Ghost logic...
FILE: TRADEACTIVITYLOG_2024-05-25_UTC.TM_6.DATA | ACC: TM_6 | SYMBOL: Unknown | RAW: 0 | FILLS: 0
DEBUG: Running _parse_file_nitro on C:\Model-\TradeActivityLogs-tm_6\TradeActivityLog_2024-05-25_UTC.ZB-IPS_TM_6.data with Adaptive Ghost logic...
FILE: TRADEACTIVITYLOG_2024-05-07_UTC.TM_6.DATA | ACC: TM_6 | SYMBOL: NQM24 | RAW: 124 | FILLS: 62
FILE: TRADEACTIVITYLOG_2024-05-23_UTC.ES-TM_6.DATA | ACC: ES-TM_6 | SYMBOL: ESM24 | RAW: 103 | FILLS: 52
DEBUG: Running _parse_file_nitro on C:\Model-\TradeActivityLogs-tm_6\TradeActivityLog_2024-05-23_UTC.IPS_TM_6.data with Adaptive Ghost logic...
DEBUG: Running _parse_file_nitro on C:\Model-\TradeActivityLogs-tm_6\TradeActivityLog_2024-05-08_UTC.IPS_TM_6.data with Adaptive Ghost logic...
FILE: TRADEACTIVITYLOG_2024-05-10_UTC.TM_6.DATA | ACC: TM_6 | SYMBOL: NQM24 | RAW: 120 | FILLS: 60
DEBUG: Running _parse_file_nitro on C:\Model-\TradeActivityLogs-tm_6\TradeActivityLog_2024-05-13_UTC.IPS_TM_6.data with Adaptive Ghost logic...
FILE: TRADEACTIVITYLOG_2024-05-25_UTC.ZB-IPS_TM_6.DATA | ACC: ZB-IPS_TM_6 | SYMBOL: Unknown | RAW: 0 | FILLS: 0
DEBUG: Running _parse_file_nitro on C:\Model-\TradeActivityLogs-tm_6\TradeActivityLog_2024-05-25_UTC.ZB-TM_6.data with Adaptive Ghost logic...
FILE: TRADEACTIVITYLOG_2024-05-25_UTC.CL-IPS_TM_6.DATA | ACC: CL-IPS_TM_6 | SYMBOL: CL | RAW: 0 | FILLS: 0
DEBUG: Running _parse_file_nitro on C:\Model-\TradeActivityLogs-tm_6\TradeActivityLog_2024-05-25_UTC.CL-TM_6.data with Adaptive Ghost logic...
FILE: TRADEACTIVITYLOG_2024-05-21_UTC.IPS_TM_6.DATA | ACC: IPS_TM_6 | SYMBOL: NQM24 | RAW: 100 | FILLS: 50
DEBUG: Running _parse_file_nitro on C:\Model-\TradeActivityLogs-tm_6\TradeActivityLog_2024-05-21_UTC.TM_6.data with Adaptive Ghost logic...
FILE: TRADEACTIVITYLOG_2024-05-24_UTC.ES-IPS_TM_6.DATA | ACC: ES-IPS_TM_6 | SYMBOL: ESM24 | RAW: 117 | FILLS: 52
DEBUG: Running _parse_file_nitro on C:\Model-\TradeActivityLogs-tm_6\TradeActivityLog_2024-05-24_UTC.ES-TM_6.data with Adaptive Ghost logic...
FILE: TRADEACTIVITYLOG_2024-05-16_UTC.IPS_TM_6.DATA | ACC: IPS_TM_6 | SYMBOL: NQM24 | RAW: 136 | FILLS: 68
FILE: TRADEACTIVITYLOG_2024-05-25_UTC.ZB-TM_6.DATA | ACC: ZB-TM_6 | SYMBOL: Unknown | RAW: 0 | FILLS: 0
DEBUG: Running _parse_file_nitro on C:\Model-\TradeActivityLogs-tm_6\TradeActivityLog_2024-05-16_UTC.TM_6.data with Adaptive Ghost logic...
DEBUG: Running _parse_file_nitro on C:\Model-\TradeActivityLogs-tm_6\TradeActivityLog_2024-05-26_UTC.CL-IPS_TM_6.data with Adaptive Ghost logic...
FILE: TRADEACTIVITYLOG_2024-05-25_UTC.CL-TM_6.DATA | ACC: CL-TM_6 | SYMBOL: CL | RAW: 0 | FILLS: 0
DEBUG: Running _parse_file_nitro on C:\Model-\TradeActivityLogs-tm_6\TradeActivityLog_2024-05-25_UTC.ES-IPS_TM_6.data with Adaptive Ghost logic...
FILE: TRADEACTIVITYLOG_2024-05-08_UTC.IPS_TM_6.DATA | ACC: IPS_TM_6 | SYMBOL: NQM24 | RAW: 104 | FILLS: 52
DEBUG: Running _parse_file_nitro on C:\Model-\TradeActivityLogs-tm_6\TradeActivityLog_2024-05-08_UTC.TM_6.data with Adaptive Ghost logic...
FILE: TRADEACTIVITYLOG_2024-05-13_UTC.IPS_TM_6.DATA | ACC: IPS_TM_6 | SYMBOL: NQM24 | RAW: 122 | FILLS: 61
DEBUG: Running _parse_file_nitro on C:\Model-\TradeActivityLogs-tm_6\TradeActivityLog_2024-05-13_UTC.TM_6.data with Adaptive Ghost logic...
FILE: TRADEACTIVITYLOG_2024-05-26_UTC.CL-IPS_TM_6.DATA | ACC: CL-IPS_TM_6 | SYMBOL: CL | RAW: 0 | FILLS: 0
DEBUG: Running _parse_file_nitro on C:\Model-\TradeActivityLogs-tm_6\TradeActivityLog_2024-05-26_UTC.CL-TM_6.data with Adaptive Ghost logic...
FILE: TRADEACTIVITYLOG_2024-05-21_UTC.TM_6.DATA | ACC: TM_6 | SYMBOL: NQM24 | RAW: 96 | FILLS: 48
DEBUG: Running _parse_file_nitro on C:\Model-\TradeActivityLogs-tm_6\TradeActivityLog_2024-05-22_UTC.IPS_TM_6.data with Adaptive Ghost logic...
FILE: TRADEACTIVITYLOG_2024-05-25_UTC.ES-IPS_TM_6.DATA | ACC: ES-IPS_TM_6 | SYMBOL: ESM24 | RAW: 0 | FILLS: 0
DEBUG: Running _parse_file_nitro on C:\Model-\TradeActivityLogs-tm_6\TradeActivityLog_2024-05-25_UTC.ES-TM_6.data with Adaptive Ghost logic...
FILE: TRADEACTIVITYLOG_2024-05-23_UTC.IPS_TM_6.DATA | ACC: IPS_TM_6 | SYMBOL: NQM24 | RAW: 267 | FILLS: 134
DEBUG: Running _parse_file_nitro on C:\Model-\TradeActivityLogs-tm_6\TradeActivityLog_2024-05-23_UTC.TM_6.data with Adaptive Ghost logic...
FILE: TRADEACTIVITYLOG_2024-05-24_UTC.ES-TM_6.DATA | ACC: ES-TM_6 | SYMBOL: ESM24 | RAW: 117 | FILLS: 52
DEBUG: Running _parse_file_nitro on C:\Model-\TradeActivityLogs-tm_6\TradeActivityLog_2024-05-24_UTC.IPS_TM_6.data with Adaptive Ghost logic...
FILE: TRADEACTIVITYLOG_2024-05-16_UTC.TM_6.DATA | ACC: TM_6 | SYMBOL: NQM24 | RAW: 136 | FILLS: 68
DEBUG: Running _parse_file_nitro on C:\Model-\TradeActivityLogs-tm_6\TradeActivityLog_2024-05-17_UTC.IPS_TM_6.data with Adaptive Ghost logic...
FILE: TRADEACTIVITYLOG_2024-05-26_UTC.CL-TM_6.DATA | ACC: CL-TM_6 | SYMBOL: CL | RAW: 0 | FILLS: 0
DEBUG: Running _parse_file_nitro on C:\Model-\TradeActivityLogs-tm_6\TradeActivityLog_2024-05-26_UTC.ES-IPS_TM_6.data with Adaptive Ghost logic...
FILE: TRADEACTIVITYLOG_2024-05-25_UTC.ES-TM_6.DATA | ACC: ES-TM_6 | SYMBOL: ESM24 | RAW: 0 | FILLS: 0
FILE: TRADEACTIVITYLOG_2024-05-08_UTC.TM_6.DATA | ACC: TM_6 | SYMBOL: NQM24 | RAW: 104 | FILLS: 52
DEBUG: Running _parse_file_nitro on C:\Model-\TradeActivityLogs-tm_6\TradeActivityLog_2024-05-25_UTC.IPS_TM_6.data with Adaptive Ghost logic...
DEBUG: Running _parse_file_nitro on C:\Model-\TradeActivityLogs-tm_6\TradeActivityLog_2024-05-09_UTC.IPS_TM_6.data with Adaptive Ghost logic...
FILE: TRADEACTIVITYLOG_2024-05-13_UTC.TM_6.DATA | ACC: TM_6 | SYMBOL: NQM24 | RAW: 126 | FILLS: 63
DEBUG: Running _parse_file_nitro on C:\Model-\TradeActivityLogs-tm_6\TradeActivityLog_2024-05-14_UTC.IPS_TM_6.data with Adaptive Ghost logic...
FILE: TRADEACTIVITYLOG_2024-05-26_UTC.ES-IPS_TM_6.DATA | ACC: ES-IPS_TM_6 | SYMBOL: ES | RAW: 0 | FILLS: 0
DEBUG: Running _parse_file_nitro on C:\Model-\TradeActivityLogs-tm_6\TradeActivityLog_2024-05-26_UTC.ES-TM_6.data with Adaptive Ghost logic...
FILE: TRADEACTIVITYLOG_2024-05-22_UTC.IPS_TM_6.DATA | ACC: IPS_TM_6 | SYMBOL: NQM24 | RAW: 152 | FILLS: 78
FILE: TRADEACTIVITYLOG_2024-05-25_UTC.IPS_TM_6.DATA | ACC: IPS_TM_6 | SYMBOL: Unknown | RAW: 0 | FILLS: 0
DEBUG: Running _parse_file_nitro on C:\Model-\TradeActivityLogs-tm_6\TradeActivityLog_2024-05-22_UTC.TM_6.data with Adaptive Ghost logic...
..
FILE: TRADEACTIVITYLOG_2024-05-17_UTC.IPS_TM_6.DATA | ACC: IPS_TM_6 | SYMBOL: NQM24 | RAW: 136 | FILLS: 68
DEBUG: Running _parse_file_nitro on C:\Model-\TradeActivityLogs-tm_6\TradeActivityLog_2024-05-17_UTC.TM_6.data with Adaptive Ghost logic...
FILE: TRADEACTIVITYLOG_2024-05-26_UTC.ES-TM_6.DATA | ACC: ES-TM_6 | SYMBOL: ES | RAW: 0 | FILLS: 0
DEBUG: Running _parse_file_nitro on C:\Model-\TradeActivityLogs-tm_6\TradeActivityLog_2024-05-27_UTC.TM_6.data with Adaptive Ghost logic...
FILE: TRADEACTIVITYLOG_2024-05-26_UTC.IPS_TM_6.DATA | ACC: IPS_TM_6 | SYMBOL: NQM24 | RAW: 0 | FILLS: 0
DEBUG: Running _parse_file_nitro on C:\Model-\TradeActivityLogs-tm_6\TradeActivityLog_2024-05-26_UTC.TM_6.data with Adaptive Ghost logic...
FILE: TRADEACTIVITYLOG_2024-05-09_UTC.IPS_TM_6.DATA | ACC: IPS_TM_6 | SYMBOL: NQM24 | RAW: 158 | FILLS: 79
DEBUG: Running _parse_file_nitro on C:\Model-\TradeActivityLogs-tm_6\TradeActivityLog_2024-05-29_UTC.IPS_TM_6.data with Adaptive Ghost logic...
FILE: TRADEACTIVITYLOG_2024-05-23_UTC.TM_6.DATA | ACC: TM_6 | SYMBOL: NQM24 | RAW: 257 | FILLS: 129
DEBUG: Running _parse_file_nitro on C:\Model-\TradeActivityLogs-tm_6\TradeActivityLog_2024-05-23_UTC.ZB-IPS_TM_6.data with Adaptive Ghost logic...
FILE: TRADEACTIVITYLOG_2024-05-14_UTC.IPS_TM_6.DATA | ACC: IPS_TM_6 | SYMBOL: NQM24 | RAW: 192 | FILLS: 96
DEBUG: Running _parse_file_nitro on C:\Model-\TradeActivityLogs-tm_6\TradeActivityLog_2024-05-14_UTC.TM_6.data with Adaptive Ghost logic...
FILE: TRADEACTIVITYLOG_2024-05-24_UTC.IPS_TM_6.DATA | ACC: IPS_TM_6 | SYMBOL: NQM24 | RAW: 213 | FILLS: 97
DEBUG: Running _parse_file_nitro on C:\Model-\TradeActivityLogs-tm_6\TradeActivityLog_2024-05-24_UTC.TM_6.data with Adaptive Ghost logic...
FILE: TRADEACTIVITYLOG_2024-05-26_UTC.TM_6.DATA | ACC: TM_6 | SYMBOL: NQM24 | RAW: 0 | FILLS: 0
DEBUG: Running _parse_file_nitro on C:\Model-\TradeActivityLogs-tm_6\TradeActivityLog_2024-05-26_UTC.ZB-IPS_TM_6.data with Adaptive Ghost logic...
FILE: TRADEACTIVITYLOG_2024-05-27_UTC.TM_6.DATA | ACC: TM_6 | SYMBOL: NQM24 | RAW: 62 | FILLS: 31
DEBUG: Running _parse_file_nitro on C:\Model-\TradeActivityLogs-tm_6\TradeActivityLog_2024-05-28_UTC.ES-IPS_TM_6.data with Adaptive Ghost logic...
FILE: TRADEACTIVITYLOG_2024-05-23_UTC.ZB-IPS_TM_6.DATA | ACC: ZB-IPS_TM_6 | SYMBOL: Unknown | RAW: 0 | FILLS: 0
FILE: TRADEACTIVITYLOG_2024-05-22_UTC.TM_6.DATA | ACC: TM_6 | SYMBOL: NQM24 | RAW: 152 | FILLS: 78
FILE: TRADEACTIVITYLOG_2024-05-17_UTC.TM_6.DATA | ACC: TM_6 | SYMBOL: NQM24 | RAW: 136 | FILLS: 68
DEBUG: Running _parse_file_nitro on C:\Model-\TradeActivityLogs-tm_6\TradeActivityLog_2024-05-30_UTC.TM_6.data with Adaptive Ghost logic...
DEBUG: Running _parse_file_nitro on C:\Model-\TradeActivityLogs-tm_6\TradeActivityLog_2024-05-19_UTC.IPS_TM_6.data with Adaptive Ghost logic...
DEBUG: Running _parse_file_nitro on C:\Model-\TradeActivityLogs-tm_6\TradeActivityLog_2024-06-02_UTC.CL-IPS_TM_6.data with Adaptive Ghost logic...
FILE: TRADEACTIVITYLOG_2024-05-26_UTC.ZB-IPS_TM_6.DATA | ACC: ZB-IPS_TM_6 | SYMBOL: Unknown | RAW: 0 | FILLS: 0
DEBUG: Running _parse_file_nitro on C:\Model-\TradeActivityLogs-tm_6\TradeActivityLog_2024-05-26_UTC.ZB-TM_6.data with Adaptive Ghost logic...
FILE: TRADEACTIVITYLOG_2024-05-19_UTC.IPS_TM_6.DATA | ACC: IPS_TM_6 | SYMBOL: NQM24 | RAW: 4 | FILLS: 2
FILE: TRADEACTIVITYLOG_2024-05-29_UTC.IPS_TM_6.DATA | ACC: IPS_TM_6 | SYMBOL: NQM24 | RAW: 150 | FILLS: 75
DEBUG: Running _parse_file_nitro on C:\Model-\TradeActivityLogs-tm_6\TradeActivityLog_2024-05-29_UTC.TM_6.data with Adaptive Ghost logic...
FILE: TRADEACTIVITYLOG_2024-06-02_UTC.CL-IPS_TM_6.DATA | ACC: CL-IPS_TM_6 | SYMBOL: CL | RAW: 0 | FILLS: 0
DEBUG: Running _parse_file_nitro on C:\Model-\TradeActivityLogs-tm_6\TradeActivityLog_2024-06-02_UTC.CL-TM_6.data with Adaptive Ghost logic...
FILE: TRADEACTIVITYLOG_2024-05-28_UTC.ES-IPS_TM_6.DATA | ACC: ES-IPS_TM_6 | SYMBOL: ESM24 | RAW: 64 | FILLS: 32
DEBUG: Running _parse_file_nitro on C:\Model-\TradeActivityLogs-tm_6\TradeActivityLog_2024-05-28_UTC.ES-TM_6.data with Adaptive Ghost logic...
FILE: TRADEACTIVITYLOG_2024-05-14_UTC.TM_6.DATA | ACC: TM_6 | SYMBOL: NQM24 | RAW: 192 | FILLS: 96
FILE: TRADEACTIVITYLOG_2024-05-26_UTC.ZB-TM_6.DATA | ACC: ZB-TM_6 | SYMBOL: Unknown | RAW: 0 | FILLS: 0
DEBUG: Running _parse_file_nitro on C:\Model-\TradeActivityLogs-tm_6\TradeActivityLog_2024-05-27_UTC.ES-IPS_TM_6.data with Adaptive Ghost logic...
FILE: TRADEACTIVITYLOG_2024-05-24_UTC.TM_6.DATA | ACC: TM_6 | SYMBOL: NQM24 | RAW: 200 | FILLS: 91
FILE: TRADEACTIVITYLOG_2024-06-02_UTC.CL-TM_6.DATA | ACC: CL-TM_6 | SYMBOL: CL | RAW: 0 | FILLS: 0
DEBUG: Running _parse_file_nitro on C:\Model-\TradeActivityLogs-tm_6\TradeActivityLog_2024-06-02_UTC.ES-IPS_TM_6.data with Adaptive Ghost logic...
FILE: TRADEACTIVITYLOG_2024-05-28_UTC.ES-TM_6.DATA | ACC: ES-TM_6 | SYMBOL: ESM24 | RAW: 64 | FILLS: 32
FILE: TRADEACTIVITYLOG_2024-05-27_UTC.ES-IPS_TM_6.DATA | ACC: ES-IPS_TM_6 | SYMBOL: ESM24 | RAW: 8 | FILLS: 4
DEBUG: Running _parse_file_nitro on C:\Model-\TradeActivityLogs-tm_6\TradeActivityLog_2024-05-28_UTC.IPS_TM_6.data with Adaptive Ghost logic...
DEBUG: Running _parse_file_nitro on C:\Model-\TradeActivityLogs-tm_6\TradeActivityLog_2024-05-27_UTC.ES-TM_6.data with Adaptive Ghost logic...
FILE: TRADEACTIVITYLOG_2024-05-29_UTC.TM_6.DATA | ACC: TM_6 | SYMBOL: NQM24 | RAW: 150 | FILLS: 75
DEBUG: Running _parse_file_nitro on C:\Model-\TradeActivityLogs-tm_6\TradeActivityLog_2024-05-30_UTC.CL-IPS_TM_6.data with Adaptive Ghost logic...
FILE: TRADEACTIVITYLOG_2024-06-02_UTC.ES-IPS_TM_6.DATA | ACC: ES-IPS_TM_6 | SYMBOL: ESM24 | RAW: 6 | FILLS: 3
DEBUG: Running _parse_file_nitro on C:\Model-\TradeActivityLogs-tm_6\TradeActivityLog_2024-06-02_UTC.ES-TM_6.data with Adaptive Ghost logic...
FILE: TRADEACTIVITYLOG_2024-05-30_UTC.TM_6.DATA | ACC: TM_6 | SYMBOL: ZNU24 | RAW: 421 | FILLS: 216
DEBUG: Running _parse_file_nitro on C:\Model-\TradeActivityLogs-tm_6\TradeActivityLog_2024-05-30_UTC.ZB-IPS_TM_6.data with Adaptive Ghost logic...
FILE: TRADEACTIVITYLOG_2024-05-27_UTC.ES-TM_6.DATA | ACC: ES-TM_6 | SYMBOL: ESM24 | RAW: 8 | FILLS: 4
DEBUG: Running _parse_file_nitro on C:\Model-\TradeActivityLogs-tm_6\TradeActivityLog_2024-05-27_UTC.IPS_TM_6.data with Adaptive Ghost logic...
FILE: TRADEACTIVITYLOG_2024-05-30_UTC.CL-IPS_TM_6.DATA | ACC: CL-IPS_TM_6 | SYMBOL: CL | RAW: 0 | FILLS: 0
DEBUG: Running _parse_file_nitro on C:\Model-\TradeActivityLogs-tm_6\TradeActivityLog_2024-05-30_UTC.CL-TM_6.data with Adaptive Ghost logic...
FILE: TRADEACTIVITYLOG_2024-06-02_UTC.ES-TM_6.DATA | ACC: ES-TM_6 | SYMBOL: ESM24 | RAW: 6 | FILLS: 3
FILE: TRADEACTIVITYLOG_2024-05-30_UTC.ZB-IPS_TM_6.DATA | ACC: ZB-IPS_TM_6 | SYMBOL: Unknown | RAW: 0 | FILLS: 0
DEBUG: Running _parse_file_nitro on C:\Model-\TradeActivityLogs-tm_6\TradeActivityLog_2024-05-30_UTC.ZB-TM_6.data with Adaptive Ghost logic...
FILE: TRADEACTIVITYLOG_2024-05-30_UTC.CL-TM_6.DATA | ACC: CL-TM_6 | SYMBOL: CL | RAW: 0 | FILLS: 0
DEBUG: Running _parse_file_nitro on C:\Model-\TradeActivityLogs-tm_6\TradeActivityLog_2024-05-30_UTC.ES-IPS_TM_6.data with Adaptive Ghost logic...
FILE: TRADEACTIVITYLOG_2024-05-27_UTC.IPS_TM_6.DATA | ACC: IPS_TM_6 | SYMBOL: NQM24 | RAW: 62 | FILLS: 31
FILE: TRADEACTIVITYLOG_2024-05-30_UTC.ZB-TM_6.DATA | ACC: ZB-TM_6 | SYMBOL: Unknown | RAW: 0 | FILLS: 0
DEBUG: Running _parse_file_nitro on C:\Model-\TradeActivityLogs-tm_6\TradeActivityLog_2024-05-31_UTC.ES-IPS_TM_6.data with Adaptive Ghost logic...
FILE: TRADEACTIVITYLOG_2024-05-28_UTC.IPS_TM_6.DATA | ACC: IPS_TM_6 | SYMBOL: NQM24 | RAW: 322 | FILLS: 162
DEBUG: Running _parse_file_nitro on C:\Model-\TradeActivityLogs-tm_6\TradeActivityLog_2024-05-28_UTC.TM_6.data with Adaptive Ghost logic...
FILE: TRADEACTIVITYLOG_2024-05-30_UTC.ES-IPS_TM_6.DATA | ACC: ES-IPS_TM_6 | SYMBOL: ESM24 | RAW: 59 | FILLS: 31
DEBUG: Running _parse_file_nitro on C:\Model-\TradeActivityLogs-tm_6\TradeActivityLog_2024-05-30_UTC.ES-TM_6.data with Adaptive Ghost logic...
FILE: TRADEACTIVITYLOG_2024-05-30_UTC.ES-TM_6.DATA | ACC: ES-TM_6 | SYMBOL: ESM24 | RAW: 59 | FILLS: 31
DEBUG: Running _parse_file_nitro on C:\Model-\TradeActivityLogs-tm_6\TradeActivityLog_2024-05-30_UTC.IPS_TM_6.data with Adaptive Ghost logic...
FILE: TRADEACTIVITYLOG_2024-05-31_UTC.ES-IPS_TM_6.DATA | ACC: ES-IPS_TM_6 | SYMBOL: ESM24 | RAW: 208 | FILLS: 104
DEBUG: Running _parse_file_nitro on C:\Model-\TradeActivityLogs-tm_6\TradeActivityLog_2024-05-31_UTC.ES-TM_6.data with Adaptive Ghost logic...
FILE: TRADEACTIVITYLOG_2024-05-28_UTC.TM_6.DATA | ACC: TM_6 | SYMBOL: ZNM24 | RAW: 318 | FILLS: 159
DEBUG: Running _parse_file_nitro on C:\Model-\TradeActivityLogs-tm_6\TradeActivityLog_2024-05-29_UTC.ES-IPS_TM_6.data with Adaptive Ghost logic...
FILE: TRADEACTIVITYLOG_2024-05-31_UTC.ES-TM_6.DATA | ACC: ES-TM_6 | SYMBOL: ESM24 | RAW: 212 | FILLS: 106
DEBUG: Running _parse_file_nitro on C:\Model-\TradeActivityLogs-tm_6\TradeActivityLog_2024-05-31_UTC.IPS_TM_6.data with Adaptive Ghost logic...
FILE: TRADEACTIVITYLOG_2024-05-29_UTC.ES-IPS_TM_6.DATA | ACC: ES-IPS_TM_6 | SYMBOL: ESM24 | RAW: 94 | FILLS: 47
DEBUG: Running _parse_file_nitro on C:\Model-\TradeActivityLogs-tm_6\TradeActivityLog_2024-05-29_UTC.ES-TM_6.data with Adaptive Ghost logic...
FILE: TRADEACTIVITYLOG_2024-05-30_UTC.IPS_TM_6.DATA | ACC: IPS_TM_6 | SYMBOL: ZNU24 | RAW: 393 | FILLS: 201
FILE: TRADEACTIVITYLOG_2024-05-29_UTC.ES-TM_6.DATA | ACC: ES-TM_6 | SYMBOL: ESM24 | RAW: 90 | FILLS: 45
FILE: TRADEACTIVITYLOG_2024-05-31_UTC.IPS_TM_6.DATA | ACC: IPS_TM_6 | SYMBOL: ZBU24 | RAW: 328 | FILLS: 164
DEBUG: Running _parse_file_nitro on C:\Model-\TradeActivityLogs-tm_6\TradeActivityLog_2024-05-31_UTC.TM_6.data with Adaptive Ghost logic...
FILE: TRADEACTIVITYLOG_2024-05-31_UTC.TM_6.DATA | ACC: TM_6 | SYMBOL: ZNU24 | RAW: 334 | FILLS: 167
DEBUG: Running _parse_file_nitro on C:\Model-\TradeActivityLogs-tm_6\TradeActivityLog_19702-07-19_UTC.ES-IPS_TM_6.data with Adaptive Ghost logic...
DEBUG: Running _parse_file_nitro on C:\Model-\TradeActivityLogs-tm_6\TradeActivityLog_2024-04-22_UTC.TM_6.data with Adaptive Ghost logic...
DEBUG: Running _parse_file_nitro on C:\Model-\TradeActivityLogs-tm_6\TradeActivityLog_2024-05-27_UTC.IPS_TM_6.data with Adaptive Ghost logic...
DEBUG: Running _parse_file_nitro on C:\Model-\TradeActivityLogs-tm_6\TradeActivityLog_2024-06-13_UTC.TM_6.data with Adaptive Ghost logic...
DEBUG: Running _parse_file_nitro on C:\Model-\TradeActivityLogs-tm_6\TradeActivityLog_2024-06-27_UTC.IPS_TM_6.data with Adaptive Ghost logic...
DEBUG: Running _parse_file_nitro on C:\Model-\TradeActivityLogs-tm_6\TradeActivityLog_2024-07-11_UTC.ZB-TM_6.data with Adaptive Ghost logic...
DEBUG: Running _parse_file_nitro on C:\Model-\TradeActivityLogs-tm_6\TradeActivityLog_2024-07-25_UTC.ES-TM_6.data with Adaptive Ghost logic...
DEBUG: Running _parse_file_nitro on C:\Model-\TradeActivityLogs-tm_6\TradeActivityLog_2024-08-09_UTC.ES-IPS_TM_6.data with Adaptive Ghost logic...
DEBUG: Running _parse_file_nitro on C:\Model-\TradeActivityLogs-tm_6\TradeActivityLog_2024-08-30_UTC.ES-TM_6.data with Adaptive Ghost logic...
ERROR: TradeActivityLog_19702-07-19_UTC.ES-IPS_TM_6.data -> [Errno 22] Invalid argument
DEBUG: Running _parse_file_nitro on C:\Model-\TradeActivityLogs-tm_6\TradeActivityLog_19767-09-24_UTC.TM_6.data with Adaptive Ghost logic...
DEBUG: Running _parse_file_nitro on C:\Model-\TradeActivityLogs-tm_6\TradeActivityLog_2024-09-18_UTC.ZB-IPS_TM_6.data with Adaptive Ghost logic...
FILE: TRADEACTIVITYLOG_2024-07-11_UTC.ZB-TM_6.DATA | ACC: ZB-TM_6 | SYMBOL: Unknown | RAW: 0 | FILLS: 0
DEBUG: Running _parse_file_nitro on C:\Model-\TradeActivityLogs-tm_6\TradeActivityLog_2024-07-12_UTC.ES-IPS_TM_6.data with Adaptive Ghost logic...
FILE: TRADEACTIVITYLOG_2024-08-09_UTC.ES-IPS_TM_6.DATA | ACC: ES-IPS_TM_6 | SYMBOL: ESU24 | RAW: 0 | FILLS: 0
DEBUG: Running _parse_file_nitro on C:\Model-\TradeActivityLogs-tm_6\TradeActivityLog_2024-08-09_UTC.ES-TM_6.data with Adaptive Ghost logic...
FILE: TRADEACTIVITYLOG_2024-09-18_UTC.ZB-IPS_TM_6.DATA | ACC: ZB-IPS_TM_6 | SYMBOL: Unknown | RAW: 0 | FILLS: 0
DEBUG: Running _parse_file_nitro on C:\Model-\TradeActivityLogs-tm_6\TradeActivityLog_2024-09-18_UTC.ZB-TM_6.data with Adaptive Ghost logic...
ERROR: TradeActivityLog_19767-09-24_UTC.TM_6.data -> [Errno 22] Invalid argument
DEBUG: Running _parse_file_nitro on C:\Model-\TradeActivityLogs-tm_6\TradeActivityLog_19789-04-23_UTC.IPS_TM_6.data with Adaptive Ghost logic...
FILE: TRADEACTIVITYLOG_2024-05-27_UTC.IPS_TM_6.DATA | ACC: IPS_TM_6 | SYMBOL: NQM24 | RAW: 62 | FILLS: 31
DEBUG: Running _parse_file_nitro on C:\Model-\TradeActivityLogs-tm_6\TradeActivityLog_2024-05-27_UTC.TM_6.data with Adaptive Ghost logic...
FILE: TRADEACTIVITYLOG_2024-08-30_UTC.ES-TM_6.DATA | ACC: ES-TM_6 | SYMBOL: ESU24 | RAW: 60 | FILLS: 30
DEBUG: Running _parse_file_nitro on C:\Model-\TradeActivityLogs-tm_6\TradeActivityLog_2024-08-30_UTC.IPS_TM_6.data with Adaptive Ghost logic...
FILE: TRADEACTIVITYLOG_2024-08-09_UTC.ES-TM_6.DATA | ACC: ES-TM_6 | SYMBOL: ESU24 | RAW: 0 | FILLS: 0
FILE: TRADEACTIVITYLOG_2024-07-25_UTC.ES-TM_6.DATA | ACC: ES-TM_6 | SYMBOL: ESU24 | RAW: 88 | FILLS: 44
DEBUG: Running _parse_file_nitro on C:\Model-\TradeActivityLogs-tm_6\TradeActivityLog_2024-08-09_UTC.IPS_TM_6.data with Adaptive Ghost logic...
DEBUG: Running _parse_file_nitro on C:\Model-\TradeActivityLogs-tm_6\TradeActivityLog_2024-07-25_UTC.IPS_TM_6.data with Adaptive Ghost logic...
FILE: TRADEACTIVITYLOG_2024-09-18_UTC.ZB-TM_6.DATA | ACC: ZB-TM_6 | SYMBOL: Unknown | RAW: 0 | FILLS: 0
DEBUG: Running _parse_file_nitro on C:\Model-\TradeActivityLogs-tm_6\TradeActivityLog_2024-09-19_UTC.CL-IPS_TM_6.data with Adaptive Ghost logic...
ERROR: TradeActivityLog_19789-04-23_UTC.IPS_TM_6.data -> [Errno 22] Invalid argument
DEBUG: Running _parse_file_nitro on C:\Model-\TradeActivityLogs-tm_6\TradeActivityLog_2024-03-03_UTC.IPS_TM_6.data with Adaptive Ghost logic...
FILE: TRADEACTIVITYLOG_2024-07-12_UTC.ES-IPS_TM_6.DATA | ACC: ES-IPS_TM_6 | SYMBOL: ESU24 | RAW: 62 | FILLS: 31
DEBUG: Running _parse_file_nitro on C:\Model-\TradeActivityLogs-tm_6\TradeActivityLog_2024-07-12_UTC.ES-TM_6.data with Adaptive Ghost logic...
FILE: TRADEACTIVITYLOG_2024-04-22_UTC.TM_6.DATA | ACC: TM_6 | SYMBOL: NQM24 | RAW: 210 | FILLS: 105
DEBUG: Running _parse_file_nitro on C:\Model-\TradeActivityLogs-tm_6\TradeActivityLog_2024-04-23_UTC.IPS_TM_6.data with Adaptive Ghost logic...
FILE: TRADEACTIVITYLOG_2024-05-27_UTC.TM_6.DATA | ACC: TM_6 | SYMBOL: NQM24 | RAW: 62 | FILLS: 31
DEBUG: Running _parse_file_nitro on C:\Model-\TradeActivityLogs-tm_6\TradeActivityLog_2024-05-28_UTC.ES-IPS_TM_6.data with Adaptive Ghost logic...
FILE: TRADEACTIVITYLOG_2024-09-19_UTC.CL-IPS_TM_6.DATA | ACC: CL-IPS_TM_6 | SYMBOL: CL | RAW: 0 | FILLS: 0
DEBUG: Running _parse_file_nitro on C:\Model-\TradeActivityLogs-tm_6\TradeActivityLog_2024-09-19_UTC.CL-TM_6.data with Adaptive Ghost logic...
FILE: TRADEACTIVITYLOG_2024-06-13_UTC.TM_6.DATA | ACC: TM_6 | SYMBOL: NQM24 | RAW: 353 | FILLS: 178
DEBUG: Running _parse_file_nitro on C:\Model-\TradeActivityLogs-tm_6\TradeActivityLog_2024-06-13_UTC.ZB-IPS_TM_6.data with Adaptive Ghost logic...
FILE: TRADEACTIVITYLOG_2024-03-03_UTC.IPS_TM_6.DATA | ACC: IPS_TM_6 | SYMBOL: NQH24 | RAW: 8 | FILLS: 4
DEBUG: Running _parse_file_nitro on C:\Model-\TradeActivityLogs-tm_6\TradeActivityLog_2024-03-04_UTC.IPS_TM_6.data with Adaptive Ghost logic...
FILE: TRADEACTIVITYLOG_2024-06-27_UTC.IPS_TM_6.DATA | ACC: IPS_TM_6 | SYMBOL: NQU24 | RAW: 318 | FILLS: 160
DEBUG: Running _parse_file_nitro on C:\Model-\TradeActivityLogs-tm_6\TradeActivityLog_2024-06-27_UTC.TM_6.data with Adaptive Ghost logic...
FILE: TRADEACTIVITYLOG_2024-09-19_UTC.CL-TM_6.DATA | ACC: CL-TM_6 | SYMBOL: CL | RAW: 0 | FILLS: 0
DEBUG: Running _parse_file_nitro on C:\Model-\TradeActivityLogs-tm_6\TradeActivityLog_2024-09-19_UTC.ES-IPS_TM_6.data with Adaptive Ghost logic...
FILE: TRADEACTIVITYLOG_2024-06-13_UTC.ZB-IPS_TM_6.DATA | ACC: ZB-IPS_TM_6 | SYMBOL: Unknown | RAW: 0 | FILLS: 0
DEBUG: Running _parse_file_nitro on C:\Model-\TradeActivityLogs-tm_6\TradeActivityLog_2024-06-13_UTC.ZB-TM_6.data with Adaptive Ghost logic...
FILE: TRADEACTIVITYLOG_2024-05-28_UTC.ES-IPS_TM_6.DATA | ACC: ES-IPS_TM_6 | SYMBOL: ESM24 | RAW: 64 | FILLS: 32
DEBUG: Running _parse_file_nitro on C:\Model-\TradeActivityLogs-tm_6\TradeActivityLog_2024-05-28_UTC.ES-TM_6.data with Adaptive Ghost logic...
FILE: TRADEACTIVITYLOG_2024-07-12_UTC.ES-TM_6.DATA | ACC: ES-TM_6 | SYMBOL: ESU24 | RAW: 62 | FILLS: 31
DEBUG: Running _parse_file_nitro on C:\Model-\TradeActivityLogs-tm_6\TradeActivityLog_2024-07-12_UTC.IPS_TM_6.data with Adaptive Ghost logic...
FILE: TRADEACTIVITYLOG_2024-08-30_UTC.IPS_TM_6.DATA | ACC: IPS_TM_6 | SYMBOL: NQU24 | RAW: 184 | FILLS: 92
DEBUG: Running _parse_file_nitro on C:\Model-\TradeActivityLogs-tm_6\TradeActivityLog_2024-08-30_UTC.TM_6.data with Adaptive Ghost logic...
FILE: TRADEACTIVITYLOG_2024-08-09_UTC.IPS_TM_6.DATA | ACC: IPS_TM_6 | SYMBOL: NQU24 | RAW: 204 | FILLS: 105
DEBUG: Running _parse_file_nitro on C:\Model-\TradeActivityLogs-tm_6\TradeActivityLog_2024-08-09_UTC.TM_6.data with Adaptive Ghost logic...
FILE: TRADEACTIVITYLOG_2024-04-23_UTC.IPS_TM_6.DATA | ACC: IPS_TM_6 | SYMBOL: NQM24 | RAW: 178 | FILLS: 89
DEBUG: Running _parse_file_nitro on C:\Model-\TradeActivityLogs-tm_6\TradeActivityLog_2024-04-23_UTC.TM_6.data with Adaptive Ghost logic...
FILE: TRADEACTIVITYLOG_2024-06-13_UTC.ZB-TM_6.DATA | ACC: ZB-TM_6 | SYMBOL: Unknown | RAW: 0 | FILLS: 0
DEBUG: Running _parse_file_nitro on C:\Model-\TradeActivityLogs-tm_6\TradeActivityLog_2024-06-14_UTC.CL-IPS_TM_6.data with Adaptive Ghost logic...
FILE: TRADEACTIVITYLOG_2024-09-19_UTC.ES-IPS_TM_6.DATA | ACC: ES-IPS_TM_6 | SYMBOL: ESZ24 | RAW: 70 | FILLS: 35
DEBUG: Running _parse_file_nitro on C:\Model-\TradeActivityLogs-tm_6\TradeActivityLog_2024-09-19_UTC.ES-TM_6.data with Adaptive Ghost logic...
FILE: TRADEACTIVITYLOG_2024-05-28_UTC.ES-TM_6.DATA | ACC: ES-TM_6 | SYMBOL: ESM24 | RAW: 64 | FILLS: 32
DEBUG: Running _parse_file_nitro on C:\Model-\TradeActivityLogs-tm_6\TradeActivityLog_2024-05-28_UTC.IPS_TM_6.data with Adaptive Ghost logic...
FILE: TRADEACTIVITYLOG_2024-08-30_UTC.TM_6.DATA | ACC: TM_6 | SYMBOL: NQU24 | RAW: 56 | FILLS: 28
DEBUG: Running _parse_file_nitro on C:\Model-\TradeActivityLogs-tm_6\TradeActivityLog_2024-09-01_UTC.CL-IPS_TM_6.data with Adaptive Ghost logic...
FILE: TRADEACTIVITYLOG_2024-08-09_UTC.TM_6.DATA | ACC: TM_6 | SYMBOL: CLU24 | RAW: 52 | FILLS: 26
DEBUG: Running _parse_file_nitro on C:\Model-\TradeActivityLogs-tm_6\TradeActivityLog_2024-08-09_UTC.ZB-TM_6.data with Adaptive Ghost logic...
FILE: TRADEACTIVITYLOG_2024-06-14_UTC.CL-IPS_TM_6.DATA | ACC: CL-IPS_TM_6 | SYMBOL: CL | RAW: 0 | FILLS: 0
DEBUG: Running _parse_file_nitro on C:\Model-\TradeActivityLogs-tm_6\TradeActivityLog_2024-06-14_UTC.CL-TM_6.data with Adaptive Ghost logic...
FILE: TRADEACTIVITYLOG_2024-07-12_UTC.IPS_TM_6.DATA | ACC: IPS_TM_6 | SYMBOL: NQU24 | RAW: 180 | FILLS: 148
DEBUG: Running _parse_file_nitro on C:\Model-\TradeActivityLogs-tm_6\TradeActivityLog_2024-07-12_UTC.TM_6.data with Adaptive Ghost logic...
FILE: TRADEACTIVITYLOG_2024-03-04_UTC.IPS_TM_6.DATA | ACC: IPS_TM_6 | SYMBOL: NQH24 | RAW: 192 | FILLS: 96
DEBUG: Running _parse_file_nitro on C:\Model-\TradeActivityLogs-tm_6\TradeActivityLog_2024-03-05_UTC.IPS_TM_6.data with Adaptive Ghost logic...
FILE: TRADEACTIVITYLOG_2024-09-19_UTC.ES-TM_6.DATA | ACC: ES-TM_6 | SYMBOL: ESZ24 | RAW: 70 | FILLS: 35
DEBUG: Running _parse_file_nitro on C:\Model-\TradeActivityLogs-tm_6\TradeActivityLog_2024-09-19_UTC.IPS_TM_6.data with Adaptive Ghost logic...
FILE: TRADEACTIVITYLOG_2024-09-01_UTC.CL-IPS_TM_6.DATA | ACC: CL-IPS_TM_6 | SYMBOL: CL | RAW: 0 | FILLS: 0
DEBUG: Running _parse_file_nitro on C:\Model-\TradeActivityLogs-tm_6\TradeActivityLog_2024-09-01_UTC.CL-TM_6.data with Adaptive Ghost logic...
FILE: TRADEACTIVITYLOG_2024-06-14_UTC.CL-TM_6.DATA | ACC: CL-TM_6 | SYMBOL: CL | RAW: 0 | FILLS: 0
DEBUG: Running _parse_file_nitro on C:\Model-\TradeActivityLogs-tm_6\TradeActivityLog_2024-06-14_UTC.ES-IPS_TM_6.data with Adaptive Ghost logic...
FILE: TRADEACTIVITYLOG_2024-04-23_UTC.TM_6.DATA | ACC: TM_6 | SYMBOL: NQM24 | RAW: 188 | FILLS: 94
FILE: TRADEACTIVITYLOG_2024-08-09_UTC.ZB-TM_6.DATA | ACC: ZB-TM_6 | SYMBOL: CLU24 | RAW: 12 | FILLS: 6
FILE: TRADEACTIVITYLOG_2024-06-27_UTC.TM_6.DATA | ACC: TM_6 | SYMBOL: NQU24 | RAW: 314 | FILLS: 158
DEBUG: Running _parse_file_nitro on C:\Model-\TradeActivityLogs-tm_6\TradeActivityLog_2024-08-11_UTC.CL-IPS_TM_6.data with Adaptive Ghost logic...
FILE: TRADEACTIVITYLOG_2024-09-01_UTC.CL-TM_6.DATA | ACC: CL-TM_6 | SYMBOL: CL | RAW: 0 | FILLS: 0
DEBUG: Running _parse_file_nitro on C:\Model-\TradeActivityLogs-tm_6\TradeActivityLog_2024-09-01_UTC.ES-IPS_TM_6.data with Adaptive Ghost logic...
DEBUG: Running _parse_file_nitro on C:\Model-\TradeActivityLogs-tm_6\TradeActivityLog_2024-06-27_UTC.ZB-IPS_TM_6.data with Adaptive Ghost logic...
FILE: TRADEACTIVITYLOG_2024-07-12_UTC.TM_6.DATA | ACC: TM_6 | SYMBOL: NQU24 | RAW: 114 | FILLS: 82
DEBUG: Running _parse_file_nitro on C:\Model-\TradeActivityLogs-tm_6\TradeActivityLog_2024-07-13_UTC.CL-IPS_TM_6.data with Adaptive Ghost logic...
FILE: TRADEACTIVITYLOG_2024-06-27_UTC.ZB-IPS_TM_6.DATA | ACC: ZB-IPS_TM_6 | SYMBOL: Unknown | RAW: 0 | FILLS: 0
DEBUG: Running _parse_file_nitro on C:\Model-\TradeActivityLogs-tm_6\TradeActivityLog_2024-06-27_UTC.ZB-TM_6.data with Adaptive Ghost logic...
FILE: TRADEACTIVITYLOG_2024-08-11_UTC.CL-IPS_TM_6.DATA | ACC: CL-IPS_TM_6 | SYMBOL: CL | RAW: 0 | FILLS: 0
DEBUG: Running _parse_file_nitro on C:\Model-\TradeActivityLogs-tm_6\TradeActivityLog_2024-08-11_UTC.CL-TM_6.data with Adaptive Ghost logic...
FILE: TRADEACTIVITYLOG_2024-09-01_UTC.ES-IPS_TM_6.DATA | ACC: ES-IPS_TM_6 | SYMBOL: ES | RAW: 0 | FILLS: 0
DEBUG: Running _parse_file_nitro on C:\Model-\TradeActivityLogs-tm_6\TradeActivityLog_2024-09-01_UTC.ES-TM_6.data with Adaptive Ghost logic...
FILE: TRADEACTIVITYLOG_2024-05-28_UTC.IPS_TM_6.DATA | ACC: IPS_TM_6 | SYMBOL: NQM24 | RAW: 322 | FILLS: 162
FILE: TRADEACTIVITYLOG_2024-07-13_UTC.CL-IPS_TM_6.DATA | ACC: CL-IPS_TM_6 | SYMBOL: CL | RAW: 0 | FILLS: 0
DEBUG: Running _parse_file_nitro on C:\Model-\TradeActivityLogs-tm_6\TradeActivityLog_2024-07-13_UTC.CL-TM_6.data with Adaptive Ghost logic...
DEBUG: Running _parse_file_nitro on C:\Model-\TradeActivityLogs-tm_6\TradeActivityLog_2024-05-28_UTC.TM_6.data with Adaptive Ghost logic...
FILE: TRADEACTIVITYLOG_2024-06-27_UTC.ZB-TM_6.DATA | ACC: ZB-TM_6 | SYMBOL: Unknown | RAW: 0 | FILLS: 0
DEBUG: Running _parse_file_nitro on C:\Model-\TradeActivityLogs-tm_6\TradeActivityLog_2024-06-28_UTC.CL-IPS_TM_6.data with Adaptive Ghost logic...
FILE: TRADEACTIVITYLOG_2024-09-19_UTC.IPS_TM_6.DATA | ACC: IPS_TM_6 | SYMBOL: CLX24 | RAW: 250 | FILLS: 125
FILE: TRADEACTIVITYLOG_2024-08-11_UTC.CL-TM_6.DATA | ACC: CL-TM_6 | SYMBOL: CL | RAW: 0 | FILLS: 0
DEBUG: Running _parse_file_nitro on C:\Model-\TradeActivityLogs-tm_6\TradeActivityLog_2024-08-11_UTC.ES-IPS_TM_6.data with Adaptive Ghost logic...
DEBUG: Running _parse_file_nitro on C:\Model-\TradeActivityLogs-tm_6\TradeActivityLog_2024-09-19_UTC.TM_6.data with Adaptive Ghost logic...
FILE: TRADEACTIVITYLOG_2024-03-05_UTC.IPS_TM_6.DATA | ACC: IPS_TM_6 | SYMBOL: NQH24 | RAW: 300 | FILLS: 150
DEBUG: Running _parse_file_nitro on C:\Model-\TradeActivityLogs-tm_6\TradeActivityLog_2024-03-06_UTC.IPS_TM_6.data with Adaptive Ghost logic...
FILE: TRADEACTIVITYLOG_2024-09-01_UTC.ES-TM_6.DATA | ACC: ES-TM_6 | SYMBOL: ES | RAW: 0 | FILLS: 0
FILE: TRADEACTIVITYLOG_2024-06-14_UTC.ES-IPS_TM_6.DATA | ACC: ES-IPS_TM_6 | SYMBOL: ESM24 | RAW: 134 | FILLS: 53
DEBUG: Running _parse_file_nitro on C:\Model-\TradeActivityLogs-tm_6\TradeActivityLog_2024-06-14_UTC.ES-TM_6.data with Adaptive Ghost logic...
DEBUG: Running _parse_file_nitro on C:\Model-\TradeActivityLogs-tm_6\TradeActivityLog_2024-09-01_UTC.IPS_TM_6.data with Adaptive Ghost logic...
FILE: TRADEACTIVITYLOG_2024-07-13_UTC.CL-TM_6.DATA | ACC: CL-TM_6 | SYMBOL: CL | RAW: 0 | FILLS: 0
DEBUG: Running _parse_file_nitro on C:\Model-\TradeActivityLogs-tm_6\TradeActivityLog_2024-07-13_UTC.ES-IPS_TM_6.data with Adaptive Ghost logic...
FILE: TRADEACTIVITYLOG_2024-06-28_UTC.CL-IPS_TM_6.DATA | ACC: CL-IPS_TM_6 | SYMBOL: CL | RAW: 0 | FILLS: 0
DEBUG: Running _parse_file_nitro on C:\Model-\TradeActivityLogs-tm_6\TradeActivityLog_2024-06-28_UTC.CL-TM_6.data with Adaptive Ghost logic...
FILE: TRADEACTIVITYLOG_2024-08-11_UTC.ES-IPS_TM_6.DATA | ACC: ES-IPS_TM_6 | SYMBOL: ES | RAW: 0 | FILLS: 0
DEBUG: Running _parse_file_nitro on C:\Model-\TradeActivityLogs-tm_6\TradeActivityLog_2024-08-11_UTC.ES-TM_6.data with Adaptive Ghost logic...
FILE: TRADEACTIVITYLOG_2024-04-24_UTC.IPS_TM_6.DATA | ACC: IPS_TM_6 | SYMBOL: NQM24 | RAW: 198 | FILLS: 103
DEBUG: Running _parse_file_nitro on C:\Model-\TradeActivityLogs-tm_6\TradeActivityLog_2024-04-24_UTC.TM_6.data with Adaptive Ghost logic...
FILE: TRADEACTIVITYLOG_2024-07-13_UTC.ES-IPS_TM_6.DATA | ACC: ES-IPS_TM_6 | SYMBOL: ES | RAW: 0 | FILLS: 0
DEBUG: Running _parse_file_nitro on C:\Model-\TradeActivityLogs-tm_6\TradeActivityLog_2024-07-13_UTC.ES-TM_6.data with Adaptive Ghost logic...
FILE: TRADEACTIVITYLOG_2024-09-01_UTC.IPS_TM_6.DATA | ACC: IPS_TM_6 | SYMBOL: Unknown | RAW: 0 | FILLS: 0
DEBUG: Running _parse_file_nitro on C:\Model-\TradeActivityLogs-tm_6\TradeActivityLog_2024-09-01_UTC.TM_6.data with Adaptive Ghost logic...
FILE: TRADEACTIVITYLOG_2024-06-28_UTC.CL-TM_6.DATA | ACC: CL-TM_6 | SYMBOL: CL | RAW: 0 | FILLS: 0
FILE: TRADEACTIVITYLOG_2024-08-11_UTC.ES-TM_6.DATA | ACC: ES-TM_6 | SYMBOL: ES | RAW: 0 | FILLS: 0
DEBUG: Running _parse_file_nitro on C:\Model-\TradeActivityLogs-tm_6\TradeActivityLog_2024-06-28_UTC.ES-IPS_TM_6.data with Adaptive Ghost logic...
DEBUG: Running _parse_file_nitro on C:\Model-\TradeActivityLogs-tm_6\TradeActivityLog_2024-08-11_UTC.IPS_TM_6.data with Adaptive Ghost logic...
FILE: TRADEACTIVITYLOG_2024-07-13_UTC.ES-TM_6.DATA | ACC: ES-TM_6 | SYMBOL: ES | RAW: 0 | FILLS: 0
DEBUG: Running _parse_file_nitro on C:\Model-\TradeActivityLogs-tm_6\TradeActivityLog_2024-07-13_UTC.IPS_TM_6.data with Adaptive Ghost logic...
FILE: TRADEACTIVITYLOG_2024-09-01_UTC.TM_6.DATA | ACC: TM_6 | SYMBOL: NQU24 | RAW: 0 | FILLS: 0
DEBUG: Running _parse_file_nitro on C:\Model-\TradeActivityLogs-tm_6\TradeActivityLog_2024-09-01_UTC.ZB-IPS_TM_6.data with Adaptive Ghost logic...
FILE: TRADEACTIVITYLOG_2024-06-14_UTC.ES-TM_6.DATA | ACC: ES-TM_6 | SYMBOL: ESM24 | RAW: 126 | FILLS: 51
DEBUG: Running _parse_file_nitro on C:\Model-\TradeActivityLogs-tm_6\TradeActivityLog_2024-06-14_UTC.IPS_TM_6.data with Adaptive Ghost logic...
FILE: TRADEACTIVITYLOG_2024-03-06_UTC.IPS_TM_6.DATA | ACC: IPS_TM_6 | SYMBOL: NQH24 | RAW: 264 | FILLS: 135
DEBUG: Running _parse_file_nitro on C:\Model-\TradeActivityLogs-tm_6\TradeActivityLog_2024-03-07_UTC.IPS_TM_6.data with Adaptive Ghost logic...
FILE: TRADEACTIVITYLOG_2024-08-11_UTC.IPS_TM_6.DATA | ACC: IPS_TM_6 | SYMBOL: NQU24 | RAW: 12 | FILLS: 6
DEBUG: Running _parse_file_nitro on C:\Model-\TradeActivityLogs-tm_6\TradeActivityLog_2024-08-11_UTC.TM_6.data with Adaptive Ghost logic...
FILE: TRADEACTIVITYLOG_2024-07-13_UTC.IPS_TM_6.DATA | ACC: IPS_TM_6 | SYMBOL: Unknown | RAW: 0 | FILLS: 0
DEBUG: Running _parse_file_nitro on C:\Model-\TradeActivityLogs-tm_6\TradeActivityLog_2024-07-13_UTC.TM_6.data with Adaptive Ghost logic...
FILE: TRADEACTIVITYLOG_2024-05-28_UTC.TM_6.DATA | ACC: TM_6 | SYMBOL: ZNM24 | RAW: 318 | FILLS: 159
FILE: TRADEACTIVITYLOG_2024-06-28_UTC.ES-IPS_TM_6.DATA | ACC: ES-IPS_TM_6 | SYMBOL: ESU24 | RAW: 80 | FILLS: 40
DEBUG: Running _parse_file_nitro on C:\Model-\TradeActivityLogs-tm_6\TradeActivityLog_2024-05-29_UTC.ES-IPS_TM_6.data with Adaptive Ghost logic...
FILE: TRADEACTIVITYLOG_2024-09-01_UTC.ZB-IPS_TM_6.DATA | ACC: ZB-IPS_TM_6 | SYMBOL: Unknown | RAW: 0 | FILLS: 0
DEBUG: Running _parse_file_nitro on C:\Model-\TradeActivityLogs-tm_6\TradeActivityLog_2024-09-01_UTC.ZB-TM_6.data with Adaptive Ghost logic...
DEBUG: Running _parse_file_nitro on C:\Model-\TradeActivityLogs-tm_6\TradeActivityLog_2024-06-28_UTC.ES-TM_6.data with Adaptive Ghost logic...
FILE: TRADEACTIVITYLOG_2024-04-24_UTC.TM_6.DATA | ACC: TM_6 | SYMBOL: NQM24 | RAW: 210 | FILLS: 109
DEBUG: Running _parse_file_nitro on C:\Model-\TradeActivityLogs-tm_6\TradeActivityLog_2024-04-25_UTC.IPS_TM_6.data with Adaptive Ghost logic...
FILE: TRADEACTIVITYLOG_2024-07-13_UTC.TM_6.DATA | ACC: TM_6 | SYMBOL: Unknown | RAW: 0 | FILLS: 0
DEBUG: Running _parse_file_nitro on C:\Model-\TradeActivityLogs-tm_6\TradeActivityLog_2024-07-13_UTC.ZB-IPS_TM_6.data with Adaptive Ghost logic...
FILE: TRADEACTIVITYLOG_2024-08-11_UTC.TM_6.DATA | ACC: TM_6 | SYMBOL: NQU24 | RAW: 16 | FILLS: 8
DEBUG: Running _parse_file_nitro on C:\Model-\TradeActivityLogs-tm_6\TradeActivityLog_2024-08-11_UTC.ZB-IPS_TM_6.data with Adaptive Ghost logic...
FILE: TRADEACTIVITYLOG_2024-09-01_UTC.ZB-TM_6.DATA | ACC: ZB-TM_6 | SYMBOL: Unknown | RAW: 0 | FILLS: 0
DEBUG: Running _parse_file_nitro on C:\Model-\TradeActivityLogs-tm_6\TradeActivityLog_2024-09-02_UTC.CL-IPS_TM_6.data with Adaptive Ghost logic...
FILE: TRADEACTIVITYLOG_2024-09-19_UTC.TM_6.DATA | ACC: TM_6 | SYMBOL: NQZ24 | RAW: 98 | FILLS: 49
FILE: TRADEACTIVITYLOG_2024-07-13_UTC.ZB-IPS_TM_6.DATA | ACC: ZB-IPS_TM_6 | SYMBOL: Unknown | RAW: 0 | FILLS: 0
DEBUG: Running _parse_file_nitro on C:\Model-\TradeActivityLogs-tm_6\TradeActivityLog_2024-09-19_UTC.ZB-IPS_TM_6.data with Adaptive Ghost logic...
DEBUG: Running _parse_file_nitro on C:\Model-\TradeActivityLogs-tm_6\TradeActivityLog_2024-07-13_UTC.ZB-TM_6.data with Adaptive Ghost logic...
FILE: TRADEACTIVITYLOG_2024-05-29_UTC.ES-IPS_TM_6.DATA | ACC: ES-IPS_TM_6 | SYMBOL: ESM24 | RAW: 94 | FILLS: 47
DEBUG: Running _parse_file_nitro on C:\Model-\TradeActivityLogs-tm_6\TradeActivityLog_2024-05-29_UTC.ES-TM_6.data with Adaptive Ghost logic...
FILE: TRADEACTIVITYLOG_2024-08-11_UTC.ZB-IPS_TM_6.DATA | ACC: ZB-IPS_TM_6 | SYMBOL: Unknown | RAW: 0 | FILLS: 0
DEBUG: Running _parse_file_nitro on C:\Model-\TradeActivityLogs-tm_6\TradeActivityLog_2024-08-11_UTC.ZB-TM_6.data with Adaptive Ghost logic...
FILE: TRADEACTIVITYLOG_2024-06-28_UTC.ES-TM_6.DATA | ACC: ES-TM_6 | SYMBOL: ESU24 | RAW: 80 | FILLS: 40
DEBUG: Running _parse_file_nitro on C:\Model-\TradeActivityLogs-tm_6\TradeActivityLog_2024-06-28_UTC.IPS_TM_6.data with Adaptive Ghost logic...
FILE: TRADEACTIVITYLOG_2024-03-07_UTC.IPS_TM_6.DATA | ACC: IPS_TM_6 | SYMBOL: NQH24 | RAW: 238 | FILLS: 119
DEBUG: Running _parse_file_nitro on C:\Model-\TradeActivityLogs-tm_6\TradeActivityLog_2024-03-08_UTC.IPS_TM_6.data with Adaptive Ghost logic...
FILE: TRADEACTIVITYLOG_2024-09-02_UTC.CL-IPS_TM_6.DATA | ACC: CL-IPS_TM_6 | SYMBOL: CL | RAW: 0 | FILLS: 0
DEBUG: Running _parse_file_nitro on C:\Model-\TradeActivityLogs-tm_6\TradeActivityLog_2024-09-02_UTC.CL-TM_6.data with Adaptive Ghost logic...
FILE: TRADEACTIVITYLOG_2024-04-25_UTC.IPS_TM_6.DATA | ACC: IPS_TM_6 | SYMBOL: NQM24 | RAW: 180 | FILLS: 90
DEBUG: Running _parse_file_nitro on C:\Model-\TradeActivityLogs-tm_6\TradeActivityLog_2024-04-25_UTC.TM_6.data with Adaptive Ghost logic...
FILE: TRADEACTIVITYLOG_2024-08-11_UTC.ZB-TM_6.DATA | ACC: ZB-TM_6 | SYMBOL: Unknown | RAW: 0 | FILLS: 0
FILE: TRADEACTIVITYLOG_2024-09-19_UTC.ZB-IPS_TM_6.DATA | ACC: ZB-IPS_TM_6 | SYMBOL: Unknown | RAW: 0 | FILLS: 0
DEBUG: Running _parse_file_nitro on C:\Model-\TradeActivityLogs-tm_6\TradeActivityLog_2024-09-19_UTC.ZB-TM_6.data with Adaptive Ghost logic...
DEBUG: Running _parse_file_nitro on C:\Model-\TradeActivityLogs-tm_6\TradeActivityLog_2024-08-12_UTC.ES-IPS_TM_6.data with Adaptive Ghost logic...
FILE: TRADEACTIVITYLOG_2024-07-13_UTC.ZB-TM_6.DATA | ACC: ZB-TM_6 | SYMBOL: Unknown | RAW: 0 | FILLS: 0
DEBUG: Running _parse_file_nitro on C:\Model-\TradeActivityLogs-tm_6\TradeActivityLog_2024-07-14_UTC.ES-IPS_TM_6.data with Adaptive Ghost logic...
FILE: TRADEACTIVITYLOG_2024-05-29_UTC.ES-TM_6.DATA | ACC: ES-TM_6 | SYMBOL: ESM24 | RAW: 90 | FILLS: 45
DEBUG: Running _parse_file_nitro on C:\Model-\TradeActivityLogs-tm_6\TradeActivityLog_2024-05-29_UTC.IPS_TM_6.data with Adaptive Ghost logic...
FILE: TRADEACTIVITYLOG_2024-09-02_UTC.CL-TM_6.DATA | ACC: CL-TM_6 | SYMBOL: CL | RAW: 0 | FILLS: 0
DEBUG: Running _parse_file_nitro on C:\Model-\TradeActivityLogs-tm_6\TradeActivityLog_2024-09-02_UTC.ES-IPS_TM_6.data with Adaptive Ghost logic...
FILE: TRADEACTIVITYLOG_2024-09-19_UTC.ZB-TM_6.DATA | ACC: ZB-TM_6 | SYMBOL: Unknown | RAW: 0 | FILLS: 0
DEBUG: Running _parse_file_nitro on C:\Model-\TradeActivityLogs-tm_6\TradeActivityLog_2024-09-20_UTC.CL-IPS_TM_6.data with Adaptive Ghost logic...
FILE: TRADEACTIVITYLOG_2024-07-14_UTC.ES-IPS_TM_6.DATA | ACC: ES-IPS_TM_6 | SYMBOL: ESU24 | RAW: 8 | FILLS: 4
DEBUG: Running _parse_file_nitro on C:\Model-\TradeActivityLogs-tm_6\TradeActivityLog_2024-07-14_UTC.ES-TM_6.data with Adaptive Ghost logic...
FILE: TRADEACTIVITYLOG_2024-08-12_UTC.ES-IPS_TM_6.DATA | ACC: ES-IPS_TM_6 | SYMBOL: ESU24 | RAW: 52 | FILLS: 26
DEBUG: Running _parse_file_nitro on C:\Model-\TradeActivityLogs-tm_6\TradeActivityLog_2024-08-12_UTC.ES-TM_6.data with Adaptive Ghost logic...
FILE: TRADEACTIVITYLOG_2024-06-14_UTC.IPS_TM_6.DATA | ACC: IPS_TM_6 | SYMBOL: NQM24 | RAW: 432 | FILLS: 184
DEBUG: Running _parse_file_nitro on C:\Model-\TradeActivityLogs-tm_6\TradeActivityLog_2024-06-14_UTC.TM_6.data with Adaptive Ghost logic...
FILE: TRADEACTIVITYLOG_2024-09-02_UTC.ES-IPS_TM_6.DATA | ACC: ES-IPS_TM_6 | SYMBOL: ESU24 | RAW: 12 | FILLS: 6
DEBUG: Running _parse_file_nitro on C:\Model-\TradeActivityLogs-tm_6\TradeActivityLog_2024-09-02_UTC.ES-TM_6.data with Adaptive Ghost logic...
FILE: TRADEACTIVITYLOG_2024-05-29_UTC.IPS_TM_6.DATA | ACC: IPS_TM_6 | SYMBOL: NQM24 | RAW: 150 | FILLS: 75
FILE: TRADEACTIVITYLOG_2024-07-14_UTC.ES-TM_6.DATA | ACC: ES-TM_6 | SYMBOL: ESU24 | RAW: 8 | FILLS: 4
DEBUG: Running _parse_file_nitro on C:\Model-\TradeActivityLogs-tm_6\TradeActivityLog_2024-07-14_UTC.IPS_TM_6.data with Adaptive Ghost logic...
DEBUG: Running _parse_file_nitro on C:\Model-\TradeActivityLogs-tm_6\TradeActivityLog_2024-05-29_UTC.TM_6.data with Adaptive Ghost logic...
FILE: TRADEACTIVITYLOG_2024-04-25_UTC.TM_6.DATA | ACC: TM_6 | SYMBOL: NQM24 | RAW: 184 | FILLS: 92
FILE: TRADEACTIVITYLOG_2024-03-08_UTC.IPS_TM_6.DATA | ACC: IPS_TM_6 | SYMBOL: NQH24 | RAW: 270 | FILLS: 142
FILE: TRADEACTIVITYLOG_2024-09-20_UTC.CL-IPS_TM_6.DATA | ACC: CL-IPS_TM_6 | SYMBOL: CL | RAW: 0 | FILLS: 0
DEBUG: Running _parse_file_nitro on C:\Model-\TradeActivityLogs-tm_6\TradeActivityLog_2024-04-26_UTC.IPS_TM_6.data with Adaptive Ghost logic...
DEBUG: Running _parse_file_nitro on C:\Model-\TradeActivityLogs-tm_6\TradeActivityLog_2024-03-08_UTC.TM_6.data with Adaptive Ghost logic...
FILE: TRADEACTIVITYLOG_2024-06-28_UTC.IPS_TM_6.DATA | ACC: IPS_TM_6 | SYMBOL: ZNU24 | RAW: 404 | FILLS: 202
DEBUG: Running _parse_file_nitro on C:\Model-\TradeActivityLogs-tm_6\TradeActivityLog_2024-06-28_UTC.TM_6.data with Adaptive Ghost logic...
FILE: TRADEACTIVITYLOG_2024-08-12_UTC.ES-TM_6.DATA | ACC: ES-TM_6 | SYMBOL: ESU24 | RAW: 52 | FILLS: 26
DEBUG: Running _parse_file_nitro on C:\Model-\TradeActivityLogs-tm_6\TradeActivityLog_2024-08-12_UTC.IPS_TM_6.data with Adaptive Ghost logic...
FILE: TRADEACTIVITYLOG_2024-09-02_UTC.ES-TM_6.DATA | ACC: ES-TM_6 | SYMBOL: ESU24 | RAW: 12 | FILLS: 6
DEBUG: Running _parse_file_nitro on C:\Model-\TradeActivityLogs-tm_6\TradeActivityLog_2024-09-02_UTC.IPS_TM_6.data with Adaptive Ghost logic...
FILE: TRADEACTIVITYLOG_2024-07-14_UTC.IPS_TM_6.DATA | ACC: IPS_TM_6 | SYMBOL: NQU24 | RAW: 2 | FILLS: 2
DEBUG: Running _parse_file_nitro on C:\Model-\TradeActivityLogs-tm_6\TradeActivityLog_2024-07-15_UTC.CL-IPS_TM_6.data with Adaptive Ghost logic...
FILE: TRADEACTIVITYLOG_2024-09-20_UTC.CL-TM_6.DATA | ACC: CL-TM_6 | SYMBOL: CL | RAW: 0 | FILLS: 0
DEBUG: Running _parse_file_nitro on C:\Model-\TradeActivityLogs-tm_6\TradeActivityLog_2024-09-20_UTC.ES-IPS_TM_6.data with Adaptive Ghost logic...
FILE: TRADEACTIVITYLOG_2024-05-29_UTC.TM_6.DATA | ACC: TM_6 | SYMBOL: NQM24 | RAW: 150 | FILLS: 75
DEBUG: Running _parse_file_nitro on C:\Model-\TradeActivityLogs-tm_6\TradeActivityLog_2024-05-30_UTC.CL-IPS_TM_6.data with Adaptive Ghost logic...
FILE: TRADEACTIVITYLOG_2024-07-15_UTC.CL-IPS_TM_6.DATA | ACC: CL-IPS_TM_6 | SYMBOL: CL | RAW: 0 | FILLS: 0
DEBUG: Running _parse_file_nitro on C:\Model-\TradeActivityLogs-tm_6\TradeActivityLog_2024-07-15_UTC.CL-TM_6.data with Adaptive Ghost logic...
FILE: TRADEACTIVITYLOG_2024-04-26_UTC.IPS_TM_6.DATA | ACC: IPS_TM_6 | SYMBOL: NQM24 | RAW: 116 | FILLS: 58
DEBUG: Running _parse_file_nitro on C:\Model-\TradeActivityLogs-tm_6\TradeActivityLog_2024-04-26_UTC.TM_6.data with Adaptive Ghost logic...
FILE: TRADEACTIVITYLOG_2024-09-02_UTC.IPS_TM_6.DATA | ACC: IPS_TM_6 | SYMBOL: NQU24 | RAW: 56 | FILLS: 28
DEBUG: Running _parse_file_nitro on C:\Model-\TradeActivityLogs-tm_6\TradeActivityLog_2024-09-02_UTC.TM_6.data with Adaptive Ghost logic...
FILE: TRADEACTIVITYLOG_2024-03-08_UTC.TM_6.DATA | ACC: TM_6 | SYMBOL: NQH24 | RAW: 203 | FILLS: 109
FILE: TRADEACTIVITYLOG_2024-08-12_UTC.IPS_TM_6.DATA | ACC: IPS_TM_6 | SYMBOL: CLU24 | RAW: 206 | FILLS: 103
FILE: TRADEACTIVITYLOG_2024-09-20_UTC.ES-IPS_TM_6.DATA | ACC: ES-IPS_TM_6 | SYMBOL: ESZ24 | RAW: 92 | FILLS: 46
DEBUG: Running _parse_file_nitro on C:\Model-\TradeActivityLogs-tm_6\TradeActivityLog_2024-03-09_UTC.IPS_TM_6.data with Adaptive Ghost logic...
DEBUG: Running _parse_file_nitro on C:\Model-\TradeActivityLogs-tm_6\TradeActivityLog_2024-08-12_UTC.TM_6.data with Adaptive Ghost logic...
DEBUG: Running _parse_file_nitro on C:\Model-\TradeActivityLogs-tm_6\TradeActivityLog_2024-09-20_UTC.ES-TM_6.data with Adaptive Ghost logic...
FILE: TRADEACTIVITYLOG_2024-07-15_UTC.CL-TM_6.DATA | ACC: CL-TM_6 | SYMBOL: CL | RAW: 0 | FILLS: 0
DEBUG: Running _parse_file_nitro on C:\Model-\TradeActivityLogs-tm_6\TradeActivityLog_2024-07-15_UTC.ES-IPS_TM_6.data with Adaptive Ghost logic...
FILE: TRADEACTIVITYLOG_2024-05-30_UTC.CL-IPS_TM_6.DATA | ACC: CL-IPS_TM_6 | SYMBOL: CL | RAW: 0 | FILLS: 0
DEBUG: Running _parse_file_nitro on C:\Model-\TradeActivityLogs-tm_6\TradeActivityLog_2024-05-30_UTC.CL-TM_6.data with Adaptive Ghost logic...
FILE: TRADEACTIVITYLOG_2024-03-09_UTC.IPS_TM_6.DATA | ACC: IPS_TM_6 | SYMBOL: Unknown | RAW: 0 | FILLS: 0
FILE: TRADEACTIVITYLOG_2024-09-02_UTC.TM_6.DATA | ACC: TM_6 | SYMBOL: NQU24 | RAW: 44 | FILLS: 22
DEBUG: Running _parse_file_nitro on C:\Model-\TradeActivityLogs-tm_6\TradeActivityLog_2024-09-02_UTC.ZB-IPS_TM_6.data with Adaptive Ghost logic...
DEBUG: Running _parse_file_nitro on C:\Model-\TradeActivityLogs-tm_6\TradeActivityLog_2024-03-09_UTC.TM_6.data with Adaptive Ghost logic...
FILE: TRADEACTIVITYLOG_2024-05-30_UTC.CL-TM_6.DATA | ACC: CL-TM_6 | SYMBOL: CL | RAW: 0 | FILLS: 0
DEBUG: Running _parse_file_nitro on C:\Model-\TradeActivityLogs-tm_6\TradeActivityLog_2024-05-30_UTC.ES-IPS_TM_6.data with Adaptive Ghost logic...
FILE: TRADEACTIVITYLOG_2024-04-26_UTC.TM_6.DATA | ACC: TM_6 | SYMBOL: NQM24 | RAW: 116 | FILLS: 58
FILE: TRADEACTIVITYLOG_2024-09-20_UTC.ES-TM_6.DATA | ACC: ES-TM_6 | SYMBOL: ESZ24 | RAW: 100 | FILLS: 50
DEBUG: Running _parse_file_nitro on C:\Model-\TradeActivityLogs-tm_6\TradeActivityLog_2024-09-20_UTC.IPS_TM_6.data with Adaptive Ghost logic...
DEBUG: Running _parse_file_nitro on C:\Model-\TradeActivityLogs-tm_6\TradeActivityLog_2024-04-27_UTC.IPS_TM_6.data with Adaptive Ghost logic...
FILE: TRADEACTIVITYLOG_2024-09-02_UTC.ZB-IPS_TM_6.DATA | ACC: ZB-IPS_TM_6 | SYMBOL: Unknown | RAW: 0 | FILLS: 0
DEBUG: Running _parse_file_nitro on C:\Model-\TradeActivityLogs-tm_6\TradeActivityLog_2024-09-02_UTC.ZB-TM_6.data with Adaptive Ghost logic...
FILE: TRADEACTIVITYLOG_2024-07-15_UTC.ES-IPS_TM_6.DATA | ACC: ES-IPS_TM_6 | SYMBOL: ESU24 | RAW: 64 | FILLS: 32
DEBUG: Running _parse_file_nitro on C:\Model-\TradeActivityLogs-tm_6\TradeActivityLog_2024-07-15_UTC.ES-TM_6.data with Adaptive Ghost logic...
FILE: TRADEACTIVITYLOG_2024-06-28_UTC.TM_6.DATA | ACC: TM_6 | SYMBOL: ZNU24 | RAW: 380 | FILLS: 190
DEBUG: Running _parse_file_nitro on C:\Model-\TradeActivityLogs-tm_6\TradeActivityLog_2024-06-28_UTC.ZB-IPS_TM_6.data with Adaptive Ghost logic...
FILE: TRADEACTIVITYLOG_2024-03-09_UTC.TM_6.DATA | ACC: TM_6 | SYMBOL: Unknown | RAW: 0 | FILLS: 0
DEBUG: Running _parse_file_nitro on C:\Model-\TradeActivityLogs-tm_6\TradeActivityLog_2024-03-10_UTC.IPS_TM_6.data with Adaptive Ghost logic...
FILE: TRADEACTIVITYLOG_2024-06-14_UTC.TM_6.DATA | ACC: TM_6 | SYMBOL: NQM24 | RAW: 448 | FILLS: 189
DEBUG: Running _parse_file_nitro on C:\Model-\TradeActivityLogs-tm_6\TradeActivityLog_2024-06-14_UTC.ZB-IPS_TM_6.data with Adaptive Ghost logic...
FILE: TRADEACTIVITYLOG_2024-05-30_UTC.ES-IPS_TM_6.DATA | ACC: ES-IPS_TM_6 | SYMBOL: ESM24 | RAW: 59 | FILLS: 31
DEBUG: Running _parse_file_nitro on C:\Model-\TradeActivityLogs-tm_6\TradeActivityLog_2024-05-30_UTC.ES-TM_6.data with Adaptive Ghost logic...
FILE: TRADEACTIVITYLOG_2024-09-02_UTC.ZB-TM_6.DATA | ACC: ZB-TM_6 | SYMBOL: Unknown | RAW: 0 | FILLS: 0
FILE: TRADEACTIVITYLOG_2024-04-27_UTC.IPS_TM_6.DATA | ACC: IPS_TM_6 | SYMBOL: Unknown | RAW: 0 | FILLS: 0
DEBUG: Running _parse_file_nitro on C:\Model-\TradeActivityLogs-tm_6\TradeActivityLog_2024-04-27_UTC.TM_6.data with Adaptive Ghost logic...
DEBUG: Running _parse_file_nitro on C:\Model-\TradeActivityLogs-tm_6\TradeActivityLog_2024-09-03_UTC.ES-IPS_TM_6.data with Adaptive Ghost logic...
FILE: TRADEACTIVITYLOG_2024-03-10_UTC.IPS_TM_6.DATA | ACC: IPS_TM_6 | SYMBOL: NQH24 | RAW: 6 | FILLS: 3
DEBUG: Running _parse_file_nitro on C:\Model-\TradeActivityLogs-tm_6\TradeActivityLog_2024-03-10_UTC.TM_6.data with Adaptive Ghost logic...
FILE: TRADEACTIVITYLOG_2024-06-14_UTC.ZB-IPS_TM_6.DATA | ACC: ZB-IPS_TM_6 | SYMBOL: Unknown | RAW: 0 | FILLS: 0
DEBUG: Running _parse_file_nitro on C:\Model-\TradeActivityLogs-tm_6\TradeActivityLog_2024-06-14_UTC.ZB-TM_6.data with Adaptive Ghost logic...
FILE: TRADEACTIVITYLOG_2024-06-28_UTC.ZB-IPS_TM_6.DATA | ACC: ZB-IPS_TM_6 | SYMBOL: Unknown | RAW: 0 | FILLS: 0
DEBUG: Running _parse_file_nitro on C:\Model-\TradeActivityLogs-tm_6\TradeActivityLog_2024-06-28_UTC.ZB-TM_6.data with Adaptive Ghost logic...
FILE: TRADEACTIVITYLOG_2024-09-20_UTC.IPS_TM_6.DATA | ACC: IPS_TM_6 | SYMBOL: NQZ24 | RAW: 184 | FILLS: 92
DEBUG: Running _parse_file_nitro on C:\Model-\TradeActivityLogs-tm_6\TradeActivityLog_2024-09-20_UTC.TM_6.data with Adaptive Ghost logic...
FILE: TRADEACTIVITYLOG_2024-04-27_UTC.TM_6.DATA | ACC: TM_6 | SYMBOL: Unknown | RAW: 0 | FILLS: 0
FILE: TRADEACTIVITYLOG_2024-06-14_UTC.ZB-TM_6.DATA | ACC: ZB-TM_6 | SYMBOL: Unknown | RAW: 0 | FILLS: 0
DEBUG: Running _parse_file_nitro on C:\Model-\TradeActivityLogs-tm_6\TradeActivityLog_2024-04-28_UTC.IPS_TM_6.data with Adaptive Ghost logic...
DEBUG: Running _parse_file_nitro on C:\Model-\TradeActivityLogs-tm_6\TradeActivityLog_2024-06-15_UTC.CL-IPS_TM_6.data with Adaptive Ghost logic...
FILE: TRADEACTIVITYLOG_2024-07-15_UTC.ES-TM_6.DATA | ACC: ES-TM_6 | SYMBOL: ESU24 | RAW: 64 | FILLS: 32
DEBUG: Running _parse_file_nitro on C:\Model-\TradeActivityLogs-tm_6\TradeActivityLog_2024-07-15_UTC.IPS_TM_6.data with Adaptive Ghost logic...
FILE: TRADEACTIVITYLOG_2024-03-10_UTC.TM_6.DATA | ACC: TM_6 | SYMBOL: NQH24 | RAW: 6 | FILLS: 3
DEBUG: Running _parse_file_nitro on C:\Model-\TradeActivityLogs-tm_6\TradeActivityLog_2024-03-11_UTC.IPS_TM_6.data with Adaptive Ghost logic...
FILE: TRADEACTIVITYLOG_2024-05-30_UTC.ES-TM_6.DATA | ACC: ES-TM_6 | SYMBOL: ESM24 | RAW: 59 | FILLS: 31
DEBUG: Running _parse_file_nitro on C:\Model-\TradeActivityLogs-tm_6\TradeActivityLog_2024-05-30_UTC.IPS_TM_6.data with Adaptive Ghost logic...
FILE: TRADEACTIVITYLOG_2024-06-28_UTC.ZB-TM_6.DATA | ACC: ZB-TM_6 | SYMBOL: Unknown | RAW: 0 | FILLS: 0
DEBUG: Running _parse_file_nitro on C:\Model-\TradeActivityLogs-tm_6\TradeActivityLog_2024-06-29_UTC.CL-IPS_TM_6.data with Adaptive Ghost logic...
FILE: TRADEACTIVITYLOG_2024-09-03_UTC.ES-IPS_TM_6.DATA | ACC: ES-IPS_TM_6 | SYMBOL: ESU24 | RAW: 72 | FILLS: 36
DEBUG: Running _parse_file_nitro on C:\Model-\TradeActivityLogs-tm_6\TradeActivityLog_2024-09-03_UTC.ES-TM_6.data with Adaptive Ghost logic...
FILE: TRADEACTIVITYLOG_2024-06-15_UTC.CL-IPS_TM_6.DATA | ACC: CL-IPS_TM_6 | SYMBOL: CL | RAW: 0 | FILLS: 0
FILE: TRADEACTIVITYLOG_2024-08-12_UTC.TM_6.DATA | ACC: TM_6 | SYMBOL: NQU24 | RAW: 170 | FILLS: 85
DEBUG: Running _parse_file_nitro on C:\Model-\TradeActivityLogs-tm_6\TradeActivityLog_2024-06-15_UTC.CL-TM_6.data with Adaptive Ghost logic...
DEBUG: Running _parse_file_nitro on C:\Model-\TradeActivityLogs-tm_6\TradeActivityLog_2024-08-13_UTC.ES-IPS_TM_6.data with Adaptive Ghost logic...
FILE: TRADEACTIVITYLOG_2024-04-28_UTC.IPS_TM_6.DATA | ACC: IPS_TM_6 | SYMBOL: NQM24 | RAW: 6 | FILLS: 3
FILE: TRADEACTIVITYLOG_2024-09-20_UTC.TM_6.DATA | ACC: TM_6 | SYMBOL: CLX24 | RAW: 36 | FILLS: 18
DEBUG: Running _parse_file_nitro on C:\Model-\TradeActivityLogs-tm_6\TradeActivityLog_2024-09-20_UTC.ZB-IPS_TM_6.data with Adaptive Ghost logic...
DEBUG: Running _parse_file_nitro on C:\Model-\TradeActivityLogs-tm_6\TradeActivityLog_2024-04-28_UTC.TM_6.data with Adaptive Ghost logic...
FILE: TRADEACTIVITYLOG_2024-06-29_UTC.CL-IPS_TM_6.DATA | ACC: CL-IPS_TM_6 | SYMBOL: CL | RAW: 0 | FILLS: 0
DEBUG: Running _parse_file_nitro on C:\Model-\TradeActivityLogs-tm_6\TradeActivityLog_2024-06-29_UTC.CL-TM_6.data with Adaptive Ghost logic...
FILE: TRADEACTIVITYLOG_2024-03-11_UTC.IPS_TM_6.DATA | ACC: IPS_TM_6 | SYMBOL: NQH24 | RAW: 84 | FILLS: 42
DEBUG: Running _parse_file_nitro on C:\Model-\TradeActivityLogs-tm_6\TradeActivityLog_2024-03-11_UTC.TM_6.data with Adaptive Ghost logic...
FILE: TRADEACTIVITYLOG_2024-07-15_UTC.IPS_TM_6.DATA | ACC: IPS_TM_6 | SYMBOL: NQU24 | RAW: 163 | FILLS: 137
DEBUG: Running _parse_file_nitro on C:\Model-\TradeActivityLogs-tm_6\TradeActivityLog_2024-07-15_UTC.TM_6.data with Adaptive Ghost logic...
FILE: TRADEACTIVITYLOG_2024-06-15_UTC.CL-TM_6.DATA | ACC: CL-TM_6 | SYMBOL: CL | RAW: 0 | FILLS: 0
DEBUG: Running _parse_file_nitro on C:\Model-\TradeActivityLogs-tm_6\TradeActivityLog_2024-06-15_UTC.ES-IPS_TM_6.data with Adaptive Ghost logic...
FILE: TRADEACTIVITYLOG_2024-06-29_UTC.CL-TM_6.DATA | ACC: CL-TM_6 | SYMBOL: CL | RAW: 0 | FILLS: 0
FILE: TRADEACTIVITYLOG_2024-09-20_UTC.ZB-IPS_TM_6.DATA | ACC: ZB-IPS_TM_6 | SYMBOL: Unknown | RAW: 0 | FILLS: 0
DEBUG: Running _parse_file_nitro on C:\Model-\TradeActivityLogs-tm_6\TradeActivityLog_2024-09-20_UTC.ZB-TM_6.data with Adaptive Ghost logic...
DEBUG: Running _parse_file_nitro on C:\Model-\TradeActivityLogs-tm_6\TradeActivityLog_2024-06-29_UTC.ES-IPS_TM_6.data with Adaptive Ghost logic...
FILE: TRADEACTIVITYLOG_2024-09-03_UTC.ES-TM_6.DATA | ACC: ES-TM_6 | SYMBOL: ESU24 | RAW: 72 | FILLS: 36
DEBUG: Running _parse_file_nitro on C:\Model-\TradeActivityLogs-tm_6\TradeActivityLog_2024-09-03_UTC.IPS_TM_6.data with Adaptive Ghost logic...
FILE: TRADEACTIVITYLOG_2024-08-13_UTC.ES-IPS_TM_6.DATA | ACC: ES-IPS_TM_6 | SYMBOL: ESU24 | RAW: 56 | FILLS: 28
DEBUG: Running _parse_file_nitro on C:\Model-\TradeActivityLogs-tm_6\TradeActivityLog_2024-08-13_UTC.ES-TM_6.data with Adaptive Ghost logic...
FILE: TRADEACTIVITYLOG_2024-04-28_UTC.TM_6.DATA | ACC: TM_6 | SYMBOL: NQM24 | RAW: 6 | FILLS: 3
DEBUG: Running _parse_file_nitro on C:\Model-\TradeActivityLogs-tm_6\TradeActivityLog_2024-04-29_UTC.IPS_TM_6.data with Adaptive Ghost logic...
FILE: TRADEACTIVITYLOG_2024-06-15_UTC.ES-IPS_TM_6.DATA | ACC: ES-IPS_TM_6 | SYMBOL: ES | RAW: 0 | FILLS: 0
DEBUG: Running _parse_file_nitro on C:\Model-\TradeActivityLogs-tm_6\TradeActivityLog_2024-06-15_UTC.ES-TM_6.data with Adaptive Ghost logic...
FILE: TRADEACTIVITYLOG_2024-03-11_UTC.TM_6.DATA | ACC: TM_6 | SYMBOL: NQH24 | RAW: 84 | FILLS: 42
FILE: TRADEACTIVITYLOG_2024-06-29_UTC.ES-IPS_TM_6.DATA | ACC: ES-IPS_TM_6 | SYMBOL: ES | RAW: 0 | FILLS: 0
DEBUG: Running _parse_file_nitro on C:\Model-\TradeActivityLogs-tm_6\TradeActivityLog_2024-03-12_UTC.IPS_TM_6.data with Adaptive Ghost logic...
DEBUG: Running _parse_file_nitro on C:\Model-\TradeActivityLogs-tm_6\TradeActivityLog_2024-06-29_UTC.ES-TM_6.data with Adaptive Ghost logic...
FILE: TRADEACTIVITYLOG_2024-07-15_UTC.TM_6.DATA | ACC: TM_6 | SYMBOL: NQU24 | RAW: 151 | FILLS: 125
DEBUG: Running _parse_file_nitro on C:\Model-\TradeActivityLogs-tm_6\TradeActivityLog_2024-07-15_UTC.ZB-IPS_TM_6.data with Adaptive Ghost logic...
FILE: TRADEACTIVITYLOG_2024-05-30_UTC.IPS_TM_6.DATA | ACC: IPS_TM_6 | SYMBOL: ZNU24 | RAW: 393 | FILLS: 201
DEBUG: Running _parse_file_nitro on C:\Model-\TradeActivityLogs-tm_6\TradeActivityLog_2024-05-30_UTC.TM_6.data with Adaptive Ghost logic...
FILE: TRADEACTIVITYLOG_2024-09-20_UTC.ZB-TM_6.DATA | ACC: ZB-TM_6 | SYMBOL: Unknown | RAW: 0 | FILLS: 0
DEBUG: Running _parse_file_nitro on C:\Model-\TradeActivityLogs-tm_6\TradeActivityLog_2024-09-22_UTC.CL-IPS_TM_6.data with Adaptive Ghost logic...
FILE: TRADEACTIVITYLOG_2024-06-15_UTC.ES-TM_6.DATA | ACC: ES-TM_6 | SYMBOL: ES | RAW: 0 | FILLS: 0
DEBUG: Running _parse_file_nitro on C:\Model-\TradeActivityLogs-tm_6\TradeActivityLog_2024-06-15_UTC.IPS_TM_6.data with Adaptive Ghost logic...
FILE: TRADEACTIVITYLOG_2024-06-29_UTC.ES-TM_6.DATA | ACC: ES-TM_6 | SYMBOL: ES | RAW: 0 | FILLS: 0
DEBUG: Running _parse_file_nitro on C:\Model-\TradeActivityLogs-tm_6\TradeActivityLog_2024-06-29_UTC.IPS_TM_6.data with Adaptive Ghost logic...
FILE: TRADEACTIVITYLOG_2024-08-13_UTC.ES-TM_6.DATA | ACC: ES-TM_6 | SYMBOL: ESU24 | RAW: 56 | FILLS: 28
DEBUG: Running _parse_file_nitro on C:\Model-\TradeActivityLogs-tm_6\TradeActivityLog_2024-08-13_UTC.IPS_TM_6.data with Adaptive Ghost logic...
FILE: TRADEACTIVITYLOG_2024-03-12_UTC.IPS_TM_6.DATA | ACC: IPS_TM_6 | SYMBOL: NQH24 | RAW: 46 | FILLS: 23
FILE: TRADEACTIVITYLOG_2024-07-15_UTC.ZB-IPS_TM_6.DATA | ACC: ZB-IPS_TM_6 | SYMBOL: Unknown | RAW: 0 | FILLS: 0
DEBUG: Running _parse_file_nitro on C:\Model-\TradeActivityLogs-tm_6\TradeActivityLog_2024-07-15_UTC.ZB-TM_6.data with Adaptive Ghost logic...
DEBUG: Running _parse_file_nitro on C:\Model-\TradeActivityLogs-tm_6\TradeActivityLog_2024-03-12_UTC.TM_6.data with Adaptive Ghost logic...
FILE: TRADEACTIVITYLOG_2024-09-22_UTC.CL-IPS_TM_6.DATA | ACC: CL-IPS_TM_6 | SYMBOL: CL | RAW: 0 | FILLS: 0
DEBUG: Running _parse_file_nitro on C:\Model-\TradeActivityLogs-tm_6\TradeActivityLog_2024-09-22_UTC.CL-TM_6.data with Adaptive Ghost logic...
FILE: TRADEACTIVITYLOG_2024-06-15_UTC.IPS_TM_6.DATA | ACC: IPS_TM_6 | SYMBOL: NQM24 | RAW: 0 | FILLS: 0
DEBUG: Running _parse_file_nitro on C:\Model-\TradeActivityLogs-tm_6\TradeActivityLog_2024-06-15_UTC.TM_6.data with Adaptive Ghost logic...
FILE: TRADEACTIVITYLOG_2024-06-29_UTC.IPS_TM_6.DATA | ACC: IPS_TM_6 | SYMBOL: Unknown | RAW: 0 | FILLS: 0
DEBUG: Running _parse_file_nitro on C:\Model-\TradeActivityLogs-tm_6\TradeActivityLog_2024-06-29_UTC.TM_6.data with Adaptive Ghost logic...
FILE: TRADEACTIVITYLOG_2024-04-29_UTC.IPS_TM_6.DATA | ACC: IPS_TM_6 | SYMBOL: NQM24 | RAW: 140 | FILLS: 70
DEBUG: Running _parse_file_nitro on C:\Model-\TradeActivityLogs-tm_6\TradeActivityLog_2024-04-29_UTC.TM_6.data with Adaptive Ghost logic...
FILE: TRADEACTIVITYLOG_2024-07-15_UTC.ZB-TM_6.DATA | ACC: ZB-TM_6 | SYMBOL: Unknown | RAW: 0 | FILLS: 0
DEBUG: Running _parse_file_nitro on C:\Model-\TradeActivityLogs-tm_6\TradeActivityLog_2024-07-16_UTC.CL-IPS_TM_6.data with Adaptive Ghost logic...
FILE: TRADEACTIVITYLOG_2024-09-03_UTC.IPS_TM_6.DATA | ACC: IPS_TM_6 | SYMBOL: NQU24 | RAW: 302 | FILLS: 151
DEBUG: Running _parse_file_nitro on C:\Model-\TradeActivityLogs-tm_6\TradeActivityLog_2024-09-03_UTC.TM_6.data with Adaptive Ghost logic...
FILE: TRADEACTIVITYLOG_2024-06-15_UTC.TM_6.DATA | ACC: TM_6 | SYMBOL: NQM24 | RAW: 0 | FILLS: 0
DEBUG: Running _parse_file_nitro on C:\Model-\TradeActivityLogs-tm_6\TradeActivityLog_2024-06-15_UTC.ZB-IPS_TM_6.data with Adaptive Ghost logic...
FILE: TRADEACTIVITYLOG_2024-09-22_UTC.CL-TM_6.DATA | ACC: CL-TM_6 | SYMBOL: CL | RAW: 0 | FILLS: 0
DEBUG: Running _parse_file_nitro on C:\Model-\TradeActivityLogs-tm_6\TradeActivityLog_2024-09-22_UTC.ES-IPS_TM_6.data with Adaptive Ghost logic...
FILE: TRADEACTIVITYLOG_2024-03-12_UTC.TM_6.DATA | ACC: TM_6 | SYMBOL: NQH24 | RAW: 46 | FILLS: 23
DEBUG: Running _parse_file_nitro on C:\Model-\TradeActivityLogs-tm_6\TradeActivityLog_2024-03-13_UTC.IPS_TM_6.data with Adaptive Ghost logic...
FILE: TRADEACTIVITYLOG_2024-06-29_UTC.TM_6.DATA | ACC: TM_6 | SYMBOL: Unknown | RAW: 0 | FILLS: 0
DEBUG: Running _parse_file_nitro on C:\Model-\TradeActivityLogs-tm_6\TradeActivityLog_2024-06-29_UTC.ZB-IPS_TM_6.data with Adaptive Ghost logic...
FILE: TRADEACTIVITYLOG_2024-07-16_UTC.CL-IPS_TM_6.DATA | ACC: CL-IPS_TM_6 | SYMBOL: CL | RAW: 0 | FILLS: 0
DEBUG: Running _parse_file_nitro on C:\Model-\TradeActivityLogs-tm_6\TradeActivityLog_2024-07-16_UTC.CL-TM_6.data with Adaptive Ghost logic...
FILE: TRADEACTIVITYLOG_2024-08-13_UTC.IPS_TM_6.DATA | ACC: IPS_TM_6 | SYMBOL: NQU24 | RAW: 214 | FILLS: 107
FILE: TRADEACTIVITYLOG_2024-06-15_UTC.ZB-IPS_TM_6.DATA | ACC: ZB-IPS_TM_6 | SYMBOL: Unknown | RAW: 0 | FILLS: 0
DEBUG: Running _parse_file_nitro on C:\Model-\TradeActivityLogs-tm_6\TradeActivityLog_2024-08-13_UTC.TM_6.data with Adaptive Ghost logic...
DEBUG: Running _parse_file_nitro on C:\Model-\TradeActivityLogs-tm_6\TradeActivityLog_2024-06-15_UTC.ZB-TM_6.data with Adaptive Ghost logic...
FILE: TRADEACTIVITYLOG_2024-09-22_UTC.ES-IPS_TM_6.DATA | ACC: ES-IPS_TM_6 | SYMBOL: ES | RAW: 0 | FILLS: 0
DEBUG: Running _parse_file_nitro on C:\Model-\TradeActivityLogs-tm_6\TradeActivityLog_2024-09-22_UTC.ES-TM_6.data with Adaptive Ghost logic...
FILE: TRADEACTIVITYLOG_2024-07-16_UTC.CL-TM_6.DATA | ACC: CL-TM_6 | SYMBOL: CL | RAW: 0 | FILLS: 0
DEBUG: Running _parse_file_nitro on C:\Model-\TradeActivityLogs-tm_6\TradeActivityLog_2024-07-16_UTC.ES-IPS_TM_6.data with Adaptive Ghost logic...
FILE: TRADEACTIVITYLOG_2024-04-29_UTC.TM_6.DATA | ACC: TM_6 | SYMBOL: NQM24 | RAW: 138 | FILLS: 69
DEBUG: Running _parse_file_nitro on C:\Model-\TradeActivityLogs-tm_6\TradeActivityLog_2024-04-30_UTC.IPS_TM_6.data with Adaptive Ghost logic...
FILE: TRADEACTIVITYLOG_2024-05-30_UTC.TM_6.DATA | ACC: TM_6 | SYMBOL: ZNU24 | RAW: 421 | FILLS: 216
FILE: TRADEACTIVITYLOG_2024-06-29_UTC.ZB-IPS_TM_6.DATA | ACC: ZB-IPS_TM_6 | SYMBOL: Unknown | RAW: 0 | FILLS: 0
DEBUG: Running _parse_file_nitro on C:\Model-\TradeActivityLogs-tm_6\TradeActivityLog_2024-06-29_UTC.ZB-TM_6.data with Adaptive Ghost logic...
DEBUG: Running _parse_file_nitro on C:\Model-\TradeActivityLogs-tm_6\TradeActivityLog_2024-05-30_UTC.ZB-IPS_TM_6.data with Adaptive Ghost logic...
FILE: TRADEACTIVITYLOG_2024-03-13_UTC.IPS_TM_6.DATA | ACC: IPS_TM_6 | SYMBOL: NQH24 | RAW: 26 | FILLS: 13
DEBUG: Running _parse_file_nitro on C:\Model-\TradeActivityLogs-tm_6\TradeActivityLog_2024-03-13_UTC.TM_6.data with Adaptive Ghost logic...
FILE: TRADEACTIVITYLOG_2024-06-15_UTC.ZB-TM_6.DATA | ACC: ZB-TM_6 | SYMBOL: Unknown | RAW: 0 | FILLS: 0
DEBUG: Running _parse_file_nitro on C:\Model-\TradeActivityLogs-tm_6\TradeActivityLog_2024-06-16_UTC.CL-IPS_TM_6.data with Adaptive Ghost logic...
FILE: TRADEACTIVITYLOG_2024-09-22_UTC.ES-TM_6.DATA | ACC: ES-TM_6 | SYMBOL: ES | RAW: 0 | FILLS: 0
DEBUG: Running _parse_file_nitro on C:\Model-\TradeActivityLogs-tm_6\TradeActivityLog_2024-09-22_UTC.IPS_TM_6.data with Adaptive Ghost logic...
FILE: TRADEACTIVITYLOG_2024-09-03_UTC.TM_6.DATA | ACC: TM_6 | SYMBOL: NQU24 | RAW: 264 | FILLS: 132
DEBUG: Running _parse_file_nitro on C:\Model-\TradeActivityLogs-tm_6\TradeActivityLog_2024-09-04_UTC.CL-IPS_TM_6.data with Adaptive Ghost logic...
FILE: TRADEACTIVITYLOG_2024-06-29_UTC.ZB-TM_6.DATA | ACC: ZB-TM_6 | SYMBOL: Unknown | RAW: 0 | FILLS: 0
DEBUG: Running _parse_file_nitro on C:\Model-\TradeActivityLogs-tm_6\TradeActivityLog_2024-06-30_UTC.CL-IPS_TM_6.data with Adaptive Ghost logic...
FILE: TRADEACTIVITYLOG_2024-05-30_UTC.ZB-IPS_TM_6.DATA | ACC: ZB-IPS_TM_6 | SYMBOL: Unknown | RAW: 0 | FILLS: 0
FILE: TRADEACTIVITYLOG_2024-07-16_UTC.ES-IPS_TM_6.DATA | ACC: ES-IPS_TM_6 | SYMBOL: ESU24 | RAW: 64 | FILLS: 32
DEBUG: Running _parse_file_nitro on C:\Model-\TradeActivityLogs-tm_6\TradeActivityLog_2024-05-30_UTC.ZB-TM_6.data with Adaptive Ghost logic...
DEBUG: Running _parse_file_nitro on C:\Model-\TradeActivityLogs-tm_6\TradeActivityLog_2024-07-16_UTC.ES-TM_6.data with Adaptive Ghost logic...
FILE: TRADEACTIVITYLOG_2024-06-16_UTC.CL-IPS_TM_6.DATA | ACC: CL-IPS_TM_6 | SYMBOL: CL | RAW: 0 | FILLS: 0
DEBUG: Running _parse_file_nitro on C:\Model-\TradeActivityLogs-tm_6\TradeActivityLog_2024-06-16_UTC.CL-TM_6.data with Adaptive Ghost logic...
FILE: TRADEACTIVITYLOG_2024-03-13_UTC.TM_6.DATA | ACC: TM_6 | SYMBOL: NQH24 | RAW: 26 | FILLS: 13
DEBUG: Running _parse_file_nitro on C:\Model-\TradeActivityLogs-tm_6\TradeActivityLog_2024-03-14_UTC.IPS_TM_6.data with Adaptive Ghost logic...
FILE: TRADEACTIVITYLOG_2024-08-13_UTC.TM_6.DATA | ACC: TM_6 | SYMBOL: NQU24 | RAW: 216 | FILLS: 108
DEBUG: Running _parse_file_nitro on C:\Model-\TradeActivityLogs-tm_6\TradeActivityLog_2024-08-14_UTC.CL-IPS_TM_6.data with Adaptive Ghost logic...
FILE: TRADEACTIVITYLOG_2024-09-22_UTC.IPS_TM_6.DATA | ACC: IPS_TM_6 | SYMBOL: CLX24 | RAW: 4 | FILLS: 2
DEBUG: Running _parse_file_nitro on C:\Model-\TradeActivityLogs-tm_6\TradeActivityLog_2024-09-22_UTC.TM_6.data with Adaptive Ghost logic...
FILE: TRADEACTIVITYLOG_2024-06-30_UTC.CL-IPS_TM_6.DATA | ACC: CL-IPS_TM_6 | SYMBOL: CL | RAW: 0 | FILLS: 0
FILE: TRADEACTIVITYLOG_2024-09-04_UTC.CL-IPS_TM_6.DATA | ACC: CL-IPS_TM_6 | SYMBOL: CL | RAW: 0 | FILLS: 0
DEBUG: Running _parse_file_nitro on C:\Model-\TradeActivityLogs-tm_6\TradeActivityLog_2024-06-30_UTC.CL-TM_6.data with Adaptive Ghost logic...
DEBUG: Running _parse_file_nitro on C:\Model-\TradeActivityLogs-tm_6\TradeActivityLog_2024-09-04_UTC.CL-TM_6.data with Adaptive Ghost logic...
FILE: TRADEACTIVITYLOG_2024-05-30_UTC.ZB-TM_6.DATA | ACC: ZB-TM_6 | SYMBOL: Unknown | RAW: 0 | FILLS: 0
DEBUG: Running _parse_file_nitro on C:\Model-\TradeActivityLogs-tm_6\TradeActivityLog_2024-05-31_UTC.ES-IPS_TM_6.data with Adaptive Ghost logic...
FILE: TRADEACTIVITYLOG_2024-06-16_UTC.CL-TM_6.DATA | ACC: CL-TM_6 | SYMBOL: CL | RAW: 0 | FILLS: 0
DEBUG: Running _parse_file_nitro on C:\Model-\TradeActivityLogs-tm_6\TradeActivityLog_2024-06-16_UTC.ES-IPS_TM_6.data with Adaptive Ghost logic...
FILE: TRADEACTIVITYLOG_2024-07-16_UTC.ES-TM_6.DATA | ACC: ES-TM_6 | SYMBOL: ESU24 | RAW: 64 | FILLS: 32
DEBUG: Running _parse_file_nitro on C:\Model-\TradeActivityLogs-tm_6\TradeActivityLog_2024-07-16_UTC.IPS_TM_6.data with Adaptive Ghost logic...
FILE: TRADEACTIVITYLOG_2024-08-14_UTC.CL-IPS_TM_6.DATA | ACC: CL-IPS_TM_6 | SYMBOL: CL | RAW: 0 | FILLS: 0
DEBUG: Running _parse_file_nitro on C:\Model-\TradeActivityLogs-tm_6\TradeActivityLog_2024-08-14_UTC.CL-TM_6.data with Adaptive Ghost logic...
FILE: TRADEACTIVITYLOG_2024-04-30_UTC.IPS_TM_6.DATA | ACC: IPS_TM_6 | SYMBOL: NQM24 | RAW: 254 | FILLS: 127
DEBUG: Running _parse_file_nitro on C:\Model-\TradeActivityLogs-tm_6\TradeActivityLog_2024-04-30_UTC.TM_6.data with Adaptive Ghost logic...
FILE: TRADEACTIVITYLOG_2024-09-04_UTC.CL-TM_6.DATA | ACC: CL-TM_6 | SYMBOL: CL | RAW: 0 | FILLS: 0
DEBUG: Running _parse_file_nitro on C:\Model-\TradeActivityLogs-tm_6\TradeActivityLog_2024-09-04_UTC.ES-IPS_TM_6.data with Adaptive Ghost logic...
FILE: TRADEACTIVITYLOG_2024-06-30_UTC.CL-TM_6.DATA | ACC: CL-TM_6 | SYMBOL: CL | RAW: 0 | FILLS: 0
DEBUG: Running _parse_file_nitro on C:\Model-\TradeActivityLogs-tm_6\TradeActivityLog_2024-06-30_UTC.ES-IPS_TM_6.data with Adaptive Ghost logic...
FILE: TRADEACTIVITYLOG_2024-06-16_UTC.ES-IPS_TM_6.DATA | ACC: ES-IPS_TM_6 | SYMBOL: ES | RAW: 0 | FILLS: 0
DEBUG: Running _parse_file_nitro on C:\Model-\TradeActivityLogs-tm_6\TradeActivityLog_2024-06-16_UTC.ES-TM_6.data with Adaptive Ghost logic...
FILE: TRADEACTIVITYLOG_2024-09-22_UTC.TM_6.DATA | ACC: TM_6 | SYMBOL: CLX24 | RAW: 4 | FILLS: 2
DEBUG: Running _parse_file_nitro on C:\Model-\TradeActivityLogs-tm_6\TradeActivityLog_2024-09-22_UTC.ZB-IPS_TM_6.data with Adaptive Ghost logic...
FILE: TRADEACTIVITYLOG_2024-03-14_UTC.IPS_TM_6.DATA | ACC: IPS_TM_6 | SYMBOL: NQM24 | RAW: 154 | FILLS: 77
DEBUG: Running _parse_file_nitro on C:\Model-\TradeActivityLogs-tm_6\TradeActivityLog_2024-03-14_UTC.TM_6.data with Adaptive Ghost logic...
FILE: TRADEACTIVITYLOG_2024-08-14_UTC.CL-TM_6.DATA | ACC: CL-TM_6 | SYMBOL: CL | RAW: 0 | FILLS: 0
DEBUG: Running _parse_file_nitro on C:\Model-\TradeActivityLogs-tm_6\TradeActivityLog_2024-08-14_UTC.ES-IPS_TM_6.data with Adaptive Ghost logic...
FILE: TRADEACTIVITYLOG_2024-06-16_UTC.ES-TM_6.DATA | ACC: ES-TM_6 | SYMBOL: ES | RAW: 0 | FILLS: 0
DEBUG: Running _parse_file_nitro on C:\Model-\TradeActivityLogs-tm_6\TradeActivityLog_2024-06-16_UTC.IPS_TM_6.data with Adaptive Ghost logic...
FILE: TRADEACTIVITYLOG_2024-06-30_UTC.ES-IPS_TM_6.DATA | ACC: ES-IPS_TM_6 | SYMBOL: ESU24 | RAW: 2 | FILLS: 1
FILE: TRADEACTIVITYLOG_2024-09-22_UTC.ZB-IPS_TM_6.DATA | ACC: ZB-IPS_TM_6 | SYMBOL: Unknown | RAW: 0 | FILLS: 0
DEBUG: Running _parse_file_nitro on C:\Model-\TradeActivityLogs-tm_6\TradeActivityLog_2024-06-30_UTC.ES-TM_6.data with Adaptive Ghost logic...
FILE: TRADEACTIVITYLOG_2024-05-31_UTC.ES-IPS_TM_6.DATA | ACC: ES-IPS_TM_6 | SYMBOL: ESM24 | RAW: 208 | FILLS: 104
DEBUG: Running _parse_file_nitro on C:\Model-\TradeActivityLogs-tm_6\TradeActivityLog_2024-09-22_UTC.ZB-TM_6.data with Adaptive Ghost logic...
FILE: TRADEACTIVITYLOG_2024-07-16_UTC.IPS_TM_6.DATA | ACC: IPS_TM_6 | SYMBOL: NQU24 | RAW: 147 | FILLS: 129
DEBUG: Running _parse_file_nitro on C:\Model-\TradeActivityLogs-tm_6\TradeActivityLog_2024-05-31_UTC.ES-TM_6.data with Adaptive Ghost logic...
DEBUG: Running _parse_file_nitro on C:\Model-\TradeActivityLogs-tm_6\TradeActivityLog_2024-07-16_UTC.TM_6.data with Adaptive Ghost logic...
FILE: TRADEACTIVITYLOG_2024-09-04_UTC.ES-IPS_TM_6.DATA | ACC: ES-IPS_TM_6 | SYMBOL: ESU24 | RAW: 4 | FILLS: 2
DEBUG: Running _parse_file_nitro on C:\Model-\TradeActivityLogs-tm_6\TradeActivityLog_2024-09-04_UTC.ES-TM_6.data with Adaptive Ghost logic...
FILE: TRADEACTIVITYLOG_2024-09-22_UTC.ZB-TM_6.DATA | ACC: ZB-TM_6 | SYMBOL: Unknown | RAW: 0 | FILLS: 0
DEBUG: Running _parse_file_nitro on C:\Model-\TradeActivityLogs-tm_6\TradeActivityLog_2024-09-23_UTC.ES-IPS_TM_6.data with Adaptive Ghost logic...
FILE: TRADEACTIVITYLOG_2024-03-14_UTC.TM_6.DATA | ACC: TM_6 | SYMBOL: NQM24 | RAW: 154 | FILLS: 77
FILE: TRADEACTIVITYLOG_2024-08-14_UTC.ES-IPS_TM_6.DATA | ACC: ES-IPS_TM_6 | SYMBOL: ESU24 | RAW: 80 | FILLS: 40
DEBUG: Running _parse_file_nitro on C:\Model-\TradeActivityLogs-tm_6\TradeActivityLog_2024-08-14_UTC.ES-TM_6.data with Adaptive Ghost logic...
DEBUG: Running _parse_file_nitro on C:\Model-\TradeActivityLogs-tm_6\TradeActivityLog_2024-03-15_UTC.IPS_TM_6.data with Adaptive Ghost logic...
FILE: TRADEACTIVITYLOG_2024-06-16_UTC.IPS_TM_6.DATA | ACC: IPS_TM_6 | SYMBOL: ZNU24 | RAW: 6 | FILLS: 3
FILE: TRADEACTIVITYLOG_2024-06-30_UTC.ES-TM_6.DATA | ACC: ES-TM_6 | SYMBOL: ESU24 | RAW: 2 | FILLS: 1
DEBUG: Running _parse_file_nitro on C:\Model-\TradeActivityLogs-tm_6\TradeActivityLog_2024-06-30_UTC.IPS_TM_6.data with Adaptive Ghost logic...
DEBUG: Running _parse_file_nitro on C:\Model-\TradeActivityLogs-tm_6\TradeActivityLog_2024-06-16_UTC.TM_6.data with Adaptive Ghost logic...
FILE: TRADEACTIVITYLOG_2024-04-30_UTC.TM_6.DATA | ACC: TM_6 | SYMBOL: NQM24 | RAW: 252 | FILLS: 126
DEBUG: Running _parse_file_nitro on C:\Model-\TradeActivityLogs-tm_6\TradeActivityLog_2024-05-01_UTC.IPS_TM_6.data with Adaptive Ghost logic...
FILE: TRADEACTIVITYLOG_2024-09-04_UTC.ES-TM_6.DATA | ACC: ES-TM_6 | SYMBOL: ESU24 | RAW: 4 | FILLS: 2
DEBUG: Running _parse_file_nitro on C:\Model-\TradeActivityLogs-tm_6\TradeActivityLog_2024-09-04_UTC.IPS_TM_6.data with Adaptive Ghost logic...
FILE: TRADEACTIVITYLOG_2024-07-16_UTC.TM_6.DATA | ACC: TM_6 | SYMBOL: NQU24 | RAW: 147 | FILLS: 129
DEBUG: Running _parse_file_nitro on C:\Model-\TradeActivityLogs-tm_6\TradeActivityLog_2024-07-16_UTC.ZB-IPS_TM_6.data with Adaptive Ghost logic...
FILE: TRADEACTIVITYLOG_2024-05-31_UTC.ES-TM_6.DATA | ACC: ES-TM_6 | SYMBOL: ESM24 | RAW: 212 | FILLS: 106
DEBUG: Running _parse_file_nitro on C:\Model-\TradeActivityLogs-tm_6\TradeActivityLog_2024-05-31_UTC.IPS_TM_6.data with Adaptive Ghost logic...
FILE: TRADEACTIVITYLOG_2024-09-23_UTC.ES-IPS_TM_6.DATA | ACC: ES-IPS_TM_6 | SYMBOL: ESZ24 | RAW: 46 | FILLS: 23
DEBUG: Running _parse_file_nitro on C:\Model-\TradeActivityLogs-tm_6\TradeActivityLog_2024-09-23_UTC.ES-TM_6.data with Adaptive Ghost logic...
FILE: TRADEACTIVITYLOG_2024-06-30_UTC.IPS_TM_6.DATA | ACC: IPS_TM_6 | SYMBOL: NQU24 | RAW: 6 | FILLS: 4
DEBUG: Running _parse_file_nitro on C:\Model-\TradeActivityLogs-tm_6\TradeActivityLog_2024-06-30_UTC.TM_6.data with Adaptive Ghost logic...
FILE: TRADEACTIVITYLOG_2024-06-16_UTC.TM_6.DATA | ACC: TM_6 | SYMBOL: ZNU24 | RAW: 6 | FILLS: 3
FILE: TRADEACTIVITYLOG_2024-07-16_UTC.ZB-IPS_TM_6.DATA | ACC: ZB-IPS_TM_6 | SYMBOL: Unknown | RAW: 0 | FILLS: 0
DEBUG: Running _parse_file_nitro on C:\Model-\TradeActivityLogs-tm_6\TradeActivityLog_2024-06-16_UTC.ZB-IPS_TM_6.data with Adaptive Ghost logic...
DEBUG: Running _parse_file_nitro on C:\Model-\TradeActivityLogs-tm_6\TradeActivityLog_2024-07-16_UTC.ZB-TM_6.data with Adaptive Ghost logic...
FILE: TRADEACTIVITYLOG_2024-08-14_UTC.ES-TM_6.DATA | ACC: ES-TM_6 | SYMBOL: ESU24 | RAW: 64 | FILLS: 32
DEBUG: Running _parse_file_nitro on C:\Model-\TradeActivityLogs-tm_6\TradeActivityLog_2024-08-14_UTC.IPS_TM_6.data with Adaptive Ghost logic...
FILE: TRADEACTIVITYLOG_2024-03-15_UTC.IPS_TM_6.DATA | ACC: IPS_TM_6 | SYMBOL: NQM24 | RAW: 182 | FILLS: 91
DEBUG: Running _parse_file_nitro on C:\Model-\TradeActivityLogs-tm_6\TradeActivityLog_2024-03-15_UTC.TM_6.data with Adaptive Ghost logic...
FILE: TRADEACTIVITYLOG_2024-07-16_UTC.ZB-TM_6.DATA | ACC: ZB-TM_6 | SYMBOL: Unknown | RAW: 0 | FILLS: 0
FILE: TRADEACTIVITYLOG_2024-06-16_UTC.ZB-IPS_TM_6.DATA | ACC: ZB-IPS_TM_6 | SYMBOL: Unknown | RAW: 0 | FILLS: 0
DEBUG: Running _parse_file_nitro on C:\Model-\TradeActivityLogs-tm_6\TradeActivityLog_2024-06-16_UTC.ZB-TM_6.data with Adaptive Ghost logic...
DEBUG: Running _parse_file_nitro on C:\Model-\TradeActivityLogs-tm_6\TradeActivityLog_2024-07-17_UTC.CL-IPS_TM_6.data with Adaptive Ghost logic...
FILE: TRADEACTIVITYLOG_2024-06-30_UTC.TM_6.DATA | ACC: TM_6 | SYMBOL: NQU24 | RAW: 6 | FILLS: 4
DEBUG: Running _parse_file_nitro on C:\Model-\TradeActivityLogs-tm_6\TradeActivityLog_2024-06-30_UTC.ZB-IPS_TM_6.data with Adaptive Ghost logic...
FILE: TRADEACTIVITYLOG_2024-09-23_UTC.ES-TM_6.DATA | ACC: ES-TM_6 | SYMBOL: ESZ24 | RAW: 46 | FILLS: 23
DEBUG: Running _parse_file_nitro on C:\Model-\TradeActivityLogs-tm_6\TradeActivityLog_2024-09-23_UTC.IPS_TM_6.data with Adaptive Ghost logic...
FILE: TRADEACTIVITYLOG_2024-05-01_UTC.IPS_TM_6.DATA | ACC: IPS_TM_6 | SYMBOL: NQM24 | RAW: 250 | FILLS: 125
FILE: TRADEACTIVITYLOG_2024-05-31_UTC.IPS_TM_6.DATA | ACC: IPS_TM_6 | SYMBOL: ZBU24 | RAW: 328 | FILLS: 164
DEBUG: Running _parse_file_nitro on C:\Model-\TradeActivityLogs-tm_6\TradeActivityLog_2024-05-01_UTC.TM_6.data with Adaptive Ghost logic...
DEBUG: Running _parse_file_nitro on C:\Model-\TradeActivityLogs-tm_6\TradeActivityLog_2024-05-31_UTC.TM_6.data with Adaptive Ghost logic...
FILE: TRADEACTIVITYLOG_2024-06-16_UTC.ZB-TM_6.DATA | ACC: ZB-TM_6 | SYMBOL: Unknown | RAW: 0 | FILLS: 0
FILE: TRADEACTIVITYLOG_2024-07-17_UTC.CL-IPS_TM_6.DATA | ACC: CL-IPS_TM_6 | SYMBOL: CL | RAW: 0 | FILLS: 0
FILE: TRADEACTIVITYLOG_2024-06-30_UTC.ZB-IPS_TM_6.DATA | ACC: ZB-IPS_TM_6 | SYMBOL: Unknown | RAW: 0 | FILLS: 0
FILE: TRADEACTIVITYLOG_2024-09-04_UTC.IPS_TM_6.DATA | ACC: IPS_TM_6 | SYMBOL: NQU24 | RAW: 311 | FILLS: 156
DEBUG: Running _parse_file_nitro on C:\Model-\TradeActivityLogs-tm_6\TradeActivityLog_2024-06-17_UTC.CL-IPS_TM_6.data with Adaptive Ghost logic...
DEBUG: Running _parse_file_nitro on C:\Model-\TradeActivityLogs-tm_6\TradeActivityLog_2024-06-30_UTC.ZB-TM_6.data with Adaptive Ghost logic...
DEBUG: Running _parse_file_nitro on C:\Model-\TradeActivityLogs-tm_6\TradeActivityLog_2024-09-04_UTC.TM_6.data with Adaptive Ghost logic...
DEBUG: Running _parse_file_nitro on C:\Model-\TradeActivityLogs-tm_6\TradeActivityLog_2024-07-17_UTC.CL-TM_6.data with Adaptive Ghost logic...
FILE: TRADEACTIVITYLOG_2024-03-15_UTC.TM_6.DATA | ACC: TM_6 | SYMBOL: NQM24 | RAW: 182 | FILLS: 91
DEBUG: Running _parse_file_nitro on C:\Model-\TradeActivityLogs-tm_6\TradeActivityLog_2024-03-17_UTC.IPS_TM_6.data with Adaptive Ghost logic...
FILE: TRADEACTIVITYLOG_2024-06-17_UTC.CL-IPS_TM_6.DATA | ACC: CL-IPS_TM_6 | SYMBOL: CL | RAW: 0 | FILLS: 0
DEBUG: Running _parse_file_nitro on C:\Model-\TradeActivityLogs-tm_6\TradeActivityLog_2024-06-17_UTC.CL-TM_6.data with Adaptive Ghost logic...
FILE: TRADEACTIVITYLOG_2024-06-30_UTC.ZB-TM_6.DATA | ACC: ZB-TM_6 | SYMBOL: Unknown | RAW: 0 | FILLS: 0
DEBUG: Running _parse_file_nitro on C:\Model-\TradeActivityLogs-tm_6\TradeActivityLog_2024-07-01_UTC.CL-IPS_TM_6.data with Adaptive Ghost logic...
FILE: TRADEACTIVITYLOG_2024-07-17_UTC.CL-TM_6.DATA | ACC: CL-TM_6 | SYMBOL: CL | RAW: 0 | FILLS: 0
DEBUG: Running _parse_file_nitro on C:\Model-\TradeActivityLogs-tm_6\TradeActivityLog_2024-07-17_UTC.ES-IPS_TM_6.data with Adaptive Ghost logic...
FILE: TRADEACTIVITYLOG_2024-09-23_UTC.IPS_TM_6.DATA | ACC: IPS_TM_6 | SYMBOL: NQZ24 | RAW: 176 | FILLS: 88
DEBUG: Running _parse_file_nitro on C:\Model-\TradeActivityLogs-tm_6\TradeActivityLog_2024-09-23_UTC.TM_6.data with Adaptive Ghost logic...
FILE: TRADEACTIVITYLOG_2024-03-17_UTC.IPS_TM_6.DATA | ACC: IPS_TM_6 | SYMBOL: NQM24 | RAW: 10 | FILLS: 5
DEBUG: Running _parse_file_nitro on C:\Model-\TradeActivityLogs-tm_6\TradeActivityLog_2024-03-17_UTC.TM_6.data with Adaptive Ghost logic...
FILE: TRADEACTIVITYLOG_2024-06-17_UTC.CL-TM_6.DATA | ACC: CL-TM_6 | SYMBOL: CL | RAW: 0 | FILLS: 0
DEBUG: Running _parse_file_nitro on C:\Model-\TradeActivityLogs-tm_6\TradeActivityLog_2024-06-17_UTC.ES-IPS_TM_6.data with Adaptive Ghost logic...
FILE: TRADEACTIVITYLOG_2024-07-01_UTC.CL-IPS_TM_6.DATA | ACC: CL-IPS_TM_6 | SYMBOL: CL | RAW: 0 | FILLS: 0
DEBUG: Running _parse_file_nitro on C:\Model-\TradeActivityLogs-tm_6\TradeActivityLog_2024-07-01_UTC.CL-TM_6.data with Adaptive Ghost logic...
FILE: TRADEACTIVITYLOG_2024-05-01_UTC.TM_6.DATA | ACC: TM_6 | SYMBOL: NQM24 | RAW: 250 | FILLS: 125
FILE: TRADEACTIVITYLOG_2024-08-14_UTC.IPS_TM_6.DATA | ACC: IPS_TM_6 | SYMBOL: NQU24 | RAW: 334 | FILLS: 167
DEBUG: Running _parse_file_nitro on C:\Model-\TradeActivityLogs-tm_6\TradeActivityLog_2024-05-02_UTC.IPS_TM_6.data with Adaptive Ghost logic...
DEBUG: Running _parse_file_nitro on C:\Model-\TradeActivityLogs-tm_6\TradeActivityLog_2024-08-14_UTC.TM_6.data with Adaptive Ghost logic...
FILE: TRADEACTIVITYLOG_2024-05-31_UTC.TM_6.DATA | ACC: TM_6 | SYMBOL: ZNU24 | RAW: 334 | FILLS: 167
DEBUG: Running _parse_file_nitro on C:\Model-\TradeActivityLogs-tm_6\TradeActivityLog_2024-06-02_UTC.CL-IPS_TM_6.data with Adaptive Ghost logic...
FILE: TRADEACTIVITYLOG_2024-09-04_UTC.TM_6.DATA | ACC: TM_6 | SYMBOL: NQU24 | RAW: 311 | FILLS: 156
DEBUG: Running _parse_file_nitro on C:\Model-\TradeActivityLogs-tm_6\TradeActivityLog_2024-09-04_UTC.ZB-IPS_TM_6.data with Adaptive Ghost logic...
FILE: TRADEACTIVITYLOG_2024-03-17_UTC.TM_6.DATA | ACC: TM_6 | SYMBOL: NQM24 | RAW: 10 | FILLS: 5
DEBUG: Running _parse_file_nitro on C:\Model-\TradeActivityLogs-tm_6\TradeActivityLog_2024-03-18_UTC.IPS_TM_6.data with Adaptive Ghost logic...
FILE: TRADEACTIVITYLOG_2024-06-17_UTC.ES-IPS_TM_6.DATA | ACC: ES-IPS_TM_6 | SYMBOL: ESM24 | RAW: 24 | FILLS: 12
DEBUG: Running _parse_file_nitro on C:\Model-\TradeActivityLogs-tm_6\TradeActivityLog_2024-06-17_UTC.ES-TM_6.data with Adaptive Ghost logic...
FILE: TRADEACTIVITYLOG_2024-07-01_UTC.CL-TM_6.DATA | ACC: CL-TM_6 | SYMBOL: CL | RAW: 0 | FILLS: 0
DEBUG: Running _parse_file_nitro on C:\Model-\TradeActivityLogs-tm_6\TradeActivityLog_2024-07-01_UTC.ES-IPS_TM_6.data with Adaptive Ghost logic...
FILE: TRADEACTIVITYLOG_2024-07-17_UTC.ES-IPS_TM_6.DATA | ACC: ES-IPS_TM_6 | SYMBOL: ESU24 | RAW: 88 | FILLS: 44
DEBUG: Running _parse_file_nitro on C:\Model-\TradeActivityLogs-tm_6\TradeActivityLog_2024-07-17_UTC.ES-TM_6.data with Adaptive Ghost logic...
FILE: TRADEACTIVITYLOG_2024-09-23_UTC.TM_6.DATA | ACC: TM_6 | SYMBOL: CLX24 | RAW: 164 | FILLS: 82
DEBUG: Running _parse_file_nitro on C:\Model-\TradeActivityLogs-tm_6\TradeActivityLog_2024-09-24_UTC.CL-IPS_TM_6.data with Adaptive Ghost logic...
FILE: TRADEACTIVITYLOG_2024-06-02_UTC.CL-IPS_TM_6.DATA | ACC: CL-IPS_TM_6 | SYMBOL: CL | RAW: 0 | FILLS: 0
DEBUG: Running _parse_file_nitro on C:\Model-\TradeActivityLogs-tm_6\TradeActivityLog_2024-06-02_UTC.CL-TM_6.data with Adaptive Ghost logic...
FILE: TRADEACTIVITYLOG_2024-09-04_UTC.ZB-IPS_TM_6.DATA | ACC: ZB-IPS_TM_6 | SYMBOL: Unknown | RAW: 0 | FILLS: 0
DEBUG: Running _parse_file_nitro on C:\Model-\TradeActivityLogs-tm_6\TradeActivityLog_2024-09-04_UTC.ZB-TM_6.data with Adaptive Ghost logic...
FILE: TRADEACTIVITYLOG_2024-06-17_UTC.ES-TM_6.DATA | ACC: ES-TM_6 | SYMBOL: ESM24 | RAW: 24 | FILLS: 12
DEBUG: Running _parse_file_nitro on C:\Model-\TradeActivityLogs-tm_6\TradeActivityLog_2024-06-17_UTC.IPS_TM_6.data with Adaptive Ghost logic...
FILE: TRADEACTIVITYLOG_2024-07-25_UTC.IPS_TM_6.DATA | ACC: IPS_TM_6 | SYMBOL: NQU24 | RAW: 245 | FILLS: 200
DEBUG: Running _parse_file_nitro on C:\Model-\TradeActivityLogs-tm_6\TradeActivityLog_2024-07-25_UTC.TM_6.data with Adaptive Ghost logic...
FILE: TRADEACTIVITYLOG_2024-07-01_UTC.ES-IPS_TM_6.DATA | ACC: ES-IPS_TM_6 | SYMBOL: ESU24 | RAW: 28 | FILLS: 14
DEBUG: Running _parse_file_nitro on C:\Model-\TradeActivityLogs-tm_6\TradeActivityLog_2024-07-01_UTC.ES-TM_6.data with Adaptive Ghost logic...
FILE: TRADEACTIVITYLOG_2024-05-02_UTC.IPS_TM_6.DATA | ACC: IPS_TM_6 | SYMBOL: NQM24 | RAW: 170 | FILLS: 85
DEBUG: Running _parse_file_nitro on C:\Model-\TradeActivityLogs-tm_6\TradeActivityLog_2024-05-02_UTC.TM_6.data with Adaptive Ghost logic...
FILE: TRADEACTIVITYLOG_2024-09-24_UTC.CL-IPS_TM_6.DATA | ACC: CL-IPS_TM_6 | SYMBOL: CL | RAW: 0 | FILLS: 0
DEBUG: Running _parse_file_nitro on C:\Model-\TradeActivityLogs-tm_6\TradeActivityLog_2024-09-24_UTC.CL-TM_6.data with Adaptive Ghost logic...
FILE: TRADEACTIVITYLOG_2024-06-02_UTC.CL-TM_6.DATA | ACC: CL-TM_6 | SYMBOL: CL | RAW: 0 | FILLS: 0
DEBUG: Running _parse_file_nitro on C:\Model-\TradeActivityLogs-tm_6\TradeActivityLog_2024-06-02_UTC.ES-IPS_TM_6.data with Adaptive Ghost logic...
FILE: TRADEACTIVITYLOG_2024-07-17_UTC.ES-TM_6.DATA | ACC: ES-TM_6 | SYMBOL: ESU24 | RAW: 88 | FILLS: 44
DEBUG: Running _parse_file_nitro on C:\Model-\TradeActivityLogs-tm_6\TradeActivityLog_2024-07-17_UTC.IPS_TM_6.data with Adaptive Ghost logic...
FILE: TRADEACTIVITYLOG_2024-09-04_UTC.ZB-TM_6.DATA | ACC: ZB-TM_6 | SYMBOL: Unknown | RAW: 0 | FILLS: 0
DEBUG: Running _parse_file_nitro on C:\Model-\TradeActivityLogs-tm_6\TradeActivityLog_2024-09-05_UTC.IPS_TM_6.data with Adaptive Ghost logic...
FILE: TRADEACTIVITYLOG_2024-03-18_UTC.IPS_TM_6.DATA | ACC: IPS_TM_6 | SYMBOL: NQM24 | RAW: 240 | FILLS: 120
DEBUG: Running _parse_file_nitro on C:\Model-\TradeActivityLogs-tm_6\TradeActivityLog_2024-03-18_UTC.TM_6.data with Adaptive Ghost logic...
FILE: TRADEACTIVITYLOG_2024-09-24_UTC.CL-TM_6.DATA | ACC: CL-TM_6 | SYMBOL: CL | RAW: 0 | FILLS: 0
DEBUG: Running _parse_file_nitro on C:\Model-\TradeActivityLogs-tm_6\TradeActivityLog_2024-09-24_UTC.ES-IPS_TM_6.data with Adaptive Ghost logic...
FILE: TRADEACTIVITYLOG_2024-07-01_UTC.ES-TM_6.DATA | ACC: ES-TM_6 | SYMBOL: ESU24 | RAW: 88 | FILLS: 44
DEBUG: Running _parse_file_nitro on C:\Model-\TradeActivityLogs-tm_6\TradeActivityLog_2024-07-01_UTC.IPS_TM_6.data with Adaptive Ghost logic...
FILE: TRADEACTIVITYLOG_2024-06-02_UTC.ES-IPS_TM_6.DATA | ACC: ES-IPS_TM_6 | SYMBOL: ESM24 | RAW: 6 | FILLS: 3
DEBUG: Running _parse_file_nitro on C:\Model-\TradeActivityLogs-tm_6\TradeActivityLog_2024-06-02_UTC.ES-TM_6.data with Adaptive Ghost logic...
FILE: TRADEACTIVITYLOG_2024-06-17_UTC.IPS_TM_6.DATA | ACC: IPS_TM_6 | SYMBOL: CLQ24 | RAW: 197 | FILLS: 99
DEBUG: Running _parse_file_nitro on C:\Model-\TradeActivityLogs-tm_6\TradeActivityLog_2024-06-17_UTC.TM_6.data with Adaptive Ghost logic...
FILE: TRADEACTIVITYLOG_2024-07-25_UTC.TM_6.DATA | ACC: TM_6 | SYMBOL: NQU24 | RAW: 243 | FILLS: 199
DEBUG: Running _parse_file_nitro on C:\Model-\TradeActivityLogs-tm_6\TradeActivityLog_2024-07-25_UTC.ZB-IPS_TM_6.data with Adaptive Ghost logic...
FILE: TRADEACTIVITYLOG_2024-08-14_UTC.TM_6.DATA | ACC: TM_6 | SYMBOL: NQU24 | RAW: 334 | FILLS: 167
FILE: TRADEACTIVITYLOG_2024-07-17_UTC.IPS_TM_6.DATA | ACC: IPS_TM_6 | SYMBOL: NQU24 | RAW: 165 | FILLS: 137
DEBUG: Running _parse_file_nitro on C:\Model-\TradeActivityLogs-tm_6\TradeActivityLog_2024-07-17_UTC.TM_6.data with Adaptive Ghost logic...
DEBUG: Running _parse_file_nitro on C:\Model-\TradeActivityLogs-tm_6\TradeActivityLog_2024-08-14_UTC.ZB-IPS_TM_6.data with Adaptive Ghost logic...
FILE: TRADEACTIVITYLOG_2024-05-02_UTC.TM_6.DATA | ACC: TM_6 | SYMBOL: NQM24 | RAW: 170 | FILLS: 85
DEBUG: Running _parse_file_nitro on C:\Model-\TradeActivityLogs-tm_6\TradeActivityLog_2024-05-03_UTC.IPS_TM_6.data with Adaptive Ghost logic...
FILE: TRADEACTIVITYLOG_2024-06-02_UTC.ES-TM_6.DATA | ACC: ES-TM_6 | SYMBOL: ESM24 | RAW: 6 | FILLS: 3
DEBUG: Running _parse_file_nitro on C:\Model-\TradeActivityLogs-tm_6\TradeActivityLog_2024-06-02_UTC.IPS_TM_6.data with Adaptive Ghost logic...
FILE: TRADEACTIVITYLOG_2024-09-24_UTC.ES-IPS_TM_6.DATA | ACC: ES-IPS_TM_6 | SYMBOL: ESZ24 | RAW: 60 | FILLS: 31
DEBUG: Running _parse_file_nitro on C:\Model-\TradeActivityLogs-tm_6\TradeActivityLog_2024-09-24_UTC.ES-TM_6.data with Adaptive Ghost logic...
FILE: TRADEACTIVITYLOG_2024-09-05_UTC.IPS_TM_6.DATA | ACC: IPS_TM_6 | SYMBOL: NQU24 | RAW: 234 | FILLS: 117
DEBUG: Running _parse_file_nitro on C:\Model-\TradeActivityLogs-tm_6\TradeActivityLog_2024-09-05_UTC.TM_6.data with Adaptive Ghost logic...
FILE: TRADEACTIVITYLOG_2024-07-01_UTC.IPS_TM_6.DATA | ACC: IPS_TM_6 | SYMBOL: NQU24 | RAW: 120 | FILLS: 70
DEBUG: Running _parse_file_nitro on C:\Model-\TradeActivityLogs-tm_6\TradeActivityLog_2024-07-01_UTC.TM_6.data with Adaptive Ghost logic...
FILE: TRADEACTIVITYLOG_2024-07-25_UTC.ZB-IPS_TM_6.DATA | ACC: ZB-IPS_TM_6 | SYMBOL: Unknown | RAW: 0 | FILLS: 0
FILE: TRADEACTIVITYLOG_2024-08-14_UTC.ZB-IPS_TM_6.DATA | ACC: ZB-IPS_TM_6 | SYMBOL: Unknown | RAW: 0 | FILLS: 0
DEBUG: Running _parse_file_nitro on C:\Model-\TradeActivityLogs-tm_6\TradeActivityLog_2024-07-25_UTC.ZB-TM_6.data with Adaptive Ghost logic...
DEBUG: Running _parse_file_nitro on C:\Model-\TradeActivityLogs-tm_6\TradeActivityLog_2024-08-14_UTC.ZB-TM_6.data with Adaptive Ghost logic...
FILE: TRADEACTIVITYLOG_2024-03-18_UTC.TM_6.DATA | ACC: TM_6 | SYMBOL: NQM24 | RAW: 240 | FILLS: 120
DEBUG: Running _parse_file_nitro on C:\Model-\TradeActivityLogs-tm_6\TradeActivityLog_2024-03-19_UTC.IPS_TM_6.data with Adaptive Ghost logic...
FILE: TRADEACTIVITYLOG_2024-06-02_UTC.IPS_TM_6.DATA | ACC: IPS_TM_6 | SYMBOL: CLN24 | RAW: 12 | FILLS: 6
DEBUG: Running _parse_file_nitro on C:\Model-\TradeActivityLogs-tm_6\TradeActivityLog_2024-06-02_UTC.TM_6.data with Adaptive Ghost logic...
FILE: TRADEACTIVITYLOG_2024-07-17_UTC.TM_6.DATA | ACC: TM_6 | SYMBOL: NQU24 | RAW: 164 | FILLS: 136
DEBUG: Running _parse_file_nitro on C:\Model-\TradeActivityLogs-tm_6\TradeActivityLog_2024-07-17_UTC.ZB-IPS_TM_6.data with Adaptive Ghost logic...
FILE: TRADEACTIVITYLOG_2024-06-17_UTC.TM_6.DATA | ACC: TM_6 | SYMBOL: CLQ24 | RAW: 197 | FILLS: 99
DEBUG: Running _parse_file_nitro on C:\Model-\TradeActivityLogs-tm_6\TradeActivityLog_2024-06-17_UTC.ZB-IPS_TM_6.data with Adaptive Ghost logic...
FILE: TRADEACTIVITYLOG_2024-07-25_UTC.ZB-TM_6.DATA | ACC: ZB-TM_6 | SYMBOL: Unknown | RAW: 0 | FILLS: 0
DEBUG: Running _parse_file_nitro on C:\Model-\TradeActivityLogs-tm_6\TradeActivityLog_2024-07-26_UTC.ES-IPS_TM_6.data with Adaptive Ghost logic...
FILE: TRADEACTIVITYLOG_2024-08-14_UTC.ZB-TM_6.DATA | ACC: ZB-TM_6 | SYMBOL: Unknown | RAW: 0 | FILLS: 0
DEBUG: Running _parse_file_nitro on C:\Model-\TradeActivityLogs-tm_6\TradeActivityLog_2024-08-15_UTC.ES-IPS_TM_6.data with Adaptive Ghost logic...
FILE: TRADEACTIVITYLOG_2024-05-03_UTC.IPS_TM_6.DATA | ACC: IPS_TM_6 | SYMBOL: NQM24 | RAW: 156 | FILLS: 78
DEBUG: Running _parse_file_nitro on C:\Model-\TradeActivityLogs-tm_6\TradeActivityLog_2024-05-03_UTC.TM_6.data with Adaptive Ghost logic...
FILE: TRADEACTIVITYLOG_2024-09-24_UTC.ES-TM_6.DATA | ACC: ES-TM_6 | SYMBOL: ESZ24 | RAW: 60 | FILLS: 31
DEBUG: Running _parse_file_nitro on C:\Model-\TradeActivityLogs-tm_6\TradeActivityLog_2024-09-24_UTC.IPS_TM_6.data with Adaptive Ghost logic...
FILE: TRADEACTIVITYLOG_2024-06-02_UTC.TM_6.DATA | ACC: TM_6 | SYMBOL: CLN24 | RAW: 12 | FILLS: 6
DEBUG: Running _parse_file_nitro on C:\Model-\TradeActivityLogs-tm_6\TradeActivityLog_2024-06-02_UTC.ZB-IPS_TM_6.data with Adaptive Ghost logic...
FILE: TRADEACTIVITYLOG_2024-07-01_UTC.TM_6.DATA | ACC: TM_6 | SYMBOL: NQU24 | RAW: 120 | FILLS: 70
DEBUG: Running _parse_file_nitro on C:\Model-\TradeActivityLogs-tm_6\TradeActivityLog_2024-07-01_UTC.ZB-IPS_TM_6.data with Adaptive Ghost logic...
FILE: TRADEACTIVITYLOG_2024-07-17_UTC.ZB-IPS_TM_6.DATA | ACC: ZB-IPS_TM_6 | SYMBOL: Unknown | RAW: 0 | FILLS: 0
DEBUG: Running _parse_file_nitro on C:\Model-\TradeActivityLogs-tm_6\TradeActivityLog_2024-07-17_UTC.ZB-TM_6.data with Adaptive Ghost logic...
FILE: TRADEACTIVITYLOG_2024-09-05_UTC.TM_6.DATA | ACC: TM_6 | SYMBOL: NQU24 | RAW: 236 | FILLS: 118
DEBUG: Running _parse_file_nitro on C:\Model-\TradeActivityLogs-tm_6\TradeActivityLog_2024-09-06_UTC.IPS_TM_6.data with Adaptive Ghost logic...
FILE: TRADEACTIVITYLOG_2024-06-17_UTC.ZB-IPS_TM_6.DATA | ACC: ZB-IPS_TM_6 | SYMBOL: Unknown | RAW: 0 | FILLS: 0
DEBUG: Running _parse_file_nitro on C:\Model-\TradeActivityLogs-tm_6\TradeActivityLog_2024-06-17_UTC.ZB-TM_6.data with Adaptive Ghost logic...
FILE: TRADEACTIVITYLOG_2024-08-15_UTC.ES-IPS_TM_6.DATA | ACC: ES-IPS_TM_6 | SYMBOL: ESU24 | RAW: 32 | FILLS: 16
DEBUG: Running _parse_file_nitro on C:\Model-\TradeActivityLogs-tm_6\TradeActivityLog_2024-08-15_UTC.ES-TM_6.data with Adaptive Ghost logic...
FILE: TRADEACTIVITYLOG_2024-06-02_UTC.ZB-IPS_TM_6.DATA | ACC: ZB-IPS_TM_6 | SYMBOL: Unknown | RAW: 0 | FILLS: 0
DEBUG: Running _parse_file_nitro on C:\Model-\TradeActivityLogs-tm_6\TradeActivityLog_2024-06-02_UTC.ZB-TM_6.data with Adaptive Ghost logic...
FILE: TRADEACTIVITYLOG_2024-07-01_UTC.ZB-IPS_TM_6.DATA | ACC: ZB-IPS_TM_6 | SYMBOL: Unknown | RAW: 0 | FILLS: 0
DEBUG: Running _parse_file_nitro on C:\Model-\TradeActivityLogs-tm_6\TradeActivityLog_2024-07-01_UTC.ZB-TM_6.data with Adaptive Ghost logic...
FILE: TRADEACTIVITYLOG_2024-07-26_UTC.ES-IPS_TM_6.DATA | ACC: ES-IPS_TM_6 | SYMBOL: ESU24 | RAW: 58 | FILLS: 29
DEBUG: Running _parse_file_nitro on C:\Model-\TradeActivityLogs-tm_6\TradeActivityLog_2024-07-26_UTC.ES-TM_6.data with Adaptive Ghost logic...
FILE: TRADEACTIVITYLOG_2024-07-17_UTC.ZB-TM_6.DATA | ACC: ZB-TM_6 | SYMBOL: Unknown | RAW: 0 | FILLS: 0
DEBUG: Running _parse_file_nitro on C:\Model-\TradeActivityLogs-tm_6\TradeActivityLog_2024-07-18_UTC.ES-IPS_TM_6.data with Adaptive Ghost logic...
FILE: TRADEACTIVITYLOG_2024-03-19_UTC.IPS_TM_6.DATA | ACC: IPS_TM_6 | SYMBOL: NQM24 | RAW: 200 | FILLS: 100
DEBUG: Running _parse_file_nitro on C:\Model-\TradeActivityLogs-tm_6\TradeActivityLog_2024-03-19_UTC.TM_6.data with Adaptive Ghost logic...
FILE: TRADEACTIVITYLOG_2024-06-17_UTC.ZB-TM_6.DATA | ACC: ZB-TM_6 | SYMBOL: Unknown | RAW: 0 | FILLS: 0
DEBUG: Running _parse_file_nitro on C:\Model-\TradeActivityLogs-tm_6\TradeActivityLog_2024-06-18_UTC.CL-IPS_TM_6.data with Adaptive Ghost logic...
FILE: TRADEACTIVITYLOG_2024-06-02_UTC.ZB-TM_6.DATA | ACC: ZB-TM_6 | SYMBOL: Unknown | RAW: 0 | FILLS: 0
DEBUG: Running _parse_file_nitro on C:\Model-\TradeActivityLogs-tm_6\TradeActivityLog_2024-06-03_UTC.ES-IPS_TM_6.data with Adaptive Ghost logic...
FILE: TRADEACTIVITYLOG_2024-05-03_UTC.TM_6.DATA | ACC: TM_6 | SYMBOL: NQM24 | RAW: 156 | FILLS: 78
DEBUG: Running _parse_file_nitro on C:\Model-\TradeActivityLogs-tm_6\TradeActivityLog_2024-05-05_UTC.IPS_TM_6.data with Adaptive Ghost logic...
FILE: TRADEACTIVITYLOG_2024-07-01_UTC.ZB-TM_6.DATA | ACC: ZB-TM_6 | SYMBOL: Unknown | RAW: 0 | FILLS: 0
DEBUG: Running _parse_file_nitro on C:\Model-\TradeActivityLogs-tm_6\TradeActivityLog_2024-07-02_UTC.CL-IPS_TM_6.data with Adaptive Ghost logic...
FILE: TRADEACTIVITYLOG_2024-08-15_UTC.ES-TM_6.DATA | ACC: ES-TM_6 | SYMBOL: ESU24 | RAW: 32 | FILLS: 16
DEBUG: Running _parse_file_nitro on C:\Model-\TradeActivityLogs-tm_6\TradeActivityLog_2024-08-15_UTC.IPS_TM_6.data with Adaptive Ghost logic...
FILE: TRADEACTIVITYLOG_2024-09-24_UTC.IPS_TM_6.DATA | ACC: IPS_TM_6 | SYMBOL: CLX24 | RAW: 210 | FILLS: 111
DEBUG: Running _parse_file_nitro on C:\Model-\TradeActivityLogs-tm_6\TradeActivityLog_2024-09-24_UTC.TM_6.data with Adaptive Ghost logic...
FILE: TRADEACTIVITYLOG_2024-07-26_UTC.ES-TM_6.DATA | ACC: ES-TM_6 | SYMBOL: ESU24 | RAW: 58 | FILLS: 29
DEBUG: Running _parse_file_nitro on C:\Model-\TradeActivityLogs-tm_6\TradeActivityLog_2024-07-26_UTC.IPS_TM_6.data with Adaptive Ghost logic...
FILE: TRADEACTIVITYLOG_2024-06-18_UTC.CL-IPS_TM_6.DATA | ACC: CL-IPS_TM_6 | SYMBOL: CL | RAW: 0 | FILLS: 0
DEBUG: Running _parse_file_nitro on C:\Model-\TradeActivityLogs-tm_6\TradeActivityLog_2024-06-18_UTC.CL-TM_6.data with Adaptive Ghost logic...
FILE: TRADEACTIVITYLOG_2024-05-05_UTC.IPS_TM_6.DATA | ACC: IPS_TM_6 | SYMBOL: Unknown | RAW: 0 | FILLS: 0
FILE: TRADEACTIVITYLOG_2024-09-06_UTC.IPS_TM_6.DATA | ACC: IPS_TM_6 | SYMBOL: NQU24 | RAW: 270 | FILLS: 135
DEBUG: Running _parse_file_nitro on C:\Model-\TradeActivityLogs-tm_6\TradeActivityLog_2024-05-05_UTC.TM_6.data with Adaptive Ghost logic...
DEBUG: Running _parse_file_nitro on C:\Model-\TradeActivityLogs-tm_6\TradeActivityLog_2024-09-06_UTC.TM_6.data with Adaptive Ghost logic...
FILE: TRADEACTIVITYLOG_2024-07-02_UTC.CL-IPS_TM_6.DATA | ACC: CL-IPS_TM_6 | SYMBOL: CL | RAW: 0 | FILLS: 0
DEBUG: Running _parse_file_nitro on C:\Model-\TradeActivityLogs-tm_6\TradeActivityLog_2024-07-02_UTC.CL-TM_6.data with Adaptive Ghost logic...
FILE: TRADEACTIVITYLOG_2024-07-18_UTC.ES-IPS_TM_6.DATA | ACC: ES-IPS_TM_6 | SYMBOL: ESU24 | RAW: 146 | FILLS: 73
DEBUG: Running _parse_file_nitro on C:\Model-\TradeActivityLogs-tm_6\TradeActivityLog_2024-07-18_UTC.ES-TM_6.data with Adaptive Ghost logic...
FILE: TRADEACTIVITYLOG_2024-06-03_UTC.ES-IPS_TM_6.DATA | ACC: ES-IPS_TM_6 | SYMBOL: ESM24 | RAW: 112 | FILLS: 56
DEBUG: Running _parse_file_nitro on C:\Model-\TradeActivityLogs-tm_6\TradeActivityLog_2024-06-03_UTC.ES-TM_6.data with Adaptive Ghost logic...
FILE: TRADEACTIVITYLOG_2024-03-19_UTC.TM_6.DATA | ACC: TM_6 | SYMBOL: NQM24 | RAW: 200 | FILLS: 100
DEBUG: Running _parse_file_nitro on C:\Model-\TradeActivityLogs-tm_6\TradeActivityLog_2024-03-20_UTC.IPS_TM_6.data with Adaptive Ghost logic...
FILE: TRADEACTIVITYLOG_2024-06-18_UTC.CL-TM_6.DATA | ACC: CL-TM_6 | SYMBOL: CL | RAW: 0 | FILLS: 0
DEBUG: Running _parse_file_nitro on C:\Model-\TradeActivityLogs-tm_6\TradeActivityLog_2024-06-18_UTC.ES-IPS_TM_6.data with Adaptive Ghost logic...
FILE: TRADEACTIVITYLOG_2024-07-02_UTC.CL-TM_6.DATA | ACC: CL-TM_6 | SYMBOL: CL | RAW: 0 | FILLS: 0
FILE: TRADEACTIVITYLOG_2024-05-05_UTC.TM_6.DATA | ACC: TM_6 | SYMBOL: Unknown | RAW: 0 | FILLS: 0
DEBUG: Running _parse_file_nitro on C:\Model-\TradeActivityLogs-tm_6\TradeActivityLog_2024-07-02_UTC.ES-IPS_TM_6.data with Adaptive Ghost logic...
DEBUG: Running _parse_file_nitro on C:\Model-\TradeActivityLogs-tm_6\TradeActivityLog_2024-05-06_UTC.IPS_TM_6.data with Adaptive Ghost logic...
FILE: TRADEACTIVITYLOG_2024-08-15_UTC.IPS_TM_6.DATA | ACC: IPS_TM_6 | SYMBOL: NQU24 | RAW: 218 | FILLS: 109
DEBUG: Running _parse_file_nitro on C:\Model-\TradeActivityLogs-tm_6\TradeActivityLog_2024-08-15_UTC.TM_6.data with Adaptive Ghost logic...
FILE: TRADEACTIVITYLOG_2024-09-24_UTC.TM_6.DATA | ACC: TM_6 | SYMBOL: CLX24 | RAW: 213 | FILLS: 113
DEBUG: Running _parse_file_nitro on C:\Model-\TradeActivityLogs-tm_6\TradeActivityLog_2024-09-24_UTC.ZB-IPS_TM_6.data with Adaptive Ghost logic...
FILE: TRADEACTIVITYLOG_2024-06-18_UTC.ES-IPS_TM_6.DATA | ACC: ES-IPS_TM_6 | SYMBOL: ESU24 | RAW: 31 | FILLS: 16
DEBUG: Running _parse_file_nitro on C:\Model-\TradeActivityLogs-tm_6\TradeActivityLog_2024-06-18_UTC.ES-TM_6.data with Adaptive Ghost logic...
FILE: TRADEACTIVITYLOG_2024-07-02_UTC.ES-IPS_TM_6.DATA | ACC: ES-IPS_TM_6 | SYMBOL: ESU24 | RAW: 24 | FILLS: 12
DEBUG: Running _parse_file_nitro on C:\Model-\TradeActivityLogs-tm_6\TradeActivityLog_2024-07-02_UTC.ES-TM_6.data with Adaptive Ghost logic...
FILE: TRADEACTIVITYLOG_2024-06-03_UTC.ES-TM_6.DATA | ACC: ES-TM_6 | SYMBOL: ESM24 | RAW: 112 | FILLS: 56
DEBUG: Running _parse_file_nitro on C:\Model-\TradeActivityLogs-tm_6\TradeActivityLog_2024-06-03_UTC.IPS_TM_6.data with Adaptive Ghost logic...
FILE: TRADEACTIVITYLOG_2024-07-18_UTC.ES-TM_6.DATA | ACC: ES-TM_6 | SYMBOL: ESU24 | RAW: 130 | FILLS: 65
DEBUG: Running _parse_file_nitro on C:\Model-\TradeActivityLogs-tm_6\TradeActivityLog_2024-07-18_UTC.IPS_TM_6.data with Adaptive Ghost logic...
FILE: TRADEACTIVITYLOG_2024-09-06_UTC.TM_6.DATA | ACC: TM_6 | SYMBOL: NQU24 | RAW: 218 | FILLS: 109
DEBUG: Running _parse_file_nitro on C:\Model-\TradeActivityLogs-tm_6\TradeActivityLog_2024-09-07_UTC.CL-IPS_TM_6.data with Adaptive Ghost logic...
FILE: TRADEACTIVITYLOG_2024-05-06_UTC.IPS_TM_6.DATA | ACC: IPS_TM_6 | SYMBOL: NQM24 | RAW: 90 | FILLS: 45
DEBUG: Running _parse_file_nitro on C:\Model-\TradeActivityLogs-tm_6\TradeActivityLog_2024-05-06_UTC.TM_6.data with Adaptive Ghost logic...
FILE: TRADEACTIVITYLOG_2024-09-24_UTC.ZB-IPS_TM_6.DATA | ACC: ZB-IPS_TM_6 | SYMBOL: Unknown | RAW: 0 | FILLS: 0
DEBUG: Running _parse_file_nitro on C:\Model-\TradeActivityLogs-tm_6\TradeActivityLog_2024-09-24_UTC.ZB-TM_6.data with Adaptive Ghost logic...
FILE: TRADEACTIVITYLOG_2024-06-18_UTC.ES-TM_6.DATA | ACC: ES-TM_6 | SYMBOL: ESU24 | RAW: 31 | FILLS: 16
DEBUG: Running _parse_file_nitro on C:\Model-\TradeActivityLogs-tm_6\TradeActivityLog_2024-06-18_UTC.IPS_TM_6.data with Adaptive Ghost logic...
FILE: TRADEACTIVITYLOG_2024-03-20_UTC.IPS_TM_6.DATA | ACC: IPS_TM_6 | SYMBOL: NQM24 | RAW: 238 | FILLS: 119
FILE: TRADEACTIVITYLOG_2024-09-07_UTC.CL-IPS_TM_6.DATA | ACC: CL-IPS_TM_6 | SYMBOL: CL | RAW: 0 | FILLS: 0
DEBUG: Running _parse_file_nitro on C:\Model-\TradeActivityLogs-tm_6\TradeActivityLog_2024-03-20_UTC.TM_6.data with Adaptive Ghost logic...
.
FILE: TRADEACTIVITYLOG_2024-07-02_UTC.ES-TM_6.DATA | ACC: ES-TM_6 | SYMBOL: ESU24 | RAW: 38 | FILLS: 19
DEBUG: Running _parse_file_nitro on C:\Model-\TradeActivityLogs-tm_6\TradeActivityLog_2024-07-02_UTC.IPS_TM_6.data with Adaptive Ghost logic...
FILE: TRADEACTIVITYLOG_2024-09-24_UTC.ZB-TM_6.DATA | ACC: ZB-TM_6 | SYMBOL: Unknown | RAW: 0 | FILLS: 0
DEBUG: Running _parse_file_nitro on C:\Model-\TradeActivityLogs-tm_6\TradeActivityLog_2024-09-25_UTC.ES-IPS_TM_6.data with Adaptive Ghost logic...
FILE: TRADEACTIVITYLOG_2024-07-18_UTC.IPS_TM_6.DATA | ACC: IPS_TM_6 | SYMBOL: NQU24 | RAW: 196 | FILLS: 157
DEBUG: Running _parse_file_nitro on C:\Model-\TradeActivityLogs-tm_6\TradeActivityLog_2024-07-18_UTC.TM_6.data with Adaptive Ghost logic...
FILE: TRADEACTIVITYLOG_2024-05-06_UTC.TM_6.DATA | ACC: TM_6 | SYMBOL: NQM24 | RAW: 90 | FILLS: 45
DEBUG: Running _parse_file_nitro on C:\Model-\TradeActivityLogs-tm_6\TradeActivityLog_2024-05-07_UTC.IPS_TM_6.data with Adaptive Ghost logic...
FILE: TRADEACTIVITYLOG_2024-09-07_UTC.CL-TM_6.DATA | ACC: CL-TM_6 | SYMBOL: CL | RAW: 0 | FILLS: 0
DEBUG: Running _parse_file_nitro on C:\Model-\TradeActivityLogs-tm_6\TradeActivityLog_2024-09-07_UTC.ES-IPS_TM_6.data with Adaptive Ghost logic...
FILE: TRADEACTIVITYLOG_2024-09-25_UTC.ES-IPS_TM_6.DATA | ACC: ES-IPS_TM_6 | SYMBOL: ESZ24 | RAW: 50 | FILLS: 25
DEBUG: Running _parse_file_nitro on C:\Model-\TradeActivityLogs-tm_6\TradeActivityLog_2024-09-25_UTC.ES-TM_6.data with Adaptive Ghost logic...
FILE: TRADEACTIVITYLOG_2024-09-07_UTC.ES-IPS_TM_6.DATA | ACC: ES-IPS_TM_6 | SYMBOL: ES | RAW: 0 | FILLS: 0
DEBUG: Running _parse_file_nitro on C:\Model-\TradeActivityLogs-tm_6\TradeActivityLog_2024-09-07_UTC.ES-TM_6.data with Adaptive Ghost logic...
FILE: TRADEACTIVITYLOG_2024-07-02_UTC.IPS_TM_6.DATA | ACC: IPS_TM_6 | SYMBOL: CLQ24 | RAW: 326 | FILLS: 219
DEBUG: Running _parse_file_nitro on C:\Model-\TradeActivityLogs-tm_6\TradeActivityLog_2024-07-02_UTC.TM_6.data with Adaptive Ghost logic...
FILE: TRADEACTIVITYLOG_2024-07-18_UTC.TM_6.DATA | ACC: TM_6 | SYMBOL: NQU24 | RAW: 125 | FILLS: 86
DEBUG: Running _parse_file_nitro on C:\Model-\TradeActivityLogs-tm_6\TradeActivityLog_2024-07-19_UTC.CL-IPS_TM_6.data with Adaptive Ghost logic...
FILE: TRADEACTIVITYLOG_2024-09-07_UTC.ES-TM_6.DATA | ACC: ES-TM_6 | SYMBOL: ES | RAW: 0 | FILLS: 0
DEBUG: Running _parse_file_nitro on C:\Model-\TradeActivityLogs-tm_6\TradeActivityLog_2024-09-07_UTC.IPS_TM_6.data with Adaptive Ghost logic...
FILE: TRADEACTIVITYLOG_2024-06-18_UTC.IPS_TM_6.DATA | ACC: IPS_TM_6 | SYMBOL: ZBU24 | RAW: 328 | FILLS: 168
DEBUG: Running _parse_file_nitro on C:\Model-\TradeActivityLogs-tm_6\TradeActivityLog_2024-06-18_UTC.TM_6.data with Adaptive Ghost logic...
FILE: TRADEACTIVITYLOG_2024-03-20_UTC.TM_6.DATA | ACC: TM_6 | SYMBOL: NQM24 | RAW: 240 | FILLS: 120
FILE: TRADEACTIVITYLOG_2024-05-07_UTC.IPS_TM_6.DATA | ACC: IPS_TM_6 | SYMBOL: NQM24 | RAW: 124 | FILLS: 62
DEBUG: Running _parse_file_nitro on C:\Model-\TradeActivityLogs-tm_6\TradeActivityLog_2024-03-21_UTC.IPS_TM_6.data with Adaptive Ghost logic...
DEBUG: Running _parse_file_nitro on C:\Model-\TradeActivityLogs-tm_6\TradeActivityLog_2024-05-07_UTC.TM_6.data with Adaptive Ghost logic...
FILE: TRADEACTIVITYLOG_2024-06-03_UTC.IPS_TM_6.DATA | ACC: IPS_TM_6 | SYMBOL: ZNU24 | RAW: 506 | FILLS: 253
DEBUG: Running _parse_file_nitro on C:\Model-\TradeActivityLogs-tm_6\TradeActivityLog_2024-06-03_UTC.TM_6.data with Adaptive Ghost logic...
FILE: TRADEACTIVITYLOG_2024-09-25_UTC.ES-TM_6.DATA | ACC: ES-TM_6 | SYMBOL: ESZ24 | RAW: 46 | FILLS: 23
DEBUG: Running _parse_file_nitro on C:\Model-\TradeActivityLogs-tm_6\TradeActivityLog_2024-09-25_UTC.IPS_TM_6.data with Adaptive Ghost logic...
FILE: TRADEACTIVITYLOG_2024-07-19_UTC.CL-IPS_TM_6.DATA | ACC: CL-IPS_TM_6 | SYMBOL: CL | RAW: 0 | FILLS: 0
DEBUG: Running _parse_file_nitro on C:\Model-\TradeActivityLogs-tm_6\TradeActivityLog_2024-07-19_UTC.CL-TM_6.data with Adaptive Ghost logic...
FILE: TRADEACTIVITYLOG_2024-09-07_UTC.IPS_TM_6.DATA | ACC: IPS_TM_6 | SYMBOL: Unknown | RAW: 0 | FILLS: 0
DEBUG: Running _parse_file_nitro on C:\Model-\TradeActivityLogs-tm_6\TradeActivityLog_2024-09-07_UTC.TM_6.data with Adaptive Ghost logic...
FILE: TRADEACTIVITYLOG_2024-07-19_UTC.CL-TM_6.DATA | ACC: CL-TM_6 | SYMBOL: CL | RAW: 0 | FILLS: 0
DEBUG: Running _parse_file_nitro on C:\Model-\TradeActivityLogs-tm_6\TradeActivityLog_2024-07-19_UTC.ES-IPS_TM_6.data with Adaptive Ghost logic...
FILE: TRADEACTIVITYLOG_2024-08-15_UTC.TM_6.DATA | ACC: TM_6 | SYMBOL: NQU24 | RAW: 202 | FILLS: 101
FILE: TRADEACTIVITYLOG_2024-09-07_UTC.TM_6.DATA | ACC: TM_6 | SYMBOL: Unknown | RAW: 0 | FILLS: 0
DEBUG: Running _parse_file_nitro on C:\Model-\TradeActivityLogs-tm_6\TradeActivityLog_2024-08-16_UTC.ES-IPS_TM_6.data with Adaptive Ghost logic...
DEBUG: Running _parse_file_nitro on C:\Model-\TradeActivityLogs-tm_6\TradeActivityLog_2024-09-07_UTC.ZB-IPS_TM_6.data with Adaptive Ghost logic...
FILE: TRADEACTIVITYLOG_2024-07-02_UTC.TM_6.DATA | ACC: TM_6 | SYMBOL: CLQ24 | RAW: 321 | FILLS: 217
DEBUG: Running _parse_file_nitro on C:\Model-\TradeActivityLogs-tm_6\TradeActivityLog_2024-07-02_UTC.ZB-IPS_TM_6.data with Adaptive Ghost logic...
FILE: TRADEACTIVITYLOG_2024-05-07_UTC.TM_6.DATA | ACC: TM_6 | SYMBOL: NQM24 | RAW: 124 | FILLS: 62
DEBUG: Running _parse_file_nitro on C:\Model-\TradeActivityLogs-tm_6\TradeActivityLog_2024-05-08_UTC.IPS_TM_6.data with Adaptive Ghost logic...
FILE: TRADEACTIVITYLOG_2024-03-21_UTC.IPS_TM_6.DATA | ACC: IPS_TM_6 | SYMBOL: NQM24 | RAW: 186 | FILLS: 93
DEBUG: Running _parse_file_nitro on C:\Model-\TradeActivityLogs-tm_6\TradeActivityLog_2024-03-21_UTC.TM_6.data with Adaptive Ghost logic...
FILE: TRADEACTIVITYLOG_2024-09-07_UTC.ZB-IPS_TM_6.DATA | ACC: ZB-IPS_TM_6 | SYMBOL: Unknown | RAW: 0 | FILLS: 0
FILE: TRADEACTIVITYLOG_2024-09-25_UTC.IPS_TM_6.DATA | ACC: IPS_TM_6 | SYMBOL: NQZ24 | RAW: 226 | FILLS: 113
DEBUG: Running _parse_file_nitro on C:\Model-\TradeActivityLogs-tm_6\TradeActivityLog_2024-09-25_UTC.TM_6.data with Adaptive Ghost logic...
FILE: TRADEACTIVITYLOG_2024-06-18_UTC.TM_6.DATA | ACC: TM_6 | SYMBOL: ZBU24 | RAW: 339 | FILLS: 175
DEBUG: Running _parse_file_nitro on C:\Model-\TradeActivityLogs-tm_6\TradeActivityLog_2024-06-18_UTC.ZB-IPS_TM_6.data with Adaptive Ghost logic...
DEBUG: Running _parse_file_nitro on C:\Model-\TradeActivityLogs-tm_6\TradeActivityLog_2024-09-07_UTC.ZB-TM_6.data with Adaptive Ghost logic...
FILE: TRADEACTIVITYLOG_2024-08-16_UTC.ES-IPS_TM_6.DATA | ACC: ES-IPS_TM_6 | SYMBOL: ESU24 | RAW: 0 | FILLS: 0
FILE: TRADEACTIVITYLOG_2024-07-02_UTC.ZB-IPS_TM_6.DATA | ACC: ZB-IPS_TM_6 | SYMBOL: Unknown | RAW: 0 | FILLS: 0
DEBUG: Running _parse_file_nitro on C:\Model-\TradeActivityLogs-tm_6\TradeActivityLog_2024-08-16_UTC.ES-TM_6.data with Adaptive Ghost logic...
DEBUG: Running _parse_file_nitro on C:\Model-\TradeActivityLogs-tm_6\TradeActivityLog_2024-07-02_UTC.ZB-TM_6.data with Adaptive Ghost logic...
FILE: TRADEACTIVITYLOG_2024-07-19_UTC.ES-IPS_TM_6.DATA | ACC: ES-IPS_TM_6 | SYMBOL: ESU24 | RAW: 76 | FILLS: 38
DEBUG: Running _parse_file_nitro on C:\Model-\TradeActivityLogs-tm_6\TradeActivityLog_2024-07-19_UTC.ES-TM_6.data with Adaptive Ghost logic...
FILE: TRADEACTIVITYLOG_2024-06-18_UTC.ZB-IPS_TM_6.DATA | ACC: ZB-IPS_TM_6 | SYMBOL: Unknown | RAW: 0 | FILLS: 0
DEBUG: Running _parse_file_nitro on C:\Model-\TradeActivityLogs-tm_6\TradeActivityLog_2024-06-18_UTC.ZB-TM_6.data with Adaptive Ghost logic...
FILE: TRADEACTIVITYLOG_2024-09-07_UTC.ZB-TM_6.DATA | ACC: ZB-TM_6 | SYMBOL: Unknown | RAW: 0 | FILLS: 0
DEBUG: Running _parse_file_nitro on C:\Model-\TradeActivityLogs-tm_6\TradeActivityLog_2024-09-08_UTC.CL-IPS_TM_6.data with Adaptive Ghost logic...
FILE: TRADEACTIVITYLOG_2024-07-02_UTC.ZB-TM_6.DATA | ACC: ZB-TM_6 | SYMBOL: Unknown | RAW: 0 | FILLS: 0
DEBUG: Running _parse_file_nitro on C:\Model-\TradeActivityLogs-tm_6\TradeActivityLog_2024-07-03_UTC.CL-IPS_TM_6.data with Adaptive Ghost logic...
FILE: TRADEACTIVITYLOG_2024-05-08_UTC.IPS_TM_6.DATA | ACC: IPS_TM_6 | SYMBOL: NQM24 | RAW: 104 | FILLS: 52
DEBUG: Running _parse_file_nitro on C:\Model-\TradeActivityLogs-tm_6\TradeActivityLog_2024-05-08_UTC.TM_6.data with Adaptive Ghost logic...
FILE: TRADEACTIVITYLOG_2024-08-16_UTC.ES-TM_6.DATA | ACC: ES-TM_6 | SYMBOL: ESU24 | RAW: 0 | FILLS: 0
DEBUG: Running _parse_file_nitro on C:\Model-\TradeActivityLogs-tm_6\TradeActivityLog_2024-08-16_UTC.IPS_TM_6.data with Adaptive Ghost logic...
FILE: TRADEACTIVITYLOG_2024-06-03_UTC.TM_6.DATA | ACC: TM_6 | SYMBOL: ZNU24 | RAW: 512 | FILLS: 256
DEBUG: Running _parse_file_nitro on C:\Model-\TradeActivityLogs-tm_6\TradeActivityLog_2024-06-04_UTC.CL-IPS_TM_6.data with Adaptive Ghost logic...
FILE: TRADEACTIVITYLOG_2024-09-08_UTC.CL-IPS_TM_6.DATA | ACC: CL-IPS_TM_6 | SYMBOL: CL | RAW: 0 | FILLS: 0
FILE: TRADEACTIVITYLOG_2024-06-18_UTC.ZB-TM_6.DATA | ACC: ZB-TM_6 | SYMBOL: Unknown | RAW: 0 | FILLS: 0
DEBUG: Running _parse_file_nitro on C:\Model-\TradeActivityLogs-tm_6\TradeActivityLog_2024-09-08_UTC.CL-TM_6.data with Adaptive Ghost logic...
DEBUG: Running _parse_file_nitro on C:\Model-\TradeActivityLogs-tm_6\TradeActivityLog_2024-06-19_UTC.ES-IPS_TM_6.data with Adaptive Ghost logic...
FILE: TRADEACTIVITYLOG_2024-07-03_UTC.CL-IPS_TM_6.DATA | ACC: CL-IPS_TM_6 | SYMBOL: CL | RAW: 0 | FILLS: 0
DEBUG: Running _parse_file_nitro on C:\Model-\TradeActivityLogs-tm_6\TradeActivityLog_2024-07-03_UTC.CL-TM_6.data with Adaptive Ghost logic...
FILE: TRADEACTIVITYLOG_2024-09-25_UTC.TM_6.DATA | ACC: TM_6 | SYMBOL: NQZ24 | RAW: 234 | FILLS: 117
DEBUG: Running _parse_file_nitro on C:\Model-\TradeActivityLogs-tm_6\TradeActivityLog_2024-09-26_UTC.ES-IPS_TM_6.data with Adaptive Ghost logic...
FILE: TRADEACTIVITYLOG_2024-03-21_UTC.TM_6.DATA | ACC: TM_6 | SYMBOL: NQM24 | RAW: 186 | FILLS: 93
DEBUG: Running _parse_file_nitro on C:\Model-\TradeActivityLogs-tm_6\TradeActivityLog_2024-03-22_UTC.IPS_TM_6.data with Adaptive Ghost logic...
FILE: TRADEACTIVITYLOG_2024-08-16_UTC.IPS_TM_6.DATA | ACC: IPS_TM_6 | SYMBOL: NQU24 | RAW: 0 | FILLS: 0
DEBUG: Running _parse_file_nitro on C:\Model-\TradeActivityLogs-tm_6\TradeActivityLog_2024-08-16_UTC.TM_6.data with Adaptive Ghost logic...
FILE: TRADEACTIVITYLOG_2024-09-08_UTC.CL-TM_6.DATA | ACC: CL-TM_6 | SYMBOL: CL | RAW: 0 | FILLS: 0
DEBUG: Running _parse_file_nitro on C:\Model-\TradeActivityLogs-tm_6\TradeActivityLog_2024-09-08_UTC.ES-IPS_TM_6.data with Adaptive Ghost logic...
FILE: TRADEACTIVITYLOG_2024-06-19_UTC.ES-IPS_TM_6.DATA | ACC: ES-IPS_TM_6 | SYMBOL: ESU24 | RAW: 0 | FILLS: 0
DEBUG: Running _parse_file_nitro on C:\Model-\TradeActivityLogs-tm_6\TradeActivityLog_2024-06-19_UTC.ES-TM_6.data with Adaptive Ghost logic...
FILE: TRADEACTIVITYLOG_2024-07-19_UTC.ES-TM_6.DATA | ACC: ES-TM_6 | SYMBOL: ESU24 | RAW: 76 | FILLS: 38
DEBUG: Running _parse_file_nitro on C:\Model-\TradeActivityLogs-tm_6\TradeActivityLog_2024-07-19_UTC.IPS_TM_6.data with Adaptive Ghost logic...
FILE: TRADEACTIVITYLOG_2024-07-03_UTC.CL-TM_6.DATA | ACC: CL-TM_6 | SYMBOL: CL | RAW: 0 | FILLS: 0
DEBUG: Running _parse_file_nitro on C:\Model-\TradeActivityLogs-tm_6\TradeActivityLog_2024-07-03_UTC.ES-IPS_TM_6.data with Adaptive Ghost logic...
FILE: TRADEACTIVITYLOG_2024-08-16_UTC.TM_6.DATA | ACC: TM_6 | SYMBOL: CLU24 | RAW: 0 | FILLS: 0
FILE: TRADEACTIVITYLOG_2024-05-08_UTC.TM_6.DATA | ACC: TM_6 | SYMBOL: NQM24 | RAW: 104 | FILLS: 52
.TM_6.data with Adaptive Ghost logic...
DEBUG: Running _parse_file_nitro on C:\Model-\TradeActivityLogs-tm_6\TradeActivityLog_2024-05-09_UTC.IPS_TM_6.data with Adaptive Ghost logic...
FILE: TRADEACTIVITYLOG_2024-09-08_UTC.ES-IPS_TM_6.DATA | ACC: ES-IPS_TM_6 | SYMBOL: ES | RAW: 0 | FILLS: 0
DEBUG: Running _parse_file_nitro on C:\Model-\TradeActivityLogs-tm_6\TradeActivityLog_2024-09-08_UTC.ES-TM_6.data with Adaptive Ghost logic...
FILE: TRADEACTIVITYLOG_2024-06-04_UTC.CL-IPS_TM_6.DATA | ACC: CL-IPS_TM_6 | SYMBOL: CL | RAW: 0 | FILLS: 0
DEBUG: Running _parse_file_nitro on C:\Model-\TradeActivityLogs-tm_6\TradeActivityLog_2024-06-04_UTC.CL-TM_6.data with Adaptive Ghost logic...
FILE: TRADEACTIVITYLOG_2024-06-19_UTC.ES-TM_6.DATA | ACC: ES-TM_6 | SYMBOL: ESU24 | RAW: 0 | FILLS: 0
DEBUG: Running _parse_file_nitro on C:\Model-\TradeActivityLogs-tm_6\TradeActivityLog_2024-06-19_UTC.IPS_TM_6.data with Adaptive Ghost logic...
FILE: TRADEACTIVITYLOG_2024-08-18_UTC.TM_6.DATA | ACC: TM_6 | SYMBOL: NQU24 | RAW: 0 | FILLS: 0
DEBUG: Running _parse_file_nitro on C:\Model-\TradeActivityLogs-tm_6\TradeActivityLog_2024-08-19_UTC.CL-IPS_TM_6.data with Adaptive Ghost logic...
FILE: TRADEACTIVITYLOG_2024-09-08_UTC.ES-TM_6.DATA | ACC: ES-TM_6 | SYMBOL: ES | RAW: 0 | FILLS: 0
DEBUG: Running _parse_file_nitro on C:\Model-\TradeActivityLogs-tm_6\TradeActivityLog_2024-09-08_UTC.IPS_TM_6.data with Adaptive Ghost logic...
FILE: TRADEACTIVITYLOG_2024-07-03_UTC.ES-IPS_TM_6.DATA | ACC: ES-IPS_TM_6 | SYMBOL: ESU24 | RAW: 42 | FILLS: 21
DEBUG: Running _parse_file_nitro on C:\Model-\TradeActivityLogs-tm_6\TradeActivityLog_2024-07-03_UTC.ES-TM_6.data with Adaptive Ghost logic...
FILE: TRADEACTIVITYLOG_2024-09-26_UTC.ES-TM_6.DATA | ACC: ES-TM_6 | SYMBOL: ESZ24 | RAW: 64 | FILLS: 32
DEBUG: Running _parse_file_nitro on C:\Model-\TradeActivityLogs-tm_6\TradeActivityLog_2024-09-26_UTC.IPS_TM_6.data with Adaptive Ghost logic...
FILE: TRADEACTIVITYLOG_2024-06-04_UTC.CL-TM_6.DATA | ACC: CL-TM_6 | SYMBOL: CL | RAW: 0 | FILLS: 0
DEBUG: Running _parse_file_nitro on C:\Model-\TradeActivityLogs-tm_6\TradeActivityLog_2024-06-04_UTC.ES-IPS_TM_6.data with Adaptive Ghost logic...
FILE: TRADEACTIVITYLOG_2024-09-08_UTC.IPS_TM_6.DATA | ACC: IPS_TM_6 | SYMBOL: NQU24 | RAW: 8 | FILLS: 4
FILE: TRADEACTIVITYLOG_2024-07-19_UTC.IPS_TM_6.DATA | ACC: IPS_TM_6 | SYMBOL: NQU24 | RAW: 100 | FILLS: 51
DEBUG: Running _parse_file_nitro on C:\Model-\TradeActivityLogs-tm_6\TradeActivityLog_2024-09-08_UTC.TM_6.data with Adaptive Ghost logic...
DEBUG: Running _parse_file_nitro on C:\Model-\TradeActivityLogs-tm_6\TradeActivityLog_2024-07-19_UTC.TM_6.data with Adaptive Ghost logic...
FILE: TRADEACTIVITYLOG_2024-03-22_UTC.IPS_TM_6.DATA | ACC: IPS_TM_6 | SYMBOL: NQM24 | RAW: 189 | FILLS: 104
DEBUG: Running _parse_file_nitro on C:\Model-\TradeActivityLogs-tm_6\TradeActivityLog_2024-03-22_UTC.TM_6.data with Adaptive Ghost logic...
FILE: TRADEACTIVITYLOG_2024-08-19_UTC.CL-IPS_TM_6.DATA | ACC: CL-IPS_TM_6 | SYMBOL: CL | RAW: 0 | FILLS: 0
DEBUG: Running _parse_file_nitro on C:\Model-\TradeActivityLogs-tm_6\TradeActivityLog_2024-08-19_UTC.CL-TM_6.data with Adaptive Ghost logic...
FILE: TRADEACTIVITYLOG_2024-05-09_UTC.IPS_TM_6.DATA | ACC: IPS_TM_6 | SYMBOL: NQM24 | RAW: 158 | FILLS: 79
FILE: TRADEACTIVITYLOG_2024-06-19_UTC.IPS_TM_6.DATA | ACC: IPS_TM_6 | SYMBOL: ZNU24 | RAW: 78 | FILLS: 39
DEBUG: Running _parse_file_nitro on C:\Model-\TradeActivityLogs-tm_6\TradeActivityLog_2024-05-09_UTC.TM_6.data with Adaptive Ghost logic...
DEBUG: Running _parse_file_nitro on C:\Model-\TradeActivityLogs-tm_6\TradeActivityLog_2024-06-19_UTC.TM_6.data with Adaptive Ghost logic...
FILE: TRADEACTIVITYLOG_2024-06-04_UTC.ES-IPS_TM_6.DATA | ACC: ES-IPS_TM_6 | SYMBOL: ESM24 | RAW: 104 | FILLS: 52
FILE: TRADEACTIVITYLOG_2024-07-03_UTC.ES-TM_6.DATA | ACC: ES-TM_6 | SYMBOL: ESU24 | RAW: 42 | FILLS: 21
DEBUG: Running _parse_file_nitro on C:\Model-\TradeActivityLogs-tm_6\TradeActivityLog_2024-06-04_UTC.ES-TM_6.data with Adaptive Ghost logic...
DEBUG: Running _parse_file_nitro on C:\Model-\TradeActivityLogs-tm_6\TradeActivityLog_2024-07-03_UTC.IPS_TM_6.data with Adaptive Ghost logic...
FILE: TRADEACTIVITYLOG_2024-09-08_UTC.TM_6.DATA | ACC: TM_6 | SYMBOL: NQU24 | RAW: 8 | FILLS: 4
FILE: TRADEACTIVITYLOG_2024-08-19_UTC.CL-TM_6.DATA | ACC: CL-TM_6 | SYMBOL: CL | RAW: 0 | FILLS: 0
DEBUG: Running _parse_file_nitro on C:\Model-\TradeActivityLogs-tm_6\TradeActivityLog_2024-08-19_UTC.ES-IPS_TM_6.data with Adaptive Ghost logic...
DEBUG: Running _parse_file_nitro on C:\Model-\TradeActivityLogs-tm_6\TradeActivityLog_2024-09-08_UTC.ZB-IPS_TM_6.data with Adaptive Ghost logic...
FILE: TRADEACTIVITYLOG_2024-06-19_UTC.TM_6.DATA | ACC: TM_6 | SYMBOL: NQU24 | RAW: 54 | FILLS: 27
DEBUG: Running _parse_file_nitro on C:\Model-\TradeActivityLogs-tm_6\TradeActivityLog_2024-06-20_UTC.ES-IPS_TM_6.data with Adaptive Ghost logic...
FILE: TRADEACTIVITYLOG_2024-09-26_UTC.IPS_TM_6.DATA | ACC: IPS_TM_6 | SYMBOL: CLX24 | RAW: 250 | FILLS: 125
FILE: TRADEACTIVITYLOG_2024-08-19_UTC.ES-IPS_TM_6.DATA | ACC: ES-IPS_TM_6 | SYMBOL: ES | RAW: 0 | FILLS: 0
DEBUG: Running _parse_file_nitro on C:\Model-\TradeActivityLogs-tm_6\TradeActivityLog_2024-08-19_UTC.ES-TM_6.data with Adaptive Ghost logic...
FILE: TRADEACTIVITYLOG_2024-07-19_UTC.TM_6.DATA | ACC: TM_6 | SYMBOL: NQU24 | RAW: 192 | FILLS: 143
DEBUG: Running _parse_file_nitro on C:\Model-\TradeActivityLogs-tm_6\TradeActivityLog_2024-07-19_UTC.ZB-IPS_TM_6.data with Adaptive Ghost logic...
FILE: TRADEACTIVITYLOG_2024-07-03_UTC.IPS_TM_6.DATA | ACC: IPS_TM_6 | SYMBOL: ZNU24 | RAW: 142 | FILLS: 100
FILE: TRADEACTIVITYLOG_2024-09-08_UTC.ZB-IPS_TM_6.DATA | ACC: ZB-IPS_TM_6 | SYMBOL: Unknown | RAW: 0 | FILLS: 0
DEBUG: Running _parse_file_nitro on C:\Model-\TradeActivityLogs-tm_6\TradeActivityLog_2024-07-03_UTC.TM_6.data with Adaptive Ghost logic...
FILE: TRADEACTIVITYLOG_2024-06-04_UTC.ES-TM_6.DATA | ACC: ES-TM_6 | SYMBOL: ESM24 | RAW: 106 | FILLS: 53
DEBUG: Running _parse_file_nitro on C:\Model-\TradeActivityLogs-tm_6\TradeActivityLog_2024-06-04_UTC.IPS_TM_6.data with Adaptive Ghost logic...
DEBUG: Running _parse_file_nitro on C:\Model-\TradeActivityLogs-tm_6\TradeActivityLog_2024-09-08_UTC.ZB-TM_6.data with Adaptive Ghost logic...
FILE: TRADEACTIVITYLOG_2024-05-09_UTC.TM_6.DATA | ACC: TM_6 | SYMBOL: NQM24 | RAW: 158 | FILLS: 79
DEBUG: Running _parse_file_nitro on C:\Model-\TradeActivityLogs-tm_6\TradeActivityLog_2024-05-10_UTC.IPS_TM_6.data with Adaptive Ghost logic...
FILE: TRADEACTIVITYLOG_2024-03-22_UTC.TM_6.DATA | ACC: TM_6 | SYMBOL: NQM24 | RAW: 189 | FILLS: 104
DEBUG: Running _parse_file_nitro on C:\Model-\TradeActivityLogs-tm_6\TradeActivityLog_2024-03-23_UTC.IPS_TM_6.data with Adaptive Ghost logic...
FILE: TRADEACTIVITYLOG_2024-07-19_UTC.ZB-IPS_TM_6.DATA | ACC: ZB-IPS_TM_6 | SYMBOL: Unknown | RAW: 0 | FILLS: 0
DEBUG: Running _parse_file_nitro on C:\Model-\TradeActivityLogs-tm_6\TradeActivityLog_2024-07-19_UTC.ZB-TM_6.data with Adaptive Ghost logic...
FILE: TRADEACTIVITYLOG_2024-08-19_UTC.ES-TM_6.DATA | ACC: ES-TM_6 | SYMBOL: ES | RAW: 0 | FILLS: 0
DEBUG: Running _parse_file_nitro on C:\Model-\TradeActivityLogs-tm_6\TradeActivityLog_2024-08-19_UTC.IPS_TM_6.data with Adaptive Ghost logic...
FILE: TRADEACTIVITYLOG_2024-06-20_UTC.ES-IPS_TM_6.DATA | ACC: ES-IPS_TM_6 | SYMBOL: ESU24 | RAW: 84 | FILLS: 42
DEBUG: Running _parse_file_nitro on C:\Model-\TradeActivityLogs-tm_6\TradeActivityLog_2024-06-20_UTC.ES-TM_6.data with Adaptive Ghost logic...
FILE: TRADEACTIVITYLOG_2024-09-08_UTC.ZB-TM_6.DATA | ACC: ZB-TM_6 | SYMBOL: Unknown | RAW: 0 | FILLS: 0
DEBUG: Running _parse_file_nitro on C:\Model-\TradeActivityLogs-tm_6\TradeActivityLog_2024-09-09_UTC.CL-IPS_TM_6.data with Adaptive Ghost logic...
FILE: TRADEACTIVITYLOG_2024-03-23_UTC.IPS_TM_6.DATA | ACC: IPS_TM_6 | SYMBOL: NQM24 | RAW: 0 | FILLS: 0
DEBUG: Running _parse_file_nitro on C:\Model-\TradeActivityLogs-tm_6\TradeActivityLog_2024-03-23_UTC.TM_6.data with Adaptive Ghost logic...
FILE: TRADEACTIVITYLOG_2024-07-19_UTC.ZB-TM_6.DATA | ACC: ZB-TM_6 | SYMBOL: Unknown | RAW: 0 | FILLS: 0
DEBUG: Running _parse_file_nitro on C:\Model-\TradeActivityLogs-tm_6\TradeActivityLog_2024-07-20_UTC.CL-IPS_TM_6.data with Adaptive Ghost logic...
FILE: TRADEACTIVITYLOG_2024-08-19_UTC.IPS_TM_6.DATA | ACC: IPS_TM_6 | SYMBOL: Unknown | RAW: 0 | FILLS: 0
FILE: TRADEACTIVITYLOG_2024-07-03_UTC.TM_6.DATA | ACC: TM_6 | SYMBOL: ZNU24 | RAW: 146 | FILLS: 103
DEBUG: Running _parse_file_nitro on C:\Model-\TradeActivityLogs-tm_6\TradeActivityLog_2024-08-19_UTC.TM_6.data with Adaptive Ghost logic...
DEBUG: Running _parse_file_nitro on C:\Model-\TradeActivityLogs-tm_6\TradeActivityLog_2024-07-03_UTC.ZB-IPS_TM_6.data with Adaptive Ghost logic...
FILE: TRADEACTIVITYLOG_2024-05-10_UTC.IPS_TM_6.DATA | ACC: IPS_TM_6 | SYMBOL: NQM24 | RAW: 124 | FILLS: 62
DEBUG: Running _parse_file_nitro on C:\Model-\TradeActivityLogs-tm_6\TradeActivityLog_2024-05-10_UTC.TM_6.data with Adaptive Ghost logic...
FILE: TRADEACTIVITYLOG_2024-09-09_UTC.CL-IPS_TM_6.DATA | ACC: CL-IPS_TM_6 | SYMBOL: CL | RAW: 0 | FILLS: 0
DEBUG: Running _parse_file_nitro on C:\Model-\TradeActivityLogs-tm_6\TradeActivityLog_2024-09-09_UTC.CL-TM_6.data with Adaptive Ghost logic...
FILE: TRADEACTIVITYLOG_2024-07-20_UTC.CL-IPS_TM_6.DATA | ACC: CL-IPS_TM_6 | SYMBOL: CL | RAW: 0 | FILLS: 0
DEBUG: Running _parse_file_nitro on C:\Model-\TradeActivityLogs-tm_6\TradeActivityLog_2024-07-20_UTC.CL-TM_6.data with Adaptive Ghost logic...
FILE: TRADEACTIVITYLOG_2024-03-23_UTC.TM_6.DATA | ACC: TM_6 | SYMBOL: NQM24 | RAW: 0 | FILLS: 0
FILE: TRADEACTIVITYLOG_2024-09-26_UTC.TM_6.DATA | ACC: TM_6 | SYMBOL: CLX24 | RAW: 236 | FILLS: 118
DEBUG: Running _parse_file_nitro on C:\Model-\TradeActivityLogs-tm_6\TradeActivityLog_2024-03-24_UTC.IPS_TM_6.data with Adaptive Ghost logic...
DEBUG: Running _parse_file_nitro on C:\Model-\TradeActivityLogs-tm_6\TradeActivityLog_2024-09-27_UTC.ES-IPS_TM_6.data with Adaptive Ghost logic...
FILE: TRADEACTIVITYLOG_2024-06-20_UTC.ES-TM_6.DATA | ACC: ES-TM_6 | SYMBOL: ESU24 | RAW: 84 | FILLS: 42
DEBUG: Running _parse_file_nitro on C:\Model-\TradeActivityLogs-tm_6\TradeActivityLog_2024-06-20_UTC.IPS_TM_6.data with Adaptive Ghost logic...
FILE: TRADEACTIVITYLOG_2024-07-03_UTC.ZB-IPS_TM_6.DATA | ACC: ZB-IPS_TM_6 | SYMBOL: Unknown | RAW: 0 | FILLS: 0
DEBUG: Running _parse_file_nitro on C:\Model-\TradeActivityLogs-tm_6\TradeActivityLog_2024-07-03_UTC.ZB-TM_6.data with Adaptive Ghost logic...
FILE: TRADEACTIVITYLOG_2024-07-20_UTC.CL-TM_6.DATA | ACC: CL-TM_6 | SYMBOL: CL | RAW: 0 | FILLS: 0
FILE: TRADEACTIVITYLOG_2024-09-09_UTC.CL-TM_6.DATA | ACC: CL-TM_6 | SYMBOL: CL | RAW: 0 | FILLS: 0
DEBUG: Running _parse_file_nitro on C:\Model-\TradeActivityLogs-tm_6\TradeActivityLog_2024-07-20_UTC.ES-IPS_TM_6.data with Adaptive Ghost logic...
DEBUG: Running _parse_file_nitro on C:\Model-\TradeActivityLogs-tm_6\TradeActivityLog_2024-09-09_UTC.ES-IPS_TM_6.data with Adaptive Ghost logic...
FILE: TRADEACTIVITYLOG_2024-08-19_UTC.TM_6.DATA | ACC: TM_6 | SYMBOL: NQU24 | RAW: 0 | FILLS: 0
DEBUG: Running _parse_file_nitro on C:\Model-\TradeActivityLogs-tm_6\TradeActivityLog_2024-08-19_UTC.ZB-IPS_TM_6.data with Adaptive Ghost logic...
FILE: TRADEACTIVITYLOG_2024-05-10_UTC.TM_6.DATA | ACC: TM_6 | SYMBOL: NQM24 | RAW: 120 | FILLS: 60
DEBUG: Running _parse_file_nitro on C:\Model-\TradeActivityLogs-tm_6\TradeActivityLog_2024-05-13_UTC.IPS_TM_6.data with Adaptive Ghost logic...
FILE: TRADEACTIVITYLOG_2024-03-24_UTC.IPS_TM_6.DATA | ACC: IPS_TM_6 | SYMBOL: Unknown | RAW: 0 | FILLS: 0
DEBUG: Running _parse_file_nitro on C:\Model-\TradeActivityLogs-tm_6\TradeActivityLog_2024-03-24_UTC.TM_6.data with Adaptive Ghost logic...
FILE: TRADEACTIVITYLOG_2024-06-04_UTC.IPS_TM_6.DATA | ACC: IPS_TM_6 | SYMBOL: CLN24 | RAW: 535 | FILLS: 269
FILE: TRADEACTIVITYLOG_2024-07-03_UTC.ZB-TM_6.DATA | ACC: ZB-TM_6 | SYMBOL: Unknown | RAW: 0 | FILLS: 0
DEBUG: Running _parse_file_nitro on C:\Model-\TradeActivityLogs-tm_6\TradeActivityLog_2024-07-04_UTC.ES-IPS_TM_6.data with Adaptive Ghost logic...
DEBUG: Running _parse_file_nitro on C:\Model-\TradeActivityLogs-tm_6\TradeActivityLog_2024-06-04_UTC.TM_6.data with Adaptive Ghost logic...
FILE: TRADEACTIVITYLOG_2024-07-20_UTC.ES-IPS_TM_6.DATA | ACC: ES-IPS_TM_6 | SYMBOL: ES | RAW: 0 | FILLS: 0
FILE: TRADEACTIVITYLOG_2024-09-27_UTC.ES-IPS_TM_6.DATA | ACC: ES-IPS_TM_6 | SYMBOL: ESZ24 | RAW: 81 | FILLS: 45
 with Adaptive Ghost logic...
DEBUG: Running _parse_file_nitro on C:\Model-\TradeActivityLogs-tm_6\TradeActivityLog_2024-09-27_UTC.ES-TM_6.data with Adaptive Ghost logic...
FILE: TRADEACTIVITYLOG_2024-08-19_UTC.ZB-IPS_TM_6.DATA | ACC: ZB-IPS_TM_6 | SYMBOL: Unknown | RAW: 0 | FILLS: 0
DEBUG: Running _parse_file_nitro on C:\Model-\TradeActivityLogs-tm_6\TradeActivityLog_2024-08-19_UTC.ZB-TM_6.data with Adaptive Ghost logic...
FILE: TRADEACTIVITYLOG_2024-09-09_UTC.ES-IPS_TM_6.DATA | ACC: ES-IPS_TM_6 | SYMBOL: ES | RAW: 0 | FILLS: 0
DEBUG: Running _parse_file_nitro on C:\Model-\TradeActivityLogs-tm_6\TradeActivityLog_2024-09-09_UTC.ES-TM_6.data with Adaptive Ghost logic...
FILE: TRADEACTIVITYLOG_2024-03-24_UTC.TM_6.DATA | ACC: TM_6 | SYMBOL: Unknown | RAW: 0 | FILLS: 0
DEBUG: Running _parse_file_nitro on C:\Model-\TradeActivityLogs-tm_6\TradeActivityLog_2024-03-25_UTC.IPS_TM_6.data with Adaptive Ghost logic...
FILE: TRADEACTIVITYLOG_2024-07-04_UTC.ES-IPS_TM_6.DATA | ACC: ES-IPS_TM_6 | SYMBOL: ESU24 | RAW: 0 | FILLS: 0
DEBUG: Running _parse_file_nitro on C:\Model-\TradeActivityLogs-tm_6\TradeActivityLog_2024-07-04_UTC.ES-TM_6.data with Adaptive Ghost logic...
FILE: TRADEACTIVITYLOG_2024-07-20_UTC.ES-TM_6.DATA | ACC: ES-TM_6 | SYMBOL: ES | RAW: 0 | FILLS: 0
DEBUG: Running _parse_file_nitro on C:\Model-\TradeActivityLogs-tm_6\TradeActivityLog_2024-07-20_UTC.IPS_TM_6.data with Adaptive Ghost logic...
FILE: TRADEACTIVITYLOG_2024-08-19_UTC.ZB-TM_6.DATA | ACC: ZB-TM_6 | SYMBOL: Unknown | RAW: 0 | FILLS: 0
DEBUG: Running _parse_file_nitro on C:\Model-\TradeActivityLogs-tm_6\TradeActivityLog_2024-08-20_UTC.ES-IPS_TM_6.data with Adaptive Ghost logic...
FILE: TRADEACTIVITYLOG_2024-05-13_UTC.IPS_TM_6.DATA | ACC: IPS_TM_6 | SYMBOL: NQM24 | RAW: 122 | FILLS: 61
DEBUG: Running _parse_file_nitro on C:\Model-\TradeActivityLogs-tm_6\TradeActivityLog_2024-05-13_UTC.TM_6.data with Adaptive Ghost logic...
FILE: TRADEACTIVITYLOG_2024-09-09_UTC.ES-TM_6.DATA | ACC: ES-TM_6 | SYMBOL: ES | RAW: 0 | FILLS: 0
DEBUG: Running _parse_file_nitro on C:\Model-\TradeActivityLogs-tm_6\TradeActivityLog_2024-09-09_UTC.IPS_TM_6.data with Adaptive Ghost logic...
FILE: TRADEACTIVITYLOG_2024-09-27_UTC.ES-TM_6.DATA | ACC: ES-TM_6 | SYMBOL: ESZ24 | RAW: 81 | FILLS: 45
DEBUG: Running _parse_file_nitro on C:\Model-\TradeActivityLogs-tm_6\TradeActivityLog_2024-09-27_UTC.IPS_TM_6.data with Adaptive Ghost logic...
FILE: TRADEACTIVITYLOG_2024-07-04_UTC.ES-TM_6.DATA | ACC: ES-TM_6 | SYMBOL: ESU24 | RAW: 0 | FILLS: 0
FILE: TRADEACTIVITYLOG_2024-06-20_UTC.IPS_TM_6.DATA | ACC: IPS_TM_6 | SYMBOL: CLQ24 | RAW: 348 | FILLS: 174
DEBUG: Running _parse_file_nitro on C:\Model-\TradeActivityLogs-tm_6\TradeActivityLog_2024-07-04_UTC.IPS_TM_6.data with Adaptive Ghost logic...
DEBUG: Running _parse_file_nitro on C:\Model-\TradeActivityLogs-tm_6\TradeActivityLog_2024-06-20_UTC.TM_6.data with Adaptive Ghost logic...
FILE: TRADEACTIVITYLOG_2024-07-20_UTC.IPS_TM_6.DATA | ACC: IPS_TM_6 | SYMBOL: Unknown | RAW: 0 | FILLS: 0
DEBUG: Running _parse_file_nitro on C:\Model-\TradeActivityLogs-tm_6\TradeActivityLog_2024-07-20_UTC.TM_6.data with Adaptive Ghost logic...
FILE: TRADEACTIVITYLOG_2024-08-20_UTC.ES-IPS_TM_6.DATA | ACC: ES-IPS_TM_6 | SYMBOL: ESU24 | RAW: 32 | FILLS: 16
DEBUG: Running _parse_file_nitro on C:\Model-\TradeActivityLogs-tm_6\TradeActivityLog_2024-08-20_UTC.ES-TM_6.data with Adaptive Ghost logic...
FILE: TRADEACTIVITYLOG_2024-03-25_UTC.IPS_TM_6.DATA | ACC: IPS_TM_6 | SYMBOL: NQM24 | RAW: 150 | FILLS: 76
DEBUG: Running _parse_file_nitro on C:\Model-\TradeActivityLogs-tm_6\TradeActivityLog_2024-03-25_UTC.TM_6.data with Adaptive Ghost logic...
FILE: TRADEACTIVITYLOG_2024-07-20_UTC.TM_6.DATA | ACC: TM_6 | SYMBOL: Unknown | RAW: 0 | FILLS: 0
DEBUG: Running _parse_file_nitro on C:\Model-\TradeActivityLogs-tm_6\TradeActivityLog_2024-07-20_UTC.ZB-IPS_TM_6.data with Adaptive Ghost logic...
FILE: TRADEACTIVITYLOG_2024-07-04_UTC.IPS_TM_6.DATA | ACC: IPS_TM_6 | SYMBOL: NQU24 | RAW: 35 | FILLS: 21
DEBUG: Running _parse_file_nitro on C:\Model-\TradeActivityLogs-tm_6\TradeActivityLog_2024-07-04_UTC.TM_6.data with Adaptive Ghost logic...
FILE: TRADEACTIVITYLOG_2024-05-13_UTC.TM_6.DATA | ACC: TM_6 | SYMBOL: NQM24 | RAW: 126 | FILLS: 63
DEBUG: Running _parse_file_nitro on C:\Model-\TradeActivityLogs-tm_6\TradeActivityLog_2024-05-14_UTC.IPS_TM_6.data with Adaptive Ghost logic...
FILE: TRADEACTIVITYLOG_2024-08-20_UTC.ES-TM_6.DATA | ACC: ES-TM_6 | SYMBOL: ESU24 | RAW: 8 | FILLS: 4
DEBUG: Running _parse_file_nitro on C:\Model-\TradeActivityLogs-tm_6\TradeActivityLog_2024-08-20_UTC.IPS_TM_6.data with Adaptive Ghost logic...
FILE: TRADEACTIVITYLOG_2024-07-20_UTC.ZB-IPS_TM_6.DATA | ACC: ZB-IPS_TM_6 | SYMBOL: Unknown | RAW: 0 | FILLS: 0
DEBUG: Running _parse_file_nitro on C:\Model-\TradeActivityLogs-tm_6\TradeActivityLog_2024-07-20_UTC.ZB-TM_6.data with Adaptive Ghost logic...
FILE: TRADEACTIVITYLOG_2024-09-09_UTC.IPS_TM_6.DATA | ACC: IPS_TM_6 | SYMBOL: NQU24 | RAW: 244 | FILLS: 124
DEBUG: Running _parse_file_nitro on C:\Model-\TradeActivityLogs-tm_6\TradeActivityLog_2024-09-09_UTC.TM_6.data with Adaptive Ghost logic...
FILE: TRADEACTIVITYLOG_2024-06-04_UTC.TM_6.DATA | ACC: TM_6 | SYMBOL: CLN24 | RAW: 529 | FILLS: 265
DEBUG: Running _parse_file_nitro on C:\Model-\TradeActivityLogs-tm_6\TradeActivityLog_2024-06-04_UTC.ZB-IPS_TM_6.data with Adaptive Ghost logic...
FILE: TRADEACTIVITYLOG_2024-07-04_UTC.TM_6.DATA | ACC: TM_6 | SYMBOL: CLQ24 | RAW: 35 | FILLS: 21
DEBUG: Running _parse_file_nitro on C:\Model-\TradeActivityLogs-tm_6\TradeActivityLog_2024-07-05_UTC.ES-IPS_TM_6.data with Adaptive Ghost logic...
FILE: TRADEACTIVITYLOG_2024-09-27_UTC.IPS_TM_6.DATA | ACC: IPS_TM_6 | SYMBOL: NQZ24 | RAW: 209 | FILLS: 111
DEBUG: Running _parse_file_nitro on C:\Model-\TradeActivityLogs-tm_6\TradeActivityLog_2024-09-27_UTC.TM_6.data with Adaptive Ghost logic...
FILE: TRADEACTIVITYLOG_2024-03-25_UTC.TM_6.DATA | ACC: TM_6 | SYMBOL: NQM24 | RAW: 150 | FILLS: 75
DEBUG: Running _parse_file_nitro on C:\Model-\TradeActivityLogs-tm_6\TradeActivityLog_2024-03-26_UTC.IPS_TM_6.data with Adaptive Ghost logic...
FILE: TRADEACTIVITYLOG_2024-07-20_UTC.ZB-TM_6.DATA | ACC: ZB-TM_6 | SYMBOL: Unknown | RAW: 0 | FILLS: 0
DEBUG: Running _parse_file_nitro on C:\Model-\TradeActivityLogs-tm_6\TradeActivityLog_2024-07-21_UTC.ES-IPS_TM_6.data with Adaptive Ghost logic...
FILE: TRADEACTIVITYLOG_2024-06-04_UTC.ZB-IPS_TM_6.DATA | ACC: ZB-IPS_TM_6 | SYMBOL: Unknown | RAW: 0 | FILLS: 0
FILE: TRADEACTIVITYLOG_2024-06-20_UTC.TM_6.DATA | ACC: TM_6 | SYMBOL: CLQ24 | RAW: 318 | FILLS: 159
DEBUG: Running _parse_file_nitro on C:\Model-\TradeActivityLogs-tm_6\TradeActivityLog_2024-06-04_UTC.ZB-TM_6.data with Adaptive Ghost logic...
FILE: TRADEACTIVITYLOG_2024-05-14_UTC.IPS_TM_6.DATA | ACC: IPS_TM_6 | SYMBOL: NQM24 | RAW: 192 | FILLS: 96
DEBUG: Running _parse_file_nitro on C:\Model-\TradeActivityLogs-tm_6\TradeActivityLog_2024-06-21_UTC.ES-IPS_TM_6.data with Adaptive Ghost logic...
DEBUG: Running _parse_file_nitro on C:\Model-\TradeActivityLogs-tm_6\TradeActivityLog_2024-05-14_UTC.TM_6.data with Adaptive Ghost logic...
FILE: TRADEACTIVITYLOG_2024-07-05_UTC.ES-IPS_TM_6.DATA | ACC: ES-IPS_TM_6 | SYMBOL: ESU24 | RAW: 24 | FILLS: 12
DEBUG: Running _parse_file_nitro on C:\Model-\TradeActivityLogs-tm_6\TradeActivityLog_2024-07-05_UTC.ES-TM_6.data with Adaptive Ghost logic...
FILE: TRADEACTIVITYLOG_2024-07-26_UTC.IPS_TM_6.DATA | ACC: IPS_TM_6 | SYMBOL: NQU24 | RAW: 89 | FILLS: 77
DEBUG: Running _parse_file_nitro on C:\Model-\TradeActivityLogs-tm_6\TradeActivityLog_2024-07-26_UTC.TM_6.data with Adaptive Ghost logic...
FILE: TRADEACTIVITYLOG_2024-08-20_UTC.IPS_TM_6.DATA | ACC: IPS_TM_6 | SYMBOL: CLV24 | RAW: 182 | FILLS: 91
DEBUG: Running _parse_file_nitro on C:\Model-\TradeActivityLogs-tm_6\TradeActivityLog_2024-08-20_UTC.TM_6.data with Adaptive Ghost logic...
FILE: TRADEACTIVITYLOG_2024-07-21_UTC.ES-IPS_TM_6.DATA | ACC: ES-IPS_TM_6 | SYMBOL: ESU24 | RAW: 6 | FILLS: 3
DEBUG: Running _parse_file_nitro on C:\Model-\TradeActivityLogs-tm_6\TradeActivityLog_2024-07-21_UTC.ES-TM_6.data with Adaptive Ghost logic...
FILE: TRADEACTIVITYLOG_2024-06-04_UTC.ZB-TM_6.DATA | ACC: ZB-TM_6 | SYMBOL: Unknown | RAW: 0 | FILLS: 0
DEBUG: Running _parse_file_nitro on C:\Model-\TradeActivityLogs-tm_6\TradeActivityLog_2024-06-05_UTC.CL-IPS_TM_6.data with Adaptive Ghost logic...
FILE: TRADEACTIVITYLOG_2024-06-21_UTC.ES-IPS_TM_6.DATA | ACC: ES-IPS_TM_6 | SYMBOL: ESU24 | RAW: 42 | FILLS: 21
DEBUG: Running _parse_file_nitro on C:\Model-\TradeActivityLogs-tm_6\TradeActivityLog_2024-06-21_UTC.ES-TM_6.data with Adaptive Ghost logic...
FILE: TRADEACTIVITYLOG_2024-07-26_UTC.TM_6.DATA | ACC: TM_6 | SYMBOL: NQU24 | RAW: 65 | FILLS: 52
FILE: TRADEACTIVITYLOG_2024-09-09_UTC.TM_6.DATA | ACC: TM_6 | SYMBOL: NQU24 | RAW: 242 | FILLS: 123
DEBUG: Running _parse_file_nitro on C:\Model-\TradeActivityLogs-tm_6\TradeActivityLog_2024-07-27_UTC.CL-IPS_TM_6.data with Adaptive Ghost logic...
DEBUG: Running _parse_file_nitro on C:\Model-\TradeActivityLogs-tm_6\TradeActivityLog_2024-09-09_UTC.ZB-IPS_TM_6.data with Adaptive Ghost logic...
FILE: TRADEACTIVITYLOG_2024-07-05_UTC.ES-TM_6.DATA | ACC: ES-TM_6 | SYMBOL: ESU24 | RAW: 24 | FILLS: 12
DEBUG: Running _parse_file_nitro on C:\Model-\TradeActivityLogs-tm_6\TradeActivityLog_2024-07-05_UTC.IPS_TM_6.data with Adaptive Ghost logic...
FILE: TRADEACTIVITYLOG_2024-03-26_UTC.IPS_TM_6.DATA | ACC: IPS_TM_6 | SYMBOL: NQM24 | RAW: 194 | FILLS: 97
DEBUG: Running _parse_file_nitro on C:\Model-\TradeActivityLogs-tm_6\TradeActivityLog_2024-03-26_UTC.TM_6.data with Adaptive Ghost logic...
FILE: TRADEACTIVITYLOG_2024-07-21_UTC.ES-TM_6.DATA | ACC: ES-TM_6 | SYMBOL: ESU24 | RAW: 6 | FILLS: 3
DEBUG: Running _parse_file_nitro on C:\Model-\TradeActivityLogs-tm_6\TradeActivityLog_2024-07-21_UTC.IPS_TM_6.data with Adaptive Ghost logic...
FILE: TRADEACTIVITYLOG_2024-09-27_UTC.TM_6.DATA | ACC: TM_6 | SYMBOL: NQZ24 | RAW: 205 | FILLS: 109
DEBUG: Running _parse_file_nitro on C:\Model-\TradeActivityLogs-tm_6\TradeActivityLog_2024-09-28_UTC.CL-IPS_TM_6.data with Adaptive Ghost logic...
FILE: TRADEACTIVITYLOG_2024-06-05_UTC.CL-IPS_TM_6.DATA | ACC: CL-IPS_TM_6 | SYMBOL: CL | RAW: 0 | FILLS: 0
DEBUG: Running _parse_file_nitro on C:\Model-\TradeActivityLogs-tm_6\TradeActivityLog_2024-06-05_UTC.CL-TM_6.data with Adaptive Ghost logic...
FILE: TRADEACTIVITYLOG_2024-05-14_UTC.TM_6.DATA | ACC: TM_6 | SYMBOL: NQM24 | RAW: 192 | FILLS: 96
DEBUG: Running _parse_file_nitro on C:\Model-\TradeActivityLogs-tm_6\TradeActivityLog_2024-05-15_UTC.IPS_TM_6.data with Adaptive Ghost logic...
FILE: TRADEACTIVITYLOG_2024-06-21_UTC.ES-TM_6.DATA | ACC: ES-TM_6 | SYMBOL: ESU24 | RAW: 42 | FILLS: 21
DEBUG: Running _parse_file_nitro on C:\Model-\TradeActivityLogs-tm_6\TradeActivityLog_2024-06-21_UTC.IPS_TM_6.data with Adaptive Ghost logic...
FILE: TRADEACTIVITYLOG_2024-09-09_UTC.ZB-IPS_TM_6.DATA | ACC: ZB-IPS_TM_6 | SYMBOL: Unknown | RAW: 0 | FILLS: 0
DEBUG: Running _parse_file_nitro on C:\Model-\TradeActivityLogs-tm_6\TradeActivityLog_2024-09-09_UTC.ZB-TM_6.data with Adaptive Ghost logic...
FILE: TRADEACTIVITYLOG_2024-07-27_UTC.CL-IPS_TM_6.DATA | ACC: CL-IPS_TM_6 | SYMBOL: CL | RAW: 0 | FILLS: 0
DEBUG: Running _parse_file_nitro on C:\Model-\TradeActivityLogs-tm_6\TradeActivityLog_2024-07-27_UTC.CL-TM_6.data with Adaptive Ghost logic...
FILE: TRADEACTIVITYLOG_2024-08-20_UTC.TM_6.DATA | ACC: TM_6 | SYMBOL: CLV24 | RAW: 162 | FILLS: 81
DEBUG: Running _parse_file_nitro on C:\Model-\TradeActivityLogs-tm_6\TradeActivityLog_2024-08-21_UTC.ES-IPS_TM_6.data with Adaptive Ghost logic...
FILE: TRADEACTIVITYLOG_2024-06-05_UTC.CL-TM_6.DATA | ACC: CL-TM_6 | SYMBOL: CL | RAW: 0 | FILLS: 0
FILE: TRADEACTIVITYLOG_2024-09-28_UTC.CL-IPS_TM_6.DATA | ACC: CL-IPS_TM_6 | SYMBOL: CL | RAW: 0 | FILLS: 0
FILE: TRADEACTIVITYLOG_2024-07-21_UTC.IPS_TM_6.DATA | ACC: IPS_TM_6 | SYMBOL: NQU24 | RAW: 4 | FILLS: 2
DEBUG: Running _parse_file_nitro on C:\Model-\TradeActivityLogs-tm_6\TradeActivityLog_2024-06-05_UTC.ES-IPS_TM_6.data with Adaptive Ghost logic...
DEBUG: Running _parse_file_nitro on C:\Model-\TradeActivityLogs-tm_6\TradeActivityLog_2024-09-28_UTC.CL-TM_6.data with Adaptive Ghost logic...
DEBUG: Running _parse_file_nitro on C:\Model-\TradeActivityLogs-tm_6\TradeActivityLog_2024-07-21_UTC.TM_6.data with Adaptive Ghost logic...
FILE: TRADEACTIVITYLOG_2024-09-09_UTC.ZB-TM_6.DATA | ACC: ZB-TM_6 | SYMBOL: Unknown | RAW: 0 | FILLS: 0
DEBUG: Running _parse_file_nitro on C:\Model-\TradeActivityLogs-tm_6\TradeActivityLog_2024-09-10_UTC.IPS_TM_6.data with Adaptive Ghost logic...
FILE: TRADEACTIVITYLOG_2024-07-05_UTC.IPS_TM_6.DATA | ACC: IPS_TM_6 | SYMBOL: NQU24 | RAW: 105 | FILLS: 80
DEBUG: Running _parse_file_nitro on C:\Model-\TradeActivityLogs-tm_6\TradeActivityLog_2024-07-05_UTC.TM_6.data with Adaptive Ghost logic...
FILE: TRADEACTIVITYLOG_2024-07-27_UTC.CL-TM_6.DATA | ACC: CL-TM_6 | SYMBOL: CL | RAW: 0 | FILLS: 0
DEBUG: Running _parse_file_nitro on C:\Model-\TradeActivityLogs-tm_6\TradeActivityLog_2024-07-27_UTC.ES-IPS_TM_6.data with Adaptive Ghost logic...
FILE: TRADEACTIVITYLOG_2024-09-28_UTC.CL-TM_6.DATA | ACC: CL-TM_6 | SYMBOL: CL | RAW: 0 | FILLS: 0
FILE: TRADEACTIVITYLOG_2024-03-26_UTC.TM_6.DATA | ACC: TM_6 | SYMBOL: NQM24 | RAW: 194 | FILLS: 97
DEBUG: Running _parse_file_nitro on C:\Model-\TradeActivityLogs-tm_6\TradeActivityLog_2024-09-28_UTC.ES-IPS_TM_6.data with Adaptive Ghost logic...
DEBUG: Running _parse_file_nitro on C:\Model-\TradeActivityLogs-tm_6\TradeActivityLog_2024-03-27_UTC.IPS_TM_6.data with Adaptive Ghost logic...
FILE: TRADEACTIVITYLOG_2024-08-21_UTC.ES-IPS_TM_6.DATA | ACC: ES-IPS_TM_6 | SYMBOL: ESU24 | RAW: 36 | FILLS: 18
DEBUG: Running _parse_file_nitro on C:\Model-\TradeActivityLogs-tm_6\TradeActivityLog_2024-08-21_UTC.ES-TM_6.data with Adaptive Ghost logic...
FILE: TRADEACTIVITYLOG_2024-07-21_UTC.TM_6.DATA | ACC: TM_6 | SYMBOL: NQU24 | RAW: 8 | FILLS: 6
DEBUG: Running _parse_file_nitro on C:\Model-\TradeActivityLogs-tm_6\TradeActivityLog_2024-07-22_UTC.CL-IPS_TM_6.data with Adaptive Ghost logic...
FILE: TRADEACTIVITYLOG_2024-06-05_UTC.ES-IPS_TM_6.DATA | ACC: ES-IPS_TM_6 | SYMBOL: ESM24 | RAW: 72 | FILLS: 39
DEBUG: Running _parse_file_nitro on C:\Model-\TradeActivityLogs-tm_6\TradeActivityLog_2024-06-05_UTC.ES-TM_6.data with Adaptive Ghost logic...
FILE: TRADEACTIVITYLOG_2024-07-27_UTC.ES-IPS_TM_6.DATA | ACC: ES-IPS_TM_6 | SYMBOL: ES | RAW: 0 | FILLS: 0
DEBUG: Running _parse_file_nitro on C:\Model-\TradeActivityLogs-tm_6\TradeActivityLog_2024-07-27_UTC.ES-TM_6.data with Adaptive Ghost logic...
FILE: TRADEACTIVITYLOG_2024-05-15_UTC.IPS_TM_6.DATA | ACC: IPS_TM_6 | SYMBOL: NQM24 | RAW: 252 | FILLS: 126
DEBUG: Running _parse_file_nitro on C:\Model-\TradeActivityLogs-tm_6\TradeActivityLog_2024-05-15_UTC.TM_6.data with Adaptive Ghost logic...
FILE: TRADEACTIVITYLOG_2024-07-05_UTC.TM_6.DATA | ACC: TM_6 | SYMBOL: NQU24 | RAW: 104 | FILLS: 79
FILE: TRADEACTIVITYLOG_2024-09-28_UTC.ES-IPS_TM_6.DATA | ACC: ES-IPS_TM_6 | SYMBOL: ES | RAW: 0 | FILLS: 0
DEBUG: Running _parse_file_nitro on C:\Model-\TradeActivityLogs-tm_6\TradeActivityLog_2024-07-07_UTC.CL-IPS_TM_6.data with Adaptive Ghost logic...
DEBUG: Running _parse_file_nitro on C:\Model-\TradeActivityLogs-tm_6\TradeActivityLog_2024-09-28_UTC.ES-TM_6.data with Adaptive Ghost logic...
FILE: TRADEACTIVITYLOG_2024-07-22_UTC.CL-IPS_TM_6.DATA | ACC: CL-IPS_TM_6 | SYMBOL: CL | RAW: 0 | FILLS: 0
DEBUG: Running _parse_file_nitro on C:\Model-\TradeActivityLogs-tm_6\TradeActivityLog_2024-07-22_UTC.CL-TM_6.data with Adaptive Ghost logic...
FILE: TRADEACTIVITYLOG_2024-08-21_UTC.ES-TM_6.DATA | ACC: ES-TM_6 | SYMBOL: ESU24 | RAW: 32 | FILLS: 16
DEBUG: Running _parse_file_nitro on C:\Model-\TradeActivityLogs-tm_6\TradeActivityLog_2024-08-21_UTC.IPS_TM_6.data with Adaptive Ghost logic...
FILE: TRADEACTIVITYLOG_2024-06-21_UTC.IPS_TM_6.DATA | ACC: IPS_TM_6 | SYMBOL: ZBU24 | RAW: 312 | FILLS: 156
DEBUG: Running _parse_file_nitro on C:\Model-\TradeActivityLogs-tm_6\TradeActivityLog_2024-06-21_UTC.TM_6.data with Adaptive Ghost logic...
FILE: TRADEACTIVITYLOG_2024-07-27_UTC.ES-TM_6.DATA | ACC: ES-TM_6 | SYMBOL: ES | RAW: 0 | FILLS: 0
DEBUG: Running _parse_file_nitro on C:\Model-\TradeActivityLogs-tm_6\TradeActivityLog_2024-07-27_UTC.IPS_TM_6.data with Adaptive Ghost logic...
FILE: TRADEACTIVITYLOG_2024-06-05_UTC.ES-TM_6.DATA | ACC: ES-TM_6 | SYMBOL: ESM24 | RAW: 72 | FILLS: 39
DEBUG: Running _parse_file_nitro on C:\Model-\TradeActivityLogs-tm_6\TradeActivityLog_2024-06-05_UTC.IPS_TM_6.data with Adaptive Ghost logic...
FILE: TRADEACTIVITYLOG_2024-09-10_UTC.IPS_TM_6.DATA | ACC: IPS_TM_6 | SYMBOL: CLV24 | RAW: 230 | FILLS: 115
DEBUG: Running _parse_file_nitro on C:\Model-\TradeActivityLogs-tm_6\TradeActivityLog_2024-09-10_UTC.TM_6.data with Adaptive Ghost logic...
FILE: TRADEACTIVITYLOG_2024-07-07_UTC.CL-IPS_TM_6.DATA | ACC: CL-IPS_TM_6 | SYMBOL: CL | RAW: 0 | FILLS: 0
DEBUG: Running _parse_file_nitro on C:\Model-\TradeActivityLogs-tm_6\TradeActivityLog_2024-07-07_UTC.CL-TM_6.data with Adaptive Ghost logic...
FILE: TRADEACTIVITYLOG_2024-09-28_UTC.ES-TM_6.DATA | ACC: ES-TM_6 | SYMBOL: ES | RAW: 0 | FILLS: 0
FILE: TRADEACTIVITYLOG_2024-03-27_UTC.IPS_TM_6.DATA | ACC: IPS_TM_6 | SYMBOL: NQM24 | RAW: 220 | FILLS: 110
FILE: TRADEACTIVITYLOG_2024-07-22_UTC.CL-TM_6.DATA | ACC: CL-TM_6 | SYMBOL: CL | RAW: 0 | FILLS: 0
DEBUG: Running _parse_file_nitro on C:\Model-\TradeActivityLogs-tm_6\TradeActivityLog_2024-07-22_UTC.ES-IPS_TM_6.data with Adaptive Ghost logic...
DEBUG: Running _parse_file_nitro on C:\Model-\TradeActivityLogs-tm_6\TradeActivityLog_2024-09-28_UTC.IPS_TM_6.data with Adaptive Ghost logic...
DEBUG: Running _parse_file_nitro on C:\Model-\TradeActivityLogs-tm_6\TradeActivityLog_2024-03-27_UTC.TM_6.data with Adaptive Ghost logic...
FILE: TRADEACTIVITYLOG_2024-07-27_UTC.IPS_TM_6.DATA | ACC: IPS_TM_6 | SYMBOL: Unknown | RAW: 0 | FILLS: 0
DEBUG: Running _parse_file_nitro on C:\Model-\TradeActivityLogs-tm_6\TradeActivityLog_2024-07-27_UTC.TM_6.data with Adaptive Ghost logic...
FILE: TRADEACTIVITYLOG_2024-07-07_UTC.CL-TM_6.DATA | ACC: CL-TM_6 | SYMBOL: CL | RAW: 0 | FILLS: 0
DEBUG: Running _parse_file_nitro on C:\Model-\TradeActivityLogs-tm_6\TradeActivityLog_2024-07-07_UTC.ES-IPS_TM_6.data with Adaptive Ghost logic...
FILE: TRADEACTIVITYLOG_2024-05-15_UTC.TM_6.DATA | ACC: TM_6 | SYMBOL: NQM24 | RAW: 242 | FILLS: 121
DEBUG: Running _parse_file_nitro on C:\Model-\TradeActivityLogs-tm_6\TradeActivityLog_2024-05-16_UTC.IPS_TM_6.data with Adaptive Ghost logic...
FILE: TRADEACTIVITYLOG_2024-09-28_UTC.IPS_TM_6.DATA | ACC: IPS_TM_6 | SYMBOL: Unknown | RAW: 0 | FILLS: 0
DEBUG: Running _parse_file_nitro on C:\Model-\TradeActivityLogs-tm_6\TradeActivityLog_2024-09-28_UTC.TM_6.data with Adaptive Ghost logic...
FILE: TRADEACTIVITYLOG_2024-07-27_UTC.TM_6.DATA | ACC: TM_6 | SYMBOL: Unknown | RAW: 0 | FILLS: 0
DEBUG: Running _parse_file_nitro on C:\Model-\TradeActivityLogs-tm_6\TradeActivityLog_2024-07-27_UTC.ZB-IPS_TM_6.data with Adaptive Ghost logic...
FILE: TRADEACTIVITYLOG_2024-07-07_UTC.ES-IPS_TM_6.DATA | ACC: ES-IPS_TM_6 | SYMBOL: ES | RAW: 0 | FILLS: 0
DEBUG: Running _parse_file_nitro on C:\Model-\TradeActivityLogs-tm_6\TradeActivityLog_2024-07-07_UTC.ES-TM_6.data with Adaptive Ghost logic...
FILE: TRADEACTIVITYLOG_2024-07-27_UTC.ZB-IPS_TM_6.DATA | ACC: ZB-IPS_TM_6 | SYMBOL: Unknown | RAW: 0 | FILLS: 0
DEBUG: Running _parse_file_nitro on C:\Model-\TradeActivityLogs-tm_6\TradeActivityLog_2024-07-27_UTC.ZB-TM_6.data with Adaptive Ghost logic...
FILE: TRADEACTIVITYLOG_2024-09-28_UTC.TM_6.DATA | ACC: TM_6 | SYMBOL: Unknown | RAW: 0 | FILLS: 0
FILE: TRADEACTIVITYLOG_2024-08-21_UTC.IPS_TM_6.DATA | ACC: IPS_TM_6 | SYMBOL: NQU24 | RAW: 224 | FILLS: 112
DEBUG: Running _parse_file_nitro on C:\Model-\TradeActivityLogs-tm_6\TradeActivityLog_2024-09-28_UTC.ZB-IPS_TM_6.data with Adaptive Ghost logic...
DEBUG: Running _parse_file_nitro on C:\Model-\TradeActivityLogs-tm_6\TradeActivityLog_2024-08-21_UTC.TM_6.data with Adaptive Ghost logic...
FILE: TRADEACTIVITYLOG_2024-07-22_UTC.ES-IPS_TM_6.DATA | ACC: ES-IPS_TM_6 | SYMBOL: ESU24 | RAW: 104 | FILLS: 52
DEBUG: Running _parse_file_nitro on C:\Model-\TradeActivityLogs-tm_6\TradeActivityLog_2024-07-22_UTC.ES-TM_6.data with Adaptive Ghost logic...
FILE: TRADEACTIVITYLOG_2024-09-10_UTC.TM_6.DATA | ACC: TM_6 | SYMBOL: CLV24 | RAW: 232 | FILLS: 116
DEBUG: Running _parse_file_nitro on C:\Model-\TradeActivityLogs-tm_6\TradeActivityLog_2024-09-11_UTC.ES-IPS_TM_6.data with Adaptive Ghost logic...
FILE: TRADEACTIVITYLOG_2024-03-27_UTC.TM_6.DATA | ACC: TM_6 | SYMBOL: NQM24 | RAW: 220 | FILLS: 110
DEBUG: Running _parse_file_nitro on C:\Model-\TradeActivityLogs-tm_6\TradeActivityLog_2024-03-28_UTC.IPS_TM_6.data with Adaptive Ghost logic...
FILE: TRADEACTIVITYLOG_2024-06-21_UTC.TM_6.DATA | ACC: TM_6 | SYMBOL: ZBU24 | RAW: 304 | FILLS: 152
DEBUG: Running _parse_file_nitro on C:\Model-\TradeActivityLogs-tm_6\TradeActivityLog_2024-06-23_UTC.CL-IPS_TM_6.data with Adaptive Ghost logic...
FILE: TRADEACTIVITYLOG_2024-07-07_UTC.ES-TM_6.DATA | ACC: ES-TM_6 | SYMBOL: ES | RAW: 0 | FILLS: 0
DEBUG: Running _parse_file_nitro on C:\Model-\TradeActivityLogs-tm_6\TradeActivityLog_2024-07-07_UTC.IPS_TM_6.data with Adaptive Ghost logic...
FILE: TRADEACTIVITYLOG_2024-07-27_UTC.ZB-TM_6.DATA | ACC: ZB-TM_6 | SYMBOL: Unknown | RAW: 0 | FILLS: 0
DEBUG: Running _parse_file_nitro on C:\Model-\TradeActivityLogs-tm_6\TradeActivityLog_2024-07-28_UTC.IPS_TM_6.data with Adaptive Ghost logic...
FILE: TRADEACTIVITYLOG_2024-05-16_UTC.IPS_TM_6.DATA | ACC: IPS_TM_6 | SYMBOL: NQM24 | RAW: 136 | FILLS: 68
FILE: TRADEACTIVITYLOG_2024-09-28_UTC.ZB-IPS_TM_6.DATA | ACC: ZB-IPS_TM_6 | SYMBOL: Unknown | RAW: 0 | FILLS: 0
DEBUG: Running _parse_file_nitro on C:\Model-\TradeActivityLogs-tm_6\TradeActivityLog_2024-09-28_UTC.ZB-TM_6.data with Adaptive Ghost logic...
DEBUG: Running _parse_file_nitro on C:\Model-\TradeActivityLogs-tm_6\TradeActivityLog_2024-05-16_UTC.TM_6.data with Adaptive Ghost logic...
FILE: TRADEACTIVITYLOG_2024-06-05_UTC.IPS_TM_6.DATA | ACC: IPS_TM_6 | SYMBOL: NQM24 | RAW: 432 | FILLS: 233
DEBUG: Running _parse_file_nitro on C:\Model-\TradeActivityLogs-tm_6\TradeActivityLog_2024-06-05_UTC.TM_6.data with Adaptive Ghost logic...
FILE: TRADEACTIVITYLOG_2024-09-11_UTC.ES-IPS_TM_6.DATA | ACC: ES-IPS_TM_6 | SYMBOL: ESU24 | RAW: 10 | FILLS: 5
FILE: TRADEACTIVITYLOG_2024-06-23_UTC.CL-IPS_TM_6.DATA | ACC: CL-IPS_TM_6 | SYMBOL: CL | RAW: 0 | FILLS: 0
DEBUG: Running _parse_file_nitro on C:\Model-\TradeActivityLogs-tm_6\TradeActivityLog_2024-09-11_UTC.ES-TM_6.data with Adaptive Ghost logic...
DEBUG: Running _parse_file_nitro on C:\Model-\TradeActivityLogs-tm_6\TradeActivityLog_2024-06-23_UTC.CL-TM_6.data with Adaptive Ghost logic...
FILE: TRADEACTIVITYLOG_2024-07-07_UTC.IPS_TM_6.DATA | ACC: IPS_TM_6 | SYMBOL: Unknown | RAW: 0 | FILLS: 0
DEBUG: Running _parse_file_nitro on C:\Model-\TradeActivityLogs-tm_6\TradeActivityLog_2024-07-07_UTC.TM_6.data with Adaptive Ghost logic...
FILE: TRADEACTIVITYLOG_2024-09-28_UTC.ZB-TM_6.DATA | ACC: ZB-TM_6 | SYMBOL: Unknown | RAW: 0 | FILLS: 0
DEBUG: Running _parse_file_nitro on C:\Model-\TradeActivityLogs-tm_6\TradeActivityLog_2024-09-29_UTC.IPS_TM_6.data with Adaptive Ghost logic...
FILE: TRADEACTIVITYLOG_2024-07-22_UTC.ES-TM_6.DATA | ACC: ES-TM_6 | SYMBOL: ESU24 | RAW: 104 | FILLS: 52
FILE: TRADEACTIVITYLOG_2024-07-28_UTC.IPS_TM_6.DATA | ACC: IPS_TM_6 | SYMBOL: NQU24 | RAW: 10 | FILLS: 5
DEBUG: Running _parse_file_nitro on C:\Model-\TradeActivityLogs-tm_6\TradeActivityLog_2024-07-28_UTC.TM_6.data with Adaptive Ghost logic...
DEBUG: Running _parse_file_nitro on C:\Model-\TradeActivityLogs-tm_6\TradeActivityLog_2024-07-22_UTC.IPS_TM_6.data with Adaptive Ghost logic...
FILE: TRADEACTIVITYLOG_2024-03-28_UTC.IPS_TM_6.DATA | ACC: IPS_TM_6 | SYMBOL: NQM24 | RAW: 117 | FILLS: 59
DEBUG: Running _parse_file_nitro on C:\Model-\TradeActivityLogs-tm_6\TradeActivityLog_2024-03-28_UTC.TM_6.data with Adaptive Ghost logic...
FILE: TRADEACTIVITYLOG_2024-06-23_UTC.CL-TM_6.DATA | ACC: CL-TM_6 | SYMBOL: CL | RAW: 0 | FILLS: 0
FILE: TRADEACTIVITYLOG_2024-07-07_UTC.TM_6.DATA | ACC: TM_6 | SYMBOL: Unknown | RAW: 0 | FILLS: 0
DEBUG: Running _parse_file_nitro on C:\Model-\TradeActivityLogs-tm_6\TradeActivityLog_2024-06-23_UTC.ES-IPS_TM_6.data with Adaptive Ghost logic...
DEBUG: Running _parse_file_nitro on C:\Model-\TradeActivityLogs-tm_6\TradeActivityLog_2024-07-07_UTC.ZB-IPS_TM_6.data with Adaptive Ghost logic...
FILE: TRADEACTIVITYLOG_2024-09-11_UTC.ES-TM_6.DATA | ACC: ES-TM_6 | SYMBOL: ESU24 | RAW: 10 | FILLS: 5
DEBUG: Running _parse_file_nitro on C:\Model-\TradeActivityLogs-tm_6\TradeActivityLog_2024-09-11_UTC.IPS_TM_6.data with Adaptive Ghost logic...
FILE: TRADEACTIVITYLOG_2024-09-29_UTC.IPS_TM_6.DATA | ACC: IPS_TM_6 | SYMBOL: CLX24 | RAW: 6 | FILLS: 3
FILE: TRADEACTIVITYLOG_2024-05-16_UTC.TM_6.DATA | ACC: TM_6 | SYMBOL: NQM24 | RAW: 136 | FILLS: 68
DEBUG: Running _parse_file_nitro on C:\Model-\TradeActivityLogs-tm_6\TradeActivityLog_2024-09-29_UTC.TM_6.data with Adaptive Ghost logic...
DEBUG: Running _parse_file_nitro on C:\Model-\TradeActivityLogs-tm_6\TradeActivityLog_2024-05-17_UTC.IPS_TM_6.data with Adaptive Ghost logic...
FILE: TRADEACTIVITYLOG_2024-07-28_UTC.TM_6.DATA | ACC: TM_6 | SYMBOL: NQU24 | RAW: 10 | FILLS: 5
DEBUG: Running _parse_file_nitro on C:\Model-\TradeActivityLogs-tm_6\TradeActivityLog_2024-07-29_UTC.ES-IPS_TM_6.data with Adaptive Ghost logic...
FILE: TRADEACTIVITYLOG_2024-06-23_UTC.ES-IPS_TM_6.DATA | ACC: ES-IPS_TM_6 | SYMBOL: ES | RAW: 0 | FILLS: 0
FILE: TRADEACTIVITYLOG_2024-07-07_UTC.ZB-IPS_TM_6.DATA | ACC: ZB-IPS_TM_6 | SYMBOL: Unknown | RAW: 0 | FILLS: 0
DEBUG: Running _parse_file_nitro on C:\Model-\TradeActivityLogs-tm_6\TradeActivityLog_2024-06-23_UTC.ES-TM_6.data with Adaptive Ghost logic...
DEBUG: Running _parse_file_nitro on C:\Model-\TradeActivityLogs-tm_6\TradeActivityLog_2024-07-07_UTC.ZB-TM_6.data with Adaptive Ghost logic...
FILE: TRADEACTIVITYLOG_2024-07-22_UTC.IPS_TM_6.DATA | ACC: IPS_TM_6 | SYMBOL: NQU24 | RAW: 48 | FILLS: 24
DEBUG: Running _parse_file_nitro on C:\Model-\TradeActivityLogs-tm_6\TradeActivityLog_2024-07-22_UTC.TM_6.data with Adaptive Ghost logic...
FILE: TRADEACTIVITYLOG_2024-09-29_UTC.TM_6.DATA | ACC: TM_6 | SYMBOL: CLX24 | RAW: 0 | FILLS: 0
DEBUG: Running _parse_file_nitro on C:\Model-\TradeActivityLogs-tm_6\TradeActivityLog_2024-09-30_UTC.CL-IPS_TM_6.data with Adaptive Ghost logic...
FILE: TRADEACTIVITYLOG_2024-03-28_UTC.TM_6.DATA | ACC: TM_6 | SYMBOL: NQM24 | RAW: 117 | FILLS: 59
FILE: TRADEACTIVITYLOG_2024-06-23_UTC.ES-TM_6.DATA | ACC: ES-TM_6 | SYMBOL: ES | RAW: 0 | FILLS: 0
DEBUG: Running _parse_file_nitro on C:\Model-\TradeActivityLogs-tm_6\TradeActivityLog_2024-06-23_UTC.IPS_TM_6.data with Adaptive Ghost logic...
DEBUG: Running _parse_file_nitro on C:\Model-\TradeActivityLogs-tm_6\TradeActivityLog_2024-03-31_UTC.IPS_TM_6.data with Adaptive Ghost logic...
FILE: TRADEACTIVITYLOG_2024-07-29_UTC.ES-IPS_TM_6.DATA | ACC: ES-IPS_TM_6 | SYMBOL: ESU24 | RAW: 86 | FILLS: 43
DEBUG: Running _parse_file_nitro on C:\Model-\TradeActivityLogs-tm_6\TradeActivityLog_2024-07-29_UTC.ES-TM_6.data with Adaptive Ghost logic...
FILE: TRADEACTIVITYLOG_2024-07-07_UTC.ZB-TM_6.DATA | ACC: ZB-TM_6 | SYMBOL: Unknown | RAW: 0 | FILLS: 0
DEBUG: Running _parse_file_nitro on C:\Model-\TradeActivityLogs-tm_6\TradeActivityLog_2024-07-08_UTC.ES-IPS_TM_6.data with Adaptive Ghost logic...
FILE: TRADEACTIVITYLOG_2024-09-30_UTC.CL-IPS_TM_6.DATA | ACC: CL-IPS_TM_6 | SYMBOL: CL | RAW: 0 | FILLS: 0
DEBUG: Running _parse_file_nitro on C:\Model-\TradeActivityLogs-tm_6\TradeActivityLog_2024-09-30_UTC.CL-TM_6.data with Adaptive Ghost logic...
FILE: TRADEACTIVITYLOG_2024-05-17_UTC.IPS_TM_6.DATA | ACC: IPS_TM_6 | SYMBOL: NQM24 | RAW: 136 | FILLS: 68
DEBUG: Running _parse_file_nitro on C:\Model-\TradeActivityLogs-tm_6\TradeActivityLog_2024-05-17_UTC.TM_6.data with Adaptive Ghost logic...
FILE: TRADEACTIVITYLOG_2024-07-22_UTC.TM_6.DATA | ACC: TM_6 | SYMBOL: NQU24 | RAW: 172 | FILLS: 148
FILE: TRADEACTIVITYLOG_2024-08-21_UTC.TM_6.DATA | ACC: TM_6 | SYMBOL: NQU24 | RAW: 152 | FILLS: 76
DEBUG: Running _parse_file_nitro on C:\Model-\TradeActivityLogs-tm_6\TradeActivityLog_2024-07-22_UTC.ZB-IPS_TM_6.data with Adaptive Ghost logic...
DEBUG: Running _parse_file_nitro on C:\Model-\TradeActivityLogs-tm_6\TradeActivityLog_2024-08-22_UTC.ES-IPS_TM_6.data with Adaptive Ghost logic...
FILE: TRADEACTIVITYLOG_2024-06-05_UTC.TM_6.DATA | ACC: TM_6 | SYMBOL: NQM24 | RAW: 443 | FILLS: 240
DEBUG: Running _parse_file_nitro on C:\Model-\TradeActivityLogs-tm_6\TradeActivityLog_2024-06-05_UTC.ZB-IPS_TM_6.data with Adaptive Ghost logic...
FILE: TRADEACTIVITYLOG_2024-06-23_UTC.IPS_TM_6.DATA | ACC: IPS_TM_6 | SYMBOL: ZBU24 | RAW: 0 | FILLS: 0
DEBUG: Running _parse_file_nitro on C:\Model-\TradeActivityLogs-tm_6\TradeActivityLog_2024-06-23_UTC.TM_6.data with Adaptive Ghost logic...
FILE: TRADEACTIVITYLOG_2024-03-31_UTC.IPS_TM_6.DATA | ACC: IPS_TM_6 | SYMBOL: NQM24 | RAW: 4 | FILLS: 2
DEBUG: Running _parse_file_nitro on C:\Model-\TradeActivityLogs-tm_6\TradeActivityLog_2024-03-31_UTC.TM_6.data with Adaptive Ghost logic...
FILE: TRADEACTIVITYLOG_2024-09-11_UTC.IPS_TM_6.DATA | ACC: IPS_TM_6 | SYMBOL: NQU24 | RAW: 344 | FILLS: 172
FILE: TRADEACTIVITYLOG_2024-09-30_UTC.CL-TM_6.DATA | ACC: CL-TM_6 | SYMBOL: CL | RAW: 0 | FILLS: 0
DEBUG: Running _parse_file_nitro on C:\Model-\TradeActivityLogs-tm_6\TradeActivityLog_2024-09-30_UTC.ES-IPS_TM_6.data with Adaptive Ghost logic...
DEBUG: Running _parse_file_nitro on C:\Model-\TradeActivityLogs-tm_6\TradeActivityLog_2024-09-11_UTC.TM_6.data with Adaptive Ghost logic...
FILE: TRADEACTIVITYLOG_2024-07-08_UTC.ES-IPS_TM_6.DATA | ACC: ES-IPS_TM_6 | SYMBOL: ESU24 | RAW: 42 | FILLS: 21
DEBUG: Running _parse_file_nitro on C:\Model-\TradeActivityLogs-tm_6\TradeActivityLog_2024-07-08_UTC.ES-TM_6.data with Adaptive Ghost logic...
FILE: TRADEACTIVITYLOG_2024-07-22_UTC.ZB-IPS_TM_6.DATA | ACC: ZB-IPS_TM_6 | SYMBOL: Unknown | RAW: 0 | FILLS: 0
FILE: TRADEACTIVITYLOG_2024-07-29_UTC.ES-TM_6.DATA | ACC: ES-TM_6 | SYMBOL: ESU24 | RAW: 84 | FILLS: 42
DEBUG: Running _parse_file_nitro on C:\Model-\TradeActivityLogs-tm_6\TradeActivityLog_2024-07-22_UTC.ZB-TM_6.data with Adaptive Ghost logic...
DEBUG: Running _parse_file_nitro on C:\Model-\TradeActivityLogs-tm_6\TradeActivityLog_2024-07-29_UTC.IPS_TM_6.data with Adaptive Ghost logic...
FILE: TRADEACTIVITYLOG_2024-06-23_UTC.TM_6.DATA | ACC: TM_6 | SYMBOL: ZBU24 | RAW: 0 | FILLS: 0
DEBUG: Running _parse_file_nitro on C:\Model-\TradeActivityLogs-tm_6\TradeActivityLog_2024-06-23_UTC.ZB-IPS_TM_6.data with Adaptive Ghost logic...
FILE: TRADEACTIVITYLOG_2024-06-05_UTC.ZB-IPS_TM_6.DATA | ACC: ZB-IPS_TM_6 | SYMBOL: Unknown | RAW: 0 | FILLS: 0
DEBUG: Running _parse_file_nitro on C:\Model-\TradeActivityLogs-tm_6\TradeActivityLog_2024-06-05_UTC.ZB-TM_6.data with Adaptive Ghost logic...
FILE: TRADEACTIVITYLOG_2024-03-31_UTC.TM_6.DATA | ACC: TM_6 | SYMBOL: NQM24 | RAW: 4 | FILLS: 2
DEBUG: Running _parse_file_nitro on C:\Model-\TradeActivityLogs-tm_6\TradeActivityLog_2024-04-01_UTC.IPS_TM_6.data with Adaptive Ghost logic...
FILE: TRADEACTIVITYLOG_2024-08-22_UTC.ES-IPS_TM_6.DATA | ACC: ES-IPS_TM_6 | SYMBOL: ESU24 | RAW: 72 | FILLS: 36
DEBUG: Running _parse_file_nitro on C:\Model-\TradeActivityLogs-tm_6\TradeActivityLog_2024-08-22_UTC.ES-TM_6.data with Adaptive Ghost logic...
FILE: TRADEACTIVITYLOG_2024-05-17_UTC.TM_6.DATA | ACC: TM_6 | SYMBOL: NQM24 | RAW: 136 | FILLS: 68
DEBUG: Running _parse_file_nitro on C:\Model-\TradeActivityLogs-tm_6\TradeActivityLog_2024-05-19_UTC.IPS_TM_6.data with Adaptive Ghost logic...
FILE: TRADEACTIVITYLOG_2024-07-22_UTC.ZB-TM_6.DATA | ACC: ZB-TM_6 | SYMBOL: Unknown | RAW: 0 | FILLS: 0
DEBUG: Running _parse_file_nitro on C:\Model-\TradeActivityLogs-tm_6\TradeActivityLog_2024-07-23_UTC.CL-IPS_TM_6.data with Adaptive Ghost logic...
FILE: TRADEACTIVITYLOG_2024-06-23_UTC.ZB-IPS_TM_6.DATA | ACC: ZB-IPS_TM_6 | SYMBOL: Unknown | RAW: 0 | FILLS: 0
DEBUG: Running _parse_file_nitro on C:\Model-\TradeActivityLogs-tm_6\TradeActivityLog_2024-06-23_UTC.ZB-TM_6.data with Adaptive Ghost logic...
FILE: TRADEACTIVITYLOG_2024-06-05_UTC.ZB-TM_6.DATA | ACC: ZB-TM_6 | SYMBOL: Unknown | RAW: 0 | FILLS: 0
DEBUG: Running _parse_file_nitro on C:\Model-\TradeActivityLogs-tm_6\TradeActivityLog_2024-06-06_UTC.ES-IPS_TM_6.data with Adaptive Ghost logic...
FILE: TRADEACTIVITYLOG_2024-09-30_UTC.ES-IPS_TM_6.DATA | ACC: ES-IPS_TM_6 | SYMBOL: ESZ24 | RAW: 38 | FILLS: 19
DEBUG: Running _parse_file_nitro on C:\Model-\TradeActivityLogs-tm_6\TradeActivityLog_2024-09-30_UTC.ES-TM_6.data with Adaptive Ghost logic...
FILE: TRADEACTIVITYLOG_2024-07-08_UTC.ES-TM_6.DATA | ACC: ES-TM_6 | SYMBOL: ESU24 | RAW: 42 | FILLS: 21
DEBUG: Running _parse_file_nitro on C:\Model-\TradeActivityLogs-tm_6\TradeActivityLog_2024-07-08_UTC.IPS_TM_6.data with Adaptive Ghost logic...
FILE: TRADEACTIVITYLOG_2024-08-22_UTC.ES-TM_6.DATA | ACC: ES-TM_6 | SYMBOL: ESU24 | RAW: 46 | FILLS: 23
DEBUG: Running _parse_file_nitro on C:\Model-\TradeActivityLogs-tm_6\TradeActivityLog_2024-08-22_UTC.IPS_TM_6.data with Adaptive Ghost logic...
FILE: TRADEACTIVITYLOG_2024-07-23_UTC.CL-IPS_TM_6.DATA | ACC: CL-IPS_TM_6 | SYMBOL: CL | RAW: 0 | FILLS: 0
DEBUG: Running _parse_file_nitro on C:\Model-\TradeActivityLogs-tm_6\TradeActivityLog_2024-07-23_UTC.CL-TM_6.data with Adaptive Ghost logic...
FILE: TRADEACTIVITYLOG_2024-05-19_UTC.IPS_TM_6.DATA | ACC: IPS_TM_6 | SYMBOL: NQM24 | RAW: 4 | FILLS: 2
DEBUG: Running _parse_file_nitro on C:\Model-\TradeActivityLogs-tm_6\TradeActivityLog_2024-05-19_UTC.TM_6.data with Adaptive Ghost logic...
FILE: TRADEACTIVITYLOG_2024-06-23_UTC.ZB-TM_6.DATA | ACC: ZB-TM_6 | SYMBOL: Unknown | RAW: 0 | FILLS: 0
DEBUG: Running _parse_file_nitro on C:\Model-\TradeActivityLogs-tm_6\TradeActivityLog_2024-06-24_UTC.CL-IPS_TM_6.data with Adaptive Ghost logic...
FILE: TRADEACTIVITYLOG_2024-07-29_UTC.IPS_TM_6.DATA | ACC: IPS_TM_6 | SYMBOL: NQU24 | RAW: 182 | FILLS: 91
DEBUG: Running _parse_file_nitro on C:\Model-\TradeActivityLogs-tm_6\TradeActivityLog_2024-07-29_UTC.TM_6.data with Adaptive Ghost logic...
FILE: TRADEACTIVITYLOG_2024-06-06_UTC.ES-IPS_TM_6.DATA | ACC: ES-IPS_TM_6 | SYMBOL: ESM24 | RAW: 64 | FILLS: 32
FILE: TRADEACTIVITYLOG_2024-09-30_UTC.ES-TM_6.DATA | ACC: ES-TM_6 | SYMBOL: ESZ24 | RAW: 65 | FILLS: 33
DEBUG: Running _parse_file_nitro on C:\Model-\TradeActivityLogs-tm_6\TradeActivityLog_2024-06-06_UTC.ES-TM_6.data with Adaptive Ghost logic...
DEBUG: Running _parse_file_nitro on C:\Model-\TradeActivityLogs-tm_6\TradeActivityLog_2024-09-30_UTC.IPS_TM_6.data with Adaptive Ghost logic...
FILE: TRADEACTIVITYLOG_2024-04-01_UTC.IPS_TM_6.DATA | ACC: IPS_TM_6 | SYMBOL: NQM24 | RAW: 166 | FILLS: 83
FILE: TRADEACTIVITYLOG_2024-07-23_UTC.CL-TM_6.DATA | ACC: CL-TM_6 | SYMBOL: CL | RAW: 0 | FILLS: 0
DEBUG: Running _parse_file_nitro on C:\Model-\TradeActivityLogs-tm_6\TradeActivityLog_2024-04-01_UTC.TM_6.data with Adaptive Ghost logic...
FILE: TRADEACTIVITYLOG_2024-07-08_UTC.IPS_TM_6.DATA | ACC: IPS_TM_6 | SYMBOL: NQU24 | RAW: 129 | FILLS: 97
DEBUG: Running _parse_file_nitro on C:\Model-\TradeActivityLogs-tm_6\TradeActivityLog_2024-07-23_UTC.ES-IPS_TM_6.data with Adaptive Ghost logic...
DEBUG: Running _parse_file_nitro on C:\Model-\TradeActivityLogs-tm_6\TradeActivityLog_2024-07-08_UTC.TM_6.data with Adaptive Ghost logic...
FILE: TRADEACTIVITYLOG_2024-06-24_UTC.CL-IPS_TM_6.DATA | ACC: CL-IPS_TM_6 | SYMBOL: CL | RAW: 0 | FILLS: 0
DEBUG: Running _parse_file_nitro on C:\Model-\TradeActivityLogs-tm_6\TradeActivityLog_2024-06-24_UTC.CL-TM_6.data with Adaptive Ghost logic...
FILE: TRADEACTIVITYLOG_2024-05-19_UTC.TM_6.DATA | ACC: TM_6 | SYMBOL: NQM24 | RAW: 4 | FILLS: 2
DEBUG: Running _parse_file_nitro on C:\Model-\TradeActivityLogs-tm_6\TradeActivityLog_2024-05-20_UTC.IPS_TM_6.data with Adaptive Ghost logic...
FILE: TRADEACTIVITYLOG_2024-09-11_UTC.TM_6.DATA | ACC: TM_6 | SYMBOL: NQU24 | RAW: 336 | FILLS: 168
DEBUG: Running _parse_file_nitro on C:\Model-\TradeActivityLogs-tm_6\TradeActivityLog_2024-09-12_UTC.CL-IPS_TM_6.data with Adaptive Ghost logic...
FILE: TRADEACTIVITYLOG_2024-06-06_UTC.ES-TM_6.DATA | ACC: ES-TM_6 | SYMBOL: ESM24 | RAW: 64 | FILLS: 32
DEBUG: Running _parse_file_nitro on C:\Model-\TradeActivityLogs-tm_6\TradeActivityLog_2024-06-06_UTC.IPS_TM_6.data with Adaptive Ghost logic...
FILE: TRADEACTIVITYLOG_2024-08-22_UTC.IPS_TM_6.DATA | ACC: IPS_TM_6 | SYMBOL: NQU24 | RAW: 218 | FILLS: 109
DEBUG: Running _parse_file_nitro on C:\Model-\TradeActivityLogs-tm_6\TradeActivityLog_2024-08-22_UTC.TM_6.data with Adaptive Ghost logic...
FILE: TRADEACTIVITYLOG_2024-06-24_UTC.CL-TM_6.DATA | ACC: CL-TM_6 | SYMBOL: CL | RAW: 0 | FILLS: 0
DEBUG: Running _parse_file_nitro on C:\Model-\TradeActivityLogs-tm_6\TradeActivityLog_2024-06-24_UTC.ES-IPS_TM_6.data with Adaptive Ghost logic...
FILE: TRADEACTIVITYLOG_2024-07-23_UTC.ES-IPS_TM_6.DATA | ACC: ES-IPS_TM_6 | SYMBOL: ESU24 | RAW: 48 | FILLS: 24
DEBUG: Running _parse_file_nitro on C:\Model-\TradeActivityLogs-tm_6\TradeActivityLog_2024-07-23_UTC.ES-TM_6.data with Adaptive Ghost logic...
FILE: TRADEACTIVITYLOG_2024-09-12_UTC.CL-IPS_TM_6.DATA | ACC: CL-IPS_TM_6 | SYMBOL: CL | RAW: 0 | FILLS: 0
DEBUG: Running _parse_file_nitro on C:\Model-\TradeActivityLogs-tm_6\TradeActivityLog_2024-09-12_UTC.CL-TM_6.data with Adaptive Ghost logic...
FILE: TRADEACTIVITYLOG_2024-07-29_UTC.TM_6.DATA | ACC: TM_6 | SYMBOL: NQU24 | RAW: 182 | FILLS: 91
DEBUG: Running _parse_file_nitro on C:\Model-\TradeActivityLogs-tm_6\TradeActivityLog_2024-07-30_UTC.ES-IPS_TM_6.data with Adaptive Ghost logic...
FILE: TRADEACTIVITYLOG_2024-07-08_UTC.TM_6.DATA | ACC: TM_6 | SYMBOL: NQU24 | RAW: 132 | FILLS: 100
DEBUG: Running _parse_file_nitro on C:\Model-\TradeActivityLogs-tm_6\TradeActivityLog_2024-07-09_UTC.ES-IPS_TM_6.data with Adaptive Ghost logic...
FILE: TRADEACTIVITYLOG_2024-04-01_UTC.TM_6.DATA | ACC: TM_6 | SYMBOL: NQM24 | RAW: 166 | FILLS: 83
DEBUG: Running _parse_file_nitro on C:\Model-\TradeActivityLogs-tm_6\TradeActivityLog_2024-04-02_UTC.IPS_TM_6.data with Adaptive Ghost logic...
FILE: TRADEACTIVITYLOG_2024-05-20_UTC.IPS_TM_6.DATA | ACC: IPS_TM_6 | SYMBOL: NQM24 | RAW: 130 | FILLS: 65
DEBUG: Running _parse_file_nitro on C:\Model-\TradeActivityLogs-tm_6\TradeActivityLog_2024-05-20_UTC.TM_6.data with Adaptive Ghost logic...
FILE: TRADEACTIVITYLOG_2024-09-12_UTC.CL-TM_6.DATA | ACC: CL-TM_6 | SYMBOL: CL | RAW: 0 | FILLS: 0
DEBUG: Running _parse_file_nitro on C:\Model-\TradeActivityLogs-tm_6\TradeActivityLog_2024-09-12_UTC.ES-IPS_TM_6.data with Adaptive Ghost logic...
FILE: TRADEACTIVITYLOG_2024-07-23_UTC.ES-TM_6.DATA | ACC: ES-TM_6 | SYMBOL: ESU24 | RAW: 48 | FILLS: 24
DEBUG: Running _parse_file_nitro on C:\Model-\TradeActivityLogs-tm_6\TradeActivityLog_2024-07-23_UTC.IPS_TM_6.data with Adaptive Ghost logic...
FILE: TRADEACTIVITYLOG_2024-06-24_UTC.ES-IPS_TM_6.DATA | ACC: ES-IPS_TM_6 | SYMBOL: ESU24 | RAW: 80 | FILLS: 40
DEBUG: Running _parse_file_nitro on C:\Model-\TradeActivityLogs-tm_6\TradeActivityLog_2024-06-24_UTC.ES-TM_6.data with Adaptive Ghost logic...
FILE: TRADEACTIVITYLOG_2024-07-09_UTC.ES-IPS_TM_6.DATA | ACC: ES-IPS_TM_6 | SYMBOL: ESU24 | RAW: 48 | FILLS: 24
DEBUG: Running _parse_file_nitro on C:\Model-\TradeActivityLogs-tm_6\TradeActivityLog_2024-07-09_UTC.ES-TM_6.data with Adaptive Ghost logic...
FILE: TRADEACTIVITYLOG_2024-07-30_UTC.ES-IPS_TM_6.DATA | ACC: ES-IPS_TM_6 | SYMBOL: ESU24 | RAW: 70 | FILLS: 35
DEBUG: Running _parse_file_nitro on C:\Model-\TradeActivityLogs-tm_6\TradeActivityLog_2024-07-30_UTC.ES-TM_6.data with Adaptive Ghost logic...
FILE: TRADEACTIVITYLOG_2024-08-22_UTC.TM_6.DATA | ACC: TM_6 | SYMBOL: NQU24 | RAW: 226 | FILLS: 113
FILE: TRADEACTIVITYLOG_2024-09-12_UTC.ES-IPS_TM_6.DATA | ACC: ES-IPS_TM_6 | SYMBOL: ES | RAW: 0 | FILLS: 0
DEBUG: Running _parse_file_nitro on C:\Model-\TradeActivityLogs-tm_6\TradeActivityLog_2024-08-23_UTC.ES-IPS_TM_6.data with Adaptive Ghost logic...
DEBUG: Running _parse_file_nitro on C:\Model-\TradeActivityLogs-tm_6\TradeActivityLog_2024-09-12_UTC.ES-TM_6.data with Adaptive Ghost logic...
FILE: TRADEACTIVITYLOG_2024-04-02_UTC.IPS_TM_6.DATA | ACC: IPS_TM_6 | SYMBOL: NQM24 | RAW: 206 | FILLS: 103
FILE: TRADEACTIVITYLOG_2024-09-12_UTC.ES-TM_6.DATA | ACC: ES-TM_6 | SYMBOL: ES | RAW: 0 | FILLS: 0
FILE: TRADEACTIVITYLOG_2024-07-23_UTC.IPS_TM_6.DATA | ACC: IPS_TM_6 | SYMBOL: NQU24 | RAW: 64 | FILLS: 32
DEBUG: Running _parse_file_nitro on C:\Model-\TradeActivityLogs-tm_6\TradeActivityLog_2024-04-02_UTC.TM_6.data with Adaptive Ghost logic...
DEBUG: Running _parse_file_nitro on C:\Model-\TradeActivityLogs-tm_6\TradeActivityLog_2024-09-12_UTC.IPS_TM_6.data with Adaptive Ghost logic...
DEBUG: Running _parse_file_nitro on C:\Model-\TradeActivityLogs-tm_6\TradeActivityLog_2024-07-23_UTC.TM_6.data with Adaptive Ghost logic...
FILE: TRADEACTIVITYLOG_2024-07-09_UTC.ES-TM_6.DATA | ACC: ES-TM_6 | SYMBOL: ESU24 | RAW: 48 | FILLS: 24
DEBUG: Running _parse_file_nitro on C:\Model-\TradeActivityLogs-tm_6\TradeActivityLog_2024-07-09_UTC.IPS_TM_6.data with Adaptive Ghost logic...
FILE: TRADEACTIVITYLOG_2024-06-24_UTC.ES-TM_6.DATA | ACC: ES-TM_6 | SYMBOL: ESU24 | RAW: 80 | FILLS: 40
DEBUG: Running _parse_file_nitro on C:\Model-\TradeActivityLogs-tm_6\TradeActivityLog_2024-05-21_UTC.IPS_TM_6.data with Adaptive Ghost logic...
DEBUG: Running _parse_file_nitro on C:\Model-\TradeActivityLogs-tm_6\TradeActivityLog_2024-06-24_UTC.IPS_TM_6.data with Adaptive Ghost logic...
FILE: TRADEACTIVITYLOG_2024-06-06_UTC.IPS_TM_6.DATA | ACC: IPS_TM_6 | SYMBOL: ZBU24 | RAW: 406 | FILLS: 204
DEBUG: Running _parse_file_nitro on C:\Model-\TradeActivityLogs-tm_6\TradeActivityLog_2024-06-06_UTC.TM_6.data with Adaptive Ghost logic...
FILE: TRADEACTIVITYLOG_2024-07-30_UTC.ES-TM_6.DATA | ACC: ES-TM_6 | SYMBOL: ESU24 | RAW: 64 | FILLS: 32
DEBUG: Running _parse_file_nitro on C:\Model-\TradeActivityLogs-tm_6\TradeActivityLog_2024-07-30_UTC.IPS_TM_6.data with Adaptive Ghost logic...
FILE: TRADEACTIVITYLOG_2024-08-23_UTC.ES-IPS_TM_6.DATA | ACC: ES-IPS_TM_6 | SYMBOL: ESU24 | RAW: 91 | FILLS: 43
DEBUG: Running _parse_file_nitro on C:\Model-\TradeActivityLogs-tm_6\TradeActivityLog_2024-08-23_UTC.ES-TM_6.data with Adaptive Ghost logic...
FILE: TRADEACTIVITYLOG_2024-07-23_UTC.TM_6.DATA | ACC: TM_6 | SYMBOL: NQU24 | RAW: 183 | FILLS: 151
DEBUG: Running _parse_file_nitro on C:\Model-\TradeActivityLogs-tm_6\TradeActivityLog_2024-07-23_UTC.ZB-IPS_TM_6.data with Adaptive Ghost logic...
FILE: TRADEACTIVITYLOG_2024-07-09_UTC.IPS_TM_6.DATA | ACC: IPS_TM_6 | SYMBOL: NQU24 | RAW: 133 | FILLS: 101
DEBUG: Running _parse_file_nitro on C:\Model-\TradeActivityLogs-tm_6\TradeActivityLog_2024-07-09_UTC.TM_6.data with Adaptive Ghost logic...
FILE: TRADEACTIVITYLOG_2024-05-21_UTC.IPS_TM_6.DATA | ACC: IPS_TM_6 | SYMBOL: NQM24 | RAW: 100 | FILLS: 50
DEBUG: Running _parse_file_nitro on C:\Model-\TradeActivityLogs-tm_6\TradeActivityLog_2024-05-21_UTC.TM_6.data with Adaptive Ghost logic...
FILE: TRADEACTIVITYLOG_2024-04-02_UTC.TM_6.DATA | ACC: TM_6 | SYMBOL: NQM24 | RAW: 206 | FILLS: 103
DEBUG: Running _parse_file_nitro on C:\Model-\TradeActivityLogs-tm_6\TradeActivityLog_2024-04-03_UTC.IPS_TM_6.data with Adaptive Ghost logic...
FILE: TRADEACTIVITYLOG_2024-07-23_UTC.ZB-IPS_TM_6.DATA | ACC: ZB-IPS_TM_6 | SYMBOL: Unknown | RAW: 0 | FILLS: 0
DEBUG: Running _parse_file_nitro on C:\Model-\TradeActivityLogs-tm_6\TradeActivityLog_2024-07-23_UTC.ZB-TM_6.data with Adaptive Ghost logic...
FILE: TRADEACTIVITYLOG_2024-08-23_UTC.ES-TM_6.DATA | ACC: ES-TM_6 | SYMBOL: ESU24 | RAW: 91 | FILLS: 43
DEBUG: Running _parse_file_nitro on C:\Model-\TradeActivityLogs-tm_6\TradeActivityLog_2024-08-23_UTC.IPS_TM_6.data with Adaptive Ghost logic...
FILE: TRADEACTIVITYLOG_2024-06-24_UTC.IPS_TM_6.DATA | ACC: IPS_TM_6 | SYMBOL: ZNU24 | RAW: 207 | FILLS: 104
DEBUG: Running _parse_file_nitro on C:\Model-\TradeActivityLogs-tm_6\TradeActivityLog_2024-06-24_UTC.TM_6.data with Adaptive Ghost logic...
FILE: TRADEACTIVITYLOG_2024-09-12_UTC.IPS_TM_6.DATA | ACC: IPS_TM_6 | SYMBOL: NQU24 | RAW: 242 | FILLS: 121
DEBUG: Running _parse_file_nitro on C:\Model-\TradeActivityLogs-tm_6\TradeActivityLog_2024-09-12_UTC.TM_6.data with Adaptive Ghost logic...
FILE: TRADEACTIVITYLOG_2024-07-09_UTC.TM_6.DATA | ACC: TM_6 | SYMBOL: NQU24 | RAW: 114 | FILLS: 82
DEBUG: Running _parse_file_nitro on C:\Model-\TradeActivityLogs-tm_6\TradeActivityLog_2024-07-10_UTC.ES-IPS_TM_6.data with Adaptive Ghost logic...
FILE: TRADEACTIVITYLOG_2024-07-23_UTC.ZB-TM_6.DATA | ACC: ZB-TM_6 | SYMBOL: Unknown | RAW: 0 | FILLS: 0
DEBUG: Running _parse_file_nitro on C:\Model-\TradeActivityLogs-tm_6\TradeActivityLog_2024-07-24_UTC.ES-IPS_TM_6.data with Adaptive Ghost logic...
FILE: TRADEACTIVITYLOG_2024-05-21_UTC.TM_6.DATA | ACC: TM_6 | SYMBOL: NQM24 | RAW: 96 | FILLS: 48
DEBUG: Running _parse_file_nitro on C:\Model-\TradeActivityLogs-tm_6\TradeActivityLog_2024-05-22_UTC.IPS_TM_6.data with Adaptive Ghost logic...
FILE: TRADEACTIVITYLOG_2024-07-30_UTC.IPS_TM_6.DATA | ACC: IPS_TM_6 | SYMBOL: NQU24 | RAW: 272 | FILLS: 136
DEBUG: Running _parse_file_nitro on C:\Model-\TradeActivityLogs-tm_6\TradeActivityLog_2024-07-30_UTC.TM_6.data with Adaptive Ghost logic...
FILE: TRADEACTIVITYLOG_2024-06-06_UTC.TM_6.DATA | ACC: TM_6 | SYMBOL: ZBU24 | RAW: 434 | FILLS: 217
DEBUG: Running _parse_file_nitro on C:\Model-\TradeActivityLogs-tm_6\TradeActivityLog_2024-06-07_UTC.ES-IPS_TM_6.data with Adaptive Ghost logic...
FILE: TRADEACTIVITYLOG_2024-04-03_UTC.IPS_TM_6.DATA | ACC: IPS_TM_6 | SYMBOL: NQM24 | RAW: 150 | FILLS: 75
DEBUG: Running _parse_file_nitro on C:\Model-\TradeActivityLogs-tm_6\TradeActivityLog_2024-04-03_UTC.TM_6.data with Adaptive Ghost logic...
FILE: TRADEACTIVITYLOG_2024-07-10_UTC.ES-IPS_TM_6.DATA | ACC: ES-IPS_TM_6 | SYMBOL: ESU24 | RAW: 84 | FILLS: 42
DEBUG: Running _parse_file_nitro on C:\Model-\TradeActivityLogs-tm_6\TradeActivityLog_2024-07-10_UTC.ES-TM_6.data with Adaptive Ghost logic...
FILE: TRADEACTIVITYLOG_2024-06-24_UTC.TM_6.DATA | ACC: TM_6 | SYMBOL: ZNU24 | RAW: 208 | FILLS: 105
DEBUG: Running _parse_file_nitro on C:\Model-\TradeActivityLogs-tm_6\TradeActivityLog_2024-06-24_UTC.ZB-IPS_TM_6.data with Adaptive Ghost logic...
FILE: TRADEACTIVITYLOG_2024-08-23_UTC.IPS_TM_6.DATA | ACC: IPS_TM_6 | SYMBOL: CLV24 | RAW: 194 | FILLS: 93
DEBUG: Running _parse_file_nitro on C:\Model-\TradeActivityLogs-tm_6\TradeActivityLog_2024-08-23_UTC.TM_6.data with Adaptive Ghost logic...
FILE: TRADEACTIVITYLOG_2024-05-22_UTC.IPS_TM_6.DATA | ACC: IPS_TM_6 | SYMBOL: NQM24 | RAW: 152 | FILLS: 78
FILE: TRADEACTIVITYLOG_2024-09-12_UTC.TM_6.DATA | ACC: TM_6 | SYMBOL: NQU24 | RAW: 242 | FILLS: 121
DEBUG: Running _parse_file_nitro on C:\Model-\TradeActivityLogs-tm_6\TradeActivityLog_2024-05-22_UTC.TM_6.data with Adaptive Ghost logic...
DEBUG: Running _parse_file_nitro on C:\Model-\TradeActivityLogs-tm_6\TradeActivityLog_2024-09-12_UTC.ZB-IPS_TM_6.data with Adaptive Ghost logic...
FILE: TRADEACTIVITYLOG_2024-06-07_UTC.ES-IPS_TM_6.DATA | ACC: ES-IPS_TM_6 | SYMBOL: ESM24 | RAW: 102 | FILLS: 52
DEBUG: Running _parse_file_nitro on C:\Model-\TradeActivityLogs-tm_6\TradeActivityLog_2024-06-07_UTC.ES-TM_6.data with Adaptive Ghost logic...
FILE: TRADEACTIVITYLOG_2024-07-10_UTC.ES-TM_6.DATA | ACC: ES-TM_6 | SYMBOL: ESU24 | RAW: 84 | FILLS: 42
DEBUG: Running _parse_file_nitro on C:\Model-\TradeActivityLogs-tm_6\TradeActivityLog_2024-07-10_UTC.IPS_TM_6.data with Adaptive Ghost logic...
FILE: TRADEACTIVITYLOG_2024-06-24_UTC.ZB-IPS_TM_6.DATA | ACC: ZB-IPS_TM_6 | SYMBOL: Unknown | RAW: 0 | FILLS: 0
DEBUG: Running _parse_file_nitro on C:\Model-\TradeActivityLogs-tm_6\TradeActivityLog_2024-06-24_UTC.ZB-TM_6.data with Adaptive Ghost logic...
FILE: TRADEACTIVITYLOG_2024-07-30_UTC.TM_6.DATA | ACC: TM_6 | SYMBOL: NQU24 | RAW: 202 | FILLS: 101
DEBUG: Running _parse_file_nitro on C:\Model-\TradeActivityLogs-tm_6\TradeActivityLog_2024-07-31_UTC.CL-IPS_TM_6.data with Adaptive Ghost logic...
FILE: TRADEACTIVITYLOG_2024-04-03_UTC.TM_6.DATA | ACC: TM_6 | SYMBOL: NQM24 | RAW: 150 | FILLS: 75
DEBUG: Running _parse_file_nitro on C:\Model-\TradeActivityLogs-tm_6\TradeActivityLog_2024-04-04_UTC.IPS_TM_6.data with Adaptive Ghost logic...
FILE: TRADEACTIVITYLOG_2024-09-12_UTC.ZB-IPS_TM_6.DATA | ACC: ZB-IPS_TM_6 | SYMBOL: Unknown | RAW: 0 | FILLS: 0
DEBUG: Running _parse_file_nitro on C:\Model-\TradeActivityLogs-tm_6\TradeActivityLog_2024-09-12_UTC.ZB-TM_6.data with Adaptive Ghost logic...
FILE: TRADEACTIVITYLOG_2024-06-24_UTC.ZB-TM_6.DATA | ACC: ZB-TM_6 | SYMBOL: Unknown | RAW: 0 | FILLS: 0
DEBUG: Running _parse_file_nitro on C:\Model-\TradeActivityLogs-tm_6\TradeActivityLog_2024-06-25_UTC.ES-IPS_TM_6.data with Adaptive Ghost logic...
FILE: TRADEACTIVITYLOG_2024-08-23_UTC.TM_6.DATA | ACC: TM_6 | SYMBOL: CLV24 | RAW: 117 | FILLS: 57
DEBUG: Running _parse_file_nitro on C:\Model-\TradeActivityLogs-tm_6\TradeActivityLog_2024-08-25_UTC.CL-IPS_TM_6.data with Adaptive Ghost logic...
FILE: TRADEACTIVITYLOG_2024-07-31_UTC.CL-IPS_TM_6.DATA | ACC: CL-IPS_TM_6 | SYMBOL: CL | RAW: 0 | FILLS: 0
DEBUG: Running _parse_file_nitro on C:\Model-\TradeActivityLogs-tm_6\TradeActivityLog_2024-07-31_UTC.CL-TM_6.data with Adaptive Ghost logic...
FILE: TRADEACTIVITYLOG_2024-06-07_UTC.ES-TM_6.DATA | ACC: ES-TM_6 | SYMBOL: ESM24 | RAW: 106 | FILLS: 54
FILE: TRADEACTIVITYLOG_2024-07-24_UTC.ES-IPS_TM_6.DATA | ACC: ES-IPS_TM_6 | SYMBOL: ESU24 | RAW: 94 | FILLS: 47
DEBUG: Running _parse_file_nitro on C:\Model-\TradeActivityLogs-tm_6\TradeActivityLog_2024-06-07_UTC.IPS_TM_6.data with Adaptive Ghost logic...
DEBUG: Running _parse_file_nitro on C:\Model-\TradeActivityLogs-tm_6\TradeActivityLog_2024-07-24_UTC.ES-TM_6.data with Adaptive Ghost logic...
FILE: TRADEACTIVITYLOG_2024-09-12_UTC.ZB-TM_6.DATA | ACC: ZB-TM_6 | SYMBOL: Unknown | RAW: 0 | FILLS: 0
DEBUG: Running _parse_file_nitro on C:\Model-\TradeActivityLogs-tm_6\TradeActivityLog_2024-09-13_UTC.IPS_TM_6.data with Adaptive Ghost logic...
FILE: TRADEACTIVITYLOG_2024-05-22_UTC.TM_6.DATA | ACC: TM_6 | SYMBOL: NQM24 | RAW: 152 | FILLS: 78
FILE: TRADEACTIVITYLOG_2024-07-10_UTC.IPS_TM_6.DATA | ACC: IPS_TM_6 | SYMBOL: NQU24 | RAW: 142 | FILLS: 112
DEBUG: Running _parse_file_nitro on C:\Model-\TradeActivityLogs-tm_6\TradeActivityLog_2024-05-23_UTC.CL-IPS_TM_6.data with Adaptive Ghost logic...
DEBUG: Running _parse_file_nitro on C:\Model-\TradeActivityLogs-tm_6\TradeActivityLog_2024-07-10_UTC.TM_6.data with Adaptive Ghost logic...
FILE: TRADEACTIVITYLOG_2024-07-31_UTC.CL-TM_6.DATA | ACC: CL-TM_6 | SYMBOL: CL | RAW: 0 | FILLS: 0
FILE: TRADEACTIVITYLOG_2024-08-25_UTC.CL-IPS_TM_6.DATA | ACC: CL-IPS_TM_6 | SYMBOL: CL | RAW: 0 | FILLS: 0
DEBUG: Running _parse_file_nitro on C:\Model-\TradeActivityLogs-tm_6\TradeActivityLog_2024-08-25_UTC.CL-TM_6.data with Adaptive Ghost logic...
DEBUG: Running _parse_file_nitro on C:\Model-\TradeActivityLogs-tm_6\TradeActivityLog_2024-07-31_UTC.ES-IPS_TM_6.data with Adaptive Ghost logic...
FILE: TRADEACTIVITYLOG_2024-06-25_UTC.ES-IPS_TM_6.DATA | ACC: ES-IPS_TM_6 | SYMBOL: ESU24 | RAW: 68 | FILLS: 34
DEBUG: Running _parse_file_nitro on C:\Model-\TradeActivityLogs-tm_6\TradeActivityLog_2024-06-25_UTC.ES-TM_6.data with Adaptive Ghost logic...
FILE: TRADEACTIVITYLOG_2024-05-23_UTC.CL-IPS_TM_6.DATA | ACC: CL-IPS_TM_6 | SYMBOL: CL | RAW: 0 | FILLS: 0
DEBUG: Running _parse_file_nitro on C:\Model-\TradeActivityLogs-tm_6\TradeActivityLog_2024-05-23_UTC.CL-TM_6.data with Adaptive Ghost logic...
FILE: TRADEACTIVITYLOG_2024-07-10_UTC.TM_6.DATA | ACC: TM_6 | SYMBOL: NQU24 | RAW: 141 | FILLS: 111
DEBUG: Running _parse_file_nitro on C:\Model-\TradeActivityLogs-tm_6\TradeActivityLog_2024-07-11_UTC.CL-IPS_TM_6.data with Adaptive Ghost logic...
FILE: TRADEACTIVITYLOG_2024-04-04_UTC.IPS_TM_6.DATA | ACC: IPS_TM_6 | SYMBOL: NQM24 | RAW: 266 | FILLS: 136
DEBUG: Running _parse_file_nitro on C:\Model-\TradeActivityLogs-tm_6\TradeActivityLog_2024-04-04_UTC.TM_6.data with Adaptive Ghost logic...
FILE: TRADEACTIVITYLOG_2024-08-25_UTC.CL-TM_6.DATA | ACC: CL-TM_6 | SYMBOL: CL | RAW: 0 | FILLS: 0
DEBUG: Running _parse_file_nitro on C:\Model-\TradeActivityLogs-tm_6\TradeActivityLog_2024-08-25_UTC.ES-IPS_TM_6.data with Adaptive Ghost logic...
FILE: TRADEACTIVITYLOG_2024-09-13_UTC.IPS_TM_6.DATA | ACC: IPS_TM_6 | SYMBOL: NQU24 | RAW: 158 | FILLS: 79
DEBUG: Running _parse_file_nitro on C:\Model-\TradeActivityLogs-tm_6\TradeActivityLog_2024-09-13_UTC.TM_6.data with Adaptive Ghost logic...
FILE: TRADEACTIVITYLOG_2024-05-23_UTC.CL-TM_6.DATA | ACC: CL-TM_6 | SYMBOL: CL | RAW: 0 | FILLS: 0
DEBUG: Running _parse_file_nitro on C:\Model-\TradeActivityLogs-tm_6\TradeActivityLog_2024-05-23_UTC.ES-IPS_TM_6.data with Adaptive Ghost logic...
FILE: TRADEACTIVITYLOG_2024-07-31_UTC.ES-IPS_TM_6.DATA | ACC: ES-IPS_TM_6 | SYMBOL: ESU24 | RAW: 54 | FILLS: 27
DEBUG: Running _parse_file_nitro on C:\Model-\TradeActivityLogs-tm_6\TradeActivityLog_2024-07-31_UTC.ES-TM_6.data with Adaptive Ghost logic...
FILE: TRADEACTIVITYLOG_2024-07-11_UTC.CL-IPS_TM_6.DATA | ACC: CL-IPS_TM_6 | SYMBOL: CL | RAW: 0 | FILLS: 0
DEBUG: Running _parse_file_nitro on C:\Model-\TradeActivityLogs-tm_6\TradeActivityLog_2024-07-11_UTC.CL-TM_6.data with Adaptive Ghost logic...
FILE: TRADEACTIVITYLOG_2024-06-25_UTC.ES-TM_6.DATA | ACC: ES-TM_6 | SYMBOL: ESU24 | RAW: 68 | FILLS: 34
DEBUG: Running _parse_file_nitro on C:\Model-\TradeActivityLogs-tm_6\TradeActivityLog_2024-06-25_UTC.IPS_TM_6.data with Adaptive Ghost logic...
FILE: TRADEACTIVITYLOG_2024-08-25_UTC.ES-IPS_TM_6.DATA | ACC: ES-IPS_TM_6 | SYMBOL: ES | RAW: 0 | FILLS: 0
DEBUG: Running _parse_file_nitro on C:\Model-\TradeActivityLogs-tm_6\TradeActivityLog_2024-08-25_UTC.ES-TM_6.data with Adaptive Ghost logic...
FILE: TRADEACTIVITYLOG_2024-05-23_UTC.ES-IPS_TM_6.DATA | ACC: ES-IPS_TM_6 | SYMBOL: ES | RAW: 0 | FILLS: 0
DEBUG: Running _parse_file_nitro on C:\Model-\TradeActivityLogs-tm_6\TradeActivityLog_2024-05-23_UTC.ES-TM_6.data with Adaptive Ghost logic...
FILE: TRADEACTIVITYLOG_2024-07-11_UTC.CL-TM_6.DATA | ACC: CL-TM_6 | SYMBOL: CL | RAW: 0 | FILLS: 0
FILE: TRADEACTIVITYLOG_2024-06-07_UTC.IPS_TM_6.DATA | ACC: IPS_TM_6 | SYMBOL: NQM24 | RAW: 411 | FILLS: 206
DEBUG: Running _parse_file_nitro on C:\Model-\TradeActivityLogs-tm_6\TradeActivityLog_2024-07-11_UTC.ES-IPS_TM_6.data with Adaptive Ghost logic...
DEBUG: Running _parse_file_nitro on C:\Model-\TradeActivityLogs-tm_6\TradeActivityLog_2024-07-24_UTC.IPS_TM_6.data with Adaptive Ghost logic...
DEBUG: Running _parse_file_nitro on C:\Model-\TradeActivityLogs-tm_6\TradeActivityLog_2024-06-07_UTC.TM_6.data with Adaptive Ghost logic...
FILE: TRADEACTIVITYLOG_2024-08-25_UTC.ES-TM_6.DATA | ACC: ES-TM_6 | SYMBOL: ES | RAW: 0 | FILLS: 0
DEBUG: Running _parse_file_nitro on C:\Model-\TradeActivityLogs-tm_6\TradeActivityLog_2024-08-25_UTC.IPS_TM_6.data with Adaptive Ghost logic...
FILE: TRADEACTIVITYLOG_2024-07-31_UTC.ES-TM_6.DATA | ACC: ES-TM_6 | SYMBOL: ESU24 | RAW: 66 | FILLS: 34
DEBUG: Running _parse_file_nitro on C:\Model-\TradeActivityLogs-tm_6\TradeActivityLog_2024-07-31_UTC.IPS_TM_6.data with Adaptive Ghost logic...
FILE: TRADEACTIVITYLOG_2024-09-13_UTC.TM_6.DATA | ACC: TM_6 | SYMBOL: NQU24 | RAW: 144 | FILLS: 72
DEBUG: Running _parse_file_nitro on C:\Model-\TradeActivityLogs-tm_6\TradeActivityLog_2024-09-15_UTC.IPS_TM_6.data with Adaptive Ghost logic...
FILE: TRADEACTIVITYLOG_2024-04-04_UTC.TM_6.DATA | ACC: TM_6 | SYMBOL: NQM24 | RAW: 266 | FILLS: 136
DEBUG: Running _parse_file_nitro on C:\Model-\TradeActivityLogs-tm_6\TradeActivityLog_2024-04-05_UTC.IPS_TM_6.data with Adaptive Ghost logic...
FILE: TRADEACTIVITYLOG_2024-05-23_UTC.ES-TM_6.DATA | ACC: ES-TM_6 | SYMBOL: ESM24 | RAW: 103 | FILLS: 52
DEBUG: Running _parse_file_nitro on C:\Model-\TradeActivityLogs-tm_6\TradeActivityLog_2024-05-23_UTC.IPS_TM_6.data with Adaptive Ghost logic...
FILE: TRADEACTIVITYLOG_2024-08-25_UTC.IPS_TM_6.DATA | ACC: IPS_TM_6 | SYMBOL: NQU24 | RAW: 8 | FILLS: 4
DEBUG: Running _parse_file_nitro on C:\Model-\TradeActivityLogs-tm_6\TradeActivityLog_2024-08-25_UTC.TM_6.data with Adaptive Ghost logic...
FILE: TRADEACTIVITYLOG_2024-09-15_UTC.IPS_TM_6.DATA | ACC: IPS_TM_6 | SYMBOL: NQU24 | RAW: 6 | FILLS: 3
DEBUG: Running _parse_file_nitro on C:\Model-\TradeActivityLogs-tm_6\TradeActivityLog_2024-09-15_UTC.TM_6.data with Adaptive Ghost logic...
FILE: TRADEACTIVITYLOG_2024-06-25_UTC.IPS_TM_6.DATA | ACC: IPS_TM_6 | SYMBOL: ZBU24 | RAW: 252 | FILLS: 126
FILE: TRADEACTIVITYLOG_2024-07-11_UTC.ES-IPS_TM_6.DATA | ACC: ES-IPS_TM_6 | SYMBOL: ESU24 | RAW: 92 | FILLS: 46
DEBUG: Running _parse_file_nitro on C:\Model-\TradeActivityLogs-tm_6\TradeActivityLog_2024-06-25_UTC.TM_6.data with Adaptive Ghost logic...
DEBUG: Running _parse_file_nitro on C:\Model-\TradeActivityLogs-tm_6\TradeActivityLog_2024-07-11_UTC.ES-TM_6.data with Adaptive Ghost logic...
FILE: TRADEACTIVITYLOG_2024-08-25_UTC.TM_6.DATA | ACC: TM_6 | SYMBOL: NQU24 | RAW: 8 | FILLS: 4
DEBUG: Running _parse_file_nitro on C:\Model-\TradeActivityLogs-tm_6\TradeActivityLog_2024-08-25_UTC.ZB-IPS_TM_6.data with Adaptive Ghost logic...
FILE: TRADEACTIVITYLOG_2024-09-15_UTC.TM_6.DATA | ACC: TM_6 | SYMBOL: NQU24 | RAW: 6 | FILLS: 3
DEBUG: Running _parse_file_nitro on C:\Model-\TradeActivityLogs-tm_6\TradeActivityLog_2024-09-16_UTC.IPS_TM_6.data with Adaptive Ghost logic...
FILE: TRADEACTIVITYLOG_2024-07-31_UTC.IPS_TM_6.DATA | ACC: IPS_TM_6 | SYMBOL: NQU24 | RAW: 354 | FILLS: 178
FILE: TRADEACTIVITYLOG_2024-04-05_UTC.IPS_TM_6.DATA | ACC: IPS_TM_6 | SYMBOL: NQM24 | RAW: 276 | FILLS: 138
DEBUG: Running _parse_file_nitro on C:\Model-\TradeActivityLogs-tm_6\TradeActivityLog_2024-07-31_UTC.TM_6.data with Adaptive Ghost logic...
DEBUG: Running _parse_file_nitro on C:\Model-\TradeActivityLogs-tm_6\TradeActivityLog_2024-04-05_UTC.TM_6.data with Adaptive Ghost logic...
FILE: TRADEACTIVITYLOG_2024-06-25_UTC.TM_6.DATA | ACC: TM_6 | SYMBOL: ZNU24 | RAW: 114 | FILLS: 57
DEBUG: Running _parse_file_nitro on C:\Model-\TradeActivityLogs-tm_6\TradeActivityLog_2024-06-26_UTC.CL-IPS_TM_6.data with Adaptive Ghost logic...
FILE: TRADEACTIVITYLOG_2024-07-11_UTC.ES-TM_6.DATA | ACC: ES-TM_6 | SYMBOL: ESU24 | RAW: 92 | FILLS: 46
DEBUG: Running _parse_file_nitro on C:\Model-\TradeActivityLogs-tm_6\TradeActivityLog_2024-07-11_UTC.IPS_TM_6.data with Adaptive Ghost logic...
FILE: TRADEACTIVITYLOG_2024-05-23_UTC.IPS_TM_6.DATA | ACC: IPS_TM_6 | SYMBOL: NQM24 | RAW: 267 | FILLS: 134
FILE: TRADEACTIVITYLOG_2024-08-25_UTC.ZB-IPS_TM_6.DATA | ACC: ZB-IPS_TM_6 | SYMBOL: Unknown | RAW: 0 | FILLS: 0
DEBUG: Running _parse_file_nitro on C:\Model-\TradeActivityLogs-tm_6\TradeActivityLog_2024-08-25_UTC.ZB-TM_6.data with Adaptive Ghost logic...
DEBUG: Running _parse_file_nitro on C:\Model-\TradeActivityLogs-tm_6\TradeActivityLog_2024-05-23_UTC.TM_6.data with Adaptive Ghost logic...
FILE: TRADEACTIVITYLOG_2024-06-26_UTC.CL-IPS_TM_6.DATA | ACC: CL-IPS_TM_6 | SYMBOL: CL | RAW: 0 | FILLS: 0
DEBUG: Running _parse_file_nitro on C:\Model-\TradeActivityLogs-tm_6\TradeActivityLog_2024-06-26_UTC.CL-TM_6.data with Adaptive Ghost logic...
FILE: TRADEACTIVITYLOG_2024-06-07_UTC.TM_6.DATA | ACC: TM_6 | SYMBOL: NQM24 | RAW: 476 | FILLS: 241
DEBUG: Running _parse_file_nitro on C:\Model-\TradeActivityLogs-tm_6\TradeActivityLog_2024-06-08_UTC.CL-IPS_TM_6.data with Adaptive Ghost logic...
FILE: TRADEACTIVITYLOG_2024-09-16_UTC.IPS_TM_6.DATA | ACC: IPS_TM_6 | SYMBOL: CLV24 | RAW: 100 | FILLS: 50
DEBUG: Running _parse_file_nitro on C:\Model-\TradeActivityLogs-tm_6\TradeActivityLog_2024-09-16_UTC.TM_6.data with Adaptive Ghost logic...
FILE: TRADEACTIVITYLOG_2024-08-25_UTC.ZB-TM_6.DATA | ACC: ZB-TM_6 | SYMBOL: Unknown | RAW: 0 | FILLS: 0
DEBUG: Running _parse_file_nitro on C:\Model-\TradeActivityLogs-tm_6\TradeActivityLog_2024-08-26_UTC.ES-IPS_TM_6.data with Adaptive Ghost logic...
FILE: TRADEACTIVITYLOG_2024-06-26_UTC.CL-TM_6.DATA | ACC: CL-TM_6 | SYMBOL: CL | RAW: 0 | FILLS: 0
DEBUG: Running _parse_file_nitro on C:\Model-\TradeActivityLogs-tm_6\TradeActivityLog_2024-06-26_UTC.ES-IPS_TM_6.data with Adaptive Ghost logic...
FILE: TRADEACTIVITYLOG_2024-06-08_UTC.CL-IPS_TM_6.DATA | ACC: CL-IPS_TM_6 | SYMBOL: CL | RAW: 0 | FILLS: 0
DEBUG: Running _parse_file_nitro on C:\Model-\TradeActivityLogs-tm_6\TradeActivityLog_2024-06-08_UTC.CL-TM_6.data with Adaptive Ghost logic...
FILE: TRADEACTIVITYLOG_2024-07-11_UTC.IPS_TM_6.DATA | ACC: IPS_TM_6 | SYMBOL: NQU24 | RAW: 245 | FILLS: 200
DEBUG: Running _parse_file_nitro on C:\Model-\TradeActivityLogs-tm_6\TradeActivityLog_2024-07-11_UTC.TM_6.data with Adaptive Ghost logic...
FILE: TRADEACTIVITYLOG_2024-09-16_UTC.TM_6.DATA | ACC: TM_6 | SYMBOL: NQZ24 | RAW: 44 | FILLS: 22
DEBUG: Running _parse_file_nitro on C:\Model-\TradeActivityLogs-tm_6\TradeActivityLog_2024-09-17_UTC.IPS_TM_6.data with Adaptive Ghost logic...
FILE: TRADEACTIVITYLOG_2024-08-26_UTC.ES-IPS_TM_6.DATA | ACC: ES-IPS_TM_6 | SYMBOL: ESU24 | RAW: 48 | FILLS: 24
FILE: TRADEACTIVITYLOG_2024-04-05_UTC.TM_6.DATA | ACC: TM_6 | SYMBOL: NQM24 | RAW: 276 | FILLS: 138
DEBUG: Running _parse_file_nitro on C:\Model-\TradeActivityLogs-tm_6\TradeActivityLog_2024-08-26_UTC.ES-TM_6.data with Adaptive Ghost logic...
DEBUG: Running _parse_file_nitro on C:\Model-\TradeActivityLogs-tm_6\TradeActivityLog_2024-04-07_UTC.IPS_TM_6.data with Adaptive Ghost logic...
FILE: TRADEACTIVITYLOG_2024-07-31_UTC.TM_6.DATA | ACC: TM_6 | SYMBOL: NQU24 | RAW: 332 | FILLS: 167
DEBUG: Running _parse_file_nitro on C:\Model-\TradeActivityLogs-tm_6\TradeActivityLog_2024-07-31_UTC.ZB-IPS_TM_6.data with Adaptive Ghost logic...
FILE: TRADEACTIVITYLOG_2024-06-08_UTC.CL-TM_6.DATA | ACC: CL-TM_6 | SYMBOL: CL | RAW: 0 | FILLS: 0
DEBUG: Running _parse_file_nitro on C:\Model-\TradeActivityLogs-tm_6\TradeActivityLog_2024-06-08_UTC.ES-IPS_TM_6.data with Adaptive Ghost logic...
FILE: TRADEACTIVITYLOG_2024-05-23_UTC.TM_6.DATA | ACC: TM_6 | SYMBOL: NQM24 | RAW: 257 | FILLS: 129
DEBUG: Running _parse_file_nitro on C:\Model-\TradeActivityLogs-tm_6\TradeActivityLog_2024-05-23_UTC.ZB-IPS_TM_6.data with Adaptive Ghost logic...
FILE: TRADEACTIVITYLOG_2024-06-26_UTC.ES-IPS_TM_6.DATA | ACC: ES-IPS_TM_6 | SYMBOL: ESU24 | RAW: 75 | FILLS: 39
DEBUG: Running _parse_file_nitro on C:\Model-\TradeActivityLogs-tm_6\TradeActivityLog_2024-06-26_UTC.ES-TM_6.data with Adaptive Ghost logic...
FILE: TRADEACTIVITYLOG_2024-04-07_UTC.IPS_TM_6.DATA | ACC: IPS_TM_6 | SYMBOL: NQM24 | RAW: 4 | FILLS: 2
DEBUG: Running _parse_file_nitro on C:\Model-\TradeActivityLogs-tm_6\TradeActivityLog_2024-04-07_UTC.TM_6.data with Adaptive Ghost logic...
FILE: TRADEACTIVITYLOG_2024-07-31_UTC.ZB-IPS_TM_6.DATA | ACC: ZB-IPS_TM_6 | SYMBOL: Unknown | RAW: 0 | FILLS: 0
DEBUG: Running _parse_file_nitro on C:\Model-\TradeActivityLogs-tm_6\TradeActivityLog_2024-07-31_UTC.ZB-TM_6.data with Adaptive Ghost logic...
FILE: TRADEACTIVITYLOG_2024-08-26_UTC.ES-TM_6.DATA | ACC: ES-TM_6 | SYMBOL: ESU24 | RAW: 48 | FILLS: 24
DEBUG: Running _parse_file_nitro on C:\Model-\TradeActivityLogs-tm_6\TradeActivityLog_2024-08-26_UTC.IPS_TM_6.data with Adaptive Ghost logic...
FILE: TRADEACTIVITYLOG_2024-07-11_UTC.TM_6.DATA | ACC: TM_6 | SYMBOL: NQU24 | RAW: 241 | FILLS: 198
DEBUG: Running _parse_file_nitro on C:\Model-\TradeActivityLogs-tm_6\TradeActivityLog_2024-07-11_UTC.ZB-IPS_TM_6.data with Adaptive Ghost logic...
FILE: TRADEACTIVITYLOG_2024-05-23_UTC.ZB-IPS_TM_6.DATA | ACC: ZB-IPS_TM_6 | SYMBOL: Unknown | RAW: 0 | FILLS: 0
DEBUG: Running _parse_file_nitro on C:\Model-\TradeActivityLogs-tm_6\TradeActivityLog_2024-05-23_UTC.ZB-TM_6.data with Adaptive Ghost logic...
FILE: TRADEACTIVITYLOG_2024-06-08_UTC.ES-IPS_TM_6.DATA | ACC: ES-IPS_TM_6 | SYMBOL: ES | RAW: 0 | FILLS: 0
DEBUG: Running _parse_file_nitro on C:\Model-\TradeActivityLogs-tm_6\TradeActivityLog_2024-06-08_UTC.ES-TM_6.data with Adaptive Ghost logic...
FILE: TRADEACTIVITYLOG_2024-07-31_UTC.ZB-TM_6.DATA | ACC: ZB-TM_6 | SYMBOL: Unknown | RAW: 0 | FILLS: 0
DEBUG: Running _parse_file_nitro on C:\Model-\TradeActivityLogs-tm_6\TradeActivityLog_2024-08-01_UTC.CL-IPS_TM_6.data with Adaptive Ghost logic...
FILE: TRADEACTIVITYLOG_2024-09-17_UTC.IPS_TM_6.DATA | ACC: IPS_TM_6 | SYMBOL: CLX24 | RAW: 154 | FILLS: 77
DEBUG: Running _parse_file_nitro on C:\Model-\TradeActivityLogs-tm_6\TradeActivityLog_2024-09-17_UTC.TM_6.data with Adaptive Ghost logic...
FILE: TRADEACTIVITYLOG_2024-04-07_UTC.TM_6.DATA | ACC: TM_6 | SYMBOL: NQM24 | RAW: 4 | FILLS: 2
DEBUG: Running _parse_file_nitro on C:\Model-\TradeActivityLogs-tm_6\TradeActivityLog_2024-04-08_UTC.IPS_TM_6.data with Adaptive Ghost logic...
FILE: TRADEACTIVITYLOG_2024-07-24_UTC.IPS_TM_6.DATA | ACC: IPS_TM_6 | SYMBOL: NQU24 | RAW: 96 | FILLS: 48
DEBUG: Running _parse_file_nitro on C:\Model-\TradeActivityLogs-tm_6\TradeActivityLog_2024-07-24_UTC.TM_6.data with Adaptive Ghost logic...
FILE: TRADEACTIVITYLOG_2024-07-11_UTC.ZB-IPS_TM_6.DATA | ACC: ZB-IPS_TM_6 | SYMBOL: Unknown | RAW: 0 | FILLS: 0
FILE: TRADEACTIVITYLOG_2024-06-26_UTC.ES-TM_6.DATA | ACC: ES-TM_6 | SYMBOL: ESU24 | RAW: 73 | FILLS: 38
DEBUG: Running _parse_file_nitro on C:\Model-\TradeActivityLogs-tm_6\TradeActivityLog_2024-06-26_UTC.IPS_TM_6.data with Adaptive Ghost logic...
FILE: TRADEACTIVITYLOG_2024-05-23_UTC.ZB-TM_6.DATA | ACC: ZB-TM_6 | SYMBOL: Unknown | RAW: 0 | FILLS: 0
DEBUG: Running _parse_file_nitro on C:\Model-\TradeActivityLogs-tm_6\TradeActivityLog_2024-05-24_UTC.CL-IPS_TM_6.data with Adaptive Ghost logic...
FILE: TRADEACTIVITYLOG_2024-08-01_UTC.CL-IPS_TM_6.DATA | ACC: CL-IPS_TM_6 | SYMBOL: CL | RAW: 0 | FILLS: 0
FILE: TRADEACTIVITYLOG_2024-06-08_UTC.ES-TM_6.DATA | ACC: ES-TM_6 | SYMBOL: ES | RAW: 0 | FILLS: 0
DEBUG: Running _parse_file_nitro on C:\Model-\TradeActivityLogs-tm_6\TradeActivityLog_2024-08-01_UTC.CL-TM_6.data with Adaptive Ghost logic...
DEBUG: Running _parse_file_nitro on C:\Model-\TradeActivityLogs-tm_6\TradeActivityLog_2024-06-08_UTC.IPS_TM_6.data with Adaptive Ghost logic...
DEBUG: Running _parse_file_nitro on C:\Model-\TradeActivityLogs-tm_6\TradeActivityLog_2024-10-03_UTC.TM_6.data with Adaptive Ghost logic...
FILE: TRADEACTIVITYLOG_2024-08-26_UTC.IPS_TM_6.DATA | ACC: IPS_TM_6 | SYMBOL: NQU24 | RAW: 186 | FILLS: 93
DEBUG: Running _parse_file_nitro on C:\Model-\TradeActivityLogs-tm_6\TradeActivityLog_2024-08-26_UTC.TM_6.data with Adaptive Ghost logic...
FILE: TRADEACTIVITYLOG_2024-09-17_UTC.TM_6.DATA | ACC: TM_6 | SYMBOL: NQZ24 | RAW: 88 | FILLS: 44
DEBUG: Running _parse_file_nitro on C:\Model-\TradeActivityLogs-tm_6\TradeActivityLog_2024-09-18_UTC.CL-IPS_TM_6.data with Adaptive Ghost logic...
FILE: TRADEACTIVITYLOG_2024-05-24_UTC.CL-IPS_TM_6.DATA | ACC: CL-IPS_TM_6 | SYMBOL: CL | RAW: 0 | FILLS: 0
DEBUG: Running _parse_file_nitro on C:\Model-\TradeActivityLogs-tm_6\TradeActivityLog_2024-05-24_UTC.CL-TM_6.data with Adaptive Ghost logic...
FILE: TRADEACTIVITYLOG_2024-08-01_UTC.CL-TM_6.DATA | ACC: CL-TM_6 | SYMBOL: CL | RAW: 0 | FILLS: 0
DEBUG: Running _parse_file_nitro on C:\Model-\TradeActivityLogs-tm_6\TradeActivityLog_2024-08-01_UTC.ES-IPS_TM_6.data with Adaptive Ghost logic...
FILE: TRADEACTIVITYLOG_2024-06-08_UTC.IPS_TM_6.DATA | ACC: IPS_TM_6 | SYMBOL: NQM24 | RAW: 0 | FILLS: 0
DEBUG: Running _parse_file_nitro on C:\Model-\TradeActivityLogs-tm_6\TradeActivityLog_2024-06-08_UTC.TM_6.data with Adaptive Ghost logic...
FILE: TRADEACTIVITYLOG_2024-04-08_UTC.IPS_TM_6.DATA | ACC: IPS_TM_6 | SYMBOL: NQM24 | RAW: 181 | FILLS: 91
DEBUG: Running _parse_file_nitro on C:\Model-\TradeActivityLogs-tm_6\TradeActivityLog_2024-04-08_UTC.TM_6.data with Adaptive Ghost logic...
FILE: TRADEACTIVITYLOG_2024-05-24_UTC.CL-TM_6.DATA | ACC: CL-TM_6 | SYMBOL: CL | RAW: 0 | FILLS: 0
DEBUG: Running _parse_file_nitro on C:\Model-\TradeActivityLogs-tm_6\TradeActivityLog_2024-05-24_UTC.ES-IPS_TM_6.data with Adaptive Ghost logic...
FILE: TRADEACTIVITYLOG_2024-09-18_UTC.CL-IPS_TM_6.DATA | ACC: CL-IPS_TM_6 | SYMBOL: CL | RAW: 0 | FILLS: 0
DEBUG: Running _parse_file_nitro on C:\Model-\TradeActivityLogs-tm_6\TradeActivityLog_2024-09-18_UTC.CL-TM_6.data with Adaptive Ghost logic...
FILE: TRADEACTIVITYLOG_2024-08-26_UTC.TM_6.DATA | ACC: TM_6 | SYMBOL: NQU24 | RAW: 94 | FILLS: 47
DEBUG: Running _parse_file_nitro on C:\Model-\TradeActivityLogs-tm_6\TradeActivityLog_2024-08-27_UTC.ES-IPS_TM_6.data with Adaptive Ghost logic...
FILE: TRADEACTIVITYLOG_2024-06-08_UTC.TM_6.DATA | ACC: TM_6 | SYMBOL: Unknown | RAW: 0 | FILLS: 0
DEBUG: Running _parse_file_nitro on C:\Model-\TradeActivityLogs-tm_6\TradeActivityLog_2024-06-08_UTC.ZB-IPS_TM_6.data with Adaptive Ghost logic...
FILE: TRADEACTIVITYLOG_2024-06-26_UTC.IPS_TM_6.DATA | ACC: IPS_TM_6 | SYMBOL: ZNU24 | RAW: 276 | FILLS: 142
DEBUG: Running _parse_file_nitro on C:\Model-\TradeActivityLogs-tm_6\TradeActivityLog_2024-06-26_UTC.TM_6.data with Adaptive Ghost logic...
FILE: TRADEACTIVITYLOG_2024-08-01_UTC.ES-IPS_TM_6.DATA | ACC: ES-IPS_TM_6 | SYMBOL: ESU24 | RAW: 180 | FILLS: 90
FILE: TRADEACTIVITYLOG_2024-09-18_UTC.CL-TM_6.DATA | ACC: CL-TM_6 | SYMBOL: CL | RAW: 0 | FILLS: 0
DEBUG: Running _parse_file_nitro on C:\Model-\TradeActivityLogs-tm_6\TradeActivityLog_2024-08-01_UTC.ES-TM_6.data with Adaptive Ghost logic...
DEBUG: Running _parse_file_nitro on C:\Model-\TradeActivityLogs-tm_6\TradeActivityLog_2024-09-18_UTC.ES-IPS_TM_6.data with Adaptive Ghost logic...
FILE: TRADEACTIVITYLOG_2024-10-03_UTC.TM_6.DATA | ACC: TM_6 | SYMBOL: NQZ24 | RAW: 282 | FILLS: 141
FILE: TRADEACTIVITYLOG_2024-06-08_UTC.ZB-IPS_TM_6.DATA | ACC: ZB-IPS_TM_6 | SYMBOL: Unknown | RAW: 0 | FILLS: 0
DEBUG: Running _parse_file_nitro on C:\Model-\TradeActivityLogs-tm_6\TradeActivityLog_2024-10-04_UTC.ES-IPS_TM_6.data with Adaptive Ghost logic...
DEBUG: Running _parse_file_nitro on C:\Model-\TradeActivityLogs-tm_6\TradeActivityLog_2024-06-08_UTC.ZB-TM_6.data with Adaptive Ghost logic...
FILE: TRADEACTIVITYLOG_2024-08-27_UTC.ES-IPS_TM_6.DATA | ACC: ES-IPS_TM_6 | SYMBOL: ESU24 | RAW: 34 | FILLS: 17
DEBUG: Running _parse_file_nitro on C:\Model-\TradeActivityLogs-tm_6\TradeActivityLog_2024-08-27_UTC.ES-TM_6.data with Adaptive Ghost logic...
FILE: TRADEACTIVITYLOG_2024-05-24_UTC.ES-IPS_TM_6.DATA | ACC: ES-IPS_TM_6 | SYMBOL: ESM24 | RAW: 117 | FILLS: 52
DEBUG: Running _parse_file_nitro on C:\Model-\TradeActivityLogs-tm_6\TradeActivityLog_2024-05-24_UTC.ES-TM_6.data with Adaptive Ghost logic...
FILE: TRADEACTIVITYLOG_2024-04-08_UTC.TM_6.DATA | ACC: TM_6 | SYMBOL: NQM24 | RAW: 183 | FILLS: 92
DEBUG: Running _parse_file_nitro on C:\Model-\TradeActivityLogs-tm_6\TradeActivityLog_2024-04-09_UTC.IPS_TM_6.data with Adaptive Ghost logic...
FILE: TRADEACTIVITYLOG_2024-06-08_UTC.ZB-TM_6.DATA | ACC: ZB-TM_6 | SYMBOL: Unknown | RAW: 0 | FILLS: 0
DEBUG: Running _parse_file_nitro on C:\Model-\TradeActivityLogs-tm_6\TradeActivityLog_2024-06-10_UTC.CL-IPS_TM_6.data with Adaptive Ghost logic...
FILE: TRADEACTIVITYLOG_2024-09-18_UTC.ES-IPS_TM_6.DATA | ACC: ES-IPS_TM_6 | SYMBOL: ES | RAW: 0 | FILLS: 0
DEBUG: Running _parse_file_nitro on C:\Model-\TradeActivityLogs-tm_6\TradeActivityLog_2024-09-18_UTC.ES-TM_6.data with Adaptive Ghost logic...
FILE: TRADEACTIVITYLOG_2024-08-27_UTC.ES-TM_6.DATA | ACC: ES-TM_6 | SYMBOL: ESU24 | RAW: 34 | FILLS: 17
DEBUG: Running _parse_file_nitro on C:\Model-\TradeActivityLogs-tm_6\TradeActivityLog_2024-08-27_UTC.IPS_TM_6.data with Adaptive Ghost logic...
FILE: TRADEACTIVITYLOG_2024-06-10_UTC.CL-IPS_TM_6.DATA | ACC: CL-IPS_TM_6 | SYMBOL: CL | RAW: 0 | FILLS: 0
DEBUG: Running _parse_file_nitro on C:\Model-\TradeActivityLogs-tm_6\TradeActivityLog_2024-06-10_UTC.CL-TM_6.data with Adaptive Ghost logic...
FILE: TRADEACTIVITYLOG_2024-10-04_UTC.ES-IPS_TM_6.DATA | ACC: ES-IPS_TM_6 | SYMBOL: ESZ24 | RAW: 88 | FILLS: 44
FILE: TRADEACTIVITYLOG_2024-09-18_UTC.ES-TM_6.DATA | ACC: ES-TM_6 | SYMBOL: ES | RAW: 0 | FILLS: 0
DEBUG: Running _parse_file_nitro on C:\Model-\TradeActivityLogs-tm_6\TradeActivityLog_2024-10-04_UTC.ES-TM_6.data with Adaptive Ghost logic...
DEBUG: Running _parse_file_nitro on C:\Model-\TradeActivityLogs-tm_6\TradeActivityLog_2024-09-18_UTC.IPS_TM_6.data with Adaptive Ghost logic...
FILE: TRADEACTIVITYLOG_2024-05-24_UTC.ES-TM_6.DATA | ACC: ES-TM_6 | SYMBOL: ESM24 | RAW: 117 | FILLS: 52
FILE: TRADEACTIVITYLOG_2024-08-01_UTC.ES-TM_6.DATA | ACC: ES-TM_6 | SYMBOL: ESU24 | RAW: 180 | FILLS: 90
DEBUG: Running _parse_file_nitro on C:\Model-\TradeActivityLogs-tm_6\TradeActivityLog_2024-05-24_UTC.IPS_TM_6.data with Adaptive Ghost logic...
DEBUG: Running _parse_file_nitro on C:\Model-\TradeActivityLogs-tm_6\TradeActivityLog_2024-08-01_UTC.IPS_TM_6.data with Adaptive Ghost logic...
FILE: TRADEACTIVITYLOG_2024-06-26_UTC.TM_6.DATA | ACC: TM_6 | SYMBOL: ZNU24 | RAW: 284 | FILLS: 146
DEBUG: Running _parse_file_nitro on C:\Model-\TradeActivityLogs-tm_6\TradeActivityLog_2024-06-26_UTC.ZB-IPS_TM_6.data with Adaptive Ghost logic...
FILE: TRADEACTIVITYLOG_2024-06-10_UTC.CL-TM_6.DATA | ACC: CL-TM_6 | SYMBOL: CL | RAW: 0 | FILLS: 0
DEBUG: Running _parse_file_nitro on C:\Model-\TradeActivityLogs-tm_6\TradeActivityLog_2024-06-10_UTC.ES-IPS_TM_6.data with Adaptive Ghost logic...
FILE: TRADEACTIVITYLOG_2024-07-24_UTC.TM_6.DATA | ACC: TM_6 | SYMBOL: NQU24 | RAW: 168 | FILLS: 122
FILE: TRADEACTIVITYLOG_2024-04-09_UTC.IPS_TM_6.DATA | ACC: IPS_TM_6 | SYMBOL: NQM24 | RAW: 178 | FILLS: 89
DEBUG: Running _parse_file_nitro on C:\Model-\TradeActivityLogs-tm_6\TradeActivityLog_2024-07-25_UTC.CL-IPS_TM_6.data with Adaptive Ghost logic...
DEBUG: Running _parse_file_nitro on C:\Model-\TradeActivityLogs-tm_6\TradeActivityLog_2024-04-09_UTC.TM_6.data with Adaptive Ghost logic...
DEBUG: Running _parse_file_nitro on C:\Model-\TradeActivityLogs-tm_6\TradeActivityLog_2024-06-26_UTC.ZB-TM_6.data with Adaptive Ghost logic...
FILE: TRADEACTIVITYLOG_2024-10-04_UTC.ES-TM_6.DATA | ACC: ES-TM_6 | SYMBOL: ESZ24 | RAW: 84 | FILLS: 42
DEBUG: Running _parse_file_nitro on C:\Model-\TradeActivityLogs-tm_6\TradeActivityLog_2024-10-04_UTC.IPS_TM_6.data with Adaptive Ghost logic...
FILE: TRADEACTIVITYLOG_2024-08-27_UTC.IPS_TM_6.DATA | ACC: IPS_TM_6 | SYMBOL: NQU24 | RAW: 224 | FILLS: 112
FILE: TRADEACTIVITYLOG_2024-06-10_UTC.ES-IPS_TM_6.DATA | ACC: ES-IPS_TM_6 | SYMBOL: ESM24 | RAW: 76 | FILLS: 38
DEBUG: Running _parse_file_nitro on C:\Model-\TradeActivityLogs-tm_6\TradeActivityLog_2024-06-10_UTC.ES-TM_6.data with Adaptive Ghost logic...
DEBUG: Running _parse_file_nitro on C:\Model-\TradeActivityLogs-tm_6\TradeActivityLog_2024-08-27_UTC.TM_6.data with Adaptive Ghost logic...
FILE: TRADEACTIVITYLOG_2024-07-25_UTC.CL-IPS_TM_6.DATA | ACC: CL-IPS_TM_6 | SYMBOL: CL | RAW: 0 | FILLS: 0
DEBUG: Running _parse_file_nitro on C:\Model-\TradeActivityLogs-tm_6\TradeActivityLog_2024-07-25_UTC.CL-TM_6.data with Adaptive Ghost logic...
FILE: TRADEACTIVITYLOG_2024-06-26_UTC.ZB-TM_6.DATA | ACC: ZB-TM_6 | SYMBOL: Unknown | RAW: 0 | FILLS: 0
DEBUG: Running _parse_file_nitro on C:\Model-\TradeActivityLogs-tm_6\TradeActivityLog_2024-06-27_UTC.CL-IPS_TM_6.data with Adaptive Ghost logic...
FILE: TRADEACTIVITYLOG_2024-05-24_UTC.IPS_TM_6.DATA | ACC: IPS_TM_6 | SYMBOL: NQM24 | RAW: 213 | FILLS: 97
DEBUG: Running _parse_file_nitro on C:\Model-\TradeActivityLogs-tm_6\TradeActivityLog_2024-05-24_UTC.TM_6.data with Adaptive Ghost logic...
FILE: TRADEACTIVITYLOG_2024-08-01_UTC.IPS_TM_6.DATA | ACC: IPS_TM_6 | SYMBOL: NQU24 | RAW: 356 | FILLS: 178
DEBUG: Running _parse_file_nitro on C:\Model-\TradeActivityLogs-tm_6\TradeActivityLog_2024-08-01_UTC.TM_6.data with Adaptive Ghost logic...
FILE: TRADEACTIVITYLOG_2024-07-25_UTC.CL-TM_6.DATA | ACC: CL-TM_6 | SYMBOL: CL | RAW: 0 | FILLS: 0
FILE: TRADEACTIVITYLOG_2024-06-27_UTC.CL-IPS_TM_6.DATA | ACC: CL-IPS_TM_6 | SYMBOL: CL | RAW: 0 | FILLS: 0
DEBUG: Running _parse_file_nitro on C:\Model-\TradeActivityLogs-tm_6\TradeActivityLog_2024-07-25_UTC.ES-IPS_TM_6.data with Adaptive Ghost logic...
DEBUG: Running _parse_file_nitro on C:\Model-\TradeActivityLogs-tm_6\TradeActivityLog_2024-06-27_UTC.CL-TM_6.data with Adaptive Ghost logic...
FILE: TRADEACTIVITYLOG_2024-09-18_UTC.IPS_TM_6.DATA | ACC: IPS_TM_6 | SYMBOL: NQZ24 | RAW: 295 | FILLS: 166
DEBUG: Running _parse_file_nitro on C:\Model-\TradeActivityLogs-tm_6\TradeActivityLog_2024-09-18_UTC.TM_6.data with Adaptive Ghost logic...
FILE: TRADEACTIVITYLOG_2024-06-10_UTC.ES-TM_6.DATA | ACC: ES-TM_6 | SYMBOL: ESM24 | RAW: 76 | FILLS: 38
FILE: TRADEACTIVITYLOG_2024-04-09_UTC.TM_6.DATA | ACC: TM_6 | SYMBOL: NQM24 | RAW: 174 | FILLS: 87
DEBUG: Running _parse_file_nitro on C:\Model-\TradeActivityLogs-tm_6\TradeActivityLog_2024-06-10_UTC.IPS_TM_6.data with Adaptive Ghost logic...
DEBUG: Running _parse_file_nitro on C:\Model-\TradeActivityLogs-tm_6\TradeActivityLog_2024-04-10_UTC.IPS_TM_6.data with Adaptive Ghost logic...
FILE: TRADEACTIVITYLOG_2024-06-27_UTC.CL-TM_6.DATA | ACC: CL-TM_6 | SYMBOL: CL | RAW: 0 | FILLS: 0
DEBUG: Running _parse_file_nitro on C:\Model-\TradeActivityLogs-tm_6\TradeActivityLog_2024-06-27_UTC.ES-IPS_TM_6.data with Adaptive Ghost logic...
FILE: TRADEACTIVITYLOG_2024-10-04_UTC.IPS_TM_6.DATA | ACC: IPS_TM_6 | SYMBOL: NQZ24 | RAW: 290 | FILLS: 145
DEBUG: Running _parse_file_nitro on C:\Model-\TradeActivityLogs-tm_6\TradeActivityLog_2024-10-04_UTC.TM_6.data with Adaptive Ghost logic...
FILE: TRADEACTIVITYLOG_2024-07-25_UTC.ES-IPS_TM_6.DATA | ACC: ES-IPS_TM_6 | SYMBOL: ESU24 | RAW: 94 | FILLS: 47
DEBUG: Running _parse_file_nitro on C:\Model-\TradeActivityLogs-tm_6\TradeActivityLog_2024-10-23_UTC.ES-IPS_TM_6.data with Adaptive Ghost logic...
FILE: TRADEACTIVITYLOG_2024-05-24_UTC.TM_6.DATA | ACC: TM_6 | SYMBOL: NQM24 | RAW: 200 | FILLS: 91
DEBUG: Running _parse_file_nitro on C:\Model-\TradeActivityLogs-tm_6\TradeActivityLog_2024-05-24_UTC.ZB-IPS_TM_6.data with Adaptive Ghost logic...
FILE: TRADEACTIVITYLOG_2024-06-27_UTC.ES-IPS_TM_6.DATA | ACC: ES-IPS_TM_6 | SYMBOL: ESU24 | RAW: 59 | FILLS: 30
DEBUG: Running _parse_file_nitro on C:\Model-\TradeActivityLogs-tm_6\TradeActivityLog_2024-06-27_UTC.ES-TM_6.data with Adaptive Ghost logic...
FILE: TRADEACTIVITYLOG_2024-04-10_UTC.IPS_TM_6.DATA | ACC: IPS_TM_6 | SYMBOL: NQM24 | RAW: 200 | FILLS: 100
FILE: TRADEACTIVITYLOG_2024-06-10_UTC.IPS_TM_6.DATA | ACC: IPS_TM_6 | SYMBOL: CLN24 | RAW: 240 | FILLS: 120
FILE: TRADEACTIVITYLOG_2024-09-18_UTC.TM_6.DATA | ACC: TM_6 | SYMBOL: NQZ24 | RAW: 160 | FILLS: 91
DEBUG: Running _parse_file_nitro on C:\Model-\TradeActivityLogs-tm_6\TradeActivityLog_2024-04-10_UTC.TM_6.data with Adaptive Ghost logic...
DEBUG: Running _parse_file_nitro on C:\Model-\TradeActivityLogs-tm_6\TradeActivityLog_2024-06-10_UTC.TM_6.data with Adaptive Ghost logic...
FILE: TRADEACTIVITYLOG_2024-05-24_UTC.ZB-IPS_TM_6.DATA | ACC: ZB-IPS_TM_6 | SYMBOL: Unknown | RAW: 0 | FILLS: 0
DEBUG: Running _parse_file_nitro on C:\Model-\TradeActivityLogs-tm_6\TradeActivityLog_2024-05-24_UTC.ZB-TM_6.data with Adaptive Ghost logic...
DEBUG: Running _parse_file_nitro on C:\Model-\TradeActivityLogs-tm_6\TradeActivityLog_2024-11-12_UTC.TM_6.data with Adaptive Ghost logic...
FILE: TRADEACTIVITYLOG_2024-10-23_UTC.ES-IPS_TM_6.DATA | ACC: ES-IPS_TM_6 | SYMBOL: ESZ24 | RAW: 42 | FILLS: 21
DEBUG: Running _parse_file_nitro on C:\Model-\TradeActivityLogs-tm_6\TradeActivityLog_2024-10-23_UTC.ES-TM_6.data with Adaptive Ghost logic...
FILE: TRADEACTIVITYLOG_2024-08-27_UTC.TM_6.DATA | ACC: TM_6 | SYMBOL: NQU24 | RAW: 80 | FILLS: 40
FILE: TRADEACTIVITYLOG_2024-08-01_UTC.TM_6.DATA | ACC: TM_6 | SYMBOL: NQU24 | RAW: 356 | FILLS: 178
DEBUG: Running _parse_file_nitro on C:\Model-\TradeActivityLogs-tm_6\TradeActivityLog_2024-08-28_UTC.ES-IPS_TM_6.data with Adaptive Ghost logic...
DEBUG: Running _parse_file_nitro on C:\Model-\TradeActivityLogs-tm_6\TradeActivityLog_2024-08-01_UTC.ZB-IPS_TM_6.data with Adaptive Ghost logic...
FILE: TRADEACTIVITYLOG_2024-10-04_UTC.TM_6.DATA | ACC: TM_6 | SYMBOL: NQZ24 | RAW: 272 | FILLS: 136
FILE: TRADEACTIVITYLOG_2024-05-24_UTC.ZB-TM_6.DATA | ACC: ZB-TM_6 | SYMBOL: Unknown | RAW: 0 | FILLS: 0
DEBUG: Running _parse_file_nitro on C:\Model-\TradeActivityLogs-tm_6\TradeActivityLog_2024-10-06_UTC.IPS_TM_6.data with Adaptive Ghost logic...
DEBUG: Running _parse_file_nitro on C:\Model-\TradeActivityLogs-tm_6\TradeActivityLog_2024-05-25_UTC.CL-IPS_TM_6.data with Adaptive Ghost logic...
FILE: TRADEACTIVITYLOG_2024-06-27_UTC.ES-TM_6.DATA | ACC: ES-TM_6 | SYMBOL: ESU24 | RAW: 59 | FILLS: 30
DEBUG: Running _parse_file_nitro on C:\Model-\TradeActivityLogs-tm_6\TradeActivityLog_2024-12-04_UTC.CL-TM_6.data with Adaptive Ghost logic...
FILE: TRADEACTIVITYLOG_2024-08-01_UTC.ZB-IPS_TM_6.DATA | ACC: ZB-IPS_TM_6 | SYMBOL: Unknown | RAW: 0 | FILLS: 0
DEBUG: Running _parse_file_nitro on C:\Model-\TradeActivityLogs-tm_6\TradeActivityLog_2024-08-01_UTC.ZB-TM_6.data with Adaptive Ghost logic...
FILE: TRADEACTIVITYLOG_2024-10-23_UTC.ES-TM_6.DATA | ACC: ES-TM_6 | SYMBOL: ESZ24 | RAW: 42 | FILLS: 21
DEBUG: Running _parse_file_nitro on C:\Model-\TradeActivityLogs-tm_6\TradeActivityLog_2024-10-23_UTC.IPS_TM_6.data with Adaptive Ghost logic...
FILE: TRADEACTIVITYLOG_2024-08-28_UTC.ES-IPS_TM_6.DATA | ACC: ES-IPS_TM_6 | SYMBOL: ESU24 | RAW: 0 | FILLS: 0
DEBUG: Running _parse_file_nitro on C:\Model-\TradeActivityLogs-tm_6\TradeActivityLog_2024-08-28_UTC.ES-TM_6.data with Adaptive Ghost logic...
FILE: TRADEACTIVITYLOG_2024-04-10_UTC.TM_6.DATA | ACC: TM_6 | SYMBOL: NQM24 | RAW: 200 | FILLS: 100
DEBUG: Running _parse_file_nitro on C:\Model-\TradeActivityLogs-tm_6\TradeActivityLog_2024-04-11_UTC.IPS_TM_6.data with Adaptive Ghost logic...
FILE: TRADEACTIVITYLOG_2024-10-06_UTC.IPS_TM_6.DATA | ACC: IPS_TM_6 | SYMBOL: NQZ24 | RAW: 8 | FILLS: 4
DEBUG: Running _parse_file_nitro on C:\Model-\TradeActivityLogs-tm_6\TradeActivityLog_2024-10-06_UTC.TM_6.data with Adaptive Ghost logic...
FILE: TRADEACTIVITYLOG_2024-05-25_UTC.CL-IPS_TM_6.DATA | ACC: CL-IPS_TM_6 | SYMBOL: CL | RAW: 0 | FILLS: 0
DEBUG: Running _parse_file_nitro on C:\Model-\TradeActivityLogs-tm_6\TradeActivityLog_2024-05-25_UTC.CL-TM_6.data with Adaptive Ghost logic...
FILE: TRADEACTIVITYLOG_2024-06-10_UTC.TM_6.DATA | ACC: TM_6 | SYMBOL: CLN24 | RAW: 240 | FILLS: 120
DEBUG: Running _parse_file_nitro on C:\Model-\TradeActivityLogs-tm_6\TradeActivityLog_2024-06-10_UTC.ZB-IPS_TM_6.data with Adaptive Ghost logic...
FILE: TRADEACTIVITYLOG_2024-12-04_UTC.CL-TM_6.DATA | ACC: CL-TM_6 | SYMBOL: CL | RAW: 0 | FILLS: 0
FILE: TRADEACTIVITYLOG_2024-11-12_UTC.TM_6.DATA | ACC: TM_6 | SYMBOL: CLZ24 | RAW: 213 | FILLS: 107
DEBUG: Running _parse_file_nitro on C:\Model-\TradeActivityLogs-tm_6\TradeActivityLog_2024-12-04_UTC.ES-IPS_TM_6.data with Adaptive Ghost logic...
DEBUG: Running _parse_file_nitro on C:\Model-\TradeActivityLogs-tm_6\TradeActivityLog_2024-11-12_UTC.ZB-IPS_TM_6.data with Adaptive Ghost logic...
FILE: TRADEACTIVITYLOG_2024-08-01_UTC.ZB-TM_6.DATA | ACC: ZB-TM_6 | SYMBOL: Unknown | RAW: 0 | FILLS: 0
DEBUG: Running _parse_file_nitro on C:\Model-\TradeActivityLogs-tm_6\TradeActivityLog_2024-08-02_UTC.ES-IPS_TM_6.data with Adaptive Ghost logic...
FILE: TRADEACTIVITYLOG_2024-08-28_UTC.ES-TM_6.DATA | ACC: ES-TM_6 | SYMBOL: ESU24 | RAW: 0 | FILLS: 0
DEBUG: Running _parse_file_nitro on C:\Model-\TradeActivityLogs-tm_6\TradeActivityLog_2024-08-28_UTC.IPS_TM_6.data with Adaptive Ghost logic...
FILE: TRADEACTIVITYLOG_2024-10-06_UTC.TM_6.DATA | ACC: TM_6 | SYMBOL: NQZ24 | RAW: 8 | FILLS: 4
DEBUG: Running _parse_file_nitro on C:\Model-\TradeActivityLogs-tm_6\TradeActivityLog_2024-10-07_UTC.ES-IPS_TM_6.data with Adaptive Ghost logic...
FILE: TRADEACTIVITYLOG_2024-06-10_UTC.ZB-IPS_TM_6.DATA | ACC: ZB-IPS_TM_6 | SYMBOL: Unknown | RAW: 0 | FILLS: 0
DEBUG: Running _parse_file_nitro on C:\Model-\TradeActivityLogs-tm_6\TradeActivityLog_2024-06-10_UTC.ZB-TM_6.data with Adaptive Ghost logic...
FILE: TRADEACTIVITYLOG_2024-05-25_UTC.CL-TM_6.DATA | ACC: CL-TM_6 | SYMBOL: CL | RAW: 0 | FILLS: 0
DEBUG: Running _parse_file_nitro on C:\Model-\TradeActivityLogs-tm_6\TradeActivityLog_2024-05-25_UTC.ES-IPS_TM_6.data with Adaptive Ghost logic...
FILE: TRADEACTIVITYLOG_2024-11-12_UTC.ZB-IPS_TM_6.DATA | ACC: ZB-IPS_TM_6 | SYMBOL: Unknown | RAW: 0 | FILLS: 0
DEBUG: Running _parse_file_nitro on C:\Model-\TradeActivityLogs-tm_6\TradeActivityLog_2024-11-12_UTC.ZB-TM_6.data with Adaptive Ghost logic...
FILE: TRADEACTIVITYLOG_2024-12-04_UTC.ES-IPS_TM_6.DATA | ACC: ES-IPS_TM_6 | SYMBOL: ESZ24 | RAW: 26 | FILLS: 13
DEBUG: Running _parse_file_nitro on C:\Model-\TradeActivityLogs-tm_6\TradeActivityLog_2024-12-04_UTC.ES-TM_6.data with Adaptive Ghost logic...
FILE: TRADEACTIVITYLOG_2024-10-23_UTC.IPS_TM_6.DATA | ACC: IPS_TM_6 | SYMBOL: CLZ24 | RAW: 248 | FILLS: 124
DEBUG: Running _parse_file_nitro on C:\Model-\TradeActivityLogs-tm_6\TradeActivityLog_2024-10-23_UTC.TM_6.data with Adaptive Ghost logic...
FILE: TRADEACTIVITYLOG_2024-06-10_UTC.ZB-TM_6.DATA | ACC: ZB-TM_6 | SYMBOL: Unknown | RAW: 0 | FILLS: 0
DEBUG: Running _parse_file_nitro on C:\Model-\TradeActivityLogs-tm_6\TradeActivityLog_2024-06-11_UTC.ES-IPS_TM_6.data with Adaptive Ghost logic...
FILE: TRADEACTIVITYLOG_2024-05-25_UTC.ES-IPS_TM_6.DATA | ACC: ES-IPS_TM_6 | SYMBOL: ESM24 | RAW: 0 | FILLS: 0
FILE: TRADEACTIVITYLOG_2024-08-02_UTC.ES-IPS_TM_6.DATA | ACC: ES-IPS_TM_6 | SYMBOL: ESU24 | RAW: 108 | FILLS: 54
DEBUG: Running _parse_file_nitro on C:\Model-\TradeActivityLogs-tm_6\TradeActivityLog_2024-05-25_UTC.ES-TM_6.data with Adaptive Ghost logic...
DEBUG: Running _parse_file_nitro on C:\Model-\TradeActivityLogs-tm_6\TradeActivityLog_2024-08-02_UTC.ES-TM_6.data with Adaptive Ghost logic...
FILE: TRADEACTIVITYLOG_2024-11-12_UTC.ZB-TM_6.DATA | ACC: ZB-TM_6 | SYMBOL: Unknown | RAW: 0 | FILLS: 0
DEBUG: Running _parse_file_nitro on C:\Model-\TradeActivityLogs-tm_6\TradeActivityLog_2024-11-13_UTC.ES-IPS_TM_6.data with Adaptive Ghost logic...
FILE: TRADEACTIVITYLOG_2024-04-11_UTC.IPS_TM_6.DATA | ACC: IPS_TM_6 | SYMBOL: NQM24 | RAW: 236 | FILLS: 118
DEBUG: Running _parse_file_nitro on C:\Model-\TradeActivityLogs-tm_6\TradeActivityLog_2024-04-11_UTC.TM_6.data with Adaptive Ghost logic...
FILE: TRADEACTIVITYLOG_2024-10-07_UTC.ES-IPS_TM_6.DATA | ACC: ES-IPS_TM_6 | SYMBOL: ESZ24 | RAW: 68 | FILLS: 34
DEBUG: Running _parse_file_nitro on C:\Model-\TradeActivityLogs-tm_6\TradeActivityLog_2024-10-07_UTC.ES-TM_6.data with Adaptive Ghost logic...
FILE: TRADEACTIVITYLOG_2024-12-04_UTC.ES-TM_6.DATA | ACC: ES-TM_6 | SYMBOL: ESZ24 | RAW: 36 | FILLS: 19
DEBUG: Running _parse_file_nitro on C:\Model-\TradeActivityLogs-tm_6\TradeActivityLog_2024-12-04_UTC.IPS_TM_6.data with Adaptive Ghost logic...
FILE: TRADEACTIVITYLOG_2024-08-28_UTC.IPS_TM_6.DATA | ACC: IPS_TM_6 | SYMBOL: NQU24 | RAW: 274 | FILLS: 137
DEBUG: Running _parse_file_nitro on C:\Model-\TradeActivityLogs-tm_6\TradeActivityLog_2024-08-28_UTC.TM_6.data with Adaptive Ghost logic...
FILE: TRADEACTIVITYLOG_2024-05-25_UTC.ES-TM_6.DATA | ACC: ES-TM_6 | SYMBOL: ESM24 | RAW: 0 | FILLS: 0
DEBUG: Running _parse_file_nitro on C:\Model-\TradeActivityLogs-tm_6\TradeActivityLog_2024-05-25_UTC.IPS_TM_6.data with Adaptive Ghost logic...
FILE: TRADEACTIVITYLOG_2024-06-11_UTC.ES-IPS_TM_6.DATA | ACC: ES-IPS_TM_6 | SYMBOL: ESM24 | RAW: 76 | FILLS: 38
DEBUG: Running _parse_file_nitro on C:\Model-\TradeActivityLogs-tm_6\TradeActivityLog_2024-06-11_UTC.ES-TM_6.data with Adaptive Ghost logic...
FILE: TRADEACTIVITYLOG_2024-11-13_UTC.ES-IPS_TM_6.DATA | ACC: ES-IPS_TM_6 | SYMBOL: ESZ24 | RAW: 96 | FILLS: 48
DEBUG: Running _parse_file_nitro on C:\Model-\TradeActivityLogs-tm_6\TradeActivityLog_2024-11-13_UTC.ES-TM_6.data with Adaptive Ghost logic...
FILE: TRADEACTIVITYLOG_2024-08-02_UTC.ES-TM_6.DATA | ACC: ES-TM_6 | SYMBOL: ESU24 | RAW: 92 | FILLS: 46
DEBUG: Running _parse_file_nitro on C:\Model-\TradeActivityLogs-tm_6\TradeActivityLog_2024-08-02_UTC.IPS_TM_6.data with Adaptive Ghost logic...
FILE: TRADEACTIVITYLOG_2024-10-07_UTC.ES-TM_6.DATA | ACC: ES-TM_6 | SYMBOL: ESZ24 | RAW: 64 | FILLS: 32
FILE: TRADEACTIVITYLOG_2024-05-25_UTC.IPS_TM_6.DATA | ACC: IPS_TM_6 | SYMBOL: Unknown | RAW: 0 | FILLS: 0
DEBUG: Running _parse_file_nitro on C:\Model-\TradeActivityLogs-tm_6\TradeActivityLog_2024-05-25_UTC.TM_6.data with Adaptive Ghost logic...
DEBUG: Running _parse_file_nitro on C:\Model-\TradeActivityLogs-tm_6\TradeActivityLog_2024-10-07_UTC.IPS_TM_6.data with Adaptive Ghost logic...
FILE: TRADEACTIVITYLOG_2024-10-23_UTC.TM_6.DATA | ACC: TM_6 | SYMBOL: CLZ24 | RAW: 232 | FILLS: 116
DEBUG: Running _parse_file_nitro on C:\Model-\TradeActivityLogs-tm_6\TradeActivityLog_2024-10-23_UTC.ZB-IPS_TM_6.data with Adaptive Ghost logic...
FILE: TRADEACTIVITYLOG_2024-06-11_UTC.ES-TM_6.DATA | ACC: ES-TM_6 | SYMBOL: ESM24 | RAW: 74 | FILLS: 37
DEBUG: Running _parse_file_nitro on C:\Model-\TradeActivityLogs-tm_6\TradeActivityLog_2024-06-11_UTC.IPS_TM_6.data with Adaptive Ghost logic...
FILE: TRADEACTIVITYLOG_2024-12-04_UTC.IPS_TM_6.DATA | ACC: IPS_TM_6 | SYMBOL: NQZ24 | RAW: 202 | FILLS: 101
DEBUG: Running _parse_file_nitro on C:\Model-\TradeActivityLogs-tm_6\TradeActivityLog_2024-12-04_UTC.TM_6.data with Adaptive Ghost logic...
FILE: TRADEACTIVITYLOG_2024-04-11_UTC.TM_6.DATA | ACC: TM_6 | SYMBOL: NQM24 | RAW: 238 | FILLS: 119
DEBUG: Running _parse_file_nitro on C:\Model-\TradeActivityLogs-tm_6\TradeActivityLog_2024-04-12_UTC.IPS_TM_6.data with Adaptive Ghost logic...
FILE: TRADEACTIVITYLOG_2024-05-25_UTC.TM_6.DATA | ACC: TM_6 | SYMBOL: Unknown | RAW: 0 | FILLS: 0
DEBUG: Running _parse_file_nitro on C:\Model-\TradeActivityLogs-tm_6\TradeActivityLog_2024-05-25_UTC.ZB-IPS_TM_6.data with Adaptive Ghost logic...
FILE: TRADEACTIVITYLOG_2024-10-23_UTC.ZB-IPS_TM_6.DATA | ACC: ZB-IPS_TM_6 | SYMBOL: Unknown | RAW: 0 | FILLS: 0
DEBUG: Running _parse_file_nitro on C:\Model-\TradeActivityLogs-tm_6\TradeActivityLog_2024-10-23_UTC.ZB-TM_6.data with Adaptive Ghost logic...
FILE: TRADEACTIVITYLOG_2024-11-13_UTC.ES-TM_6.DATA | ACC: ES-TM_6 | SYMBOL: ESZ24 | RAW: 96 | FILLS: 48
DEBUG: Running _parse_file_nitro on C:\Model-\TradeActivityLogs-tm_6\TradeActivityLog_2024-11-13_UTC.IPS_TM_6.data with Adaptive Ghost logic...
FILE: TRADEACTIVITYLOG_2024-05-25_UTC.ZB-IPS_TM_6.DATA | ACC: ZB-IPS_TM_6 | SYMBOL: Unknown | RAW: 0 | FILLS: 0
DEBUG: Running _parse_file_nitro on C:\Model-\TradeActivityLogs-tm_6\TradeActivityLog_2024-05-25_UTC.ZB-TM_6.data with Adaptive Ghost logic...
FILE: TRADEACTIVITYLOG_2024-10-23_UTC.ZB-TM_6.DATA | ACC: ZB-TM_6 | SYMBOL: Unknown | RAW: 0 | FILLS: 0
DEBUG: Running _parse_file_nitro on C:\Model-\TradeActivityLogs-tm_6\TradeActivityLog_2024-10-24_UTC.ES-IPS_TM_6.data with Adaptive Ghost logic...
FILE: TRADEACTIVITYLOG_2024-10-07_UTC.IPS_TM_6.DATA | ACC: IPS_TM_6 | SYMBOL: NQZ24 | RAW: 242 | FILLS: 121
DEBUG: Running _parse_file_nitro on C:\Model-\TradeActivityLogs-tm_6\TradeActivityLog_2024-10-07_UTC.TM_6.data with Adaptive Ghost logic...
FILE: TRADEACTIVITYLOG_2024-05-25_UTC.ZB-TM_6.DATA | ACC: ZB-TM_6 | SYMBOL: Unknown | RAW: 0 | FILLS: 0
DEBUG: Running _parse_file_nitro on C:\Model-\TradeActivityLogs-tm_6\TradeActivityLog_2024-05-26_UTC.CL-IPS_TM_6.data with Adaptive Ghost logic...
FILE: TRADEACTIVITYLOG_2024-08-02_UTC.IPS_TM_6.DATA | ACC: IPS_TM_6 | SYMBOL: NQU24 | RAW: 348 | FILLS: 174
DEBUG: Running _parse_file_nitro on C:\Model-\TradeActivityLogs-tm_6\TradeActivityLog_2024-08-02_UTC.TM_6.data with Adaptive Ghost logic...
FILE: TRADEACTIVITYLOG_2024-10-24_UTC.ES-IPS_TM_6.DATA | ACC: ES-IPS_TM_6 | SYMBOL: ESZ24 | RAW: 12 | FILLS: 6
DEBUG: Running _parse_file_nitro on C:\Model-\TradeActivityLogs-tm_6\TradeActivityLog_2024-10-24_UTC.ES-TM_6.data with Adaptive Ghost logic...
FILE: TRADEACTIVITYLOG_2024-12-04_UTC.TM_6.DATA | ACC: TM_6 | SYMBOL: NQZ24 | RAW: 191 | FILLS: 96
DEBUG: Running _parse_file_nitro on C:\Model-\TradeActivityLogs-tm_6\TradeActivityLog_2024-12-04_UTC.ZB-IPS_TM_6.data with Adaptive Ghost logic...
FILE: TRADEACTIVITYLOG_2024-08-28_UTC.TM_6.DATA | ACC: TM_6 | SYMBOL: NQU24 | RAW: 138 | FILLS: 69
DEBUG: Running _parse_file_nitro on C:\Model-\TradeActivityLogs-tm_6\TradeActivityLog_2024-08-29_UTC.ES-IPS_TM_6.data with Adaptive Ghost logic...
FILE: TRADEACTIVITYLOG_2024-04-12_UTC.IPS_TM_6.DATA | ACC: IPS_TM_6 | SYMBOL: NQM24 | RAW: 250 | FILLS: 125
DEBUG: Running _parse_file_nitro on C:\Model-\TradeActivityLogs-tm_6\TradeActivityLog_2024-04-12_UTC.TM_6.data with Adaptive Ghost logic...
FILE: TRADEACTIVITYLOG_2024-06-11_UTC.IPS_TM_6.DATA | ACC: IPS_TM_6 | SYMBOL: CLN24 | RAW: 304 | FILLS: 152
DEBUG: Running _parse_file_nitro on C:\Model-\TradeActivityLogs-tm_6\TradeActivityLog_2024-06-11_UTC.TM_6.data with Adaptive Ghost logic...
FILE: TRADEACTIVITYLOG_2024-05-26_UTC.CL-IPS_TM_6.DATA | ACC: CL-IPS_TM_6 | SYMBOL: CL | RAW: 0 | FILLS: 0
DEBUG: Running _parse_file_nitro on C:\Model-\TradeActivityLogs-tm_6\TradeActivityLog_2024-05-26_UTC.CL-TM_6.data with Adaptive Ghost logic...
FILE: TRADEACTIVITYLOG_2024-11-13_UTC.IPS_TM_6.DATA | ACC: IPS_TM_6 | SYMBOL: NQZ24 | RAW: 256 | FILLS: 128
DEBUG: Running _parse_file_nitro on C:\Model-\TradeActivityLogs-tm_6\TradeActivityLog_2024-11-13_UTC.TM_6.data with Adaptive Ghost logic...
FILE: TRADEACTIVITYLOG_2024-12-04_UTC.ZB-IPS_TM_6.DATA | ACC: ZB-IPS_TM_6 | SYMBOL: Unknown | RAW: 0 | FILLS: 0
FILE: TRADEACTIVITYLOG_2024-10-24_UTC.ES-TM_6.DATA | ACC: ES-TM_6 | SYMBOL: ESZ24 | RAW: 12 | FILLS: 6
DEBUG: Running _parse_file_nitro on C:\Model-\TradeActivityLogs-tm_6\TradeActivityLog_2024-12-04_UTC.ZB-TM_6.data with Adaptive Ghost logic...
DEBUG: Running _parse_file_nitro on C:\Model-\TradeActivityLogs-tm_6\TradeActivityLog_2024-10-24_UTC.IPS_TM_6.data with Adaptive Ghost logic...
FILE: TRADEACTIVITYLOG_2024-10-07_UTC.TM_6.DATA | ACC: TM_6 | SYMBOL: NQZ24 | RAW: 204 | FILLS: 102
DEBUG: Running _parse_file_nitro on C:\Model-\TradeActivityLogs-tm_6\TradeActivityLog_2024-10-08_UTC.ES-IPS_TM_6.data with Adaptive Ghost logic...
FILE: TRADEACTIVITYLOG_2024-05-26_UTC.CL-TM_6.DATA | ACC: CL-TM_6 | SYMBOL: CL | RAW: 0 | FILLS: 0
DEBUG: Running _parse_file_nitro on C:\Model-\TradeActivityLogs-tm_6\TradeActivityLog_2024-05-26_UTC.ES-IPS_TM_6.data with Adaptive Ghost logic...
FILE: TRADEACTIVITYLOG_2024-08-29_UTC.ES-IPS_TM_6.DATA | ACC: ES-IPS_TM_6 | SYMBOL: ESU24 | RAW: 68 | FILLS: 34
DEBUG: Running _parse_file_nitro on C:\Model-\TradeActivityLogs-tm_6\TradeActivityLog_2024-08-29_UTC.ES-TM_6.data with Adaptive Ghost logic...
FILE: TRADEACTIVITYLOG_2024-12-04_UTC.ZB-TM_6.DATA | ACC: ZB-TM_6 | SYMBOL: Unknown | RAW: 0 | FILLS: 0
DEBUG: Running _parse_file_nitro on C:\Model-\TradeActivityLogs-tm_6\TradeActivityLog_2024-12-05_UTC.ES-IPS_TM_6.data with Adaptive Ghost logic...
FILE: TRADEACTIVITYLOG_2024-05-26_UTC.ES-IPS_TM_6.DATA | ACC: ES-IPS_TM_6 | SYMBOL: ES | RAW: 0 | FILLS: 0
DEBUG: Running _parse_file_nitro on C:\Model-\TradeActivityLogs-tm_6\TradeActivityLog_2024-05-26_UTC.ES-TM_6.data with Adaptive Ghost logic...
FILE: TRADEACTIVITYLOG_2024-08-02_UTC.TM_6.DATA | ACC: TM_6 | SYMBOL: NQU24 | RAW: 292 | FILLS: 146
DEBUG: Running _parse_file_nitro on C:\Model-\TradeActivityLogs-tm_6\TradeActivityLog_2024-08-03_UTC.CL-IPS_TM_6.data with Adaptive Ghost logic...
FILE: TRADEACTIVITYLOG_2024-10-08_UTC.ES-IPS_TM_6.DATA | ACC: ES-IPS_TM_6 | SYMBOL: ESZ24 | RAW: 52 | FILLS: 26
FILE: TRADEACTIVITYLOG_2024-08-29_UTC.ES-TM_6.DATA | ACC: ES-TM_6 | SYMBOL: ESU24 | RAW: 70 | FILLS: 35
DEBUG: Running _parse_file_nitro on C:\Model-\TradeActivityLogs-tm_6\TradeActivityLog_2024-08-29_UTC.IPS_TM_6.data with Adaptive Ghost logic...
DEBUG: Running _parse_file_nitro on C:\Model-\TradeActivityLogs-tm_6\TradeActivityLog_2024-10-08_UTC.ES-TM_6.data with Adaptive Ghost logic...
FILE: TRADEACTIVITYLOG_2024-06-11_UTC.TM_6.DATA | ACC: TM_6 | SYMBOL: CLN24 | RAW: 304 | FILLS: 152
FILE: TRADEACTIVITYLOG_2024-12-05_UTC.ES-IPS_TM_6.DATA | ACC: ES-IPS_TM_6 | SYMBOL: ESZ24 | RAW: 58 | FILLS: 29
DEBUG: Running _parse_file_nitro on C:\Model-\TradeActivityLogs-tm_6\TradeActivityLog_2024-06-12_UTC.ES-IPS_TM_6.data with Adaptive Ghost logic...
FILE: TRADEACTIVITYLOG_2024-05-26_UTC.ES-TM_6.DATA | ACC: ES-TM_6 | SYMBOL: ES | RAW: 0 | FILLS: 0
DEBUG: Running _parse_file_nitro on C:\Model-\TradeActivityLogs-tm_6\TradeActivityLog_2024-12-05_UTC.ES-TM_6.data with Adaptive Ghost logic...
DEBUG: Running _parse_file_nitro on C:\Model-\TradeActivityLogs-tm_6\TradeActivityLog_2024-05-26_UTC.IPS_TM_6.data with Adaptive Ghost logic...
FILE: TRADEACTIVITYLOG_2024-04-12_UTC.TM_6.DATA | ACC: TM_6 | SYMBOL: NQM24 | RAW: 250 | FILLS: 125
FILE: TRADEACTIVITYLOG_2024-10-24_UTC.IPS_TM_6.DATA | ACC: IPS_TM_6 | SYMBOL: NQZ24 | RAW: 210 | FILLS: 105
DEBUG: Running _parse_file_nitro on C:\Model-\TradeActivityLogs-tm_6\TradeActivityLog_2024-10-24_UTC.TM_6.data with Adaptive Ghost logic...
DEBUG: Running _parse_file_nitro on C:\Model-\TradeActivityLogs-tm_6\TradeActivityLog_2024-04-14_UTC.IPS_TM_6.data with Adaptive Ghost logic...
FILE: TRADEACTIVITYLOG_2024-11-13_UTC.TM_6.DATA | ACC: TM_6 | SYMBOL: NQZ24 | RAW: 256 | FILLS: 128
FILE: TRADEACTIVITYLOG_2024-08-03_UTC.CL-IPS_TM_6.DATA | ACC: CL-IPS_TM_6 | SYMBOL: CL | RAW: 0 | FILLS: 0
DEBUG: Running _parse_file_nitro on C:\Model-\TradeActivityLogs-tm_6\TradeActivityLog_2024-08-03_UTC.CL-TM_6.data with Adaptive Ghost logic...
DEBUG: Running _parse_file_nitro on C:\Model-\TradeActivityLogs-tm_6\TradeActivityLog_2024-11-14_UTC.CL-IPS_TM_6.data with Adaptive Ghost logic...
FILE: TRADEACTIVITYLOG_2024-10-08_UTC.ES-TM_6.DATA | ACC: ES-TM_6 | SYMBOL: ESZ24 | RAW: 48 | FILLS: 24
DEBUG: Running _parse_file_nitro on C:\Model-\TradeActivityLogs-tm_6\TradeActivityLog_2024-10-08_UTC.IPS_TM_6.data with Adaptive Ghost logic...
FILE: TRADEACTIVITYLOG_2024-05-26_UTC.IPS_TM_6.DATA | ACC: IPS_TM_6 | SYMBOL: NQM24 | RAW: 0 | FILLS: 0
DEBUG: Running _parse_file_nitro on C:\Model-\TradeActivityLogs-tm_6\TradeActivityLog_2024-05-26_UTC.TM_6.data with Adaptive Ghost logic...
FILE: TRADEACTIVITYLOG_2024-08-03_UTC.CL-TM_6.DATA | ACC: CL-TM_6 | SYMBOL: CL | RAW: 0 | FILLS: 0
DEBUG: Running _parse_file_nitro on C:\Model-\TradeActivityLogs-tm_6\TradeActivityLog_2024-08-03_UTC.ES-IPS_TM_6.data with Adaptive Ghost logic...
FILE: TRADEACTIVITYLOG_2024-04-14_UTC.IPS_TM_6.DATA | ACC: IPS_TM_6 | SYMBOL: NQM24 | RAW: 6 | FILLS: 3
DEBUG: Running _parse_file_nitro on C:\Model-\TradeActivityLogs-tm_6\TradeActivityLog_2024-04-14_UTC.TM_6.data with Adaptive Ghost logic...
FILE: TRADEACTIVITYLOG_2024-11-14_UTC.CL-IPS_TM_6.DATA | ACC: CL-IPS_TM_6 | SYMBOL: CL | RAW: 0 | FILLS: 0
DEBUG: Running _parse_file_nitro on C:\Model-\TradeActivityLogs-tm_6\TradeActivityLog_2024-11-14_UTC.CL-TM_6.data with Adaptive Ghost logic...
FILE: TRADEACTIVITYLOG_2024-06-12_UTC.ES-IPS_TM_6.DATA | ACC: ES-IPS_TM_6 | SYMBOL: ESM24 | RAW: 106 | FILLS: 53
DEBUG: Running _parse_file_nitro on C:\Model-\TradeActivityLogs-tm_6\TradeActivityLog_2024-06-12_UTC.ES-TM_6.data with Adaptive Ghost logic...
FILE: TRADEACTIVITYLOG_2024-12-05_UTC.ES-TM_6.DATA | ACC: ES-TM_6 | SYMBOL: ESZ24 | RAW: 58 | FILLS: 29
DEBUG: Running _parse_file_nitro on C:\Model-\TradeActivityLogs-tm_6\TradeActivityLog_2024-12-05_UTC.IPS_TM_6.data with Adaptive Ghost logic...
FILE: TRADEACTIVITYLOG_2024-05-26_UTC.TM_6.DATA | ACC: TM_6 | SYMBOL: NQM24 | RAW: 0 | FILLS: 0
DEBUG: Running _parse_file_nitro on C:\Model-\TradeActivityLogs-tm_6\TradeActivityLog_2024-05-26_UTC.ZB-IPS_TM_6.data with Adaptive Ghost logic...
FILE: TRADEACTIVITYLOG_2024-08-03_UTC.ES-IPS_TM_6.DATA | ACC: ES-IPS_TM_6 | SYMBOL: ES | RAW: 0 | FILLS: 0
DEBUG: Running _parse_file_nitro on C:\Model-\TradeActivityLogs-tm_6\TradeActivityLog_2024-08-03_UTC.ES-TM_6.data with Adaptive Ghost logic...
FILE: TRADEACTIVITYLOG_2024-11-14_UTC.CL-TM_6.DATA | ACC: CL-TM_6 | SYMBOL: CL | RAW: 0 | FILLS: 0
DEBUG: Running _parse_file_nitro on C:\Model-\TradeActivityLogs-tm_6\TradeActivityLog_2024-11-14_UTC.ES-IPS_TM_6.data with Adaptive Ghost logic...
FILE: TRADEACTIVITYLOG_2024-08-29_UTC.IPS_TM_6.DATA | ACC: IPS_TM_6 | SYMBOL: NQU24 | RAW: 314 | FILLS: 157
DEBUG: Running _parse_file_nitro on C:\Model-\TradeActivityLogs-tm_6\TradeActivityLog_2024-08-29_UTC.TM_6.data with Adaptive Ghost logic...
FILE: TRADEACTIVITYLOG_2024-04-14_UTC.TM_6.DATA | ACC: TM_6 | SYMBOL: NQM24 | RAW: 6 | FILLS: 3
DEBUG: Running _parse_file_nitro on C:\Model-\TradeActivityLogs-tm_6\TradeActivityLog_2024-04-15_UTC.IPS_TM_6.data with Adaptive Ghost logic...
FILE: TRADEACTIVITYLOG_2024-10-08_UTC.IPS_TM_6.DATA | ACC: IPS_TM_6 | SYMBOL: CLX24 | RAW: 250 | FILLS: 125
DEBUG: Running _parse_file_nitro on C:\Model-\TradeActivityLogs-tm_6\TradeActivityLog_2024-10-08_UTC.TM_6.data with Adaptive Ghost logic...
FILE: TRADEACTIVITYLOG_2024-10-24_UTC.TM_6.DATA | ACC: TM_6 | SYMBOL: NQZ24 | RAW: 214 | FILLS: 107
DEBUG: Running _parse_file_nitro on C:\Model-\TradeActivityLogs-tm_6\TradeActivityLog_2024-10-25_UTC.CL-IPS_TM_6.data with Adaptive Ghost logic...
FILE: TRADEACTIVITYLOG_2024-05-26_UTC.ZB-IPS_TM_6.DATA | ACC: ZB-IPS_TM_6 | SYMBOL: Unknown | RAW: 0 | FILLS: 0
FILE: TRADEACTIVITYLOG_2024-06-12_UTC.ES-TM_6.DATA | ACC: ES-TM_6 | SYMBOL: ESM24 | RAW: 106 | FILLS: 53
DEBUG: Running _parse_file_nitro on C:\Model-\TradeActivityLogs-tm_6\TradeActivityLog_2024-05-26_UTC.ZB-TM_6.data with Adaptive Ghost logic...
DEBUG: Running _parse_file_nitro on C:\Model-\TradeActivityLogs-tm_6\TradeActivityLog_2024-06-12_UTC.IPS_TM_6.data with Adaptive Ghost logic...
FILE: TRADEACTIVITYLOG_2024-08-03_UTC.ES-TM_6.DATA | ACC: ES-TM_6 | SYMBOL: ES | RAW: 0 | FILLS: 0
DEBUG: Running _parse_file_nitro on C:\Model-\TradeActivityLogs-tm_6\TradeActivityLog_2024-08-03_UTC.IPS_TM_6.data with Adaptive Ghost logic...
FILE: TRADEACTIVITYLOG_2024-12-05_UTC.IPS_TM_6.DATA | ACC: IPS_TM_6 | SYMBOL: NQZ24 | RAW: 220 | FILLS: 110
DEBUG: Running _parse_file_nitro on C:\Model-\TradeActivityLogs-tm_6\TradeActivityLog_2024-12-05_UTC.TM_6.data with Adaptive Ghost logic...
FILE: TRADEACTIVITYLOG_2024-11-14_UTC.ES-IPS_TM_6.DATA | ACC: ES-IPS_TM_6 | SYMBOL: ESZ24 | RAW: 80 | FILLS: 40
DEBUG: Running _parse_file_nitro on C:\Model-\TradeActivityLogs-tm_6\TradeActivityLog_2024-11-14_UTC.ES-TM_6.data with Adaptive Ghost logic...
FILE: TRADEACTIVITYLOG_2024-05-26_UTC.ZB-TM_6.DATA | ACC: ZB-TM_6 | SYMBOL: Unknown | RAW: 0 | FILLS: 0
FILE: TRADEACTIVITYLOG_2024-10-25_UTC.CL-IPS_TM_6.DATA | ACC: CL-IPS_TM_6 | SYMBOL: CL | RAW: 0 | FILLS: 0
DEBUG: Running _parse_file_nitro on C:\Model-\TradeActivityLogs-tm_6\TradeActivityLog_2024-10-25_UTC.CL-TM_6.data with Adaptive Ghost logic...
DEBUG: Running _parse_file_nitro on C:\Model-\TradeActivityLogs-tm_6\TradeActivityLog_2024-05-27_UTC.ES-IPS_TM_6.data with Adaptive Ghost logic...
FILE: TRADEACTIVITYLOG_2024-08-03_UTC.IPS_TM_6.DATA | ACC: IPS_TM_6 | SYMBOL: Unknown | RAW: 0 | FILLS: 0
DEBUG: Running _parse_file_nitro on C:\Model-\TradeActivityLogs-tm_6\TradeActivityLog_2024-08-03_UTC.TM_6.data with Adaptive Ghost logic...
FILE: TRADEACTIVITYLOG_2024-10-25_UTC.CL-TM_6.DATA | ACC: CL-TM_6 | SYMBOL: CL | RAW: 0 | FILLS: 0
DEBUG: Running _parse_file_nitro on C:\Model-\TradeActivityLogs-tm_6\TradeActivityLog_2024-10-25_UTC.ES-IPS_TM_6.data with Adaptive Ghost logic...
FILE: TRADEACTIVITYLOG_2024-05-27_UTC.ES-IPS_TM_6.DATA | ACC: ES-IPS_TM_6 | SYMBOL: ESM24 | RAW: 8 | FILLS: 4
DEBUG: Running _parse_file_nitro on C:\Model-\TradeActivityLogs-tm_6\TradeActivityLog_2024-05-27_UTC.ES-TM_6.data with Adaptive Ghost logic...
FILE: TRADEACTIVITYLOG_2024-08-29_UTC.TM_6.DATA | ACC: TM_6 | SYMBOL: NQU24 | RAW: 266 | FILLS: 133
DEBUG: Running _parse_file_nitro on C:\Model-\TradeActivityLogs-tm_6\TradeActivityLog_2024-08-30_UTC.ES-IPS_TM_6.data with Adaptive Ghost logic...
FILE: TRADEACTIVITYLOG_2024-08-03_UTC.TM_6.DATA | ACC: TM_6 | SYMBOL: Unknown | RAW: 0 | FILLS: 0
DEBUG: Running _parse_file_nitro on C:\Model-\TradeActivityLogs-tm_6\TradeActivityLog_2024-08-03_UTC.ZB-IPS_TM_6.data with Adaptive Ghost logic...
FILE: TRADEACTIVITYLOG_2024-04-15_UTC.IPS_TM_6.DATA | ACC: IPS_TM_6 | SYMBOL: NQM24 | RAW: 253 | FILLS: 137
FILE: TRADEACTIVITYLOG_2024-11-14_UTC.ES-TM_6.DATA | ACC: ES-TM_6 | SYMBOL: ESZ24 | RAW: 80 | FILLS: 40
FILE: TRADEACTIVITYLOG_2024-10-08_UTC.TM_6.DATA | ACC: TM_6 | SYMBOL: CLX24 | RAW: 250 | FILLS: 125
DEBUG: Running _parse_file_nitro on C:\Model-\TradeActivityLogs-tm_6\TradeActivityLog_2024-04-15_UTC.TM_6.data with Adaptive Ghost logic...
DEBUG: Running _parse_file_nitro on C:\Model-\TradeActivityLogs-tm_6\TradeActivityLog_2024-11-14_UTC.IPS_TM_6.data with Adaptive Ghost logic...
DEBUG: Running _parse_file_nitro on C:\Model-\TradeActivityLogs-tm_6\TradeActivityLog_2024-10-09_UTC.ES-IPS_TM_6.data with Adaptive Ghost logic...
FILE: TRADEACTIVITYLOG_2024-06-12_UTC.IPS_TM_6.DATA | ACC: IPS_TM_6 | SYMBOL: CLN24 | RAW: 312 | FILLS: 156
DEBUG: Running _parse_file_nitro on C:\Model-\TradeActivityLogs-tm_6\TradeActivityLog_2024-06-12_UTC.TM_6.data with Adaptive Ghost logic...
FILE: TRADEACTIVITYLOG_2024-12-05_UTC.TM_6.DATA | ACC: TM_6 | SYMBOL: NQZ24 | RAW: 220 | FILLS: 110
FILE: TRADEACTIVITYLOG_2024-08-03_UTC.ZB-IPS_TM_6.DATA | ACC: ZB-IPS_TM_6 | SYMBOL: Unknown | RAW: 0 | FILLS: 0
DEBUG: Running _parse_file_nitro on C:\Model-\TradeActivityLogs-tm_6\TradeActivityLog_2024-08-03_UTC.ZB-TM_6.data with Adaptive Ghost logic...
DEBUG: Running _parse_file_nitro on C:\Model-\TradeActivityLogs-tm_6\TradeActivityLog_2024-12-06_UTC.ES-IPS_TM_6.data with Adaptive Ghost logic...
FILE: TRADEACTIVITYLOG_2024-10-25_UTC.ES-IPS_TM_6.DATA | ACC: ES-IPS_TM_6 | SYMBOL: ESZ24 | RAW: 62 | FILLS: 31
DEBUG: Running _parse_file_nitro on C:\Model-\TradeActivityLogs-tm_6\TradeActivityLog_2024-10-25_UTC.ES-TM_6.data with Adaptive Ghost logic...
FILE: TRADEACTIVITYLOG_2024-05-27_UTC.ES-TM_6.DATA | ACC: ES-TM_6 | SYMBOL: ESM24 | RAW: 8 | FILLS: 4
FILE: TRADEACTIVITYLOG_2024-08-30_UTC.ES-IPS_TM_6.DATA | ACC: ES-IPS_TM_6 | SYMBOL: ESU24 | RAW: 60 | FILLS: 30
DEBUG: Running _parse_file_nitro on C:\Model-\TradeActivityLogs-tm_6\TradeActivityLog_2024-12-23_UTC.ES-TM_6.data with Adaptive Ghost logic...
FILE: TRADEACTIVITYLOG_2024-10-09_UTC.ES-IPS_TM_6.DATA | ACC: ES-IPS_TM_6 | SYMBOL: ESZ24 | RAW: 74 | FILLS: 37
DEBUG: Running _parse_file_nitro on C:\Model-\TradeActivityLogs-tm_6\TradeActivityLog_2025-01-13_UTC.CL-IPS_TM_6.data with Adaptive Ghost logic...
DEBUG: Running _parse_file_nitro on C:\Model-\TradeActivityLogs-tm_6\TradeActivityLog_2024-10-09_UTC.ES-TM_6.data with Adaptive Ghost logic...
FILE: TRADEACTIVITYLOG_2024-08-03_UTC.ZB-TM_6.DATA | ACC: ZB-TM_6 | SYMBOL: Unknown | RAW: 0 | FILLS: 0
DEBUG: Running _parse_file_nitro on C:\Model-\TradeActivityLogs-tm_6\TradeActivityLog_2024-08-04_UTC.CL-IPS_TM_6.data with Adaptive Ghost logic...
FILE: TRADEACTIVITYLOG_2024-12-06_UTC.ES-IPS_TM_6.DATA | ACC: ES-IPS_TM_6 | SYMBOL: ESZ24 | RAW: 52 | FILLS: 26
DEBUG: Running _parse_file_nitro on C:\Model-\TradeActivityLogs-tm_6\TradeActivityLog_2024-12-06_UTC.ES-TM_6.data with Adaptive Ghost logic...
FILE: TRADEACTIVITYLOG_2024-10-25_UTC.ES-TM_6.DATA | ACC: ES-TM_6 | SYMBOL: ESZ24 | RAW: 22 | FILLS: 11
DEBUG: Running _parse_file_nitro on C:\Model-\TradeActivityLogs-tm_6\TradeActivityLog_2024-10-25_UTC.IPS_TM_6.data with Adaptive Ghost logic...
FILE: TRADEACTIVITYLOG_2024-04-15_UTC.TM_6.DATA | ACC: TM_6 | SYMBOL: NQM24 | RAW: 253 | FILLS: 137
DEBUG: Running _parse_file_nitro on C:\Model-\TradeActivityLogs-tm_6\TradeActivityLog_2024-04-16_UTC.IPS_TM_6.data with Adaptive Ghost logic...
FILE: TRADEACTIVITYLOG_2024-11-14_UTC.IPS_TM_6.DATA | ACC: IPS_TM_6 | SYMBOL: CLZ24 | RAW: 223 | FILLS: 112
DEBUG: Running _parse_file_nitro on C:\Model-\TradeActivityLogs-tm_6\TradeActivityLog_2024-11-14_UTC.TM_6.data with Adaptive Ghost logic...
FILE: TRADEACTIVITYLOG_2025-01-13_UTC.CL-IPS_TM_6.DATA | ACC: CL-IPS_TM_6 | SYMBOL: CL | RAW: 0 | FILLS: 0
DEBUG: Running _parse_file_nitro on C:\Model-\TradeActivityLogs-tm_6\TradeActivityLog_2025-01-13_UTC.CL-TM_6.data with Adaptive Ghost logic...
FILE: TRADEACTIVITYLOG_2024-06-12_UTC.TM_6.DATA | ACC: TM_6 | SYMBOL: CLN24 | RAW: 306 | FILLS: 153
FILE: TRADEACTIVITYLOG_2024-08-04_UTC.CL-IPS_TM_6.DATA | ACC: CL-IPS_TM_6 | SYMBOL: CL | RAW: 0 | FILLS: 0
DEBUG: Running _parse_file_nitro on C:\Model-\TradeActivityLogs-tm_6\TradeActivityLog_2024-08-04_UTC.CL-TM_6.data with Adaptive Ghost logic...
DEBUG: Running _parse_file_nitro on C:\Model-\TradeActivityLogs-tm_6\TradeActivityLog_2024-06-13_UTC.CL-IPS_TM_6.data with Adaptive Ghost logic...
FILE: TRADEACTIVITYLOG_2024-12-23_UTC.ES-TM_6.DATA | ACC: ES-TM_6 | SYMBOL: ESH25 | RAW: 82 | FILLS: 41
DEBUG: Running _parse_file_nitro on C:\Model-\TradeActivityLogs-tm_6\TradeActivityLog_2024-12-23_UTC.IPS_TM_6.data with Adaptive Ghost logic...
FILE: TRADEACTIVITYLOG_2024-10-09_UTC.ES-TM_6.DATA | ACC: ES-TM_6 | SYMBOL: ESZ24 | RAW: 74 | FILLS: 37
DEBUG: Running _parse_file_nitro on C:\Model-\TradeActivityLogs-tm_6\TradeActivityLog_2024-10-09_UTC.IPS_TM_6.data with Adaptive Ghost logic...
FILE: TRADEACTIVITYLOG_2024-12-06_UTC.ES-TM_6.DATA | ACC: ES-TM_6 | SYMBOL: ESZ24 | RAW: 52 | FILLS: 26
DEBUG: Running _parse_file_nitro on C:\Model-\TradeActivityLogs-tm_6\TradeActivityLog_2024-12-06_UTC.IPS_TM_6.data with Adaptive Ghost logic...
FILE: TRADEACTIVITYLOG_2024-08-04_UTC.CL-TM_6.DATA | ACC: CL-TM_6 | SYMBOL: CL | RAW: 0 | FILLS: 0
DEBUG: Running _parse_file_nitro on C:\Model-\TradeActivityLogs-tm_6\TradeActivityLog_2024-08-04_UTC.ES-IPS_TM_6.data with Adaptive Ghost logic...
FILE: TRADEACTIVITYLOG_2024-06-13_UTC.CL-IPS_TM_6.DATA | ACC: CL-IPS_TM_6 | SYMBOL: CL | RAW: 0 | FILLS: 0
DEBUG: Running _parse_file_nitro on C:\Model-\TradeActivityLogs-tm_6\TradeActivityLog_2024-06-13_UTC.CL-TM_6.data with Adaptive Ghost logic...
FILE: TRADEACTIVITYLOG_2025-01-13_UTC.CL-TM_6.DATA | ACC: CL-TM_6 | SYMBOL: CL | RAW: 0 | FILLS: 0
DEBUG: Running _parse_file_nitro on C:\Model-\TradeActivityLogs-tm_6\TradeActivityLog_2025-01-13_UTC.ES-IPS_TM_6.data with Adaptive Ghost logic...
FILE: TRADEACTIVITYLOG_2024-10-25_UTC.IPS_TM_6.DATA | ACC: IPS_TM_6 | SYMBOL: NQZ24 | RAW: 194 | FILLS: 97
DEBUG: Running _parse_file_nitro on C:\Model-\TradeActivityLogs-tm_6\TradeActivityLog_2024-10-25_UTC.TM_6.data with Adaptive Ghost logic...
FILE: TRADEACTIVITYLOG_2024-06-13_UTC.CL-TM_6.DATA | ACC: CL-TM_6 | SYMBOL: CL | RAW: 0 | FILLS: 0
DEBUG: Running _parse_file_nitro on C:\Model-\TradeActivityLogs-tm_6\TradeActivityLog_2024-06-13_UTC.ES-IPS_TM_6.data with Adaptive Ghost logic...
FILE: TRADEACTIVITYLOG_2024-08-04_UTC.ES-IPS_TM_6.DATA | ACC: ES-IPS_TM_6 | SYMBOL: ESU24 | RAW: 10 | FILLS: 5
DEBUG: Running _parse_file_nitro on C:\Model-\TradeActivityLogs-tm_6\TradeActivityLog_2024-08-04_UTC.ES-TM_6.data with Adaptive Ghost logic...
FILE: TRADEACTIVITYLOG_2024-04-16_UTC.IPS_TM_6.DATA | ACC: IPS_TM_6 | SYMBOL: NQM24 | RAW: 196 | FILLS: 98
DEBUG: Running _parse_file_nitro on C:\Model-\TradeActivityLogs-tm_6\TradeActivityLog_2024-04-16_UTC.TM_6.data with Adaptive Ghost logic...
FILE: TRADEACTIVITYLOG_2024-10-09_UTC.IPS_TM_6.DATA | ACC: IPS_TM_6 | SYMBOL: NQZ24 | RAW: 220 | FILLS: 110
DEBUG: Running _parse_file_nitro on C:\Model-\TradeActivityLogs-tm_6\TradeActivityLog_2024-10-09_UTC.TM_6.data with Adaptive Ghost logic...
FILE: TRADEACTIVITYLOG_2024-11-14_UTC.TM_6.DATA | ACC: TM_6 | SYMBOL: CLZ24 | RAW: 227 | FILLS: 114
DEBUG: Running _parse_file_nitro on C:\Model-\TradeActivityLogs-tm_6\TradeActivityLog_2024-11-14_UTC.ZB-IPS_TM_6.data with Adaptive Ghost logic...
FILE: TRADEACTIVITYLOG_2025-01-13_UTC.ES-IPS_TM_6.DATA | ACC: ES-IPS_TM_6 | SYMBOL: ESH25 | RAW: 107 | FILLS: 54
DEBUG: Running _parse_file_nitro on C:\Model-\TradeActivityLogs-tm_6\TradeActivityLog_2025-01-13_UTC.ES-TM_6.data with Adaptive Ghost logic...
FILE: TRADEACTIVITYLOG_2024-12-23_UTC.IPS_TM_6.DATA | ACC: IPS_TM_6 | SYMBOL: NQH25 | RAW: 280 | FILLS: 140
DEBUG: Running _parse_file_nitro on C:\Model-\TradeActivityLogs-tm_6\TradeActivityLog_2024-12-23_UTC.TM_6.data with Adaptive Ghost logic...
FILE: TRADEACTIVITYLOG_2024-08-04_UTC.ES-TM_6.DATA | ACC: ES-TM_6 | SYMBOL: ESU24 | RAW: 10 | FILLS: 5
FILE: TRADEACTIVITYLOG_2024-10-25_UTC.TM_6.DATA | ACC: TM_6 | SYMBOL: NQZ24 | RAW: 184 | FILLS: 92
DEBUG: Running _parse_file_nitro on C:\Model-\TradeActivityLogs-tm_6\TradeActivityLog_2024-08-04_UTC.IPS_TM_6.data with Adaptive Ghost logic...
DEBUG: Running _parse_file_nitro on C:\Model-\TradeActivityLogs-tm_6\TradeActivityLog_2024-10-25_UTC.ZB-IPS_TM_6.data with Adaptive Ghost logic...
FILE: TRADEACTIVITYLOG_2024-12-06_UTC.IPS_TM_6.DATA | ACC: IPS_TM_6 | SYMBOL: NQZ24 | RAW: 222 | FILLS: 111
DEBUG: Running _parse_file_nitro on C:\Model-\TradeActivityLogs-tm_6\TradeActivityLog_2024-12-06_UTC.TM_6.data with Adaptive Ghost logic...
FILE: TRADEACTIVITYLOG_2024-11-14_UTC.ZB-IPS_TM_6.DATA | ACC: ZB-IPS_TM_6 | SYMBOL: Unknown | RAW: 0 | FILLS: 0
DEBUG: Running _parse_file_nitro on C:\Model-\TradeActivityLogs-tm_6\TradeActivityLog_2024-11-14_UTC.ZB-TM_6.data with Adaptive Ghost logic...
FILE: TRADEACTIVITYLOG_2024-06-13_UTC.ES-IPS_TM_6.DATA | ACC: ES-IPS_TM_6 | SYMBOL: ESM24 | RAW: 96 | FILLS: 48
DEBUG: Running _parse_file_nitro on C:\Model-\TradeActivityLogs-tm_6\TradeActivityLog_2024-06-13_UTC.ES-TM_6.data with Adaptive Ghost logic...
FILE: TRADEACTIVITYLOG_2024-10-25_UTC.ZB-IPS_TM_6.DATA | ACC: ZB-IPS_TM_6 | SYMBOL: Unknown | RAW: 0 | FILLS: 0
DEBUG: Running _parse_file_nitro on C:\Model-\TradeActivityLogs-tm_6\TradeActivityLog_2024-10-25_UTC.ZB-TM_6.data with Adaptive Ghost logic...
FILE: TRADEACTIVITYLOG_2024-11-14_UTC.ZB-TM_6.DATA | ACC: ZB-TM_6 | SYMBOL: Unknown | RAW: 0 | FILLS: 0
DEBUG: Running _parse_file_nitro on C:\Model-\TradeActivityLogs-tm_6\TradeActivityLog_2024-11-15_UTC.CL-IPS_TM_6.data with Adaptive Ghost logic...
FILE: TRADEACTIVITYLOG_2024-08-04_UTC.IPS_TM_6.DATA | ACC: IPS_TM_6 | SYMBOL: CLU24 | RAW: 22 | FILLS: 11
DEBUG: Running _parse_file_nitro on C:\Model-\TradeActivityLogs-tm_6\TradeActivityLog_2024-08-04_UTC.TM_6.data with Adaptive Ghost logic...
FILE: TRADEACTIVITYLOG_2024-04-16_UTC.TM_6.DATA | ACC: TM_6 | SYMBOL: NQM24 | RAW: 200 | FILLS: 100
DEBUG: Running _parse_file_nitro on C:\Model-\TradeActivityLogs-tm_6\TradeActivityLog_2024-04-17_UTC.IPS_TM_6.data with Adaptive Ghost logic...
FILE: TRADEACTIVITYLOG_2025-01-13_UTC.ES-TM_6.DATA | ACC: ES-TM_6 | SYMBOL: ESH25 | RAW: 107 | FILLS: 54
DEBUG: Running _parse_file_nitro on C:\Model-\TradeActivityLogs-tm_6\TradeActivityLog_2025-01-13_UTC.IPS_TM_6.data with Adaptive Ghost logic...
FILE: TRADEACTIVITYLOG_2024-10-09_UTC.TM_6.DATA | ACC: TM_6 | SYMBOL: NQZ24 | RAW: 216 | FILLS: 108
DEBUG: Running _parse_file_nitro on C:\Model-\TradeActivityLogs-tm_6\TradeActivityLog_2024-10-10_UTC.ES-IPS_TM_6.data with Adaptive Ghost logic...
FILE: TRADEACTIVITYLOG_2024-10-25_UTC.ZB-TM_6.DATA | ACC: ZB-TM_6 | SYMBOL: Unknown | RAW: 0 | FILLS: 0
DEBUG: Running _parse_file_nitro on C:\Model-\TradeActivityLogs-tm_6\TradeActivityLog_2024-10-27_UTC.IPS_TM_6.data with Adaptive Ghost logic...
FILE: TRADEACTIVITYLOG_2024-06-13_UTC.ES-TM_6.DATA | ACC: ES-TM_6 | SYMBOL: ESM24 | RAW: 90 | FILLS: 45
DEBUG: Running _parse_file_nitro on C:\Model-\TradeActivityLogs-tm_6\TradeActivityLog_2024-06-13_UTC.IPS_TM_6.data with Adaptive Ghost logic...
FILE: TRADEACTIVITYLOG_2024-12-06_UTC.TM_6.DATA | ACC: TM_6 | SYMBOL: NQZ24 | RAW: 160 | FILLS: 80
DEBUG: Running _parse_file_nitro on C:\Model-\TradeActivityLogs-tm_6\TradeActivityLog_2024-12-09_UTC.ES-IPS_TM_6.data with Adaptive Ghost logic...
FILE: TRADEACTIVITYLOG_2024-11-15_UTC.CL-IPS_TM_6.DATA | ACC: CL-IPS_TM_6 | SYMBOL: CL | RAW: 0 | FILLS: 0
DEBUG: Running _parse_file_nitro on C:\Model-\TradeActivityLogs-tm_6\TradeActivityLog_2024-11-15_UTC.CL-TM_6.data with Adaptive Ghost logic...
FILE: TRADEACTIVITYLOG_2024-08-04_UTC.TM_6.DATA | ACC: TM_6 | SYMBOL: CLU24 | RAW: 22 | FILLS: 11
DEBUG: Running _parse_file_nitro on C:\Model-\TradeActivityLogs-tm_6\TradeActivityLog_2024-08-04_UTC.ZB-IPS_TM_6.data with Adaptive Ghost logic...
FILE: TRADEACTIVITYLOG_2024-12-23_UTC.TM_6.DATA | ACC: TM_6 | SYMBOL: NQH25 | RAW: 280 | FILLS: 140
DEBUG: Running _parse_file_nitro on C:\Model-\TradeActivityLogs-tm_6\TradeActivityLog_2024-12-24_UTC.ES-IPS_TM_6.data with Adaptive Ghost logic...
FILE: TRADEACTIVITYLOG_2024-10-10_UTC.ES-IPS_TM_6.DATA | ACC: ES-IPS_TM_6 | SYMBOL: ESZ24 | RAW: 78 | FILLS: 39
DEBUG: Running _parse_file_nitro on C:\Model-\TradeActivityLogs-tm_6\TradeActivityLog_2024-10-10_UTC.ES-TM_6.data with Adaptive Ghost logic...
FILE: TRADEACTIVITYLOG_2024-10-27_UTC.IPS_TM_6.DATA | ACC: IPS_TM_6 | SYMBOL: CLZ24 | RAW: 20 | FILLS: 10
FILE: TRADEACTIVITYLOG_2024-08-04_UTC.ZB-IPS_TM_6.DATA | ACC: ZB-IPS_TM_6 | SYMBOL: Unknown | RAW: 0 | FILLS: 0
DEBUG: Running _parse_file_nitro on C:\Model-\TradeActivityLogs-tm_6\TradeActivityLog_2024-10-27_UTC.TM_6.data with Adaptive Ghost logic...
DEBUG: Running _parse_file_nitro on C:\Model-\TradeActivityLogs-tm_6\TradeActivityLog_2024-08-04_UTC.ZB-TM_6.data with Adaptive Ghost logic...
FILE: TRADEACTIVITYLOG_2024-11-15_UTC.CL-TM_6.DATA | ACC: CL-TM_6 | SYMBOL: CL | RAW: 0 | FILLS: 0
DEBUG: Running _parse_file_nitro on C:\Model-\TradeActivityLogs-tm_6\TradeActivityLog_2024-11-15_UTC.ES-IPS_TM_6.data with Adaptive Ghost logic...
FILE: TRADEACTIVITYLOG_2024-04-17_UTC.IPS_TM_6.DATA | ACC: IPS_TM_6 | SYMBOL: NQM24 | RAW: 214 | FILLS: 107
DEBUG: Running _parse_file_nitro on C:\Model-\TradeActivityLogs-tm_6\TradeActivityLog_2024-04-17_UTC.TM_6.data with Adaptive Ghost logic...
FILE: TRADEACTIVITYLOG_2024-12-09_UTC.ES-IPS_TM_6.DATA | ACC: ES-IPS_TM_6 | SYMBOL: ESZ24 | RAW: 90 | FILLS: 45
DEBUG: Running _parse_file_nitro on C:\Model-\TradeActivityLogs-tm_6\TradeActivityLog_2024-12-09_UTC.ES-TM_6.data with Adaptive Ghost logic...
FILE: TRADEACTIVITYLOG_2024-12-24_UTC.ES-IPS_TM_6.DATA | ACC: ES-IPS_TM_6 | SYMBOL: ESH25 | RAW: 6 | FILLS: 3
DEBUG: Running _parse_file_nitro on C:\Model-\TradeActivityLogs-tm_6\TradeActivityLog_2024-12-24_UTC.ES-TM_6.data with Adaptive Ghost logic...
FILE: TRADEACTIVITYLOG_2025-01-13_UTC.IPS_TM_6.DATA | ACC: IPS_TM_6 | SYMBOL: NQH25 | RAW: 226 | FILLS: 113
FILE: TRADEACTIVITYLOG_2024-08-04_UTC.ZB-TM_6.DATA | ACC: ZB-TM_6 | SYMBOL: Unknown | RAW: 0 | FILLS: 0
DEBUG: Running _parse_file_nitro on C:\Model-\TradeActivityLogs-tm_6\TradeActivityLog_2024-08-05_UTC.CL-IPS_TM_6.data with Adaptive Ghost logic...
DEBUG: Running _parse_file_nitro on C:\Model-\TradeActivityLogs-tm_6\TradeActivityLog_2025-01-13_UTC.TM_6.data with Adaptive Ghost logic...
FILE: TRADEACTIVITYLOG_2024-10-27_UTC.TM_6.DATA | ACC: TM_6 | SYMBOL: CLZ24 | RAW: 20 | FILLS: 10
DEBUG: Running _parse_file_nitro on C:\Model-\TradeActivityLogs-tm_6\TradeActivityLog_2024-10-28_UTC.ES-IPS_TM_6.data with Adaptive Ghost logic...
FILE: TRADEACTIVITYLOG_2024-10-10_UTC.ES-TM_6.DATA | ACC: ES-TM_6 | SYMBOL: ESZ24 | RAW: 78 | FILLS: 39
DEBUG: Running _parse_file_nitro on C:\Model-\TradeActivityLogs-tm_6\TradeActivityLog_2024-10-10_UTC.IPS_TM_6.data with Adaptive Ghost logic...
FILE: TRADEACTIVITYLOG_2024-08-05_UTC.CL-IPS_TM_6.DATA | ACC: CL-IPS_TM_6 | SYMBOL: CL | RAW: 0 | FILLS: 0
FILE: TRADEACTIVITYLOG_2024-10-28_UTC.ES-IPS_TM_6.DATA | ACC: ES-IPS_TM_6 | SYMBOL: ESZ24 | RAW: 40 | FILLS: 20
DEBUG: Running _parse_file_nitro on C:\Model-\TradeActivityLogs-tm_6\TradeActivityLog_2024-10-28_UTC.ES-TM_6.data with Adaptive Ghost logic...
DEBUG: Running _parse_file_nitro on C:\Model-\TradeActivityLogs-tm_6\TradeActivityLog_2024-08-05_UTC.CL-TM_6.data with Adaptive Ghost logic...
FILE: TRADEACTIVITYLOG_2024-12-24_UTC.ES-TM_6.DATA | ACC: ES-TM_6 | SYMBOL: ESH25 | RAW: 6 | FILLS: 3
FILE: TRADEACTIVITYLOG_2024-11-15_UTC.ES-IPS_TM_6.DATA | ACC: ES-IPS_TM_6 | SYMBOL: ESZ24 | RAW: 77 | FILLS: 40
DEBUG: Running _parse_file_nitro on C:\Model-\TradeActivityLogs-tm_6\TradeActivityLog_2024-12-24_UTC.IPS_TM_6.data with Adaptive Ghost logic...
DEBUG: Running _parse_file_nitro on C:\Model-\TradeActivityLogs-tm_6\TradeActivityLog_2024-11-15_UTC.ES-TM_6.data with Adaptive Ghost logic...
FILE: TRADEACTIVITYLOG_2024-06-13_UTC.IPS_TM_6.DATA | ACC: IPS_TM_6 | SYMBOL: NQM24 | RAW: 359 | FILLS: 181
FILE: TRADEACTIVITYLOG_2024-12-09_UTC.ES-TM_6.DATA | ACC: ES-TM_6 | SYMBOL: ESZ24 | RAW: 90 | FILLS: 45
DEBUG: Running _parse_file_nitro on C:\Model-\TradeActivityLogs-tm_6\TradeActivityLog_2024-12-09_UTC.IPS_TM_6.data with Adaptive Ghost logic...
DEBUG: Running _parse_file_nitro on C:\Model-\TradeActivityLogs-tm_6\TradeActivityLog_2025-02-01_UTC.ES-TM_6.data with Adaptive Ghost logic...
FILE: TRADEACTIVITYLOG_2024-04-17_UTC.TM_6.DATA | ACC: TM_6 | SYMBOL: NQM24 | RAW: 230 | FILLS: 115
DEBUG: Running _parse_file_nitro on C:\Model-\TradeActivityLogs-tm_6\TradeActivityLog_2024-04-18_UTC.IPS_TM_6.data with Adaptive Ghost logic...
FILE: TRADEACTIVITYLOG_2024-10-28_UTC.ES-TM_6.DATA | ACC: ES-TM_6 | SYMBOL: ESZ24 | RAW: 40 | FILLS: 20
DEBUG: Running _parse_file_nitro on C:\Model-\TradeActivityLogs-tm_6\TradeActivityLog_2024-10-28_UTC.IPS_TM_6.data with Adaptive Ghost logic...
FILE: TRADEACTIVITYLOG_2024-08-05_UTC.CL-TM_6.DATA | ACC: CL-TM_6 | SYMBOL: CL | RAW: 0 | FILLS: 0
DEBUG: Running _parse_file_nitro on C:\Model-\TradeActivityLogs-tm_6\TradeActivityLog_2024-08-05_UTC.ES-IPS_TM_6.data with Adaptive Ghost logic...
FILE: TRADEACTIVITYLOG_2024-11-15_UTC.ES-TM_6.DATA | ACC: ES-TM_6 | SYMBOL: ESZ24 | RAW: 74 | FILLS: 39
DEBUG: Running _parse_file_nitro on C:\Model-\TradeActivityLogs-tm_6\TradeActivityLog_2024-11-15_UTC.IPS_TM_6.data with Adaptive Ghost logic...
FILE: TRADEACTIVITYLOG_2025-01-13_UTC.TM_6.DATA | ACC: TM_6 | SYMBOL: NQH25 | RAW: 230 | FILLS: 115
FILE: TRADEACTIVITYLOG_2024-10-10_UTC.IPS_TM_6.DATA | ACC: IPS_TM_6 | SYMBOL: NQZ24 | RAW: 226 | FILLS: 113
DEBUG: Running _parse_file_nitro on C:\Model-\TradeActivityLogs-tm_6\TradeActivityLog_2025-01-13_UTC.ZB-IPS_TM_6.data with Adaptive Ghost logic...
DEBUG: Running _parse_file_nitro on C:\Model-\TradeActivityLogs-tm_6\TradeActivityLog_2024-10-10_UTC.TM_6.data with Adaptive Ghost logic...
FILE: TRADEACTIVITYLOG_2025-02-01_UTC.ES-TM_6.DATA | ACC: ES-TM_6 | SYMBOL: ES | RAW: 0 | FILLS: 0
FILE: TRADEACTIVITYLOG_2024-12-24_UTC.IPS_TM_6.DATA | ACC: IPS_TM_6 | SYMBOL: NQH25 | RAW: 122 | FILLS: 61
DEBUG: Running _parse_file_nitro on C:\Model-\TradeActivityLogs-tm_6\TradeActivityLog_2025-02-01_UTC.IPS_TM_6.data with Adaptive Ghost logic...
DEBUG: Running _parse_file_nitro on C:\Model-\TradeActivityLogs-tm_6\TradeActivityLog_2024-12-24_UTC.TM_6.data with Adaptive Ghost logic...
FILE: TRADEACTIVITYLOG_2025-01-13_UTC.ZB-IPS_TM_6.DATA | ACC: ZB-IPS_TM_6 | SYMBOL: Unknown | RAW: 0 | FILLS: 0
FILE: TRADEACTIVITYLOG_2025-02-01_UTC.IPS_TM_6.DATA | ACC: IPS_TM_6 | SYMBOL: Unknown | RAW: 0 | FILLS: 0
DEBUG: Running _parse_file_nitro on C:\Model-\TradeActivityLogs-tm_6\TradeActivityLog_2025-01-13_UTC.ZB-TM_6.data with Adaptive Ghost logic...
DEBUG: Running _parse_file_nitro on C:\Model-\TradeActivityLogs-tm_6\TradeActivityLog_2025-02-01_UTC.TM_6.data with Adaptive Ghost logic...
FILE: TRADEACTIVITYLOG_2024-04-18_UTC.IPS_TM_6.DATA | ACC: IPS_TM_6 | SYMBOL: NQM24 | RAW: 208 | FILLS: 104
DEBUG: Running _parse_file_nitro on C:\Model-\TradeActivityLogs-tm_6\TradeActivityLog_2024-04-18_UTC.TM_6.data with Adaptive Ghost logic...
FILE: TRADEACTIVITYLOG_2024-08-05_UTC.ES-IPS_TM_6.DATA | ACC: ES-IPS_TM_6 | SYMBOL: ESU24 | RAW: 153 | FILLS: 78
FILE: TRADEACTIVITYLOG_2024-12-09_UTC.IPS_TM_6.DATA | ACC: IPS_TM_6 | SYMBOL: NQZ24 | RAW: 214 | FILLS: 107
DEBUG: Running _parse_file_nitro on C:\Model-\TradeActivityLogs-tm_6\TradeActivityLog_2024-08-05_UTC.ES-TM_6.data with Adaptive Ghost logic...
DEBUG: Running _parse_file_nitro on C:\Model-\TradeActivityLogs-tm_6\TradeActivityLog_2024-12-09_UTC.TM_6.data with Adaptive Ghost logic...
FILE: TRADEACTIVITYLOG_2024-10-28_UTC.IPS_TM_6.DATA | ACC: IPS_TM_6 | SYMBOL: CLZ24 | RAW: 256 | FILLS: 128
DEBUG: Running _parse_file_nitro on C:\Model-\TradeActivityLogs-tm_6\TradeActivityLog_2024-10-28_UTC.TM_6.data with Adaptive Ghost logic...
FILE: TRADEACTIVITYLOG_2024-12-24_UTC.TM_6.DATA | ACC: TM_6 | SYMBOL: NQH25 | RAW: 122 | FILLS: 61
DEBUG: Running _parse_file_nitro on C:\Model-\TradeActivityLogs-tm_6\TradeActivityLog_2024-12-25_UTC.CL-IPS_TM_6.data with Adaptive Ghost logic...
FILE: TRADEACTIVITYLOG_2024-10-10_UTC.TM_6.DATA | ACC: TM_6 | SYMBOL: NQZ24 | RAW: 226 | FILLS: 113
DEBUG: Running _parse_file_nitro on C:\Model-\TradeActivityLogs-tm_6\TradeActivityLog_2024-10-11_UTC.CL-IPS_TM_6.data with Adaptive Ghost logic...
FILE: TRADEACTIVITYLOG_2025-01-13_UTC.ZB-TM_6.DATA | ACC: ZB-TM_6 | SYMBOL: Unknown | RAW: 0 | FILLS: 0
FILE: TRADEACTIVITYLOG_2025-02-01_UTC.TM_6.DATA | ACC: TM_6 | SYMBOL: Unknown | RAW: 0 | FILLS: 0
DEBUG: Running _parse_file_nitro on C:\Model-\TradeActivityLogs-tm_6\TradeActivityLog_2025-01-14_UTC.ES-IPS_TM_6.data with Adaptive Ghost logic...
DEBUG: Running _parse_file_nitro on C:\Model-\TradeActivityLogs-tm_6\TradeActivityLog_2025-02-01_UTC.ZB-IPS_TM_6.data with Adaptive Ghost logic...
FILE: TRADEACTIVITYLOG_2024-12-25_UTC.CL-IPS_TM_6.DATA | ACC: CL-IPS_TM_6 | SYMBOL: CL | RAW: 0 | FILLS: 0

DEBUG: Running _parse_file_nitro on C:\Model-\TradeActivityLogs-tm_6\TradeActivityLog_2024-12-25_UTC.CL-TM_6.data with Adaptive Ghost logic...
DEBUG: Running _parse_file_nitro on C:\Model-\TradeActivityLogs-tm_6\TradeActivityLog_2024-11-15_UTC.TM_6.data with Adaptive Ghost logic...
FILE: TRADEACTIVITYLOG_2024-10-11_UTC.CL-IPS_TM_6.DATA | ACC: CL-IPS_TM_6 | SYMBOL: CL | RAW: 0 | FILLS: 0
DEBUG: Running _parse_file_nitro on C:\Model-\TradeActivityLogs-tm_6\TradeActivityLog_2024-10-11_UTC.CL-TM_6.data with Adaptive Ghost logic...
FILE: TRADEACTIVITYLOG_2025-02-01_UTC.ZB-IPS_TM_6.DATA | ACC: ZB-IPS_TM_6 | SYMBOL: Unknown | RAW: 0 | FILLS: 0
DEBUG: Running _parse_file_nitro on C:\Model-\TradeActivityLogs-tm_6\TradeActivityLog_2025-02-01_UTC.ZB-TM_6.data with Adaptive Ghost logic...
FILE: TRADEACTIVITYLOG_2024-04-18_UTC.TM_6.DATA | ACC: TM_6 | SYMBOL: NQM24 | RAW: 202 | FILLS: 101
DEBUG: Running _parse_file_nitro on C:\Model-\TradeActivityLogs-tm_6\TradeActivityLog_2024-04-19_UTC.IPS_TM_6.data with Adaptive Ghost logic...
FILE: TRADEACTIVITYLOG_2024-12-09_UTC.TM_6.DATA | ACC: TM_6 | SYMBOL: NQZ24 | RAW: 186 | FILLS: 93
DEBUG: Running _parse_file_nitro on C:\Model-\TradeActivityLogs-tm_6\TradeActivityLog_2024-12-10_UTC.CL-IPS_TM_6.data with Adaptive Ghost logic...
FILE: TRADEACTIVITYLOG_2024-12-25_UTC.CL-TM_6.DATA | ACC: CL-TM_6 | SYMBOL: CL | RAW: 0 | FILLS: 0
DEBUG: Running _parse_file_nitro on C:\Model-\TradeActivityLogs-tm_6\TradeActivityLog_2024-12-25_UTC.ES-IPS_TM_6.data with Adaptive Ghost logic...
FILE: TRADEACTIVITYLOG_2024-10-28_UTC.TM_6.DATA | ACC: TM_6 | SYMBOL: CLZ24 | RAW: 258 | FILLS: 129
DEBUG: Running _parse_file_nitro on C:\Model-\TradeActivityLogs-tm_6\TradeActivityLog_2024-10-29_UTC.ES-IPS_TM_6.data with Adaptive Ghost logic...
FILE: TRADEACTIVITYLOG_2024-10-11_UTC.CL-TM_6.DATA | ACC: CL-TM_6 | SYMBOL: CL | RAW: 0 | FILLS: 0
FILE: TRADEACTIVITYLOG_2025-01-14_UTC.ES-IPS_TM_6.DATA | ACC: ES-IPS_TM_6 | SYMBOL: ESH25 | RAW: 70 | FILLS: 35
DEBUG: Running _parse_file_nitro on C:\Model-\TradeActivityLogs-tm_6\TradeActivityLog_2024-10-11_UTC.ES-IPS_TM_6.data with Adaptive Ghost logic...
DEBUG: Running _parse_file_nitro on C:\Model-\TradeActivityLogs-tm_6\TradeActivityLog_2025-01-14_UTC.ES-TM_6.data with Adaptive Ghost logic...
FILE: TRADEACTIVITYLOG_2025-02-01_UTC.ZB-TM_6.DATA | ACC: ZB-TM_6 | SYMBOL: Unknown | RAW: 0 | FILLS: 0
DEBUG: Running _parse_file_nitro on C:\Model-\TradeActivityLogs-tm_6\TradeActivityLog_2025-02-02_UTC.ES-IPS_TM_6.data with Adaptive Ghost logic...
FILE: TRADEACTIVITYLOG_2024-08-05_UTC.ES-TM_6.DATA | ACC: ES-TM_6 | SYMBOL: ESU24 | RAW: 251 | FILLS: 133
DEBUG: Running _parse_file_nitro on C:\Model-\TradeActivityLogs-tm_6\TradeActivityLog_2024-08-05_UTC.IPS_TM_6.data with Adaptive Ghost logic...
FILE: TRADEACTIVITYLOG_2024-12-10_UTC.CL-IPS_TM_6.DATA | ACC: CL-IPS_TM_6 | SYMBOL: CL | RAW: 0 | FILLS: 0
1
DEBUG: Running _parse_file_nitro on C:\Model-\TradeActivityLogs-tm_6\TradeActivityLog_2024-12-25_UTC.ES-TM_6.data with Adaptive Ghost logic...
DEBUG: Running _parse_file_nitro on C:\Model-\TradeActivityLogs-tm_6\TradeActivityLog_2024-12-10_UTC.CL-TM_6.data with Adaptive Ghost logic...
FILE: TRADEACTIVITYLOG_2024-11-15_UTC.TM_6.DATA | ACC: TM_6 | SYMBOL: NQZ24 | RAW: 243 | FILLS: 122
FILE: TRADEACTIVITYLOG_2024-10-29_UTC.ES-IPS_TM_6.DATA | ACC: ES-IPS_TM_6 | SYMBOL: ESZ24 | RAW: 24 | FILLS: 12
DEBUG: Running _parse_file_nitro on C:\Model-\TradeActivityLogs-tm_6\TradeActivityLog_2024-11-15_UTC.ZB-IPS_TM_6.data with Adaptive Ghost logic...
DEBUG: Running _parse_file_nitro on C:\Model-\TradeActivityLogs-tm_6\TradeActivityLog_2024-10-29_UTC.ES-TM_6.data with Adaptive Ghost logic...
FILE: TRADEACTIVITYLOG_2025-02-02_UTC.ES-IPS_TM_6.DATA | ACC: ES-IPS_TM_6 | SYMBOL: ESH25 | RAW: 16 | FILLS: 8
DEBUG: Running _parse_file_nitro on C:\Model-\TradeActivityLogs-tm_6\TradeActivityLog_2025-02-02_UTC.ES-TM_6.data with Adaptive Ghost logic...
FILE: TRADEACTIVITYLOG_2025-01-14_UTC.ES-TM_6.DATA | ACC: ES-TM_6 | SYMBOL: ESH25 | RAW: 78 | FILLS: 39
FILE: TRADEACTIVITYLOG_2024-10-11_UTC.ES-IPS_TM_6.DATA | ACC: ES-IPS_TM_6 | SYMBOL: ESZ24 | RAW: 102 | FILLS: 36
FILE: TRADEACTIVITYLOG_2024-12-10_UTC.CL-TM_6.DATA | ACC: CL-TM_6 | SYMBOL: CL | RAW: 0 | FILLS: 0
DEBUG: Running _parse_file_nitro on C:\Model-\TradeActivityLogs-tm_6\TradeActivityLog_2024-10-11_UTC.ES-TM_6.data with Adaptive Ghost logic...
DEBUG: Running _parse_file_nitro on C:\Model-\TradeActivityLogs-tm_6\TradeActivityLog_2024-12-10_UTC.ES-IPS_TM_6.data with Adaptive Ghost logic...
DEBUG: Running _parse_file_nitro on C:\Model-\TradeActivityLogs-tm_6\TradeActivityLog_2025-01-14_UTC.IPS_TM_6.data with Adaptive Ghost logic...
FILE: TRADEACTIVITYLOG_2024-12-25_UTC.ES-TM_6.DATA | ACC: ES-TM_6 | SYMBOL: ESH25 | RAW: 2 | FILLS: 1
DEBUG: Running _parse_file_nitro on C:\Model-\TradeActivityLogs-tm_6\TradeActivityLog_2024-12-25_UTC.IPS_TM_6.data with Adaptive Ghost logic...
FILE: TRADEACTIVITYLOG_2024-10-29_UTC.ES-TM_6.DATA | ACC: ES-TM_6 | SYMBOL: ESZ24 | RAW: 24 | FILLS: 12
DEBUG: Running _parse_file_nitro on C:\Model-\TradeActivityLogs-tm_6\TradeActivityLog_2024-10-29_UTC.IPS_TM_6.data with Adaptive Ghost logic...
FILE: TRADEACTIVITYLOG_2024-11-15_UTC.ZB-IPS_TM_6.DATA | ACC: ZB-IPS_TM_6 | SYMBOL: Unknown | RAW: 0 | FILLS: 0
DEBUG: Running _parse_file_nitro on C:\Model-\TradeActivityLogs-tm_6\TradeActivityLog_2024-11-15_UTC.ZB-TM_6.data with Adaptive Ghost logic...
FILE: TRADEACTIVITYLOG_2025-02-02_UTC.ES-TM_6.DATA | ACC: ES-TM_6 | SYMBOL: ESH25 | RAW: 16 | FILLS: 8
DEBUG: Running _parse_file_nitro on C:\Model-\TradeActivityLogs-tm_6\TradeActivityLog_2025-02-02_UTC.IPS_TM_6.data with Adaptive Ghost logic...
FILE: TRADEACTIVITYLOG_2024-12-25_UTC.IPS_TM_6.DATA | ACC: IPS_TM_6 | SYMBOL: Unknown | RAW: 0 | FILLS: 0
FILE: TRADEACTIVITYLOG_2024-11-15_UTC.ZB-TM_6.DATA | ACC: ZB-TM_6 | SYMBOL: Unknown | RAW: 0 | FILLS: 0
DEBUG: Running _parse_file_nitro on C:\Model-\TradeActivityLogs-tm_6\TradeActivityLog_2024-12-25_UTC.TM_6.data with Adaptive Ghost logic...
DEBUG: Running _parse_file_nitro on C:\Model-\TradeActivityLogs-tm_6\TradeActivityLog_2024-11-18_UTC.CL-IPS_TM_6.data with Adaptive Ghost logic...
FILE: TRADEACTIVITYLOG_2024-12-10_UTC.ES-IPS_TM_6.DATA | ACC: ES-IPS_TM_6 | SYMBOL: ESZ24 | RAW: 94 | FILLS: 47
DEBUG: Running _parse_file_nitro on C:\Model-\TradeActivityLogs-tm_6\TradeActivityLog_2024-12-10_UTC.ES-TM_6.data with Adaptive Ghost logic...
FILE: TRADEACTIVITYLOG_2024-10-11_UTC.ES-TM_6.DATA | ACC: ES-TM_6 | SYMBOL: ESZ24 | RAW: 102 | FILLS: 36
DEBUG: Running _parse_file_nitro on C:\Model-\TradeActivityLogs-tm_6\TradeActivityLog_2024-10-11_UTC.IPS_TM_6.data with Adaptive Ghost logic...
FILE: TRADEACTIVITYLOG_2024-04-19_UTC.IPS_TM_6.DATA | ACC: IPS_TM_6 | SYMBOL: NQM24 | RAW: 341 | FILLS: 188
DEBUG: Running _parse_file_nitro on C:\Model-\TradeActivityLogs-tm_6\TradeActivityLog_2024-04-19_UTC.TM_6.data with Adaptive Ghost logic...
FILE: TRADEACTIVITYLOG_2024-12-25_UTC.TM_6.DATA | ACC: TM_6 | SYMBOL: Unknown | RAW: 0 | FILLS: 0
LS: 15
DEBUG: Running _parse_file_nitro on C:\Model-\TradeActivityLogs-tm_6\TradeActivityLog_2025-02-02_UTC.TM_6.data with Adaptive Ghost logic...
DEBUG: Running _parse_file_nitro on C:\Model-\TradeActivityLogs-tm_6\TradeActivityLog_2024-12-25_UTC.ZB-IPS_TM_6.data with Adaptive Ghost logic...
FILE: TRADEACTIVITYLOG_2024-10-29_UTC.IPS_TM_6.DATA | ACC: IPS_TM_6 | SYMBOL: CLZ24 | RAW: 238 | FILLS: 119
DEBUG: Running _parse_file_nitro on C:\Model-\TradeActivityLogs-tm_6\TradeActivityLog_2024-10-29_UTC.TM_6.data with Adaptive Ghost logic...
DEBUG: Running _parse_file_nitro on C:\Model-\TradeActivityLogs-tm_6\TradeActivityLog_2024-11-18_UTC.CL-TM_6.data with Adaptive Ghost logic...
FILE: TRADEACTIVITYLOG_2025-01-14_UTC.IPS_TM_6.DATA | ACC: IPS_TM_6 | SYMBOL: NQH25 | RAW: 212 | FILLS: 106
DEBUG: Running _parse_file_nitro on C:\Model-\TradeActivityLogs-tm_6\TradeActivityLog_2025-01-14_UTC.TM_6.data with Adaptive Ghost logic...
FILE: TRADEACTIVITYLOG_2024-08-05_UTC.IPS_TM_6.DATA | ACC: IPS_TM_6 | SYMBOL: NQU24 | RAW: 497 | FILLS: 261
DEBUG: Running _parse_file_nitro on C:\Model-\TradeActivityLogs-tm_6\TradeActivityLog_2024-08-05_UTC.TM_6.data with Adaptive Ghost logic...
FILE: TRADEACTIVITYLOG_2024-12-25_UTC.ZB-IPS_TM_6.DATA | ACC: ZB-IPS_TM_6 | SYMBOL: Unknown | RAW: 0 | FILLS: 0
DEBUG: Running _parse_file_nitro on C:\Model-\TradeActivityLogs-tm_6\TradeActivityLog_2024-12-25_UTC.ZB-TM_6.data with Adaptive Ghost logic...
FILE: TRADEACTIVITYLOG_2024-11-18_UTC.CL-TM_6.DATA | ACC: CL-TM_6 | SYMBOL: CL | RAW: 0 | FILLS: 0
DEBUG: Running _parse_file_nitro on C:\Model-\TradeActivityLogs-tm_6\TradeActivityLog_2024-11-18_UTC.ES-IPS_TM_6.data with Adaptive Ghost logic...
FILE: TRADEACTIVITYLOG_2024-12-10_UTC.ES-TM_6.DATA | ACC: ES-TM_6 | SYMBOL: ESZ24 | RAW: 94 | FILLS: 47
DEBUG: Running _parse_file_nitro on C:\Model-\TradeActivityLogs-tm_6\TradeActivityLog_2024-12-10_UTC.IPS_TM_6.data with Adaptive Ghost logic...
FILE: TRADEACTIVITYLOG_2025-02-02_UTC.TM_6.DATA | ACC: TM_6 | SYMBOL: CLH25 | RAW: 30 | FILLS: 15
DEBUG: Running _parse_file_nitro on C:\Model-\TradeActivityLogs-tm_6\TradeActivityLog_2025-02-03_UTC.ES-IPS_TM_6.data with Adaptive Ghost logic...
FILE: TRADEACTIVITYLOG_2024-12-25_UTC.ZB-TM_6.DATA | ACC: ZB-TM_6 | SYMBOL: Unknown | RAW: 0 | FILLS: 0
DEBUG: Running _parse_file_nitro on C:\Model-\TradeActivityLogs-tm_6\TradeActivityLog_2024-12-26_UTC.ES-IPS_TM_6.data with Adaptive Ghost logic...
FILE: TRADEACTIVITYLOG_2024-10-29_UTC.TM_6.DATA | ACC: TM_6 | SYMBOL: CLZ24 | RAW: 240 | FILLS: 120
DEBUG: Running _parse_file_nitro on C:\Model-\TradeActivityLogs-tm_6\TradeActivityLog_2024-10-30_UTC.ES-IPS_TM_6.data with Adaptive Ghost logic...
FILE: TRADEACTIVITYLOG_2024-11-18_UTC.ES-IPS_TM_6.DATA | ACC: ES-IPS_TM_6 | SYMBOL: ESZ24 | RAW: 60 | FILLS: 30
DEBUG: Running _parse_file_nitro on C:\Model-\TradeActivityLogs-tm_6\TradeActivityLog_2024-11-18_UTC.ES-TM_6.data with Adaptive Ghost logic...
FILE: TRADEACTIVITYLOG_2025-02-03_UTC.ES-IPS_TM_6.DATA | ACC: ES-IPS_TM_6 | SYMBOL: ESH25 | RAW: 90 | FILLS: 45
DEBUG: Running _parse_file_nitro on C:\Model-\TradeActivityLogs-tm_6\TradeActivityLog_2025-02-03_UTC.ES-TM_6.data with Adaptive Ghost logic...
FILE: TRADEACTIVITYLOG_2025-01-14_UTC.TM_6.DATA | ACC: TM_6 | SYMBOL: NQH25 | RAW: 198 | FILLS: 99
DEBUG: Running _parse_file_nitro on C:\Model-\TradeActivityLogs-tm_6\TradeActivityLog_2025-01-15_UTC.ES-IPS_TM_6.data with Adaptive Ghost logic...
FILE: TRADEACTIVITYLOG_2024-10-11_UTC.IPS_TM_6.DATA | ACC: IPS_TM_6 | SYMBOL: NQZ24 | RAW: 244 | FILLS: 92
DEBUG: Running _parse_file_nitro on C:\Model-\TradeActivityLogs-tm_6\TradeActivityLog_2024-10-11_UTC.TM_6.data with Adaptive Ghost logic...
FILE: TRADEACTIVITYLOG_2024-12-26_UTC.ES-IPS_TM_6.DATA | ACC: ES-IPS_TM_6 | SYMBOL: ESH25 | RAW: 24 | FILLS: 12
DEBUG: Running _parse_file_nitro on C:\Model-\TradeActivityLogs-tm_6\TradeActivityLog_2024-12-26_UTC.ES-TM_6.data with Adaptive Ghost logic...
FILE: TRADEACTIVITYLOG_2024-04-19_UTC.TM_6.DATA | ACC: TM_6 | SYMBOL: NQM24 | RAW: 348 | FILLS: 192
DEBUG: Running _parse_file_nitro on C:\Model-\TradeActivityLogs-tm_6\TradeActivityLog_2024-04-21_UTC.IPS_TM_6.data with Adaptive Ghost logic...
FILE: TRADEACTIVITYLOG_2024-10-30_UTC.ES-IPS_TM_6.DATA | ACC: ES-IPS_TM_6 | SYMBOL: ESZ24 | RAW: 74 | FILLS: 37
DEBUG: Running _parse_file_nitro on C:\Model-\TradeActivityLogs-tm_6\TradeActivityLog_2024-10-30_UTC.ES-TM_6.data with Adaptive Ghost logic...
FILE: TRADEACTIVITYLOG_2024-11-18_UTC.ES-TM_6.DATA | ACC: ES-TM_6 | SYMBOL: ESZ24 | RAW: 62 | FILLS: 31
DEBUG: Running _parse_file_nitro on C:\Model-\TradeActivityLogs-tm_6\TradeActivityLog_2024-11-18_UTC.IPS_TM_6.data with Adaptive Ghost logic...
FILE: TRADEACTIVITYLOG_2024-12-10_UTC.IPS_TM_6.DATA | ACC: IPS_TM_6 | SYMBOL: NQZ24 | RAW: 264 | FILLS: 132
FILE: TRADEACTIVITYLOG_2025-02-03_UTC.ES-TM_6.DATA | ACC: ES-TM_6 | SYMBOL: ESH25 | RAW: 94 | FILLS: 47
.data with Adaptive Ghost logic...
DEBUG: Running _parse_file_nitro on C:\Model-\TradeActivityLogs-tm_6\TradeActivityLog_2025-02-03_UTC.IPS_TM_6.data with Adaptive Ghost logic...
FILE: TRADEACTIVITYLOG_2025-01-15_UTC.ES-IPS_TM_6.DATA | ACC: ES-IPS_TM_6 | SYMBOL: ESH25 | RAW: 76 | FILLS: 38
DEBUG: Running _parse_file_nitro on C:\Model-\TradeActivityLogs-tm_6\TradeActivityLog_2025-01-15_UTC.ES-TM_6.data with Adaptive Ghost logic...
FILE: TRADEACTIVITYLOG_2024-12-26_UTC.ES-TM_6.DATA | ACC: ES-TM_6 | SYMBOL: ESH25 | RAW: 24 | FILLS: 12
DEBUG: Running _parse_file_nitro on C:\Model-\TradeActivityLogs-tm_6\TradeActivityLog_2024-12-26_UTC.IPS_TM_6.data with Adaptive Ghost logic...
FILE: TRADEACTIVITYLOG_2024-04-21_UTC.IPS_TM_6.DATA | ACC: IPS_TM_6 | SYMBOL: NQM24 | RAW: 8 | FILLS: 4
DEBUG: Running _parse_file_nitro on C:\Model-\TradeActivityLogs-tm_6\TradeActivityLog_2024-04-21_UTC.TM_6.data with Adaptive Ghost logic...
FILE: TRADEACTIVITYLOG_2024-10-30_UTC.ES-TM_6.DATA | ACC: ES-TM_6 | SYMBOL: ESZ24 | RAW: 74 | FILLS: 37
DEBUG: Running _parse_file_nitro on C:\Model-\TradeActivityLogs-tm_6\TradeActivityLog_2024-10-30_UTC.IPS_TM_6.data with Adaptive Ghost logic...
FILE: TRADEACTIVITYLOG_2024-08-05_UTC.TM_6.DATA | ACC: TM_6 | SYMBOL: NQU24 | RAW: 483 | FILLS: 254
DEBUG: Running _parse_file_nitro on C:\Model-\TradeActivityLogs-tm_6\TradeActivityLog_2024-08-05_UTC.ZB-IPS_TM_6.data with Adaptive Ghost logic...
FILE: TRADEACTIVITYLOG_2024-04-21_UTC.TM_6.DATA | ACC: TM_6 | SYMBOL: NQM24 | RAW: 8 | FILLS: 4
DEBUG: Running _parse_file_nitro on C:\Model-\TradeActivityLogs-tm_6\TradeActivityLog_2024-04-22_UTC.IPS_TM_6.data with Adaptive Ghost logic...
FILE: TRADEACTIVITYLOG_2025-01-15_UTC.ES-TM_6.DATA | ACC: ES-TM_6 | SYMBOL: ESH25 | RAW: 72 | FILLS: 36
DEBUG: Running _parse_file_nitro on C:\Model-\TradeActivityLogs-tm_6\TradeActivityLog_2025-01-15_UTC.IPS_TM_6.data with Adaptive Ghost logic...
FILE: TRADEACTIVITYLOG_2024-10-11_UTC.TM_6.DATA | ACC: TM_6 | SYMBOL: NQZ24 | RAW: 209 | FILLS: 94
DEBUG: Running _parse_file_nitro on C:\Model-\TradeActivityLogs-tm_6\TradeActivityLog_2024-10-11_UTC.ZB-IPS_TM_6.data with Adaptive Ghost logic...
FILE: TRADEACTIVITYLOG_2024-08-05_UTC.ZB-IPS_TM_6.DATA | ACC: ZB-IPS_TM_6 | SYMBOL: Unknown | RAW: 0 | FILLS: 0
DEBUG: Running _parse_file_nitro on C:\Model-\TradeActivityLogs-tm_6\TradeActivityLog_2024-08-05_UTC.ZB-TM_6.data with Adaptive Ghost logic...
FILE: TRADEACTIVITYLOG_2024-11-18_UTC.IPS_TM_6.DATA | ACC: IPS_TM_6 | SYMBOL: NQZ24 | RAW: 194 | FILLS: 97
DEBUG: Running _parse_file_nitro on C:\Model-\TradeActivityLogs-tm_6\TradeActivityLog_2024-11-18_UTC.TM_6.data with Adaptive Ghost logic...
FILE: TRADEACTIVITYLOG_2024-12-26_UTC.IPS_TM_6.DATA | ACC: IPS_TM_6 | SYMBOL: NQH25 | RAW: 176 | FILLS: 88
DEBUG: Running _parse_file_nitro on C:\Model-\TradeActivityLogs-tm_6\TradeActivityLog_2024-12-26_UTC.TM_6.data with Adaptive Ghost logic...
FILE: TRADEACTIVITYLOG_2025-02-03_UTC.IPS_TM_6.DATA | ACC: IPS_TM_6 | SYMBOL: NQH25 | RAW: 264 | FILLS: 132
DEBUG: Running _parse_file_nitro on C:\Model-\TradeActivityLogs-tm_6\TradeActivityLog_2025-02-03_UTC.TM_6.data with Adaptive Ghost logic...
FILE: TRADEACTIVITYLOG_2024-10-30_UTC.IPS_TM_6.DATA | ACC: IPS_TM_6 | SYMBOL: NQZ24 | RAW: 174 | FILLS: 87
DEBUG: Running _parse_file_nitro on C:\Model-\TradeActivityLogs-tm_6\TradeActivityLog_2024-10-30_UTC.TM_6.data with Adaptive Ghost logic...
FILE: TRADEACTIVITYLOG_2024-10-11_UTC.ZB-IPS_TM_6.DATA | ACC: ZB-IPS_TM_6 | SYMBOL: Unknown | RAW: 0 | FILLS: 0
DEBUG: Running _parse_file_nitro on C:\Model-\TradeActivityLogs-tm_6\TradeActivityLog_2024-10-11_UTC.ZB-TM_6.data with Adaptive Ghost logic...
FILE: TRADEACTIVITYLOG_2024-12-10_UTC.TM_6.DATA | ACC: TM_6 | SYMBOL: NQZ24 | RAW: 264 | FILLS: 132
DEBUG: Running _parse_file_nitro on C:\Model-\TradeActivityLogs-tm_6\TradeActivityLog_2024-12-10_UTC.ZB-IPS_TM_6.data with Adaptive Ghost logic...
FILE: TRADEACTIVITYLOG_2024-08-05_UTC.ZB-TM_6.DATA | ACC: ZB-TM_6 | SYMBOL: Unknown | RAW: 0 | FILLS: 0
DEBUG: Running _parse_file_nitro on C:\Model-\TradeActivityLogs-tm_6\TradeActivityLog_2024-08-06_UTC.ES-IPS_TM_6.data with Adaptive Ghost logic...
FILE: TRADEACTIVITYLOG_2024-10-11_UTC.ZB-TM_6.DATA | ACC: ZB-TM_6 | SYMBOL: Unknown | RAW: 0 | FILLS: 0
DEBUG: Running _parse_file_nitro on C:\Model-\TradeActivityLogs-tm_6\TradeActivityLog_2024-10-12_UTC.CL-IPS_TM_6.data with Adaptive Ghost logic...
FILE: TRADEACTIVITYLOG_2024-12-10_UTC.ZB-IPS_TM_6.DATA | ACC: ZB-IPS_TM_6 | SYMBOL: Unknown | RAW: 0 | FILLS: 0
DEBUG: Running _parse_file_nitro on C:\Model-\TradeActivityLogs-tm_6\TradeActivityLog_2024-12-10_UTC.ZB-TM_6.data with Adaptive Ghost logic...
FILE: TRADEACTIVITYLOG_2025-01-15_UTC.IPS_TM_6.DATA | ACC: IPS_TM_6 | SYMBOL: NQH25 | RAW: 196 | FILLS: 99
DEBUG: Running _parse_file_nitro on C:\Model-\TradeActivityLogs-tm_6\TradeActivityLog_2025-01-15_UTC.TM_6.data with Adaptive Ghost logic...
FILE: TRADEACTIVITYLOG_2024-04-22_UTC.IPS_TM_6.DATA | ACC: IPS_TM_6 | SYMBOL: NQM24 | RAW: 210 | FILLS: 105
FILE: TRADEACTIVITYLOG_2024-12-26_UTC.TM_6.DATA | ACC: TM_6 | SYMBOL: NQH25 | RAW: 162 | FILLS: 81
DEBUG: Running _parse_file_nitro on C:\Model-\TradeActivityLogs-tm_6\TradeActivityLog_2024-12-27_UTC.ES-IPS_TM_6.data with Adaptive Ghost logic...
FILE: TRADEACTIVITYLOG_2024-10-12_UTC.CL-IPS_TM_6.DATA | ACC: CL-IPS_TM_6 | SYMBOL: CL | RAW: 0 | FILLS: 0
FILE: TRADEACTIVITYLOG_2024-08-06_UTC.ES-IPS_TM_6.DATA | ACC: ES-IPS_TM_6 | SYMBOL: ESU24 | RAW: 100 | FILLS: 50
DEBUG: Running _parse_file_nitro on C:\Model-\TradeActivityLogs-tm_6\TradeActivityLog_2024-10-12_UTC.CL-TM_6.data with Adaptive Ghost logic...
DEBUG: Running _parse_file_nitro on C:\Model-\TradeActivityLogs-tm_6\TradeActivityLog_2024-08-06_UTC.ES-TM_6.data with Adaptive Ghost logic...
FILE: TRADEACTIVITYLOG_2024-12-10_UTC.ZB-TM_6.DATA | ACC: ZB-TM_6 | SYMBOL: Unknown | RAW: 0 | FILLS: 0
FILE: TRADEACTIVITYLOG_2024-11-18_UTC.TM_6.DATA | ACC: TM_6 | SYMBOL: NQZ24 | RAW: 168 | FILLS: 84
DEBUG: Running _parse_file_nitro on C:\Model-\TradeActivityLogs-tm_6\TradeActivityLog_2024-12-11_UTC.ES-IPS_TM_6.data with Adaptive Ghost logic...
DEBUG: Running _parse_file_nitro on C:\Model-\TradeActivityLogs-tm_6\TradeActivityLog_2024-11-18_UTC.ZB-IPS_TM_6.data with Adaptive Ghost logic...
DEBUG: Running _parse_file_nitro on C:\Model-\TradeActivityLogs-tm_6\TradeActivityLog_2025-02-22_UTC.IPS_TM_6.data with Adaptive Ghost logic...
FILE: TRADEACTIVITYLOG_2024-10-30_UTC.TM_6.DATA | ACC: TM_6 | SYMBOL: NQZ24 | RAW: 172 | FILLS: 86
DEBUG: Running _parse_file_nitro on C:\Model-\TradeActivityLogs-tm_6\TradeActivityLog_2024-10-31_UTC.ES-IPS_TM_6.data with Adaptive Ghost logic...
FILE: TRADEACTIVITYLOG_2025-02-03_UTC.TM_6.DATA | ACC: TM_6 | SYMBOL: NQH25 | RAW: 256 | FILLS: 128
DEBUG: Running _parse_file_nitro on C:\Model-\TradeActivityLogs-tm_6\TradeActivityLog_2025-02-04_UTC.ES-IPS_TM_6.data with Adaptive Ghost logic...
FILE: TRADEACTIVITYLOG_2024-10-12_UTC.CL-TM_6.DATA | ACC: CL-TM_6 | SYMBOL: CL | RAW: 0 | FILLS: 0
FILE: TRADEACTIVITYLOG_2024-12-27_UTC.ES-IPS_TM_6.DATA | ACC: ES-IPS_TM_6 | SYMBOL: ESH25 | RAW: 16 | FILLS: 8
DEBUG: Running _parse_file_nitro on C:\Model-\TradeActivityLogs-tm_6\TradeActivityLog_2024-10-12_UTC.ES-IPS_TM_6.data with Adaptive Ghost logic...
DEBUG: Running _parse_file_nitro on C:\Model-\TradeActivityLogs-tm_6\TradeActivityLog_2024-12-27_UTC.ES-TM_6.data with Adaptive Ghost logic...
FILE: TRADEACTIVITYLOG_2024-11-18_UTC.ZB-IPS_TM_6.DATA | ACC: ZB-IPS_TM_6 | SYMBOL: Unknown | RAW: 0 | FILLS: 0
DEBUG: Running _parse_file_nitro on C:\Model-\TradeActivityLogs-tm_6\TradeActivityLog_2024-11-18_UTC.ZB-TM_6.data with Adaptive Ghost logic...
FILE: TRADEACTIVITYLOG_2025-02-22_UTC.IPS_TM_6.DATA | ACC: IPS_TM_6 | SYMBOL: CLH25 | RAW: 0 | FILLS: 0
DEBUG: Running _parse_file_nitro on C:\Model-\TradeActivityLogs-tm_6\TradeActivityLog_2025-02-22_UTC.TM_6.data with Adaptive Ghost logic...
FILE: TRADEACTIVITYLOG_2025-01-15_UTC.TM_6.DATA | ACC: TM_6 | SYMBOL: NQH25 | RAW: 146 | FILLS: 73
FILE: TRADEACTIVITYLOG_2024-10-31_UTC.ES-IPS_TM_6.DATA | ACC: ES-IPS_TM_6 | SYMBOL: ESZ24 | RAW: 56 | FILLS: 28
DEBUG: Running _parse_file_nitro on C:\Model-\TradeActivityLogs-tm_6\TradeActivityLog_2025-01-16_UTC.CL-IPS_TM_6.data with Adaptive Ghost logic...
DEBUG: Running _parse_file_nitro on C:\Model-\TradeActivityLogs-tm_6\TradeActivityLog_2024-10-31_UTC.ES-TM_6.data with Adaptive Ghost logic...
FILE: TRADEACTIVITYLOG_2024-08-06_UTC.ES-TM_6.DATA | ACC: ES-TM_6 | SYMBOL: ESU24 | RAW: 86 | FILLS: 43
DEBUG: Running _parse_file_nitro on C:\Model-\TradeActivityLogs-tm_6\TradeActivityLog_2024-08-06_UTC.IPS_TM_6.data with Adaptive Ghost logic...
FILE: TRADEACTIVITYLOG_2024-10-12_UTC.ES-IPS_TM_6.DATA | ACC: ES-IPS_TM_6 | SYMBOL: ES | RAW: 0 | FILLS: 0
DEBUG: Running _parse_file_nitro on C:\Model-\TradeActivityLogs-tm_6\TradeActivityLog_2024-10-12_UTC.ES-TM_6.data with Adaptive Ghost logic...
FILE: TRADEACTIVITYLOG_2024-12-11_UTC.ES-IPS_TM_6.DATA | ACC: ES-IPS_TM_6 | SYMBOL: ESZ24 | RAW: 74 | FILLS: 37
DEBUG: Running _parse_file_nitro on C:\Model-\TradeActivityLogs-tm_6\TradeActivityLog_2024-12-11_UTC.ES-TM_6.data with Adaptive Ghost logic...
FILE: TRADEACTIVITYLOG_2025-02-04_UTC.ES-IPS_TM_6.DATA | ACC: ES-IPS_TM_6 | SYMBOL: ESH25 | RAW: 56 | FILLS: 28
FILE: TRADEACTIVITYLOG_2024-11-18_UTC.ZB-TM_6.DATA | ACC: ZB-TM_6 | SYMBOL: Unknown | RAW: 0 | FILLS: 0
DEBUG: Running _parse_file_nitro on C:\Model-\TradeActivityLogs-tm_6\TradeActivityLog_2025-02-04_UTC.ES-TM_6.data with Adaptive Ghost logic...
DEBUG: Running _parse_file_nitro on C:\Model-\TradeActivityLogs-tm_6\TradeActivityLog_2024-11-19_UTC.ES-IPS_TM_6.data with Adaptive Ghost logic...
FILE: TRADEACTIVITYLOG_2024-12-27_UTC.ES-TM_6.DATA | ACC: ES-TM_6 | SYMBOL: ESH25 | RAW: 16 | FILLS: 8
DEBUG: Running _parse_file_nitro on C:\Model-\TradeActivityLogs-tm_6\TradeActivityLog_2024-12-27_UTC.IPS_TM_6.data with Adaptive Ghost logic...
FILE: TRADEACTIVITYLOG_2025-02-22_UTC.TM_6.DATA | ACC: TM_6 | SYMBOL: CLH25 | RAW: 0 | FILLS: 0
DEBUG: Running _parse_file_nitro on C:\Model-\TradeActivityLogs-tm_6\TradeActivityLog_2025-02-23_UTC.ES-IPS_TM_6.data with Adaptive Ghost logic...
FILE: TRADEACTIVITYLOG_2025-01-16_UTC.CL-IPS_TM_6.DATA | ACC: CL-IPS_TM_6 | SYMBOL: CL | RAW: 0 | FILLS: 0
DEBUG: Running _parse_file_nitro on C:\Model-\TradeActivityLogs-tm_6\TradeActivityLog_2025-01-16_UTC.CL-TM_6.data with Adaptive Ghost logic...
FILE: TRADEACTIVITYLOG_2024-10-31_UTC.ES-TM_6.DATA | ACC: ES-TM_6 | SYMBOL: ESZ24 | RAW: 56 | FILLS: 28
DEBUG: Running _parse_file_nitro on C:\Model-\TradeActivityLogs-tm_6\TradeActivityLog_2024-10-31_UTC.IPS_TM_6.data with Adaptive Ghost logic...
FILE: TRADEACTIVITYLOG_2024-10-12_UTC.ES-TM_6.DATA | ACC: ES-TM_6 | SYMBOL: ES | RAW: 0 | FILLS: 0
DEBUG: Running _parse_file_nitro on C:\Model-\TradeActivityLogs-tm_6\TradeActivityLog_2024-10-12_UTC.IPS_TM_6.data with Adaptive Ghost logic...
FILE: TRADEACTIVITYLOG_2024-11-19_UTC.ES-IPS_TM_6.DATA | ACC: ES-IPS_TM_6 | SYMBOL: ESZ24 | RAW: 64 | FILLS: 32
FILE: TRADEACTIVITYLOG_2025-02-04_UTC.ES-TM_6.DATA | ACC: ES-TM_6 | SYMBOL: ESH25 | RAW: 56 | FILLS: 28
DEBUG: Running _parse_file_nitro on C:\Model-\TradeActivityLogs-tm_6\TradeActivityLog_2024-11-19_UTC.ES-TM_6.data with Adaptive Ghost logic...
DEBUG: Running _parse_file_nitro on C:\Model-\TradeActivityLogs-tm_6\TradeActivityLog_2025-02-04_UTC.IPS_TM_6.data with Adaptive Ghost logic...
FILE: TRADEACTIVITYLOG_2025-01-16_UTC.CL-TM_6.DATA | ACC: CL-TM_6 | SYMBOL: CL | RAW: 0 | FILLS: 0
DEBUG: Running _parse_file_nitro on C:\Model-\TradeActivityLogs-tm_6\TradeActivityLog_2025-01-16_UTC.ES-IPS_TM_6.data with Adaptive Ghost logic...
FILE: TRADEACTIVITYLOG_2024-12-11_UTC.ES-TM_6.DATA | ACC: ES-TM_6 | SYMBOL: ESZ24 | RAW: 74 | FILLS: 38
DEBUG: Running _parse_file_nitro on C:\Model-\TradeActivityLogs-tm_6\TradeActivityLog_2024-12-11_UTC.IPS_TM_6.data with Adaptive Ghost logic...
FILE: TRADEACTIVITYLOG_2025-02-23_UTC.ES-IPS_TM_6.DATA | ACC: ES-IPS_TM_6 | SYMBOL: ESH25 | RAW: 8 | FILLS: 4
DEBUG: Running _parse_file_nitro on C:\Model-\TradeActivityLogs-tm_6\TradeActivityLog_2025-02-23_UTC.ES-TM_6.data with Adaptive Ghost logic...
FILE: TRADEACTIVITYLOG_2024-10-12_UTC.IPS_TM_6.DATA | ACC: IPS_TM_6 | SYMBOL: Unknown | RAW: 0 | FILLS: 0
DEBUG: Running _parse_file_nitro on C:\Model-\TradeActivityLogs-tm_6\TradeActivityLog_2024-10-12_UTC.TM_6.data with Adaptive Ghost logic...
FILE: TRADEACTIVITYLOG_2024-08-06_UTC.IPS_TM_6.DATA | ACC: IPS_TM_6 | SYMBOL: NQU24 | RAW: 292 | FILLS: 146
DEBUG: Running _parse_file_nitro on C:\Model-\TradeActivityLogs-tm_6\TradeActivityLog_2024-08-06_UTC.TM_6.data with Adaptive Ghost logic...
FILE: TRADEACTIVITYLOG_2024-12-27_UTC.IPS_TM_6.DATA | ACC: IPS_TM_6 | SYMBOL: CLG25 | RAW: 201 | FILLS: 102
DEBUG: Running _parse_file_nitro on C:\Model-\TradeActivityLogs-tm_6\TradeActivityLog_2024-12-27_UTC.TM_6.data with Adaptive Ghost logic...
FILE: TRADEACTIVITYLOG_2024-11-19_UTC.ES-TM_6.DATA | ACC: ES-TM_6 | SYMBOL: ESZ24 | RAW: 64 | FILLS: 32
DEBUG: Running _parse_file_nitro on C:\Model-\TradeActivityLogs-tm_6\TradeActivityLog_2024-11-19_UTC.IPS_TM_6.data with Adaptive Ghost logic...
FILE: TRADEACTIVITYLOG_2025-02-23_UTC.ES-TM_6.DATA | ACC: ES-TM_6 | SYMBOL: ESH25 | RAW: 8 | FILLS: 4
DEBUG: Running _parse_file_nitro on C:\Model-\TradeActivityLogs-tm_6\TradeActivityLog_2025-02-24_UTC.ES-IPS_TM_6.data with Adaptive Ghost logic...
FILE: TRADEACTIVITYLOG_2025-01-16_UTC.ES-IPS_TM_6.DATA | ACC: ES-IPS_TM_6 | SYMBOL: ESH25 | RAW: 84 | FILLS: 42
DEBUG: Running _parse_file_nitro on C:\Model-\TradeActivityLogs-tm_6\TradeActivityLog_2025-01-16_UTC.ES-TM_6.data with Adaptive Ghost logic...
FILE: TRADEACTIVITYLOG_2024-10-31_UTC.IPS_TM_6.DATA | ACC: IPS_TM_6 | SYMBOL: NQZ24 | RAW: 262 | FILLS: 131
DEBUG: Running _parse_file_nitro on C:\Model-\TradeActivityLogs-tm_6\TradeActivityLog_2024-10-31_UTC.TM_6.data with Adaptive Ghost logic...
FILE: TRADEACTIVITYLOG_2024-10-12_UTC.TM_6.DATA | ACC: TM_6 | SYMBOL: Unknown | RAW: 0 | FILLS: 0
DEBUG: Running _parse_file_nitro on C:\Model-\TradeActivityLogs-tm_6\TradeActivityLog_2024-10-12_UTC.ZB-IPS_TM_6.data with Adaptive Ghost logic...
FILE: TRADEACTIVITYLOG_2024-10-12_UTC.ZB-IPS_TM_6.DATA | ACC: ZB-IPS_TM_6 | SYMBOL: Unknown | RAW: 0 | FILLS: 0
FILE: TRADEACTIVITYLOG_2025-02-04_UTC.IPS_TM_6.DATA | ACC: IPS_TM_6 | SYMBOL: CLH25 | RAW: 280 | FILLS: 140
DEBUG: Running _parse_file_nitro on C:\Model-\TradeActivityLogs-tm_6\TradeActivityLog_2024-10-12_UTC.ZB-TM_6.data with Adaptive Ghost logic...
DEBUG: Running _parse_file_nitro on C:\Model-\TradeActivityLogs-tm_6\TradeActivityLog_2025-02-04_UTC.TM_6.data with Adaptive Ghost logic...
FILE: TRADEACTIVITYLOG_2025-02-24_UTC.ES-IPS_TM_6.DATA | ACC: ES-IPS_TM_6 | SYMBOL: ESH25 | RAW: 82 | FILLS: 41
DEBUG: Running _parse_file_nitro on C:\Model-\TradeActivityLogs-tm_6\TradeActivityLog_2025-02-24_UTC.ES-TM_6.data with Adaptive Ghost logic...
FILE: TRADEACTIVITYLOG_2024-12-11_UTC.IPS_TM_6.DATA | ACC: IPS_TM_6 | SYMBOL: NQZ24 | RAW: 244 | FILLS: 122
DEBUG: Running _parse_file_nitro on C:\Model-\TradeActivityLogs-tm_6\TradeActivityLog_2024-12-11_UTC.TM_6.data with Adaptive Ghost logic...
FILE: TRADEACTIVITYLOG_2025-01-16_UTC.ES-TM_6.DATA | ACC: ES-TM_6 | SYMBOL: ESH25 | RAW: 84 | FILLS: 42
DEBUG: Running _parse_file_nitro on C:\Model-\TradeActivityLogs-tm_6\TradeActivityLog_2025-01-16_UTC.IPS_TM_6.data with Adaptive Ghost logic...
FILE: TRADEACTIVITYLOG_2024-12-27_UTC.TM_6.DATA | ACC: TM_6 | SYMBOL: CLG25 | RAW: 195 | FILLS: 98
DEBUG: Running _parse_file_nitro on C:\Model-\TradeActivityLogs-tm_6\TradeActivityLog_2024-12-29_UTC.CL-IPS_TM_6.data with Adaptive Ghost logic...
FILE: TRADEACTIVITYLOG_2024-10-12_UTC.ZB-TM_6.DATA | ACC: ZB-TM_6 | SYMBOL: Unknown | RAW: 0 | FILLS: 0
DEBUG: Running _parse_file_nitro on C:\Model-\TradeActivityLogs-tm_6\TradeActivityLog_2024-10-13_UTC.CL-IPS_TM_6.data with Adaptive Ghost logic...
FILE: TRADEACTIVITYLOG_2024-08-06_UTC.TM_6.DATA | ACC: TM_6 | SYMBOL: NQU24 | RAW: 294 | FILLS: 147
DEBUG: Running _parse_file_nitro on C:\Model-\TradeActivityLogs-tm_6\TradeActivityLog_2024-08-07_UTC.ES-IPS_TM_6.data with Adaptive Ghost logic...
FILE: TRADEACTIVITYLOG_2024-10-31_UTC.TM_6.DATA | ACC: TM_6 | SYMBOL: NQZ24 | RAW: 248 | FILLS: 124
DEBUG: Running _parse_file_nitro on C:\Model-\TradeActivityLogs-tm_6\TradeActivityLog_2024-11-01_UTC.CL-IPS_TM_6.data with Adaptive Ghost logic...
FILE: TRADEACTIVITYLOG_2024-11-19_UTC.IPS_TM_6.DATA | ACC: IPS_TM_6 | SYMBOL: NQZ24 | RAW: 284 | FILLS: 142
DEBUG: Running _parse_file_nitro on C:\Model-\TradeActivityLogs-tm_6\TradeActivityLog_2024-11-19_UTC.TM_6.data with Adaptive Ghost logic...
FILE: TRADEACTIVITYLOG_2024-12-29_UTC.CL-IPS_TM_6.DATA | ACC: CL-IPS_TM_6 | SYMBOL: CL | RAW: 0 | FILLS: 0
DEBUG: Running _parse_file_nitro on C:\Model-\TradeActivityLogs-tm_6\TradeActivityLog_2024-12-29_UTC.CL-TM_6.data with Adaptive Ghost logic...
FILE: TRADEACTIVITYLOG_2025-02-24_UTC.ES-TM_6.DATA | ACC: ES-TM_6 | SYMBOL: ESH25 | RAW: 82 | FILLS: 41
DEBUG: Running _parse_file_nitro on C:\Model-\TradeActivityLogs-tm_6\TradeActivityLog_2025-02-24_UTC.IPS_TM_6.data with Adaptive Ghost logic...
FILE: TRADEACTIVITYLOG_2024-12-11_UTC.TM_6.DATA | ACC: TM_6 | SYMBOL: NQZ24 | RAW: 92 | FILLS: 46
FILE: TRADEACTIVITYLOG_2024-08-07_UTC.ES-IPS_TM_6.DATA | ACC: ES-IPS_TM_6 | SYMBOL: ESU24 | RAW: 0 | FILLS: 0
DEBUG: Running _parse_file_nitro on C:\Model-\TradeActivityLogs-tm_6\TradeActivityLog_2024-12-12_UTC.ES-IPS_TM_6.data with Adaptive Ghost logic...
DEBUG: Running _parse_file_nitro on C:\Model-\TradeActivityLogs-tm_6\TradeActivityLog_2024-08-07_UTC.ES-TM_6.data with Adaptive Ghost logic...
FILE: TRADEACTIVITYLOG_2024-10-13_UTC.CL-IPS_TM_6.DATA | ACC: CL-IPS_TM_6 | SYMBOL: CL | RAW: 0 | FILLS: 0
DEBUG: Running _parse_file_nitro on C:\Model-\TradeActivityLogs-tm_6\TradeActivityLog_2024-10-13_UTC.CL-TM_6.data with Adaptive Ghost logic...
FILE: TRADEACTIVITYLOG_2024-11-01_UTC.CL-IPS_TM_6.DATA | ACC: CL-IPS_TM_6 | SYMBOL: CL | RAW: 0 | FILLS: 0
DEBUG: Running _parse_file_nitro on C:\Model-\TradeActivityLogs-tm_6\TradeActivityLog_2024-11-01_UTC.CL-TM_6.data with Adaptive Ghost logic...
FILE: TRADEACTIVITYLOG_2024-12-29_UTC.CL-TM_6.DATA | ACC: CL-TM_6 | SYMBOL: CL | RAW: 0 | FILLS: 0
DEBUG: Running _parse_file_nitro on C:\Model-\TradeActivityLogs-tm_6\TradeActivityLog_2024-12-29_UTC.ES-IPS_TM_6.data with Adaptive Ghost logic...
FILE: TRADEACTIVITYLOG_2025-02-04_UTC.TM_6.DATA | ACC: TM_6 | SYMBOL: CLH25 | RAW: 274 | FILLS: 137
DEBUG: Running _parse_file_nitro on C:\Model-\TradeActivityLogs-tm_6\TradeActivityLog_2025-02-05_UTC.ES-IPS_TM_6.data with Adaptive Ghost logic...
FILE: TRADEACTIVITYLOG_2024-08-07_UTC.ES-TM_6.DATA | ACC: ES-TM_6 | SYMBOL: ESU24 | RAW: 0 | FILLS: 0
DEBUG: Running _parse_file_nitro on C:\Model-\TradeActivityLogs-tm_6\TradeActivityLog_2024-08-07_UTC.IPS_TM_6.data with Adaptive Ghost logic...
FILE: TRADEACTIVITYLOG_2025-01-16_UTC.IPS_TM_6.DATA | ACC: IPS_TM_6 | SYMBOL: NQH25 | RAW: 238 | FILLS: 119
DEBUG: Running _parse_file_nitro on C:\Model-\TradeActivityLogs-tm_6\TradeActivityLog_2025-01-16_UTC.TM_6.data with Adaptive Ghost logic...
FILE: TRADEACTIVITYLOG_2024-10-13_UTC.CL-TM_6.DATA | ACC: CL-TM_6 | SYMBOL: CL | RAW: 0 | FILLS: 0
DEBUG: Running _parse_file_nitro on C:\Model-\TradeActivityLogs-tm_6\TradeActivityLog_2024-10-13_UTC.ES-IPS_TM_6.data with Adaptive Ghost logic...
FILE: TRADEACTIVITYLOG_2024-11-01_UTC.CL-TM_6.DATA | ACC: CL-TM_6 | SYMBOL: CL | RAW: 0 | FILLS: 0
DEBUG: Running _parse_file_nitro on C:\Model-\TradeActivityLogs-tm_6\TradeActivityLog_2024-11-01_UTC.ES-IPS_TM_6.data with Adaptive Ghost logic...
FILE: TRADEACTIVITYLOG_2024-12-12_UTC.ES-IPS_TM_6.DATA | ACC: ES-IPS_TM_6 | SYMBOL: ESZ24 | RAW: 86 | FILLS: 43
DEBUG: Running _parse_file_nitro on C:\Model-\TradeActivityLogs-tm_6\TradeActivityLog_2024-12-12_UTC.ES-TM_6.data with Adaptive Ghost logic...
FILE: TRADEACTIVITYLOG_2024-12-29_UTC.ES-IPS_TM_6.DATA | ACC: ES-IPS_TM_6 | SYMBOL: ES | RAW: 0 | FILLS: 0
DEBUG: Running _parse_file_nitro on C:\Model-\TradeActivityLogs-tm_6\TradeActivityLog_2024-12-29_UTC.ES-TM_6.data with Adaptive Ghost logic...
FILE: TRADEACTIVITYLOG_2024-10-13_UTC.ES-IPS_TM_6.DATA | ACC: ES-IPS_TM_6 | SYMBOL: ESZ24 | RAW: 2 | FILLS: 1
DEBUG: Running _parse_file_nitro on C:\Model-\TradeActivityLogs-tm_6\TradeActivityLog_2024-10-13_UTC.ES-TM_6.data with Adaptive Ghost logic...
FILE: TRADEACTIVITYLOG_2025-02-24_UTC.IPS_TM_6.DATA | ACC: IPS_TM_6 | SYMBOL: NQH25 | RAW: 202 | FILLS: 101
DEBUG: Running _parse_file_nitro on C:\Model-\TradeActivityLogs-tm_6\TradeActivityLog_2025-02-24_UTC.TM_6.data with Adaptive Ghost logic...
FILE: TRADEACTIVITYLOG_2025-02-05_UTC.ES-IPS_TM_6.DATA | ACC: ES-IPS_TM_6 | SYMBOL: ESH25 | RAW: 68 | FILLS: 34
DEBUG: Running _parse_file_nitro on C:\Model-\TradeActivityLogs-tm_6\TradeActivityLog_2025-02-05_UTC.ES-TM_6.data with Adaptive Ghost logic...
FILE: TRADEACTIVITYLOG_2024-12-29_UTC.ES-TM_6.DATA | ACC: ES-TM_6 | SYMBOL: ES | RAW: 0 | FILLS: 0
DEBUG: Running _parse_file_nitro on C:\Model-\TradeActivityLogs-tm_6\TradeActivityLog_2024-12-29_UTC.IPS_TM_6.data with Adaptive Ghost logic...
FILE: TRADEACTIVITYLOG_2024-11-01_UTC.ES-IPS_TM_6.DATA | ACC: ES-IPS_TM_6 | SYMBOL: ESZ24 | RAW: 44 | FILLS: 22
FILE: TRADEACTIVITYLOG_2024-11-19_UTC.TM_6.DATA | ACC: TM_6 | SYMBOL: NQZ24 | RAW: 292 | FILLS: 146
DEBUG: Running _parse_file_nitro on C:\Model-\TradeActivityLogs-tm_6\TradeActivityLog_2024-11-01_UTC.ES-TM_6.data with Adaptive Ghost logic...
FILE: TRADEACTIVITYLOG_2024-12-12_UTC.ES-TM_6.DATA | ACC: ES-TM_6 | SYMBOL: ESZ24 | RAW: 86 | FILLS: 43
DEBUG: Running _parse_file_nitro on C:\Model-\TradeActivityLogs-tm_6\TradeActivityLog_2024-12-12_UTC.IPS_TM_6.data with Adaptive Ghost logic...
DEBUG: Running _parse_file_nitro on C:\Model-\TradeActivityLogs-tm_6\TradeActivityLog_2024-11-20_UTC.ES-IPS_TM_6.data with Adaptive Ghost logic...
FILE: TRADEACTIVITYLOG_2024-10-13_UTC.ES-TM_6.DATA | ACC: ES-TM_6 | SYMBOL: ESZ24 | RAW: 2 | FILLS: 1
DEBUG: Running _parse_file_nitro on C:\Model-\TradeActivityLogs-tm_6\TradeActivityLog_2024-10-13_UTC.IPS_TM_6.data with Adaptive Ghost logic...
FILE: TRADEACTIVITYLOG_2024-12-29_UTC.IPS_TM_6.DATA | ACC: IPS_TM_6 | SYMBOL: CLG25 | RAW: 4 | FILLS: 2
DEBUG: Running _parse_file_nitro on C:\Model-\TradeActivityLogs-tm_6\TradeActivityLog_2024-12-29_UTC.TM_6.data with Adaptive Ghost logic...
FILE: TRADEACTIVITYLOG_2024-08-07_UTC.IPS_TM_6.DATA | ACC: IPS_TM_6 | SYMBOL: NQU24 | RAW: 254 | FILLS: 127
DEBUG: Running _parse_file_nitro on C:\Model-\TradeActivityLogs-tm_6\TradeActivityLog_2024-08-07_UTC.TM_6.data with Adaptive Ghost logic...
FILE: TRADEACTIVITYLOG_2025-02-05_UTC.ES-TM_6.DATA | ACC: ES-TM_6 | SYMBOL: ESH25 | RAW: 68 | FILLS: 34
FILE: TRADEACTIVITYLOG_2025-01-16_UTC.TM_6.DATA | ACC: TM_6 | SYMBOL: NQH25 | RAW: 238 | FILLS: 119
DEBUG: Running _parse_file_nitro on C:\Model-\TradeActivityLogs-tm_6\TradeActivityLog_2025-01-16_UTC.ZB-IPS_TM_6.data with Adaptive Ghost logic...
DEBUG: Running _parse_file_nitro on C:\Model-\TradeActivityLogs-tm_6\TradeActivityLog_2025-02-05_UTC.IPS_TM_6.data with Adaptive Ghost logic...
FILE: TRADEACTIVITYLOG_2024-10-13_UTC.IPS_TM_6.DATA | ACC: IPS_TM_6 | SYMBOL: CLX24 | RAW: 12 | FILLS: 6
DEBUG: Running _parse_file_nitro on C:\Model-\TradeActivityLogs-tm_6\TradeActivityLog_2024-10-13_UTC.TM_6.data with Adaptive Ghost logic...
FILE: TRADEACTIVITYLOG_2024-11-01_UTC.ES-TM_6.DATA | ACC: ES-TM_6 | SYMBOL: ESZ24 | RAW: 44 | FILLS: 22
DEBUG: Running _parse_file_nitro on C:\Model-\TradeActivityLogs-tm_6\TradeActivityLog_2024-11-01_UTC.IPS_TM_6.data with Adaptive Ghost logic...
FILE: TRADEACTIVITYLOG_2024-12-29_UTC.TM_6.DATA | ACC: TM_6 | SYMBOL: CLG25 | RAW: 4 | FILLS: 2
DEBUG: Running _parse_file_nitro on C:\Model-\TradeActivityLogs-tm_6\TradeActivityLog_2024-12-29_UTC.ZB-IPS_TM_6.data with Adaptive Ghost logic...
FILE: TRADEACTIVITYLOG_2024-11-20_UTC.ES-IPS_TM_6.DATA | ACC: ES-IPS_TM_6 | SYMBOL: ESZ24 | RAW: 76 | FILLS: 38
DEBUG: Running _parse_file_nitro on C:\Model-\TradeActivityLogs-tm_6\TradeActivityLog_2024-11-20_UTC.ES-TM_6.data with Adaptive Ghost logic...
FILE: TRADEACTIVITYLOG_2025-02-24_UTC.TM_6.DATA | ACC: TM_6 | SYMBOL: NQH25 | RAW: 202 | FILLS: 101
FILE: TRADEACTIVITYLOG_2025-01-16_UTC.ZB-IPS_TM_6.DATA | ACC: ZB-IPS_TM_6 | SYMBOL: Unknown | RAW: 0 | FILLS: 0
DEBUG: Running _parse_file_nitro on C:\Model-\TradeActivityLogs-tm_6\TradeActivityLog_2025-02-25_UTC.ES-IPS_TM_6.data with Adaptive Ghost logic...
DEBUG: Running _parse_file_nitro on C:\Model-\TradeActivityLogs-tm_6\TradeActivityLog_2025-01-16_UTC.ZB-TM_6.data with Adaptive Ghost logic...
FILE: TRADEACTIVITYLOG_2024-10-13_UTC.TM_6.DATA | ACC: TM_6 | SYMBOL: CLX24 | RAW: 12 | FILLS: 6
DEBUG: Running _parse_file_nitro on C:\Model-\TradeActivityLogs-tm_6\TradeActivityLog_2024-10-13_UTC.ZB-IPS_TM_6.data with Adaptive Ghost logic...
FILE: TRADEACTIVITYLOG_2024-12-29_UTC.ZB-IPS_TM_6.DATA | ACC: ZB-IPS_TM_6 | SYMBOL: Unknown | RAW: 0 | FILLS: 0
FILE: TRADEACTIVITYLOG_2024-08-07_UTC.TM_6.DATA | ACC: TM_6 | SYMBOL: CLU24 | RAW: 114 | FILLS: 57
DEBUG: Running _parse_file_nitro on C:\Model-\TradeActivityLogs-tm_6\TradeActivityLog_2024-12-29_UTC.ZB-TM_6.data with Adaptive Ghost logic...
DEBUG: Running _parse_file_nitro on C:\Model-\TradeActivityLogs-tm_6\TradeActivityLog_2024-08-08_UTC.CL-IPS_TM_6.data with Adaptive Ghost logic...
FILE: TRADEACTIVITYLOG_2024-12-12_UTC.IPS_TM_6.DATA | ACC: IPS_TM_6 | SYMBOL: NQZ24 | RAW: 258 | FILLS: 129
DEBUG: Running _parse_file_nitro on C:\Model-\TradeActivityLogs-tm_6\TradeActivityLog_2024-12-12_UTC.TM_6.data with Adaptive Ghost logic...
FILE: TRADEACTIVITYLOG_2025-01-16_UTC.ZB-TM_6.DATA | ACC: ZB-TM_6 | SYMBOL: Unknown | RAW: 0 | FILLS: 0
DEBUG: Running _parse_file_nitro on C:\Model-\TradeActivityLogs-tm_6\TradeActivityLog_2025-01-17_UTC.ES-IPS_TM_6.data with Adaptive Ghost logic...
FILE: TRADEACTIVITYLOG_2025-02-05_UTC.IPS_TM_6.DATA | ACC: IPS_TM_6 | SYMBOL: NQH25 | RAW: 162 | FILLS: 81
DEBUG: Running _parse_file_nitro on C:\Model-\TradeActivityLogs-tm_6\TradeActivityLog_2025-02-05_UTC.TM_6.data with Adaptive Ghost logic...
FILE: TRADEACTIVITYLOG_2024-10-13_UTC.ZB-IPS_TM_6.DATA | ACC: ZB-IPS_TM_6 | SYMBOL: Unknown | RAW: 0 | FILLS: 0
DEBUG: Running _parse_file_nitro on C:\Model-\TradeActivityLogs-tm_6\TradeActivityLog_2024-10-13_UTC.ZB-TM_6.data with Adaptive Ghost logic...
FILE: TRADEACTIVITYLOG_2024-08-08_UTC.CL-IPS_TM_6.DATA | ACC: CL-IPS_TM_6 | SYMBOL: CL | RAW: 0 | FILLS: 0
DEBUG: Running _parse_file_nitro on C:\Model-\TradeActivityLogs-tm_6\TradeActivityLog_2024-08-08_UTC.CL-TM_6.data with Adaptive Ghost logic...
FILE: TRADEACTIVITYLOG_2024-12-29_UTC.ZB-TM_6.DATA | ACC: ZB-TM_6 | SYMBOL: Unknown | RAW: 0 | FILLS: 0
DEBUG: Running _parse_file_nitro on C:\Model-\TradeActivityLogs-tm_6\TradeActivityLog_2024-12-30_UTC.ES-IPS_TM_6.data with Adaptive Ghost logic...
DEBUG: Running _parse_file_nitro on C:\Model-\TradeActivityLogs-tm_6\TradeActivityLog_2024-11-20_UTC.IPS_TM_6.data with Adaptive Ghost logic...
FILE: TRADEACTIVITYLOG_2025-02-25_UTC.ES-IPS_TM_6.DATA | ACC: ES-IPS_TM_6 | SYMBOL: ESH25 | RAW: 72 | FILLS: 36
DEBUG: Running _parse_file_nitro on C:\Model-\TradeActivityLogs-tm_6\TradeActivityLog_2025-02-25_UTC.ES-TM_6.data with Adaptive Ghost logic...
FILE: TRADEACTIVITYLOG_2024-11-01_UTC.IPS_TM_6.DATA | ACC: IPS_TM_6 | SYMBOL: NQZ24 | RAW: 198 | FILLS: 99
DEBUG: Running _parse_file_nitro on C:\Model-\TradeActivityLogs-tm_6\TradeActivityLog_2024-11-01_UTC.TM_6.data with Adaptive Ghost logic...
FILE: TRADEACTIVITYLOG_2024-10-13_UTC.ZB-TM_6.DATA | ACC: ZB-TM_6 | SYMBOL: Unknown | RAW: 0 | FILLS: 0
DEBUG: Running _parse_file_nitro on C:\Model-\TradeActivityLogs-tm_6\TradeActivityLog_2024-10-14_UTC.ES-IPS_TM_6.data with Adaptive Ghost logic...
FILE: TRADEACTIVITYLOG_2025-01-17_UTC.ES-IPS_TM_6.DATA | ACC: ES-IPS_TM_6 | SYMBOL: ESH25 | RAW: 34 | FILLS: 17
DEBUG: Running _parse_file_nitro on C:\Model-\TradeActivityLogs-tm_6\TradeActivityLog_2025-01-17_UTC.ES-TM_6.data with Adaptive Ghost logic...
FILE: TRADEACTIVITYLOG_2024-08-08_UTC.CL-TM_6.DATA | ACC: CL-TM_6 | SYMBOL: CL | RAW: 0 | FILLS: 0
DEBUG: Running _parse_file_nitro on C:\Model-\TradeActivityLogs-tm_6\TradeActivityLog_2024-08-08_UTC.ES-IPS_TM_6.data with Adaptive Ghost logic...
FILE: TRADEACTIVITYLOG_2024-12-30_UTC.ES-IPS_TM_6.DATA | ACC: ES-IPS_TM_6 | SYMBOL: ESH25 | RAW: 96 | FILLS: 48
DEBUG: Running _parse_file_nitro on C:\Model-\TradeActivityLogs-tm_6\TradeActivityLog_2024-12-30_UTC.ES-TM_6.data with Adaptive Ghost logic...
FILE: TRADEACTIVITYLOG_2025-02-25_UTC.ES-TM_6.DATA | ACC: ES-TM_6 | SYMBOL: ESH25 | RAW: 72 | FILLS: 36
DEBUG: Running _parse_file_nitro on C:\Model-\TradeActivityLogs-tm_6\TradeActivityLog_2025-02-25_UTC.IPS_TM_6.data with Adaptive Ghost logic...
FILE: TRADEACTIVITYLOG_2024-12-12_UTC.TM_6.DATA | ACC: TM_6 | SYMBOL: CLF25 | RAW: 260 | FILLS: 130
DEBUG: Running _parse_file_nitro on C:\Model-\TradeActivityLogs-tm_6\TradeActivityLog_2024-12-13_UTC.ES-IPS_TM_6.data with Adaptive Ghost logic...
FILE: TRADEACTIVITYLOG_2025-02-05_UTC.TM_6.DATA | ACC: TM_6 | SYMBOL: CLH25 | RAW: 164 | FILLS: 82
FILE: TRADEACTIVITYLOG_2025-01-17_UTC.ES-TM_6.DATA | ACC: ES-TM_6 | SYMBOL: ESH25 | RAW: 34 | FILLS: 17
DEBUG: Running _parse_file_nitro on C:\Model-\TradeActivityLogs-tm_6\TradeActivityLog_2025-02-06_UTC.ES-IPS_TM_6.data with Adaptive Ghost logic...
DEBUG: Running _parse_file_nitro on C:\Model-\TradeActivityLogs-tm_6\TradeActivityLog_2025-01-17_UTC.IPS_TM_6.data with Adaptive Ghost logic...
FILE: TRADEACTIVITYLOG_2024-10-14_UTC.ES-IPS_TM_6.DATA | ACC: ES-IPS_TM_6 | SYMBOL: ESZ24 | RAW: 38 | FILLS: 19
DEBUG: Running _parse_file_nitro on C:\Model-\TradeActivityLogs-tm_6\TradeActivityLog_2024-10-14_UTC.ES-TM_6.data with Adaptive Ghost logic...
FILE: TRADEACTIVITYLOG_2024-11-20_UTC.IPS_TM_6.DATA | ACC: IPS_TM_6 | SYMBOL: NQZ24 | RAW: 198 | FILLS: 99
DEBUG: Running _parse_file_nitro on C:\Model-\TradeActivityLogs-tm_6\TradeActivityLog_2024-11-20_UTC.TM_6.data with Adaptive Ghost logic...
FILE: TRADEACTIVITYLOG_2024-08-08_UTC.ES-IPS_TM_6.DATA | ACC: ES-IPS_TM_6 | SYMBOL: ESU24 | RAW: 8 | FILLS: 4
DEBUG: Running _parse_file_nitro on C:\Model-\TradeActivityLogs-tm_6\TradeActivityLog_2024-08-08_UTC.ES-TM_6.data with Adaptive Ghost logic...
FILE: TRADEACTIVITYLOG_2024-12-30_UTC.ES-TM_6.DATA | ACC: ES-TM_6 | SYMBOL: ESH25 | RAW: 58 | FILLS: 29
DEBUG: Running _parse_file_nitro on C:\Model-\TradeActivityLogs-tm_6\TradeActivityLog_2024-12-30_UTC.IPS_TM_6.data with Adaptive Ghost logic...
FILE: TRADEACTIVITYLOG_2024-11-01_UTC.TM_6.DATA | ACC: TM_6 | SYMBOL: NQZ24 | RAW: 198 | FILLS: 99
DEBUG: Running _parse_file_nitro on C:\Model-\TradeActivityLogs-tm_6\TradeActivityLog_2024-11-01_UTC.ZB-IPS_TM_6.data with Adaptive Ghost logic...
FILE: TRADEACTIVITYLOG_2024-10-14_UTC.ES-TM_6.DATA | ACC: ES-TM_6 | SYMBOL: ESZ24 | RAW: 46 | FILLS: 23
DEBUG: Running _parse_file_nitro on C:\Model-\TradeActivityLogs-tm_6\TradeActivityLog_2024-10-14_UTC.IPS_TM_6.data with Adaptive Ghost logic...
FILE: TRADEACTIVITYLOG_2024-12-13_UTC.ES-IPS_TM_6.DATA | ACC: ES-IPS_TM_6 | SYMBOL: ESZ24 | RAW: 50 | FILLS: 25
DEBUG: Running _parse_file_nitro on C:\Model-\TradeActivityLogs-tm_6\TradeActivityLog_2024-12-13_UTC.ES-TM_6.data with Adaptive Ghost logic...
FILE: TRADEACTIVITYLOG_2025-02-06_UTC.ES-IPS_TM_6.DATA | ACC: ES-IPS_TM_6 | SYMBOL: ESH25 | RAW: 52 | FILLS: 26
DEBUG: Running _parse_file_nitro on C:\Model-\TradeActivityLogs-tm_6\TradeActivityLog_2025-02-06_UTC.ES-TM_6.data with Adaptive Ghost logic...
FILE: TRADEACTIVITYLOG_2024-08-08_UTC.ES-TM_6.DATA | ACC: ES-TM_6 | SYMBOL: ESU24 | RAW: 8 | FILLS: 4
DEBUG: Running _parse_file_nitro on C:\Model-\TradeActivityLogs-tm_6\TradeActivityLog_2024-08-08_UTC.IPS_TM_6.data with Adaptive Ghost logic...
FILE: TRADEACTIVITYLOG_2024-11-01_UTC.ZB-IPS_TM_6.DATA | ACC: ZB-IPS_TM_6 | SYMBOL: Unknown | RAW: 0 | FILLS: 0
DEBUG: Running _parse_file_nitro on C:\Model-\TradeActivityLogs-tm_6\TradeActivityLog_2024-11-01_UTC.ZB-TM_6.data with Adaptive Ghost logic...
FILE: TRADEACTIVITYLOG_2025-02-25_UTC.IPS_TM_6.DATA | ACC: IPS_TM_6 | SYMBOL: NQH25 | RAW: 222 | FILLS: 111
FILE: TRADEACTIVITYLOG_2025-01-17_UTC.IPS_TM_6.DATA | ACC: IPS_TM_6 | SYMBOL: NQH25 | RAW: 224 | FILLS: 112
DEBUG: Running _parse_file_nitro on C:\Model-\TradeActivityLogs-tm_6\TradeActivityLog_2025-01-17_UTC.TM_6.data with Adaptive Ghost logic...
DEBUG: Running _parse_file_nitro on C:\Model-\TradeActivityLogs-tm_6\TradeActivityLog_2025-02-25_UTC.TM_6.data with Adaptive Ghost logic...
FILE: TRADEACTIVITYLOG_2024-11-20_UTC.TM_6.DATA | ACC: TM_6 | SYMBOL: NQZ24 | RAW: 198 | FILLS: 99
DEBUG: Running _parse_file_nitro on C:\Model-\TradeActivityLogs-tm_6\TradeActivityLog_2024-11-21_UTC.ES-IPS_TM_6.data with Adaptive Ghost logic...
FILE: TRADEACTIVITYLOG_2024-12-13_UTC.ES-TM_6.DATA | ACC: ES-TM_6 | SYMBOL: ESZ24 | RAW: 42 | FILLS: 21
FILE: TRADEACTIVITYLOG_2025-02-06_UTC.ES-TM_6.DATA | ACC: ES-TM_6 | SYMBOL: ESH25 | RAW: 46 | FILLS: 23
DEBUG: Running _parse_file_nitro on C:\Model-\TradeActivityLogs-tm_6\TradeActivityLog_2024-12-13_UTC.IPS_TM_6.data with Adaptive Ghost logic...
DEBUG: Running _parse_file_nitro on C:\Model-\TradeActivityLogs-tm_6\TradeActivityLog_2025-02-06_UTC.IPS_TM_6.data with Adaptive Ghost logic...
FILE: TRADEACTIVITYLOG_2024-11-01_UTC.ZB-TM_6.DATA | ACC: ZB-TM_6 | SYMBOL: Unknown | RAW: 0 | FILLS: 0
DEBUG: Running _parse_file_nitro on C:\Model-\TradeActivityLogs-tm_6\TradeActivityLog_2024-11-03_UTC.IPS_TM_6.data with Adaptive Ghost logic...
FILE: TRADEACTIVITYLOG_2024-12-30_UTC.IPS_TM_6.DATA | ACC: IPS_TM_6 | SYMBOL: CLG25 | RAW: 200 | FILLS: 100
DEBUG: Running _parse_file_nitro on C:\Model-\TradeActivityLogs-tm_6\TradeActivityLog_2024-12-30_UTC.TM_6.data with Adaptive Ghost logic...
FILE: TRADEACTIVITYLOG_2024-10-14_UTC.IPS_TM_6.DATA | ACC: IPS_TM_6 | SYMBOL: CLX24 | RAW: 198 | FILLS: 99
DEBUG: Running _parse_file_nitro on C:\Model-\TradeActivityLogs-tm_6\TradeActivityLog_2024-10-14_UTC.TM_6.data with Adaptive Ghost logic...
FILE: TRADEACTIVITYLOG_2024-11-03_UTC.IPS_TM_6.DATA | ACC: IPS_TM_6 | SYMBOL: CLZ24 | RAW: 2 | FILLS: 1
DEBUG: Running _parse_file_nitro on C:\Model-\TradeActivityLogs-tm_6\TradeActivityLog_2024-11-03_UTC.TM_6.data with Adaptive Ghost logic...
FILE: TRADEACTIVITYLOG_2024-11-21_UTC.ES-IPS_TM_6.DATA | ACC: ES-IPS_TM_6 | SYMBOL: ESZ24 | RAW: 72 | FILLS: 36
DEBUG: Running _parse_file_nitro on C:\Model-\TradeActivityLogs-tm_6\TradeActivityLog_2024-11-21_UTC.ES-TM_6.data with Adaptive Ghost logic...
FILE: TRADEACTIVITYLOG_2024-08-08_UTC.IPS_TM_6.DATA | ACC: IPS_TM_6 | SYMBOL: NQU24 | RAW: 270 | FILLS: 135
DEBUG: Running _parse_file_nitro on C:\Model-\TradeActivityLogs-tm_6\TradeActivityLog_2024-08-08_UTC.TM_6.data with Adaptive Ghost logic...
FILE: TRADEACTIVITYLOG_2024-11-03_UTC.TM_6.DATA | ACC: TM_6 | SYMBOL: CLZ24 | RAW: 2 | FILLS: 1
DEBUG: Running _parse_file_nitro on C:\Model-\TradeActivityLogs-tm_6\TradeActivityLog_2024-11-04_UTC.ES-IPS_TM_6.data with Adaptive Ghost logic...
FILE: TRADEACTIVITYLOG_2025-01-17_UTC.TM_6.DATA | ACC: TM_6 | SYMBOL: NQH25 | RAW: 226 | FILLS: 113
DEBUG: Running _parse_file_nitro on C:\Model-\TradeActivityLogs-tm_6\TradeActivityLog_2025-01-19_UTC.ES-IPS_TM_6.data with Adaptive Ghost logic...
FILE: TRADEACTIVITYLOG_2025-02-06_UTC.IPS_TM_6.DATA | ACC: IPS_TM_6 | SYMBOL: NQH25 | RAW: 198 | FILLS: 99
FILE: TRADEACTIVITYLOG_2025-02-25_UTC.TM_6.DATA | ACC: TM_6 | SYMBOL: NQH25 | RAW: 222 | FILLS: 111
DEBUG: Running _parse_file_nitro on C:\Model-\TradeActivityLogs-tm_6\TradeActivityLog_2025-02-06_UTC.TM_6.data with Adaptive Ghost logic...
DEBUG: Running _parse_file_nitro on C:\Model-\TradeActivityLogs-tm_6\TradeActivityLog_2025-02-26_UTC.ES-IPS_TM_6.data with Adaptive Ghost logic...
FILE: TRADEACTIVITYLOG_2024-12-13_UTC.IPS_TM_6.DATA | ACC: IPS_TM_6 | SYMBOL: NQZ24 | RAW: 210 | FILLS: 105
FILE: TRADEACTIVITYLOG_2024-11-21_UTC.ES-TM_6.DATA | ACC: ES-TM_6 | SYMBOL: ESZ24 | RAW: 72 | FILLS: 36
DEBUG: Running _parse_file_nitro on C:\Model-\TradeActivityLogs-tm_6\TradeActivityLog_2024-12-13_UTC.TM_6.data with Adaptive Ghost logic...
DEBUG: Running _parse_file_nitro on C:\Model-\TradeActivityLogs-tm_6\TradeActivityLog_2024-11-21_UTC.IPS_TM_6.data with Adaptive Ghost logic...
FILE: TRADEACTIVITYLOG_2024-12-30_UTC.TM_6.DATA | ACC: TM_6 | SYMBOL: CLG25 | RAW: 200 | FILLS: 100
DEBUG: Running _parse_file_nitro on C:\Model-\TradeActivityLogs-tm_6\TradeActivityLog_2024-12-31_UTC.ES-IPS_TM_6.data with Adaptive Ghost logic...
FILE: TRADEACTIVITYLOG_2024-10-14_UTC.TM_6.DATA | ACC: TM_6 | SYMBOL: CLX24 | RAW: 196 | FILLS: 98
DEBUG: Running _parse_file_nitro on C:\Model-\TradeActivityLogs-tm_6\TradeActivityLog_2024-10-15_UTC.ES-IPS_TM_6.data with Adaptive Ghost logic...
FILE: TRADEACTIVITYLOG_2025-01-19_UTC.ES-IPS_TM_6.DATA | ACC: ES-IPS_TM_6 | SYMBOL: ESH25 | RAW: 8 | FILLS: 4
DEBUG: Running _parse_file_nitro on C:\Model-\TradeActivityLogs-tm_6\TradeActivityLog_2025-01-19_UTC.ES-TM_6.data with Adaptive Ghost logic...
FILE: TRADEACTIVITYLOG_2024-11-04_UTC.ES-IPS_TM_6.DATA | ACC: ES-IPS_TM_6 | SYMBOL: ESZ24 | RAW: 38 | FILLS: 19
DEBUG: Running _parse_file_nitro on C:\Model-\TradeActivityLogs-tm_6\TradeActivityLog_2024-11-04_UTC.ES-TM_6.data with Adaptive Ghost logic...
FILE: TRADEACTIVITYLOG_2024-12-31_UTC.ES-IPS_TM_6.DATA | ACC: ES-IPS_TM_6 | SYMBOL: ESH25 | RAW: 13 | FILLS: 7
DEBUG: Running _parse_file_nitro on C:\Model-\TradeActivityLogs-tm_6\TradeActivityLog_2024-12-31_UTC.ES-TM_6.data with Adaptive Ghost logic...
FILE: TRADEACTIVITYLOG_2025-01-19_UTC.ES-TM_6.DATA | ACC: ES-TM_6 | SYMBOL: ESH25 | RAW: 8 | FILLS: 4
FILE: TRADEACTIVITYLOG_2025-02-26_UTC.ES-IPS_TM_6.DATA | ACC: ES-IPS_TM_6 | SYMBOL: ESH25 | RAW: 138 | FILLS: 69
DEBUG: Running _parse_file_nitro on C:\Model-\TradeActivityLogs-tm_6\TradeActivityLog_2025-01-19_UTC.IPS_TM_6.data with Adaptive Ghost logic...
DEBUG: Running _parse_file_nitro on C:\Model-\TradeActivityLogs-tm_6\TradeActivityLog_2025-02-26_UTC.ES-TM_6.data with Adaptive Ghost logic...
FILE: TRADEACTIVITYLOG_2024-10-15_UTC.ES-IPS_TM_6.DATA | ACC: ES-IPS_TM_6 | SYMBOL: ESZ24 | RAW: 68 | FILLS: 34
FILE: TRADEACTIVITYLOG_2024-12-13_UTC.TM_6.DATA | ACC: TM_6 | SYMBOL: NQZ24 | RAW: 122 | FILLS: 61
DEBUG: Running _parse_file_nitro on C:\Model-\TradeActivityLogs-tm_6\TradeActivityLog_2024-10-15_UTC.ES-TM_6.data with Adaptive Ghost logic...
DEBUG: Running _parse_file_nitro on C:\Model-\TradeActivityLogs-tm_6\TradeActivityLog_2024-12-14_UTC.CL-IPS_TM_6.data with Adaptive Ghost logic...
FILE: TRADEACTIVITYLOG_2024-11-04_UTC.ES-TM_6.DATA | ACC: ES-TM_6 | SYMBOL: ESZ24 | RAW: 38 | FILLS: 19
FILE: TRADEACTIVITYLOG_2025-02-06_UTC.TM_6.DATA | ACC: TM_6 | SYMBOL: NQH25 | RAW: 192 | FILLS: 96
DEBUG: Running _parse_file_nitro on C:\Model-\TradeActivityLogs-tm_6\TradeActivityLog_2024-11-04_UTC.IPS_TM_6.data with Adaptive Ghost logic...
DEBUG: Running _parse_file_nitro on C:\Model-\TradeActivityLogs-tm_6\TradeActivityLog_2025-02-07_UTC.ES-IPS_TM_6.data with Adaptive Ghost logic...
FILE: TRADEACTIVITYLOG_2024-12-31_UTC.ES-TM_6.DATA | ACC: ES-TM_6 | SYMBOL: ESH25 | RAW: 13 | FILLS: 7
DEBUG: Running _parse_file_nitro on C:\Model-\TradeActivityLogs-tm_6\TradeActivityLog_2024-12-31_UTC.IPS_TM_6.data with Adaptive Ghost logic...
FILE: TRADEACTIVITYLOG_2025-01-19_UTC.IPS_TM_6.DATA | ACC: IPS_TM_6 | SYMBOL: CLH25 | RAW: 6 | FILLS: 3
DEBUG: Running _parse_file_nitro on C:\Model-\TradeActivityLogs-tm_6\TradeActivityLog_2025-01-19_UTC.TM_6.data with Adaptive Ghost logic...
FILE: TRADEACTIVITYLOG_2024-12-14_UTC.CL-IPS_TM_6.DATA | ACC: CL-IPS_TM_6 | SYMBOL: CL | RAW: 0 | FILLS: 0
DEBUG: Running _parse_file_nitro on C:\Model-\TradeActivityLogs-tm_6\TradeActivityLog_2024-12-14_UTC.CL-TM_6.data with Adaptive Ghost logic...
FILE: TRADEACTIVITYLOG_2024-11-21_UTC.IPS_TM_6.DATA | ACC: IPS_TM_6 | SYMBOL: NQZ24 | RAW: 296 | FILLS: 148
FILE: TRADEACTIVITYLOG_2024-08-08_UTC.TM_6.DATA | ACC: TM_6 | SYMBOL: NQU24 | RAW: 62 | FILLS: 31
DEBUG: Running _parse_file_nitro on C:\Model-\TradeActivityLogs-tm_6\TradeActivityLog_2024-11-21_UTC.TM_6.data with Adaptive Ghost logic...
DEBUG: Running _parse_file_nitro on C:\Model-\TradeActivityLogs-tm_6\TradeActivityLog_2024-08-08_UTC.ZB-IPS_TM_6.data with Adaptive Ghost logic...
FILE: TRADEACTIVITYLOG_2024-10-15_UTC.ES-TM_6.DATA | ACC: ES-TM_6 | SYMBOL: ESZ24 | RAW: 68 | FILLS: 34
DEBUG: Running _parse_file_nitro on C:\Model-\TradeActivityLogs-tm_6\TradeActivityLog_2024-10-15_UTC.IPS_TM_6.data with Adaptive Ghost logic...
FILE: TRADEACTIVITYLOG_2025-01-19_UTC.TM_6.DATA | ACC: TM_6 | SYMBOL: CLH25 | RAW: 6 | FILLS: 3
DEBUG: Running _parse_file_nitro on C:\Model-\TradeActivityLogs-tm_6\TradeActivityLog_2025-01-20_UTC.ES-IPS_TM_6.data with Adaptive Ghost logic...
FILE: TRADEACTIVITYLOG_2024-12-14_UTC.CL-TM_6.DATA | ACC: CL-TM_6 | SYMBOL: CL | RAW: 0 | FILLS: 0
DEBUG: Running _parse_file_nitro on C:\Model-\TradeActivityLogs-tm_6\TradeActivityLog_2024-12-14_UTC.ES-IPS_TM_6.data with Adaptive Ghost logic...
FILE: TRADEACTIVITYLOG_2024-08-08_UTC.ZB-IPS_TM_6.DATA | ACC: ZB-IPS_TM_6 | SYMBOL: Unknown | RAW: 0 | FILLS: 0
DEBUG: Running _parse_file_nitro on C:\Model-\TradeActivityLogs-tm_6\TradeActivityLog_2024-08-08_UTC.ZB-TM_6.data with Adaptive Ghost logic...
FILE: TRADEACTIVITYLOG_2024-12-31_UTC.IPS_TM_6.DATA | ACC: IPS_TM_6 | SYMBOL: NQH25 | RAW: 184 | FILLS: 93
FILE: TRADEACTIVITYLOG_2025-02-07_UTC.ES-IPS_TM_6.DATA | ACC: ES-IPS_TM_6 | SYMBOL: ESH25 | RAW: 82 | FILLS: 41
DEBUG: Running _parse_file_nitro on C:\Model-\TradeActivityLogs-tm_6\TradeActivityLog_2025-02-07_UTC.ES-TM_6.data with Adaptive Ghost logic...
FILE: TRADEACTIVITYLOG_2025-02-26_UTC.ES-TM_6.DATA | ACC: ES-TM_6 | SYMBOL: ESH25 | RAW: 136 | FILLS: 68
DEBUG: Running _parse_file_nitro on C:\Model-\TradeActivityLogs-tm_6\TradeActivityLog_2025-02-26_UTC.IPS_TM_6.data with Adaptive Ghost logic...
DEBUG: Running _parse_file_nitro on C:\Model-\TradeActivityLogs-tm_6\TradeActivityLog_2024-12-31_UTC.TM_6.data with Adaptive Ghost logic...
FILE: TRADEACTIVITYLOG_2024-11-04_UTC.IPS_TM_6.DATA | ACC: IPS_TM_6 | SYMBOL: CLZ24 | RAW: 252 | FILLS: 126
DEBUG: Running _parse_file_nitro on C:\Model-\TradeActivityLogs-tm_6\TradeActivityLog_2024-11-04_UTC.TM_6.data with Adaptive Ghost logic...
FILE: TRADEACTIVITYLOG_2024-12-14_UTC.ES-IPS_TM_6.DATA | ACC: ES-IPS_TM_6 | SYMBOL: ES | RAW: 0 | FILLS: 0
DEBUG: Running _parse_file_nitro on C:\Model-\TradeActivityLogs-tm_6\TradeActivityLog_2024-12-14_UTC.ES-TM_6.data with Adaptive Ghost logic...
FILE: TRADEACTIVITYLOG_2024-08-08_UTC.ZB-TM_6.DATA | ACC: ZB-TM_6 | SYMBOL: Unknown | RAW: 0 | FILLS: 0
FILE: TRADEACTIVITYLOG_2025-01-20_UTC.ES-IPS_TM_6.DATA | ACC: ES-IPS_TM_6 | SYMBOL: ESH25 | RAW: 24 | FILLS: 12
DEBUG: Running _parse_file_nitro on C:\Model-\TradeActivityLogs-tm_6\TradeActivityLog_2025-01-20_UTC.ES-TM_6.data with Adaptive Ghost logic...
DEBUG: Running _parse_file_nitro on C:\Model-\TradeActivityLogs-tm_6\TradeActivityLog_2025-03-13_UTC.TM_6.data with Adaptive Ghost logic...
FILE: TRADEACTIVITYLOG_2024-12-14_UTC.ES-TM_6.DATA | ACC: ES-TM_6 | SYMBOL: ES | RAW: 0 | FILLS: 0
DEBUG: Running _parse_file_nitro on C:\Model-\TradeActivityLogs-tm_6\TradeActivityLog_2024-12-14_UTC.IPS_TM_6.data with Adaptive Ghost logic...
FILE: TRADEACTIVITYLOG_2025-02-07_UTC.ES-TM_6.DATA | ACC: ES-TM_6 | SYMBOL: ESH25 | RAW: 82 | FILLS: 41
DEBUG: Running _parse_file_nitro on C:\Model-\TradeActivityLogs-tm_6\TradeActivityLog_2025-02-07_UTC.IPS_TM_6.data with Adaptive Ghost logic...
FILE: TRADEACTIVITYLOG_2024-11-21_UTC.TM_6.DATA | ACC: TM_6 | SYMBOL: NQZ24 | RAW: 282 | FILLS: 141
DEBUG: Running _parse_file_nitro on C:\Model-\TradeActivityLogs-tm_6\TradeActivityLog_2024-11-22_UTC.CL-IPS_TM_6.data with Adaptive Ghost logic...
FILE: TRADEACTIVITYLOG_2024-10-15_UTC.IPS_TM_6.DATA | ACC: IPS_TM_6 | SYMBOL: NQZ24 | RAW: 342 | FILLS: 171
DEBUG: Running _parse_file_nitro on C:\Model-\TradeActivityLogs-tm_6\TradeActivityLog_2024-10-15_UTC.TM_6.data with Adaptive Ghost logic...
FILE: TRADEACTIVITYLOG_2025-01-20_UTC.ES-TM_6.DATA | ACC: ES-TM_6 | SYMBOL: ESH25 | RAW: 24 | FILLS: 12
DEBUG: Running _parse_file_nitro on C:\Model-\TradeActivityLogs-tm_6\TradeActivityLog_2025-01-20_UTC.IPS_TM_6.data with Adaptive Ghost logic...
FILE: TRADEACTIVITYLOG_2024-12-14_UTC.IPS_TM_6.DATA | ACC: IPS_TM_6 | SYMBOL: Unknown | RAW: 0 | FILLS: 0
DEBUG: Running _parse_file_nitro on C:\Model-\TradeActivityLogs-tm_6\TradeActivityLog_2024-12-14_UTC.TM_6.data with Adaptive Ghost logic...
FILE: TRADEACTIVITYLOG_2024-12-31_UTC.TM_6.DATA | ACC: TM_6 | SYMBOL: NQH25 | RAW: 182 | FILLS: 92
DEBUG: Running _parse_file_nitro on C:\Model-\TradeActivityLogs-tm_6\TradeActivityLog_2025-01-01_UTC.CL-IPS_TM_6.data with Adaptive Ghost logic...
FILE: TRADEACTIVITYLOG_2025-02-26_UTC.IPS_TM_6.DATA | ACC: IPS_TM_6 | SYMBOL: NQH25 | RAW: 208 | FILLS: 104
DEBUG: Running _parse_file_nitro on C:\Model-\TradeActivityLogs-tm_6\TradeActivityLog_2025-02-26_UTC.TM_6.data with Adaptive Ghost logic...
FILE: TRADEACTIVITYLOG_2024-11-22_UTC.CL-IPS_TM_6.DATA | ACC: CL-IPS_TM_6 | SYMBOL: CL | RAW: 0 | FILLS: 0
DEBUG: Running _parse_file_nitro on C:\Model-\TradeActivityLogs-tm_6\TradeActivityLog_2024-11-22_UTC.CL-TM_6.data with Adaptive Ghost logic...
FILE: TRADEACTIVITYLOG_2024-11-04_UTC.TM_6.DATA | ACC: TM_6 | SYMBOL: CLZ24 | RAW: 252 | FILLS: 126
DEBUG: Running _parse_file_nitro on C:\Model-\TradeActivityLogs-tm_6\TradeActivityLog_2024-11-05_UTC.ES-IPS_TM_6.data with Adaptive Ghost logic...
FILE: TRADEACTIVITYLOG_2025-01-01_UTC.CL-IPS_TM_6.DATA | ACC: CL-IPS_TM_6 | SYMBOL: CL | RAW: 0 | FILLS: 0
DEBUG: Running _parse_file_nitro on C:\Model-\TradeActivityLogs-tm_6\TradeActivityLog_2025-01-01_UTC.CL-TM_6.data with Adaptive Ghost logic...
FILE: TRADEACTIVITYLOG_2024-12-14_UTC.TM_6.DATA | ACC: TM_6 | SYMBOL: Unknown | RAW: 0 | FILLS: 0
DEBUG: Running _parse_file_nitro on C:\Model-\TradeActivityLogs-tm_6\TradeActivityLog_2024-12-14_UTC.ZB-IPS_TM_6.data with Adaptive Ghost logic...
FILE: TRADEACTIVITYLOG_2024-11-22_UTC.CL-TM_6.DATA | ACC: CL-TM_6 | SYMBOL: CL | RAW: 0 | FILLS: 0
DEBUG: Running _parse_file_nitro on C:\Model-\TradeActivityLogs-tm_6\TradeActivityLog_2024-11-22_UTC.ES-IPS_TM_6.data with Adaptive Ghost logic...
FILE: TRADEACTIVITYLOG_2025-03-13_UTC.TM_6.DATA | ACC: TM_6 | SYMBOL: NQH25 | RAW: 222 | FILLS: 111
FILE: TRADEACTIVITYLOG_2025-01-20_UTC.IPS_TM_6.DATA | ACC: IPS_TM_6 | SYMBOL: NQH25 | RAW: 122 | FILLS: 61
DEBUG: Running _parse_file_nitro on C:\Model-\TradeActivityLogs-tm_6\TradeActivityLog_2025-03-14_UTC.ES-IPS_TM_6.data with Adaptive Ghost logic...
DEBUG: Running _parse_file_nitro on C:\Model-\TradeActivityLogs-tm_6\TradeActivityLog_2025-01-20_UTC.TM_6.data with Adaptive Ghost logic...
FILE: TRADEACTIVITYLOG_2024-11-05_UTC.ES-IPS_TM_6.DATA | ACC: ES-IPS_TM_6 | SYMBOL: ESZ24 | RAW: 36 | FILLS: 18
DEBUG: Running _parse_file_nitro on C:\Model-\TradeActivityLogs-tm_6\TradeActivityLog_2024-11-05_UTC.ES-TM_6.data with Adaptive Ghost logic...
FILE: TRADEACTIVITYLOG_2025-01-01_UTC.CL-TM_6.DATA | ACC: CL-TM_6 | SYMBOL: CL | RAW: 0 | FILLS: 0
DEBUG: Running _parse_file_nitro on C:\Model-\TradeActivityLogs-tm_6\TradeActivityLog_2025-01-01_UTC.ES-IPS_TM_6.data with Adaptive Ghost logic...
FILE: TRADEACTIVITYLOG_2024-12-14_UTC.ZB-IPS_TM_6.DATA | ACC: ZB-IPS_TM_6 | SYMBOL: Unknown | RAW: 0 | FILLS: 0
DEBUG: Running _parse_file_nitro on C:\Model-\TradeActivityLogs-tm_6\TradeActivityLog_2024-12-14_UTC.ZB-TM_6.data with Adaptive Ghost logic...
FILE: TRADEACTIVITYLOG_2025-02-07_UTC.IPS_TM_6.DATA | ACC: IPS_TM_6 | SYMBOL: CLH25 | RAW: 214 | FILLS: 107
DEBUG: Running _parse_file_nitro on C:\Model-\TradeActivityLogs-tm_6\TradeActivityLog_2025-02-07_UTC.TM_6.data with Adaptive Ghost logic...
FILE: TRADEACTIVITYLOG_2025-02-26_UTC.TM_6.DATA | ACC: TM_6 | SYMBOL: NQH25 | RAW: 194 | FILLS: 97
DEBUG: Running _parse_file_nitro on C:\Model-\TradeActivityLogs-tm_6\TradeActivityLog_2025-02-27_UTC.ES-IPS_TM_6.data with Adaptive Ghost logic...
FILE: TRADEACTIVITYLOG_2024-10-15_UTC.TM_6.DATA | ACC: TM_6 | SYMBOL: NQZ24 | RAW: 320 | FILLS: 160
DEBUG: Running _parse_file_nitro on C:\Model-\TradeActivityLogs-tm_6\TradeActivityLog_2024-10-16_UTC.ES-IPS_TM_6.data with Adaptive Ghost logic...
FILE: TRADEACTIVITYLOG_2024-11-22_UTC.ES-IPS_TM_6.DATA | ACC: ES-IPS_TM_6 | SYMBOL: ESZ24 | RAW: 61 | FILLS: 31
DEBUG: Running _parse_file_nitro on C:\Model-\TradeActivityLogs-tm_6\TradeActivityLog_2024-11-22_UTC.ES-TM_6.data with Adaptive Ghost logic...
FILE: TRADEACTIVITYLOG_2025-01-01_UTC.ES-IPS_TM_6.DATA | ACC: ES-IPS_TM_6 | SYMBOL: ESH25 | RAW: 4 | FILLS: 2
FILE: TRADEACTIVITYLOG_2024-12-14_UTC.ZB-TM_6.DATA | ACC: ZB-TM_6 | SYMBOL: Unknown | RAW: 0 | FILLS: 0
DEBUG: Running _parse_file_nitro on C:\Model-\TradeActivityLogs-tm_6\TradeActivityLog_2025-01-01_UTC.ES-TM_6.data with Adaptive Ghost logic...
DEBUG: Running _parse_file_nitro on C:\Model-\TradeActivityLogs-tm_6\TradeActivityLog_2024-12-15_UTC.CL-IPS_TM_6.data with Adaptive Ghost logic...
FILE: TRADEACTIVITYLOG_2025-03-14_UTC.ES-IPS_TM_6.DATA | ACC: ES-IPS_TM_6 | SYMBOL: ESH25 | RAW: 48 | FILLS: 24
DEBUG: Running _parse_file_nitro on C:\Model-\TradeActivityLogs-tm_6\TradeActivityLog_2025-03-14_UTC.ES-TM_6.data with Adaptive Ghost logic...
FILE: TRADEACTIVITYLOG_2024-11-05_UTC.ES-TM_6.DATA | ACC: ES-TM_6 | SYMBOL: ESZ24 | RAW: 36 | FILLS: 18
DEBUG: Running _parse_file_nitro on C:\Model-\TradeActivityLogs-tm_6\TradeActivityLog_2024-11-05_UTC.IPS_TM_6.data with Adaptive Ghost logic...
FILE: TRADEACTIVITYLOG_2025-01-20_UTC.TM_6.DATA | ACC: TM_6 | SYMBOL: NQH25 | RAW: 116 | FILLS: 58
DEBUG: Running _parse_file_nitro on C:\Model-\TradeActivityLogs-tm_6\TradeActivityLog_2025-01-21_UTC.CL-IPS_TM_6.data with Adaptive Ghost logic...
FILE: TRADEACTIVITYLOG_2024-12-15_UTC.CL-IPS_TM_6.DATA | ACC: CL-IPS_TM_6 | SYMBOL: CL | RAW: 0 | FILLS: 0
DEBUG: Running _parse_file_nitro on C:\Model-\TradeActivityLogs-tm_6\TradeActivityLog_2024-12-15_UTC.CL-TM_6.data with Adaptive Ghost logic...
FILE: TRADEACTIVITYLOG_2025-02-27_UTC.ES-IPS_TM_6.DATA | ACC: ES-IPS_TM_6 | SYMBOL: ESH25 | RAW: 114 | FILLS: 57
FILE: TRADEACTIVITYLOG_2025-01-01_UTC.ES-TM_6.DATA | ACC: ES-TM_6 | SYMBOL: ESH25 | RAW: 4 | FILLS: 2
DEBUG: Running _parse_file_nitro on C:\Model-\TradeActivityLogs-tm_6\TradeActivityLog_2025-02-27_UTC.ES-TM_6.data with Adaptive Ghost logic...
DEBUG: Running _parse_file_nitro on C:\Model-\TradeActivityLogs-tm_6\TradeActivityLog_2025-01-01_UTC.IPS_TM_6.data with Adaptive Ghost logic...
FILE: TRADEACTIVITYLOG_2025-02-07_UTC.TM_6.DATA | ACC: TM_6 | SYMBOL: CLH25 | RAW: 182 | FILLS: 91
DEBUG: Running _parse_file_nitro on C:\Model-\TradeActivityLogs-tm_6\TradeActivityLog_2025-02-08_UTC.CL-IPS_TM_6.data with Adaptive Ghost logic...
FILE: TRADEACTIVITYLOG_2025-01-21_UTC.CL-IPS_TM_6.DATA | ACC: CL-IPS_TM_6 | SYMBOL: CL | RAW: 0 | FILLS: 0
DEBUG: Running _parse_file_nitro on C:\Model-\TradeActivityLogs-tm_6\TradeActivityLog_2025-01-21_UTC.CL-TM_6.data with Adaptive Ghost logic...
FILE: TRADEACTIVITYLOG_2024-10-16_UTC.ES-IPS_TM_6.DATA | ACC: ES-IPS_TM_6 | SYMBOL: ESZ24 | RAW: 68 | FILLS: 34
FILE: TRADEACTIVITYLOG_2024-11-22_UTC.ES-TM_6.DATA | ACC: ES-TM_6 | SYMBOL: ESZ24 | RAW: 61 | FILLS: 31
DEBUG: Running _parse_file_nitro on C:\Model-\TradeActivityLogs-tm_6\TradeActivityLog_2024-10-16_UTC.ES-TM_6.data with Adaptive Ghost logic...
DEBUG: Running _parse_file_nitro on C:\Model-\TradeActivityLogs-tm_6\TradeActivityLog_2024-11-22_UTC.IPS_TM_6.data with Adaptive Ghost logic...
FILE: TRADEACTIVITYLOG_2025-03-14_UTC.ES-TM_6.DATA | ACC: ES-TM_6 | SYMBOL: ESH25 | RAW: 46 | FILLS: 23
DEBUG: Running _parse_file_nitro on C:\Model-\TradeActivityLogs-tm_6\TradeActivityLog_2025-03-14_UTC.IPS_TM_6.data with Adaptive Ghost logic...
FILE: TRADEACTIVITYLOG_2024-12-15_UTC.CL-TM_6.DATA | ACC: CL-TM_6 | SYMBOL: CL | RAW: 0 | FILLS: 0
DEBUG: Running _parse_file_nitro on C:\Model-\TradeActivityLogs-tm_6\TradeActivityLog_2024-12-15_UTC.ES-IPS_TM_6.data with Adaptive Ghost logic...
FILE: TRADEACTIVITYLOG_2025-02-08_UTC.CL-IPS_TM_6.DATA | ACC: CL-IPS_TM_6 | SYMBOL: CL | RAW: 0 | FILLS: 0
FILE: TRADEACTIVITYLOG_2024-11-05_UTC.IPS_TM_6.DATA | ACC: IPS_TM_6 | SYMBOL: NQZ24 | RAW: 200 | FILLS: 100
DEBUG: Running _parse_file_nitro on C:\Model-\TradeActivityLogs-tm_6\TradeActivityLog_2025-02-08_UTC.CL-TM_6.data with Adaptive Ghost logic...
DEBUG: Running _parse_file_nitro on C:\Model-\TradeActivityLogs-tm_6\TradeActivityLog_2024-11-05_UTC.TM_6.data with Adaptive Ghost logic...
FILE: TRADEACTIVITYLOG_2025-01-01_UTC.IPS_TM_6.DATA | ACC: IPS_TM_6 | SYMBOL: Unknown | RAW: 0 | FILLS: 0
DEBUG: Running _parse_file_nitro on C:\Model-\TradeActivityLogs-tm_6\TradeActivityLog_2025-01-01_UTC.TM_6.data with Adaptive Ghost logic...
FILE: TRADEACTIVITYLOG_2025-01-21_UTC.CL-TM_6.DATA | ACC: CL-TM_6 | SYMBOL: CL | RAW: 0 | FILLS: 0
DEBUG: Running _parse_file_nitro on C:\Model-\TradeActivityLogs-tm_6\TradeActivityLog_2025-01-21_UTC.ES-IPS_TM_6.data with Adaptive Ghost logic...
FILE: TRADEACTIVITYLOG_2024-12-15_UTC.ES-IPS_TM_6.DATA | ACC: ES-IPS_TM_6 | SYMBOL: ES | RAW: 0 | FILLS: 0
DEBUG: Running _parse_file_nitro on C:\Model-\TradeActivityLogs-tm_6\TradeActivityLog_2024-12-15_UTC.ES-TM_6.data with Adaptive Ghost logic...
FILE: TRADEACTIVITYLOG_2024-10-16_UTC.ES-TM_6.DATA | ACC: ES-TM_6 | SYMBOL: ESZ24 | RAW: 68 | FILLS: 34
DEBUG: Running _parse_file_nitro on C:\Model-\TradeActivityLogs-tm_6\TradeActivityLog_2024-10-16_UTC.IPS_TM_6.data with Adaptive Ghost logic...
FILE: TRADEACTIVITYLOG_2025-02-27_UTC.ES-TM_6.DATA | ACC: ES-TM_6 | SYMBOL: ESH25 | RAW: 114 | FILLS: 57
DEBUG: Running _parse_file_nitro on C:\Model-\TradeActivityLogs-tm_6\TradeActivityLog_2025-02-27_UTC.IPS_TM_6.data with Adaptive Ghost logic...
FILE: TRADEACTIVITYLOG_2025-02-08_UTC.CL-TM_6.DATA | ACC: CL-TM_6 | SYMBOL: CL | RAW: 0 | FILLS: 0
DEBUG: Running _parse_file_nitro on C:\Model-\TradeActivityLogs-tm_6\TradeActivityLog_2025-02-08_UTC.ES-IPS_TM_6.data with Adaptive Ghost logic...
FILE: TRADEACTIVITYLOG_2025-01-01_UTC.TM_6.DATA | ACC: TM_6 | SYMBOL: Unknown | RAW: 0 | FILLS: 0
DEBUG: Running _parse_file_nitro on C:\Model-\TradeActivityLogs-tm_6\TradeActivityLog_2025-01-01_UTC.ZB-IPS_TM_6.data with Adaptive Ghost logic...
FILE: TRADEACTIVITYLOG_2025-03-14_UTC.IPS_TM_6.DATA | ACC: IPS_TM_6 | SYMBOL: NQH25 | RAW: 162 | FILLS: 81
DEBUG: Running _parse_file_nitro on C:\Model-\TradeActivityLogs-tm_6\TradeActivityLog_2025-03-14_UTC.TM_6.data with Adaptive Ghost logic...
FILE: TRADEACTIVITYLOG_2024-12-15_UTC.ES-TM_6.DATA | ACC: ES-TM_6 | SYMBOL: ES | RAW: 0 | FILLS: 0
DEBUG: Running _parse_file_nitro on C:\Model-\TradeActivityLogs-tm_6\TradeActivityLog_2024-12-15_UTC.IPS_TM_6.data with Adaptive Ghost logic...
FILE: TRADEACTIVITYLOG_2025-01-21_UTC.ES-IPS_TM_6.DATA | ACC: ES-IPS_TM_6 | SYMBOL: ESH25 | RAW: 46 | FILLS: 23
DEBUG: Running _parse_file_nitro on C:\Model-\TradeActivityLogs-tm_6\TradeActivityLog_2025-01-21_UTC.ES-TM_6.data with Adaptive Ghost logic...
FILE: TRADEACTIVITYLOG_2025-02-08_UTC.ES-IPS_TM_6.DATA | ACC: ES-IPS_TM_6 | SYMBOL: ES | RAW: 0 | FILLS: 0
DEBUG: Running _parse_file_nitro on C:\Model-\TradeActivityLogs-tm_6\TradeActivityLog_2025-02-08_UTC.ES-TM_6.data with Adaptive Ghost logic...
FILE: TRADEACTIVITYLOG_2025-01-01_UTC.ZB-IPS_TM_6.DATA | ACC: ZB-IPS_TM_6 | SYMBOL: Unknown | RAW: 0 | FILLS: 0
DEBUG: Running _parse_file_nitro on C:\Model-\TradeActivityLogs-tm_6\TradeActivityLog_2025-01-01_UTC.ZB-TM_6.data with Adaptive Ghost logic...
FILE: TRADEACTIVITYLOG_2024-11-22_UTC.IPS_TM_6.DATA | ACC: IPS_TM_6 | SYMBOL: NQZ24 | RAW: 286 | FILLS: 143
DEBUG: Running _parse_file_nitro on C:\Model-\TradeActivityLogs-tm_6\TradeActivityLog_2024-11-22_UTC.TM_6.data with Adaptive Ghost logic...
FILE: TRADEACTIVITYLOG_2024-10-16_UTC.IPS_TM_6.DATA | ACC: IPS_TM_6 | SYMBOL: CLZ24 | RAW: 134 | FILLS: 67
DEBUG: Running _parse_file_nitro on C:\Model-\TradeActivityLogs-tm_6\TradeActivityLog_2024-10-16_UTC.TM_6.data with Adaptive Ghost logic...
FILE: TRADEACTIVITYLOG_2024-11-05_UTC.TM_6.DATA | ACC: TM_6 | SYMBOL: NQZ24 | RAW: 200 | FILLS: 100
DEBUG: Running _parse_file_nitro on C:\Model-\TradeActivityLogs-tm_6\TradeActivityLog_2024-11-06_UTC.ES-IPS_TM_6.data with Adaptive Ghost logic...
FILE: TRADEACTIVITYLOG_2024-12-15_UTC.IPS_TM_6.DATA | ACC: IPS_TM_6 | SYMBOL: Unknown | RAW: 0 | FILLS: 0
DEBUG: Running _parse_file_nitro on C:\Model-\TradeActivityLogs-tm_6\TradeActivityLog_2024-12-15_UTC.TM_6.data with Adaptive Ghost logic...
FILE: TRADEACTIVITYLOG_2025-01-21_UTC.ES-TM_6.DATA | ACC: ES-TM_6 | SYMBOL: ESH25 | RAW: 46 | FILLS: 23
DEBUG: Running _parse_file_nitro on C:\Model-\TradeActivityLogs-tm_6\TradeActivityLog_2025-01-21_UTC.IPS_TM_6.data with Adaptive Ghost logic...
FILE: TRADEACTIVITYLOG_2025-02-08_UTC.ES-TM_6.DATA | ACC: ES-TM_6 | SYMBOL: ES | RAW: 0 | FILLS: 0
DEBUG: Running _parse_file_nitro on C:\Model-\TradeActivityLogs-tm_6\TradeActivityLog_2025-02-08_UTC.IPS_TM_6.data with Adaptive Ghost logic...
FILE: TRADEACTIVITYLOG_2025-02-27_UTC.IPS_TM_6.DATA | ACC: IPS_TM_6 | SYMBOL: NQH25 | RAW: 250 | FILLS: 125
DEBUG: Running _parse_file_nitro on C:\Model-\TradeActivityLogs-tm_6\TradeActivityLog_2025-02-27_UTC.TM_6.data with Adaptive Ghost logic...
FILE: TRADEACTIVITYLOG_2025-01-01_UTC.ZB-TM_6.DATA | ACC: ZB-TM_6 | SYMBOL: Unknown | RAW: 0 | FILLS: 0
DEBUG: Running _parse_file_nitro on C:\Model-\TradeActivityLogs-tm_6\TradeActivityLog_2025-01-02_UTC.ES-IPS_TM_6.data with Adaptive Ghost logic...
FILE: TRADEACTIVITYLOG_2024-12-15_UTC.TM_6.DATA | ACC: TM_6 | SYMBOL: Unknown | RAW: 0 | FILLS: 0
DEBUG: Running _parse_file_nitro on C:\Model-\TradeActivityLogs-tm_6\TradeActivityLog_2024-12-15_UTC.ZB-IPS_TM_6.data with Adaptive Ghost logic...
FILE: TRADEACTIVITYLOG_2024-11-06_UTC.ES-IPS_TM_6.DATA | ACC: ES-IPS_TM_6 | SYMBOL: ESZ24 | RAW: 104 | FILLS: 52
DEBUG: Running _parse_file_nitro on C:\Model-\TradeActivityLogs-tm_6\TradeActivityLog_2024-11-06_UTC.ES-TM_6.data with Adaptive Ghost logic...
FILE: TRADEACTIVITYLOG_2025-03-14_UTC.TM_6.DATA | ACC: TM_6 | SYMBOL: NQH25 | RAW: 164 | FILLS: 82
FILE: TRADEACTIVITYLOG_2025-02-08_UTC.IPS_TM_6.DATA | ACC: IPS_TM_6 | SYMBOL: Unknown | RAW: 0 | FILLS: 0
DEBUG: Running _parse_file_nitro on C:\Model-\TradeActivityLogs-tm_6\TradeActivityLog_2025-02-08_UTC.TM_6.data with Adaptive Ghost logic...
DEBUG: Running _parse_file_nitro on C:\Model-\TradeActivityLogs-tm_6\TradeActivityLog_2025-03-16_UTC.IPS_TM_6.data with Adaptive Ghost logic...
FILE: TRADEACTIVITYLOG_2024-10-16_UTC.TM_6.DATA | ACC: TM_6 | SYMBOL: CLZ24 | RAW: 136 | FILLS: 68
DEBUG: Running _parse_file_nitro on C:\Model-\TradeActivityLogs-tm_6\TradeActivityLog_2024-10-17_UTC.CL-IPS_TM_6.data with Adaptive Ghost logic...
FILE: TRADEACTIVITYLOG_2024-12-15_UTC.ZB-IPS_TM_6.DATA | ACC: ZB-IPS_TM_6 | SYMBOL: Unknown | RAW: 0 | FILLS: 0
DEBUG: Running _parse_file_nitro on C:\Model-\TradeActivityLogs-tm_6\TradeActivityLog_2024-12-15_UTC.ZB-TM_6.data with Adaptive Ghost logic...
FILE: TRADEACTIVITYLOG_2025-01-02_UTC.ES-IPS_TM_6.DATA | ACC: ES-IPS_TM_6 | SYMBOL: ESH25 | RAW: 50 | FILLS: 25
DEBUG: Running _parse_file_nitro on C:\Model-\TradeActivityLogs-tm_6\TradeActivityLog_2025-01-02_UTC.ES-TM_6.data with Adaptive Ghost logic...
FILE: TRADEACTIVITYLOG_2025-02-08_UTC.TM_6.DATA | ACC: TM_6 | SYMBOL: Unknown | RAW: 0 | FILLS: 0
DEBUG: Running _parse_file_nitro on C:\Model-\TradeActivityLogs-tm_6\TradeActivityLog_2025-02-08_UTC.ZB-IPS_TM_6.data with Adaptive Ghost logic...
FILE: TRADEACTIVITYLOG_2025-03-16_UTC.IPS_TM_6.DATA | ACC: IPS_TM_6 | SYMBOL: NQH25 | RAW: 8 | FILLS: 4
FILE: TRADEACTIVITYLOG_2024-10-17_UTC.CL-IPS_TM_6.DATA | ACC: CL-IPS_TM_6 | SYMBOL: CL | RAW: 0 | FILLS: 0
DEBUG: Running _parse_file_nitro on C:\Model-\TradeActivityLogs-tm_6\TradeActivityLog_2025-03-16_UTC.TM_6.data with Adaptive Ghost logic...
FILE: TRADEACTIVITYLOG_2025-01-21_UTC.IPS_TM_6.DATA | ACC: IPS_TM_6 | SYMBOL: NQH25 | RAW: 182 | FILLS: 91
DEBUG: Running _parse_file_nitro on C:\Model-\TradeActivityLogs-tm_6\TradeActivityLog_2024-10-17_UTC.CL-TM_6.data with Adaptive Ghost logic...
DEBUG: Running _parse_file_nitro on C:\Model-\TradeActivityLogs-tm_6\TradeActivityLog_2025-01-21_UTC.TM_6.data with Adaptive Ghost logic...
FILE: TRADEACTIVITYLOG_2024-11-22_UTC.TM_6.DATA | ACC: TM_6 | SYMBOL: NQZ24 | RAW: 286 | FILLS: 143
FILE: TRADEACTIVITYLOG_2024-11-06_UTC.ES-TM_6.DATA | ACC: ES-TM_6 | SYMBOL: ESZ24 | RAW: 104 | FILLS: 52
FILE: TRADEACTIVITYLOG_2024-12-15_UTC.ZB-TM_6.DATA | ACC: ZB-TM_6 | SYMBOL: Unknown | RAW: 0 | FILLS: 0
DEBUG: Running _parse_file_nitro on C:\Model-\TradeActivityLogs-tm_6\TradeActivityLog_2024-11-06_UTC.IPS_TM_6.data with Adaptive Ghost logic...
DEBUG: Running _parse_file_nitro on C:\Model-\TradeActivityLogs-tm_6\TradeActivityLog_2024-12-16_UTC.ES-IPS_TM_6.data with Adaptive Ghost logic...
DEBUG: Running _parse_file_nitro on C:\Model-\TradeActivityLogs-tm_6\TradeActivityLog_2024-11-22_UTC.ZB-IPS_TM_6.data with Adaptive Ghost logic...
FILE: TRADEACTIVITYLOG_2025-02-27_UTC.TM_6.DATA | ACC: TM_6 | SYMBOL: NQH25 | RAW: 246 | FILLS: 123
DEBUG: Running _parse_file_nitro on C:\Model-\TradeActivityLogs-tm_6\TradeActivityLog_2025-02-28_UTC.ES-IPS_TM_6.data with Adaptive Ghost logic...
FILE: TRADEACTIVITYLOG_2025-01-02_UTC.ES-TM_6.DATA | ACC: ES-TM_6 | SYMBOL: ESH25 | RAW: 48 | FILLS: 24
FILE: TRADEACTIVITYLOG_2025-02-08_UTC.ZB-IPS_TM_6.DATA | ACC: ZB-IPS_TM_6 | SYMBOL: Unknown | RAW: 0 | FILLS: 0
FILE: TRADEACTIVITYLOG_2024-10-17_UTC.CL-TM_6.DATA | ACC: CL-TM_6 | SYMBOL: CL | RAW: 0 | FILLS: 0
DEBUG: Running _parse_file_nitro on C:\Model-\TradeActivityLogs-tm_6\TradeActivityLog_2025-02-08_UTC.ZB-TM_6.data with Adaptive Ghost logic...
DEBUG: Running _parse_file_nitro on C:\Model-\TradeActivityLogs-tm_6\TradeActivityLog_2025-01-02_UTC.IPS_TM_6.data with Adaptive Ghost logic...
DEBUG: Running _parse_file_nitro on C:\Model-\TradeActivityLogs-tm_6\TradeActivityLog_2024-10-17_UTC.ES-IPS_TM_6.data with Adaptive Ghost logic...
FILE: TRADEACTIVITYLOG_2025-03-16_UTC.TM_6.DATA | ACC: TM_6 | SYMBOL: NQH25 | RAW: 8 | FILLS: 4
DEBUG: Running _parse_file_nitro on C:\Model-\TradeActivityLogs-tm_6\TradeActivityLog_2025-03-17_UTC.ES-IPS_TM_6.data with Adaptive Ghost logic...
FILE: TRADEACTIVITYLOG_2024-11-22_UTC.ZB-IPS_TM_6.DATA | ACC: ZB-IPS_TM_6 | SYMBOL: Unknown | RAW: 0 | FILLS: 0
DEBUG: Running _parse_file_nitro on C:\Model-\TradeActivityLogs-tm_6\TradeActivityLog_2024-11-22_UTC.ZB-TM_6.data with Adaptive Ghost logic...
FILE: TRADEACTIVITYLOG_2024-12-16_UTC.ES-IPS_TM_6.DATA | ACC: ES-IPS_TM_6 | SYMBOL: ESH25 | RAW: 40 | FILLS: 20
DEBUG: Running _parse_file_nitro on C:\Model-\TradeActivityLogs-tm_6\TradeActivityLog_2024-12-16_UTC.IPS_TM_6.data with Adaptive Ghost logic...
FILE: TRADEACTIVITYLOG_2025-02-08_UTC.ZB-TM_6.DATA | ACC: ZB-TM_6 | SYMBOL: Unknown | RAW: 0 | FILLS: 0
DEBUG: Running _parse_file_nitro on C:\Model-\TradeActivityLogs-tm_6\TradeActivityLog_2025-02-09_UTC.ES-IPS_TM_6.data with Adaptive Ghost logic...
FILE: TRADEACTIVITYLOG_2025-02-28_UTC.ES-IPS_TM_6.DATA | ACC: ES-IPS_TM_6 | SYMBOL: ESH25 | RAW: 76 | FILLS: 38
DEBUG: Running _parse_file_nitro on C:\Model-\TradeActivityLogs-tm_6\TradeActivityLog_2025-02-28_UTC.ES-TM_6.data with Adaptive Ghost logic...
FILE: TRADEACTIVITYLOG_2025-01-21_UTC.TM_6.DATA | ACC: TM_6 | SYMBOL: NQH25 | RAW: 182 | FILLS: 91
DEBUG: Running _parse_file_nitro on C:\Model-\TradeActivityLogs-tm_6\TradeActivityLog_2025-01-21_UTC.ZB-IPS_TM_6.data with Adaptive Ghost logic...
FILE: TRADEACTIVITYLOG_2025-03-17_UTC.ES-IPS_TM_6.DATA | ACC: ES-IPS_TM_6 | SYMBOL: ESH25 | RAW: 42 | FILLS: 21
FILE: TRADEACTIVITYLOG_2024-11-22_UTC.ZB-TM_6.DATA | ACC: ZB-TM_6 | SYMBOL: Unknown | RAW: 0 | FILLS: 0
DEBUG: Running _parse_file_nitro on C:\Model-\TradeActivityLogs-tm_6\TradeActivityLog_2025-03-17_UTC.ES-TM_6.data with Adaptive Ghost logic...
DEBUG: Running _parse_file_nitro on C:\Model-\TradeActivityLogs-tm_6\TradeActivityLog_2024-11-25_UTC.ES-IPS_TM_6.data with Adaptive Ghost logic...
FILE: TRADEACTIVITYLOG_2024-10-17_UTC.ES-IPS_TM_6.DATA | ACC: ES-IPS_TM_6 | SYMBOL: ESZ24 | RAW: 73 | FILLS: 37
DEBUG: Running _parse_file_nitro on C:\Model-\TradeActivityLogs-tm_6\TradeActivityLog_2024-10-17_UTC.ES-TM_6.data with Adaptive Ghost logic...
FILE: TRADEACTIVITYLOG_2024-12-16_UTC.IPS_TM_6.DATA | ACC: IPS_TM_6 | SYMBOL: CLG25 | RAW: 94 | FILLS: 47
FILE: TRADEACTIVITYLOG_2024-11-06_UTC.IPS_TM_6.DATA | ACC: IPS_TM_6 | SYMBOL: NQZ24 | RAW: 258 | FILLS: 129
DEBUG: Running _parse_file_nitro on C:\Model-\TradeActivityLogs-tm_6\TradeActivityLog_2024-12-16_UTC.TM_6.data with Adaptive Ghost logic...
FILE: TRADEACTIVITYLOG_2025-02-09_UTC.ES-IPS_TM_6.DATA | ACC: ES-IPS_TM_6 | SYMBOL: ESH25 | RAW: 8 | FILLS: 4
DEBUG: Running _parse_file_nitro on C:\Model-\TradeActivityLogs-tm_6\TradeActivityLog_2024-11-06_UTC.TM_6.data with Adaptive Ghost logic...
DEBUG: Running _parse_file_nitro on C:\Model-\TradeActivityLogs-tm_6\TradeActivityLog_2025-02-09_UTC.ES-TM_6.data with Adaptive Ghost logic...
FILE: TRADEACTIVITYLOG_2025-01-21_UTC.ZB-IPS_TM_6.DATA | ACC: ZB-IPS_TM_6 | SYMBOL: Unknown | RAW: 0 | FILLS: 0
DEBUG: Running _parse_file_nitro on C:\Model-\TradeActivityLogs-tm_6\TradeActivityLog_2025-01-21_UTC.ZB-TM_6.data with Adaptive Ghost logic...
FILE: TRADEACTIVITYLOG_2025-02-28_UTC.ES-TM_6.DATA | ACC: ES-TM_6 | SYMBOL: ESH25 | RAW: 76 | FILLS: 38
DEBUG: Running _parse_file_nitro on C:\Model-\TradeActivityLogs-tm_6\TradeActivityLog_2025-02-28_UTC.IPS_TM_6.data with Adaptive Ghost logic...
FILE: TRADEACTIVITYLOG_2025-03-17_UTC.ES-TM_6.DATA | ACC: ES-TM_6 | SYMBOL: ESH25 | RAW: 42 | FILLS: 21
DEBUG: Running _parse_file_nitro on C:\Model-\TradeActivityLogs-tm_6\TradeActivityLog_2025-03-17_UTC.IPS_TM_6.data with Adaptive Ghost logic...
FILE: TRADEACTIVITYLOG_2025-01-02_UTC.IPS_TM_6.DATA | ACC: IPS_TM_6 | SYMBOL: NQH25 | RAW: 238 | FILLS: 119
DEBUG: Running _parse_file_nitro on C:\Model-\TradeActivityLogs-tm_6\TradeActivityLog_2025-01-02_UTC.TM_6.data with Adaptive Ghost logic...
FILE: TRADEACTIVITYLOG_2024-11-25_UTC.ES-IPS_TM_6.DATA | ACC: ES-IPS_TM_6 | SYMBOL: ESZ24 | RAW: 28 | FILLS: 14
DEBUG: Running _parse_file_nitro on C:\Model-\TradeActivityLogs-tm_6\TradeActivityLog_2024-11-25_UTC.ES-TM_6.data with Adaptive Ghost logic...
FILE: TRADEACTIVITYLOG_2024-10-17_UTC.ES-TM_6.DATA | ACC: ES-TM_6 | SYMBOL: ESZ24 | RAW: 73 | FILLS: 37
FILE: TRADEACTIVITYLOG_2025-02-09_UTC.ES-TM_6.DATA | ACC: ES-TM_6 | SYMBOL: ESH25 | RAW: 8 | FILLS: 4
FILE: TRADEACTIVITYLOG_2025-01-21_UTC.ZB-TM_6.DATA | ACC: ZB-TM_6 | SYMBOL: Unknown | RAW: 0 | FILLS: 0
DEBUG: Running _parse_file_nitro on C:\Model-\TradeActivityLogs-tm_6\TradeActivityLog_2024-10-17_UTC.IPS_TM_6.data with Adaptive Ghost logic...
DEBUG: Running _parse_file_nitro on C:\Model-\TradeActivityLogs-tm_6\TradeActivityLog_2025-01-22_UTC.CL-IPS_TM_6.data with Adaptive Ghost logic...
DEBUG: Running _parse_file_nitro on C:\Model-\TradeActivityLogs-tm_6\TradeActivityLog_2025-02-09_UTC.IPS_TM_6.data with Adaptive Ghost logic...
FILE: TRADEACTIVITYLOG_2024-12-16_UTC.TM_6.DATA | ACC: TM_6 | SYMBOL: CLG25 | RAW: 94 | FILLS: 47
DEBUG: Running _parse_file_nitro on C:\Model-\TradeActivityLogs-tm_6\TradeActivityLog_2024-12-17_UTC.ES-IPS_TM_6.data with Adaptive Ghost logic...
FILE: TRADEACTIVITYLOG_2025-02-09_UTC.IPS_TM_6.DATA | ACC: IPS_TM_6 | SYMBOL: CLH25 | RAW: 2 | FILLS: 1
DEBUG: Running _parse_file_nitro on C:\Model-\TradeActivityLogs-tm_6\TradeActivityLog_2025-02-09_UTC.TM_6.data with Adaptive Ghost logic...
FILE: TRADEACTIVITYLOG_2024-11-25_UTC.ES-TM_6.DATA | ACC: ES-TM_6 | SYMBOL: ESZ24 | RAW: 28 | FILLS: 14
DEBUG: Running _parse_file_nitro on C:\Model-\TradeActivityLogs-tm_6\TradeActivityLog_2024-11-25_UTC.IPS_TM_6.data with Adaptive Ghost logic...
FILE: TRADEACTIVITYLOG_2025-02-28_UTC.IPS_TM_6.DATA | ACC: IPS_TM_6 | SYMBOL: NQH25 | RAW: 196 | FILLS: 98
FILE: TRADEACTIVITYLOG_2025-01-22_UTC.CL-IPS_TM_6.DATA | ACC: CL-IPS_TM_6 | SYMBOL: CL | RAW: 0 | FILLS: 0
DEBUG: Running _parse_file_nitro on C:\Model-\TradeActivityLogs-tm_6\TradeActivityLog_2025-01-22_UTC.CL-TM_6.data with Adaptive Ghost logic...
DEBUG: Running _parse_file_nitro on C:\Model-\TradeActivityLogs-tm_6\TradeActivityLog_2025-02-28_UTC.TM_6.data with Adaptive Ghost logic...
FILE: TRADEACTIVITYLOG_2024-11-06_UTC.TM_6.DATA | ACC: TM_6 | SYMBOL: NQZ24 | RAW: 254 | FILLS: 127
DEBUG: Running _parse_file_nitro on C:\Model-\TradeActivityLogs-tm_6\TradeActivityLog_2024-11-07_UTC.ES-IPS_TM_6.data with Adaptive Ghost logic...
FILE: TRADEACTIVITYLOG_2024-12-17_UTC.ES-IPS_TM_6.DATA | ACC: ES-IPS_TM_6 | SYMBOL: ESH25 | RAW: 56 | FILLS: 28
DEBUG: Running _parse_file_nitro on C:\Model-\TradeActivityLogs-tm_6\TradeActivityLog_2024-12-17_UTC.ES-TM_6.data with Adaptive Ghost logic...
FILE: TRADEACTIVITYLOG_2025-03-17_UTC.IPS_TM_6.DATA | ACC: IPS_TM_6 | SYMBOL: NQH25 | RAW: 172 | FILLS: 86
FILE: TRADEACTIVITYLOG_2025-02-09_UTC.TM_6.DATA | ACC: TM_6 | SYMBOL: CLH25 | RAW: 2 | FILLS: 1
DEBUG: Running _parse_file_nitro on C:\Model-\TradeActivityLogs-tm_6\TradeActivityLog_2025-02-10_UTC.ES-IPS_TM_6.data with Adaptive Ghost logic...
DEBUG: Running _parse_file_nitro on C:\Model-\TradeActivityLogs-tm_6\TradeActivityLog_2025-03-17_UTC.TM_6.data with Adaptive Ghost logic...
FILE: TRADEACTIVITYLOG_2024-10-17_UTC.IPS_TM_6.DATA | ACC: IPS_TM_6 | SYMBOL: NQZ24 | RAW: 174 | FILLS: 87
DEBUG: Running _parse_file_nitro on C:\Model-\TradeActivityLogs-tm_6\TradeActivityLog_2024-10-17_UTC.TM_6.data with Adaptive Ghost logic...
FILE: TRADEACTIVITYLOG_2025-01-22_UTC.CL-TM_6.DATA | ACC: CL-TM_6 | SYMBOL: CL | RAW: 0 | FILLS: 0
DEBUG: Running _parse_file_nitro on C:\Model-\TradeActivityLogs-tm_6\TradeActivityLog_2025-01-22_UTC.ES-IPS_TM_6.data with Adaptive Ghost logic...
FILE: TRADEACTIVITYLOG_2025-01-02_UTC.TM_6.DATA | ACC: TM_6 | SYMBOL: NQH25 | RAW: 224 | FILLS: 112
DEBUG: Running _parse_file_nitro on C:\Model-\TradeActivityLogs-tm_6\TradeActivityLog_2025-01-03_UTC.ES-IPS_TM_6.data with Adaptive Ghost logic...
FILE: TRADEACTIVITYLOG_2024-12-17_UTC.ES-TM_6.DATA | ACC: ES-TM_6 | SYMBOL: ESH25 | RAW: 46 | FILLS: 23
DEBUG: Running _parse_file_nitro on C:\Model-\TradeActivityLogs-tm_6\TradeActivityLog_2024-12-17_UTC.IPS_TM_6.data with Adaptive Ghost logic...
FILE: TRADEACTIVITYLOG_2024-11-07_UTC.ES-IPS_TM_6.DATA | ACC: ES-IPS_TM_6 | SYMBOL: ESZ24 | RAW: 58 | FILLS: 29
DEBUG: Running _parse_file_nitro on C:\Model-\TradeActivityLogs-tm_6\TradeActivityLog_2024-11-07_UTC.ES-TM_6.data with Adaptive Ghost logic...
FILE: TRADEACTIVITYLOG_2025-02-10_UTC.ES-IPS_TM_6.DATA | ACC: ES-IPS_TM_6 | SYMBOL: ESH25 | RAW: 44 | FILLS: 22
DEBUG: Running _parse_file_nitro on C:\Model-\TradeActivityLogs-tm_6\TradeActivityLog_2025-02-10_UTC.ES-TM_6.data with Adaptive Ghost logic...
FILE: TRADEACTIVITYLOG_2025-01-03_UTC.ES-IPS_TM_6.DATA | ACC: ES-IPS_TM_6 | SYMBOL: ESH25 | RAW: 38 | FILLS: 19
FILE: TRADEACTIVITYLOG_2025-02-28_UTC.TM_6.DATA | ACC: TM_6 | SYMBOL: NQH25 | RAW: 210 | FILLS: 105
DEBUG: Running _parse_file_nitro on C:\Model-\TradeActivityLogs-tm_6\TradeActivityLog_2025-01-03_UTC.ES-TM_6.data with Adaptive Ghost logic...
DEBUG: Running _parse_file_nitro on C:\Model-\TradeActivityLogs-tm_6\TradeActivityLog_2025-03-01_UTC.CL-IPS_TM_6.data with Adaptive Ghost logic...
FILE: TRADEACTIVITYLOG_2025-01-22_UTC.ES-IPS_TM_6.DATA | ACC: ES-IPS_TM_6 | SYMBOL: ESH25 | RAW: 52 | FILLS: 26
DEBUG: Running _parse_file_nitro on C:\Model-\TradeActivityLogs-tm_6\TradeActivityLog_2025-01-22_UTC.ES-TM_6.data with Adaptive Ghost logic...
FILE: TRADEACTIVITYLOG_2024-11-25_UTC.IPS_TM_6.DATA | ACC: IPS_TM_6 | SYMBOL: NQZ24 | RAW: 258 | FILLS: 129
DEBUG: Running _parse_file_nitro on C:\Model-\TradeActivityLogs-tm_6\TradeActivityLog_2024-11-25_UTC.TM_6.data with Adaptive Ghost logic...
FILE: TRADEACTIVITYLOG_2025-03-17_UTC.TM_6.DATA | ACC: TM_6 | SYMBOL: NQH25 | RAW: 172 | FILLS: 86
DEBUG: Running _parse_file_nitro on C:\Model-\TradeActivityLogs-tm_6\TradeActivityLog_2025-03-18_UTC.ES-IPS_TM_6.data with Adaptive Ghost logic...
FILE: TRADEACTIVITYLOG_2024-10-17_UTC.TM_6.DATA | ACC: TM_6 | SYMBOL: NQZ24 | RAW: 176 | FILLS: 88
DEBUG: Running _parse_file_nitro on C:\Model-\TradeActivityLogs-tm_6\TradeActivityLog_2024-10-17_UTC.ZB-IPS_TM_6.data with Adaptive Ghost logic...
FILE: TRADEACTIVITYLOG_2024-11-07_UTC.ES-TM_6.DATA | ACC: ES-TM_6 | SYMBOL: ESZ24 | RAW: 52 | FILLS: 26
FILE: TRADEACTIVITYLOG_2024-12-17_UTC.IPS_TM_6.DATA | ACC: IPS_TM_6 | SYMBOL: NQH25 | RAW: 164 | FILLS: 82
DEBUG: Running _parse_file_nitro on C:\Model-\TradeActivityLogs-tm_6\TradeActivityLog_2024-11-07_UTC.IPS_TM_6.data with Adaptive Ghost logic...
FILE: TRADEACTIVITYLOG_2025-02-10_UTC.ES-TM_6.DATA | ACC: ES-TM_6 | SYMBOL: ESH25 | RAW: 44 | FILLS: 22
DEBUG: Running _parse_file_nitro on C:\Model-\TradeActivityLogs-tm_6\TradeActivityLog_2024-12-17_UTC.TM_6.data with Adaptive Ghost logic...
DEBUG: Running _parse_file_nitro on C:\Model-\TradeActivityLogs-tm_6\TradeActivityLog_2025-02-10_UTC.IPS_TM_6.data with Adaptive Ghost logic...
FILE: TRADEACTIVITYLOG_2025-03-01_UTC.CL-IPS_TM_6.DATA | ACC: CL-IPS_TM_6 | SYMBOL: CL | RAW: 0 | FILLS: 0
DEBUG: Running _parse_file_nitro on C:\Model-\TradeActivityLogs-tm_6\TradeActivityLog_2025-03-01_UTC.CL-TM_6.data with Adaptive Ghost logic...
FILE: TRADEACTIVITYLOG_2025-01-03_UTC.ES-TM_6.DATA | ACC: ES-TM_6 | SYMBOL: ESH25 | RAW: 38 | FILLS: 19
DEBUG: Running _parse_file_nitro on C:\Model-\TradeActivityLogs-tm_6\TradeActivityLog_2025-01-03_UTC.IPS_TM_6.data with Adaptive Ghost logic...
FILE: TRADEACTIVITYLOG_2024-10-17_UTC.ZB-IPS_TM_6.DATA | ACC: ZB-IPS_TM_6 | SYMBOL: Unknown | RAW: 0 | FILLS: 0
DEBUG: Running _parse_file_nitro on C:\Model-\TradeActivityLogs-tm_6\TradeActivityLog_2024-10-17_UTC.ZB-TM_6.data with Adaptive Ghost logic...
FILE: TRADEACTIVITYLOG_2025-01-22_UTC.ES-TM_6.DATA | ACC: ES-TM_6 | SYMBOL: ESH25 | RAW: 52 | FILLS: 26
LS: 16
DEBUG: Running _parse_file_nitro on C:\Model-\TradeActivityLogs-tm_6\TradeActivityLog_2025-03-18_UTC.ES-TM_6.data with Adaptive Ghost logic...
DEBUG: Running _parse_file_nitro on C:\Model-\TradeActivityLogs-tm_6\TradeActivityLog_2025-01-22_UTC.IPS_TM_6.data with Adaptive Ghost logic...
FILE: TRADEACTIVITYLOG_2025-03-01_UTC.CL-TM_6.DATA | ACC: CL-TM_6 | SYMBOL: CL | RAW: 0 | FILLS: 0
DEBUG: Running _parse_file_nitro on C:\Model-\TradeActivityLogs-tm_6\TradeActivityLog_2025-03-01_UTC.ES-IPS_TM_6.data with Adaptive Ghost logic...
FILE: TRADEACTIVITYLOG_2024-10-17_UTC.ZB-TM_6.DATA | ACC: ZB-TM_6 | SYMBOL: Unknown | RAW: 0 | FILLS: 0
DEBUG: Running _parse_file_nitro on C:\Model-\TradeActivityLogs-tm_6\TradeActivityLog_2024-10-18_UTC.ES-IPS_TM_6.data with Adaptive Ghost logic...
FILE: TRADEACTIVITYLOG_2025-02-10_UTC.IPS_TM_6.DATA | ACC: IPS_TM_6 | SYMBOL: NQH25 | RAW: 104 | FILLS: 52
DEBUG: Running _parse_file_nitro on C:\Model-\TradeActivityLogs-tm_6\TradeActivityLog_2025-02-10_UTC.TM_6.data with Adaptive Ghost logic...
FILE: TRADEACTIVITYLOG_2024-12-17_UTC.TM_6.DATA | ACC: TM_6 | SYMBOL: NQH25 | RAW: 164 | FILLS: 82
DEBUG: Running _parse_file_nitro on C:\Model-\TradeActivityLogs-tm_6\TradeActivityLog_2024-12-18_UTC.CL-IPS_TM_6.data with Adaptive Ghost logic...
FILE: TRADEACTIVITYLOG_2025-03-01_UTC.ES-IPS_TM_6.DATA | ACC: ES-IPS_TM_6 | SYMBOL: ES | RAW: 0 | FILLS: 0
DEBUG: Running _parse_file_nitro on C:\Model-\TradeActivityLogs-tm_6\TradeActivityLog_2025-03-01_UTC.ES-TM_6.data with Adaptive Ghost logic...
FILE: TRADEACTIVITYLOG_2025-03-18_UTC.ES-TM_6.DATA | ACC: ES-TM_6 | SYMBOL: ESH25 | RAW: 32 | FILLS: 16
DEBUG: Running _parse_file_nitro on C:\Model-\TradeActivityLogs-tm_6\TradeActivityLog_2025-03-18_UTC.IPS_TM_6.data with Adaptive Ghost logic...
FILE: TRADEACTIVITYLOG_2024-11-25_UTC.TM_6.DATA | ACC: TM_6 | SYMBOL: NQZ24 | RAW: 252 | FILLS: 126
DEBUG: Running _parse_file_nitro on C:\Model-\TradeActivityLogs-tm_6\TradeActivityLog_2024-11-26_UTC.ES-IPS_TM_6.data with Adaptive Ghost logic...
FILE: TRADEACTIVITYLOG_2024-12-18_UTC.CL-IPS_TM_6.DATA | ACC: CL-IPS_TM_6 | SYMBOL: CL | RAW: 0 | FILLS: 0
DEBUG: Running _parse_file_nitro on C:\Model-\TradeActivityLogs-tm_6\TradeActivityLog_2024-12-18_UTC.CL-TM_6.data with Adaptive Ghost logic...
FILE: TRADEACTIVITYLOG_2025-01-03_UTC.IPS_TM_6.DATA | ACC: IPS_TM_6 | SYMBOL: NQH25 | RAW: 232 | FILLS: 116
DEBUG: Running _parse_file_nitro on C:\Model-\TradeActivityLogs-tm_6\TradeActivityLog_2025-01-03_UTC.TM_6.data with Adaptive Ghost logic...
FILE: TRADEACTIVITYLOG_2024-10-18_UTC.ES-IPS_TM_6.DATA | ACC: ES-IPS_TM_6 | SYMBOL: ESZ24 | RAW: 48 | FILLS: 24
DEBUG: Running _parse_file_nitro on C:\Model-\TradeActivityLogs-tm_6\TradeActivityLog_2024-10-18_UTC.ES-TM_6.data with Adaptive Ghost logic...
FILE: TRADEACTIVITYLOG_2024-11-07_UTC.IPS_TM_6.DATA | ACC: IPS_TM_6 | SYMBOL: NQZ24 | RAW: 206 | FILLS: 103
DEBUG: Running _parse_file_nitro on C:\Model-\TradeActivityLogs-tm_6\TradeActivityLog_2024-11-07_UTC.TM_6.data with Adaptive Ghost logic...
FILE: TRADEACTIVITYLOG_2025-03-01_UTC.ES-TM_6.DATA | ACC: ES-TM_6 | SYMBOL: ES | RAW: 0 | FILLS: 0
FILE: TRADEACTIVITYLOG_2025-02-10_UTC.TM_6.DATA | ACC: TM_6 | SYMBOL: NQH25 | RAW: 106 | FILLS: 53
DEBUG: Running _parse_file_nitro on C:\Model-\TradeActivityLogs-tm_6\TradeActivityLog_2025-03-01_UTC.IPS_TM_6.data with Adaptive Ghost logic...
DEBUG: Running _parse_file_nitro on C:\Model-\TradeActivityLogs-tm_6\TradeActivityLog_2025-02-11_UTC.ES-IPS_TM_6.data with Adaptive Ghost logic...
FILE: TRADEACTIVITYLOG_2025-01-22_UTC.IPS_TM_6.DATA | ACC: IPS_TM_6 | SYMBOL: NQH25 | RAW: 182 | FILLS: 91
DEBUG: Running _parse_file_nitro on C:\Model-\TradeActivityLogs-tm_6\TradeActivityLog_2025-01-22_UTC.TM_6.data with Adaptive Ghost logic...
FILE: TRADEACTIVITYLOG_2024-12-18_UTC.CL-TM_6.DATA | ACC: CL-TM_6 | SYMBOL: CL | RAW: 0 | FILLS: 0
DEBUG: Running _parse_file_nitro on C:\Model-\TradeActivityLogs-tm_6\TradeActivityLog_2024-12-18_UTC.ES-IPS_TM_6.data with Adaptive Ghost logic...
FILE: TRADEACTIVITYLOG_2024-11-26_UTC.ES-IPS_TM_6.DATA | ACC: ES-IPS_TM_6 | SYMBOL: ESZ24 | RAW: 52 | FILLS: 26
DEBUG: Running _parse_file_nitro on C:\Model-\TradeActivityLogs-tm_6\TradeActivityLog_2024-11-26_UTC.ES-TM_6.data with Adaptive Ghost logic...
FILE: TRADEACTIVITYLOG_2025-03-18_UTC.IPS_TM_6.DATA | ACC: IPS_TM_6 | SYMBOL: NQM25 | RAW: 160 | FILLS: 80
DEBUG: Running _parse_file_nitro on C:\Model-\TradeActivityLogs-tm_6\TradeActivityLog_2025-03-18_UTC.TM_6.data with Adaptive Ghost logic...
FILE: TRADEACTIVITYLOG_2025-03-01_UTC.IPS_TM_6.DATA | ACC: IPS_TM_6 | SYMBOL: Unknown | RAW: 0 | FILLS: 0
DEBUG: Running _parse_file_nitro on C:\Model-\TradeActivityLogs-tm_6\TradeActivityLog_2025-03-01_UTC.TM_6.data with Adaptive Ghost logic...
FILE: TRADEACTIVITYLOG_2025-02-11_UTC.ES-IPS_TM_6.DATA | ACC: ES-IPS_TM_6 | SYMBOL: ESH25 | RAW: 60 | FILLS: 30
FILE: TRADEACTIVITYLOG_2024-10-18_UTC.ES-TM_6.DATA | ACC: ES-TM_6 | SYMBOL: ESZ24 | RAW: 50 | FILLS: 25
DEBUG: Running _parse_file_nitro on C:\Model-\TradeActivityLogs-tm_6\TradeActivityLog_2025-02-11_UTC.ES-TM_6.data with Adaptive Ghost logic...
DEBUG: Running _parse_file_nitro on C:\Model-\TradeActivityLogs-tm_6\TradeActivityLog_2024-10-18_UTC.IPS_TM_6.data with Adaptive Ghost logic...
FILE: TRADEACTIVITYLOG_2024-11-26_UTC.ES-TM_6.DATA | ACC: ES-TM_6 | SYMBOL: ESZ24 | RAW: 52 | FILLS: 26
DEBUG: Running _parse_file_nitro on C:\Model-\TradeActivityLogs-tm_6\TradeActivityLog_2024-11-26_UTC.IPS_TM_6.data with Adaptive Ghost logic...
FILE: TRADEACTIVITYLOG_2025-03-01_UTC.TM_6.DATA | ACC: TM_6 | SYMBOL: Unknown | RAW: 0 | FILLS: 0
DEBUG: Running _parse_file_nitro on C:\Model-\TradeActivityLogs-tm_6\TradeActivityLog_2025-03-01_UTC.ZB-IPS_TM_6.data with Adaptive Ghost logic...
FILE: TRADEACTIVITYLOG_2024-11-07_UTC.TM_6.DATA | ACC: TM_6 | SYMBOL: NQZ24 | RAW: 198 | FILLS: 99
FILE: TRADEACTIVITYLOG_2025-01-22_UTC.TM_6.DATA | ACC: TM_6 | SYMBOL: NQH25 | RAW: 182 | FILLS: 91
DEBUG: Running _parse_file_nitro on C:\Model-\TradeActivityLogs-tm_6\TradeActivityLog_2024-11-08_UTC.ES-IPS_TM_6.data with Adaptive Ghost logic...
FILE: TRADEACTIVITYLOG_2025-02-11_UTC.ES-TM_6.DATA | ACC: ES-TM_6 | SYMBOL: ESH25 | RAW: 60 | FILLS: 30
DEBUG: Running _parse_file_nitro on C:\Model-\TradeActivityLogs-tm_6\TradeActivityLog_2025-02-11_UTC.IPS_TM_6.data with Adaptive Ghost logic...
FILE: TRADEACTIVITYLOG_2025-01-03_UTC.TM_6.DATA | ACC: TM_6 | SYMBOL: NQH25 | RAW: 224 | FILLS: 112
DEBUG: Running _parse_file_nitro on C:\Model-\TradeActivityLogs-tm_6\TradeActivityLog_2025-01-05_UTC.IPS_TM_6.data with Adaptive Ghost logic...
FILE: TRADEACTIVITYLOG_2025-03-18_UTC.TM_6.DATA | ACC: TM_6 | SYMBOL: NQM25 | RAW: 158 | FILLS: 79
DEBUG: Running _parse_file_nitro on C:\Model-\TradeActivityLogs-tm_6\TradeActivityLog_2025-03-19_UTC.CL-IPS_TM_6.data with Adaptive Ghost logic...
FILE: TRADEACTIVITYLOG_2024-12-18_UTC.ES-IPS_TM_6.DATA | ACC: ES-IPS_TM_6 | SYMBOL: ESH25 | RAW: 106 | FILLS: 59
DEBUG: Running _parse_file_nitro on C:\Model-\TradeActivityLogs-tm_6\TradeActivityLog_2024-12-18_UTC.ES-TM_6.data with Adaptive Ghost logic...
FILE: TRADEACTIVITYLOG_2025-03-01_UTC.ZB-IPS_TM_6.DATA | ACC: ZB-IPS_TM_6 | SYMBOL: Unknown | RAW: 0 | FILLS: 0
DEBUG: Running _parse_file_nitro on C:\Model-\TradeActivityLogs-tm_6\TradeActivityLog_2025-03-01_UTC.ZB-TM_6.data with Adaptive Ghost logic...
FILE: TRADEACTIVITYLOG_2025-01-22_UTC.ZB-IPS_TM_6.DATA | ACC: ZB-IPS_TM_6 | SYMBOL: Unknown | RAW: 0 | FILLS: 0
DEBUG: Running _parse_file_nitro on C:\Model-\TradeActivityLogs-tm_6\TradeActivityLog_2025-01-22_UTC.ZB-TM_6.data with Adaptive Ghost logic...
FILE: TRADEACTIVITYLOG_2025-01-05_UTC.IPS_TM_6.DATA | ACC: IPS_TM_6 | SYMBOL: CLG25 | RAW: 4 | FILLS: 2
DEBUG: Running _parse_file_nitro on C:\Model-\TradeActivityLogs-tm_6\TradeActivityLog_2025-01-05_UTC.TM_6.data with Adaptive Ghost logic...
FILE: TRADEACTIVITYLOG_2025-03-19_UTC.CL-IPS_TM_6.DATA | ACC: CL-IPS_TM_6 | SYMBOL: CL | RAW: 0 | FILLS: 0
DEBUG: Running _parse_file_nitro on C:\Model-\TradeActivityLogs-tm_6\TradeActivityLog_2025-03-19_UTC.CL-TM_6.data with Adaptive Ghost logic...
FILE: TRADEACTIVITYLOG_2024-11-08_UTC.ES-IPS_TM_6.DATA | ACC: ES-IPS_TM_6 | SYMBOL: ESZ24 | RAW: 34 | FILLS: 17
DEBUG: Running _parse_file_nitro on C:\Model-\TradeActivityLogs-tm_6\TradeActivityLog_2024-11-08_UTC.ES-TM_6.data with Adaptive Ghost logic...
FILE: TRADEACTIVITYLOG_2024-10-18_UTC.IPS_TM_6.DATA | ACC: IPS_TM_6 | SYMBOL: NQZ24 | RAW: 188 | FILLS: 94
DEBUG: Running _parse_file_nitro on C:\Model-\TradeActivityLogs-tm_6\TradeActivityLog_2024-10-18_UTC.TM_6.data with Adaptive Ghost logic...
FILE: TRADEACTIVITYLOG_2025-03-01_UTC.ZB-TM_6.DATA | ACC: ZB-TM_6 | SYMBOL: Unknown | RAW: 0 | FILLS: 0
DEBUG: Running _parse_file_nitro on C:\Model-\TradeActivityLogs-tm_6\TradeActivityLog_2025-03-02_UTC.ES-IPS_TM_6.data with Adaptive Ghost logic...
FILE: TRADEACTIVITYLOG_2025-01-05_UTC.TM_6.DATA | ACC: TM_6 | SYMBOL: CLG25 | RAW: 4 | FILLS: 2
FILE: TRADEACTIVITYLOG_2024-11-26_UTC.IPS_TM_6.DATA | ACC: IPS_TM_6 | SYMBOL: NQZ24 | RAW: 240 | FILLS: 120
FILE: TRADEACTIVITYLOG_2025-01-22_UTC.ZB-TM_6.DATA | ACC: ZB-TM_6 | SYMBOL: Unknown | RAW: 0 | FILLS: 0
FILE: TRADEACTIVITYLOG_2025-02-11_UTC.IPS_TM_6.DATA | ACC: IPS_TM_6 | SYMBOL: NQH25 | RAW: 166 | FILLS: 83
DEBUG: Running _parse_file_nitro on C:\Model-\TradeActivityLogs-tm_6\TradeActivityLog_2025-01-06_UTC.ES-IPS_TM_6.data with Adaptive Ghost logic...
DEBUG: Running _parse_file_nitro on C:\Model-\TradeActivityLogs-tm_6\TradeActivityLog_2025-01-23_UTC.ES-IPS_TM_6.data with Adaptive Ghost logic...
DEBUG: Running _parse_file_nitro on C:\Model-\TradeActivityLogs-tm_6\TradeActivityLog_2025-02-11_UTC.TM_6.data with Adaptive Ghost logic...
FILE: TRADEACTIVITYLOG_2025-03-19_UTC.CL-TM_6.DATA | ACC: CL-TM_6 | SYMBOL: CL | RAW: 0 | FILLS: 0
FILE: TRADEACTIVITYLOG_2024-12-18_UTC.ES-TM_6.DATA | ACC: ES-TM_6 | SYMBOL: ESH25 | RAW: 58 | FILLS: 32
DEBUG: Running _parse_file_nitro on C:\Model-\TradeActivityLogs-tm_6\TradeActivityLog_2024-12-18_UTC.IPS_TM_6.data with Adaptive Ghost logic...
.
FILE: TRADEACTIVITYLOG_2024-11-08_UTC.ES-TM_6.DATA | ACC: ES-TM_6 | SYMBOL: ESZ24 | RAW: 34 | FILLS: 17
DEBUG: Running _parse_file_nitro on C:\Model-\TradeActivityLogs-tm_6\TradeActivityLog_2024-11-08_UTC.IPS_TM_6.data with Adaptive Ghost logic...
FILE: TRADEACTIVITYLOG_2025-03-02_UTC.ES-IPS_TM_6.DATA | ACC: ES-IPS_TM_6 | SYMBOL: ESH25 | RAW: 6 | FILLS: 3
DEBUG: Running _parse_file_nitro on C:\Model-\TradeActivityLogs-tm_6\TradeActivityLog_2025-03-02_UTC.ES-TM_6.data with Adaptive Ghost logic...
FILE: TRADEACTIVITYLOG_2025-01-06_UTC.ES-IPS_TM_6.DATA | ACC: ES-IPS_TM_6 | SYMBOL: ESH25 | RAW: 56 | FILLS: 28
DEBUG: Running _parse_file_nitro on C:\Model-\TradeActivityLogs-tm_6\TradeActivityLog_2025-01-06_UTC.ES-TM_6.data with Adaptive Ghost logic...
FILE: TRADEACTIVITYLOG_2025-03-02_UTC.ES-TM_6.DATA | ACC: ES-TM_6 | SYMBOL: ESH25 | RAW: 6 | FILLS: 3
DEBUG: Running _parse_file_nitro on C:\Model-\TradeActivityLogs-tm_6\TradeActivityLog_2025-03-02_UTC.IPS_TM_6.data with Adaptive Ghost logic...
FILE: TRADEACTIVITYLOG_2025-03-19_UTC.ES-IPS_TM_6.DATA | ACC: ES-IPS_TM_6 | SYMBOL: ESM25 | RAW: 16 | FILLS: 8
FILE: TRADEACTIVITYLOG_2024-10-18_UTC.TM_6.DATA | ACC: TM_6 | SYMBOL: NQZ24 | RAW: 184 | FILLS: 92
DEBUG: Running _parse_file_nitro on C:\Model-\TradeActivityLogs-tm_6\TradeActivityLog_2025-03-19_UTC.ES-TM_6.data with Adaptive Ghost logic...
DEBUG: Running _parse_file_nitro on C:\Model-\TradeActivityLogs-tm_6\TradeActivityLog_2024-10-20_UTC.IPS_TM_6.data with Adaptive Ghost logic...
FILE: TRADEACTIVITYLOG_2025-01-23_UTC.ES-IPS_TM_6.DATA | ACC: ES-IPS_TM_6 | SYMBOL: ESH25 | RAW: 36 | FILLS: 18
DEBUG: Running _parse_file_nitro on C:\Model-\TradeActivityLogs-tm_6\TradeActivityLog_2025-01-23_UTC.ES-TM_6.data with Adaptive Ghost logic...
FILE: TRADEACTIVITYLOG_2025-02-11_UTC.TM_6.DATA | ACC: TM_6 | SYMBOL: NQH25 | RAW: 166 | FILLS: 83
DEBUG: Running _parse_file_nitro on C:\Model-\TradeActivityLogs-tm_6\TradeActivityLog_2025-02-12_UTC.ES-IPS_TM_6.data with Adaptive Ghost logic...
FILE: TRADEACTIVITYLOG_2025-01-06_UTC.ES-TM_6.DATA | ACC: ES-TM_6 | SYMBOL: ESH25 | RAW: 56 | FILLS: 28
DEBUG: Running _parse_file_nitro on C:\Model-\TradeActivityLogs-tm_6\TradeActivityLog_2025-01-06_UTC.IPS_TM_6.data with Adaptive Ghost logic...
FILE: TRADEACTIVITYLOG_2025-03-02_UTC.IPS_TM_6.DATA | ACC: IPS_TM_6 | SYMBOL: NQH25 | RAW: 4 | FILLS: 2
DEBUG: Running _parse_file_nitro on C:\Model-\TradeActivityLogs-tm_6\TradeActivityLog_2025-03-02_UTC.TM_6.data with Adaptive Ghost logic...
FILE: TRADEACTIVITYLOG_2024-11-26_UTC.TM_6.DATA | ACC: TM_6 | SYMBOL: NQZ24 | RAW: 242 | FILLS: 121
DEBUG: Running _parse_file_nitro on C:\Model-\TradeActivityLogs-tm_6\TradeActivityLog_2024-11-27_UTC.ES-IPS_TM_6.data with Adaptive Ghost logic...
FILE: TRADEACTIVITYLOG_2024-10-20_UTC.IPS_TM_6.DATA | ACC: IPS_TM_6 | SYMBOL: NQZ24 | RAW: 8 | FILLS: 4
DEBUG: Running _parse_file_nitro on C:\Model-\TradeActivityLogs-tm_6\TradeActivityLog_2024-10-20_UTC.TM_6.data with Adaptive Ghost logic...
FILE: TRADEACTIVITYLOG_2025-03-19_UTC.ES-TM_6.DATA | ACC: ES-TM_6 | SYMBOL: ESM25 | RAW: 16 | FILLS: 8
DEBUG: Running _parse_file_nitro on C:\Model-\TradeActivityLogs-tm_6\TradeActivityLog_2025-03-19_UTC.IPS_TM_6.data with Adaptive Ghost logic...
FILE: TRADEACTIVITYLOG_2025-01-23_UTC.ES-TM_6.DATA | ACC: ES-TM_6 | SYMBOL: ESH25 | RAW: 36 | FILLS: 18
DEBUG: Running _parse_file_nitro on C:\Model-\TradeActivityLogs-tm_6\TradeActivityLog_2025-01-23_UTC.IPS_TM_6.data with Adaptive Ghost logic...
FILE: TRADEACTIVITYLOG_2024-11-08_UTC.IPS_TM_6.DATA | ACC: IPS_TM_6 | SYMBOL: NQZ24 | RAW: 214 | FILLS: 107
DEBUG: Running _parse_file_nitro on C:\Model-\TradeActivityLogs-tm_6\TradeActivityLog_2024-11-08_UTC.TM_6.data with Adaptive Ghost logic...
FILE: TRADEACTIVITYLOG_2025-02-12_UTC.ES-IPS_TM_6.DATA | ACC: ES-IPS_TM_6 | SYMBOL: ESH25 | RAW: 54 | FILLS: 27
FILE: TRADEACTIVITYLOG_2025-03-02_UTC.TM_6.DATA | ACC: TM_6 | SYMBOL: NQH25 | RAW: 4 | FILLS: 2
DEBUG: Running _parse_file_nitro on C:\Model-\TradeActivityLogs-tm_6\TradeActivityLog_2025-02-12_UTC.ES-TM_6.data with Adaptive Ghost logic...
DEBUG: Running _parse_file_nitro on C:\Model-\TradeActivityLogs-tm_6\TradeActivityLog_2025-03-03_UTC.ES-IPS_TM_6.data with Adaptive Ghost logic...
FILE: TRADEACTIVITYLOG_2024-10-20_UTC.TM_6.DATA | ACC: TM_6 | SYMBOL: NQZ24 | RAW: 8 | FILLS: 4
DEBUG: Running _parse_file_nitro on C:\Model-\TradeActivityLogs-tm_6\TradeActivityLog_2024-10-21_UTC.CL-IPS_TM_6.data with Adaptive Ghost logic...
FILE: TRADEACTIVITYLOG_2024-11-27_UTC.ES-IPS_TM_6.DATA | ACC: ES-IPS_TM_6 | SYMBOL: ESZ24 | RAW: 68 | FILLS: 34
DEBUG: Running _parse_file_nitro on C:\Model-\TradeActivityLogs-tm_6\TradeActivityLog_2024-11-27_UTC.ES-TM_6.data with Adaptive Ghost logic...
FILE: TRADEACTIVITYLOG_2024-10-21_UTC.CL-IPS_TM_6.DATA | ACC: CL-IPS_TM_6 | SYMBOL: CL | RAW: 0 | FILLS: 0
DEBUG: Running _parse_file_nitro on C:\Model-\TradeActivityLogs-tm_6\TradeActivityLog_2024-10-21_UTC.CL-TM_6.data with Adaptive Ghost logic...
FILE: TRADEACTIVITYLOG_2025-01-06_UTC.IPS_TM_6.DATA | ACC: IPS_TM_6 | SYMBOL: NQH25 | RAW: 272 | FILLS: 136
DEBUG: Running _parse_file_nitro on C:\Model-\TradeActivityLogs-tm_6\TradeActivityLog_2025-01-06_UTC.TM_6.data with Adaptive Ghost logic...
FILE: TRADEACTIVITYLOG_2025-02-12_UTC.ES-TM_6.DATA | ACC: ES-TM_6 | SYMBOL: ESH25 | RAW: 58 | FILLS: 29
FILE: TRADEACTIVITYLOG_2024-12-18_UTC.IPS_TM_6.DATA | ACC: IPS_TM_6 | SYMBOL: NQH25 | RAW: 325 | FILLS: 184
DEBUG: Running _parse_file_nitro on C:\Model-\TradeActivityLogs-tm_6\TradeActivityLog_2025-02-12_UTC.IPS_TM_6.data with Adaptive Ghost logic...
DEBUG: Running _parse_file_nitro on C:\Model-\TradeActivityLogs-tm_6\TradeActivityLog_2024-12-18_UTC.TM_6.data with Adaptive Ghost logic...
FILE: TRADEACTIVITYLOG_2024-11-27_UTC.ES-TM_6.DATA | ACC: ES-TM_6 | SYMBOL: ESZ24 | RAW: 68 | FILLS: 34
DEBUG: Running _parse_file_nitro on C:\Model-\TradeActivityLogs-tm_6\TradeActivityLog_2024-11-27_UTC.IPS_TM_6.data with Adaptive Ghost logic...
FILE: TRADEACTIVITYLOG_2025-03-19_UTC.IPS_TM_6.DATA | ACC: IPS_TM_6 | SYMBOL: NQM25 | RAW: 216 | FILLS: 108
DEBUG: Running _parse_file_nitro on C:\Model-\TradeActivityLogs-tm_6\TradeActivityLog_2025-03-19_UTC.TM_6.data with Adaptive Ghost logic...
FILE: TRADEACTIVITYLOG_2024-10-21_UTC.CL-TM_6.DATA | ACC: CL-TM_6 | SYMBOL: CL | RAW: 0 | FILLS: 0
FILE: TRADEACTIVITYLOG_2025-01-23_UTC.IPS_TM_6.DATA | ACC: IPS_TM_6 | SYMBOL: NQH25 | RAW: 208 | FILLS: 104
DEBUG: Running _parse_file_nitro on C:\Model-\TradeActivityLogs-tm_6\TradeActivityLog_2024-10-21_UTC.ES-IPS_TM_6.data with Adaptive Ghost logic...
DEBUG: Running _parse_file_nitro on C:\Model-\TradeActivityLogs-tm_6\TradeActivityLog_2025-01-23_UTC.TM_6.data with Adaptive Ghost logic...
FILE: TRADEACTIVITYLOG_2025-03-03_UTC.ES-IPS_TM_6.DATA | ACC: ES-IPS_TM_6 | SYMBOL: ESH25 | RAW: 132 | FILLS: 66
DEBUG: Running _parse_file_nitro on C:\Model-\TradeActivityLogs-tm_6\TradeActivityLog_2025-03-03_UTC.ES-TM_6.data with Adaptive Ghost logic...
FILE: TRADEACTIVITYLOG_2024-11-08_UTC.TM_6.DATA | ACC: TM_6 | SYMBOL: NQZ24 | RAW: 220 | FILLS: 110
DEBUG: Running _parse_file_nitro on C:\Model-\TradeActivityLogs-tm_6\TradeActivityLog_2024-11-10_UTC.CL-IPS_TM_6.data with Adaptive Ghost logic...
FILE: TRADEACTIVITYLOG_2024-11-10_UTC.CL-IPS_TM_6.DATA | ACC: CL-IPS_TM_6 | SYMBOL: CL | RAW: 0 | FILLS: 0
DEBUG: Running _parse_file_nitro on C:\Model-\TradeActivityLogs-tm_6\TradeActivityLog_2024-11-10_UTC.CL-TM_6.data with Adaptive Ghost logic...
FILE: TRADEACTIVITYLOG_2024-10-21_UTC.ES-IPS_TM_6.DATA | ACC: ES-IPS_TM_6 | SYMBOL: ESZ24 | RAW: 66 | FILLS: 33
DEBUG: Running _parse_file_nitro on C:\Model-\TradeActivityLogs-tm_6\TradeActivityLog_2024-10-21_UTC.ES-TM_6.data with Adaptive Ghost logic...
FILE: TRADEACTIVITYLOG_2024-11-10_UTC.CL-TM_6.DATA | ACC: CL-TM_6 | SYMBOL: CL | RAW: 0 | FILLS: 0
DEBUG: Running _parse_file_nitro on C:\Model-\TradeActivityLogs-tm_6\TradeActivityLog_2024-11-10_UTC.ES-IPS_TM_6.data with Adaptive Ghost logic...
FILE: TRADEACTIVITYLOG_2025-03-03_UTC.ES-TM_6.DATA | ACC: ES-TM_6 | SYMBOL: ESH25 | RAW: 136 | FILLS: 68
DEBUG: Running _parse_file_nitro on C:\Model-\TradeActivityLogs-tm_6\TradeActivityLog_2025-03-03_UTC.IPS_TM_6.data with Adaptive Ghost logic...
FILE: TRADEACTIVITYLOG_2024-11-27_UTC.IPS_TM_6.DATA | ACC: IPS_TM_6 | SYMBOL: NQZ24 | RAW: 202 | FILLS: 101
DEBUG: Running _parse_file_nitro on C:\Model-\TradeActivityLogs-tm_6\TradeActivityLog_2024-11-27_UTC.TM_6.data with Adaptive Ghost logic...
FILE: TRADEACTIVITYLOG_2025-01-06_UTC.TM_6.DATA | ACC: TM_6 | SYMBOL: NQH25 | RAW: 278 | FILLS: 139
DEBUG: Running _parse_file_nitro on C:\Model-\TradeActivityLogs-tm_6\TradeActivityLog_2025-01-07_UTC.ES-IPS_TM_6.data with Adaptive Ghost logic...
FILE: TRADEACTIVITYLOG_2025-02-12_UTC.IPS_TM_6.DATA | ACC: IPS_TM_6 | SYMBOL: NQH25 | RAW: 218 | FILLS: 109
DEBUG: Running _parse_file_nitro on C:\Model-\TradeActivityLogs-tm_6\TradeActivityLog_2025-02-12_UTC.TM_6.data with Adaptive Ghost logic...
FILE: TRADEACTIVITYLOG_2025-03-19_UTC.TM_6.DATA | ACC: TM_6 | SYMBOL: NQM25 | RAW: 226 | FILLS: 113
DEBUG: Running _parse_file_nitro on C:\Model-\TradeActivityLogs-tm_6\TradeActivityLog_2025-03-19_UTC.ZB-IPS_TM_6.data with Adaptive Ghost logic...
FILE: TRADEACTIVITYLOG_2025-01-23_UTC.TM_6.DATA | ACC: TM_6 | SYMBOL: NQH25 | RAW: 214 | FILLS: 107
DEBUG: Running _parse_file_nitro on C:\Model-\TradeActivityLogs-tm_6\TradeActivityLog_2025-01-24_UTC.ES-IPS_TM_6.data with Adaptive Ghost logic...
FILE: TRADEACTIVITYLOG_2024-11-10_UTC.ES-IPS_TM_6.DATA | ACC: ES-IPS_TM_6 | SYMBOL: ES | RAW: 0 | FILLS: 0
DEBUG: Running _parse_file_nitro on C:\Model-\TradeActivityLogs-tm_6\TradeActivityLog_2024-11-10_UTC.ES-TM_6.data with Adaptive Ghost logic...
FILE: TRADEACTIVITYLOG_2024-10-21_UTC.ES-TM_6.DATA | ACC: ES-TM_6 | SYMBOL: ESZ24 | RAW: 64 | FILLS: 32
DEBUG: Running _parse_file_nitro on C:\Model-\TradeActivityLogs-tm_6\TradeActivityLog_2024-10-21_UTC.IPS_TM_6.data with Adaptive Ghost logic...
FILE: TRADEACTIVITYLOG_2025-03-19_UTC.ZB-IPS_TM_6.DATA | ACC: ZB-IPS_TM_6 | SYMBOL: Unknown | RAW: 0 | FILLS: 0
DEBUG: Running _parse_file_nitro on C:\Model-\TradeActivityLogs-tm_6\TradeActivityLog_2025-03-19_UTC.ZB-TM_6.data with Adaptive Ghost logic...
FILE: TRADEACTIVITYLOG_2024-11-10_UTC.ES-TM_6.DATA | ACC: ES-TM_6 | SYMBOL: ES | RAW: 0 | FILLS: 0
DEBUG: Running _parse_file_nitro on C:\Model-\TradeActivityLogs-tm_6\TradeActivityLog_2024-11-10_UTC.IPS_TM_6.data with Adaptive Ghost logic...
FILE: TRADEACTIVITYLOG_2024-12-18_UTC.TM_6.DATA | ACC: TM_6 | SYMBOL: NQH25 | RAW: 285 | FILLS: 162
DEBUG: Running _parse_file_nitro on C:\Model-\TradeActivityLogs-tm_6\TradeActivityLog_2024-12-18_UTC.ZB-IPS_TM_6.data with Adaptive Ghost logic...
FILE: TRADEACTIVITYLOG_2025-01-07_UTC.ES-IPS_TM_6.DATA | ACC: ES-IPS_TM_6 | SYMBOL: ESH25 | RAW: 96 | FILLS: 48
DEBUG: Running _parse_file_nitro on C:\Model-\TradeActivityLogs-tm_6\TradeActivityLog_2025-01-07_UTC.ES-TM_6.data with Adaptive Ghost logic...
FILE: TRADEACTIVITYLOG_2025-01-24_UTC.ES-IPS_TM_6.DATA | ACC: ES-IPS_TM_6 | SYMBOL: ESH25 | RAW: 64 | FILLS: 32
DEBUG: Running _parse_file_nitro on C:\Model-\TradeActivityLogs-tm_6\TradeActivityLog_2025-01-24_UTC.ES-TM_6.data with Adaptive Ghost logic...
FILE: TRADEACTIVITYLOG_2024-11-27_UTC.TM_6.DATA | ACC: TM_6 | SYMBOL: NQZ24 | RAW: 198 | FILLS: 99
FILE: TRADEACTIVITYLOG_2025-03-19_UTC.ZB-TM_6.DATA | ACC: ZB-TM_6 | SYMBOL: Unknown | RAW: 0 | FILLS: 0
DEBUG: Running _parse_file_nitro on C:\Model-\TradeActivityLogs-tm_6\TradeActivityLog_2024-11-28_UTC.ES-IPS_TM_6.data with Adaptive Ghost logic...
DEBUG: Running _parse_file_nitro on C:\Model-\TradeActivityLogs-tm_6\TradeActivityLog_2025-03-20_UTC.ES-IPS_TM_6.data with Adaptive Ghost logic...
FILE: TRADEACTIVITYLOG_2025-03-03_UTC.IPS_TM_6.DATA | ACC: IPS_TM_6 | SYMBOL: NQH25 | RAW: 256 | FILLS: 128
DEBUG: Running _parse_file_nitro on C:\Model-\TradeActivityLogs-tm_6\TradeActivityLog_2025-03-03_UTC.TM_6.data with Adaptive Ghost logic...
FILE: TRADEACTIVITYLOG_2024-12-18_UTC.ZB-IPS_TM_6.DATA | ACC: ZB-IPS_TM_6 | SYMBOL: Unknown | RAW: 0 | FILLS: 0
DEBUG: Running _parse_file_nitro on C:\Model-\TradeActivityLogs-tm_6\TradeActivityLog_2024-12-18_UTC.ZB-TM_6.data with Adaptive Ghost logic...
FILE: TRADEACTIVITYLOG_2024-11-10_UTC.IPS_TM_6.DATA | ACC: IPS_TM_6 | SYMBOL: NQZ24 | RAW: 2 | FILLS: 1
DEBUG: Running _parse_file_nitro on C:\Model-\TradeActivityLogs-tm_6\TradeActivityLog_2024-11-10_UTC.TM_6.data with Adaptive Ghost logic...
FILE: TRADEACTIVITYLOG_2025-02-12_UTC.TM_6.DATA | ACC: TM_6 | SYMBOL: NQH25 | RAW: 218 | FILLS: 109
DEBUG: Running _parse_file_nitro on C:\Model-\TradeActivityLogs-tm_6\TradeActivityLog_2025-02-13_UTC.ES-IPS_TM_6.data with Adaptive Ghost logic...
FILE: TRADEACTIVITYLOG_2025-01-24_UTC.ES-TM_6.DATA | ACC: ES-TM_6 | SYMBOL: ESH25 | RAW: 60 | FILLS: 30
DEBUG: Running _parse_file_nitro on C:\Model-\TradeActivityLogs-tm_6\TradeActivityLog_2025-01-24_UTC.IPS_TM_6.data with Adaptive Ghost logic...
FILE: TRADEACTIVITYLOG_2025-01-07_UTC.ES-TM_6.DATA | ACC: ES-TM_6 | SYMBOL: ESH25 | RAW: 92 | FILLS: 46
DEBUG: Running _parse_file_nitro on C:\Model-\TradeActivityLogs-tm_6\TradeActivityLog_2025-01-07_UTC.IPS_TM_6.data with Adaptive Ghost logic...
FILE: TRADEACTIVITYLOG_2024-11-28_UTC.ES-IPS_TM_6.DATA | ACC: ES-IPS_TM_6 | SYMBOL: ESZ24 | RAW: 0 | FILLS: 0
DEBUG: Running _parse_file_nitro on C:\Model-\TradeActivityLogs-tm_6\TradeActivityLog_2024-11-28_UTC.IPS_TM_6.data with Adaptive Ghost logic...
FILE: TRADEACTIVITYLOG_2024-10-21_UTC.IPS_TM_6.DATA | ACC: IPS_TM_6 | SYMBOL: NQZ24 | RAW: 234 | FILLS: 117
FILE: TRADEACTIVITYLOG_2024-12-18_UTC.ZB-TM_6.DATA | ACC: ZB-TM_6 | SYMBOL: Unknown | RAW: 0 | FILLS: 0
DEBUG: Running _parse_file_nitro on C:\Model-\TradeActivityLogs-tm_6\TradeActivityLog_2024-12-19_UTC.ES-IPS_TM_6.data with Adaptive Ghost logic...
DEBUG: Running _parse_file_nitro on C:\Model-\TradeActivityLogs-tm_6\TradeActivityLog_2024-10-21_UTC.TM_6.data with Adaptive Ghost logic...
FILE: TRADEACTIVITYLOG_2025-03-20_UTC.ES-IPS_TM_6.DATA | ACC: ES-IPS_TM_6 | SYMBOL: ESH25 | RAW: 112 | FILLS: 56
DEBUG: Running _parse_file_nitro on C:\Model-\TradeActivityLogs-tm_6\TradeActivityLog_2025-03-20_UTC.ES-TM_6.data with Adaptive Ghost logic...
FILE: TRADEACTIVITYLOG_2024-11-10_UTC.TM_6.DATA | ACC: TM_6 | SYMBOL: NQZ24 | RAW: 2 | FILLS: 1
DEBUG: Running _parse_file_nitro on C:\Model-\TradeActivityLogs-tm_6\TradeActivityLog_2024-11-10_UTC.ZB-IPS_TM_6.data with Adaptive Ghost logic...
FILE: TRADEACTIVITYLOG_2024-11-28_UTC.IPS_TM_6.DATA | ACC: IPS_TM_6 | SYMBOL: NQZ24 | RAW: 38 | FILLS: 19
DEBUG: Running _parse_file_nitro on C:\Model-\TradeActivityLogs-tm_6\TradeActivityLog_2024-11-28_UTC.TM_6.data with Adaptive Ghost logic...
FILE: TRADEACTIVITYLOG_2024-11-10_UTC.ZB-IPS_TM_6.DATA | ACC: ZB-IPS_TM_6 | SYMBOL: Unknown | RAW: 0 | FILLS: 0
DEBUG: Running _parse_file_nitro on C:\Model-\TradeActivityLogs-tm_6\TradeActivityLog_2024-11-10_UTC.ZB-TM_6.data with Adaptive Ghost logic...
FILE: TRADEACTIVITYLOG_2025-02-13_UTC.ES-IPS_TM_6.DATA | ACC: ES-IPS_TM_6 | SYMBOL: ESH25 | RAW: 74 | FILLS: 37
DEBUG: Running _parse_file_nitro on C:\Model-\TradeActivityLogs-tm_6\TradeActivityLog_2025-02-13_UTC.ES-TM_6.data with Adaptive Ghost logic...
FILE: TRADEACTIVITYLOG_2025-03-03_UTC.TM_6.DATA | ACC: TM_6 | SYMBOL: NQH25 | RAW: 238 | FILLS: 119
DEBUG: Running _parse_file_nitro on C:\Model-\TradeActivityLogs-tm_6\TradeActivityLog_2025-03-04_UTC.CL-IPS_TM_6.data with Adaptive Ghost logic...
FILE: TRADEACTIVITYLOG_2025-03-20_UTC.ES-TM_6.DATA | ACC: ES-TM_6 | SYMBOL: ESH25 | RAW: 112 | FILLS: 57
DEBUG: Running _parse_file_nitro on C:\Model-\TradeActivityLogs-tm_6\TradeActivityLog_2025-03-20_UTC.IPS_TM_6.data with Adaptive Ghost logic...
FILE: TRADEACTIVITYLOG_2024-12-19_UTC.ES-IPS_TM_6.DATA | ACC: ES-IPS_TM_6 | SYMBOL: ESH25 | RAW: 124 | FILLS: 62
DEBUG: Running _parse_file_nitro on C:\Model-\TradeActivityLogs-tm_6\TradeActivityLog_2024-12-19_UTC.ES-TM_6.data with Adaptive Ghost logic...
FILE: TRADEACTIVITYLOG_2024-11-10_UTC.ZB-TM_6.DATA | ACC: ZB-TM_6 | SYMBOL: Unknown | RAW: 0 | FILLS: 0
DEBUG: Running _parse_file_nitro on C:\Model-\TradeActivityLogs-tm_6\TradeActivityLog_2024-11-11_UTC.CL-IPS_TM_6.data with Adaptive Ghost logic...
FILE: TRADEACTIVITYLOG_2025-01-24_UTC.IPS_TM_6.DATA | ACC: IPS_TM_6 | SYMBOL: NQH25 | RAW: 226 | FILLS: 113
DEBUG: Running _parse_file_nitro on C:\Model-\TradeActivityLogs-tm_6\TradeActivityLog_2025-01-24_UTC.TM_6.data with Adaptive Ghost logic...
FILE: TRADEACTIVITYLOG_2025-03-04_UTC.CL-IPS_TM_6.DATA | ACC: CL-IPS_TM_6 | SYMBOL: CL | RAW: 0 | FILLS: 0
DEBUG: Running _parse_file_nitro on C:\Model-\TradeActivityLogs-tm_6\TradeActivityLog_2025-03-04_UTC.CL-TM_6.data with Adaptive Ghost logic...
FILE: TRADEACTIVITYLOG_2024-11-28_UTC.TM_6.DATA | ACC: TM_6 | SYMBOL: NQZ24 | RAW: 38 | FILLS: 19
FILE: TRADEACTIVITYLOG_2025-01-07_UTC.IPS_TM_6.DATA | ACC: IPS_TM_6 | SYMBOL: NQH25 | RAW: 228 | FILLS: 114
DEBUG: Running _parse_file_nitro on C:\Model-\TradeActivityLogs-tm_6\TradeActivityLog_2025-01-07_UTC.TM_6.data with Adaptive Ghost logic...
DEBUG: Running _parse_file_nitro on C:\Model-\TradeActivityLogs-tm_6\TradeActivityLog_2024-11-29_UTC.ES-IPS_TM_6.data with Adaptive Ghost logic...
FILE: TRADEACTIVITYLOG_2024-10-21_UTC.TM_6.DATA | ACC: TM_6 | SYMBOL: NQZ24 | RAW: 234 | FILLS: 117
DEBUG: Running _parse_file_nitro on C:\Model-\TradeActivityLogs-tm_6\TradeActivityLog_2024-10-21_UTC.ZB-IPS_TM_6.data with Adaptive Ghost logic...
FILE: TRADEACTIVITYLOG_2025-02-13_UTC.ES-TM_6.DATA | ACC: ES-TM_6 | SYMBOL: ESH25 | RAW: 70 | FILLS: 35
DEBUG: Running _parse_file_nitro on C:\Model-\TradeActivityLogs-tm_6\TradeActivityLog_2025-02-13_UTC.IPS_TM_6.data with Adaptive Ghost logic...
FILE: TRADEACTIVITYLOG_2024-11-11_UTC.CL-IPS_TM_6.DATA | ACC: CL-IPS_TM_6 | SYMBOL: CL | RAW: 0 | FILLS: 0
DEBUG: Running _parse_file_nitro on C:\Model-\TradeActivityLogs-tm_6\TradeActivityLog_2024-11-11_UTC.CL-TM_6.data with Adaptive Ghost logic...
FILE: TRADEACTIVITYLOG_2025-03-04_UTC.CL-TM_6.DATA | ACC: CL-TM_6 | SYMBOL: CL | RAW: 0 | FILLS: 0
DEBUG: Running _parse_file_nitro on C:\Model-\TradeActivityLogs-tm_6\TradeActivityLog_2025-03-04_UTC.ES-IPS_TM_6.data with Adaptive Ghost logic...
FILE: TRADEACTIVITYLOG_2024-12-19_UTC.ES-TM_6.DATA | ACC: ES-TM_6 | SYMBOL: ESH25 | RAW: 128 | FILLS: 64
DEBUG: Running _parse_file_nitro on C:\Model-\TradeActivityLogs-tm_6\TradeActivityLog_2024-12-19_UTC.IPS_TM_6.data with Adaptive Ghost logic...
FILE: TRADEACTIVITYLOG_2025-03-20_UTC.IPS_TM_6.DATA | ACC: IPS_TM_6 | SYMBOL: NQM25 | RAW: 194 | FILLS: 97
DEBUG: Running _parse_file_nitro on C:\Model-\TradeActivityLogs-tm_6\TradeActivityLog_2025-03-20_UTC.TM_6.data with Adaptive Ghost logic...
FILE: TRADEACTIVITYLOG_2024-11-11_UTC.CL-TM_6.DATA | ACC: CL-TM_6 | SYMBOL: CL | RAW: 0 | FILLS: 0
DEBUG: Running _parse_file_nitro on C:\Model-\TradeActivityLogs-tm_6\TradeActivityLog_2024-11-11_UTC.ES-IPS_TM_6.data with Adaptive Ghost logic...
FILE: TRADEACTIVITYLOG_2024-11-29_UTC.ES-IPS_TM_6.DATA | ACC: ES-IPS_TM_6 | SYMBOL: ESZ24 | RAW: 36 | FILLS: 18
FILE: TRADEACTIVITYLOG_2024-10-21_UTC.ZB-IPS_TM_6.DATA | ACC: ZB-IPS_TM_6 | SYMBOL: Unknown | RAW: 0 | FILLS: 0
DEBUG: Running _parse_file_nitro on C:\Model-\TradeActivityLogs-tm_6\TradeActivityLog_2024-11-29_UTC.ES-TM_6.data with Adaptive Ghost logic...
DEBUG: Running _parse_file_nitro on C:\Model-\TradeActivityLogs-tm_6\TradeActivityLog_2024-10-21_UTC.ZB-TM_6.data with Adaptive Ghost logic...
FILE: TRADEACTIVITYLOG_2025-01-24_UTC.TM_6.DATA | ACC: TM_6 | SYMBOL: NQH25 | RAW: 222 | FILLS: 111
DEBUG: Running _parse_file_nitro on C:\Model-\TradeActivityLogs-tm_6\TradeActivityLog_2025-01-27_UTC.ES-IPS_TM_6.data with Adaptive Ghost logic...
FILE: TRADEACTIVITYLOG_2024-10-21_UTC.ZB-TM_6.DATA | ACC: ZB-TM_6 | SYMBOL: Unknown | RAW: 0 | FILLS: 0
DEBUG: Running _parse_file_nitro on C:\Model-\TradeActivityLogs-tm_6\TradeActivityLog_2024-10-22_UTC.ES-IPS_TM_6.data with Adaptive Ghost logic...
FILE: TRADEACTIVITYLOG_2025-03-04_UTC.ES-IPS_TM_6.DATA | ACC: ES-IPS_TM_6 | SYMBOL: ESH25 | RAW: 166 | FILLS: 83
DEBUG: Running _parse_file_nitro on C:\Model-\TradeActivityLogs-tm_6\TradeActivityLog_2025-03-04_UTC.ES-TM_6.data with Adaptive Ghost logic...
FILE: TRADEACTIVITYLOG_2025-01-07_UTC.TM_6.DATA | ACC: TM_6 | SYMBOL: NQH25 | RAW: 222 | FILLS: 111
DEBUG: Running _parse_file_nitro on C:\Model-\TradeActivityLogs-tm_6\TradeActivityLog_2025-01-08_UTC.ES-IPS_TM_6.data with Adaptive Ghost logic...
FILE: TRADEACTIVITYLOG_2024-11-11_UTC.ES-IPS_TM_6.DATA | ACC: ES-IPS_TM_6 | SYMBOL: ESZ24 | RAW: 58 | FILLS: 29
DEBUG: Running _parse_file_nitro on C:\Model-\TradeActivityLogs-tm_6\TradeActivityLog_2024-11-11_UTC.ES-TM_6.data with Adaptive Ghost logic...
FILE: TRADEACTIVITYLOG_2024-11-29_UTC.ES-TM_6.DATA | ACC: ES-TM_6 | SYMBOL: ESZ24 | RAW: 36 | FILLS: 18
DEBUG: Running _parse_file_nitro on C:\Model-\TradeActivityLogs-tm_6\TradeActivityLog_2024-11-29_UTC.IPS_TM_6.data with Adaptive Ghost logic...
FILE: TRADEACTIVITYLOG_2025-03-20_UTC.TM_6.DATA | ACC: TM_6 | SYMBOL: NQM25 | RAW: 194 | FILLS: 97
DEBUG: Running _parse_file_nitro on C:\Model-\TradeActivityLogs-tm_6\TradeActivityLog_2025-03-21_UTC.CL-IPS_TM_6.data with Adaptive Ghost logic...
FILE: TRADEACTIVITYLOG_2025-01-27_UTC.ES-IPS_TM_6.DATA | ACC: ES-IPS_TM_6 | SYMBOL: ESH25 | RAW: 98 | FILLS: 49
DEBUG: Running _parse_file_nitro on C:\Model-\TradeActivityLogs-tm_6\TradeActivityLog_2025-01-27_UTC.ES-TM_6.data with Adaptive Ghost logic...
FILE: TRADEACTIVITYLOG_2025-02-13_UTC.IPS_TM_6.DATA | ACC: IPS_TM_6 | SYMBOL: NQH25 | RAW: 214 | FILLS: 107
DEBUG: Running _parse_file_nitro on C:\Model-\TradeActivityLogs-tm_6\TradeActivityLog_2025-02-13_UTC.TM_6.data with Adaptive Ghost logic...
FILE: TRADEACTIVITYLOG_2025-03-21_UTC.CL-IPS_TM_6.DATA | ACC: CL-IPS_TM_6 | SYMBOL: CL | RAW: 0 | FILLS: 0
DEBUG: Running _parse_file_nitro on C:\Model-\TradeActivityLogs-tm_6\TradeActivityLog_2025-03-21_UTC.CL-TM_6.data with Adaptive Ghost logic...
FILE: TRADEACTIVITYLOG_2025-03-04_UTC.ES-TM_6.DATA | ACC: ES-TM_6 | SYMBOL: ESH25 | RAW: 166 | FILLS: 83
DEBUG: Running _parse_file_nitro on C:\Model-\TradeActivityLogs-tm_6\TradeActivityLog_2025-03-04_UTC.IPS_TM_6.data with Adaptive Ghost logic...
FILE: TRADEACTIVITYLOG_2024-10-22_UTC.ES-IPS_TM_6.DATA | ACC: ES-IPS_TM_6 | SYMBOL: ESZ24 | RAW: 52 | FILLS: 30
DEBUG: Running _parse_file_nitro on C:\Model-\TradeActivityLogs-tm_6\TradeActivityLog_2024-10-22_UTC.ES-TM_6.data with Adaptive Ghost logic...
FILE: TRADEACTIVITYLOG_2025-01-08_UTC.ES-IPS_TM_6.DATA | ACC: ES-IPS_TM_6 | SYMBOL: ESH25 | RAW: 80 | FILLS: 40
DEBUG: Running _parse_file_nitro on C:\Model-\TradeActivityLogs-tm_6\TradeActivityLog_2025-01-08_UTC.ES-TM_6.data with Adaptive Ghost logic...
FILE: TRADEACTIVITYLOG_2024-12-19_UTC.IPS_TM_6.DATA | ACC: IPS_TM_6 | SYMBOL: CLG25 | RAW: 370 | FILLS: 185
DEBUG: Running _parse_file_nitro on C:\Model-\TradeActivityLogs-tm_6\TradeActivityLog_2024-12-19_UTC.TM_6.data with Adaptive Ghost logic...
FILE: TRADEACTIVITYLOG_2025-01-27_UTC.ES-TM_6.DATA | ACC: ES-TM_6 | SYMBOL: ESH25 | RAW: 98 | FILLS: 49
FILE: TRADEACTIVITYLOG_2024-11-11_UTC.ES-TM_6.DATA | ACC: ES-TM_6 | SYMBOL: ESZ24 | RAW: 66 | FILLS: 33
DEBUG: Running _parse_file_nitro on C:\Model-\TradeActivityLogs-tm_6\TradeActivityLog_2024-11-11_UTC.IPS_TM_6.data with Adaptive Ghost logic...
FILE: TRADEACTIVITYLOG_2025-03-21_UTC.CL-TM_6.DATA | ACC: CL-TM_6 | SYMBOL: CL | RAW: 0 | FILLS: 0
DEBUG: Running _parse_file_nitro on C:\Model-\TradeActivityLogs-tm_6\TradeActivityLog_2025-03-21_UTC.ES-IPS_TM_6.data with Adaptive Ghost logic...
FILE: TRADEACTIVITYLOG_2024-11-29_UTC.IPS_TM_6.DATA | ACC: IPS_TM_6 | SYMBOL: CLF25 | RAW: 134 | FILLS: 67
DEBUG: Running _parse_file_nitro on C:\Model-\TradeActivityLogs-tm_6\TradeActivityLog_2024-11-29_UTC.TM_6.data with Adaptive Ghost logic...
FILE: TRADEACTIVITYLOG_2025-01-08_UTC.ES-TM_6.DATA | ACC: ES-TM_6 | SYMBOL: ESH25 | RAW: 80 | FILLS: 40
FILE: TRADEACTIVITYLOG_2025-02-13_UTC.TM_6.DATA | ACC: TM_6 | SYMBOL: NQH25 | RAW: 214 | FILLS: 107
DEBUG: Running _parse_file_nitro on C:\Model-\TradeActivityLogs-tm_6\TradeActivityLog_2025-01-08_UTC.IPS_TM_6.data with Adaptive Ghost logic...
DEBUG: Running _parse_file_nitro on C:\Model-\TradeActivityLogs-tm_6\TradeActivityLog_2025-02-14_UTC.ES-IPS_TM_6.data with Adaptive Ghost logic...
FILE: TRADEACTIVITYLOG_2024-10-22_UTC.ES-TM_6.DATA | ACC: ES-TM_6 | SYMBOL: ESZ24 | RAW: 52 | FILLS: 30
FILE: TRADEACTIVITYLOG_2025-03-21_UTC.ES-IPS_TM_6.DATA | ACC: ES-IPS_TM_6 | SYMBOL: ESH25 | RAW: 56 | FILLS: 28
DEBUG: Running _parse_file_nitro on C:\Model-\TradeActivityLogs-tm_6\TradeActivityLog_2024-10-22_UTC.IPS_TM_6.data with Adaptive Ghost logic...
DEBUG: Running _parse_file_nitro on C:\Model-\TradeActivityLogs-tm_6\TradeActivityLog_2025-03-21_UTC.ES-TM_6.data with Adaptive Ghost logic...
FILE: TRADEACTIVITYLOG_2025-03-04_UTC.IPS_TM_6.DATA | ACC: IPS_TM_6 | SYMBOL: NQH25 | RAW: 265 | FILLS: 133
DEBUG: Running _parse_file_nitro on C:\Model-\TradeActivityLogs-tm_6\TradeActivityLog_2025-03-04_UTC.TM_6.data with Adaptive Ghost logic...
FILE: TRADEACTIVITYLOG_2025-02-14_UTC.ES-IPS_TM_6.DATA | ACC: ES-IPS_TM_6 | SYMBOL: ESH25 | RAW: 40 | FILLS: 20
FILE: TRADEACTIVITYLOG_2025-03-21_UTC.ES-TM_6.DATA | ACC: ES-TM_6 | SYMBOL: ESH25 | RAW: 56 | FILLS: 28
DEBUG: Running _parse_file_nitro on C:\Model-\TradeActivityLogs-tm_6\TradeActivityLog_2025-02-14_UTC.ES-TM_6.data with Adaptive Ghost logic...
DEBUG: Running _parse_file_nitro on C:\Model-\TradeActivityLogs-tm_6\TradeActivityLog_2025-03-21_UTC.IPS_TM_6.data with Adaptive Ghost logic...
FILE: TRADEACTIVITYLOG_2024-11-29_UTC.TM_6.DATA | ACC: TM_6 | SYMBOL: CLF25 | RAW: 136 | FILLS: 68
FILE: TRADEACTIVITYLOG_2024-11-11_UTC.IPS_TM_6.DATA | ACC: IPS_TM_6 | SYMBOL: CLZ24 | RAW: 202 | FILLS: 101
DEBUG: Running _parse_file_nitro on C:\Model-\TradeActivityLogs-tm_6\TradeActivityLog_2024-12-01_UTC.CL-IPS_TM_6.data with Adaptive Ghost logic...
DEBUG: Running _parse_file_nitro on C:\Model-\TradeActivityLogs-tm_6\TradeActivityLog_2024-11-11_UTC.TM_6.data with Adaptive Ghost logic...
FILE: TRADEACTIVITYLOG_2025-01-27_UTC.IPS_TM_6.DATA | ACC: IPS_TM_6 | SYMBOL: NQH25 | RAW: 398 | FILLS: 199
DEBUG: Running _parse_file_nitro on C:\Model-\TradeActivityLogs-tm_6\TradeActivityLog_2025-01-27_UTC.TM_6.data with Adaptive Ghost logic...
FILE: TRADEACTIVITYLOG_2024-12-19_UTC.TM_6.DATA | ACC: TM_6 | SYMBOL: CLG25 | RAW: 364 | FILLS: 182
DEBUG: Running _parse_file_nitro on C:\Model-\TradeActivityLogs-tm_6\TradeActivityLog_2024-12-20_UTC.CL-IPS_TM_6.data with Adaptive Ghost logic...
FILE: TRADEACTIVITYLOG_2024-12-01_UTC.CL-IPS_TM_6.DATA | ACC: CL-IPS_TM_6 | SYMBOL: CL | RAW: 0 | FILLS: 0
DEBUG: Running _parse_file_nitro on C:\Model-\TradeActivityLogs-tm_6\TradeActivityLog_2024-12-01_UTC.CL-TM_6.data with Adaptive Ghost logic...
FILE: TRADEACTIVITYLOG_2025-01-08_UTC.IPS_TM_6.DATA | ACC: IPS_TM_6 | SYMBOL: CLG25 | RAW: 244 | FILLS: 122
DEBUG: Running _parse_file_nitro on C:\Model-\TradeActivityLogs-tm_6\TradeActivityLog_2025-01-08_UTC.TM_6.data with Adaptive Ghost logic...
FILE: TRADEACTIVITYLOG_2025-02-14_UTC.ES-TM_6.DATA | ACC: ES-TM_6 | SYMBOL: ESH25 | RAW: 40 | FILLS: 20
DEBUG: Running _parse_file_nitro on C:\Model-\TradeActivityLogs-tm_6\TradeActivityLog_2025-02-14_UTC.IPS_TM_6.data with Adaptive Ghost logic...
FILE: TRADEACTIVITYLOG_2025-03-21_UTC.IPS_TM_6.DATA | ACC: IPS_TM_6 | SYMBOL: NQM25 | RAW: 161 | FILLS: 81
DEBUG: Running _parse_file_nitro on C:\Model-\TradeActivityLogs-tm_6\TradeActivityLog_2025-03-21_UTC.TM_6.data with Adaptive Ghost logic...
FILE: TRADEACTIVITYLOG_2024-12-01_UTC.CL-TM_6.DATA | ACC: CL-TM_6 | SYMBOL: CL | RAW: 0 | FILLS: 0
FILE: TRADEACTIVITYLOG_2024-12-20_UTC.CL-IPS_TM_6.DATA | ACC: CL-IPS_TM_6 | SYMBOL: CL | RAW: 0 | FILLS: 0
DEBUG: Running _parse_file_nitro on C:\Model-\TradeActivityLogs-tm_6\TradeActivityLog_2024-12-20_UTC.CL-TM_6.data with Adaptive Ghost logic...
DEBUG: Running _parse_file_nitro on C:\Model-\TradeActivityLogs-tm_6\TradeActivityLog_2024-12-01_UTC.ES-IPS_TM_6.data with Adaptive Ghost logic...
FILE: TRADEACTIVITYLOG_2025-03-04_UTC.TM_6.DATA | ACC: TM_6 | SYMBOL: NQH25 | RAW: 239 | FILLS: 120
DEBUG: Running _parse_file_nitro on C:\Model-\TradeActivityLogs-tm_6\TradeActivityLog_2025-03-04_UTC.ZB-IPS_TM_6.data with Adaptive Ghost logic...
FILE: TRADEACTIVITYLOG_2024-11-11_UTC.TM_6.DATA | ACC: TM_6 | SYMBOL: CLZ24 | RAW: 178 | FILLS: 89
FILE: TRADEACTIVITYLOG_2024-10-22_UTC.IPS_TM_6.DATA | ACC: IPS_TM_6 | SYMBOL: NQZ24 | RAW: 274 | FILLS: 157
DEBUG: Running _parse_file_nitro on C:\Model-\TradeActivityLogs-tm_6\TradeActivityLog_2024-11-11_UTC.ZB-IPS_TM_6.data with Adaptive Ghost logic...
DEBUG: Running _parse_file_nitro on C:\Model-\TradeActivityLogs-tm_6\TradeActivityLog_2024-10-22_UTC.TM_6.data with Adaptive Ghost logic...
FILE: TRADEACTIVITYLOG_2024-12-01_UTC.ES-IPS_TM_6.DATA | ACC: ES-IPS_TM_6 | SYMBOL: ESZ24 | RAW: 2 | FILLS: 1
DEBUG: Running _parse_file_nitro on C:\Model-\TradeActivityLogs-tm_6\TradeActivityLog_2024-12-01_UTC.ES-TM_6.data with Adaptive Ghost logic...
FILE: TRADEACTIVITYLOG_2024-12-20_UTC.CL-TM_6.DATA | ACC: CL-TM_6 | SYMBOL: CL | RAW: 0 | FILLS: 0
FILE: TRADEACTIVITYLOG_2025-03-04_UTC.ZB-IPS_TM_6.DATA | ACC: ZB-IPS_TM_6 | SYMBOL: Unknown | RAW: 0 | FILLS: 0
DEBUG: Running _parse_file_nitro on C:\Model-\TradeActivityLogs-tm_6\TradeActivityLog_2025-03-04_UTC.ZB-TM_6.data with Adaptive Ghost logic...
DEBUG: Running _parse_file_nitro on C:\Model-\TradeActivityLogs-tm_6\TradeActivityLog_2024-12-20_UTC.ES-IPS_TM_6.data with Adaptive Ghost logic...
FILE: TRADEACTIVITYLOG_2025-02-14_UTC.IPS_TM_6.DATA | ACC: IPS_TM_6 | SYMBOL: NQH25 | RAW: 154 | FILLS: 77
DEBUG: Running _parse_file_nitro on C:\Model-\TradeActivityLogs-tm_6\TradeActivityLog_2025-02-14_UTC.TM_6.data with Adaptive Ghost logic...
FILE: TRADEACTIVITYLOG_2025-03-21_UTC.TM_6.DATA | ACC: TM_6 | SYMBOL: NQM25 | RAW: 159 | FILLS: 80
DEBUG: Running _parse_file_nitro on C:\Model-\TradeActivityLogs-tm_6\TradeActivityLog_2025-03-21_UTC.ZB-IPS_TM_6.data with Adaptive Ghost logic...
FILE: TRADEACTIVITYLOG_2024-11-11_UTC.ZB-IPS_TM_6.DATA | ACC: ZB-IPS_TM_6 | SYMBOL: Unknown | RAW: 0 | FILLS: 0
DEBUG: Running _parse_file_nitro on C:\Model-\TradeActivityLogs-tm_6\TradeActivityLog_2024-11-11_UTC.ZB-TM_6.data with Adaptive Ghost logic...
FILE: TRADEACTIVITYLOG_2025-01-08_UTC.TM_6.DATA | ACC: TM_6 | SYMBOL: CLG25 | RAW: 254 | FILLS: 127
DEBUG: Running _parse_file_nitro on C:\Model-\TradeActivityLogs-tm_6\TradeActivityLog_2025-01-09_UTC.ES-IPS_TM_6.data with Adaptive Ghost logic...
FILE: TRADEACTIVITYLOG_2025-01-27_UTC.TM_6.DATA | ACC: TM_6 | SYMBOL: NQH25 | RAW: 398 | FILLS: 199
DEBUG: Running _parse_file_nitro on C:\Model-\TradeActivityLogs-tm_6\TradeActivityLog_2025-01-28_UTC.ES-IPS_TM_6.data with Adaptive Ghost logic...
FILE: TRADEACTIVITYLOG_2024-12-01_UTC.ES-TM_6.DATA | ACC: ES-TM_6 | SYMBOL: ESZ24 | RAW: 2 | FILLS: 1
DEBUG: Running _parse_file_nitro on C:\Model-\TradeActivityLogs-tm_6\TradeActivityLog_2024-12-01_UTC.IPS_TM_6.data with Adaptive Ghost logic...
FILE: TRADEACTIVITYLOG_2025-03-04_UTC.ZB-TM_6.DATA | ACC: ZB-TM_6 | SYMBOL: Unknown | RAW: 0 | FILLS: 0
DEBUG: Running _parse_file_nitro on C:\Model-\TradeActivityLogs-tm_6\TradeActivityLog_2025-03-05_UTC.ES-IPS_TM_6.data with Adaptive Ghost logic...
FILE: TRADEACTIVITYLOG_2025-03-21_UTC.ZB-IPS_TM_6.DATA | ACC: ZB-IPS_TM_6 | SYMBOL: Unknown | RAW: 0 | FILLS: 0
DEBUG: Running _parse_file_nitro on C:\Model-\TradeActivityLogs-tm_6\TradeActivityLog_2025-03-21_UTC.ZB-TM_6.data with Adaptive Ghost logic...
FILE: TRADEACTIVITYLOG_2024-12-20_UTC.ES-IPS_TM_6.DATA | ACC: ES-IPS_TM_6 | SYMBOL: ESH25 | RAW: 44 | FILLS: 22
FILE: TRADEACTIVITYLOG_2024-11-11_UTC.ZB-TM_6.DATA | ACC: ZB-TM_6 | SYMBOL: Unknown | RAW: 0 | FILLS: 0
DEBUG: Running _parse_file_nitro on C:\Model-\TradeActivityLogs-tm_6\TradeActivityLog_2024-11-12_UTC.CL-IPS_TM_6.data with Adaptive Ghost logic...
DEBUG: Running _parse_file_nitro on C:\Model-\TradeActivityLogs-tm_6\TradeActivityLog_2024-12-20_UTC.ES-TM_6.data with Adaptive Ghost logic...
FILE: TRADEACTIVITYLOG_2025-01-09_UTC.ES-IPS_TM_6.DATA | ACC: ES-IPS_TM_6 | SYMBOL: ESH25 | RAW: 18 | FILLS: 9
DEBUG: Running _parse_file_nitro on C:\Model-\TradeActivityLogs-tm_6\TradeActivityLog_2025-01-09_UTC.ES-TM_6.data with Adaptive Ghost logic...
FILE: TRADEACTIVITYLOG_2024-12-01_UTC.IPS_TM_6.DATA | ACC: IPS_TM_6 | SYMBOL: CLF25 | RAW: 2 | FILLS: 1
DEBUG: Running _parse_file_nitro on C:\Model-\TradeActivityLogs-tm_6\TradeActivityLog_2024-12-01_UTC.TM_6.data with Adaptive Ghost logic...
FILE: TRADEACTIVITYLOG_2025-01-28_UTC.ES-IPS_TM_6.DATA | ACC: ES-IPS_TM_6 | SYMBOL: ESH25 | RAW: 56 | FILLS: 28
DEBUG: Running _parse_file_nitro on C:\Model-\TradeActivityLogs-tm_6\TradeActivityLog_2025-01-28_UTC.ES-TM_6.data with Adaptive Ghost logic...
FILE: TRADEACTIVITYLOG_2024-09-30_UTC.IPS_TM_6.DATA | ACC: IPS_TM_6 | SYMBOL: NQZ24 | RAW: 46 | FILLS: 23
FILE: TRADEACTIVITYLOG_2025-02-14_UTC.TM_6.DATA | ACC: TM_6 | SYMBOL: CLH25 | RAW: 166 | FILLS: 83
DEBUG: Running _parse_file_nitro on C:\Model-\TradeActivityLogs-tm_6\TradeActivityLog_2025-02-16_UTC.IPS_TM_6.data with Adaptive Ghost logic...
FILE: TRADEACTIVITYLOG_2025-03-21_UTC.ZB-TM_6.DATA | ACC: ZB-TM_6 | SYMBOL: Unknown | RAW: 0 | FILLS: 0
DEBUG: Running _parse_file_nitro on C:\Model-\TradeActivityLogs-tm_6\TradeActivityLog_2025-03-22_UTC.CL-IPS_TM_6.data with Adaptive Ghost logic...
DEBUG: Running _parse_file_nitro on C:\Model-\TradeActivityLogs-tm_6\TradeActivityLog_2024-09-30_UTC.TM_6.data with Adaptive Ghost logic...
FILE: TRADEACTIVITYLOG_2024-11-12_UTC.CL-IPS_TM_6.DATA | ACC: CL-IPS_TM_6 | SYMBOL: CL | RAW: 0 | FILLS: 0
DEBUG: Running _parse_file_nitro on C:\Model-\TradeActivityLogs-tm_6\TradeActivityLog_2024-11-12_UTC.CL-TM_6.data with Adaptive Ghost logic...
FILE: TRADEACTIVITYLOG_2024-10-22_UTC.TM_6.DATA | ACC: TM_6 | SYMBOL: NQZ24 | RAW: 272 | FILLS: 156
FILE: TRADEACTIVITYLOG_2025-01-09_UTC.ES-TM_6.DATA | ACC: ES-TM_6 | SYMBOL: ESH25 | RAW: 18 | FILLS: 9
DEBUG: Running _parse_file_nitro on C:\Model-\TradeActivityLogs-tm_6\TradeActivityLog_2024-10-23_UTC.CL-IPS_TM_6.data with Adaptive Ghost logic...
DEBUG: Running _parse_file_nitro on C:\Model-\TradeActivityLogs-tm_6\TradeActivityLog_2025-01-09_UTC.IPS_TM_6.data with Adaptive Ghost logic...
FILE: TRADEACTIVITYLOG_2025-03-05_UTC.ES-IPS_TM_6.DATA | ACC: ES-IPS_TM_6 | SYMBOL: ESH25 | RAW: 122 | FILLS: 61
DEBUG: Running _parse_file_nitro on C:\Model-\TradeActivityLogs-tm_6\TradeActivityLog_2025-03-05_UTC.ES-TM_6.data with Adaptive Ghost logic...
FILE: TRADEACTIVITYLOG_2024-12-20_UTC.ES-TM_6.DATA | ACC: ES-TM_6 | SYMBOL: ESH25 | RAW: 44 | FILLS: 22
DEBUG: Running _parse_file_nitro on C:\Model-\TradeActivityLogs-tm_6\TradeActivityLog_2024-12-20_UTC.IPS_TM_6.data with Adaptive Ghost logic...
FILE: TRADEACTIVITYLOG_2025-02-16_UTC.IPS_TM_6.DATA | ACC: IPS_TM_6 | SYMBOL: CLH25 | RAW: 8 | FILLS: 4
DEBUG: Running _parse_file_nitro on C:\Model-\TradeActivityLogs-tm_6\TradeActivityLog_2025-02-16_UTC.TM_6.data with Adaptive Ghost logic...
FILE: TRADEACTIVITYLOG_2025-03-22_UTC.CL-IPS_TM_6.DATA | ACC: CL-IPS_TM_6 | SYMBOL: CL | RAW: 0 | FILLS: 0
FILE: TRADEACTIVITYLOG_2024-12-01_UTC.TM_6.DATA | ACC: TM_6 | SYMBOL: CLF25 | RAW: 2 | FILLS: 1
DEBUG: Running _parse_file_nitro on C:\Model-\TradeActivityLogs-tm_6\TradeActivityLog_2025-03-22_UTC.CL-TM_6.data with Adaptive Ghost logic...
DEBUG: Running _parse_file_nitro on C:\Model-\TradeActivityLogs-tm_6\TradeActivityLog_2024-12-01_UTC.ZB-IPS_TM_6.data with Adaptive Ghost logic...
FILE: TRADEACTIVITYLOG_2025-01-28_UTC.ES-TM_6.DATA | ACC: ES-TM_6 | SYMBOL: ESH25 | RAW: 56 | FILLS: 28
DEBUG: Running _parse_file_nitro on C:\Model-\TradeActivityLogs-tm_6\TradeActivityLog_2025-01-28_UTC.IPS_TM_6.data with Adaptive Ghost logic...
FILE: TRADEACTIVITYLOG_2024-11-12_UTC.CL-TM_6.DATA | ACC: CL-TM_6 | SYMBOL: CL | RAW: 0 | FILLS: 0
DEBUG: Running _parse_file_nitro on C:\Model-\TradeActivityLogs-tm_6\TradeActivityLog_2024-11-12_UTC.ES-IPS_TM_6.data with Adaptive Ghost logic...
FILE: TRADEACTIVITYLOG_2024-10-23_UTC.CL-IPS_TM_6.DATA | ACC: CL-IPS_TM_6 | SYMBOL: CL | RAW: 0 | FILLS: 0
DEBUG: Running _parse_file_nitro on C:\Model-\TradeActivityLogs-tm_6\TradeActivityLog_2024-10-23_UTC.CL-TM_6.data with Adaptive Ghost logic...
FILE: TRADEACTIVITYLOG_2025-01-09_UTC.IPS_TM_6.DATA | ACC: IPS_TM_6 | SYMBOL: NQH25 | RAW: 46 | FILLS: 23
DEBUG: Running _parse_file_nitro on C:\Model-\TradeActivityLogs-tm_6\TradeActivityLog_2025-01-09_UTC.TM_6.data with Adaptive Ghost logic...
FILE: TRADEACTIVITYLOG_2025-02-16_UTC.TM_6.DATA | ACC: TM_6 | SYMBOL: CLH25 | RAW: 10 | FILLS: 5
FILE: TRADEACTIVITYLOG_2024-12-01_UTC.ZB-IPS_TM_6.DATA | ACC: ZB-IPS_TM_6 | SYMBOL: Unknown | RAW: 0 | FILLS: 0
DEBUG: Running _parse_file_nitro on C:\Model-\TradeActivityLogs-tm_6\TradeActivityLog_2025-02-17_UTC.CL-IPS_TM_6.data with Adaptive Ghost logic...
DEBUG: Running _parse_file_nitro on C:\Model-\TradeActivityLogs-tm_6\TradeActivityLog_2024-12-01_UTC.ZB-TM_6.data with Adaptive Ghost logic...
FILE: TRADEACTIVITYLOG_2025-03-22_UTC.CL-TM_6.DATA | ACC: CL-TM_6 | SYMBOL: CL | RAW: 0 | FILLS: 0
DEBUG: Running _parse_file_nitro on C:\Model-\TradeActivityLogs-tm_6\TradeActivityLog_2025-03-22_UTC.ES-IPS_TM_6.data with Adaptive Ghost logic...
FILE: TRADEACTIVITYLOG_2024-10-23_UTC.CL-TM_6.DATA | ACC: CL-TM_6 | SYMBOL: CL | RAW: 0 | FILLS: 0
FILE: TRADEACTIVITYLOG_2025-03-05_UTC.ES-TM_6.DATA | ACC: ES-TM_6 | SYMBOL: ESH25 | RAW: 122 | FILLS: 61
DEBUG: Running _parse_file_nitro on C:\Model-\TradeActivityLogs-tm_6\TradeActivityLog_2025-03-05_UTC.IPS_TM_6.data with Adaptive Ghost logic...
DEBUG: Running _parse_file_nitro on C:\Model-\TradeActivityLogs-tm_6\TradeActivityLog_2025-04-02_UTC.ES-IPS_TM_6.data with Adaptive Ghost logic...
FILE: TRADEACTIVITYLOG_2024-11-12_UTC.ES-IPS_TM_6.DATA | ACC: ES-IPS_TM_6 | SYMBOL: ESZ24 | RAW: 81 | FILLS: 40
DEBUG: Running _parse_file_nitro on C:\Model-\TradeActivityLogs-tm_6\TradeActivityLog_2024-11-12_UTC.ES-TM_6.data with Adaptive Ghost logic...
FILE: TRADEACTIVITYLOG_2025-02-17_UTC.CL-IPS_TM_6.DATA | ACC: CL-IPS_TM_6 | SYMBOL: CL | RAW: 0 | FILLS: 0
DEBUG: Running _parse_file_nitro on C:\Model-\TradeActivityLogs-tm_6\TradeActivityLog_2025-02-17_UTC.CL-TM_6.data with Adaptive Ghost logic...
FILE: TRADEACTIVITYLOG_2025-03-22_UTC.ES-IPS_TM_6.DATA | ACC: ES-IPS_TM_6 | SYMBOL: ES | RAW: 0 | FILLS: 0
DEBUG: Running _parse_file_nitro on C:\Model-\TradeActivityLogs-tm_6\TradeActivityLog_2025-03-22_UTC.ES-TM_6.data with Adaptive Ghost logic...
FILE: TRADEACTIVITYLOG_2024-12-01_UTC.ZB-TM_6.DATA | ACC: ZB-TM_6 | SYMBOL: Unknown | RAW: 0 | FILLS: 0
DEBUG: Running _parse_file_nitro on C:\Model-\TradeActivityLogs-tm_6\TradeActivityLog_2024-12-02_UTC.ES-IPS_TM_6.data with Adaptive Ghost logic...
FILE: TRADEACTIVITYLOG_2025-01-28_UTC.IPS_TM_6.DATA | ACC: IPS_TM_6 | SYMBOL: NQH25 | RAW: 210 | FILLS: 105
DEBUG: Running _parse_file_nitro on C:\Model-\TradeActivityLogs-tm_6\TradeActivityLog_2025-01-28_UTC.TM_6.data with Adaptive Ghost logic...
FILE: TRADEACTIVITYLOG_2025-01-09_UTC.TM_6.DATA | ACC: TM_6 | SYMBOL: NQH25 | RAW: 46 | FILLS: 23
DEBUG: Running _parse_file_nitro on C:\Model-\TradeActivityLogs-tm_6\TradeActivityLog_2025-01-10_UTC.ES-IPS_TM_6.data with Adaptive Ghost logic...
FILE: TRADEACTIVITYLOG_2024-12-20_UTC.IPS_TM_6.DATA | ACC: IPS_TM_6 | SYMBOL: NQH25 | RAW: 306 | FILLS: 153
DEBUG: Running _parse_file_nitro on C:\Model-\TradeActivityLogs-tm_6\TradeActivityLog_2024-12-20_UTC.TM_6.data with Adaptive Ghost logic...
FILE: TRADEACTIVITYLOG_2025-03-22_UTC.ES-TM_6.DATA | ACC: ES-TM_6 | SYMBOL: ES | RAW: 0 | FILLS: 0
DEBUG: Running _parse_file_nitro on C:\Model-\TradeActivityLogs-tm_6\TradeActivityLog_2025-03-22_UTC.IPS_TM_6.data with Adaptive Ghost logic...
FILE: TRADEACTIVITYLOG_2025-02-17_UTC.CL-TM_6.DATA | ACC: CL-TM_6 | SYMBOL: CL | RAW: 0 | FILLS: 0
DEBUG: Running _parse_file_nitro on C:\Model-\TradeActivityLogs-tm_6\TradeActivityLog_2025-02-17_UTC.ES-IPS_TM_6.data with Adaptive Ghost logic...
FILE: TRADEACTIVITYLOG_2025-03-05_UTC.IPS_TM_6.DATA | ACC: IPS_TM_6 | SYMBOL: NQH25 | RAW: 194 | FILLS: 97
DEBUG: Running _parse_file_nitro on C:\Model-\TradeActivityLogs-tm_6\TradeActivityLog_2025-03-05_UTC.TM_6.data with Adaptive Ghost logic...
FILE: TRADEACTIVITYLOG_2024-11-12_UTC.ES-TM_6.DATA | ACC: ES-TM_6 | SYMBOL: ESZ24 | RAW: 85 | FILLS: 42
DEBUG: Running _parse_file_nitro on C:\Model-\TradeActivityLogs-tm_6\TradeActivityLog_2024-11-12_UTC.IPS_TM_6.data with Adaptive Ghost logic...
FILE: TRADEACTIVITYLOG_2025-04-02_UTC.ES-IPS_TM_6.DATA | ACC: ES-IPS_TM_6 | SYMBOL: ESM25 | RAW: 76 | FILLS: 38
DEBUG: Running _parse_file_nitro on C:\Model-\TradeActivityLogs-tm_6\TradeActivityLog_2025-04-02_UTC.ES-TM_6.data with Adaptive Ghost logic...
FILE: TRADEACTIVITYLOG_2025-02-17_UTC.ES-IPS_TM_6.DATA | ACC: ES-IPS_TM_6 | SYMBOL: ES | RAW: 0 | FILLS: 0
FILE: TRADEACTIVITYLOG_2025-03-22_UTC.IPS_TM_6.DATA | ACC: IPS_TM_6 | SYMBOL: Unknown | RAW: 0 | FILLS: 0
FILE: TRADEACTIVITYLOG_2024-12-02_UTC.ES-IPS_TM_6.DATA | ACC: ES-IPS_TM_6 | SYMBOL: ESZ24 | RAW: 48 | FILLS: 24
DEBUG: Running _parse_file_nitro on C:\Model-\TradeActivityLogs-tm_6\TradeActivityLog_2025-02-17_UTC.ES-TM_6.data with Adaptive Ghost logic...
DEBUG: Running _parse_file_nitro on C:\Model-\TradeActivityLogs-tm_6\TradeActivityLog_2024-12-02_UTC.ES-TM_6.data with Adaptive Ghost logic...
FILE: TRADEACTIVITYLOG_2025-01-10_UTC.ES-IPS_TM_6.DATA | ACC: ES-IPS_TM_6 | SYMBOL: ESH25 | RAW: 94 | FILLS: 47
DEBUG: Running _parse_file_nitro on C:\Model-\TradeActivityLogs-tm_6\TradeActivityLog_2025-01-10_UTC.ES-TM_6.data with Adaptive Ghost logic...
FILE: TRADEACTIVITYLOG_2024-12-20_UTC.TM_6.DATA | ACC: TM_6 | SYMBOL: NQH25 | RAW: 116 | FILLS: 58
FILE: TRADEACTIVITYLOG_2025-01-28_UTC.TM_6.DATA | ACC: TM_6 | SYMBOL: NQH25 | RAW: 196 | FILLS: 98
DEBUG: Running _parse_file_nitro on C:\Model-\TradeActivityLogs-tm_6\TradeActivityLog_2024-12-20_UTC.ZB-IPS_TM_6.data with Adaptive Ghost logic...
DEBUG: Running _parse_file_nitro on C:\Model-\TradeActivityLogs-tm_6\TradeActivityLog_2025-01-29_UTC.ES-IPS_TM_6.data with Adaptive Ghost logic...
FILE: TRADEACTIVITYLOG_2025-02-17_UTC.ES-TM_6.DATA | ACC: ES-TM_6 | SYMBOL: ES | RAW: 0 | FILLS: 0
FILE: TRADEACTIVITYLOG_2025-03-22_UTC.TM_6.DATA | ACC: TM_6 | SYMBOL: Unknown | RAW: 0 | FILLS: 0
DEBUG: Running _parse_file_nitro on C:\Model-\TradeActivityLogs-tm_6\TradeActivityLog_2025-02-17_UTC.IPS_TM_6.data with Adaptive Ghost logic...
DEBUG: Running _parse_file_nitro on C:\Model-\TradeActivityLogs-tm_6\TradeActivityLog_2025-03-22_UTC.ZB-IPS_TM_6.data with Adaptive Ghost logic...
FILE: TRADEACTIVITYLOG_2025-04-02_UTC.ES-TM_6.DATA | ACC: ES-TM_6 | SYMBOL: ESM25 | RAW: 76 | FILLS: 38
DEBUG: Running _parse_file_nitro on C:\Model-\TradeActivityLogs-tm_6\TradeActivityLog_2025-04-02_UTC.IPS_TM_6.data with Adaptive Ghost logic...
FILE: TRADEACTIVITYLOG_2025-03-05_UTC.TM_6.DATA | ACC: TM_6 | SYMBOL: NQH25 | RAW: 188 | FILLS: 94
DEBUG: Running _parse_file_nitro on C:\Model-\TradeActivityLogs-tm_6\TradeActivityLog_2025-03-06_UTC.CL-IPS_TM_6.data with Adaptive Ghost logic...
FILE: TRADEACTIVITYLOG_2024-12-02_UTC.ES-TM_6.DATA | ACC: ES-TM_6 | SYMBOL: ESZ24 | RAW: 48 | FILLS: 24
DEBUG: Running _parse_file_nitro on C:\Model-\TradeActivityLogs-tm_6\TradeActivityLog_2024-12-02_UTC.IPS_TM_6.data with Adaptive Ghost logic...
FILE: TRADEACTIVITYLOG_2024-11-12_UTC.IPS_TM_6.DATA | ACC: IPS_TM_6 | SYMBOL: CLZ24 | RAW: 213 | FILLS: 107
FILE: TRADEACTIVITYLOG_2024-12-20_UTC.ZB-IPS_TM_6.DATA | ACC: ZB-IPS_TM_6 | SYMBOL: Unknown | RAW: 0 | FILLS: 0
DEBUG: Running _parse_file_nitro on C:\Model-\TradeActivityLogs-tm_6\TradeActivityLog_2024-12-20_UTC.ZB-TM_6.data with Adaptive Ghost logic...
FILE: TRADEACTIVITYLOG_2025-01-10_UTC.ES-TM_6.DATA | ACC: ES-TM_6 | SYMBOL: ESH25 | RAW: 92 | FILLS: 46
DEBUG: Running _parse_file_nitro on C:\Model-\TradeActivityLogs-tm_6\TradeActivityLog_2025-01-10_UTC.IPS_TM_6.data with Adaptive Ghost logic...
FILE: TRADEACTIVITYLOG_2025-03-22_UTC.ZB-IPS_TM_6.DATA | ACC: ZB-IPS_TM_6 | SYMBOL: Unknown | RAW: 0 | FILLS: 0
DEBUG: Running _parse_file_nitro on C:\Model-\TradeActivityLogs-tm_6\TradeActivityLog_2025-03-22_UTC.ZB-TM_6.data with Adaptive Ghost logic...
DEBUG: Running _parse_file_nitro on C:\Model-\TradeActivityLogs-tm_6\TradeActivityLog_2025-04-23_UTC.CL-TM_6.data with Adaptive Ghost logic...
FILE: TRADEACTIVITYLOG_2025-01-29_UTC.ES-IPS_TM_6.DATA | ACC: ES-IPS_TM_6 | SYMBOL: ESH25 | RAW: 42 | FILLS: 21
DEBUG: Running _parse_file_nitro on C:\Model-\TradeActivityLogs-tm_6\TradeActivityLog_2025-01-29_UTC.ES-TM_6.data with Adaptive Ghost logic...
FILE: TRADEACTIVITYLOG_2025-02-17_UTC.IPS_TM_6.DATA | ACC: IPS_TM_6 | SYMBOL: NQH25 | RAW: 39 | FILLS: 20
DEBUG: Running _parse_file_nitro on C:\Model-\TradeActivityLogs-tm_6\TradeActivityLog_2025-02-17_UTC.TM_6.data with Adaptive Ghost logic...
FILE: TRADEACTIVITYLOG_2025-03-06_UTC.CL-IPS_TM_6.DATA | ACC: CL-IPS_TM_6 | SYMBOL: CL | RAW: 0 | FILLS: 0
DEBUG: Running _parse_file_nitro on C:\Model-\TradeActivityLogs-tm_6\TradeActivityLog_2025-03-06_UTC.CL-TM_6.data with Adaptive Ghost logic...
FILE: TRADEACTIVITYLOG_2024-12-20_UTC.ZB-TM_6.DATA | ACC: ZB-TM_6 | SYMBOL: Unknown | RAW: 0 | FILLS: 0
DEBUG: Running _parse_file_nitro on C:\Model-\TradeActivityLogs-tm_6\TradeActivityLog_2024-12-21_UTC.IPS_TM_6.data with Adaptive Ghost logic...
FILE: TRADEACTIVITYLOG_2025-04-23_UTC.CL-TM_6.DATA | ACC: CL-TM_6 | SYMBOL: CL | RAW: 0 | FILLS: 0
DEBUG: Running _parse_file_nitro on C:\Model-\TradeActivityLogs-tm_6\TradeActivityLog_2025-04-23_UTC.ES-IPS_TM_6.data with Adaptive Ghost logic...
FILE: TRADEACTIVITYLOG_2025-03-22_UTC.ZB-TM_6.DATA | ACC: ZB-TM_6 | SYMBOL: Unknown | RAW: 0 | FILLS: 0
DEBUG: Running _parse_file_nitro on C:\Model-\TradeActivityLogs-tm_6\TradeActivityLog_2025-03-23_UTC.CL-IPS_TM_6.data with Adaptive Ghost logic...
FILE: TRADEACTIVITYLOG_2025-01-29_UTC.ES-TM_6.DATA | ACC: ES-TM_6 | SYMBOL: ESH25 | RAW: 42 | FILLS: 21
DEBUG: Running _parse_file_nitro on C:\Model-\TradeActivityLogs-tm_6\TradeActivityLog_2025-01-29_UTC.IPS_TM_6.data with Adaptive Ghost logic...
FILE: TRADEACTIVITYLOG_2025-03-06_UTC.CL-TM_6.DATA | ACC: CL-TM_6 | SYMBOL: CL | RAW: 0 | FILLS: 0
DEBUG: Running _parse_file_nitro on C:\Model-\TradeActivityLogs-tm_6\TradeActivityLog_2025-03-06_UTC.ES-IPS_TM_6.data with Adaptive Ghost logic...
FILE: TRADEACTIVITYLOG_2025-02-17_UTC.TM_6.DATA | ACC: TM_6 | SYMBOL: NQH25 | RAW: 41 | FILLS: 21
DEBUG: Running _parse_file_nitro on C:\Model-\TradeActivityLogs-tm_6\TradeActivityLog_2025-02-17_UTC.ZB-IPS_TM_6.data with Adaptive Ghost logic...
FILE: TRADEACTIVITYLOG_2025-04-02_UTC.IPS_TM_6.DATA | ACC: IPS_TM_6 | SYMBOL: CLK25 | RAW: 312 | FILLS: 156
FILE: TRADEACTIVITYLOG_2024-12-21_UTC.IPS_TM_6.DATA | ACC: IPS_TM_6 | SYMBOL: CLF25 | RAW: 2 | FILLS: 1
DEBUG: Running _parse_file_nitro on C:\Model-\TradeActivityLogs-tm_6\TradeActivityLog_2025-04-02_UTC.TM_6.data with Adaptive Ghost logic...
DEBUG: Running _parse_file_nitro on C:\Model-\TradeActivityLogs-tm_6\TradeActivityLog_2024-12-21_UTC.TM_6.data with Adaptive Ghost logic...
FILE: TRADEACTIVITYLOG_2025-03-23_UTC.CL-IPS_TM_6.DATA | ACC: CL-IPS_TM_6 | SYMBOL: CL | RAW: 0 | FILLS: 0
DEBUG: Running _parse_file_nitro on C:\Model-\TradeActivityLogs-tm_6\TradeActivityLog_2025-03-23_UTC.CL-TM_6.data with Adaptive Ghost logic...
FILE: TRADEACTIVITYLOG_2024-12-02_UTC.IPS_TM_6.DATA | ACC: IPS_TM_6 | SYMBOL: NQZ24 | RAW: 200 | FILLS: 100
DEBUG: Running _parse_file_nitro on C:\Model-\TradeActivityLogs-tm_6\TradeActivityLog_2024-12-02_UTC.TM_6.data with Adaptive Ghost logic...
FILE: TRADEACTIVITYLOG_2025-02-17_UTC.ZB-IPS_TM_6.DATA | ACC: ZB-IPS_TM_6 | SYMBOL: Unknown | RAW: 0 | FILLS: 0
DEBUG: Running _parse_file_nitro on C:\Model-\TradeActivityLogs-tm_6\TradeActivityLog_2025-02-17_UTC.ZB-TM_6.data with Adaptive Ghost logic...
FILE: TRADEACTIVITYLOG_2025-04-23_UTC.ES-IPS_TM_6.DATA | ACC: ES-IPS_TM_6 | SYMBOL: ESM25 | RAW: 80 | FILLS: 40
FILE: TRADEACTIVITYLOG_2025-01-10_UTC.IPS_TM_6.DATA | ACC: IPS_TM_6 | SYMBOL: NQH25 | RAW: 236 | FILLS: 118
DEBUG: Running _parse_file_nitro on C:\Model-\TradeActivityLogs-tm_6\TradeActivityLog_2025-01-10_UTC.TM_6.data with Adaptive Ghost logic...
FILE: TRADEACTIVITYLOG_2024-12-21_UTC.TM_6.DATA | ACC: TM_6 | SYMBOL: CLF25 | RAW: 2 | FILLS: 1
DEBUG: Running _parse_file_nitro on C:\Model-\TradeActivityLogs-tm_6\TradeActivityLog_2025-04-23_UTC.ES-TM_6.data with Adaptive Ghost logic...
DEBUG: Running _parse_file_nitro on C:\Model-\TradeActivityLogs-tm_6\TradeActivityLog_2024-12-22_UTC.IPS_TM_6.data with Adaptive Ghost logic...
FILE: TRADEACTIVITYLOG_2025-03-23_UTC.CL-TM_6.DATA | ACC: CL-TM_6 | SYMBOL: CL | RAW: 0 | FILLS: 0
DEBUG: Running _parse_file_nitro on C:\Model-\TradeActivityLogs-tm_6\TradeActivityLog_2025-03-23_UTC.ES-IPS_TM_6.data with Adaptive Ghost logic...
FILE: TRADEACTIVITYLOG_2025-03-06_UTC.ES-IPS_TM_6.DATA | ACC: ES-IPS_TM_6 | SYMBOL: ESH25 | RAW: 148 | FILLS: 74
DEBUG: Running _parse_file_nitro on C:\Model-\TradeActivityLogs-tm_6\TradeActivityLog_2025-03-06_UTC.ES-TM_6.data with Adaptive Ghost logic...
FILE: TRADEACTIVITYLOG_2025-02-17_UTC.ZB-TM_6.DATA | ACC: ZB-TM_6 | SYMBOL: Unknown | RAW: 0 | FILLS: 0
DEBUG: Running _parse_file_nitro on C:\Model-\TradeActivityLogs-tm_6\TradeActivityLog_2025-02-18_UTC.ES-IPS_TM_6.data with Adaptive Ghost logic...
FILE: TRADEACTIVITYLOG_2025-01-29_UTC.IPS_TM_6.DATA | ACC: IPS_TM_6 | SYMBOL: CLH25 | RAW: 222 | FILLS: 111
DEBUG: Running _parse_file_nitro on C:\Model-\TradeActivityLogs-tm_6\TradeActivityLog_2025-01-29_UTC.TM_6.data with Adaptive Ghost logic...
FILE: TRADEACTIVITYLOG_2024-12-22_UTC.IPS_TM_6.DATA | ACC: IPS_TM_6 | SYMBOL: CLF25 | RAW: 0 | FILLS: 0
DEBUG: Running _parse_file_nitro on C:\Model-\TradeActivityLogs-tm_6\TradeActivityLog_2024-12-22_UTC.TM_6.data with Adaptive Ghost logic...
FILE: TRADEACTIVITYLOG_2025-03-23_UTC.ES-IPS_TM_6.DATA | ACC: ES-IPS_TM_6 | SYMBOL: ES | RAW: 0 | FILLS: 0
DEBUG: Running _parse_file_nitro on C:\Model-\TradeActivityLogs-tm_6\TradeActivityLog_2025-03-23_UTC.ES-TM_6.data with Adaptive Ghost logic...
FILE: TRADEACTIVITYLOG_2025-04-23_UTC.ES-TM_6.DATA | ACC: ES-TM_6 | SYMBOL: ESM25 | RAW: 112 | FILLS: 56
DEBUG: Running _parse_file_nitro on C:\Model-\TradeActivityLogs-tm_6\TradeActivityLog_2025-04-23_UTC.IPS_TM_6.data with Adaptive Ghost logic...
FILE: TRADEACTIVITYLOG_2024-12-02_UTC.TM_6.DATA | ACC: TM_6 | SYMBOL: NQZ24 | RAW: 196 | FILLS: 98
FILE: TRADEACTIVITYLOG_2025-04-02_UTC.TM_6.DATA | ACC: TM_6 | SYMBOL: CLK25 | RAW: 298 | FILLS: 149
DEBUG: Running _parse_file_nitro on C:\Model-\TradeActivityLogs-tm_6\TradeActivityLog_2024-12-03_UTC.ES-IPS_TM_6.data with Adaptive Ghost logic...
DEBUG: Running _parse_file_nitro on C:\Model-\TradeActivityLogs-tm_6\TradeActivityLog_2025-04-03_UTC.CL-IPS_TM_6.data with Adaptive Ghost logic...
FILE: TRADEACTIVITYLOG_2025-02-18_UTC.ES-IPS_TM_6.DATA | ACC: ES-IPS_TM_6 | SYMBOL: ESH25 | RAW: 46 | FILLS: 23
DEBUG: Running _parse_file_nitro on C:\Model-\TradeActivityLogs-tm_6\TradeActivityLog_2025-02-18_UTC.ES-TM_6.data with Adaptive Ghost logic...
FILE: TRADEACTIVITYLOG_2024-12-22_UTC.TM_6.DATA | ACC: TM_6 | SYMBOL: CLF25 | RAW: 0 | FILLS: 0
FILE: TRADEACTIVITYLOG_2025-03-23_UTC.ES-TM_6.DATA | ACC: ES-TM_6 | SYMBOL: ES | RAW: 0 | FILLS: 0
DEBUG: Running _parse_file_nitro on C:\Model-\TradeActivityLogs-tm_6\TradeActivityLog_2024-12-23_UTC.ES-IPS_TM_6.data with Adaptive Ghost logic...
DEBUG: Running _parse_file_nitro on C:\Model-\TradeActivityLogs-tm_6\TradeActivityLog_2025-03-23_UTC.IPS_TM_6.data with Adaptive Ghost logic...
FILE: TRADEACTIVITYLOG_2025-03-06_UTC.ES-TM_6.DATA | ACC: ES-TM_6 | SYMBOL: ESH25 | RAW: 144 | FILLS: 72
DEBUG: Running _parse_file_nitro on C:\Model-\TradeActivityLogs-tm_6\TradeActivityLog_2025-03-06_UTC.IPS_TM_6.data with Adaptive Ghost logic...
FILE: TRADEACTIVITYLOG_2025-01-10_UTC.TM_6.DATA | ACC: TM_6 | SYMBOL: NQH25 | RAW: 236 | FILLS: 118
DEBUG: Running _parse_file_nitro on C:\Model-\TradeActivityLogs-tm_6\TradeActivityLog_2025-01-11_UTC.CL-IPS_TM_6.data with Adaptive Ghost logic...
FILE: TRADEACTIVITYLOG_2025-04-03_UTC.CL-IPS_TM_6.DATA | ACC: CL-IPS_TM_6 | SYMBOL: CL | RAW: 0 | FILLS: 0
DEBUG: Running _parse_file_nitro on C:\Model-\TradeActivityLogs-tm_6\TradeActivityLog_2025-04-03_UTC.CL-TM_6.data with Adaptive Ghost logic...
FILE: TRADEACTIVITYLOG_2025-03-23_UTC.IPS_TM_6.DATA | ACC: IPS_TM_6 | SYMBOL: Unknown | RAW: 0 | FILLS: 0
FILE: TRADEACTIVITYLOG_2024-12-03_UTC.ES-IPS_TM_6.DATA | ACC: ES-IPS_TM_6 | SYMBOL: ESZ24 | RAW: 36 | FILLS: 18
DEBUG: Running _parse_file_nitro on C:\Model-\TradeActivityLogs-tm_6\TradeActivityLog_2025-03-23_UTC.TM_6.data with Adaptive Ghost logic...
DEBUG: Running _parse_file_nitro on C:\Model-\TradeActivityLogs-tm_6\TradeActivityLog_2024-12-03_UTC.ES-TM_6.data with Adaptive Ghost logic...
FILE: TRADEACTIVITYLOG_2025-02-18_UTC.ES-TM_6.DATA | ACC: ES-TM_6 | SYMBOL: ESH25 | RAW: 58 | FILLS: 29
DEBUG: Running _parse_file_nitro on C:\Model-\TradeActivityLogs-tm_6\TradeActivityLog_2025-02-18_UTC.IPS_TM_6.data with Adaptive Ghost logic...
FILE: TRADEACTIVITYLOG_2025-01-11_UTC.CL-IPS_TM_6.DATA | ACC: CL-IPS_TM_6 | SYMBOL: CL | RAW: 0 | FILLS: 0
DEBUG: Running _parse_file_nitro on C:\Model-\TradeActivityLogs-tm_6\TradeActivityLog_2025-01-11_UTC.CL-TM_6.data with Adaptive Ghost logic...
FILE: TRADEACTIVITYLOG_2025-01-29_UTC.TM_6.DATA | ACC: TM_6 | SYMBOL: CLH25 | RAW: 218 | FILLS: 109
DEBUG: Running _parse_file_nitro on C:\Model-\TradeActivityLogs-tm_6\TradeActivityLog_2025-01-30_UTC.CL-IPS_TM_6.data with Adaptive Ghost logic...
FILE: TRADEACTIVITYLOG_2024-12-23_UTC.ES-IPS_TM_6.DATA | ACC: ES-IPS_TM_6 | SYMBOL: ESH25 | RAW: 82 | FILLS: 41
FILE: TRADEACTIVITYLOG_2025-04-03_UTC.CL-TM_6.DATA | ACC: CL-TM_6 | SYMBOL: CL | RAW: 0 | FILLS: 0
DEBUG: Running _parse_file_nitro on C:\Model-\TradeActivityLogs-tm_6\TradeActivityLog_2025-05-10_UTC.ZB-IPS_TM_6.data with Adaptive Ghost logic...
DEBUG: Running _parse_file_nitro on C:\Model-\TradeActivityLogs-tm_6\TradeActivityLog_2025-04-03_UTC.ES-IPS_TM_6.data with Adaptive Ghost logic...
FILE: TRADEACTIVITYLOG_2025-03-23_UTC.TM_6.DATA | ACC: TM_6 | SYMBOL: Unknown | RAW: 0 | FILLS: 0
DEBUG: Running _parse_file_nitro on C:\Model-\TradeActivityLogs-tm_6\TradeActivityLog_2025-03-23_UTC.ZB-IPS_TM_6.data with Adaptive Ghost logic...
FILE: TRADEACTIVITYLOG_2025-04-23_UTC.IPS_TM_6.DATA | ACC: IPS_TM_6 | SYMBOL: NQM25 | RAW: 298 | FILLS: 149
FILE: TRADEACTIVITYLOG_2025-01-11_UTC.CL-TM_6.DATA | ACC: CL-TM_6 | SYMBOL: CL | RAW: 0 | FILLS: 0
FILE: TRADEACTIVITYLOG_2024-12-03_UTC.ES-TM_6.DATA | ACC: ES-TM_6 | SYMBOL: ESZ24 | RAW: 36 | FILLS: 18
DEBUG: Running _parse_file_nitro on C:\Model-\TradeActivityLogs-tm_6\TradeActivityLog_2025-01-11_UTC.ES-IPS_TM_6.data with Adaptive Ghost logic...
DEBUG: Running _parse_file_nitro on C:\Model-\TradeActivityLogs-tm_6\TradeActivityLog_2025-04-23_UTC.TM_6.data with Adaptive Ghost logic...
DEBUG: Running _parse_file_nitro on C:\Model-\TradeActivityLogs-tm_6\TradeActivityLog_2024-12-03_UTC.IPS_TM_6.data with Adaptive Ghost logic...
FILE: TRADEACTIVITYLOG_2025-01-30_UTC.CL-IPS_TM_6.DATA | ACC: CL-IPS_TM_6 | SYMBOL: CL | RAW: 0 | FILLS: 0
DEBUG: Running _parse_file_nitro on C:\Model-\TradeActivityLogs-tm_6\TradeActivityLog_2025-01-30_UTC.CL-TM_6.data with Adaptive Ghost logic...
FILE: TRADEACTIVITYLOG_2025-03-06_UTC.IPS_TM_6.DATA | ACC: IPS_TM_6 | SYMBOL: NQH25 | RAW: 212 | FILLS: 106
DEBUG: Running _parse_file_nitro on C:\Model-\TradeActivityLogs-tm_6\TradeActivityLog_2025-03-06_UTC.TM_6.data with Adaptive Ghost logic...
FILE: TRADEACTIVITYLOG_2025-05-10_UTC.ZB-IPS_TM_6.DATA | ACC: ZB-IPS_TM_6 | SYMBOL: Unknown | RAW: 0 | FILLS: 0
DEBUG: Running _parse_file_nitro on C:\Model-\TradeActivityLogs-tm_6\TradeActivityLog_2025-05-10_UTC.ZB-TM_6.data with Adaptive Ghost logic...
FILE: TRADEACTIVITYLOG_2025-03-23_UTC.ZB-IPS_TM_6.DATA | ACC: ZB-IPS_TM_6 | SYMBOL: Unknown | RAW: 0 | FILLS: 0
DEBUG: Running _parse_file_nitro on C:\Model-\TradeActivityLogs-tm_6\TradeActivityLog_2025-03-23_UTC.ZB-TM_6.data with Adaptive Ghost logic...
FILE: TRADEACTIVITYLOG_2025-02-18_UTC.IPS_TM_6.DATA | ACC: IPS_TM_6 | SYMBOL: NQH25 | RAW: 152 | FILLS: 76
DEBUG: Running _parse_file_nitro on C:\Model-\TradeActivityLogs-tm_6\TradeActivityLog_2025-02-18_UTC.TM_6.data with Adaptive Ghost logic...
FILE: TRADEACTIVITYLOG_2025-01-11_UTC.ES-IPS_TM_6.DATA | ACC: ES-IPS_TM_6 | SYMBOL: ES | RAW: 0 | FILLS: 0
DEBUG: Running _parse_file_nitro on C:\Model-\TradeActivityLogs-tm_6\TradeActivityLog_2025-01-11_UTC.ES-TM_6.data with Adaptive Ghost logic...
FILE: TRADEACTIVITYLOG_2025-01-30_UTC.CL-TM_6.DATA | ACC: CL-TM_6 | SYMBOL: CL | RAW: 0 | FILLS: 0
DEBUG: Running _parse_file_nitro on C:\Model-\TradeActivityLogs-tm_6\TradeActivityLog_2025-01-30_UTC.ES-IPS_TM_6.data with Adaptive Ghost logic...
FILE: TRADEACTIVITYLOG_2025-04-03_UTC.ES-IPS_TM_6.DATA | ACC: ES-IPS_TM_6 | SYMBOL: ESM25 | RAW: 132 | FILLS: 66
DEBUG: Running _parse_file_nitro on C:\Model-\TradeActivityLogs-tm_6\TradeActivityLog_2025-04-03_UTC.ES-TM_6.data with Adaptive Ghost logic...
FILE: TRADEACTIVITYLOG_2025-05-10_UTC.ZB-TM_6.DATA | ACC: ZB-TM_6 | SYMBOL: Unknown | RAW: 0 | FILLS: 0
DEBUG: Running _parse_file_nitro on C:\Model-\TradeActivityLogs-tm_6\TradeActivityLog_2025-05-11_UTC.CL-IPS_TM_6.data with Adaptive Ghost logic...
FILE: TRADEACTIVITYLOG_2025-03-23_UTC.ZB-TM_6.DATA | ACC: ZB-TM_6 | SYMBOL: Unknown | RAW: 0 | FILLS: 0
DEBUG: Running _parse_file_nitro on C:\Model-\TradeActivityLogs-tm_6\TradeActivityLog_2025-03-24_UTC.ES-IPS_TM_6.data with Adaptive Ghost logic...
FILE: TRADEACTIVITYLOG_2025-01-11_UTC.ES-TM_6.DATA | ACC: ES-TM_6 | SYMBOL: ES | RAW: 0 | FILLS: 0
DEBUG: Running _parse_file_nitro on C:\Model-\TradeActivityLogs-tm_6\TradeActivityLog_2025-01-11_UTC.IPS_TM_6.data with Adaptive Ghost logic...
FILE: TRADEACTIVITYLOG_2024-12-03_UTC.IPS_TM_6.DATA | ACC: IPS_TM_6 | SYMBOL: NQZ24 | RAW: 142 | FILLS: 71
DEBUG: Running _parse_file_nitro on C:\Model-\TradeActivityLogs-tm_6\TradeActivityLog_2024-12-03_UTC.TM_6.data with Adaptive Ghost logic...
FILE: TRADEACTIVITYLOG_2025-05-11_UTC.CL-IPS_TM_6.DATA | ACC: CL-IPS_TM_6 | SYMBOL: CL | RAW: 0 | FILLS: 0
DEBUG: Running _parse_file_nitro on C:\Model-\TradeActivityLogs-tm_6\TradeActivityLog_2025-05-11_UTC.CL-TM_6.data with Adaptive Ghost logic...
FILE: TRADEACTIVITYLOG_2025-03-06_UTC.TM_6.DATA | ACC: TM_6 | SYMBOL: NQH25 | RAW: 208 | FILLS: 104
DEBUG: Running _parse_file_nitro on C:\Model-\TradeActivityLogs-tm_6\TradeActivityLog_2025-03-06_UTC.ZB-IPS_TM_6.data with Adaptive Ghost logic...
FILE: TRADEACTIVITYLOG_2025-02-18_UTC.TM_6.DATA | ACC: TM_6 | SYMBOL: NQH25 | RAW: 136 | FILLS: 68
FILE: TRADEACTIVITYLOG_2025-01-30_UTC.ES-IPS_TM_6.DATA | ACC: ES-IPS_TM_6 | SYMBOL: ESH25 | RAW: 66 | FILLS: 33
DEBUG: Running _parse_file_nitro on C:\Model-\TradeActivityLogs-tm_6\TradeActivityLog_2025-02-19_UTC.ES-IPS_TM_6.data with Adaptive Ghost logic...
DEBUG: Running _parse_file_nitro on C:\Model-\TradeActivityLogs-tm_6\TradeActivityLog_2025-01-30_UTC.ES-TM_6.data with Adaptive Ghost logic...
FILE: TRADEACTIVITYLOG_2025-01-11_UTC.IPS_TM_6.DATA | ACC: IPS_TM_6 | SYMBOL: Unknown | RAW: 0 | FILLS: 0
DEBUG: Running _parse_file_nitro on C:\Model-\TradeActivityLogs-tm_6\TradeActivityLog_2025-01-11_UTC.TM_6.data with Adaptive Ghost logic...
FILE: TRADEACTIVITYLOG_2025-03-24_UTC.ES-IPS_TM_6.DATA | ACC: ES-IPS_TM_6 | SYMBOL: ESM25 | RAW: 70 | FILLS: 35
DEBUG: Running _parse_file_nitro on C:\Model-\TradeActivityLogs-tm_6\TradeActivityLog_2025-03-24_UTC.ES-TM_6.data with Adaptive Ghost logic...
FILE: TRADEACTIVITYLOG_2025-04-03_UTC.ES-TM_6.DATA | ACC: ES-TM_6 | SYMBOL: ESM25 | RAW: 132 | FILLS: 66
DEBUG: Running _parse_file_nitro on C:\Model-\TradeActivityLogs-tm_6\TradeActivityLog_2025-04-03_UTC.IPS_TM_6.data with Adaptive Ghost logic...
FILE: TRADEACTIVITYLOG_2025-04-23_UTC.TM_6.DATA | ACC: TM_6 | SYMBOL: NQM25 | RAW: 278 | FILLS: 139
DEBUG: Running _parse_file_nitro on C:\Model-\TradeActivityLogs-tm_6\TradeActivityLog_2025-04-23_UTC.ZB-IPS_TM_6.data with Adaptive Ghost logic...
FILE: TRADEACTIVITYLOG_2025-05-11_UTC.CL-TM_6.DATA | ACC: CL-TM_6 | SYMBOL: CL | RAW: 0 | FILLS: 0
DEBUG: Running _parse_file_nitro on C:\Model-\TradeActivityLogs-tm_6\TradeActivityLog_2025-05-11_UTC.ES-IPS_TM_6.data with Adaptive Ghost logic...
FILE: TRADEACTIVITYLOG_2025-03-06_UTC.ZB-IPS_TM_6.DATA | ACC: ZB-IPS_TM_6 | SYMBOL: Unknown | RAW: 0 | FILLS: 0
DEBUG: Running _parse_file_nitro on C:\Model-\TradeActivityLogs-tm_6\TradeActivityLog_2025-03-06_UTC.ZB-TM_6.data with Adaptive Ghost logic...
FILE: TRADEACTIVITYLOG_2024-12-03_UTC.TM_6.DATA | ACC: TM_6 | SYMBOL: NQZ24 | RAW: 142 | FILLS: 71
FILE: TRADEACTIVITYLOG_2025-01-11_UTC.TM_6.DATA | ACC: TM_6 | SYMBOL: Unknown | RAW: 0 | FILLS: 0
DEBUG: Running _parse_file_nitro on C:\Model-\TradeActivityLogs-tm_6\TradeActivityLog_2025-01-11_UTC.ZB-IPS_TM_6.data with Adaptive Ghost logic...
DEBUG: Running _parse_file_nitro on C:\Model-\TradeActivityLogs-tm_6\TradeActivityLog_2024-12-04_UTC.CL-IPS_TM_6.data with Adaptive Ghost logic...
FILE: TRADEACTIVITYLOG_2025-04-23_UTC.ZB-IPS_TM_6.DATA | ACC: ZB-IPS_TM_6 | SYMBOL: Unknown | RAW: 0 | FILLS: 0
DEBUG: Running _parse_file_nitro on C:\Model-\TradeActivityLogs-tm_6\TradeActivityLog_2025-04-23_UTC.ZB-TM_6.data with Adaptive Ghost logic...
FILE: TRADEACTIVITYLOG_2025-02-19_UTC.ES-IPS_TM_6.DATA | ACC: ES-IPS_TM_6 | SYMBOL: ESH25 | RAW: 64 | FILLS: 32
FILE: TRADEACTIVITYLOG_2025-05-11_UTC.ES-IPS_TM_6.DATA | ACC: ES-IPS_TM_6 | SYMBOL: ESM25 | RAW: 2 | FILLS: 1
DEBUG: Running _parse_file_nitro on C:\Model-\TradeActivityLogs-tm_6\TradeActivityLog_2025-02-19_UTC.ES-TM_6.data with Adaptive Ghost logic...
DEBUG: Running _parse_file_nitro on C:\Model-\TradeActivityLogs-tm_6\TradeActivityLog_2025-05-11_UTC.ES-TM_6.data with Adaptive Ghost logic...
FILE: TRADEACTIVITYLOG_2025-03-24_UTC.ES-TM_6.DATA | ACC: ES-TM_6 | SYMBOL: ESM25 | RAW: 66 | FILLS: 33
DEBUG: Running _parse_file_nitro on C:\Model-\TradeActivityLogs-tm_6\TradeActivityLog_2025-03-24_UTC.IPS_TM_6.data with Adaptive Ghost logic...
FILE: TRADEACTIVITYLOG_2025-01-30_UTC.ES-TM_6.DATA | ACC: ES-TM_6 | SYMBOL: ESH25 | RAW: 66 | FILLS: 33
DEBUG: Running _parse_file_nitro on C:\Model-\TradeActivityLogs-tm_6\TradeActivityLog_2025-01-30_UTC.IPS_TM_6.data with Adaptive Ghost logic...
FILE: TRADEACTIVITYLOG_2025-03-06_UTC.ZB-TM_6.DATA | ACC: ZB-TM_6 | SYMBOL: Unknown | RAW: 0 | FILLS: 0
DEBUG: Running _parse_file_nitro on C:\Model-\TradeActivityLogs-tm_6\TradeActivityLog_2025-03-07_UTC.ES-IPS_TM_6.data with Adaptive Ghost logic...
FILE: TRADEACTIVITYLOG_2024-12-04_UTC.CL-IPS_TM_6.DATA | ACC: CL-IPS_TM_6 | SYMBOL: CL | RAW: 0 | FILLS: 0
FILE: TRADEACTIVITYLOG_2025-01-11_UTC.ZB-IPS_TM_6.DATA | ACC: ZB-IPS_TM_6 | SYMBOL: Unknown | RAW: 0 | FILLS: 0
DEBUG: Running _parse_file_nitro on C:\Model-\TradeActivityLogs-tm_6\TradeActivityLog_2025-01-11_UTC.ZB-TM_6.data with Adaptive Ghost logic...
FILE: TRADEACTIVITYLOG_2025-04-23_UTC.ZB-TM_6.DATA | ACC: ZB-TM_6 | SYMBOL: Unknown | RAW: 0 | FILLS: 0
DEBUG: Running _parse_file_nitro on C:\Model-\TradeActivityLogs-tm_6\TradeActivityLog_2025-04-24_UTC.ES-IPS_TM_6.data with Adaptive Ghost logic...
DEBUG: Running _parse_file_nitro on C:\Model-\TradeActivityLogs-tm_6\TradeActivityLog_2025-05-31_UTC.ES-IPS_TM_6.data with Adaptive Ghost logic...
FILE: TRADEACTIVITYLOG_2025-05-11_UTC.ES-TM_6.DATA | ACC: ES-TM_6 | SYMBOL: ESM25 | RAW: 2 | FILLS: 1
DEBUG: Running _parse_file_nitro on C:\Model-\TradeActivityLogs-tm_6\TradeActivityLog_2025-05-11_UTC.IPS_TM_6.data with Adaptive Ghost logic...
FILE: TRADEACTIVITYLOG_2025-02-19_UTC.ES-TM_6.DATA | ACC: ES-TM_6 | SYMBOL: ESH25 | RAW: 64 | FILLS: 32
DEBUG: Running _parse_file_nitro on C:\Model-\TradeActivityLogs-tm_6\TradeActivityLog_2025-02-19_UTC.IPS_TM_6.data with Adaptive Ghost logic...
FILE: TRADEACTIVITYLOG_2025-04-03_UTC.IPS_TM_6.DATA | ACC: IPS_TM_6 | SYMBOL: NQM25 | RAW: 322 | FILLS: 161
DEBUG: Running _parse_file_nitro on C:\Model-\TradeActivityLogs-tm_6\TradeActivityLog_2025-04-03_UTC.TM_6.data with Adaptive Ghost logic...
FILE: TRADEACTIVITYLOG_2025-05-31_UTC.ES-IPS_TM_6.DATA | ACC: ES-IPS_TM_6 | SYMBOL: ES | RAW: 0 | FILLS: 0
DEBUG: Running _parse_file_nitro on C:\Model-\TradeActivityLogs-tm_6\TradeActivityLog_2025-05-31_UTC.ES-TM_6.data with Adaptive Ghost logic...
FILE: TRADEACTIVITYLOG_2025-01-11_UTC.ZB-TM_6.DATA | ACC: ZB-TM_6 | SYMBOL: Unknown | RAW: 0 | FILLS: 0
DEBUG: Running _parse_file_nitro on C:\Model-\TradeActivityLogs-tm_6\TradeActivityLog_2025-01-12_UTC.ES-IPS_TM_6.data with Adaptive Ghost logic...
FILE: TRADEACTIVITYLOG_2025-05-11_UTC.IPS_TM_6.DATA | ACC: IPS_TM_6 | SYMBOL: NQM25 | RAW: 16 | FILLS: 8
FILE: TRADEACTIVITYLOG_2025-04-24_UTC.ES-IPS_TM_6.DATA | ACC: ES-IPS_TM_6 | SYMBOL: ESM25 | RAW: 70 | FILLS: 35
DEBUG: Running _parse_file_nitro on C:\Model-\TradeActivityLogs-tm_6\TradeActivityLog_2025-05-11_UTC.TM_6.data with Adaptive Ghost logic...
DEBUG: Running _parse_file_nitro on C:\Model-\TradeActivityLogs-tm_6\TradeActivityLog_2025-04-24_UTC.ES-TM_6.data with Adaptive Ghost logic...
FILE: TRADEACTIVITYLOG_2025-03-24_UTC.IPS_TM_6.DATA | ACC: IPS_TM_6 | SYMBOL: NQM25 | RAW: 174 | FILLS: 87
DEBUG: Running _parse_file_nitro on C:\Model-\TradeActivityLogs-tm_6\TradeActivityLog_2025-03-24_UTC.TM_6.data with Adaptive Ghost logic...
FILE: TRADEACTIVITYLOG_2025-03-07_UTC.ES-IPS_TM_6.DATA | ACC: ES-IPS_TM_6 | SYMBOL: ESH25 | RAW: 140 | FILLS: 70
DEBUG: Running _parse_file_nitro on C:\Model-\TradeActivityLogs-tm_6\TradeActivityLog_2025-03-07_UTC.ES-TM_6.data with Adaptive Ghost logic...
FILE: TRADEACTIVITYLOG_2025-05-31_UTC.ES-TM_6.DATA | ACC: ES-TM_6 | SYMBOL: ES | RAW: 0 | FILLS: 0
DEBUG: Running _parse_file_nitro on C:\Model-\TradeActivityLogs-tm_6\TradeActivityLog_2025-05-31_UTC.IPS_TM_6.data with Adaptive Ghost logic...
FILE: TRADEACTIVITYLOG_2025-01-30_UTC.IPS_TM_6.DATA | ACC: IPS_TM_6 | SYMBOL: NQH25 | RAW: 250 | FILLS: 125
FILE: TRADEACTIVITYLOG_2025-01-12_UTC.ES-IPS_TM_6.DATA | ACC: ES-IPS_TM_6 | SYMBOL: ESH25 | RAW: 6 | FILLS: 3
DEBUG: Running _parse_file_nitro on C:\Model-\TradeActivityLogs-tm_6\TradeActivityLog_2025-01-30_UTC.TM_6.data with Adaptive Ghost logic...
DEBUG: Running _parse_file_nitro on C:\Model-\TradeActivityLogs-tm_6\TradeActivityLog_2025-01-12_UTC.ES-TM_6.data with Adaptive Ghost logic...
FILE: TRADEACTIVITYLOG_2025-05-11_UTC.TM_6.DATA | ACC: TM_6 | SYMBOL: NQM25 | RAW: 16 | FILLS: 8
DEBUG: Running _parse_file_nitro on C:\Model-\TradeActivityLogs-tm_6\TradeActivityLog_2025-05-11_UTC.ZB-IPS_TM_6.data with Adaptive Ghost logic...
FILE: TRADEACTIVITYLOG_2025-02-19_UTC.IPS_TM_6.DATA | ACC: IPS_TM_6 | SYMBOL: CLH25 | RAW: 174 | FILLS: 87
DEBUG: Running _parse_file_nitro on C:\Model-\TradeActivityLogs-tm_6\TradeActivityLog_2025-02-19_UTC.TM_6.data with Adaptive Ghost logic...
FILE: TRADEACTIVITYLOG_2025-05-31_UTC.IPS_TM_6.DATA | ACC: IPS_TM_6 | SYMBOL: Unknown | RAW: 0 | FILLS: 0
FILE: TRADEACTIVITYLOG_2025-04-24_UTC.ES-TM_6.DATA | ACC: ES-TM_6 | SYMBOL: ESM25 | RAW: 74 | FILLS: 37
DEBUG: Running _parse_file_nitro on C:\Model-\TradeActivityLogs-tm_6\TradeActivityLog_2025-05-31_UTC.TM_6.data with Adaptive Ghost logic...
DEBUG: Running _parse_file_nitro on C:\Model-\TradeActivityLogs-tm_6\TradeActivityLog_2025-04-24_UTC.IPS_TM_6.data with Adaptive Ghost logic...
FILE: TRADEACTIVITYLOG_2025-01-12_UTC.ES-TM_6.DATA | ACC: ES-TM_6 | SYMBOL: ESH25 | RAW: 6 | FILLS: 3
FILE: TRADEACTIVITYLOG_2025-05-11_UTC.ZB-IPS_TM_6.DATA | ACC: ZB-IPS_TM_6 | SYMBOL: Unknown | RAW: 0 | FILLS: 0
DEBUG: Running _parse_file_nitro on C:\Model-\TradeActivityLogs-tm_6\TradeActivityLog_2025-06-23_UTC.IPS_TM_6.data with Adaptive Ghost logic...
DEBUG: Running _parse_file_nitro on C:\Model-\TradeActivityLogs-tm_6\TradeActivityLog_2025-05-11_UTC.ZB-TM_6.data with Adaptive Ghost logic...
FILE: TRADEACTIVITYLOG_2025-04-03_UTC.TM_6.DATA | ACC: TM_6 | SYMBOL: NQM25 | RAW: 320 | FILLS: 160
DEBUG: Running _parse_file_nitro on C:\Model-\TradeActivityLogs-tm_6\TradeActivityLog_2025-04-03_UTC.ZB-IPS_TM_6.data with Adaptive Ghost logic...
FILE: TRADEACTIVITYLOG_2025-03-24_UTC.TM_6.DATA | ACC: TM_6 | SYMBOL: NQM25 | RAW: 172 | FILLS: 86
DEBUG: Running _parse_file_nitro on C:\Model-\TradeActivityLogs-tm_6\TradeActivityLog_2025-03-25_UTC.ES-IPS_TM_6.data with Adaptive Ghost logic...
FILE: TRADEACTIVITYLOG_2025-05-31_UTC.TM_6.DATA | ACC: TM_6 | SYMBOL: Unknown | RAW: 0 | FILLS: 0
DEBUG: Running _parse_file_nitro on C:\Model-\TradeActivityLogs-tm_6\TradeActivityLog_2025-05-31_UTC.ZB-TM_6.data with Adaptive Ghost logic...
FILE: TRADEACTIVITYLOG_2025-03-07_UTC.ES-TM_6.DATA | ACC: ES-TM_6 | SYMBOL: ESH25 | RAW: 140 | FILLS: 70
DEBUG: Running _parse_file_nitro on C:\Model-\TradeActivityLogs-tm_6\TradeActivityLog_2025-03-07_UTC.IPS_TM_6.data with Adaptive Ghost logic...
FILE: TRADEACTIVITYLOG_2025-04-03_UTC.ZB-IPS_TM_6.DATA | ACC: ZB-IPS_TM_6 | SYMBOL: Unknown | RAW: 0 | FILLS: 0
FILE: TRADEACTIVITYLOG_2025-05-11_UTC.ZB-TM_6.DATA | ACC: ZB-TM_6 | SYMBOL: Unknown | RAW: 0 | FILLS: 0
DEBUG: Running _parse_file_nitro on C:\Model-\TradeActivityLogs-tm_6\TradeActivityLog_2025-05-12_UTC.ES-IPS_TM_6.data with Adaptive Ghost logic...
DEBUG: Running _parse_file_nitro on C:\Model-\TradeActivityLogs-tm_6\TradeActivityLog_2025-04-03_UTC.ZB-TM_6.data with Adaptive Ghost logic...
FILE: TRADEACTIVITYLOG_2025-05-31_UTC.ZB-TM_6.DATA | ACC: ZB-TM_6 | SYMBOL: Unknown | RAW: 0 | FILLS: 0
DEBUG: Running _parse_file_nitro on C:\Model-\TradeActivityLogs-tm_6\TradeActivityLog_2025-06-01_UTC.ES-IPS_TM_6.data with Adaptive Ghost logic...
FILE: TRADEACTIVITYLOG_2025-02-19_UTC.TM_6.DATA | ACC: TM_6 | SYMBOL: CLH25 | RAW: 174 | FILLS: 87
DEBUG: Running _parse_file_nitro on C:\Model-\TradeActivityLogs-tm_6\TradeActivityLog_2025-02-20_UTC.ES-IPS_TM_6.data with Adaptive Ghost logic...
FILE: TRADEACTIVITYLOG_2025-01-30_UTC.TM_6.DATA | ACC: TM_6 | SYMBOL: NQH25 | RAW: 246 | FILLS: 123
DEBUG: Running _parse_file_nitro on C:\Model-\TradeActivityLogs-tm_6\TradeActivityLog_2025-01-30_UTC.ZB-IPS_TM_6.data with Adaptive Ghost logic...
FILE: TRADEACTIVITYLOG_2025-04-24_UTC.IPS_TM_6.DATA | ACC: IPS_TM_6 | SYMBOL: NQM25 | RAW: 196 | FILLS: 98
FILE: TRADEACTIVITYLOG_2025-03-25_UTC.ES-IPS_TM_6.DATA | ACC: ES-IPS_TM_6 | SYMBOL: ESM25 | RAW: 60 | FILLS: 30
DEBUG: Running _parse_file_nitro on C:\Model-\TradeActivityLogs-tm_6\TradeActivityLog_2025-04-24_UTC.TM_6.data with Adaptive Ghost logic...
DEBUG: Running _parse_file_nitro on C:\Model-\TradeActivityLogs-tm_6\TradeActivityLog_2025-03-25_UTC.ES-TM_6.data with Adaptive Ghost logic...
FILE: TRADEACTIVITYLOG_2024-09-30_UTC.TM_6.DATA | ACC: TM_6 | SYMBOL: CLX24 | RAW: 54 | FILLS: 27
DEBUG: Running _parse_file_nitro on C:\Model-\TradeActivityLogs-tm_6\TradeActivityLog_2024-09-30_UTC.ZB-IPS_TM_6.data with Adaptive Ghost logic...
FILE: TRADEACTIVITYLOG_2025-04-03_UTC.ZB-TM_6.DATA | ACC: ZB-TM_6 | SYMBOL: Unknown | RAW: 0 | FILLS: 0
DEBUG: Running _parse_file_nitro on C:\Model-\TradeActivityLogs-tm_6\TradeActivityLog_2025-04-04_UTC.ES-IPS_TM_6.data with Adaptive Ghost logic...
FILE: TRADEACTIVITYLOG_2025-06-01_UTC.ES-IPS_TM_6.DATA | ACC: ES-IPS_TM_6 | SYMBOL: ESM25 | RAW: 2 | FILLS: 1
DEBUG: Running _parse_file_nitro on C:\Model-\TradeActivityLogs-tm_6\TradeActivityLog_2025-06-01_UTC.ES-TM_6.data with Adaptive Ghost logic...
FILE: TRADEACTIVITYLOG_2025-01-30_UTC.ZB-IPS_TM_6.DATA | ACC: ZB-IPS_TM_6 | SYMBOL: Unknown | RAW: 0 | FILLS: 0
DEBUG: Running _parse_file_nitro on C:\Model-\TradeActivityLogs-tm_6\TradeActivityLog_2025-01-30_UTC.ZB-TM_6.data with Adaptive Ghost logic...
FILE: TRADEACTIVITYLOG_2025-05-12_UTC.ES-IPS_TM_6.DATA | ACC: ES-IPS_TM_6 | SYMBOL: ESM25 | RAW: 66 | FILLS: 33
DEBUG: Running _parse_file_nitro on C:\Model-\TradeActivityLogs-tm_6\TradeActivityLog_2025-05-12_UTC.ES-TM_6.data with Adaptive Ghost logic...
FILE: TRADEACTIVITYLOG_2024-09-30_UTC.ZB-IPS_TM_6.DATA | ACC: ZB-IPS_TM_6 | SYMBOL: Unknown | RAW: 0 | FILLS: 0
DEBUG: Running _parse_file_nitro on C:\Model-\TradeActivityLogs-tm_6\TradeActivityLog_2024-09-30_UTC.ZB-TM_6.data with Adaptive Ghost logic...
FILE: TRADEACTIVITYLOG_2025-02-20_UTC.ES-IPS_TM_6.DATA | ACC: ES-IPS_TM_6 | SYMBOL: ESH25 | RAW: 64 | FILLS: 32
DEBUG: Running _parse_file_nitro on C:\Model-\TradeActivityLogs-tm_6\TradeActivityLog_2025-02-20_UTC.ES-TM_6.data with Adaptive Ghost logic...
FILE: TRADEACTIVITYLOG_2025-03-25_UTC.ES-TM_6.DATA | ACC: ES-TM_6 | SYMBOL: ESM25 | RAW: 60 | FILLS: 30
DEBUG: Running _parse_file_nitro on C:\Model-\TradeActivityLogs-tm_6\TradeActivityLog_2025-03-25_UTC.IPS_TM_6.data with Adaptive Ghost logic...
FILE: TRADEACTIVITYLOG_2025-06-01_UTC.ES-TM_6.DATA | ACC: ES-TM_6 | SYMBOL: ESM25 | RAW: 2 | FILLS: 1
DEBUG: Running _parse_file_nitro on C:\Model-\TradeActivityLogs-tm_6\TradeActivityLog_2025-06-01_UTC.IPS_TM_6.data with Adaptive Ghost logic...
FILE: TRADEACTIVITYLOG_2025-03-07_UTC.IPS_TM_6.DATA | ACC: IPS_TM_6 | SYMBOL: NQH25 | RAW: 244 | FILLS: 122
DEBUG: Running _parse_file_nitro on C:\Model-\TradeActivityLogs-tm_6\TradeActivityLog_2025-03-07_UTC.TM_6.data with Adaptive Ghost logic...
FILE: TRADEACTIVITYLOG_2025-06-23_UTC.IPS_TM_6.DATA | ACC: IPS_TM_6 | SYMBOL: CLQ25 | RAW: 364 | FILLS: 182
DEBUG: Running _parse_file_nitro on C:\Model-\TradeActivityLogs-tm_6\TradeActivityLog_2025-06-23_UTC.TM_6.data with Adaptive Ghost logic...
FILE: TRADEACTIVITYLOG_2025-01-30_UTC.ZB-TM_6.DATA | ACC: ZB-TM_6 | SYMBOL: Unknown | RAW: 0 | FILLS: 0
DEBUG: Running _parse_file_nitro on C:\Model-\TradeActivityLogs-tm_6\TradeActivityLog_2025-01-31_UTC.ES-IPS_TM_6.data with Adaptive Ghost logic...
FILE: TRADEACTIVITYLOG_2025-04-24_UTC.TM_6.DATA | ACC: TM_6 | SYMBOL: NQM25 | RAW: 184 | FILLS: 92
DEBUG: Running _parse_file_nitro on C:\Model-\TradeActivityLogs-tm_6\TradeActivityLog_2025-04-25_UTC.ES-IPS_TM_6.data with Adaptive Ghost logic...
FILE: TRADEACTIVITYLOG_2024-09-30_UTC.ZB-TM_6.DATA | ACC: ZB-TM_6 | SYMBOL: Unknown | RAW: 0 | FILLS: 0
DEBUG: Running _parse_file_nitro on C:\Model-\TradeActivityLogs-tm_6\TradeActivityLog_2024-10-01_UTC.CL-IPS_TM_6.data with Adaptive Ghost logic...
FILE: TRADEACTIVITYLOG_2025-05-12_UTC.ES-TM_6.DATA | ACC: ES-TM_6 | SYMBOL: ESM25 | RAW: 70 | FILLS: 35
DEBUG: Running _parse_file_nitro on C:\Model-\TradeActivityLogs-tm_6\TradeActivityLog_2025-05-12_UTC.IPS_TM_6.data with Adaptive Ghost logic...
FILE: TRADEACTIVITYLOG_2025-06-01_UTC.IPS_TM_6.DATA | ACC: IPS_TM_6 | SYMBOL: NQM25 | RAW: 6 | FILLS: 3
DEBUG: Running _parse_file_nitro on C:\Model-\TradeActivityLogs-tm_6\TradeActivityLog_2025-06-01_UTC.TM_6.data with Adaptive Ghost logic...
FILE: TRADEACTIVITYLOG_2025-02-20_UTC.ES-TM_6.DATA | ACC: ES-TM_6 | SYMBOL: ESH25 | RAW: 64 | FILLS: 32
DEBUG: Running _parse_file_nitro on C:\Model-\TradeActivityLogs-tm_6\TradeActivityLog_2025-02-20_UTC.IPS_TM_6.data with Adaptive Ghost logic...
FILE: TRADEACTIVITYLOG_2025-04-04_UTC.ES-IPS_TM_6.DATA | ACC: ES-IPS_TM_6 | SYMBOL: ESM25 | RAW: 232 | FILLS: 116
DEBUG: Running _parse_file_nitro on C:\Model-\TradeActivityLogs-tm_6\TradeActivityLog_2025-04-04_UTC.ES-TM_6.data with Adaptive Ghost logic...
FILE: TRADEACTIVITYLOG_2024-10-01_UTC.CL-IPS_TM_6.DATA | ACC: CL-IPS_TM_6 | SYMBOL: CL | RAW: 0 | FILLS: 0
DEBUG: Running _parse_file_nitro on C:\Model-\TradeActivityLogs-tm_6\TradeActivityLog_2024-10-01_UTC.CL-TM_6.data with Adaptive Ghost logic...
FILE: TRADEACTIVITYLOG_2025-04-25_UTC.ES-IPS_TM_6.DATA | ACC: ES-IPS_TM_6 | SYMBOL: ESM25 | RAW: 68 | FILLS: 34
DEBUG: Running _parse_file_nitro on C:\Model-\TradeActivityLogs-tm_6\TradeActivityLog_2025-04-25_UTC.ES-TM_6.data with Adaptive Ghost logic...
FILE: TRADEACTIVITYLOG_2025-01-31_UTC.ES-IPS_TM_6.DATA | ACC: ES-IPS_TM_6 | SYMBOL: ESH25 | RAW: 40 | FILLS: 20
DEBUG: Running _parse_file_nitro on C:\Model-\TradeActivityLogs-tm_6\TradeActivityLog_2025-01-31_UTC.ES-TM_6.data with Adaptive Ghost logic...
FILE: TRADEACTIVITYLOG_2025-03-25_UTC.IPS_TM_6.DATA | ACC: IPS_TM_6 | SYMBOL: NQM25 | RAW: 154 | FILLS: 77
FILE: TRADEACTIVITYLOG_2025-06-01_UTC.TM_6.DATA | ACC: TM_6 | SYMBOL: NQM25 | RAW: 6 | FILLS: 3
DEBUG: Running _parse_file_nitro on C:\Model-\TradeActivityLogs-tm_6\TradeActivityLog_2025-03-25_UTC.TM_6.data with Adaptive Ghost logic...
DEBUG: Running _parse_file_nitro on C:\Model-\TradeActivityLogs-tm_6\TradeActivityLog_2025-06-01_UTC.ZB-TM_6.data with Adaptive Ghost logic...
FILE: TRADEACTIVITYLOG_2025-03-07_UTC.TM_6.DATA | ACC: TM_6 | SYMBOL: NQH25 | RAW: 210 | FILLS: 105
DEBUG: Running _parse_file_nitro on C:\Model-\TradeActivityLogs-tm_6\TradeActivityLog_2025-03-09_UTC.ES-IPS_TM_6.data with Adaptive Ghost logic...
FILE: TRADEACTIVITYLOG_2024-10-01_UTC.CL-TM_6.DATA | ACC: CL-TM_6 | SYMBOL: CL | RAW: 0 | FILLS: 0
DEBUG: Running _parse_file_nitro on C:\Model-\TradeActivityLogs-tm_6\TradeActivityLog_2024-10-01_UTC.ES-IPS_TM_6.data with Adaptive Ghost logic...
FILE: TRADEACTIVITYLOG_2025-06-01_UTC.ZB-TM_6.DATA | ACC: ZB-TM_6 | SYMBOL: Unknown | RAW: 0 | FILLS: 0
FILE: TRADEACTIVITYLOG_2025-05-12_UTC.IPS_TM_6.DATA | ACC: IPS_TM_6 | SYMBOL: NQM25 | RAW: 204 | FILLS: 102
DEBUG: Running _parse_file_nitro on C:\Model-\TradeActivityLogs-tm_6\TradeActivityLog_2025-06-02_UTC.ES-IPS_TM_6.data with Adaptive Ghost logic...
DEBUG: Running _parse_file_nitro on C:\Model-\TradeActivityLogs-tm_6\TradeActivityLog_2025-05-12_UTC.TM_6.data with Adaptive Ghost logic...
FILE: TRADEACTIVITYLOG_2025-01-31_UTC.ES-TM_6.DATA | ACC: ES-TM_6 | SYMBOL: ESH25 | RAW: 40 | FILLS: 20
DEBUG: Running _parse_file_nitro on C:\Model-\TradeActivityLogs-tm_6\TradeActivityLog_2025-01-31_UTC.IPS_TM_6.data with Adaptive Ghost logic...
FILE: TRADEACTIVITYLOG_2025-04-25_UTC.ES-TM_6.DATA | ACC: ES-TM_6 | SYMBOL: ESM25 | RAW: 76 | FILLS: 38
DEBUG: Running _parse_file_nitro on C:\Model-\TradeActivityLogs-tm_6\TradeActivityLog_2025-04-25_UTC.IPS_TM_6.data with Adaptive Ghost logic...
FILE: TRADEACTIVITYLOG_2025-03-09_UTC.ES-IPS_TM_6.DATA | ACC: ES-IPS_TM_6 | SYMBOL: ESH25 | RAW: 8 | FILLS: 4
FILE: TRADEACTIVITYLOG_2025-02-20_UTC.IPS_TM_6.DATA | ACC: IPS_TM_6 | SYMBOL: NQH25 | RAW: 190 | FILLS: 95
DEBUG: Running _parse_file_nitro on C:\Model-\TradeActivityLogs-tm_6\TradeActivityLog_2025-03-09_UTC.ES-TM_6.data with Adaptive Ghost logic...
DEBUG: Running _parse_file_nitro on C:\Model-\TradeActivityLogs-tm_6\TradeActivityLog_2025-02-20_UTC.TM_6.data with Adaptive Ghost logic...
FILE: TRADEACTIVITYLOG_2025-06-23_UTC.TM_6.DATA | ACC: TM_6 | SYMBOL: CLQ25 | RAW: 356 | FILLS: 178
FILE: TRADEACTIVITYLOG_2025-04-04_UTC.ES-TM_6.DATA | ACC: ES-TM_6 | SYMBOL: ESM25 | RAW: 232 | FILLS: 116
DEBUG: Running _parse_file_nitro on C:\Model-\TradeActivityLogs-tm_6\TradeActivityLog_2025-06-24_UTC.ES-IPS_TM_6.data with Adaptive Ghost logic...
DEBUG: Running _parse_file_nitro on C:\Model-\TradeActivityLogs-tm_6\TradeActivityLog_2025-04-04_UTC.IPS_TM_6.data with Adaptive Ghost logic...
FILE: TRADEACTIVITYLOG_2025-03-25_UTC.TM_6.DATA | ACC: TM_6 | SYMBOL: NQM25 | RAW: 154 | FILLS: 77
DEBUG: Running _parse_file_nitro on C:\Model-\TradeActivityLogs-tm_6\TradeActivityLog_2025-03-26_UTC.ES-IPS_TM_6.data with Adaptive Ghost logic...
FILE: TRADEACTIVITYLOG_2024-10-01_UTC.ES-IPS_TM_6.DATA | ACC: ES-IPS_TM_6 | SYMBOL: ESZ24 | RAW: 70 | FILLS: 35
DEBUG: Running _parse_file_nitro on C:\Model-\TradeActivityLogs-tm_6\TradeActivityLog_2024-10-01_UTC.ES-TM_6.data with Adaptive Ghost logic...
FILE: TRADEACTIVITYLOG_2025-03-09_UTC.ES-TM_6.DATA | ACC: ES-TM_6 | SYMBOL: ESH25 | RAW: 8 | FILLS: 4
DEBUG: Running _parse_file_nitro on C:\Model-\TradeActivityLogs-tm_6\TradeActivityLog_2025-03-09_UTC.IPS_TM_6.data with Adaptive Ghost logic...
FILE: TRADEACTIVITYLOG_2025-06-02_UTC.ES-IPS_TM_6.DATA | ACC: ES-IPS_TM_6 | SYMBOL: ESM25 | RAW: 72 | FILLS: 36
DEBUG: Running _parse_file_nitro on C:\Model-\TradeActivityLogs-tm_6\TradeActivityLog_2025-06-02_UTC.ES-TM_6.data with Adaptive Ghost logic...
FILE: TRADEACTIVITYLOG_2025-06-24_UTC.ES-IPS_TM_6.DATA | ACC: ES-IPS_TM_6 | SYMBOL: ESU25 | RAW: 52 | FILLS: 26
DEBUG: Running _parse_file_nitro on C:\Model-\TradeActivityLogs-tm_6\TradeActivityLog_2025-06-24_UTC.ES-TM_6.data with Adaptive Ghost logic...
FILE: TRADEACTIVITYLOG_2025-05-12_UTC.TM_6.DATA | ACC: TM_6 | SYMBOL: NQM25 | RAW: 206 | FILLS: 103
DEBUG: Running _parse_file_nitro on C:\Model-\TradeActivityLogs-tm_6\TradeActivityLog_2025-05-13_UTC.ES-IPS_TM_6.data with Adaptive Ghost logic...
FILE: TRADEACTIVITYLOG_2025-04-25_UTC.IPS_TM_6.DATA | ACC: IPS_TM_6 | SYMBOL: CLM25 | RAW: 204 | FILLS: 102
FILE: TRADEACTIVITYLOG_2025-03-26_UTC.ES-IPS_TM_6.DATA | ACC: ES-IPS_TM_6 | SYMBOL: ESM25 | RAW: 72 | FILLS: 36
th Adaptive Ghost logic...
FILE: TRADEACTIVITYLOG_2024-10-01_UTC.ES-TM_6.DATA | ACC: ES-TM_6 | SYMBOL: ESZ24 | RAW: 64 | FILLS: 32
DEBUG: Running _parse_file_nitro on C:\Model-\TradeActivityLogs-tm_6\TradeActivityLog_2025-03-26_UTC.ES-TM_6.data with Adaptive Ghost logic...
DEBUG: Running _parse_file_nitro on C:\Model-\TradeActivityLogs-tm_6\TradeActivityLog_2024-10-01_UTC.IPS_TM_6.data with Adaptive Ghost logic...
FILE: TRADEACTIVITYLOG_2025-01-31_UTC.IPS_TM_6.DATA | ACC: IPS_TM_6 | SYMBOL: NQH25 | RAW: 208 | FILLS: 104
DEBUG: Running _parse_file_nitro on C:\Model-\TradeActivityLogs-tm_6\TradeActivityLog_2025-01-31_UTC.TM_6.data with Adaptive Ghost logic...
FILE: TRADEACTIVITYLOG_2025-03-09_UTC.IPS_TM_6.DATA | ACC: IPS_TM_6 | SYMBOL: CLJ25 | RAW: 4 | FILLS: 2
DEBUG: Running _parse_file_nitro on C:\Model-\TradeActivityLogs-tm_6\TradeActivityLog_2025-03-09_UTC.TM_6.data with Adaptive Ghost logic...
FILE: TRADEACTIVITYLOG_2025-06-02_UTC.ES-TM_6.DATA | ACC: ES-TM_6 | SYMBOL: ESM25 | RAW: 68 | FILLS: 34
FILE: TRADEACTIVITYLOG_2025-02-20_UTC.TM_6.DATA | ACC: TM_6 | SYMBOL: NQH25 | RAW: 190 | FILLS: 95
DEBUG: Running _parse_file_nitro on C:\Model-\TradeActivityLogs-tm_6\TradeActivityLog_2025-06-02_UTC.IPS_TM_6.data with Adaptive Ghost logic...
DEBUG: Running _parse_file_nitro on C:\Model-\TradeActivityLogs-tm_6\TradeActivityLog_2025-02-21_UTC.ES-IPS_TM_6.data with Adaptive Ghost logic...
FILE: TRADEACTIVITYLOG_2025-06-24_UTC.ES-TM_6.DATA | ACC: ES-TM_6 | SYMBOL: ESU25 | RAW: 48 | FILLS: 24
DEBUG: Running _parse_file_nitro on C:\Model-\TradeActivityLogs-tm_6\TradeActivityLog_2025-06-24_UTC.IPS_TM_6.data with Adaptive Ghost logic...
FILE: TRADEACTIVITYLOG_2025-05-13_UTC.ES-IPS_TM_6.DATA | ACC: ES-IPS_TM_6 | SYMBOL: ESM25 | RAW: 60 | FILLS: 30
DEBUG: Running _parse_file_nitro on C:\Model-\TradeActivityLogs-tm_6\TradeActivityLog_2025-05-13_UTC.ES-TM_6.data with Adaptive Ghost logic...
FILE: TRADEACTIVITYLOG_2025-03-09_UTC.TM_6.DATA | ACC: TM_6 | SYMBOL: CLJ25 | RAW: 4 | FILLS: 2
DEBUG: Running _parse_file_nitro on C:\Model-\TradeActivityLogs-tm_6\TradeActivityLog_2025-03-10_UTC.ES-IPS_TM_6.data with Adaptive Ghost logic...
FILE: TRADEACTIVITYLOG_2025-03-26_UTC.ES-TM_6.DATA | ACC: ES-TM_6 | SYMBOL: ESM25 | RAW: 72 | FILLS: 36
DEBUG: Running _parse_file_nitro on C:\Model-\TradeActivityLogs-tm_6\TradeActivityLog_2025-03-26_UTC.IPS_TM_6.data with Adaptive Ghost logic...
FILE: TRADEACTIVITYLOG_2025-04-04_UTC.IPS_TM_6.DATA | ACC: IPS_TM_6 | SYMBOL: NQM25 | RAW: 458 | FILLS: 229
FILE: TRADEACTIVITYLOG_2025-05-13_UTC.ES-TM_6.DATA | ACC: ES-TM_6 | SYMBOL: ESM25 | RAW: 60 | FILLS: 30
DEBUG: Running _parse_file_nitro on C:\Model-\TradeActivityLogs-tm_6\TradeActivityLog_2025-04-04_UTC.TM_6.data with Adaptive Ghost logic...
FILE: TRADEACTIVITYLOG_2025-02-21_UTC.ES-IPS_TM_6.DATA | ACC: ES-IPS_TM_6 | SYMBOL: ESH25 | RAW: 74 | FILLS: 37
DEBUG: Running _parse_file_nitro on C:\Model-\TradeActivityLogs-tm_6\TradeActivityLog_2025-05-13_UTC.IPS_TM_6.data with Adaptive Ghost logic...
DEBUG: Running _parse_file_nitro on C:\Model-\TradeActivityLogs-tm_6\TradeActivityLog_2025-02-21_UTC.ES-TM_6.data with Adaptive Ghost logic...
FILE: TRADEACTIVITYLOG_2025-01-31_UTC.TM_6.DATA | ACC: TM_6 | SYMBOL: NQH25 | RAW: 214 | FILLS: 107
DEBUG: Running _parse_file_nitro on C:\Model-\TradeActivityLogs-tm_6\TradeActivityLog_2025-02-01_UTC.CL-IPS_TM_6.data with Adaptive Ghost logic...
FILE: TRADEACTIVITYLOG_2025-06-02_UTC.IPS_TM_6.DATA | ACC: IPS_TM_6 | SYMBOL: NQM25 | RAW: 122 | FILLS: 61
DEBUG: Running _parse_file_nitro on C:\Model-\TradeActivityLogs-tm_6\TradeActivityLog_2025-06-02_UTC.TM_6.data with Adaptive Ghost logic...
FILE: TRADEACTIVITYLOG_2025-04-25_UTC.TM_6.DATA | ACC: TM_6 | SYMBOL: CLM25 | RAW: 196 | FILLS: 98
DEBUG: Running _parse_file_nitro on C:\Model-\TradeActivityLogs-tm_6\TradeActivityLog_2025-04-27_UTC.CL-IPS_TM_6.data with Adaptive Ghost logic...
FILE: TRADEACTIVITYLOG_2025-06-24_UTC.IPS_TM_6.DATA | ACC: IPS_TM_6 | SYMBOL: NQU25 | RAW: 240 | FILLS: 120
DEBUG: Running _parse_file_nitro on C:\Model-\TradeActivityLogs-tm_6\TradeActivityLog_2025-06-24_UTC.TM_6.data with Adaptive Ghost logic...
FILE: TRADEACTIVITYLOG_2025-03-10_UTC.ES-IPS_TM_6.DATA | ACC: ES-IPS_TM_6 | SYMBOL: ESH25 | RAW: 150 | FILLS: 75
FILE: TRADEACTIVITYLOG_2025-04-27_UTC.CL-IPS_TM_6.DATA | ACC: CL-IPS_TM_6 | SYMBOL: CL | RAW: 0 | FILLS: 0
DEBUG: Running _parse_file_nitro on C:\Model-\TradeActivityLogs-tm_6\TradeActivityLog_2025-04-27_UTC.CL-TM_6.data with Adaptive Ghost logic...
DEBUG: Running _parse_file_nitro on C:\Model-\TradeActivityLogs-tm_6\TradeActivityLog_2025-03-10_UTC.ES-TM_6.data with Adaptive Ghost logic...
FILE: TRADEACTIVITYLOG_2025-02-01_UTC.CL-IPS_TM_6.DATA | ACC: CL-IPS_TM_6 | SYMBOL: CL | RAW: 0 | FILLS: 0
DEBUG: Running _parse_file_nitro on C:\Model-\TradeActivityLogs-tm_6\TradeActivityLog_2025-02-01_UTC.CL-TM_6.data with Adaptive Ghost logic...
FILE: TRADEACTIVITYLOG_2025-05-13_UTC.IPS_TM_6.DATA | ACC: IPS_TM_6 | SYMBOL: NQM25 | RAW: 154 | FILLS: 77
DEBUG: Running _parse_file_nitro on C:\Model-\TradeActivityLogs-tm_6\TradeActivityLog_2025-05-13_UTC.TM_6.data with Adaptive Ghost logic...
FILE: TRADEACTIVITYLOG_2025-02-21_UTC.ES-TM_6.DATA | ACC: ES-TM_6 | SYMBOL: ESH25 | RAW: 82 | FILLS: 41
DEBUG: Running _parse_file_nitro on C:\Model-\TradeActivityLogs-tm_6\TradeActivityLog_2025-02-21_UTC.IPS_TM_6.data with Adaptive Ghost logic...
FILE: TRADEACTIVITYLOG_2025-04-27_UTC.CL-TM_6.DATA | ACC: CL-TM_6 | SYMBOL: CL | RAW: 0 | FILLS: 0
DEBUG: Running _parse_file_nitro on C:\Model-\TradeActivityLogs-tm_6\TradeActivityLog_2025-04-27_UTC.ES-IPS_TM_6.data with Adaptive Ghost logic...
FILE: TRADEACTIVITYLOG_2025-02-01_UTC.CL-TM_6.DATA | ACC: CL-TM_6 | SYMBOL: CL | RAW: 0 | FILLS: 0
DEBUG: Running _parse_file_nitro on C:\Model-\TradeActivityLogs-tm_6\TradeActivityLog_2025-02-01_UTC.ES-IPS_TM_6.data with Adaptive Ghost logic...
FILE: TRADEACTIVITYLOG_2025-06-02_UTC.TM_6.DATA | ACC: TM_6 | SYMBOL: NQM25 | RAW: 122 | FILLS: 61
DEBUG: Running _parse_file_nitro on C:\Model-\TradeActivityLogs-tm_6\TradeActivityLog_2025-06-03_UTC.ES-IPS_TM_6.data with Adaptive Ghost logic...
FILE: TRADEACTIVITYLOG_2025-03-26_UTC.IPS_TM_6.DATA | ACC: IPS_TM_6 | SYMBOL: CLK25 | RAW: 242 | FILLS: 121
DEBUG: Running _parse_file_nitro on C:\Model-\TradeActivityLogs-tm_6\TradeActivityLog_2025-03-26_UTC.TM_6.data with Adaptive Ghost logic...
FILE: TRADEACTIVITYLOG_2025-03-10_UTC.ES-TM_6.DATA | ACC: ES-TM_6 | SYMBOL: ESH25 | RAW: 150 | FILLS: 75
DEBUG: Running _parse_file_nitro on C:\Model-\TradeActivityLogs-tm_6\TradeActivityLog_2025-03-10_UTC.IPS_TM_6.data with Adaptive Ghost logic...
FILE: TRADEACTIVITYLOG_2025-04-27_UTC.ES-IPS_TM_6.DATA | ACC: ES-IPS_TM_6 | SYMBOL: ES | RAW: 0 | FILLS: 0
DEBUG: Running _parse_file_nitro on C:\Model-\TradeActivityLogs-tm_6\TradeActivityLog_2025-04-27_UTC.ES-TM_6.data with Adaptive Ghost logic...
FILE: TRADEACTIVITYLOG_2025-02-01_UTC.ES-IPS_TM_6.DATA | ACC: ES-IPS_TM_6 | SYMBOL: ES | RAW: 0 | FILLS: 0
DEBUG: Running _parse_file_nitro on C:\Model-\TradeActivityLogs-tm_6\TradeActivityLog_2025-07-18_UTC.ES-IPS_TM_6.data with Adaptive Ghost logic...
FILE: TRADEACTIVITYLOG_2025-04-04_UTC.TM_6.DATA | ACC: TM_6 | SYMBOL: NQM25 | RAW: 394 | FILLS: 197
DEBUG: Running _parse_file_nitro on C:\Model-\TradeActivityLogs-tm_6\TradeActivityLog_2025-04-06_UTC.ES-IPS_TM_6.data with Adaptive Ghost logic...
FILE: TRADEACTIVITYLOG_2025-06-24_UTC.TM_6.DATA | ACC: TM_6 | SYMBOL: NQU25 | RAW: 242 | FILLS: 121
DEBUG: Running _parse_file_nitro on C:\Model-\TradeActivityLogs-tm_6\TradeActivityLog_2025-06-25_UTC.ES-IPS_TM_6.data with Adaptive Ghost logic...
FILE: TRADEACTIVITYLOG_2025-05-13_UTC.TM_6.DATA | ACC: TM_6 | SYMBOL: NQM25 | RAW: 142 | FILLS: 71
DEBUG: Running _parse_file_nitro on C:\Model-\TradeActivityLogs-tm_6\TradeActivityLog_2025-05-14_UTC.CL-IPS_TM_6.data with Adaptive Ghost logic...
FILE: TRADEACTIVITYLOG_2025-04-27_UTC.ES-TM_6.DATA | ACC: ES-TM_6 | SYMBOL: ES | RAW: 0 | FILLS: 0
DEBUG: Running _parse_file_nitro on C:\Model-\TradeActivityLogs-tm_6\TradeActivityLog_2025-04-27_UTC.IPS_TM_6.data with Adaptive Ghost logic...
FILE: TRADEACTIVITYLOG_2025-06-03_UTC.ES-IPS_TM_6.DATA | ACC: ES-IPS_TM_6 | SYMBOL: ESM25 | RAW: 56 | FILLS: 28
DEBUG: Running _parse_file_nitro on C:\Model-\TradeActivityLogs-tm_6\TradeActivityLog_2025-06-03_UTC.ES-TM_6.data with Adaptive Ghost logic...
FILE: TRADEACTIVITYLOG_2025-04-06_UTC.ES-IPS_TM_6.DATA | ACC: ES-IPS_TM_6 | SYMBOL: ESM25 | RAW: 14 | FILLS: 7
DEBUG: Running _parse_file_nitro on C:\Model-\TradeActivityLogs-tm_6\TradeActivityLog_2025-04-06_UTC.ES-TM_6.data with Adaptive Ghost logic...
FILE: TRADEACTIVITYLOG_2025-05-14_UTC.CL-IPS_TM_6.DATA | ACC: CL-IPS_TM_6 | SYMBOL: CL | RAW: 0 | FILLS: 0
DEBUG: Running _parse_file_nitro on C:\Model-\TradeActivityLogs-tm_6\TradeActivityLog_2025-05-14_UTC.CL-TM_6.data with Adaptive Ghost logic...
FILE: TRADEACTIVITYLOG_2025-02-21_UTC.IPS_TM_6.DATA | ACC: IPS_TM_6 | SYMBOL: CLH25 | RAW: 204 | FILLS: 102
DEBUG: Running _parse_file_nitro on C:\Model-\TradeActivityLogs-tm_6\TradeActivityLog_2025-02-21_UTC.TM_6.data with Adaptive Ghost logic...
FILE: TRADEACTIVITYLOG_2025-07-18_UTC.ES-IPS_TM_6.DATA | ACC: ES-IPS_TM_6 | SYMBOL: ESU25 | RAW: 67 | FILLS: 34
DEBUG: Running _parse_file_nitro on C:\Model-\TradeActivityLogs-tm_6\TradeActivityLog_2025-07-18_UTC.ES-TM_6.data with Adaptive Ghost logic...
FILE: TRADEACTIVITYLOG_2025-06-25_UTC.ES-IPS_TM_6.DATA | ACC: ES-IPS_TM_6 | SYMBOL: ESU25 | RAW: 56 | FILLS: 28
FILE: TRADEACTIVITYLOG_2025-04-27_UTC.IPS_TM_6.DATA | ACC: IPS_TM_6 | SYMBOL: NQM25 | RAW: 16 | FILLS: 8
DEBUG: Running _parse_file_nitro on C:\Model-\TradeActivityLogs-tm_6\TradeActivityLog_2025-06-25_UTC.ES-TM_6.data with Adaptive Ghost logic...
DEBUG: Running _parse_file_nitro on C:\Model-\TradeActivityLogs-tm_6\TradeActivityLog_2025-04-27_UTC.TM_6.data with Adaptive Ghost logic...
FILE: TRADEACTIVITYLOG_2025-06-03_UTC.ES-TM_6.DATA | ACC: ES-TM_6 | SYMBOL: ESM25 | RAW: 56 | FILLS: 28
DEBUG: Running _parse_file_nitro on C:\Model-\TradeActivityLogs-tm_6\TradeActivityLog_2025-06-03_UTC.IPS_TM_6.data with Adaptive Ghost logic...
FILE: TRADEACTIVITYLOG_2025-03-10_UTC.IPS_TM_6.DATA | ACC: IPS_TM_6 | SYMBOL: NQH25 | RAW: 292 | FILLS: 146
DEBUG: Running _parse_file_nitro on C:\Model-\TradeActivityLogs-tm_6\TradeActivityLog_2025-03-10_UTC.TM_6.data with Adaptive Ghost logic...
FILE: TRADEACTIVITYLOG_2025-05-14_UTC.CL-TM_6.DATA | ACC: CL-TM_6 | SYMBOL: CL | RAW: 0 | FILLS: 0
DEBUG: Running _parse_file_nitro on C:\Model-\TradeActivityLogs-tm_6\TradeActivityLog_2025-05-14_UTC.ES-IPS_TM_6.data with Adaptive Ghost logic...
FILE: TRADEACTIVITYLOG_2025-04-06_UTC.ES-TM_6.DATA | ACC: ES-TM_6 | SYMBOL: ESM25 | RAW: 14 | FILLS: 7
FILE: TRADEACTIVITYLOG_2025-03-26_UTC.TM_6.DATA | ACC: TM_6 | SYMBOL: CLK25 | RAW: 236 | FILLS: 118
DEBUG: Running _parse_file_nitro on C:\Model-\TradeActivityLogs-tm_6\TradeActivityLog_2025-04-06_UTC.IPS_TM_6.data with Adaptive Ghost logic...
DEBUG: Running _parse_file_nitro on C:\Model-\TradeActivityLogs-tm_6\TradeActivityLog_2025-03-27_UTC.ES-IPS_TM_6.data with Adaptive Ghost logic...
FILE: TRADEACTIVITYLOG_2025-04-27_UTC.TM_6.DATA | ACC: TM_6 | SYMBOL: NQM25 | RAW: 16 | FILLS: 8
DEBUG: Running _parse_file_nitro on C:\Model-\TradeActivityLogs-tm_6\TradeActivityLog_2025-04-27_UTC.ZB-IPS_TM_6.data with Adaptive Ghost logic...
FILE: TRADEACTIVITYLOG_2025-07-18_UTC.ES-TM_6.DATA | ACC: ES-TM_6 | SYMBOL: ESU25 | RAW: 67 | FILLS: 34
DEBUG: Running _parse_file_nitro on C:\Model-\TradeActivityLogs-tm_6\TradeActivityLog_2025-07-18_UTC.IPS_TM_6.data with Adaptive Ghost logic...
FILE: TRADEACTIVITYLOG_2025-06-25_UTC.ES-TM_6.DATA | ACC: ES-TM_6 | SYMBOL: ESU25 | RAW: 48 | FILLS: 24
DEBUG: Running _parse_file_nitro on C:\Model-\TradeActivityLogs-tm_6\TradeActivityLog_2025-06-25_UTC.IPS_TM_6.data with Adaptive Ghost logic...
FILE: TRADEACTIVITYLOG_2025-04-06_UTC.IPS_TM_6.DATA | ACC: IPS_TM_6 | SYMBOL: NQM25 | RAW: 36 | FILLS: 18
DEBUG: Running _parse_file_nitro on C:\Model-\TradeActivityLogs-tm_6\TradeActivityLog_2025-04-06_UTC.TM_6.data with Adaptive Ghost logic...
FILE: TRADEACTIVITYLOG_2025-04-27_UTC.ZB-IPS_TM_6.DATA | ACC: ZB-IPS_TM_6 | SYMBOL: Unknown | RAW: 0 | FILLS: 0
DEBUG: Running _parse_file_nitro on C:\Model-\TradeActivityLogs-tm_6\TradeActivityLog_2025-04-27_UTC.ZB-TM_6.data with Adaptive Ghost logic...
FILE: TRADEACTIVITYLOG_2025-02-21_UTC.TM_6.DATA | ACC: TM_6 | SYMBOL: CLH25 | RAW: 204 | FILLS: 102
FILE: TRADEACTIVITYLOG_2025-05-14_UTC.ES-IPS_TM_6.DATA | ACC: ES-IPS_TM_6 | SYMBOL: ESM25 | RAW: 46 | FILLS: 23
DEBUG: Running _parse_file_nitro on C:\Model-\TradeActivityLogs-tm_6\TradeActivityLog_2025-08-13_UTC.ES-IPS_TM_6.data with Adaptive Ghost logic...
DEBUG: Running _parse_file_nitro on C:\Model-\TradeActivityLogs-tm_6\TradeActivityLog_2025-05-14_UTC.ES-TM_6.data with Adaptive Ghost logic...
FILE: TRADEACTIVITYLOG_2025-03-27_UTC.ES-IPS_TM_6.DATA | ACC: ES-IPS_TM_6 | SYMBOL: ESM25 | RAW: 82 | FILLS: 41
DEBUG: Running _parse_file_nitro on C:\Model-\TradeActivityLogs-tm_6\TradeActivityLog_2025-03-27_UTC.ES-TM_6.data with Adaptive Ghost logic...
FILE: TRADEACTIVITYLOG_2025-06-03_UTC.IPS_TM_6.DATA | ACC: IPS_TM_6 | SYMBOL: CLN25 | RAW: 168 | FILLS: 84
DEBUG: Running _parse_file_nitro on C:\Model-\TradeActivityLogs-tm_6\TradeActivityLog_2025-06-03_UTC.TM_6.data with Adaptive Ghost logic...
FILE: TRADEACTIVITYLOG_2025-03-10_UTC.TM_6.DATA | ACC: TM_6 | SYMBOL: NQH25 | RAW: 288 | FILLS: 144
FILE: TRADEACTIVITYLOG_2025-04-27_UTC.ZB-TM_6.DATA | ACC: ZB-TM_6 | SYMBOL: Unknown | RAW: 0 | FILLS: 0
DEBUG: Running _parse_file_nitro on C:\Model-\TradeActivityLogs-tm_6\TradeActivityLog_2025-04-28_UTC.ES-IPS_TM_6.data with Adaptive Ghost logic...
FILE: TRADEACTIVITYLOG_2025-04-06_UTC.TM_6.DATA | ACC: TM_6 | SYMBOL: NQM25 | RAW: 36 | FILLS: 18
DEBUG: Running _parse_file_nitro on C:\Model-\TradeActivityLogs-tm_6\TradeActivityLog_2025-04-07_UTC.ES-IPS_TM_6.data with Adaptive Ghost logic...
FILE: TRADEACTIVITYLOG_2025-06-25_UTC.IPS_TM_6.DATA | ACC: IPS_TM_6 | SYMBOL: CLQ25 | RAW: 182 | FILLS: 91
DEBUG: Running _parse_file_nitro on C:\Model-\TradeActivityLogs-tm_6\TradeActivityLog_2025-06-25_UTC.TM_6.data with Adaptive Ghost logic...
FILE: TRADEACTIVITYLOG_2025-07-18_UTC.IPS_TM_6.DATA | ACC: IPS_TM_6 | SYMBOL: NQU25 | RAW: 173 | FILLS: 87
DEBUG: Running _parse_file_nitro on C:\Model-\TradeActivityLogs-tm_6\TradeActivityLog_2025-07-18_UTC.TM_6.data with Adaptive Ghost logic...
FILE: TRADEACTIVITYLOG_2025-08-13_UTC.ES-IPS_TM_6.DATA | ACC: ES-IPS_TM_6 | SYMBOL: ESU25 | RAW: 64 | FILLS: 32
DEBUG: Running _parse_file_nitro on C:\Model-\TradeActivityLogs-tm_6\TradeActivityLog_2025-08-13_UTC.ES-TM_6.data with Adaptive Ghost logic...
FILE: TRADEACTIVITYLOG_2025-05-14_UTC.ES-TM_6.DATA | ACC: ES-TM_6 | SYMBOL: ESM25 | RAW: 46 | FILLS: 23
DEBUG: Running _parse_file_nitro on C:\Model-\TradeActivityLogs-tm_6\TradeActivityLog_2025-05-14_UTC.IPS_TM_6.data with Adaptive Ghost logic...
FILE: TRADEACTIVITYLOG_2025-03-11_UTC.ES-IPS_TM_6.DATA | ACC: ES-IPS_TM_6 | SYMBOL: ESH25 | RAW: 22 | FILLS: 11
FILE: TRADEACTIVITYLOG_2025-03-27_UTC.ES-TM_6.DATA | ACC: ES-TM_6 | SYMBOL: ESM25 | RAW: 82 | FILLS: 41
DEBUG: Running _parse_file_nitro on C:\Model-\TradeActivityLogs-tm_6\TradeActivityLog_2025-03-11_UTC.ES-TM_6.data with Adaptive Ghost logic...
DEBUG: Running _parse_file_nitro on C:\Model-\TradeActivityLogs-tm_6\TradeActivityLog_2025-03-27_UTC.IPS_TM_6.data with Adaptive Ghost logic...
FILE: TRADEACTIVITYLOG_2025-04-28_UTC.ES-IPS_TM_6.DATA | ACC: ES-IPS_TM_6 | SYMBOL: ESM25 | RAW: 52 | FILLS: 26
DEBUG: Running _parse_file_nitro on C:\Model-\TradeActivityLogs-tm_6\TradeActivityLog_2025-04-28_UTC.ES-TM_6.data with Adaptive Ghost logic...
FILE: TRADEACTIVITYLOG_2025-06-03_UTC.TM_6.DATA | ACC: TM_6 | SYMBOL: CLN25 | RAW: 168 | FILLS: 84
DEBUG: Running _parse_file_nitro on C:\Model-\TradeActivityLogs-tm_6\TradeActivityLog_2025-06-04_UTC.ES-IPS_TM_6.data with Adaptive Ghost logic...
FILE: TRADEACTIVITYLOG_2025-08-13_UTC.ES-TM_6.DATA | ACC: ES-TM_6 | SYMBOL: ESU25 | RAW: 64 | FILLS: 32
DEBUG: Running _parse_file_nitro on C:\Model-\TradeActivityLogs-tm_6\TradeActivityLog_2025-08-13_UTC.IPS_TM_6.data with Adaptive Ghost logic...
FILE: TRADEACTIVITYLOG_2025-03-11_UTC.ES-TM_6.DATA | ACC: ES-TM_6 | SYMBOL: ESH25 | RAW: 22 | FILLS: 11
DEBUG: Running _parse_file_nitro on C:\Model-\TradeActivityLogs-tm_6\TradeActivityLog_2025-03-11_UTC.IPS_TM_6.data with Adaptive Ghost logic...
FILE: TRADEACTIVITYLOG_2025-06-25_UTC.TM_6.DATA | ACC: TM_6 | SYMBOL: CLQ25 | RAW: 182 | FILLS: 91
DEBUG: Running _parse_file_nitro on C:\Model-\TradeActivityLogs-tm_6\TradeActivityLog_2025-06-26_UTC.ES-IPS_TM_6.data with Adaptive Ghost logic...
FILE: TRADEACTIVITYLOG_2025-04-07_UTC.ES-IPS_TM_6.DATA | ACC: ES-IPS_TM_6 | SYMBOL: ESM25 | RAW: 232 | FILLS: 116
DEBUG: Running _parse_file_nitro on C:\Model-\TradeActivityLogs-tm_6\TradeActivityLog_2025-04-07_UTC.ES-TM_6.data with Adaptive Ghost logic...
FILE: TRADEACTIVITYLOG_2025-07-18_UTC.TM_6.DATA | ACC: TM_6 | SYMBOL: NQU25 | RAW: 171 | FILLS: 86
FILE: TRADEACTIVITYLOG_2025-04-28_UTC.ES-TM_6.DATA | ACC: ES-TM_6 | SYMBOL: ESM25 | RAW: 52 | FILLS: 26
DEBUG: Running _parse_file_nitro on C:\Model-\TradeActivityLogs-tm_6\TradeActivityLog_2025-04-28_UTC.IPS_TM_6.data with Adaptive Ghost logic...
DEBUG: Running _parse_file_nitro on C:\Model-\TradeActivityLogs-tm_6\TradeActivityLog_2025-07-18_UTC.ZB-TM_6.data with Adaptive Ghost logic...
FILE: TRADEACTIVITYLOG_2025-05-14_UTC.IPS_TM_6.DATA | ACC: IPS_TM_6 | SYMBOL: NQM25 | RAW: 130 | FILLS: 65
DEBUG: Running _parse_file_nitro on C:\Model-\TradeActivityLogs-tm_6\TradeActivityLog_2025-05-14_UTC.TM_6.data with Adaptive Ghost logic...
FILE: TRADEACTIVITYLOG_2025-03-27_UTC.IPS_TM_6.DATA | ACC: IPS_TM_6 | SYMBOL: CLK25 | RAW: 230 | FILLS: 115
FILE: TRADEACTIVITYLOG_2025-06-04_UTC.ES-IPS_TM_6.DATA | ACC: ES-IPS_TM_6 | SYMBOL: ESM25 | RAW: 72 | FILLS: 36
DEBUG: Running _parse_file_nitro on C:\Model-\TradeActivityLogs-tm_6\TradeActivityLog_2025-06-04_UTC.ES-TM_6.data with Adaptive Ghost logic...
DEBUG: Running _parse_file_nitro on C:\Model-\TradeActivityLogs-tm_6\TradeActivityLog_2025-03-27_UTC.TM_6.data with Adaptive Ghost logic...
FILE: TRADEACTIVITYLOG_2025-07-18_UTC.ZB-TM_6.DATA | ACC: ZB-TM_6 | SYMBOL: Unknown | RAW: 0 | FILLS: 0
DEBUG: Running _parse_file_nitro on C:\Model-\TradeActivityLogs-tm_6\TradeActivityLog_2025-07-20_UTC.ES-IPS_TM_6.data with Adaptive Ghost logic...
FILE: TRADEACTIVITYLOG_2025-06-26_UTC.ES-IPS_TM_6.DATA | ACC: ES-IPS_TM_6 | SYMBOL: ESU25 | RAW: 42 | FILLS: 21
DEBUG: Running _parse_file_nitro on C:\Model-\TradeActivityLogs-tm_6\TradeActivityLog_2025-06-26_UTC.ES-TM_6.data with Adaptive Ghost logic...
FILE: TRADEACTIVITYLOG_2025-08-13_UTC.IPS_TM_6.DATA | ACC: IPS_TM_6 | SYMBOL: NQU25 | RAW: 124 | FILLS: 62
DEBUG: Running _parse_file_nitro on C:\Model-\TradeActivityLogs-tm_6\TradeActivityLog_2025-08-13_UTC.TM_6.data with Adaptive Ghost logic...
FILE: TRADEACTIVITYLOG_2025-05-14_UTC.TM_6.DATA | ACC: TM_6 | SYMBOL: NQM25 | RAW: 130 | FILLS: 65
FILE: TRADEACTIVITYLOG_2025-07-20_UTC.ES-IPS_TM_6.DATA | ACC: ES-IPS_TM_6 | SYMBOL: ESU25 | RAW: 2 | FILLS: 1
DEBUG: Running _parse_file_nitro on C:\Model-\TradeActivityLogs-tm_6\TradeActivityLog_2025-05-14_UTC.ZB-IPS_TM_6.data with Adaptive Ghost logic...
DEBUG: Running _parse_file_nitro on C:\Model-\TradeActivityLogs-tm_6\TradeActivityLog_2025-07-20_UTC.ES-TM_6.data with Adaptive Ghost logic...
FILE: TRADEACTIVITYLOG_2025-03-11_UTC.IPS_TM_6.DATA | ACC: IPS_TM_6 | SYMBOL: NQH25 | RAW: 284 | FILLS: 142
DEBUG: Running _parse_file_nitro on C:\Model-\TradeActivityLogs-tm_6\TradeActivityLog_2025-03-11_UTC.TM_6.data with Adaptive Ghost logic...
FILE: TRADEACTIVITYLOG_2025-04-07_UTC.ES-TM_6.DATA | ACC: ES-TM_6 | SYMBOL: ESM25 | RAW: 238 | FILLS: 119
DEBUG: Running _parse_file_nitro on C:\Model-\TradeActivityLogs-tm_6\TradeActivityLog_2025-04-07_UTC.IPS_TM_6.data with Adaptive Ghost logic...
FILE: TRADEACTIVITYLOG_2025-06-26_UTC.ES-TM_6.DATA | ACC: ES-TM_6 | SYMBOL: ESU25 | RAW: 50 | FILLS: 25
FILE: TRADEACTIVITYLOG_2025-04-28_UTC.IPS_TM_6.DATA | ACC: IPS_TM_6 | SYMBOL: NQM25 | RAW: 212 | FILLS: 106
FILE: TRADEACTIVITYLOG_2025-06-04_UTC.ES-TM_6.DATA | ACC: ES-TM_6 | SYMBOL: ESM25 | RAW: 72 | FILLS: 36
DEBUG: Running _parse_file_nitro on C:\Model-\TradeActivityLogs-tm_6\TradeActivityLog_2025-04-28_UTC.TM_6.data with Adaptive Ghost logic...
DEBUG: Running _parse_file_nitro on C:\Model-\TradeActivityLogs-tm_6\TradeActivityLog_2025-06-04_UTC.IPS_TM_6.data with Adaptive Ghost logic...
DEBUG: Running _parse_file_nitro on C:\Model-\TradeActivityLogs-tm_6\TradeActivityLog_2025-06-26_UTC.IPS_TM_6.data with Adaptive Ghost logic...
FILE: TRADEACTIVITYLOG_2025-05-14_UTC.ZB-IPS_TM_6.DATA | ACC: ZB-IPS_TM_6 | SYMBOL: Unknown | RAW: 0 | FILLS: 0
DEBUG: Running _parse_file_nitro on C:\Model-\TradeActivityLogs-tm_6\TradeActivityLog_2025-05-14_UTC.ZB-TM_6.data with Adaptive Ghost logic...
FILE: TRADEACTIVITYLOG_2025-07-20_UTC.ES-TM_6.DATA | ACC: ES-TM_6 | SYMBOL: ESU25 | RAW: 2 | FILLS: 1
DEBUG: Running _parse_file_nitro on C:\Model-\TradeActivityLogs-tm_6\TradeActivityLog_2025-07-20_UTC.IPS_TM_6.data with Adaptive Ghost logic...
FILE: TRADEACTIVITYLOG_2025-08-13_UTC.TM_6.DATA | ACC: TM_6 | SYMBOL: NQU25 | RAW: 132 | FILLS: 66
DEBUG: Running _parse_file_nitro on C:\Model-\TradeActivityLogs-tm_6\TradeActivityLog_2025-08-14_UTC.ES-IPS_TM_6.data with Adaptive Ghost logic...
FILE: TRADEACTIVITYLOG_2025-03-27_UTC.TM_6.DATA | ACC: TM_6 | SYMBOL: CLK25 | RAW: 202 | FILLS: 101
DEBUG: Running _parse_file_nitro on C:\Model-\TradeActivityLogs-tm_6\TradeActivityLog_2025-03-28_UTC.ES-IPS_TM_6.data with Adaptive Ghost logic...
FILE: TRADEACTIVITYLOG_2025-05-14_UTC.ZB-TM_6.DATA | ACC: ZB-TM_6 | SYMBOL: Unknown | RAW: 0 | FILLS: 0
FILE: TRADEACTIVITYLOG_2025-07-20_UTC.IPS_TM_6.DATA | ACC: IPS_TM_6 | SYMBOL: Unknown | RAW: 0 | FILLS: 0
DEBUG: Running _parse_file_nitro on C:\Model-\TradeActivityLogs-tm_6\TradeActivityLog_2025-05-15_UTC.CL-IPS_TM_6.data with Adaptive Ghost logic...
DEBUG: Running _parse_file_nitro on C:\Model-\TradeActivityLogs-tm_6\TradeActivityLog_2025-07-20_UTC.TM_6.data with Adaptive Ghost logic...
FILE: TRADEACTIVITYLOG_2025-08-14_UTC.ES-IPS_TM_6.DATA | ACC: ES-IPS_TM_6 | SYMBOL: ESU25 | RAW: 42 | FILLS: 21
DEBUG: Running _parse_file_nitro on C:\Model-\TradeActivityLogs-tm_6\TradeActivityLog_2025-08-14_UTC.ES-TM_6.data with Adaptive Ghost logic...
FILE: TRADEACTIVITYLOG_2025-05-15_UTC.CL-IPS_TM_6.DATA | ACC: CL-IPS_TM_6 | SYMBOL: CL | RAW: 0 | FILLS: 0
FILE: TRADEACTIVITYLOG_2025-07-20_UTC.TM_6.DATA | ACC: TM_6 | SYMBOL: Unknown | RAW: 0 | FILLS: 0
C.CL-TM_6.data with Adaptive Ghost logic...
FILE: TRADEACTIVITYLOG_2025-03-28_UTC.ES-IPS_TM_6.DATA | ACC: ES-IPS_TM_6 | SYMBOL: ESM25 | RAW: 74 | FILLS: 37
DEBUG: Running _parse_file_nitro on C:\Model-\TradeActivityLogs-tm_6\TradeActivityLog_2025-07-20_UTC.ZB-TM_6.data with Adaptive Ghost logic...
DEBUG: Running _parse_file_nitro on C:\Model-\TradeActivityLogs-tm_6\TradeActivityLog_2025-03-28_UTC.ES-TM_6.data with Adaptive Ghost logic...
FILE: TRADEACTIVITYLOG_2025-03-11_UTC.TM_6.DATA | ACC: TM_6 | SYMBOL: NQH25 | RAW: 310 | FILLS: 155
DEBUG: Running _parse_file_nitro on C:\Model-\TradeActivityLogs-tm_6\TradeActivityLog_2025-03-12_UTC.CL-IPS_TM_6.data with Adaptive Ghost logic...
FILE: TRADEACTIVITYLOG_2025-06-04_UTC.IPS_TM_6.DATA | ACC: IPS_TM_6 | SYMBOL: NQM25 | RAW: 216 | FILLS: 108
DEBUG: Running _parse_file_nitro on C:\Model-\TradeActivityLogs-tm_6\TradeActivityLog_2025-06-04_UTC.TM_6.data with Adaptive Ghost logic...
FILE: TRADEACTIVITYLOG_2025-06-26_UTC.IPS_TM_6.DATA | ACC: IPS_TM_6 | SYMBOL: NQU25 | RAW: 168 | FILLS: 84
FILE: TRADEACTIVITYLOG_2025-04-28_UTC.TM_6.DATA | ACC: TM_6 | SYMBOL: NQM25 | RAW: 212 | FILLS: 106
DEBUG: Running _parse_file_nitro on C:\Model-\TradeActivityLogs-tm_6\TradeActivityLog_2025-06-26_UTC.TM_6.data with Adaptive Ghost logic...
DEBUG: Running _parse_file_nitro on C:\Model-\TradeActivityLogs-tm_6\TradeActivityLog_2025-04-29_UTC.ES-IPS_TM_6.data with Adaptive Ghost logic...
FILE: TRADEACTIVITYLOG_2025-08-14_UTC.ES-TM_6.DATA | ACC: ES-TM_6 | SYMBOL: ESU25 | RAW: 42 | FILLS: 21
DEBUG: Running _parse_file_nitro on C:\Model-\TradeActivityLogs-tm_6\TradeActivityLog_2025-08-14_UTC.IPS_TM_6.data with Adaptive Ghost logic...
FILE: TRADEACTIVITYLOG_2025-04-07_UTC.IPS_TM_6.DATA | ACC: IPS_TM_6 | SYMBOL: NQM25 | RAW: 462 | FILLS: 231
DEBUG: Running _parse_file_nitro on C:\Model-\TradeActivityLogs-tm_6\TradeActivityLog_2025-04-07_UTC.TM_6.data with Adaptive Ghost logic...
FILE: TRADEACTIVITYLOG_2025-07-20_UTC.ZB-TM_6.DATA | ACC: ZB-TM_6 | SYMBOL: Unknown | RAW: 0 | FILLS: 0
DEBUG: Running _parse_file_nitro on C:\Model-\TradeActivityLogs-tm_6\TradeActivityLog_2025-07-21_UTC.ES-IPS_TM_6.data with Adaptive Ghost logic...
FILE: TRADEACTIVITYLOG_2025-05-15_UTC.CL-TM_6.DATA | ACC: CL-TM_6 | SYMBOL: CL | RAW: 0 | FILLS: 0
DEBUG: Running _parse_file_nitro on C:\Model-\TradeActivityLogs-tm_6\TradeActivityLog_2025-05-15_UTC.ES-IPS_TM_6.data with Adaptive Ghost logic...
FILE: TRADEACTIVITYLOG_2025-03-12_UTC.CL-IPS_TM_6.DATA | ACC: CL-IPS_TM_6 | SYMBOL: CL | RAW: 0 | FILLS: 0
DEBUG: Running _parse_file_nitro on C:\Model-\TradeActivityLogs-tm_6\TradeActivityLog_2025-03-12_UTC.CL-TM_6.data with Adaptive Ghost logic...
FILE: TRADEACTIVITYLOG_2025-03-28_UTC.ES-TM_6.DATA | ACC: ES-TM_6 | SYMBOL: ESM25 | RAW: 74 | FILLS: 37
DEBUG: Running _parse_file_nitro on C:\Model-\TradeActivityLogs-tm_6\TradeActivityLog_2025-03-28_UTC.IPS_TM_6.data with Adaptive Ghost logic...
FILE: TRADEACTIVITYLOG_2025-04-29_UTC.ES-IPS_TM_6.DATA | ACC: ES-IPS_TM_6 | SYMBOL: ESM25 | RAW: 44 | FILLS: 22
DEBUG: Running _parse_file_nitro on C:\Model-\TradeActivityLogs-tm_6\TradeActivityLog_2025-04-29_UTC.ES-TM_6.data with Adaptive Ghost logic...
FILE: TRADEACTIVITYLOG_2025-03-12_UTC.CL-TM_6.DATA | ACC: CL-TM_6 | SYMBOL: CL | RAW: 0 | FILLS: 0
DEBUG: Running _parse_file_nitro on C:\Model-\TradeActivityLogs-tm_6\TradeActivityLog_2025-03-12_UTC.ES-IPS_TM_6.data with Adaptive Ghost logic...
FILE: TRADEACTIVITYLOG_2025-08-14_UTC.IPS_TM_6.DATA | ACC: IPS_TM_6 | SYMBOL: CLV25 | RAW: 152 | FILLS: 76
DEBUG: Running _parse_file_nitro on C:\Model-\TradeActivityLogs-tm_6\TradeActivityLog_2025-08-14_UTC.TM_6.data with Adaptive Ghost logic...
FILE: TRADEACTIVITYLOG_2025-06-26_UTC.TM_6.DATA | ACC: TM_6 | SYMBOL: NQU25 | RAW: 170 | FILLS: 85
FILE: TRADEACTIVITYLOG_2025-05-15_UTC.ES-IPS_TM_6.DATA | ACC: ES-IPS_TM_6 | SYMBOL: ESM25 | RAW: 52 | FILLS: 26
DEBUG: Running _parse_file_nitro on C:\Model-\TradeActivityLogs-tm_6\TradeActivityLog_2025-06-27_UTC.ES-IPS_TM_6.data with Adaptive Ghost logic...
DEBUG: Running _parse_file_nitro on C:\Model-\TradeActivityLogs-tm_6\TradeActivityLog_2025-05-15_UTC.ES-TM_6.data with Adaptive Ghost logic...
FILE: TRADEACTIVITYLOG_2025-07-21_UTC.ES-IPS_TM_6.DATA | ACC: ES-IPS_TM_6 | SYMBOL: ESU25 | RAW: 44 | FILLS: 22
DEBUG: Running _parse_file_nitro on C:\Model-\TradeActivityLogs-tm_6\TradeActivityLog_2025-07-21_UTC.ES-TM_6.data with Adaptive Ghost logic...
FILE: TRADEACTIVITYLOG_2025-06-04_UTC.TM_6.DATA | ACC: TM_6 | SYMBOL: NQM25 | RAW: 216 | FILLS: 108
DEBUG: Running _parse_file_nitro on C:\Model-\TradeActivityLogs-tm_6\TradeActivityLog_2025-06-05_UTC.ES-IPS_TM_6.data with Adaptive Ghost logic...
FILE: TRADEACTIVITYLOG_2025-04-29_UTC.ES-TM_6.DATA | ACC: ES-TM_6 | SYMBOL: ESM25 | RAW: 44 | FILLS: 22
DEBUG: Running _parse_file_nitro on C:\Model-\TradeActivityLogs-tm_6\TradeActivityLog_2025-04-29_UTC.IPS_TM_6.data with Adaptive Ghost logic...
FILE: TRADEACTIVITYLOG_2025-05-15_UTC.ES-TM_6.DATA | ACC: ES-TM_6 | SYMBOL: ESM25 | RAW: 52 | FILLS: 26
DEBUG: Running _parse_file_nitro on C:\Model-\TradeActivityLogs-tm_6\TradeActivityLog_2025-05-15_UTC.IPS_TM_6.data with Adaptive Ghost logic...
FILE: TRADEACTIVITYLOG_2025-03-28_UTC.IPS_TM_6.DATA | ACC: IPS_TM_6 | SYMBOL: NQM25 | RAW: 182 | FILLS: 91
DEBUG: Running _parse_file_nitro on C:\Model-\TradeActivityLogs-tm_6\TradeActivityLog_2025-03-28_UTC.TM_6.data with Adaptive Ghost logic...
FILE: TRADEACTIVITYLOG_2025-06-27_UTC.ES-IPS_TM_6.DATA | ACC: ES-IPS_TM_6 | SYMBOL: ESU25 | RAW: 70 | FILLS: 36
DEBUG: Running _parse_file_nitro on C:\Model-\TradeActivityLogs-tm_6\TradeActivityLog_2025-06-27_UTC.ES-TM_6.data with Adaptive Ghost logic...
FILE: TRADEACTIVITYLOG_2025-07-21_UTC.ES-TM_6.DATA | ACC: ES-TM_6 | SYMBOL: ESU25 | RAW: 44 | FILLS: 22
DEBUG: Running _parse_file_nitro on C:\Model-\TradeActivityLogs-tm_6\TradeActivityLog_2025-07-21_UTC.IPS_TM_6.data with Adaptive Ghost logic...
FILE: TRADEACTIVITYLOG_2025-03-12_UTC.ES-IPS_TM_6.DATA | ACC: ES-IPS_TM_6 | SYMBOL: ESH25 | RAW: 114 | FILLS: 57
FILE: TRADEACTIVITYLOG_2025-06-05_UTC.ES-IPS_TM_6.DATA | ACC: ES-IPS_TM_6 | SYMBOL: ESM25 | RAW: 54 | FILLS: 27
DEBUG: Running _parse_file_nitro on C:\Model-\TradeActivityLogs-tm_6\TradeActivityLog_2025-03-12_UTC.ES-TM_6.data with Adaptive Ghost logic...
FILE: TRADEACTIVITYLOG_2025-08-14_UTC.TM_6.DATA | ACC: TM_6 | SYMBOL: CLV25 | RAW: 152 | FILLS: 76
DEBUG: Running _parse_file_nitro on C:\Model-\TradeActivityLogs-tm_6\TradeActivityLog_2025-08-14_UTC.ZB-TM_6.data with Adaptive Ghost logic...
DEBUG: Running _parse_file_nitro on C:\Model-\TradeActivityLogs-tm_6\TradeActivityLog_2025-06-05_UTC.ES-TM_6.data with Adaptive Ghost logic...
FILE: TRADEACTIVITYLOG_2025-04-07_UTC.TM_6.DATA | ACC: TM_6 | SYMBOL: NQM25 | RAW: 410 | FILLS: 205
DEBUG: Running _parse_file_nitro on C:\Model-\TradeActivityLogs-tm_6\TradeActivityLog_2025-04-08_UTC.ES-IPS_TM_6.data with Adaptive Ghost logic...
FILE: TRADEACTIVITYLOG_2025-08-14_UTC.ZB-TM_6.DATA | ACC: ZB-TM_6 | SYMBOL: Unknown | RAW: 0 | FILLS: 0
DEBUG: Running _parse_file_nitro on C:\Model-\TradeActivityLogs-tm_6\TradeActivityLog_2025-08-15_UTC.ES-IPS_TM_6.data with Adaptive Ghost logic...
FILE: TRADEACTIVITYLOG_2025-04-29_UTC.IPS_TM_6.DATA | ACC: IPS_TM_6 | SYMBOL: NQM25 | RAW: 220 | FILLS: 110
DEBUG: Running _parse_file_nitro on C:\Model-\TradeActivityLogs-tm_6\TradeActivityLog_2025-04-29_UTC.TM_6.data with Adaptive Ghost logic...
FILE: TRADEACTIVITYLOG_2025-06-05_UTC.ES-TM_6.DATA | ACC: ES-TM_6 | SYMBOL: ESM25 | RAW: 58 | FILLS: 29
DEBUG: Running _parse_file_nitro on C:\Model-\TradeActivityLogs-tm_6\TradeActivityLog_2025-06-05_UTC.IPS_TM_6.data with Adaptive Ghost logic...
FILE: TRADEACTIVITYLOG_2025-07-21_UTC.IPS_TM_6.DATA | ACC: IPS_TM_6 | SYMBOL: CLV25 | RAW: 96 | FILLS: 48
DEBUG: Running _parse_file_nitro on C:\Model-\TradeActivityLogs-tm_6\TradeActivityLog_2025-07-21_UTC.TM_6.data with Adaptive Ghost logic...
FILE: TRADEACTIVITYLOG_2025-06-27_UTC.ES-TM_6.DATA | ACC: ES-TM_6 | SYMBOL: ESU25 | RAW: 70 | FILLS: 36
FILE: TRADEACTIVITYLOG_2025-05-15_UTC.IPS_TM_6.DATA | ACC: IPS_TM_6 | SYMBOL: CLN25 | RAW: 150 | FILLS: 75
DEBUG: Running _parse_file_nitro on C:\Model-\TradeActivityLogs-tm_6\TradeActivityLog_2025-06-27_UTC.IPS_TM_6.data with Adaptive Ghost logic...
DEBUG: Running _parse_file_nitro on C:\Model-\TradeActivityLogs-tm_6\TradeActivityLog_2025-05-15_UTC.TM_6.data with Adaptive Ghost logic...
FILE: TRADEACTIVITYLOG_2025-03-12_UTC.ES-TM_6.DATA | ACC: ES-TM_6 | SYMBOL: ESH25 | RAW: 114 | FILLS: 57
FILE: TRADEACTIVITYLOG_2025-03-28_UTC.TM_6.DATA | ACC: TM_6 | SYMBOL: NQM25 | RAW: 180 | FILLS: 90
DEBUG: Running _parse_file_nitro on C:\Model-\TradeActivityLogs-tm_6\TradeActivityLog_2025-03-30_UTC.ES-IPS_TM_6.data with Adaptive Ghost logic...
DEBUG: Running _parse_file_nitro on C:\Model-\TradeActivityLogs-tm_6\TradeActivityLog_2025-03-12_UTC.IPS_TM_6.data with Adaptive Ghost logic...
FILE: TRADEACTIVITYLOG_2025-04-08_UTC.ES-IPS_TM_6.DATA | ACC: ES-IPS_TM_6 | SYMBOL: ESM25 | RAW: 118 | FILLS: 59
DEBUG: Running _parse_file_nitro on C:\Model-\TradeActivityLogs-tm_6\TradeActivityLog_2025-04-08_UTC.ES-TM_6.data with Adaptive Ghost logic...
FILE: TRADEACTIVITYLOG_2025-08-15_UTC.ES-IPS_TM_6.DATA | ACC: ES-IPS_TM_6 | SYMBOL: ESU25 | RAW: 34 | FILLS: 17
DEBUG: Running _parse_file_nitro on C:\Model-\TradeActivityLogs-tm_6\TradeActivityLog_2025-08-15_UTC.ES-TM_6.data with Adaptive Ghost logic...
FILE: TRADEACTIVITYLOG_2025-03-30_UTC.ES-IPS_TM_6.DATA | ACC: ES-IPS_TM_6 | SYMBOL: ESM25 | RAW: 2 | FILLS: 1
DEBUG: Running _parse_file_nitro on C:\Model-\TradeActivityLogs-tm_6\TradeActivityLog_2025-03-30_UTC.ES-TM_6.data with Adaptive Ghost logic...
FILE: TRADEACTIVITYLOG_2025-06-05_UTC.IPS_TM_6.DATA | ACC: IPS_TM_6 | SYMBOL: NQM25 | RAW: 174 | FILLS: 87
DEBUG: Running _parse_file_nitro on C:\Model-\TradeActivityLogs-tm_6\TradeActivityLog_2025-06-05_UTC.TM_6.data with Adaptive Ghost logic...
FILE: TRADEACTIVITYLOG_2025-04-29_UTC.TM_6.DATA | ACC: TM_6 | SYMBOL: NQM25 | RAW: 220 | FILLS: 110
DEBUG: Running _parse_file_nitro on C:\Model-\TradeActivityLogs-tm_6\TradeActivityLog_2025-04-30_UTC.ES-IPS_TM_6.data with Adaptive Ghost logic...
FILE: TRADEACTIVITYLOG_2025-08-15_UTC.ES-TM_6.DATA | ACC: ES-TM_6 | SYMBOL: ESU25 | RAW: 34 | FILLS: 17
DEBUG: Running _parse_file_nitro on C:\Model-\TradeActivityLogs-tm_6\TradeActivityLog_2025-08-15_UTC.IPS_TM_6.data with Adaptive Ghost logic...
FILE: TRADEACTIVITYLOG_2025-07-21_UTC.TM_6.DATA | ACC: TM_6 | SYMBOL: CLV25 | RAW: 98 | FILLS: 49
DEBUG: Running _parse_file_nitro on C:\Model-\TradeActivityLogs-tm_6\TradeActivityLog_2025-07-22_UTC.ES-IPS_TM_6.data with Adaptive Ghost logic...
FILE: TRADEACTIVITYLOG_2025-05-15_UTC.TM_6.DATA | ACC: TM_6 | SYMBOL: CLN25 | RAW: 150 | FILLS: 75
FILE: TRADEACTIVITYLOG_2025-04-08_UTC.ES-TM_6.DATA | ACC: ES-TM_6 | SYMBOL: ESM25 | RAW: 114 | FILLS: 57
DEBUG: Running _parse_file_nitro on C:\Model-\TradeActivityLogs-tm_6\TradeActivityLog_2025-05-15_UTC.ZB-IPS_TM_6.data with Adaptive Ghost logic...
DEBUG: Running _parse_file_nitro on C:\Model-\TradeActivityLogs-tm_6\TradeActivityLog_2025-04-08_UTC.IPS_TM_6.data with Adaptive Ghost logic...
FILE: TRADEACTIVITYLOG_2025-03-30_UTC.ES-TM_6.DATA | ACC: ES-TM_6 | SYMBOL: ESM25 | RAW: 2 | FILLS: 1
DEBUG: Running _parse_file_nitro on C:\Model-\TradeActivityLogs-tm_6\TradeActivityLog_2025-03-30_UTC.IPS_TM_6.data with Adaptive Ghost logic...
FILE: TRADEACTIVITYLOG_2025-03-12_UTC.IPS_TM_6.DATA | ACC: IPS_TM_6 | SYMBOL: NQH25 | RAW: 248 | FILLS: 124
FILE: TRADEACTIVITYLOG_2025-06-27_UTC.IPS_TM_6.DATA | ACC: IPS_TM_6 | SYMBOL: NQU25 | RAW: 155 | FILLS: 79
DEBUG: Running _parse_file_nitro on C:\Model-\TradeActivityLogs-tm_6\TradeActivityLog_2025-03-12_UTC.TM_6.data with Adaptive Ghost logic...
DEBUG: Running _parse_file_nitro on C:\Model-\TradeActivityLogs-tm_6\TradeActivityLog_2025-06-27_UTC.TM_6.data with Adaptive Ghost logic...
FILE: TRADEACTIVITYLOG_2025-05-15_UTC.ZB-IPS_TM_6.DATA | ACC: ZB-IPS_TM_6 | SYMBOL: Unknown | RAW: 0 | FILLS: 0
DEBUG: Running _parse_file_nitro on C:\Model-\TradeActivityLogs-tm_6\TradeActivityLog_2025-05-15_UTC.ZB-TM_6.data with Adaptive Ghost logic...
FILE: TRADEACTIVITYLOG_2025-07-22_UTC.ES-IPS_TM_6.DATA | ACC: ES-IPS_TM_6 | SYMBOL: ESU25 | RAW: 32 | FILLS: 16
DEBUG: Running _parse_file_nitro on C:\Model-\TradeActivityLogs-tm_6\TradeActivityLog_2025-07-22_UTC.ES-TM_6.data with Adaptive Ghost logic...
FILE: TRADEACTIVITYLOG_2025-04-30_UTC.ES-IPS_TM_6.DATA | ACC: ES-IPS_TM_6 | SYMBOL: ESM25 | RAW: 100 | FILLS: 50
DEBUG: Running _parse_file_nitro on C:\Model-\TradeActivityLogs-tm_6\TradeActivityLog_2025-04-30_UTC.ES-TM_6.data with Adaptive Ghost logic...
FILE: TRADEACTIVITYLOG_2025-03-30_UTC.IPS_TM_6.DATA | ACC: IPS_TM_6 | SYMBOL: NQM25 | RAW: 16 | FILLS: 8
DEBUG: Running _parse_file_nitro on C:\Model-\TradeActivityLogs-tm_6\TradeActivityLog_2025-03-30_UTC.TM_6.data with Adaptive Ghost logic...
FILE: TRADEACTIVITYLOG_2025-05-15_UTC.ZB-TM_6.DATA | ACC: ZB-TM_6 | SYMBOL: Unknown | RAW: 0 | FILLS: 0
DEBUG: Running _parse_file_nitro on C:\Model-\TradeActivityLogs-tm_6\TradeActivityLog_2025-05-16_UTC.ES-IPS_TM_6.data with Adaptive Ghost logic...
FILE: TRADEACTIVITYLOG_2025-08-15_UTC.IPS_TM_6.DATA | ACC: IPS_TM_6 | SYMBOL: NQU25 | RAW: 126 | FILLS: 63
DEBUG: Running _parse_file_nitro on C:\Model-\TradeActivityLogs-tm_6\TradeActivityLog_2025-08-15_UTC.TM_6.data with Adaptive Ghost logic...
FILE: TRADEACTIVITYLOG_2025-06-05_UTC.TM_6.DATA | ACC: TM_6 | SYMBOL: NQM25 | RAW: 174 | FILLS: 87
DEBUG: Running _parse_file_nitro on C:\Model-\TradeActivityLogs-tm_6\TradeActivityLog_2025-06-06_UTC.ES-IPS_TM_6.data with Adaptive Ghost logic...
FILE: TRADEACTIVITYLOG_2025-07-22_UTC.ES-TM_6.DATA | ACC: ES-TM_6 | SYMBOL: ESU25 | RAW: 32 | FILLS: 16
DEBUG: Running _parse_file_nitro on C:\Model-\TradeActivityLogs-tm_6\TradeActivityLog_2025-07-22_UTC.IPS_TM_6.data with Adaptive Ghost logic...
FILE: TRADEACTIVITYLOG_2025-06-27_UTC.TM_6.DATA | ACC: TM_6 | SYMBOL: NQU25 | RAW: 151 | FILLS: 76
DEBUG: Running _parse_file_nitro on C:\Model-\TradeActivityLogs-tm_6\TradeActivityLog_2025-06-28_UTC.ES-IPS_TM_6.data with Adaptive Ghost logic...
FILE: TRADEACTIVITYLOG_2025-03-30_UTC.TM_6.DATA | ACC: TM_6 | SYMBOL: NQM25 | RAW: 12 | FILLS: 6
DEBUG: Running _parse_file_nitro on C:\Model-\TradeActivityLogs-tm_6\TradeActivityLog_2025-03-31_UTC.ES-IPS_TM_6.data with Adaptive Ghost logic...
FILE: TRADEACTIVITYLOG_2025-04-30_UTC.ES-TM_6.DATA | ACC: ES-TM_6 | SYMBOL: ESM25 | RAW: 106 | FILLS: 53
DEBUG: Running _parse_file_nitro on C:\Model-\TradeActivityLogs-tm_6\TradeActivityLog_2025-04-30_UTC.IPS_TM_6.data with Adaptive Ghost logic...
FILE: TRADEACTIVITYLOG_2025-05-16_UTC.ES-IPS_TM_6.DATA | ACC: ES-IPS_TM_6 | SYMBOL: ESM25 | RAW: 52 | FILLS: 26
FILE: TRADEACTIVITYLOG_2025-03-12_UTC.TM_6.DATA | ACC: TM_6 | SYMBOL: CLJ25 | RAW: 242 | FILLS: 121
DEBUG: Running _parse_file_nitro on C:\Model-\TradeActivityLogs-tm_6\TradeActivityLog_2025-05-16_UTC.ES-TM_6.data with Adaptive Ghost logic...
DEBUG: Running _parse_file_nitro on C:\Model-\TradeActivityLogs-tm_6\TradeActivityLog_2025-03-12_UTC.ZB-IPS_TM_6.data with Adaptive Ghost logic...
FILE: TRADEACTIVITYLOG_2025-06-28_UTC.ES-IPS_TM_6.DATA | ACC: ES-IPS_TM_6 | SYMBOL: ES | RAW: 0 | FILLS: 0
DEBUG: Running _parse_file_nitro on C:\Model-\TradeActivityLogs-tm_6\TradeActivityLog_2025-06-28_UTC.ES-TM_6.data with Adaptive Ghost logic...
FILE: TRADEACTIVITYLOG_2025-04-08_UTC.IPS_TM_6.DATA | ACC: IPS_TM_6 | SYMBOL: NQM25 | RAW: 374 | FILLS: 187
DEBUG: Running _parse_file_nitro on C:\Model-\TradeActivityLogs-tm_6\TradeActivityLog_2025-04-08_UTC.TM_6.data with Adaptive Ghost logic...
FILE: TRADEACTIVITYLOG_2025-06-06_UTC.ES-IPS_TM_6.DATA | ACC: ES-IPS_TM_6 | SYMBOL: ESM25 | RAW: 36 | FILLS: 18
DEBUG: Running _parse_file_nitro on C:\Model-\TradeActivityLogs-tm_6\TradeActivityLog_2025-06-06_UTC.ES-TM_6.data with Adaptive Ghost logic...
FILE: TRADEACTIVITYLOG_2025-08-15_UTC.TM_6.DATA | ACC: TM_6 | SYMBOL: NQU25 | RAW: 122 | FILLS: 61
DEBUG: Running _parse_file_nitro on C:\Model-\TradeActivityLogs-tm_6\TradeActivityLog_2025-08-18_UTC.ES-IPS_TM_6.data with Adaptive Ghost logic...
FILE: TRADEACTIVITYLOG_2025-03-31_UTC.ES-IPS_TM_6.DATA | ACC: ES-IPS_TM_6 | SYMBOL: ESM25 | RAW: 42 | FILLS: 21
DEBUG: Running _parse_file_nitro on C:\Model-\TradeActivityLogs-tm_6\TradeActivityLog_2025-03-31_UTC.ES-TM_6.data with Adaptive Ghost logic...
FILE: TRADEACTIVITYLOG_2025-07-22_UTC.IPS_TM_6.DATA | ACC: IPS_TM_6 | SYMBOL: NQU25 | RAW: 114 | FILLS: 57
DEBUG: Running _parse_file_nitro on C:\Model-\TradeActivityLogs-tm_6\TradeActivityLog_2025-07-22_UTC.TM_6.data with Adaptive Ghost logic...
FILE: TRADEACTIVITYLOG_2025-03-12_UTC.ZB-IPS_TM_6.DATA | ACC: ZB-IPS_TM_6 | SYMBOL: Unknown | RAW: 0 | FILLS: 0
FILE: TRADEACTIVITYLOG_2025-06-28_UTC.ES-TM_6.DATA | ACC: ES-TM_6 | SYMBOL: ES | RAW: 0 | FILLS: 0
DEBUG: Running _parse_file_nitro on C:\Model-\TradeActivityLogs-tm_6\TradeActivityLog_2025-06-28_UTC.IPS_TM_6.data with Adaptive Ghost logic...
DEBUG: Running _parse_file_nitro on C:\Model-\TradeActivityLogs-tm_6\TradeActivityLog_2025-03-12_UTC.ZB-TM_6.data with Adaptive Ghost logic...
FILE: TRADEACTIVITYLOG_2025-05-16_UTC.ES-TM_6.DATA | ACC: ES-TM_6 | SYMBOL: ESM25 | RAW: 52 | FILLS: 26
DEBUG: Running _parse_file_nitro on C:\Model-\TradeActivityLogs-tm_6\TradeActivityLog_2025-05-16_UTC.IPS_TM_6.data with Adaptive Ghost logic...
FILE: TRADEACTIVITYLOG_2025-06-06_UTC.ES-TM_6.DATA | ACC: ES-TM_6 | SYMBOL: ESM25 | RAW: 36 | FILLS: 18
DEBUG: Running _parse_file_nitro on C:\Model-\TradeActivityLogs-tm_6\TradeActivityLog_2025-06-06_UTC.IPS_TM_6.data with Adaptive Ghost logic...
FILE: TRADEACTIVITYLOG_2025-08-18_UTC.ES-IPS_TM_6.DATA | ACC: ES-IPS_TM_6 | SYMBOL: ESU25 | RAW: 50 | FILLS: 25
DEBUG: Running _parse_file_nitro on C:\Model-\TradeActivityLogs-tm_6\TradeActivityLog_2025-08-18_UTC.ES-TM_6.data with Adaptive Ghost logic...
FILE: TRADEACTIVITYLOG_2025-06-28_UTC.IPS_TM_6.DATA | ACC: IPS_TM_6 | SYMBOL: Unknown | RAW: 0 | FILLS: 0
DEBUG: Running _parse_file_nitro on C:\Model-\TradeActivityLogs-tm_6\TradeActivityLog_2025-06-28_UTC.TM_6.data with Adaptive Ghost logic...
FILE: TRADEACTIVITYLOG_2025-03-12_UTC.ZB-TM_6.DATA | ACC: ZB-TM_6 | SYMBOL: Unknown | RAW: 0 | FILLS: 0
DEBUG: Running _parse_file_nitro on C:\Model-\TradeActivityLogs-tm_6\TradeActivityLog_2025-03-13_UTC.ES-IPS_TM_6.data with Adaptive Ghost logic...
FILE: TRADEACTIVITYLOG_2025-07-22_UTC.TM_6.DATA | ACC: TM_6 | SYMBOL: NQU25 | RAW: 102 | FILLS: 51
DEBUG: Running _parse_file_nitro on C:\Model-\TradeActivityLogs-tm_6\TradeActivityLog_2025-07-23_UTC.ES-IPS_TM_6.data with Adaptive Ghost logic...
FILE: TRADEACTIVITYLOG_2025-03-31_UTC.ES-TM_6.DATA | ACC: ES-TM_6 | SYMBOL: ESM25 | RAW: 42 | FILLS: 21
DEBUG: Running _parse_file_nitro on C:\Model-\TradeActivityLogs-tm_6\TradeActivityLog_2025-03-31_UTC.IPS_TM_6.data with Adaptive Ghost logic...
FILE: TRADEACTIVITYLOG_2025-04-30_UTC.IPS_TM_6.DATA | ACC: IPS_TM_6 | SYMBOL: NQM25 | RAW: 338 | FILLS: 169
DEBUG: Running _parse_file_nitro on C:\Model-\TradeActivityLogs-tm_6\TradeActivityLog_2025-04-30_UTC.TM_6.data with Adaptive Ghost logic...
FILE: TRADEACTIVITYLOG_2025-06-06_UTC.IPS_TM_6.DATA | ACC: IPS_TM_6 | SYMBOL: NQM25 | RAW: 144 | FILLS: 72
FILE: TRADEACTIVITYLOG_2025-06-28_UTC.TM_6.DATA | ACC: TM_6 | SYMBOL: Unknown | RAW: 0 | FILLS: 0
DEBUG: Running _parse_file_nitro on C:\Model-\TradeActivityLogs-tm_6\TradeActivityLog_2025-06-06_UTC.TM_6.data with Adaptive Ghost logic...
DEBUG: Running _parse_file_nitro on C:\Model-\TradeActivityLogs-tm_6\TradeActivityLog_2025-06-28_UTC.ZB-TM_6.data with Adaptive Ghost logic...
FILE: TRADEACTIVITYLOG_2025-05-16_UTC.IPS_TM_6.DATA | ACC: IPS_TM_6 | SYMBOL: NQM25 | RAW: 148 | FILLS: 74
FILE: TRADEACTIVITYLOG_2025-08-18_UTC.ES-TM_6.DATA | ACC: ES-TM_6 | SYMBOL: ESU25 | RAW: 50 | FILLS: 25
DEBUG: Running _parse_file_nitro on C:\Model-\TradeActivityLogs-tm_6\TradeActivityLog_2025-05-16_UTC.TM_6.data with Adaptive Ghost logic...
DEBUG: Running _parse_file_nitro on C:\Model-\TradeActivityLogs-tm_6\TradeActivityLog_2025-08-18_UTC.IPS_TM_6.data with Adaptive Ghost logic...
FILE: TRADEACTIVITYLOG_2025-04-08_UTC.TM_6.DATA | ACC: TM_6 | SYMBOL: NQM25 | RAW: 366 | FILLS: 183
DEBUG: Running _parse_file_nitro on C:\Model-\TradeActivityLogs-tm_6\TradeActivityLog_2025-04-09_UTC.CL-IPS_TM_6.data with Adaptive Ghost logic...
FILE: TRADEACTIVITYLOG_2025-07-23_UTC.ES-IPS_TM_6.DATA | ACC: ES-IPS_TM_6 | SYMBOL: ESU25 | RAW: 44 | FILLS: 22
FILE: TRADEACTIVITYLOG_2025-03-13_UTC.ES-IPS_TM_6.DATA | ACC: ES-IPS_TM_6 | SYMBOL: ESH25 | RAW: 98 | FILLS: 49
DEBUG: Running _parse_file_nitro on C:\Model-\TradeActivityLogs-tm_6\TradeActivityLog_2025-07-23_UTC.ES-TM_6.data with Adaptive Ghost logic...
DEBUG: Running _parse_file_nitro on C:\Model-\TradeActivityLogs-tm_6\TradeActivityLog_2025-03-13_UTC.ES-TM_6.data with Adaptive Ghost logic...
FILE: TRADEACTIVITYLOG_2025-06-28_UTC.ZB-TM_6.DATA | ACC: ZB-TM_6 | SYMBOL: Unknown | RAW: 0 | FILLS: 0
DEBUG: Running _parse_file_nitro on C:\Model-\TradeActivityLogs-tm_6\TradeActivityLog_2025-06-29_UTC.IPS_TM_6.data with Adaptive Ghost logic...
FILE: TRADEACTIVITYLOG_2025-04-09_UTC.CL-IPS_TM_6.DATA | ACC: CL-IPS_TM_6 | SYMBOL: CL | RAW: 0 | FILLS: 0
DEBUG: Running _parse_file_nitro on C:\Model-\TradeActivityLogs-tm_6\TradeActivityLog_2025-04-09_UTC.CL-TM_6.data with Adaptive Ghost logic...
FILE: TRADEACTIVITYLOG_2025-05-16_UTC.TM_6.DATA | ACC: TM_6 | SYMBOL: NQM25 | RAW: 150 | FILLS: 75
: 2
FILE: TRADEACTIVITYLOG_2025-07-23_UTC.ES-TM_6.DATA | ACC: ES-TM_6 | SYMBOL: ESU25 | RAW: 44 | FILLS: 22
DEBUG: Running _parse_file_nitro on C:\Model-\TradeActivityLogs-tm_6\TradeActivityLog_2025-06-29_UTC.TM_6.data with Adaptive Ghost logic...
DEBUG: Running _parse_file_nitro on C:\Model-\TradeActivityLogs-tm_6\TradeActivityLog_2025-05-18_UTC.IPS_TM_6.data with Adaptive Ghost logic...
DEBUG: Running _parse_file_nitro on C:\Model-\TradeActivityLogs-tm_6\TradeActivityLog_2025-07-23_UTC.IPS_TM_6.data with Adaptive Ghost logic...
FILE: TRADEACTIVITYLOG_2025-06-06_UTC.TM_6.DATA | ACC: TM_6 | SYMBOL: NQM25 | RAW: 158 | FILLS: 79
DEBUG: Running _parse_file_nitro on C:\Model-\TradeActivityLogs-tm_6\TradeActivityLog_2025-06-08_UTC.ES-IPS_TM_6.data with Adaptive Ghost logic...
FILE: TRADEACTIVITYLOG_2025-03-31_UTC.IPS_TM_6.DATA | ACC: IPS_TM_6 | SYMBOL: NQM25 | RAW: 248 | FILLS: 124
DEBUG: Running _parse_file_nitro on C:\Model-\TradeActivityLogs-tm_6\TradeActivityLog_2025-03-31_UTC.TM_6.data with Adaptive Ghost logic...
FILE: TRADEACTIVITYLOG_2025-03-13_UTC.ES-TM_6.DATA | ACC: ES-TM_6 | SYMBOL: ESH25 | RAW: 98 | FILLS: 49
DEBUG: Running _parse_file_nitro on C:\Model-\TradeActivityLogs-tm_6\TradeActivityLog_2025-03-13_UTC.IPS_TM_6.data with Adaptive Ghost logic...
FILE: TRADEACTIVITYLOG_2025-08-18_UTC.IPS_TM_6.DATA | ACC: IPS_TM_6 | SYMBOL: NQU25 | RAW: 150 | FILLS: 75
DEBUG: Running _parse_file_nitro on C:\Model-\TradeActivityLogs-tm_6\TradeActivityLog_2025-08-18_UTC.TM_6.data with Adaptive Ghost logic...
FILE: TRADEACTIVITYLOG_2025-04-09_UTC.CL-TM_6.DATA | ACC: CL-TM_6 | SYMBOL: CL | RAW: 0 | FILLS: 0
DEBUG: Running _parse_file_nitro on C:\Model-\TradeActivityLogs-tm_6\TradeActivityLog_2025-04-09_UTC.ES-IPS_TM_6.data with Adaptive Ghost logic...
FILE: TRADEACTIVITYLOG_2025-04-30_UTC.TM_6.DATA | ACC: TM_6 | SYMBOL: NQM25 | RAW: 332 | FILLS: 166
DEBUG: Running _parse_file_nitro on C:\Model-\TradeActivityLogs-tm_6\TradeActivityLog_2025-05-01_UTC.CL-IPS_TM_6.data with Adaptive Ghost logic...
FILE: TRADEACTIVITYLOG_2025-06-08_UTC.ES-IPS_TM_6.DATA | ACC: ES-IPS_TM_6 | SYMBOL: ES | RAW: 0 | FILLS: 0
DEBUG: Running _parse_file_nitro on C:\Model-\TradeActivityLogs-tm_6\TradeActivityLog_2025-06-08_UTC.ES-TM_6.data with Adaptive Ghost logic...
FILE: TRADEACTIVITYLOG_2025-06-29_UTC.TM_6.DATA | ACC: TM_6 | SYMBOL: NQU25 | RAW: 4 | FILLS: 2
DEBUG: Running _parse_file_nitro on C:\Model-\TradeActivityLogs-tm_6\TradeActivityLog_2025-06-30_UTC.ES-IPS_TM_6.data with Adaptive Ghost logic...
FILE: TRADEACTIVITYLOG_2025-05-18_UTC.IPS_TM_6.DATA | ACC: IPS_TM_6 | SYMBOL: NQM25 | RAW: 8 | FILLS: 4
DEBUG: Running _parse_file_nitro on C:\Model-\TradeActivityLogs-tm_6\TradeActivityLog_2025-05-18_UTC.TM_6.data with Adaptive Ghost logic...
FILE: TRADEACTIVITYLOG_2025-05-01_UTC.CL-IPS_TM_6.DATA | ACC: CL-IPS_TM_6 | SYMBOL: CL | RAW: 0 | FILLS: 0
DEBUG: Running _parse_file_nitro on C:\Model-\TradeActivityLogs-tm_6\TradeActivityLog_2025-05-01_UTC.CL-TM_6.data with Adaptive Ghost logic...
FILE: TRADEACTIVITYLOG_2025-06-08_UTC.ES-TM_6.DATA | ACC: ES-TM_6 | SYMBOL: ES | RAW: 0 | FILLS: 0
DEBUG: Running _parse_file_nitro on C:\Model-\TradeActivityLogs-tm_6\TradeActivityLog_2025-06-08_UTC.IPS_TM_6.data with Adaptive Ghost logic...
FILE: TRADEACTIVITYLOG_2025-07-23_UTC.IPS_TM_6.DATA | ACC: IPS_TM_6 | SYMBOL: NQU25 | RAW: 116 | FILLS: 58
DEBUG: Running _parse_file_nitro on C:\Model-\TradeActivityLogs-tm_6\TradeActivityLog_2025-07-23_UTC.TM_6.data with Adaptive Ghost logic...
FILE: TRADEACTIVITYLOG_2025-05-18_UTC.TM_6.DATA | ACC: TM_6 | SYMBOL: NQM25 | RAW: 8 | FILLS: 4
DEBUG: Running _parse_file_nitro on C:\Model-\TradeActivityLogs-tm_6\TradeActivityLog_2025-05-19_UTC.ES-IPS_TM_6.data with Adaptive Ghost logic...
FILE: TRADEACTIVITYLOG_2025-05-01_UTC.CL-TM_6.DATA | ACC: CL-TM_6 | SYMBOL: CL | RAW: 0 | FILLS: 0
DEBUG: Running _parse_file_nitro on C:\Model-\TradeActivityLogs-tm_6\TradeActivityLog_2025-05-01_UTC.ES-IPS_TM_6.data with Adaptive Ghost logic...
FILE: TRADEACTIVITYLOG_2025-06-30_UTC.ES-IPS_TM_6.DATA | ACC: ES-IPS_TM_6 | SYMBOL: ESU25 | RAW: 66 | FILLS: 33
DEBUG: Running _parse_file_nitro on C:\Model-\TradeActivityLogs-tm_6\TradeActivityLog_2025-06-30_UTC.ES-TM_6.data with Adaptive Ghost logic...
FILE: TRADEACTIVITYLOG_2025-08-18_UTC.TM_6.DATA | ACC: TM_6 | SYMBOL: NQU25 | RAW: 160 | FILLS: 80
DEBUG: Running _parse_file_nitro on C:\Model-\TradeActivityLogs-tm_6\TradeActivityLog_2025-08-18_UTC.ZB-TM_6.data with Adaptive Ghost logic...
FILE: TRADEACTIVITYLOG_2025-06-08_UTC.IPS_TM_6.DATA | ACC: IPS_TM_6 | SYMBOL: Unknown | RAW: 0 | FILLS: 0
DEBUG: Running _parse_file_nitro on C:\Model-\TradeActivityLogs-tm_6\TradeActivityLog_2025-06-08_UTC.TM_6.data with Adaptive Ghost logic...
FILE: TRADEACTIVITYLOG_2025-03-13_UTC.IPS_TM_6.DATA | ACC: IPS_TM_6 | SYMBOL: NQH25 | RAW: 216 | FILLS: 108
FILE: TRADEACTIVITYLOG_2025-03-31_UTC.TM_6.DATA | ACC: TM_6 | SYMBOL: NQM25 | RAW: 232 | FILLS: 116
DEBUG: Running _parse_file_nitro on C:\Model-\TradeActivityLogs-tm_6\TradeActivityLog_2025-04-01_UTC.CL-IPS_TM_6.data with Adaptive Ghost logic...
FILE: TRADEACTIVITYLOG_2025-04-09_UTC.ES-IPS_TM_6.DATA | ACC: ES-IPS_TM_6 | SYMBOL: ESM25 | RAW: 230 | FILLS: 115
DEBUG: Running _parse_file_nitro on C:\Model-\TradeActivityLogs-tm_6\TradeActivityLog_2025-04-09_UTC.ES-TM_6.data with Adaptive Ghost logic...
DEBUG: Running _parse_file_nitro on C:\Model-\TradeActivityLogs-tm_6\TradeActivityLog_2025-09-06_UTC.IPS_TM_6.data with Adaptive Ghost logic...
FILE: TRADEACTIVITYLOG_2025-08-18_UTC.ZB-TM_6.DATA | ACC: ZB-TM_6 | SYMBOL: Unknown | RAW: 0 | FILLS: 0
DEBUG: Running _parse_file_nitro on C:\Model-\TradeActivityLogs-tm_6\TradeActivityLog_2025-08-19_UTC.ES-IPS_TM_6.data with Adaptive Ghost logic...
FILE: TRADEACTIVITYLOG_2025-07-23_UTC.TM_6.DATA | ACC: TM_6 | SYMBOL: NQU25 | RAW: 114 | FILLS: 57
DEBUG: Running _parse_file_nitro on C:\Model-\TradeActivityLogs-tm_6\TradeActivityLog_2025-07-24_UTC.ES-IPS_TM_6.data with Adaptive Ghost logic...
FILE: TRADEACTIVITYLOG_2025-06-08_UTC.TM_6.DATA | ACC: TM_6 | SYMBOL: Unknown | RAW: 0 | FILLS: 0
DEBUG: Running _parse_file_nitro on C:\Model-\TradeActivityLogs-tm_6\TradeActivityLog_2025-06-08_UTC.ZB-TM_6.data with Adaptive Ghost logic...
FILE: TRADEACTIVITYLOG_2025-05-19_UTC.ES-IPS_TM_6.DATA | ACC: ES-IPS_TM_6 | SYMBOL: ESM25 | RAW: 64 | FILLS: 32
DEBUG: Running _parse_file_nitro on C:\Model-\TradeActivityLogs-tm_6\TradeActivityLog_2025-05-19_UTC.ES-TM_6.data with Adaptive Ghost logic...
FILE: TRADEACTIVITYLOG_2025-05-01_UTC.ES-IPS_TM_6.DATA | ACC: ES-IPS_TM_6 | SYMBOL: ESM25 | RAW: 94 | FILLS: 47
FILE: TRADEACTIVITYLOG_2025-06-30_UTC.ES-TM_6.DATA | ACC: ES-TM_6 | SYMBOL: ESU25 | RAW: 56 | FILLS: 28
DEBUG: Running _parse_file_nitro on C:\Model-\TradeActivityLogs-tm_6\TradeActivityLog_2025-05-01_UTC.ES-TM_6.data with Adaptive Ghost logic...
DEBUG: Running _parse_file_nitro on C:\Model-\TradeActivityLogs-tm_6\TradeActivityLog_2025-06-30_UTC.IPS_TM_6.data with Adaptive Ghost logic...
FILE: TRADEACTIVITYLOG_2025-04-01_UTC.CL-IPS_TM_6.DATA | ACC: CL-IPS_TM_6 | SYMBOL: CL | RAW: 0 | FILLS: 0
DEBUG: Running _parse_file_nitro on C:\Model-\TradeActivityLogs-tm_6\TradeActivityLog_2025-04-01_UTC.CL-TM_6.data with Adaptive Ghost logic...
FILE: TRADEACTIVITYLOG_2025-09-06_UTC.IPS_TM_6.DATA | ACC: IPS_TM_6 | SYMBOL: Unknown | RAW: 0 | FILLS: 0
DEBUG: Running _parse_file_nitro on C:\Model-\TradeActivityLogs-tm_6\TradeActivityLog_2025-09-06_UTC.TM_6.data with Adaptive Ghost logic...
FILE: TRADEACTIVITYLOG_2025-06-08_UTC.ZB-TM_6.DATA | ACC: ZB-TM_6 | SYMBOL: Unknown | RAW: 0 | FILLS: 0
DEBUG: Running _parse_file_nitro on C:\Model-\TradeActivityLogs-tm_6\TradeActivityLog_2025-06-09_UTC.ES-IPS_TM_6.data with Adaptive Ghost logic...
FILE: TRADEACTIVITYLOG_2025-07-24_UTC.ES-IPS_TM_6.DATA | ACC: ES-IPS_TM_6 | SYMBOL: ESU25 | RAW: 54 | FILLS: 27
DEBUG: Running _parse_file_nitro on C:\Model-\TradeActivityLogs-tm_6\TradeActivityLog_2025-07-24_UTC.ES-TM_6.data with Adaptive Ghost logic...
FILE: TRADEACTIVITYLOG_2025-04-01_UTC.CL-TM_6.DATA | ACC: CL-TM_6 | SYMBOL: CL | RAW: 0 | FILLS: 0
DEBUG: Running _parse_file_nitro on C:\Model-\TradeActivityLogs-tm_6\TradeActivityLog_2025-04-01_UTC.ES-IPS_TM_6.data with Adaptive Ghost logic...
FILE: TRADEACTIVITYLOG_2025-09-06_UTC.TM_6.DATA | ACC: TM_6 | SYMBOL: Unknown | RAW: 0 | FILLS: 0
DEBUG: Running _parse_file_nitro on C:\Model-\TradeActivityLogs-tm_6\TradeActivityLog_2025-09-06_UTC.ZB-TM_6.data with Adaptive Ghost logic...
FILE: TRADEACTIVITYLOG_2025-08-19_UTC.ES-IPS_TM_6.DATA | ACC: ES-IPS_TM_6 | SYMBOL: ESU25 | RAW: 60 | FILLS: 30
FILE: TRADEACTIVITYLOG_2025-04-09_UTC.ES-TM_6.DATA | ACC: ES-TM_6 | SYMBOL: ESM25 | RAW: 210 | FILLS: 105
DEBUG: Running _parse_file_nitro on C:\Model-\TradeActivityLogs-tm_6\TradeActivityLog_2025-08-19_UTC.ES-TM_6.data with Adaptive Ghost logic...
DEBUG: Running _parse_file_nitro on C:\Model-\TradeActivityLogs-tm_6\TradeActivityLog_2025-04-09_UTC.IPS_TM_6.data with Adaptive Ghost logic...
FILE: TRADEACTIVITYLOG_2025-05-19_UTC.ES-TM_6.DATA | ACC: ES-TM_6 | SYMBOL: ESM25 | RAW: 64 | FILLS: 32
DEBUG: Running _parse_file_nitro on C:\Model-\TradeActivityLogs-tm_6\TradeActivityLog_2025-05-19_UTC.IPS_TM_6.data with Adaptive Ghost logic...
FILE: TRADEACTIVITYLOG_2025-05-01_UTC.ES-TM_6.DATA | ACC: ES-TM_6 | SYMBOL: ESM25 | RAW: 98 | FILLS: 49
DEBUG: Running _parse_file_nitro on C:\Model-\TradeActivityLogs-tm_6\TradeActivityLog_2025-05-01_UTC.IPS_TM_6.data with Adaptive Ghost logic...
FILE: TRADEACTIVITYLOG_2025-06-30_UTC.IPS_TM_6.DATA | ACC: IPS_TM_6 | SYMBOL: CLQ25 | RAW: 122 | FILLS: 61
DEBUG: Running _parse_file_nitro on C:\Model-\TradeActivityLogs-tm_6\TradeActivityLog_2025-06-30_UTC.TM_6.data with Adaptive Ghost logic...
FILE: TRADEACTIVITYLOG_2025-06-09_UTC.ES-IPS_TM_6.DATA | ACC: ES-IPS_TM_6 | SYMBOL: ESM25 | RAW: 34 | FILLS: 17
DEBUG: Running _parse_file_nitro on C:\Model-\TradeActivityLogs-tm_6\TradeActivityLog_2025-06-09_UTC.ES-TM_6.data with Adaptive Ghost logic...
FILE: TRADEACTIVITYLOG_2025-09-06_UTC.ZB-TM_6.DATA | ACC: ZB-TM_6 | SYMBOL: Unknown | RAW: 0 | FILLS: 0
DEBUG: Running _parse_file_nitro on C:\Model-\TradeActivityLogs-tm_6\TradeActivityLog_2025-09-08_UTC.ES-IPS_TM_6.data with Adaptive Ghost logic...
FILE: TRADEACTIVITYLOG_2025-07-24_UTC.ES-TM_6.DATA | ACC: ES-TM_6 | SYMBOL: ESU25 | RAW: 54 | FILLS: 27
DEBUG: Running _parse_file_nitro on C:\Model-\TradeActivityLogs-tm_6\TradeActivityLog_2025-07-24_UTC.IPS_TM_6.data with Adaptive Ghost logic...
FILE: TRADEACTIVITYLOG_2025-08-19_UTC.ES-TM_6.DATA | ACC: ES-TM_6 | SYMBOL: ESU25 | RAW: 60 | FILLS: 30
DEBUG: Running _parse_file_nitro on C:\Model-\TradeActivityLogs-tm_6\TradeActivityLog_2025-08-19_UTC.IPS_TM_6.data with Adaptive Ghost logic...
FILE: TRADEACTIVITYLOG_2025-04-01_UTC.ES-IPS_TM_6.DATA | ACC: ES-IPS_TM_6 | SYMBOL: ESM25 | RAW: 134 | FILLS: 67
DEBUG: Running _parse_file_nitro on C:\Model-\TradeActivityLogs-tm_6\TradeActivityLog_2025-04-01_UTC.ES-TM_6.data with Adaptive Ghost logic...
FILE: TRADEACTIVITYLOG_2025-06-09_UTC.ES-TM_6.DATA | ACC: ES-TM_6 | SYMBOL: ESM25 | RAW: 34 | FILLS: 17
DEBUG: Running _parse_file_nitro on C:\Model-\TradeActivityLogs-tm_6\TradeActivityLog_2025-06-09_UTC.IPS_TM_6.data with Adaptive Ghost logic...
FILE: TRADEACTIVITYLOG_2025-09-08_UTC.ES-IPS_TM_6.DATA | ACC: ES-IPS_TM_6 | SYMBOL: ESU25 | RAW: 58 | FILLS: 29
DEBUG: Running _parse_file_nitro on C:\Model-\TradeActivityLogs-tm_6\TradeActivityLog_2025-09-08_UTC.ES-TM_6.data with Adaptive Ghost logic...
FILE: TRADEACTIVITYLOG_2025-06-30_UTC.TM_6.DATA | ACC: TM_6 | SYMBOL: CLQ25 | RAW: 122 | FILLS: 61
DEBUG: Running _parse_file_nitro on C:\Model-\TradeActivityLogs-tm_6\TradeActivityLog_2025-07-01_UTC.ES-IPS_TM_6.data with Adaptive Ghost logic...
FILE: TRADEACTIVITYLOG_2025-05-19_UTC.IPS_TM_6.DATA | ACC: IPS_TM_6 | SYMBOL: NQM25 | RAW: 198 | FILLS: 99
DEBUG: Running _parse_file_nitro on C:\Model-\TradeActivityLogs-tm_6\TradeActivityLog_2025-05-19_UTC.TM_6.data with Adaptive Ghost logic...
FILE: TRADEACTIVITYLOG_2025-07-24_UTC.IPS_TM_6.DATA | ACC: IPS_TM_6 | SYMBOL: NQU25 | RAW: 104 | FILLS: 52
DEBUG: Running _parse_file_nitro on C:\Model-\TradeActivityLogs-tm_6\TradeActivityLog_2025-07-24_UTC.TM_6.data with Adaptive Ghost logic...
FILE: TRADEACTIVITYLOG_2025-05-01_UTC.IPS_TM_6.DATA | ACC: IPS_TM_6 | SYMBOL: NQM25 | RAW: 208 | FILLS: 104
DEBUG: Running _parse_file_nitro on C:\Model-\TradeActivityLogs-tm_6\TradeActivityLog_2025-05-01_UTC.TM_6.data with Adaptive Ghost logic...
FILE: TRADEACTIVITYLOG_2025-04-09_UTC.IPS_TM_6.DATA | ACC: IPS_TM_6 | SYMBOL: NQM25 | RAW: 442 | FILLS: 221
FILE: TRADEACTIVITYLOG_2025-09-08_UTC.ES-TM_6.DATA | ACC: ES-TM_6 | SYMBOL: ESU25 | RAW: 58 | FILLS: 29
DEBUG: Running _parse_file_nitro on C:\Model-\TradeActivityLogs-tm_6\TradeActivityLog_2025-04-09_UTC.TM_6.data with Adaptive Ghost logic...
DEBUG: Running _parse_file_nitro on C:\Model-\TradeActivityLogs-tm_6\TradeActivityLog_2025-09-08_UTC.IPS_TM_6.data with Adaptive Ghost logic...
FILE: TRADEACTIVITYLOG_2025-08-19_UTC.IPS_TM_6.DATA | ACC: IPS_TM_6 | SYMBOL: NQU25 | RAW: 165 | FILLS: 83
DEBUG: Running _parse_file_nitro on C:\Model-\TradeActivityLogs-tm_6\TradeActivityLog_2025-08-19_UTC.TM_6.data with Adaptive Ghost logic...
FILE: TRADEACTIVITYLOG_2025-07-01_UTC.ES-IPS_TM_6.DATA | ACC: ES-IPS_TM_6 | SYMBOL: ESU25 | RAW: 68 | FILLS: 34
DEBUG: Running _parse_file_nitro on C:\Model-\TradeActivityLogs-tm_6\TradeActivityLog_2025-07-01_UTC.ES-TM_6.data with Adaptive Ghost logic...
FILE: TRADEACTIVITYLOG_2025-04-01_UTC.ES-TM_6.DATA | ACC: ES-TM_6 | SYMBOL: ESM25 | RAW: 134 | FILLS: 67
DEBUG: Running _parse_file_nitro on C:\Model-\TradeActivityLogs-tm_6\TradeActivityLog_2025-04-01_UTC.IPS_TM_6.data with Adaptive Ghost logic...
FILE: TRADEACTIVITYLOG_2025-06-09_UTC.IPS_TM_6.DATA | ACC: IPS_TM_6 | SYMBOL: NQM25 | RAW: 158 | FILLS: 79
DEBUG: Running _parse_file_nitro on C:\Model-\TradeActivityLogs-tm_6\TradeActivityLog_2025-06-09_UTC.TM_6.data with Adaptive Ghost logic...
FILE: TRADEACTIVITYLOG_2025-07-24_UTC.TM_6.DATA | ACC: TM_6 | SYMBOL: NQU25 | RAW: 112 | FILLS: 56
DEBUG: Running _parse_file_nitro on C:\Model-\TradeActivityLogs-tm_6\TradeActivityLog_2025-07-25_UTC.ES-IPS_TM_6.data with Adaptive Ghost logic...
FILE: TRADEACTIVITYLOG_2025-05-19_UTC.TM_6.DATA | ACC: TM_6 | SYMBOL: NQM25 | RAW: 200 | FILLS: 100
DEBUG: Running _parse_file_nitro on C:\Model-\TradeActivityLogs-tm_6\TradeActivityLog_2025-05-20_UTC.ES-IPS_TM_6.data with Adaptive Ghost logic...
FILE: TRADEACTIVITYLOG_2025-05-01_UTC.TM_6.DATA | ACC: TM_6 | SYMBOL: NQM25 | RAW: 192 | FILLS: 96
DEBUG: Running _parse_file_nitro on C:\Model-\TradeActivityLogs-tm_6\TradeActivityLog_2025-05-01_UTC.ZB-IPS_TM_6.data with Adaptive Ghost logic...
FILE: TRADEACTIVITYLOG_2025-07-01_UTC.ES-TM_6.DATA | ACC: ES-TM_6 | SYMBOL: ESU25 | RAW: 68 | FILLS: 34
DEBUG: Running _parse_file_nitro on C:\Model-\TradeActivityLogs-tm_6\TradeActivityLog_2025-07-01_UTC.IPS_TM_6.data with Adaptive Ghost logic...
FILE: TRADEACTIVITYLOG_2025-09-08_UTC.IPS_TM_6.DATA | ACC: IPS_TM_6 | SYMBOL: NQU25 | RAW: 150 | FILLS: 75
DEBUG: Running _parse_file_nitro on C:\Model-\TradeActivityLogs-tm_6\TradeActivityLog_2025-09-08_UTC.TM_6.data with Adaptive Ghost logic...
FILE: TRADEACTIVITYLOG_2025-07-25_UTC.ES-IPS_TM_6.DATA | ACC: ES-IPS_TM_6 | SYMBOL: ESU25 | RAW: 16 | FILLS: 8
DEBUG: Running _parse_file_nitro on C:\Model-\TradeActivityLogs-tm_6\TradeActivityLog_2025-07-25_UTC.ES-TM_6.data with Adaptive Ghost logic...
FILE: TRADEACTIVITYLOG_2025-08-19_UTC.TM_6.DATA | ACC: TM_6 | SYMBOL: NQU25 | RAW: 165 | FILLS: 83
DEBUG: Running _parse_file_nitro on C:\Model-\TradeActivityLogs-tm_6\TradeActivityLog_2025-08-19_UTC.ZB-TM_6.data with Adaptive Ghost logic...
FILE: TRADEACTIVITYLOG_2025-04-01_UTC.IPS_TM_6.DATA | ACC: IPS_TM_6 | SYMBOL: NQM25 | RAW: 150 | FILLS: 75
DEBUG: Running _parse_file_nitro on C:\Model-\TradeActivityLogs-tm_6\TradeActivityLog_2025-04-01_UTC.TM_6.data with Adaptive Ghost logic...
FILE: TRADEACTIVITYLOG_2025-05-20_UTC.ES-IPS_TM_6.DATA | ACC: ES-IPS_TM_6 | SYMBOL: ESM25 | RAW: 48 | FILLS: 24
FILE: TRADEACTIVITYLOG_2025-06-09_UTC.TM_6.DATA | ACC: TM_6 | SYMBOL: NQM25 | RAW: 158 | FILLS: 79
DEBUG: Running _parse_file_nitro on C:\Model-\TradeActivityLogs-tm_6\TradeActivityLog_2025-05-20_UTC.ES-TM_6.data with Adaptive Ghost logic...
DEBUG: Running _parse_file_nitro on C:\Model-\TradeActivityLogs-tm_6\TradeActivityLog_2025-06-10_UTC.ES-IPS_TM_6.data with Adaptive Ghost logic...
FILE: TRADEACTIVITYLOG_2025-05-01_UTC.ZB-IPS_TM_6.DATA | ACC: ZB-IPS_TM_6 | SYMBOL: Unknown | RAW: 0 | FILLS: 0
DEBUG: Running _parse_file_nitro on C:\Model-\TradeActivityLogs-tm_6\TradeActivityLog_2025-05-01_UTC.ZB-TM_6.data with Adaptive Ghost logic...
FILE: TRADEACTIVITYLOG_2025-08-19_UTC.ZB-TM_6.DATA | ACC: ZB-TM_6 | SYMBOL: Unknown | RAW: 0 | FILLS: 0
DEBUG: Running _parse_file_nitro on C:\Model-\TradeActivityLogs-tm_6\TradeActivityLog_2025-08-20_UTC.ES-IPS_TM_6.data with Adaptive Ghost logic...
FILE: TRADEACTIVITYLOG_2025-07-25_UTC.ES-TM_6.DATA | ACC: ES-TM_6 | SYMBOL: ESU25 | RAW: 16 | FILLS: 8
DEBUG: Running _parse_file_nitro on C:\Model-\TradeActivityLogs-tm_6\TradeActivityLog_2025-07-25_UTC.IPS_TM_6.data with Adaptive Ghost logic...
FILE: TRADEACTIVITYLOG_2025-05-01_UTC.ZB-TM_6.DATA | ACC: ZB-TM_6 | SYMBOL: Unknown | RAW: 0 | FILLS: 0
DEBUG: Running _parse_file_nitro on C:\Model-\TradeActivityLogs-tm_6\TradeActivityLog_2025-05-02_UTC.CL-IPS_TM_6.data with Adaptive Ghost logic...
FILE: TRADEACTIVITYLOG_2025-07-01_UTC.IPS_TM_6.DATA | ACC: IPS_TM_6 | SYMBOL: NQU25 | RAW: 138 | FILLS: 69
DEBUG: Running _parse_file_nitro on C:\Model-\TradeActivityLogs-tm_6\TradeActivityLog_2025-07-01_UTC.TM_6.data with Adaptive Ghost logic...
FILE: TRADEACTIVITYLOG_2025-09-08_UTC.TM_6.DATA | ACC: TM_6 | SYMBOL: CLV25 | RAW: 144 | FILLS: 72
DEBUG: Running _parse_file_nitro on C:\Model-\TradeActivityLogs-tm_6\TradeActivityLog_2025-09-09_UTC.ES-IPS_TM_6.data with Adaptive Ghost logic...
FILE: TRADEACTIVITYLOG_2025-04-09_UTC.TM_6.DATA | ACC: TM_6 | SYMBOL: NQM25 | RAW: 446 | FILLS: 223
DEBUG: Running _parse_file_nitro on C:\Model-\TradeActivityLogs-tm_6\TradeActivityLog_2025-04-09_UTC.ZB-IPS_TM_6.data with Adaptive Ghost logic...
DEBUG: Running _parse_file_nitro on C:\Model-\TradeActivityLogs-tm_6\TradeActivityLog_2025-05-20_UTC.IPS_TM_6.data with Adaptive Ghost logic...
FILE: TRADEACTIVITYLOG_2025-06-10_UTC.ES-IPS_TM_6.DATA | ACC: ES-IPS_TM_6 | SYMBOL: ESM25 | RAW: 38 | FILLS: 19
DEBUG: Running _parse_file_nitro on C:\Model-\TradeActivityLogs-tm_6\TradeActivityLog_2025-06-10_UTC.ES-TM_6.data with Adaptive Ghost logic...
FILE: TRADEACTIVITYLOG_2025-05-02_UTC.CL-IPS_TM_6.DATA | ACC: CL-IPS_TM_6 | SYMBOL: CL | RAW: 0 | FILLS: 0
DEBUG: Running _parse_file_nitro on C:\Model-\TradeActivityLogs-tm_6\TradeActivityLog_2025-05-02_UTC.CL-TM_6.data with Adaptive Ghost logic...
FILE: TRADEACTIVITYLOG_2025-04-01_UTC.TM_6.DATA | ACC: TM_6 | SYMBOL: NQM25 | RAW: 154 | FILLS: 77
DEBUG: Running _parse_file_nitro on C:\Model-\TradeActivityLogs-tm_6\TradeActivityLog_2025-04-01_UTC.ZB-IPS_TM_6.data with Adaptive Ghost logic...
FILE: TRADEACTIVITYLOG_2025-08-20_UTC.ES-IPS_TM_6.DATA | ACC: ES-IPS_TM_6 | SYMBOL: ESU25 | RAW: 62 | FILLS: 31
DEBUG: Running _parse_file_nitro on C:\Model-\TradeActivityLogs-tm_6\TradeActivityLog_2025-08-20_UTC.ES-TM_6.data with Adaptive Ghost logic...
FILE: TRADEACTIVITYLOG_2025-07-25_UTC.IPS_TM_6.DATA | ACC: IPS_TM_6 | SYMBOL: NQU25 | RAW: 92 | FILLS: 46
DEBUG: Running _parse_file_nitro on C:\Model-\TradeActivityLogs-tm_6\TradeActivityLog_2025-07-25_UTC.TM_6.data with Adaptive Ghost logic...
FILE: TRADEACTIVITYLOG_2025-09-09_UTC.ES-IPS_TM_6.DATA | ACC: ES-IPS_TM_6 | SYMBOL: ESU25 | RAW: 56 | FILLS: 28
DEBUG: Running _parse_file_nitro on C:\Model-\TradeActivityLogs-tm_6\TradeActivityLog_2025-09-09_UTC.ES-TM_6.data with Adaptive Ghost logic...
FILE: TRADEACTIVITYLOG_2025-04-09_UTC.ZB-IPS_TM_6.DATA | ACC: ZB-IPS_TM_6 | SYMBOL: Unknown | RAW: 0 | FILLS: 0
DEBUG: Running _parse_file_nitro on C:\Model-\TradeActivityLogs-tm_6\TradeActivityLog_2025-04-09_UTC.ZB-TM_6.data with Adaptive Ghost logic...
FILE: TRADEACTIVITYLOG_2025-04-01_UTC.ZB-IPS_TM_6.DATA | ACC: ZB-IPS_TM_6 | SYMBOL: Unknown | RAW: 0 | FILLS: 0
DEBUG: Running _parse_file_nitro on C:\Model-\TradeActivityLogs-tm_6\TradeActivityLog_2025-04-01_UTC.ZB-TM_6.data with Adaptive Ghost logic...
FILE: TRADEACTIVITYLOG_2025-05-02_UTC.CL-TM_6.DATA | ACC: CL-TM_6 | SYMBOL: CL | RAW: 0 | FILLS: 0
DEBUG: Running _parse_file_nitro on C:\Model-\TradeActivityLogs-tm_6\TradeActivityLog_2025-05-02_UTC.ES-IPS_TM_6.data with Adaptive Ghost logic...
FILE: TRADEACTIVITYLOG_2025-06-10_UTC.ES-TM_6.DATA | ACC: ES-TM_6 | SYMBOL: ESM25 | RAW: 38 | FILLS: 19
DEBUG: Running _parse_file_nitro on C:\Model-\TradeActivityLogs-tm_6\TradeActivityLog_2025-06-10_UTC.IPS_TM_6.data with Adaptive Ghost logic...
FILE: TRADEACTIVITYLOG_2025-07-01_UTC.TM_6.DATA | ACC: TM_6 | SYMBOL: NQU25 | RAW: 138 | FILLS: 69
DEBUG: Running _parse_file_nitro on C:\Model-\TradeActivityLogs-tm_6\TradeActivityLog_2025-07-01_UTC.ZB-TM_6.data with Adaptive Ghost logic...
FILE: TRADEACTIVITYLOG_2025-08-20_UTC.ES-TM_6.DATA | ACC: ES-TM_6 | SYMBOL: ESU25 | RAW: 62 | FILLS: 31
DEBUG: Running _parse_file_nitro on C:\Model-\TradeActivityLogs-tm_6\TradeActivityLog_2025-08-20_UTC.IPS_TM_6.data with Adaptive Ghost logic...
FILE: TRADEACTIVITYLOG_2025-04-09_UTC.ZB-TM_6.DATA | ACC: ZB-TM_6 | SYMBOL: Unknown | RAW: 0 | FILLS: 0
DEBUG: Running _parse_file_nitro on C:\Model-\TradeActivityLogs-tm_6\TradeActivityLog_2025-04-10_UTC.ES-IPS_TM_6.data with Adaptive Ghost logic...
FILE: TRADEACTIVITYLOG_2025-09-09_UTC.ES-TM_6.DATA | ACC: ES-TM_6 | SYMBOL: ESU25 | RAW: 58 | FILLS: 30
DEBUG: Running _parse_file_nitro on C:\Model-\TradeActivityLogs-tm_6\TradeActivityLog_2025-09-09_UTC.IPS_TM_6.data with Adaptive Ghost logic...
FILE: TRADEACTIVITYLOG_2025-04-01_UTC.ZB-TM_6.DATA | ACC: ZB-TM_6 | SYMBOL: Unknown | RAW: 0 | FILLS: 0
DEBUG: Running _parse_file_nitro on C:\Model-\TradeActivityLogs-tm_6\TradeActivityLog_2025-10-13_UTC.IPS_TM_6.data with Adaptive Ghost logic...
FILE: TRADEACTIVITYLOG_2025-05-20_UTC.IPS_TM_6.DATA | ACC: IPS_TM_6 | SYMBOL: NQM25 | RAW: 206 | FILLS: 103
DEBUG: Running _parse_file_nitro on C:\Model-\TradeActivityLogs-tm_6\TradeActivityLog_2025-05-20_UTC.TM_6.data with Adaptive Ghost logic...
FILE: TRADEACTIVITYLOG_2025-07-01_UTC.ZB-TM_6.DATA | ACC: ZB-TM_6 | SYMBOL: Unknown | RAW: 0 | FILLS: 0
DEBUG: Running _parse_file_nitro on C:\Model-\TradeActivityLogs-tm_6\TradeActivityLog_2025-07-02_UTC.ES-IPS_TM_6.data with Adaptive Ghost logic...
FILE: TRADEACTIVITYLOG_2025-05-02_UTC.ES-IPS_TM_6.DATA | ACC: ES-IPS_TM_6 | SYMBOL: ESM25 | RAW: 68 | FILLS: 34
DEBUG: Running _parse_file_nitro on C:\Model-\TradeActivityLogs-tm_6\TradeActivityLog_2025-05-02_UTC.ES-TM_6.data with Adaptive Ghost logic...
DEBUG: Running _parse_file_nitro on C:\Model-\TradeActivityLogs-tm_6\TradeActivityLog_2025-07-27_UTC.IPS_TM_6.data with Adaptive Ghost logic...
FILE: TRADEACTIVITYLOG_2025-06-10_UTC.IPS_TM_6.DATA | ACC: IPS_TM_6 | SYMBOL: NQM25 | RAW: 160 | FILLS: 80
DEBUG: Running _parse_file_nitro on C:\Model-\TradeActivityLogs-tm_6\TradeActivityLog_2025-06-10_UTC.TM_6.data with Adaptive Ghost logic...
FILE: TRADEACTIVITYLOG_2025-07-02_UTC.ES-IPS_TM_6.DATA | ACC: ES-IPS_TM_6 | SYMBOL: ESU25 | RAW: 32 | FILLS: 16
DEBUG: Running _parse_file_nitro on C:\Model-\TradeActivityLogs-tm_6\TradeActivityLog_2025-07-02_UTC.ES-TM_6.data with Adaptive Ghost logic...
FILE: TRADEACTIVITYLOG_2025-07-27_UTC.IPS_TM_6.DATA | ACC: IPS_TM_6 | SYMBOL: NQU25 | RAW: 8 | FILLS: 4
DEBUG: Running _parse_file_nitro on C:\Model-\TradeActivityLogs-tm_6\TradeActivityLog_2025-07-27_UTC.TM_6.data with Adaptive Ghost logic...
FILE: TRADEACTIVITYLOG_2025-09-09_UTC.IPS_TM_6.DATA | ACC: IPS_TM_6 | SYMBOL: NQU25 | RAW: 140 | FILLS: 70
FILE: TRADEACTIVITYLOG_2025-04-10_UTC.ES-IPS_TM_6.DATA | ACC: ES-IPS_TM_6 | SYMBOL: ESM25 | RAW: 188 | FILLS: 94
DEBUG: Running _parse_file_nitro on C:\Model-\TradeActivityLogs-tm_6\TradeActivityLog_2025-09-09_UTC.TM_6.data with Adaptive Ghost logic...
DEBUG: Running _parse_file_nitro on C:\Model-\TradeActivityLogs-tm_6\TradeActivityLog_2025-04-10_UTC.ES-TM_6.data with Adaptive Ghost logic...
DEBUG: Running _parse_file_nitro on C:\Model-\TradeActivityLogs-tm_6\TradeActivityLog_2025-08-20_UTC.TM_6.data with Adaptive Ghost logic...
FILE: TRADEACTIVITYLOG_2025-05-02_UTC.ES-TM_6.DATA | ACC: ES-TM_6 | SYMBOL: ESM25 | RAW: 68 | FILLS: 34
DEBUG: Running _parse_file_nitro on C:\Model-\TradeActivityLogs-tm_6\TradeActivityLog_2025-05-02_UTC.IPS_TM_6.data with Adaptive Ghost logic...
FILE: TRADEACTIVITYLOG_2025-05-20_UTC.TM_6.DATA | ACC: TM_6 | SYMBOL: NQM25 | RAW: 98 | FILLS: 49
DEBUG: Running _parse_file_nitro on C:\Model-\TradeActivityLogs-tm_6\TradeActivityLog_2025-05-21_UTC.ES-IPS_TM_6.data with Adaptive Ghost logic...
FILE: TRADEACTIVITYLOG_2025-10-13_UTC.IPS_TM_6.DATA | ACC: IPS_TM_6 | SYMBOL: NQZ25 | RAW: 202 | FILLS: 101
DEBUG: Running _parse_file_nitro on C:\Model-\TradeActivityLogs-tm_6\TradeActivityLog_2025-10-13_UTC.TM_6.data with Adaptive Ghost logic...
FILE: TRADEACTIVITYLOG_2025-07-27_UTC.TM_6.DATA | ACC: TM_6 | SYMBOL: NQU25 | RAW: 8 | FILLS: 4
DEBUG: Running _parse_file_nitro on C:\Model-\TradeActivityLogs-tm_6\TradeActivityLog_2025-07-28_UTC.ES-IPS_TM_6.data with Adaptive Ghost logic...
FILE: TRADEACTIVITYLOG_2025-07-02_UTC.ES-TM_6.DATA | ACC: ES-TM_6 | SYMBOL: ESU25 | RAW: 32 | FILLS: 16
DEBUG: Running _parse_file_nitro on C:\Model-\TradeActivityLogs-tm_6\TradeActivityLog_2025-07-02_UTC.IPS_TM_6.data with Adaptive Ghost logic...
FILE: TRADEACTIVITYLOG_2025-06-10_UTC.TM_6.DATA | ACC: TM_6 | SYMBOL: NQM25 | RAW: 160 | FILLS: 80
DEBUG: Running _parse_file_nitro on C:\Model-\TradeActivityLogs-tm_6\TradeActivityLog_2025-06-11_UTC.ES-IPS_TM_6.data with Adaptive Ghost logic...
FILE: TRADEACTIVITYLOG_2025-05-21_UTC.ES-IPS_TM_6.DATA | ACC: ES-IPS_TM_6 | SYMBOL: ESM25 | RAW: 54 | FILLS: 27
DEBUG: Running _parse_file_nitro on C:\Model-\TradeActivityLogs-tm_6\TradeActivityLog_2025-05-21_UTC.ES-TM_6.data with Adaptive Ghost logic...
FILE: TRADEACTIVITYLOG_2025-04-10_UTC.ES-TM_6.DATA | ACC: ES-TM_6 | SYMBOL: ESM25 | RAW: 186 | FILLS: 93
DEBUG: Running _parse_file_nitro on C:\Model-\TradeActivityLogs-tm_6\TradeActivityLog_2025-04-10_UTC.IPS_TM_6.data with Adaptive Ghost logic...
FILE: TRADEACTIVITYLOG_2025-09-09_UTC.TM_6.DATA | ACC: TM_6 | SYMBOL: NQU25 | RAW: 140 | FILLS: 70
FILE: TRADEACTIVITYLOG_2025-07-28_UTC.ES-IPS_TM_6.DATA | ACC: ES-IPS_TM_6 | SYMBOL: ESU25 | RAW: 38 | FILLS: 19
DEBUG: Running _parse_file_nitro on C:\Model-\TradeActivityLogs-tm_6\TradeActivityLog_2025-07-28_UTC.ES-TM_6.data with Adaptive Ghost logic...
DEBUG: Running _parse_file_nitro on C:\Model-\TradeActivityLogs-tm_6\TradeActivityLog_2025-09-10_UTC.ES-IPS_TM_6.data with Adaptive Ghost logic...
FILE: TRADEACTIVITYLOG_2025-05-02_UTC.IPS_TM_6.DATA | ACC: IPS_TM_6 | SYMBOL: NQM25 | RAW: 203 | FILLS: 102
DEBUG: Running _parse_file_nitro on C:\Model-\TradeActivityLogs-tm_6\TradeActivityLog_2025-05-02_UTC.TM_6.data with Adaptive Ghost logic...
FILE: TRADEACTIVITYLOG_2025-08-20_UTC.TM_6.DATA | ACC: TM_6 | SYMBOL: NQU25 | RAW: 222 | FILLS: 111
DEBUG: Running _parse_file_nitro on C:\Model-\TradeActivityLogs-tm_6\TradeActivityLog_2025-08-21_UTC.ES-IPS_TM_6.data with Adaptive Ghost logic...
FILE: TRADEACTIVITYLOG_2025-10-13_UTC.TM_6.DATA | ACC: TM_6 | SYMBOL: NQZ25 | RAW: 204 | FILLS: 102
DEBUG: Running _parse_file_nitro on C:\Model-\TradeActivityLogs-tm_6\TradeActivityLog_2025-10-14_UTC.ES-IPS_TM_6.data with Adaptive Ghost logic...
FILE: TRADEACTIVITYLOG_2025-06-11_UTC.ES-IPS_TM_6.DATA | ACC: ES-IPS_TM_6 | SYMBOL: ESM25 | RAW: 86 | FILLS: 43
DEBUG: Running _parse_file_nitro on C:\Model-\TradeActivityLogs-tm_6\TradeActivityLog_2025-06-11_UTC.ES-TM_6.data with Adaptive Ghost logic...
FILE: TRADEACTIVITYLOG_2025-07-02_UTC.IPS_TM_6.DATA | ACC: IPS_TM_6 | SYMBOL: NQU25 | RAW: 160 | FILLS: 80
DEBUG: Running _parse_file_nitro on C:\Model-\TradeActivityLogs-tm_6\TradeActivityLog_2025-07-02_UTC.TM_6.data with Adaptive Ghost logic...
FILE: TRADEACTIVITYLOG_2025-05-21_UTC.ES-TM_6.DATA | ACC: ES-TM_6 | SYMBOL: ESM25 | RAW: 54 | FILLS: 27
DEBUG: Running _parse_file_nitro on C:\Model-\TradeActivityLogs-tm_6\TradeActivityLog_2025-05-21_UTC.IPS_TM_6.data with Adaptive Ghost logic...
FILE: TRADEACTIVITYLOG_2025-07-28_UTC.ES-TM_6.DATA | ACC: ES-TM_6 | SYMBOL: ESU25 | RAW: 38 | FILLS: 19
DEBUG: Running _parse_file_nitro on C:\Model-\TradeActivityLogs-tm_6\TradeActivityLog_2025-07-28_UTC.IPS_TM_6.data with Adaptive Ghost logic...
FILE: TRADEACTIVITYLOG_2025-09-10_UTC.ES-IPS_TM_6.DATA | ACC: ES-IPS_TM_6 | SYMBOL: ESU25 | RAW: 58 | FILLS: 29
DEBUG: Running _parse_file_nitro on C:\Model-\TradeActivityLogs-tm_6\TradeActivityLog_2025-09-10_UTC.ES-TM_6.data with Adaptive Ghost logic...
FILE: TRADEACTIVITYLOG_2025-08-21_UTC.ES-IPS_TM_6.DATA | ACC: ES-IPS_TM_6 | SYMBOL: ESU25 | RAW: 72 | FILLS: 36
DEBUG: Running _parse_file_nitro on C:\Model-\TradeActivityLogs-tm_6\TradeActivityLog_2025-08-21_UTC.ES-TM_6.data with Adaptive Ghost logic...
FILE: TRADEACTIVITYLOG_2025-10-14_UTC.ES-IPS_TM_6.DATA | ACC: ES-IPS_TM_6 | SYMBOL: ESZ25 | RAW: 88 | FILLS: 44
DEBUG: Running _parse_file_nitro on C:\Model-\TradeActivityLogs-tm_6\TradeActivityLog_2025-10-14_UTC.ES-TM_6.data with Adaptive Ghost logic...
FILE: TRADEACTIVITYLOG_2025-06-11_UTC.ES-TM_6.DATA | ACC: ES-TM_6 | SYMBOL: ESM25 | RAW: 82 | FILLS: 41
DEBUG: Running _parse_file_nitro on C:\Model-\TradeActivityLogs-tm_6\TradeActivityLog_2025-06-11_UTC.IPS_TM_6.data with Adaptive Ghost logic...
FILE: TRADEACTIVITYLOG_2025-05-02_UTC.TM_6.DATA | ACC: TM_6 | SYMBOL: NQM25 | RAW: 205 | FILLS: 103
DEBUG: Running _parse_file_nitro on C:\Model-\TradeActivityLogs-tm_6\TradeActivityLog_2025-05-02_UTC.ZB-IPS_TM_6.data with Adaptive Ghost logic...
FILE: TRADEACTIVITYLOG_2025-04-10_UTC.IPS_TM_6.DATA | ACC: IPS_TM_6 | SYMBOL: NQM25 | RAW: 352 | FILLS: 176
DEBUG: Running _parse_file_nitro on C:\Model-\TradeActivityLogs-tm_6\TradeActivityLog_2025-04-10_UTC.TM_6.data with Adaptive Ghost logic...
FILE: TRADEACTIVITYLOG_2025-09-10_UTC.ES-TM_6.DATA | ACC: ES-TM_6 | SYMBOL: ESU25 | RAW: 58 | FILLS: 29
DEBUG: Running _parse_file_nitro on C:\Model-\TradeActivityLogs-tm_6\TradeActivityLog_2025-09-10_UTC.IPS_TM_6.data with Adaptive Ghost logic...
FILE: TRADEACTIVITYLOG_2025-07-02_UTC.TM_6.DATA | ACC: TM_6 | SYMBOL: NQU25 | RAW: 160 | FILLS: 80
DEBUG: Running _parse_file_nitro on C:\Model-\TradeActivityLogs-tm_6\TradeActivityLog_2025-07-03_UTC.ES-IPS_TM_6.data with Adaptive Ghost logic...
FILE: TRADEACTIVITYLOG_2025-07-28_UTC.IPS_TM_6.DATA | ACC: IPS_TM_6 | SYMBOL: NQU25 | RAW: 120 | FILLS: 60
FILE: TRADEACTIVITYLOG_2025-08-21_UTC.ES-TM_6.DATA | ACC: ES-TM_6 | SYMBOL: ESU25 | RAW: 72 | FILLS: 36
DEBUG: Running _parse_file_nitro on C:\Model-\TradeActivityLogs-tm_6\TradeActivityLog_2025-07-28_UTC.TM_6.data with Adaptive Ghost logic...
DEBUG: Running _parse_file_nitro on C:\Model-\TradeActivityLogs-tm_6\TradeActivityLog_2025-08-21_UTC.IPS_TM_6.data with Adaptive Ghost logic...
FILE: TRADEACTIVITYLOG_2025-05-02_UTC.ZB-IPS_TM_6.DATA | ACC: ZB-IPS_TM_6 | SYMBOL: Unknown | RAW: 0 | FILLS: 0
DEBUG: Running _parse_file_nitro on C:\Model-\TradeActivityLogs-tm_6\TradeActivityLog_2025-05-02_UTC.ZB-TM_6.data with Adaptive Ghost logic...
FILE: TRADEACTIVITYLOG_2025-10-14_UTC.ES-TM_6.DATA | ACC: ES-TM_6 | SYMBOL: ESZ25 | RAW: 88 | FILLS: 44
DEBUG: Running _parse_file_nitro on C:\Model-\TradeActivityLogs-tm_6\TradeActivityLog_2025-10-14_UTC.IPS_TM_6.data with Adaptive Ghost logic...
FILE: TRADEACTIVITYLOG_2025-05-21_UTC.IPS_TM_6.DATA | ACC: IPS_TM_6 | SYMBOL: NQM25 | RAW: 266 | FILLS: 133
DEBUG: Running _parse_file_nitro on C:\Model-\TradeActivityLogs-tm_6\TradeActivityLog_2025-05-21_UTC.TM_6.data with Adaptive Ghost logic...
FILE: TRADEACTIVITYLOG_2025-05-02_UTC.ZB-TM_6.DATA | ACC: ZB-TM_6 | SYMBOL: Unknown | RAW: 0 | FILLS: 0
DEBUG: Running _parse_file_nitro on C:\Model-\TradeActivityLogs-tm_6\TradeActivityLog_2025-05-04_UTC.IPS_TM_6.data with Adaptive Ghost logic...
FILE: TRADEACTIVITYLOG_2025-07-03_UTC.ES-IPS_TM_6.DATA | ACC: ES-IPS_TM_6 | SYMBOL: ESU25 | RAW: 50 | FILLS: 25
DEBUG: Running _parse_file_nitro on C:\Model-\TradeActivityLogs-tm_6\TradeActivityLog_2025-07-03_UTC.ES-TM_6.data with Adaptive Ghost logic...
FILE: TRADEACTIVITYLOG_2025-06-11_UTC.IPS_TM_6.DATA | ACC: IPS_TM_6 | SYMBOL: CLN25 | RAW: 250 | FILLS: 125
DEBUG: Running _parse_file_nitro on C:\Model-\TradeActivityLogs-tm_6\TradeActivityLog_2025-06-11_UTC.TM_6.data with Adaptive Ghost logic...
FILE: TRADEACTIVITYLOG_2025-09-10_UTC.IPS_TM_6.DATA | ACC: IPS_TM_6 | SYMBOL: NQU25 | RAW: 172 | FILLS: 87
DEBUG: Running _parse_file_nitro on C:\Model-\TradeActivityLogs-tm_6\TradeActivityLog_2025-09-10_UTC.TM_6.data with Adaptive Ghost logic...
FILE: TRADEACTIVITYLOG_2025-07-28_UTC.TM_6.DATA | ACC: TM_6 | SYMBOL: NQU25 | RAW: 120 | FILLS: 60
DEBUG: Running _parse_file_nitro on C:\Model-\TradeActivityLogs-tm_6\TradeActivityLog_2025-07-29_UTC.ES-IPS_TM_6.data with Adaptive Ghost logic...
FILE: TRADEACTIVITYLOG_2025-08-21_UTC.IPS_TM_6.DATA | ACC: IPS_TM_6 | SYMBOL: NQU25 | RAW: 200 | FILLS: 100
DEBUG: Running _parse_file_nitro on C:\Model-\TradeActivityLogs-tm_6\TradeActivityLog_2025-08-21_UTC.TM_6.data with Adaptive Ghost logic...
FILE: TRADEACTIVITYLOG_2025-05-04_UTC.IPS_TM_6.DATA | ACC: IPS_TM_6 | SYMBOL: CLM25 | RAW: 24 | FILLS: 12
DEBUG: Running _parse_file_nitro on C:\Model-\TradeActivityLogs-tm_6\TradeActivityLog_2025-05-04_UTC.TM_6.data with Adaptive Ghost logic...
FILE: TRADEACTIVITYLOG_2025-04-10_UTC.TM_6.DATA | ACC: TM_6 | SYMBOL: NQM25 | RAW: 354 | FILLS: 177
DEBUG: Running _parse_file_nitro on C:\Model-\TradeActivityLogs-tm_6\TradeActivityLog_2025-04-11_UTC.ES-IPS_TM_6.data with Adaptive Ghost logic...
FILE: TRADEACTIVITYLOG_2025-07-03_UTC.ES-TM_6.DATA | ACC: ES-TM_6 | SYMBOL: ESU25 | RAW: 50 | FILLS: 25
DEBUG: Running _parse_file_nitro on C:\Model-\TradeActivityLogs-tm_6\TradeActivityLog_2025-07-03_UTC.IPS_TM_6.data with Adaptive Ghost logic...
FILE: TRADEACTIVITYLOG_2025-10-14_UTC.IPS_TM_6.DATA | ACC: IPS_TM_6 | SYMBOL: NQZ25 | RAW: 254 | FILLS: 127
DEBUG: Running _parse_file_nitro on C:\Model-\TradeActivityLogs-tm_6\TradeActivityLog_2025-10-14_UTC.TM_6.data with Adaptive Ghost logic...
FILE: TRADEACTIVITYLOG_2025-07-29_UTC.ES-IPS_TM_6.DATA | ACC: ES-IPS_TM_6 | SYMBOL: ESU25 | RAW: 32 | FILLS: 16
DEBUG: Running _parse_file_nitro on C:\Model-\TradeActivityLogs-tm_6\TradeActivityLog_2025-07-29_UTC.ES-TM_6.data with Adaptive Ghost logic...
FILE: TRADEACTIVITYLOG_2025-05-04_UTC.TM_6.DATA | ACC: TM_6 | SYMBOL: CLM25 | RAW: 24 | FILLS: 12
DEBUG: Running _parse_file_nitro on C:\Model-\TradeActivityLogs-tm_6\TradeActivityLog_2025-05-05_UTC.CL-IPS_TM_6.data with Adaptive Ghost logic...
FILE: TRADEACTIVITYLOG_2025-05-21_UTC.TM_6.DATA | ACC: TM_6 | SYMBOL: NQM25 | RAW: 268 | FILLS: 134
DEBUG: Running _parse_file_nitro on C:\Model-\TradeActivityLogs-tm_6\TradeActivityLog_2025-05-22_UTC.ES-IPS_TM_6.data with Adaptive Ghost logic...
FILE: TRADEACTIVITYLOG_2025-09-10_UTC.TM_6.DATA | ACC: TM_6 | SYMBOL: NQU25 | RAW: 164 | FILLS: 82
DEBUG: Running _parse_file_nitro on C:\Model-\TradeActivityLogs-tm_6\TradeActivityLog_2025-09-11_UTC.ES-IPS_TM_6.data with Adaptive Ghost logic...
FILE: TRADEACTIVITYLOG_2025-05-05_UTC.CL-IPS_TM_6.DATA | ACC: CL-IPS_TM_6 | SYMBOL: CL | RAW: 0 | FILLS: 0
DEBUG: Running _parse_file_nitro on C:\Model-\TradeActivityLogs-tm_6\TradeActivityLog_2025-05-05_UTC.CL-TM_6.data with Adaptive Ghost logic...
FILE: TRADEACTIVITYLOG_2025-06-11_UTC.TM_6.DATA | ACC: TM_6 | SYMBOL: CLN25 | RAW: 248 | FILLS: 124
DEBUG: Running _parse_file_nitro on C:\Model-\TradeActivityLogs-tm_6\TradeActivityLog_2025-06-11_UTC.ZB-TM_6.data with Adaptive Ghost logic...
FILE: TRADEACTIVITYLOG_2025-04-11_UTC.ES-IPS_TM_6.DATA | ACC: ES-IPS_TM_6 | SYMBOL: ESM25 | RAW: 72 | FILLS: 36
DEBUG: Running _parse_file_nitro on C:\Model-\TradeActivityLogs-tm_6\TradeActivityLog_2025-04-11_UTC.ES-TM_6.data with Adaptive Ghost logic...
FILE: TRADEACTIVITYLOG_2025-08-21_UTC.TM_6.DATA | ACC: TM_6 | SYMBOL: NQU25 | RAW: 200 | FILLS: 100
FILE: TRADEACTIVITYLOG_2025-07-29_UTC.ES-TM_6.DATA | ACC: ES-TM_6 | SYMBOL: ESU25 | RAW: 32 | FILLS: 16
DEBUG: Running _parse_file_nitro on C:\Model-\TradeActivityLogs-tm_6\TradeActivityLog_2025-08-21_UTC.ZB-TM_6.data with Adaptive Ghost logic...
DEBUG: Running _parse_file_nitro on C:\Model-\TradeActivityLogs-tm_6\TradeActivityLog_2025-07-29_UTC.IPS_TM_6.data with Adaptive Ghost logic...
FILE: TRADEACTIVITYLOG_2025-07-03_UTC.IPS_TM_6.DATA | ACC: IPS_TM_6 | SYMBOL: CLQ25 | RAW: 116 | FILLS: 58
DEBUG: Running _parse_file_nitro on C:\Model-\TradeActivityLogs-tm_6\TradeActivityLog_2025-07-03_UTC.TM_6.data with Adaptive Ghost logic...
FILE: TRADEACTIVITYLOG_2025-09-11_UTC.ES-IPS_TM_6.DATA | ACC: ES-IPS_TM_6 | SYMBOL: ESU25 | RAW: 42 | FILLS: 21
DEBUG: Running _parse_file_nitro on C:\Model-\TradeActivityLogs-tm_6\TradeActivityLog_2025-09-11_UTC.ES-TM_6.data with Adaptive Ghost logic...
FILE: TRADEACTIVITYLOG_2025-05-05_UTC.CL-TM_6.DATA | ACC: CL-TM_6 | SYMBOL: CL | RAW: 0 | FILLS: 0
DEBUG: Running _parse_file_nitro on C:\Model-\TradeActivityLogs-tm_6\TradeActivityLog_2025-05-05_UTC.ES-IPS_TM_6.data with Adaptive Ghost logic...
FILE: TRADEACTIVITYLOG_2025-06-11_UTC.ZB-TM_6.DATA | ACC: ZB-TM_6 | SYMBOL: Unknown | RAW: 0 | FILLS: 0
DEBUG: Running _parse_file_nitro on C:\Model-\TradeActivityLogs-tm_6\TradeActivityLog_2025-06-12_UTC.ES-IPS_TM_6.data with Adaptive Ghost logic...
FILE: TRADEACTIVITYLOG_2025-08-21_UTC.ZB-TM_6.DATA | ACC: ZB-TM_6 | SYMBOL: Unknown | RAW: 0 | FILLS: 0
DEBUG: Running _parse_file_nitro on C:\Model-\TradeActivityLogs-tm_6\TradeActivityLog_2025-08-22_UTC.ES-IPS_TM_6.data with Adaptive Ghost logic...
FILE: TRADEACTIVITYLOG_2025-05-22_UTC.ES-IPS_TM_6.DATA | ACC: ES-IPS_TM_6 | SYMBOL: ESM25 | RAW: 78 | FILLS: 39
DEBUG: Running _parse_file_nitro on C:\Model-\TradeActivityLogs-tm_6\TradeActivityLog_2025-05-22_UTC.ES-TM_6.data with Adaptive Ghost logic...
FILE: TRADEACTIVITYLOG_2025-04-11_UTC.ES-TM_6.DATA | ACC: ES-TM_6 | SYMBOL: ESM25 | RAW: 72 | FILLS: 37
DEBUG: Running _parse_file_nitro on C:\Model-\TradeActivityLogs-tm_6\TradeActivityLog_2025-04-11_UTC.IPS_TM_6.data with Adaptive Ghost logic...
FILE: TRADEACTIVITYLOG_2025-10-14_UTC.TM_6.DATA | ACC: TM_6 | SYMBOL: NQZ25 | RAW: 254 | FILLS: 127
FILE: TRADEACTIVITYLOG_2025-09-11_UTC.ES-TM_6.DATA | ACC: ES-TM_6 | SYMBOL: ESU25 | RAW: 42 | FILLS: 21
DEBUG: Running _parse_file_nitro on C:\Model-\TradeActivityLogs-tm_6\TradeActivityLog_2025-10-15_UTC.ES-IPS_TM_6.data with Adaptive Ghost logic...
FILE: TRADEACTIVITYLOG_2025-05-05_UTC.ES-IPS_TM_6.DATA | ACC: ES-IPS_TM_6 | SYMBOL: ESM25 | RAW: 34 | FILLS: 17
DEBUG: Running _parse_file_nitro on C:\Model-\TradeActivityLogs-tm_6\TradeActivityLog_2025-09-11_UTC.IPS_TM_6.data with Adaptive Ghost logic...
DEBUG: Running _parse_file_nitro on C:\Model-\TradeActivityLogs-tm_6\TradeActivityLog_2025-05-05_UTC.ES-TM_6.data with Adaptive Ghost logic...
FILE: TRADEACTIVITYLOG_2025-07-03_UTC.TM_6.DATA | ACC: TM_6 | SYMBOL: CLQ25 | RAW: 116 | FILLS: 58
DEBUG: Running _parse_file_nitro on C:\Model-\TradeActivityLogs-tm_6\TradeActivityLog_2025-07-04_UTC.IPS_TM_6.data with Adaptive Ghost logic...
FILE: TRADEACTIVITYLOG_2025-06-12_UTC.ES-IPS_TM_6.DATA | ACC: ES-IPS_TM_6 | SYMBOL: ESM25 | RAW: 52 | FILLS: 26
DEBUG: Running _parse_file_nitro on C:\Model-\TradeActivityLogs-tm_6\TradeActivityLog_2025-06-12_UTC.ES-TM_6.data with Adaptive Ghost logic...
FILE: TRADEACTIVITYLOG_2025-07-29_UTC.IPS_TM_6.DATA | ACC: IPS_TM_6 | SYMBOL: CLV25 | RAW: 190 | FILLS: 95
DEBUG: Running _parse_file_nitro on C:\Model-\TradeActivityLogs-tm_6\TradeActivityLog_2025-07-29_UTC.TM_6.data with Adaptive Ghost logic...
FILE: TRADEACTIVITYLOG_2025-08-22_UTC.ES-IPS_TM_6.DATA | ACC: ES-IPS_TM_6 | SYMBOL: ESU25 | RAW: 54 | FILLS: 27
DEBUG: Running _parse_file_nitro on C:\Model-\TradeActivityLogs-tm_6\TradeActivityLog_2025-08-22_UTC.ES-TM_6.data with Adaptive Ghost logic...
FILE: TRADEACTIVITYLOG_2025-10-15_UTC.ES-IPS_TM_6.DATA | ACC: ES-IPS_TM_6 | SYMBOL: ESZ25 | RAW: 84 | FILLS: 42
DEBUG: Running _parse_file_nitro on C:\Model-\TradeActivityLogs-tm_6\TradeActivityLog_2025-10-15_UTC.ES-TM_6.data with Adaptive Ghost logic...
FILE: TRADEACTIVITYLOG_2025-05-05_UTC.ES-TM_6.DATA | ACC: ES-TM_6 | SYMBOL: ESM25 | RAW: 38 | FILLS: 19
DEBUG: Running _parse_file_nitro on C:\Model-\TradeActivityLogs-tm_6\TradeActivityLog_2025-05-05_UTC.IPS_TM_6.data with Adaptive Ghost logic...
FILE: TRADEACTIVITYLOG_2025-05-22_UTC.ES-TM_6.DATA | ACC: ES-TM_6 | SYMBOL: ESM25 | RAW: 80 | FILLS: 40
DEBUG: Running _parse_file_nitro on C:\Model-\TradeActivityLogs-tm_6\TradeActivityLog_2025-05-22_UTC.IPS_TM_6.data with Adaptive Ghost logic...
FILE: TRADEACTIVITYLOG_2025-07-04_UTC.IPS_TM_6.DATA | ACC: IPS_TM_6 | SYMBOL: NQU25 | RAW: 32 | FILLS: 16
DEBUG: Running _parse_file_nitro on C:\Model-\TradeActivityLogs-tm_6\TradeActivityLog_2025-07-04_UTC.TM_6.data with Adaptive Ghost logic...
FILE: TRADEACTIVITYLOG_2025-06-12_UTC.ES-TM_6.DATA | ACC: ES-TM_6 | SYMBOL: ESM25 | RAW: 52 | FILLS: 26
DEBUG: Running _parse_file_nitro on C:\Model-\TradeActivityLogs-tm_6\TradeActivityLog_2025-06-12_UTC.IPS_TM_6.data with Adaptive Ghost logic...
FILE: TRADEACTIVITYLOG_2025-04-11_UTC.IPS_TM_6.DATA | ACC: IPS_TM_6 | SYMBOL: NQM25 | RAW: 274 | FILLS: 137
FILE: TRADEACTIVITYLOG_2025-09-11_UTC.IPS_TM_6.DATA | ACC: IPS_TM_6 | SYMBOL: NQU25 | RAW: 165 | FILLS: 83
DEBUG: Running _parse_file_nitro on C:\Model-\TradeActivityLogs-tm_6\TradeActivityLog_2025-04-11_UTC.TM_6.data with Adaptive Ghost logic...
DEBUG: Running _parse_file_nitro on C:\Model-\TradeActivityLogs-tm_6\TradeActivityLog_2025-09-11_UTC.TM_6.data with Adaptive Ghost logic...
FILE: TRADEACTIVITYLOG_2025-08-22_UTC.ES-TM_6.DATA | ACC: ES-TM_6 | SYMBOL: ESU25 | RAW: 54 | FILLS: 27
DEBUG: Running _parse_file_nitro on C:\Model-\TradeActivityLogs-tm_6\TradeActivityLog_2025-08-22_UTC.IPS_TM_6.data with Adaptive Ghost logic...
FILE: TRADEACTIVITYLOG_2025-10-15_UTC.ES-TM_6.DATA | ACC: ES-TM_6 | SYMBOL: ESZ25 | RAW: 84 | FILLS: 42
DEBUG: Running _parse_file_nitro on C:\Model-\TradeActivityLogs-tm_6\TradeActivityLog_2025-10-15_UTC.IPS_TM_6.data with Adaptive Ghost logic...
FILE: TRADEACTIVITYLOG_2025-07-04_UTC.TM_6.DATA | ACC: TM_6 | SYMBOL: NQU25 | RAW: 32 | FILLS: 16
DEBUG: Running _parse_file_nitro on C:\Model-\TradeActivityLogs-tm_6\TradeActivityLog_2025-07-06_UTC.ES-IPS_TM_6.data with Adaptive Ghost logic...
FILE: TRADEACTIVITYLOG_2025-05-05_UTC.IPS_TM_6.DATA | ACC: IPS_TM_6 | SYMBOL: NQM25 | RAW: 192 | FILLS: 96
DEBUG: Running _parse_file_nitro on C:\Model-\TradeActivityLogs-tm_6\TradeActivityLog_2025-05-05_UTC.TM_6.data with Adaptive Ghost logic...
FILE: TRADEACTIVITYLOG_2025-07-29_UTC.TM_6.DATA | ACC: TM_6 | SYMBOL: CLV25 | RAW: 190 | FILLS: 95
DEBUG: Running _parse_file_nitro on C:\Model-\TradeActivityLogs-tm_6\TradeActivityLog_2025-07-30_UTC.ES-IPS_TM_6.data with Adaptive Ghost logic...
FILE: TRADEACTIVITYLOG_2025-06-12_UTC.IPS_TM_6.DATA | ACC: IPS_TM_6 | SYMBOL: CLN25 | RAW: 192 | FILLS: 96
DEBUG: Running _parse_file_nitro on C:\Model-\TradeActivityLogs-tm_6\TradeActivityLog_2025-06-12_UTC.TM_6.data with Adaptive Ghost logic...
FILE: TRADEACTIVITYLOG_2025-07-06_UTC.ES-IPS_TM_6.DATA | ACC: ES-IPS_TM_6 | SYMBOL: ESU25 | RAW: 6 | FILLS: 3
DEBUG: Running _parse_file_nitro on C:\Model-\TradeActivityLogs-tm_6\TradeActivityLog_2025-07-06_UTC.ES-TM_6.data with Adaptive Ghost logic...
FILE: TRADEACTIVITYLOG_2025-05-22_UTC.IPS_TM_6.DATA | ACC: IPS_TM_6 | SYMBOL: NQM25 | RAW: 214 | FILLS: 107
FILE: TRADEACTIVITYLOG_2025-09-11_UTC.TM_6.DATA | ACC: TM_6 | SYMBOL: NQU25 | RAW: 165 | FILLS: 83
DEBUG: Running _parse_file_nitro on C:\Model-\TradeActivityLogs-tm_6\TradeActivityLog_2025-09-11_UTC.ZB-TM_6.data with Adaptive Ghost logic...
DEBUG: Running _parse_file_nitro on C:\Model-\TradeActivityLogs-tm_6\TradeActivityLog_2025-05-22_UTC.TM_6.data with Adaptive Ghost logic...
FILE: TRADEACTIVITYLOG_2025-08-22_UTC.IPS_TM_6.DATA | ACC: IPS_TM_6 | SYMBOL: NQU25 | RAW: 164 | FILLS: 82
DEBUG: Running _parse_file_nitro on C:\Model-\TradeActivityLogs-tm_6\TradeActivityLog_2025-08-22_UTC.TM_6.data with Adaptive Ghost logic...
FILE: TRADEACTIVITYLOG_2025-10-15_UTC.IPS_TM_6.DATA | ACC: IPS_TM_6 | SYMBOL: NQZ25 | RAW: 230 | FILLS: 115
DEBUG: Running _parse_file_nitro on C:\Model-\TradeActivityLogs-tm_6\TradeActivityLog_2025-10-15_UTC.TM_6.data with Adaptive Ghost logic...
FILE: TRADEACTIVITYLOG_2025-04-11_UTC.TM_6.DATA | ACC: TM_6 | SYMBOL: CLK25 | RAW: 258 | FILLS: 129
DEBUG: Running _parse_file_nitro on C:\Model-\TradeActivityLogs-tm_6\TradeActivityLog_2025-04-13_UTC.IPS_TM_6.data with Adaptive Ghost logic...
FILE: TRADEACTIVITYLOG_2025-09-11_UTC.ZB-TM_6.DATA | ACC: ZB-TM_6 | SYMBOL: Unknown | RAW: 0 | FILLS: 0
DEBUG: Running _parse_file_nitro on C:\Model-\TradeActivityLogs-tm_6\TradeActivityLog_2025-09-12_UTC.ES-IPS_TM_6.data with Adaptive Ghost logic...
FILE: TRADEACTIVITYLOG_2025-07-06_UTC.ES-TM_6.DATA | ACC: ES-TM_6 | SYMBOL: ESU25 | RAW: 6 | FILLS: 3
DEBUG: Running _parse_file_nitro on C:\Model-\TradeActivityLogs-tm_6\TradeActivityLog_2025-07-06_UTC.IPS_TM_6.data with Adaptive Ghost logic...
FILE: TRADEACTIVITYLOG_2025-05-05_UTC.TM_6.DATA | ACC: TM_6 | SYMBOL: NQM25 | RAW: 192 | FILLS: 96
FILE: TRADEACTIVITYLOG_2025-07-30_UTC.ES-IPS_TM_6.DATA | ACC: ES-IPS_TM_6 | SYMBOL: ESU25 | RAW: 42 | FILLS: 21
DEBUG: Running _parse_file_nitro on C:\Model-\TradeActivityLogs-tm_6\TradeActivityLog_2025-05-05_UTC.ZB-IPS_TM_6.data with Adaptive Ghost logic...
DEBUG: Running _parse_file_nitro on C:\Model-\TradeActivityLogs-tm_6\TradeActivityLog_2025-07-30_UTC.ES-TM_6.data with Adaptive Ghost logic...
FILE: TRADEACTIVITYLOG_2025-04-13_UTC.IPS_TM_6.DATA | ACC: IPS_TM_6 | SYMBOL: NQM25 | RAW: 14 | FILLS: 7
DEBUG: Running _parse_file_nitro on C:\Model-\TradeActivityLogs-tm_6\TradeActivityLog_2025-04-13_UTC.TM_6.data with Adaptive Ghost logic...
FILE: TRADEACTIVITYLOG_2025-05-05_UTC.ZB-IPS_TM_6.DATA | ACC: ZB-IPS_TM_6 | SYMBOL: Unknown | RAW: 0 | FILLS: 0
DEBUG: Running _parse_file_nitro on C:\Model-\TradeActivityLogs-tm_6\TradeActivityLog_2025-05-05_UTC.ZB-TM_6.data with Adaptive Ghost logic...
FILE: TRADEACTIVITYLOG_2025-06-12_UTC.TM_6.DATA | ACC: TM_6 | SYMBOL: CLN25 | RAW: 192 | FILLS: 96
DEBUG: Running _parse_file_nitro on C:\Model-\TradeActivityLogs-tm_6\TradeActivityLog_2025-06-12_UTC.ZB-TM_6.data with Adaptive Ghost logic...
FILE: TRADEACTIVITYLOG_2025-07-06_UTC.IPS_TM_6.DATA | ACC: IPS_TM_6 | SYMBOL: NQU25 | RAW: 12 | FILLS: 6
DEBUG: Running _parse_file_nitro on C:\Model-\TradeActivityLogs-tm_6\TradeActivityLog_2025-07-06_UTC.TM_6.data with Adaptive Ghost logic...
FILE: TRADEACTIVITYLOG_2025-09-12_UTC.ES-IPS_TM_6.DATA | ACC: ES-IPS_TM_6 | SYMBOL: ESU25 | RAW: 24 | FILLS: 12
DEBUG: Running _parse_file_nitro on C:\Model-\TradeActivityLogs-tm_6\TradeActivityLog_2025-09-12_UTC.ES-TM_6.data with Adaptive Ghost logic...
FILE: TRADEACTIVITYLOG_2025-08-22_UTC.TM_6.DATA | ACC: TM_6 | SYMBOL: NQU25 | RAW: 172 | FILLS: 86
FILE: TRADEACTIVITYLOG_2025-07-30_UTC.ES-TM_6.DATA | ACC: ES-TM_6 | SYMBOL: ESU25 | RAW: 44 | FILLS: 22
DEBUG: Running _parse_file_nitro on C:\Model-\TradeActivityLogs-tm_6\TradeActivityLog_2025-08-24_UTC.ES-IPS_TM_6.data with Adaptive Ghost logic...
DEBUG: Running _parse_file_nitro on C:\Model-\TradeActivityLogs-tm_6\TradeActivityLog_2025-07-30_UTC.IPS_TM_6.data with Adaptive Ghost logic...
FILE: TRADEACTIVITYLOG_2025-10-15_UTC.TM_6.DATA | ACC: TM_6 | SYMBOL: NQZ25 | RAW: 232 | FILLS: 116
DEBUG: Running _parse_file_nitro on C:\Model-\TradeActivityLogs-tm_6\TradeActivityLog_2025-10-16_UTC.ES-IPS_TM_6.data with Adaptive Ghost logic...
FILE: TRADEACTIVITYLOG_2025-05-22_UTC.TM_6.DATA | ACC: TM_6 | SYMBOL: NQM25 | RAW: 214 | FILLS: 107
FILE: TRADEACTIVITYLOG_2025-05-05_UTC.ZB-TM_6.DATA | ACC: ZB-TM_6 | SYMBOL: Unknown | RAW: 0 | FILLS: 0
DEBUG: Running _parse_file_nitro on C:\Model-\TradeActivityLogs-tm_6\TradeActivityLog_2025-05-06_UTC.ES-IPS_TM_6.data with Adaptive Ghost logic...
DEBUG: Running _parse_file_nitro on C:\Model-\TradeActivityLogs-tm_6\TradeActivityLog_2025-05-23_UTC.ES-IPS_TM_6.data with Adaptive Ghost logic...
FILE: TRADEACTIVITYLOG_2025-04-13_UTC.TM_6.DATA | ACC: TM_6 | SYMBOL: NQM25 | RAW: 16 | FILLS: 8
DEBUG: Running _parse_file_nitro on C:\Model-\TradeActivityLogs-tm_6\TradeActivityLog_2025-04-14_UTC.ES-IPS_TM_6.data with Adaptive Ghost logic...
FILE: TRADEACTIVITYLOG_2025-06-12_UTC.ZB-TM_6.DATA | ACC: ZB-TM_6 | SYMBOL: Unknown | RAW: 0 | FILLS: 0
DEBUG: Running _parse_file_nitro on C:\Model-\TradeActivityLogs-tm_6\TradeActivityLog_2025-06-13_UTC.ES-IPS_TM_6.data with Adaptive Ghost logic...
FILE: TRADEACTIVITYLOG_2025-07-06_UTC.TM_6.DATA | ACC: TM_6 | SYMBOL: NQU25 | RAW: 14 | FILLS: 7
DEBUG: Running _parse_file_nitro on C:\Model-\TradeActivityLogs-tm_6\TradeActivityLog_2025-07-07_UTC.ES-IPS_TM_6.data with Adaptive Ghost logic...
FILE: TRADEACTIVITYLOG_2025-08-24_UTC.ES-IPS_TM_6.DATA | ACC: ES-IPS_TM_6 | SYMBOL: ES | RAW: 0 | FILLS: 0
DEBUG: Running _parse_file_nitro on C:\Model-\TradeActivityLogs-tm_6\TradeActivityLog_2025-08-24_UTC.ES-TM_6.data with Adaptive Ghost logic...
FILE: TRADEACTIVITYLOG_2025-09-12_UTC.ES-TM_6.DATA | ACC: ES-TM_6 | SYMBOL: ESU25 | RAW: 24 | FILLS: 12
DEBUG: Running _parse_file_nitro on C:\Model-\TradeActivityLogs-tm_6\TradeActivityLog_2025-09-12_UTC.IPS_TM_6.data with Adaptive Ghost logic...
FILE: TRADEACTIVITYLOG_2025-04-14_UTC.ES-IPS_TM_6.DATA | ACC: ES-IPS_TM_6 | SYMBOL: ESM25 | RAW: 36 | FILLS: 18
FILE: TRADEACTIVITYLOG_2025-05-06_UTC.ES-IPS_TM_6.DATA | ACC: ES-IPS_TM_6 | SYMBOL: ESM25 | RAW: 42 | FILLS: 21
DEBUG: Running _parse_file_nitro on C:\Model-\TradeActivityLogs-tm_6\TradeActivityLog_2025-04-14_UTC.ES-TM_6.data with Adaptive Ghost logic...
DEBUG: Running _parse_file_nitro on C:\Model-\TradeActivityLogs-tm_6\TradeActivityLog_2025-05-06_UTC.ES-TM_6.data with Adaptive Ghost logic...
FILE: TRADEACTIVITYLOG_2025-07-30_UTC.IPS_TM_6.DATA | ACC: IPS_TM_6 | SYMBOL: NQU25 | RAW: 192 | FILLS: 96
DEBUG: Running _parse_file_nitro on C:\Model-\TradeActivityLogs-tm_6\TradeActivityLog_2025-07-30_UTC.TM_6.data with Adaptive Ghost logic...
FILE: TRADEACTIVITYLOG_2025-10-16_UTC.ES-IPS_TM_6.DATA | ACC: ES-IPS_TM_6 | SYMBOL: ESZ25 | RAW: 84 | FILLS: 42
FILE: TRADEACTIVITYLOG_2025-05-23_UTC.ES-IPS_TM_6.DATA | ACC: ES-IPS_TM_6 | SYMBOL: ESM25 | RAW: 60 | FILLS: 30
DEBUG: Running _parse_file_nitro on C:\Model-\TradeActivityLogs-tm_6\TradeActivityLog_2025-10-16_UTC.ES-TM_6.data with Adaptive Ghost logic...
FILE: TRADEACTIVITYLOG_2025-08-24_UTC.ES-TM_6.DATA | ACC: ES-TM_6 | SYMBOL: ES | RAW: 0 | FILLS: 0
DEBUG: Running _parse_file_nitro on C:\Model-\TradeActivityLogs-tm_6\TradeActivityLog_2025-05-23_UTC.ES-TM_6.data with Adaptive Ghost logic...
DEBUG: Running _parse_file_nitro on C:\Model-\TradeActivityLogs-tm_6\TradeActivityLog_2025-08-24_UTC.IPS_TM_6.data with Adaptive Ghost logic...
FILE: TRADEACTIVITYLOG_2025-07-07_UTC.ES-IPS_TM_6.DATA | ACC: ES-IPS_TM_6 | SYMBOL: ESU25 | RAW: 52 | FILLS: 26
DEBUG: Running _parse_file_nitro on C:\Model-\TradeActivityLogs-tm_6\TradeActivityLog_2025-07-07_UTC.ES-TM_6.data with Adaptive Ghost logic...
FILE: TRADEACTIVITYLOG_2025-06-13_UTC.ES-IPS_TM_6.DATA | ACC: ES-IPS_TM_6 | SYMBOL: ESM25 | RAW: 76 | FILLS: 38
DEBUG: Running _parse_file_nitro on C:\Model-\TradeActivityLogs-tm_6\TradeActivityLog_2025-06-13_UTC.ES-TM_6.data with Adaptive Ghost logic...
FILE: TRADEACTIVITYLOG_2025-04-14_UTC.ES-TM_6.DATA | ACC: ES-TM_6 | SYMBOL: ESM25 | RAW: 36 | FILLS: 18
DEBUG: Running _parse_file_nitro on C:\Model-\TradeActivityLogs-tm_6\TradeActivityLog_2025-04-14_UTC.IPS_TM_6.data with Adaptive Ghost logic...
FILE: TRADEACTIVITYLOG_2025-08-24_UTC.IPS_TM_6.DATA | ACC: IPS_TM_6 | SYMBOL: Unknown | RAW: 0 | FILLS: 0
DEBUG: Running _parse_file_nitro on C:\Model-\TradeActivityLogs-tm_6\TradeActivityLog_2025-08-24_UTC.TM_6.data with Adaptive Ghost logic...
FILE: TRADEACTIVITYLOG_2025-05-06_UTC.ES-TM_6.DATA | ACC: ES-TM_6 | SYMBOL: ESM25 | RAW: 60 | FILLS: 30
FILE: TRADEACTIVITYLOG_2025-09-12_UTC.IPS_TM_6.DATA | ACC: IPS_TM_6 | SYMBOL: NQU25 | RAW: 146 | FILLS: 73
DEBUG: Running _parse_file_nitro on C:\Model-\TradeActivityLogs-tm_6\TradeActivityLog_2025-05-06_UTC.IPS_TM_6.data with Adaptive Ghost logic...
DEBUG: Running _parse_file_nitro on C:\Model-\TradeActivityLogs-tm_6\TradeActivityLog_2025-09-12_UTC.TM_6.data with Adaptive Ghost logic...
FILE: TRADEACTIVITYLOG_2025-07-07_UTC.ES-TM_6.DATA | ACC: ES-TM_6 | SYMBOL: ESU25 | RAW: 56 | FILLS: 28
FILE: TRADEACTIVITYLOG_2025-05-23_UTC.ES-TM_6.DATA | ACC: ES-TM_6 | SYMBOL: ESM25 | RAW: 60 | FILLS: 30
DEBUG: Running _parse_file_nitro on C:\Model-\TradeActivityLogs-tm_6\TradeActivityLog_2025-07-07_UTC.IPS_TM_6.data with Adaptive Ghost logic...
FILE: TRADEACTIVITYLOG_2025-10-16_UTC.ES-TM_6.DATA | ACC: ES-TM_6 | SYMBOL: ESZ25 | RAW: 84 | FILLS: 42
DEBUG: Running _parse_file_nitro on C:\Model-\TradeActivityLogs-tm_6\TradeActivityLog_2025-05-23_UTC.IPS_TM_6.data with Adaptive Ghost logic...
DEBUG: Running _parse_file_nitro on C:\Model-\TradeActivityLogs-tm_6\TradeActivityLog_2025-10-16_UTC.IPS_TM_6.data with Adaptive Ghost logic...
FILE: TRADEACTIVITYLOG_2025-07-30_UTC.TM_6.DATA | ACC: TM_6 | SYMBOL: NQU25 | RAW: 188 | FILLS: 94
DEBUG: Running _parse_file_nitro on C:\Model-\TradeActivityLogs-tm_6\TradeActivityLog_2025-07-31_UTC.ES-IPS_TM_6.data with Adaptive Ghost logic...
FILE: TRADEACTIVITYLOG_2025-08-24_UTC.TM_6.DATA | ACC: TM_6 | SYMBOL: Unknown | RAW: 0 | FILLS: 0
DEBUG: Running _parse_file_nitro on C:\Model-\TradeActivityLogs-tm_6\TradeActivityLog_2025-08-24_UTC.ZB-TM_6.data with Adaptive Ghost logic...
FILE: TRADEACTIVITYLOG_2025-06-13_UTC.ES-TM_6.DATA | ACC: ES-TM_6 | SYMBOL: ESM25 | RAW: 76 | FILLS: 38
DEBUG: Running _parse_file_nitro on C:\Model-\TradeActivityLogs-tm_6\TradeActivityLog_2025-06-13_UTC.IPS_TM_6.data with Adaptive Ghost logic...
FILE: TRADEACTIVITYLOG_2025-08-24_UTC.ZB-TM_6.DATA | ACC: ZB-TM_6 | SYMBOL: Unknown | RAW: 0 | FILLS: 0
DEBUG: Running _parse_file_nitro on C:\Model-\TradeActivityLogs-tm_6\TradeActivityLog_2025-08-25_UTC.ES-IPS_TM_6.data with Adaptive Ghost logic...
FILE: TRADEACTIVITYLOG_2025-09-12_UTC.TM_6.DATA | ACC: TM_6 | SYMBOL: NQU25 | RAW: 112 | FILLS: 56
DEBUG: Running _parse_file_nitro on C:\Model-\TradeActivityLogs-tm_6\TradeActivityLog_2025-09-14_UTC.IPS_TM_6.data with Adaptive Ghost logic...
FILE: TRADEACTIVITYLOG_2025-07-31_UTC.ES-IPS_TM_6.DATA | ACC: ES-IPS_TM_6 | SYMBOL: ESU25 | RAW: 68 | FILLS: 34
DEBUG: Running _parse_file_nitro on C:\Model-\TradeActivityLogs-tm_6\TradeActivityLog_2025-07-31_UTC.ES-TM_6.data with Adaptive Ghost logic...
FILE: TRADEACTIVITYLOG_2025-04-14_UTC.IPS_TM_6.DATA | ACC: IPS_TM_6 | SYMBOL: NQM25 | RAW: 220 | FILLS: 110
DEBUG: Running _parse_file_nitro on C:\Model-\TradeActivityLogs-tm_6\TradeActivityLog_2025-04-14_UTC.TM_6.data with Adaptive Ghost logic...
FILE: TRADEACTIVITYLOG_2025-05-06_UTC.IPS_TM_6.DATA | ACC: IPS_TM_6 | SYMBOL: CLM25 | RAW: 238 | FILLS: 119
DEBUG: Running _parse_file_nitro on C:\Model-\TradeActivityLogs-tm_6\TradeActivityLog_2025-05-06_UTC.TM_6.data with Adaptive Ghost logic...
FILE: TRADEACTIVITYLOG_2025-07-07_UTC.IPS_TM_6.DATA | ACC: IPS_TM_6 | SYMBOL: NQU25 | RAW: 174 | FILLS: 87
DEBUG: Running _parse_file_nitro on C:\Model-\TradeActivityLogs-tm_6\TradeActivityLog_2025-07-07_UTC.TM_6.data with Adaptive Ghost logic...
FILE: TRADEACTIVITYLOG_2025-08-25_UTC.ES-IPS_TM_6.DATA | ACC: ES-IPS_TM_6 | SYMBOL: ESU25 | RAW: 36 | FILLS: 18
DEBUG: Running _parse_file_nitro on C:\Model-\TradeActivityLogs-tm_6\TradeActivityLog_2025-08-25_UTC.ES-TM_6.data with Adaptive Ghost logic...
FILE: TRADEACTIVITYLOG_2025-09-14_UTC.IPS_TM_6.DATA | ACC: IPS_TM_6 | SYMBOL: CLV25 | RAW: 6 | FILLS: 3
FILE: TRADEACTIVITYLOG_2025-10-16_UTC.IPS_TM_6.DATA | ACC: IPS_TM_6 | SYMBOL: CLX25 | RAW: 294 | FILLS: 147
DEBUG: Running _parse_file_nitro on C:\Model-\TradeActivityLogs-tm_6\TradeActivityLog_2025-09-14_UTC.TM_6.data with Adaptive Ghost logic...
DEBUG: Running _parse_file_nitro on C:\Model-\TradeActivityLogs-tm_6\TradeActivityLog_2025-10-16_UTC.TM_6.data with Adaptive Ghost logic...
FILE: TRADEACTIVITYLOG_2025-05-23_UTC.IPS_TM_6.DATA | ACC: IPS_TM_6 | SYMBOL: CLN25 | RAW: 255 | FILLS: 128
DEBUG: Running _parse_file_nitro on C:\Model-\TradeActivityLogs-tm_6\TradeActivityLog_2025-05-23_UTC.TM_6.data with Adaptive Ghost logic...
FILE: TRADEACTIVITYLOG_2025-07-31_UTC.ES-TM_6.DATA | ACC: ES-TM_6 | SYMBOL: ESU25 | RAW: 68 | FILLS: 34
DEBUG: Running _parse_file_nitro on C:\Model-\TradeActivityLogs-tm_6\TradeActivityLog_2025-07-31_UTC.IPS_TM_6.data with Adaptive Ghost logic...
FILE: TRADEACTIVITYLOG_2025-06-13_UTC.IPS_TM_6.DATA | ACC: IPS_TM_6 | SYMBOL: NQM25 | RAW: 366 | FILLS: 183
DEBUG: Running _parse_file_nitro on C:\Model-\TradeActivityLogs-tm_6\TradeActivityLog_2025-06-13_UTC.TM_6.data with Adaptive Ghost logic...
FILE: TRADEACTIVITYLOG_2025-04-14_UTC.TM_6.DATA | ACC: TM_6 | SYMBOL: NQM25 | RAW: 224 | FILLS: 112
FILE: TRADEACTIVITYLOG_2025-09-14_UTC.TM_6.DATA | ACC: TM_6 | SYMBOL: CLV25 | RAW: 6 | FILLS: 3
FILE: TRADEACTIVITYLOG_2025-08-25_UTC.ES-TM_6.DATA | ACC: ES-TM_6 | SYMBOL: ESU25 | RAW: 40 | FILLS: 20
FILE: TRADEACTIVITYLOG_2025-05-06_UTC.TM_6.DATA | ACC: TM_6 | SYMBOL: CLM25 | RAW: 212 | FILLS: 106
DEBUG: Running _parse_file_nitro on C:\Model-\TradeActivityLogs-tm_6\TradeActivityLog_2025-09-15_UTC.ES-IPS_TM_6.data with Adaptive Ghost logic...
DEBUG: Running _parse_file_nitro on C:\Model-\TradeActivityLogs-tm_6\TradeActivityLog_2025-08-25_UTC.IPS_TM_6.data with Adaptive Ghost logic...
DEBUG: Running _parse_file_nitro on C:\Model-\TradeActivityLogs-tm_6\TradeActivityLog_2025-05-07_UTC.ES-IPS_TM_6.data with Adaptive Ghost logic...
DEBUG: Running _parse_file_nitro on C:\Model-\TradeActivityLogs-tm_6\TradeActivityLog_2025-04-15_UTC.ES-IPS_TM_6.data with Adaptive Ghost logic...
FILE: TRADEACTIVITYLOG_2025-05-23_UTC.TM_6.DATA | ACC: TM_6 | SYMBOL: CLN25 | RAW: 100 | FILLS: 51
DEBUG: Running _parse_file_nitro on C:\Model-\TradeActivityLogs-tm_6\TradeActivityLog_2025-05-25_UTC.ES-IPS_TM_6.data with Adaptive Ghost logic...
FILE: TRADEACTIVITYLOG_2025-07-07_UTC.TM_6.DATA | ACC: TM_6 | SYMBOL: NQU25 | RAW: 174 | FILLS: 87
DEBUG: Running _parse_file_nitro on C:\Model-\TradeActivityLogs-tm_6\TradeActivityLog_2025-07-08_UTC.ES-IPS_TM_6.data with Adaptive Ghost logic...
FILE: TRADEACTIVITYLOG_2025-09-15_UTC.ES-IPS_TM_6.DATA | ACC: ES-IPS_TM_6 | SYMBOL: ESU25 | RAW: 14 | FILLS: 7
DEBUG: Running _parse_file_nitro on C:\Model-\TradeActivityLogs-tm_6\TradeActivityLog_2025-09-15_UTC.ES-TM_6.data with Adaptive Ghost logic...
FILE: TRADEACTIVITYLOG_2025-07-31_UTC.IPS_TM_6.DATA | ACC: IPS_TM_6 | SYMBOL: NQU25 | RAW: 200 | FILLS: 100
DEBUG: Running _parse_file_nitro on C:\Model-\TradeActivityLogs-tm_6\TradeActivityLog_2025-07-31_UTC.TM_6.data with Adaptive Ghost logic...
FILE: TRADEACTIVITYLOG_2025-05-07_UTC.ES-IPS_TM_6.DATA | ACC: ES-IPS_TM_6 | SYMBOL: ESM25 | RAW: 56 | FILLS: 28
DEBUG: Running _parse_file_nitro on C:\Model-\TradeActivityLogs-tm_6\TradeActivityLog_2025-05-07_UTC.ES-TM_6.data with Adaptive Ghost logic...
FILE: TRADEACTIVITYLOG_2025-10-16_UTC.TM_6.DATA | ACC: TM_6 | SYMBOL: CLX25 | RAW: 294 | FILLS: 147
FILE: TRADEACTIVITYLOG_2025-05-25_UTC.ES-IPS_TM_6.DATA | ACC: ES-IPS_TM_6 | SYMBOL: ES | RAW: 0 | FILLS: 0
DEBUG: Running _parse_file_nitro on C:\Model-\TradeActivityLogs-tm_6\TradeActivityLog_2025-05-25_UTC.ES-TM_6.data with Adaptive Ghost logic...
DEBUG: Running _parse_file_nitro on C:\Model-\TradeActivityLogs-tm_6\TradeActivityLog_2025-10-17_UTC.ES-IPS_TM_6.data with Adaptive Ghost logic...
FILE: TRADEACTIVITYLOG_2025-04-15_UTC.ES-IPS_TM_6.DATA | ACC: ES-IPS_TM_6 | SYMBOL: ESM25 | RAW: 52 | FILLS: 26
DEBUG: Running _parse_file_nitro on C:\Model-\TradeActivityLogs-tm_6\TradeActivityLog_2025-04-15_UTC.ES-TM_6.data with Adaptive Ghost logic...
FILE: TRADEACTIVITYLOG_2025-08-25_UTC.IPS_TM_6.DATA | ACC: IPS_TM_6 | SYMBOL: NQU25 | RAW: 150 | FILLS: 75
DEBUG: Running _parse_file_nitro on C:\Model-\TradeActivityLogs-tm_6\TradeActivityLog_2025-08-25_UTC.TM_6.data with Adaptive Ghost logic...
FILE: TRADEACTIVITYLOG_2025-06-13_UTC.TM_6.DATA | ACC: TM_6 | SYMBOL: NQM25 | RAW: 368 | FILLS: 184
DEBUG: Running _parse_file_nitro on C:\Model-\TradeActivityLogs-tm_6\TradeActivityLog_2025-06-15_UTC.ES-IPS_TM_6.data with Adaptive Ghost logic...
FILE: TRADEACTIVITYLOG_2025-09-15_UTC.ES-TM_6.DATA | ACC: ES-TM_6 | SYMBOL: ESU25 | RAW: 14 | FILLS: 7
DEBUG: Running _parse_file_nitro on C:\Model-\TradeActivityLogs-tm_6\TradeActivityLog_2025-09-15_UTC.IPS_TM_6.data with Adaptive Ghost logic...
FILE: TRADEACTIVITYLOG_2025-07-08_UTC.ES-IPS_TM_6.DATA | ACC: ES-IPS_TM_6 | SYMBOL: ESU25 | RAW: 82 | FILLS: 41
DEBUG: Running _parse_file_nitro on C:\Model-\TradeActivityLogs-tm_6\TradeActivityLog_2025-07-08_UTC.ES-TM_6.data with Adaptive Ghost logic...
FILE: TRADEACTIVITYLOG_2025-05-25_UTC.ES-TM_6.DATA | ACC: ES-TM_6 | SYMBOL: ES | RAW: 0 | FILLS: 0
DEBUG: Running _parse_file_nitro on C:\Model-\TradeActivityLogs-tm_6\TradeActivityLog_2025-05-25_UTC.IPS_TM_6.data with Adaptive Ghost logic...
FILE: TRADEACTIVITYLOG_2025-05-07_UTC.ES-TM_6.DATA | ACC: ES-TM_6 | SYMBOL: ESM25 | RAW: 64 | FILLS: 32
DEBUG: Running _parse_file_nitro on C:\Model-\TradeActivityLogs-tm_6\TradeActivityLog_2025-05-07_UTC.IPS_TM_6.data with Adaptive Ghost logic...
FILE: TRADEACTIVITYLOG_2025-10-17_UTC.ES-IPS_TM_6.DATA | ACC: ES-IPS_TM_6 | SYMBOL: ESZ25 | RAW: 60 | FILLS: 30
FILE: TRADEACTIVITYLOG_2025-04-15_UTC.ES-TM_6.DATA | ACC: ES-TM_6 | SYMBOL: ESM25 | RAW: 52 | FILLS: 26
DEBUG: Running _parse_file_nitro on C:\Model-\TradeActivityLogs-tm_6\TradeActivityLog_2025-04-15_UTC.IPS_TM_6.data with Adaptive Ghost logic...
DEBUG: Running _parse_file_nitro on C:\Model-\TradeActivityLogs-tm_6\TradeActivityLog_2025-10-17_UTC.ES-TM_6.data with Adaptive Ghost logic...
FILE: TRADEACTIVITYLOG_2025-06-15_UTC.ES-IPS_TM_6.DATA | ACC: ES-IPS_TM_6 | SYMBOL: ESM25 | RAW: 8 | FILLS: 4
DEBUG: Running _parse_file_nitro on C:\Model-\TradeActivityLogs-tm_6\TradeActivityLog_2025-06-15_UTC.ES-TM_6.data with Adaptive Ghost logic...
FILE: TRADEACTIVITYLOG_2025-07-31_UTC.TM_6.DATA | ACC: TM_6 | SYMBOL: NQU25 | RAW: 200 | FILLS: 100
DEBUG: Running _parse_file_nitro on C:\Model-\TradeActivityLogs-tm_6\TradeActivityLog_2025-08-01_UTC.ES-IPS_TM_6.data with Adaptive Ghost logic...
FILE: TRADEACTIVITYLOG_2025-05-25_UTC.IPS_TM_6.DATA | ACC: IPS_TM_6 | SYMBOL: NQM25 | RAW: 0 | FILLS: 0
DEBUG: Running _parse_file_nitro on C:\Model-\TradeActivityLogs-tm_6\TradeActivityLog_2025-05-25_UTC.TM_6.data with Adaptive Ghost logic...
FILE: TRADEACTIVITYLOG_2025-08-25_UTC.TM_6.DATA | ACC: TM_6 | SYMBOL: NQU25 | RAW: 150 | FILLS: 75
DEBUG: Running _parse_file_nitro on C:\Model-\TradeActivityLogs-tm_6\TradeActivityLog_2025-08-26_UTC.ES-IPS_TM_6.data with Adaptive Ghost logic...
FILE: TRADEACTIVITYLOG_2025-07-08_UTC.ES-TM_6.DATA | ACC: ES-TM_6 | SYMBOL: ESU25 | RAW: 82 | FILLS: 41
DEBUG: Running _parse_file_nitro on C:\Model-\TradeActivityLogs-tm_6\TradeActivityLog_2025-07-08_UTC.IPS_TM_6.data with Adaptive Ghost logic...
FILE: TRADEACTIVITYLOG_2025-09-15_UTC.IPS_TM_6.DATA | ACC: IPS_TM_6 | SYMBOL: NQU25 | RAW: 116 | FILLS: 58
DEBUG: Running _parse_file_nitro on C:\Model-\TradeActivityLogs-tm_6\TradeActivityLog_2025-09-15_UTC.TM_6.data with Adaptive Ghost logic...
FILE: TRADEACTIVITYLOG_2025-06-15_UTC.ES-TM_6.DATA | ACC: ES-TM_6 | SYMBOL: ESM25 | RAW: 8 | FILLS: 4
DEBUG: Running _parse_file_nitro on C:\Model-\TradeActivityLogs-tm_6\TradeActivityLog_2025-06-15_UTC.IPS_TM_6.data with Adaptive Ghost logic...
FILE: TRADEACTIVITYLOG_2025-10-17_UTC.ES-TM_6.DATA | ACC: ES-TM_6 | SYMBOL: ESZ25 | RAW: 60 | FILLS: 30
DEBUG: Running _parse_file_nitro on C:\Model-\TradeActivityLogs-tm_6\TradeActivityLog_2025-10-17_UTC.IPS_TM_6.data with Adaptive Ghost logic...
FILE: TRADEACTIVITYLOG_2025-05-25_UTC.TM_6.DATA | ACC: TM_6 | SYMBOL: NQM25 | RAW: 0 | FILLS: 0
DEBUG: Running _parse_file_nitro on C:\Model-\TradeActivityLogs-tm_6\TradeActivityLog_2025-05-25_UTC.ZB-TM_6.data with Adaptive Ghost logic...
FILE: TRADEACTIVITYLOG_2025-04-15_UTC.IPS_TM_6.DATA | ACC: IPS_TM_6 | SYMBOL: NQM25 | RAW: 130 | FILLS: 65
DEBUG: Running _parse_file_nitro on C:\Model-\TradeActivityLogs-tm_6\TradeActivityLog_2025-04-15_UTC.TM_6.data with Adaptive Ghost logic...
FILE: TRADEACTIVITYLOG_2025-08-01_UTC.ES-IPS_TM_6.DATA | ACC: ES-IPS_TM_6 | SYMBOL: ESU25 | RAW: 94 | FILLS: 47
DEBUG: Running _parse_file_nitro on C:\Model-\TradeActivityLogs-tm_6\TradeActivityLog_2025-08-01_UTC.ES-TM_6.data with Adaptive Ghost logic...
FILE: TRADEACTIVITYLOG_2025-05-07_UTC.IPS_TM_6.DATA | ACC: IPS_TM_6 | SYMBOL: CLM25 | RAW: 196 | FILLS: 98
DEBUG: Running _parse_file_nitro on C:\Model-\TradeActivityLogs-tm_6\TradeActivityLog_2025-05-07_UTC.TM_6.data with Adaptive Ghost logic...
FILE: TRADEACTIVITYLOG_2025-08-26_UTC.ES-IPS_TM_6.DATA | ACC: ES-IPS_TM_6 | SYMBOL: ESU25 | RAW: 54 | FILLS: 27
DEBUG: Running _parse_file_nitro on C:\Model-\TradeActivityLogs-tm_6\TradeActivityLog_2025-08-26_UTC.ES-TM_6.data with Adaptive Ghost logic...
FILE: TRADEACTIVITYLOG_2025-06-15_UTC.IPS_TM_6.DATA | ACC: IPS_TM_6 | SYMBOL: CLN25 | RAW: 18 | FILLS: 9
DEBUG: Running _parse_file_nitro on C:\Model-\TradeActivityLogs-tm_6\TradeActivityLog_2025-06-15_UTC.TM_6.data with Adaptive Ghost logic...
FILE: TRADEACTIVITYLOG_2025-09-15_UTC.TM_6.DATA | ACC: TM_6 | SYMBOL: NQU25 | RAW: 116 | FILLS: 58
FILE: TRADEACTIVITYLOG_2025-05-25_UTC.ZB-TM_6.DATA | ACC: ZB-TM_6 | SYMBOL: Unknown | RAW: 0 | FILLS: 0
DEBUG: Running _parse_file_nitro on C:\Model-\TradeActivityLogs-tm_6\TradeActivityLog_2025-09-16_UTC.ES-IPS_TM_6.data with Adaptive Ghost logic...
DEBUG: Running _parse_file_nitro on C:\Model-\TradeActivityLogs-tm_6\TradeActivityLog_2025-05-26_UTC.ES-IPS_TM_6.data with Adaptive Ghost logic...
FILE: TRADEACTIVITYLOG_2025-04-15_UTC.TM_6.DATA | ACC: TM_6 | SYMBOL: NQM25 | RAW: 128 | FILLS: 64
DEBUG: Running _parse_file_nitro on C:\Model-\TradeActivityLogs-tm_6\TradeActivityLog_2025-04-16_UTC.ES-IPS_TM_6.data with Adaptive Ghost logic...
FILE: TRADEACTIVITYLOG_2025-06-15_UTC.TM_6.DATA | ACC: TM_6 | SYMBOL: CLN25 | RAW: 18 | FILLS: 9
DEBUG: Running _parse_file_nitro on C:\Model-\TradeActivityLogs-tm_6\TradeActivityLog_2025-06-15_UTC.ZB-TM_6.data with Adaptive Ghost logic...
FILE: TRADEACTIVITYLOG_2025-07-08_UTC.IPS_TM_6.DATA | ACC: IPS_TM_6 | SYMBOL: CLQ25 | RAW: 139 | FILLS: 71
DEBUG: Running _parse_file_nitro on C:\Model-\TradeActivityLogs-tm_6\TradeActivityLog_2025-07-08_UTC.TM_6.data with Adaptive Ghost logic...
FILE: TRADEACTIVITYLOG_2025-08-01_UTC.ES-TM_6.DATA | ACC: ES-TM_6 | SYMBOL: ESU25 | RAW: 94 | FILLS: 47
DEBUG: Running _parse_file_nitro on C:\Model-\TradeActivityLogs-tm_6\TradeActivityLog_2025-08-01_UTC.IPS_TM_6.data with Adaptive Ghost logic...
FILE: TRADEACTIVITYLOG_2025-08-26_UTC.ES-TM_6.DATA | ACC: ES-TM_6 | SYMBOL: ESU25 | RAW: 46 | FILLS: 23
DEBUG: Running _parse_file_nitro on C:\Model-\TradeActivityLogs-tm_6\TradeActivityLog_2025-08-26_UTC.IPS_TM_6.data with Adaptive Ghost logic...
FILE: TRADEACTIVITYLOG_2025-05-26_UTC.ES-IPS_TM_6.DATA | ACC: ES-IPS_TM_6 | SYMBOL: ESM25 | RAW: 5 | FILLS: 3
FILE: TRADEACTIVITYLOG_2025-09-16_UTC.ES-IPS_TM_6.DATA | ACC: ES-IPS_TM_6 | SYMBOL: ESZ25 | RAW: 37 | FILLS: 19
DEBUG: Running _parse_file_nitro on C:\Model-\TradeActivityLogs-tm_6\TradeActivityLog_2025-05-26_UTC.ES-TM_6.data with Adaptive Ghost logic...
DEBUG: Running _parse_file_nitro on C:\Model-\TradeActivityLogs-tm_6\TradeActivityLog_2025-09-16_UTC.ES-TM_6.data with Adaptive Ghost logic...
FILE: TRADEACTIVITYLOG_2025-10-17_UTC.IPS_TM_6.DATA | ACC: IPS_TM_6 | SYMBOL: NQZ25 | RAW: 258 | FILLS: 129
DEBUG: Running _parse_file_nitro on C:\Model-\TradeActivityLogs-tm_6\TradeActivityLog_2025-10-17_UTC.TM_6.data with Adaptive Ghost logic...
FILE: TRADEACTIVITYLOG_2025-06-15_UTC.ZB-TM_6.DATA | ACC: ZB-TM_6 | SYMBOL: Unknown | RAW: 0 | FILLS: 0
DEBUG: Running _parse_file_nitro on C:\Model-\TradeActivityLogs-tm_6\TradeActivityLog_2025-06-16_UTC.ES-IPS_TM_6.data with Adaptive Ghost logic...
FILE: TRADEACTIVITYLOG_2025-04-16_UTC.ES-IPS_TM_6.DATA | ACC: ES-IPS_TM_6 | SYMBOL: ESM25 | RAW: 62 | FILLS: 31
FILE: TRADEACTIVITYLOG_2025-05-07_UTC.TM_6.DATA | ACC: TM_6 | SYMBOL: CLM25 | RAW: 192 | FILLS: 96
DEBUG: Running _parse_file_nitro on C:\Model-\TradeActivityLogs-tm_6\TradeActivityLog_2025-04-16_UTC.ES-TM_6.data with Adaptive Ghost logic...
DEBUG: Running _parse_file_nitro on C:\Model-\TradeActivityLogs-tm_6\TradeActivityLog_2025-05-08_UTC.CL-IPS_TM_6.data with Adaptive Ghost logic...
FILE: TRADEACTIVITYLOG_2025-05-26_UTC.ES-TM_6.DATA | ACC: ES-TM_6 | SYMBOL: ESM25 | RAW: 5 | FILLS: 3
DEBUG: Running _parse_file_nitro on C:\Model-\TradeActivityLogs-tm_6\TradeActivityLog_2025-05-26_UTC.IPS_TM_6.data with Adaptive Ghost logic...
FILE: TRADEACTIVITYLOG_2025-09-16_UTC.ES-TM_6.DATA | ACC: ES-TM_6 | SYMBOL: ESZ25 | RAW: 37 | FILLS: 19
DEBUG: Running _parse_file_nitro on C:\Model-\TradeActivityLogs-tm_6\TradeActivityLog_2025-09-16_UTC.IPS_TM_6.data with Adaptive Ghost logic...
FILE: TRADEACTIVITYLOG_2025-07-08_UTC.TM_6.DATA | ACC: TM_6 | SYMBOL: CLQ25 | RAW: 143 | FILLS: 73
DEBUG: Running _parse_file_nitro on C:\Model-\TradeActivityLogs-tm_6\TradeActivityLog_2025-07-08_UTC.ZB-TM_6.data with Adaptive Ghost logic...
FILE: TRADEACTIVITYLOG_2025-06-16_UTC.ES-IPS_TM_6.DATA | ACC: ES-IPS_TM_6 | SYMBOL: ESM25 | RAW: 24 | FILLS: 12
DEBUG: Running _parse_file_nitro on C:\Model-\TradeActivityLogs-tm_6\TradeActivityLog_2025-06-16_UTC.ES-TM_6.data with Adaptive Ghost logic...
FILE: TRADEACTIVITYLOG_2025-08-26_UTC.IPS_TM_6.DATA | ACC: IPS_TM_6 | SYMBOL: CLV25 | RAW: 172 | FILLS: 86
DEBUG: Running _parse_file_nitro on C:\Model-\TradeActivityLogs-tm_6\TradeActivityLog_2025-08-26_UTC.TM_6.data with Adaptive Ghost logic...
FILE: TRADEACTIVITYLOG_2025-08-01_UTC.IPS_TM_6.DATA | ACC: IPS_TM_6 | SYMBOL: NQU25 | RAW: 210 | FILLS: 105
DEBUG: Running _parse_file_nitro on C:\Model-\TradeActivityLogs-tm_6\TradeActivityLog_2025-08-01_UTC.TM_6.data with Adaptive Ghost logic...
FILE: TRADEACTIVITYLOG_2025-05-08_UTC.CL-IPS_TM_6.DATA | ACC: CL-IPS_TM_6 | SYMBOL: CL | RAW: 0 | FILLS: 0
DEBUG: Running _parse_file_nitro on C:\Model-\TradeActivityLogs-tm_6\TradeActivityLog_2025-05-08_UTC.CL-TM_6.data with Adaptive Ghost logic...
FILE: TRADEACTIVITYLOG_2025-04-16_UTC.ES-TM_6.DATA | ACC: ES-TM_6 | SYMBOL: ESM25 | RAW: 62 | FILLS: 31
DEBUG: Running _parse_file_nitro on C:\Model-\TradeActivityLogs-tm_6\TradeActivityLog_2025-04-16_UTC.IPS_TM_6.data with Adaptive Ghost logic...
FILE: TRADEACTIVITYLOG_2025-05-26_UTC.IPS_TM_6.DATA | ACC: IPS_TM_6 | SYMBOL: CLN25 | RAW: 37 | FILLS: 19
DEBUG: Running _parse_file_nitro on C:\Model-\TradeActivityLogs-tm_6\TradeActivityLog_2025-05-26_UTC.TM_6.data with Adaptive Ghost logic...
FILE: TRADEACTIVITYLOG_2025-07-08_UTC.ZB-TM_6.DATA | ACC: ZB-TM_6 | SYMBOL: Unknown | RAW: 0 | FILLS: 0
DEBUG: Running _parse_file_nitro on C:\Model-\TradeActivityLogs-tm_6\TradeActivityLog_2025-07-09_UTC.ES-IPS_TM_6.data with Adaptive Ghost logic...
FILE: TRADEACTIVITYLOG_2025-06-16_UTC.ES-TM_6.DATA | ACC: ES-TM_6 | SYMBOL: ESM25 | RAW: 24 | FILLS: 12
DEBUG: Running _parse_file_nitro on C:\Model-\TradeActivityLogs-tm_6\TradeActivityLog_2025-06-16_UTC.IPS_TM_6.data with Adaptive Ghost logic...
FILE: TRADEACTIVITYLOG_2025-05-08_UTC.CL-TM_6.DATA | ACC: CL-TM_6 | SYMBOL: CL | RAW: 0 | FILLS: 0
DEBUG: Running _parse_file_nitro on C:\Model-\TradeActivityLogs-tm_6\TradeActivityLog_2025-05-08_UTC.ES-IPS_TM_6.data with Adaptive Ghost logic...
FILE: TRADEACTIVITYLOG_2025-10-17_UTC.TM_6.DATA | ACC: TM_6 | SYMBOL: NQZ25 | RAW: 258 | FILLS: 129
DEBUG: Running _parse_file_nitro on C:\Model-\TradeActivityLogs-tm_6\TradeActivityLog_2025-10-19_UTC.IPS_TM_6.data with Adaptive Ghost logic...
FILE: TRADEACTIVITYLOG_2025-07-09_UTC.ES-IPS_TM_6.DATA | ACC: ES-IPS_TM_6 | SYMBOL: ESU25 | RAW: 38 | FILLS: 19
DEBUG: Running _parse_file_nitro on C:\Model-\TradeActivityLogs-tm_6\TradeActivityLog_2025-07-09_UTC.ES-TM_6.data with Adaptive Ghost logic...
FILE: TRADEACTIVITYLOG_2025-05-26_UTC.TM_6.DATA | ACC: TM_6 | SYMBOL: CLN25 | RAW: 37 | FILLS: 19
DEBUG: Running _parse_file_nitro on C:\Model-\TradeActivityLogs-tm_6\TradeActivityLog_2025-05-26_UTC.ZB-TM_6.data with Adaptive Ghost logic...
FILE: TRADEACTIVITYLOG_2025-08-26_UTC.TM_6.DATA | ACC: TM_6 | SYMBOL: CLV25 | RAW: 172 | FILLS: 86
DEBUG: Running _parse_file_nitro on C:\Model-\TradeActivityLogs-tm_6\TradeActivityLog_2025-08-26_UTC.ZB-TM_6.data with Adaptive Ghost logic...
FILE: TRADEACTIVITYLOG_2025-08-01_UTC.TM_6.DATA | ACC: TM_6 | SYMBOL: NQU25 | RAW: 212 | FILLS: 106
FILE: TRADEACTIVITYLOG_2025-09-16_UTC.IPS_TM_6.DATA | ACC: IPS_TM_6 | SYMBOL: CLX25 | RAW: 103 | FILLS: 52
DEBUG: Running _parse_file_nitro on C:\Model-\TradeActivityLogs-tm_6\TradeActivityLog_2025-08-01_UTC.ZB-TM_6.data with Adaptive Ghost logic...
DEBUG: Running _parse_file_nitro on C:\Model-\TradeActivityLogs-tm_6\TradeActivityLog_2025-09-16_UTC.TM_6.data with Adaptive Ghost logic...
FILE: TRADEACTIVITYLOG_2025-04-16_UTC.IPS_TM_6.DATA | ACC: IPS_TM_6 | SYMBOL: NQM25 | RAW: 166 | FILLS: 83
DEBUG: Running _parse_file_nitro on C:\Model-\TradeActivityLogs-tm_6\TradeActivityLog_2025-04-16_UTC.TM_6.data with Adaptive Ghost logic...
FILE: TRADEACTIVITYLOG_2025-10-19_UTC.IPS_TM_6.DATA | ACC: IPS_TM_6 | SYMBOL: NQZ25 | RAW: 2 | FILLS: 1
DEBUG: Running _parse_file_nitro on C:\Model-\TradeActivityLogs-tm_6\TradeActivityLog_2025-10-19_UTC.TM_6.data with Adaptive Ghost logic...
FILE: TRADEACTIVITYLOG_2025-05-08_UTC.ES-IPS_TM_6.DATA | ACC: ES-IPS_TM_6 | SYMBOL: ESM25 | RAW: 72 | FILLS: 36
DEBUG: Running _parse_file_nitro on C:\Model-\TradeActivityLogs-tm_6\TradeActivityLog_2025-05-08_UTC.ES-TM_6.data with Adaptive Ghost logic...
FILE: TRADEACTIVITYLOG_2025-06-16_UTC.IPS_TM_6.DATA | ACC: IPS_TM_6 | SYMBOL: CLN25 | RAW: 138 | FILLS: 69
DEBUG: Running _parse_file_nitro on C:\Model-\TradeActivityLogs-tm_6\TradeActivityLog_2025-06-16_UTC.TM_6.data with Adaptive Ghost logic...
FILE: TRADEACTIVITYLOG_2025-05-26_UTC.ZB-TM_6.DATA | ACC: ZB-TM_6 | SYMBOL: Unknown | RAW: 0 | FILLS: 0
DEBUG: Running _parse_file_nitro on C:\Model-\TradeActivityLogs-tm_6\TradeActivityLog_2025-05-27_UTC.ES-IPS_TM_6.data with Adaptive Ghost logic...
FILE: TRADEACTIVITYLOG_2025-08-26_UTC.ZB-TM_6.DATA | ACC: ZB-TM_6 | SYMBOL: Unknown | RAW: 0 | FILLS: 0
DEBUG: Running _parse_file_nitro on C:\Model-\TradeActivityLogs-tm_6\TradeActivityLog_2025-08-27_UTC.ES-IPS_TM_6.data with Adaptive Ghost logic...
FILE: TRADEACTIVITYLOG_2025-08-01_UTC.ZB-TM_6.DATA | ACC: ZB-TM_6 | SYMBOL: Unknown | RAW: 0 | FILLS: 0
DEBUG: Running _parse_file_nitro on C:\Model-\TradeActivityLogs-tm_6\TradeActivityLog_2025-08-03_UTC.ES-IPS_TM_6.data with Adaptive Ghost logic...
FILE: TRADEACTIVITYLOG_2025-07-09_UTC.ES-TM_6.DATA | ACC: ES-TM_6 | SYMBOL: ESU25 | RAW: 38 | FILLS: 19
DEBUG: Running _parse_file_nitro on C:\Model-\TradeActivityLogs-tm_6\TradeActivityLog_2025-07-09_UTC.IPS_TM_6.data with Adaptive Ghost logic...
FILE: TRADEACTIVITYLOG_2025-10-19_UTC.TM_6.DATA | ACC: TM_6 | SYMBOL: NQZ25 | RAW: 2 | FILLS: 1
DEBUG: Running _parse_file_nitro on C:\Model-\TradeActivityLogs-tm_6\TradeActivityLog_2025-10-20_UTC.ES-IPS_TM_6.data with Adaptive Ghost logic...
FILE: TRADEACTIVITYLOG_2025-09-16_UTC.TM_6.DATA | ACC: TM_6 | SYMBOL: CLX25 | RAW: 111 | FILLS: 56
DEBUG: Running _parse_file_nitro on C:\Model-\TradeActivityLogs-tm_6\TradeActivityLog_2025-09-16_UTC.ZB-TM_6.data with Adaptive Ghost logic...
FILE: TRADEACTIVITYLOG_2025-05-08_UTC.ES-TM_6.DATA | ACC: ES-TM_6 | SYMBOL: ESM25 | RAW: 72 | FILLS: 36
FILE: TRADEACTIVITYLOG_2025-05-27_UTC.ES-IPS_TM_6.DATA | ACC: ES-IPS_TM_6 | SYMBOL: ESM25 | RAW: 40 | FILLS: 20
DEBUG: Running _parse_file_nitro on C:\Model-\TradeActivityLogs-tm_6\TradeActivityLog_2025-05-08_UTC.IPS_TM_6.data with Adaptive Ghost logic...
DEBUG: Running _parse_file_nitro on C:\Model-\TradeActivityLogs-tm_6\TradeActivityLog_2025-05-27_UTC.ES-TM_6.data with Adaptive Ghost logic...
FILE: TRADEACTIVITYLOG_2025-04-16_UTC.TM_6.DATA | ACC: TM_6 | SYMBOL: NQM25 | RAW: 164 | FILLS: 82
FILE: TRADEACTIVITYLOG_2025-08-03_UTC.ES-IPS_TM_6.DATA | ACC: ES-IPS_TM_6 | SYMBOL: ESU25 | RAW: 8 | FILLS: 4
DEBUG: Running _parse_file_nitro on C:\Model-\TradeActivityLogs-tm_6\TradeActivityLog_2025-08-03_UTC.ES-TM_6.data with Adaptive Ghost logic...
DEBUG: Running _parse_file_nitro on C:\Model-\TradeActivityLogs-tm_6\TradeActivityLog_2025-04-17_UTC.ES-IPS_TM_6.data with Adaptive Ghost logic...
FILE: TRADEACTIVITYLOG_2025-08-27_UTC.ES-IPS_TM_6.DATA | ACC: ES-IPS_TM_6 | SYMBOL: ESU25 | RAW: 54 | FILLS: 27
DEBUG: Running _parse_file_nitro on C:\Model-\TradeActivityLogs-tm_6\TradeActivityLog_2025-08-27_UTC.ES-TM_6.data with Adaptive Ghost logic...
FILE: TRADEACTIVITYLOG_2025-06-16_UTC.TM_6.DATA | ACC: TM_6 | SYMBOL: CLN25 | RAW: 142 | FILLS: 71
DEBUG: Running _parse_file_nitro on C:\Model-\TradeActivityLogs-tm_6\TradeActivityLog_2025-06-17_UTC.ES-IPS_TM_6.data with Adaptive Ghost logic...
FILE: TRADEACTIVITYLOG_2025-10-20_UTC.ES-IPS_TM_6.DATA | ACC: ES-IPS_TM_6 | SYMBOL: ESZ25 | RAW: 54 | FILLS: 27
DEBUG: Running _parse_file_nitro on C:\Model-\TradeActivityLogs-tm_6\TradeActivityLog_2025-10-20_UTC.ES-TM_6.data with Adaptive Ghost logic...
FILE: TRADEACTIVITYLOG_2025-09-16_UTC.ZB-TM_6.DATA | ACC: ZB-TM_6 | SYMBOL: Unknown | RAW: 0 | FILLS: 0
DEBUG: Running _parse_file_nitro on C:\Model-\TradeActivityLogs-tm_6\TradeActivityLog_2025-09-17_UTC.ES-IPS_TM_6.data with Adaptive Ghost logic...
FILE: TRADEACTIVITYLOG_2025-07-09_UTC.IPS_TM_6.DATA | ACC: IPS_TM_6 | SYMBOL: NQU25 | RAW: 200 | FILLS: 100
DEBUG: Running _parse_file_nitro on C:\Model-\TradeActivityLogs-tm_6\TradeActivityLog_2025-07-09_UTC.TM_6.data with Adaptive Ghost logic...
FILE: TRADEACTIVITYLOG_2025-08-03_UTC.ES-TM_6.DATA | ACC: ES-TM_6 | SYMBOL: ESU25 | RAW: 8 | FILLS: 4
DEBUG: Running _parse_file_nitro on C:\Model-\TradeActivityLogs-tm_6\TradeActivityLog_2025-08-03_UTC.IPS_TM_6.data with Adaptive Ghost logic...
FILE: TRADEACTIVITYLOG_2025-05-27_UTC.ES-TM_6.DATA | ACC: ES-TM_6 | SYMBOL: ESM25 | RAW: 40 | FILLS: 20
FILE: TRADEACTIVITYLOG_2025-06-17_UTC.ES-IPS_TM_6.DATA | ACC: ES-IPS_TM_6 | SYMBOL: ESM25 | RAW: 6 | FILLS: 3
DEBUG: Running _parse_file_nitro on C:\Model-\TradeActivityLogs-tm_6\TradeActivityLog_2025-06-17_UTC.ES-TM_6.data with Adaptive Ghost logic...
DEBUG: Running _parse_file_nitro on C:\Model-\TradeActivityLogs-tm_6\TradeActivityLog_2025-05-27_UTC.IPS_TM_6.data with Adaptive Ghost logic...
FILE: TRADEACTIVITYLOG_2025-08-27_UTC.ES-TM_6.DATA | ACC: ES-TM_6 | SYMBOL: ESU25 | RAW: 54 | FILLS: 27
DEBUG: Running _parse_file_nitro on C:\Model-\TradeActivityLogs-tm_6\TradeActivityLog_2025-08-27_UTC.IPS_TM_6.data with Adaptive Ghost logic...
FILE: TRADEACTIVITYLOG_2025-04-17_UTC.ES-IPS_TM_6.DATA | ACC: ES-IPS_TM_6 | SYMBOL: ESM25 | RAW: 64 | FILLS: 32
DEBUG: Running _parse_file_nitro on C:\Model-\TradeActivityLogs-tm_6\TradeActivityLog_2025-04-17_UTC.ES-TM_6.data with Adaptive Ghost logic...
FILE: TRADEACTIVITYLOG_2025-10-20_UTC.ES-TM_6.DATA | ACC: ES-TM_6 | SYMBOL: ESZ25 | RAW: 52 | FILLS: 26
DEBUG: Running _parse_file_nitro on C:\Model-\TradeActivityLogs-tm_6\TradeActivityLog_2025-10-20_UTC.IPS_TM_6.data with Adaptive Ghost logic...
FILE: TRADEACTIVITYLOG_2025-09-17_UTC.ES-IPS_TM_6.DATA | ACC: ES-IPS_TM_6 | SYMBOL: ESZ25 | RAW: 36 | FILLS: 18
DEBUG: Running _parse_file_nitro on C:\Model-\TradeActivityLogs-tm_6\TradeActivityLog_2025-09-17_UTC.ES-TM_6.data with Adaptive Ghost logic...
FILE: TRADEACTIVITYLOG_2025-08-03_UTC.IPS_TM_6.DATA | ACC: IPS_TM_6 | SYMBOL: NQU25 | RAW: 4 | FILLS: 2
DEBUG: Running _parse_file_nitro on C:\Model-\TradeActivityLogs-tm_6\TradeActivityLog_2025-08-03_UTC.TM_6.data with Adaptive Ghost logic...
FILE: TRADEACTIVITYLOG_2025-05-08_UTC.IPS_TM_6.DATA | ACC: IPS_TM_6 | SYMBOL: CLM25 | RAW: 218 | FILLS: 109
DEBUG: Running _parse_file_nitro on C:\Model-\TradeActivityLogs-tm_6\TradeActivityLog_2025-05-08_UTC.TM_6.data with Adaptive Ghost logic...
FILE: TRADEACTIVITYLOG_2025-06-17_UTC.ES-TM_6.DATA | ACC: ES-TM_6 | SYMBOL: ESM25 | RAW: 6 | FILLS: 3
DEBUG: Running _parse_file_nitro on C:\Model-\TradeActivityLogs-tm_6\TradeActivityLog_2025-06-17_UTC.IPS_TM_6.data with Adaptive Ghost logic...
FILE: TRADEACTIVITYLOG_2025-04-17_UTC.ES-TM_6.DATA | ACC: ES-TM_6 | SYMBOL: ESM25 | RAW: 64 | FILLS: 32
DEBUG: Running _parse_file_nitro on C:\Model-\TradeActivityLogs-tm_6\TradeActivityLog_2025-04-17_UTC.IPS_TM_6.data with Adaptive Ghost logic...
FILE: TRADEACTIVITYLOG_2025-08-03_UTC.TM_6.DATA | ACC: TM_6 | SYMBOL: NQU25 | RAW: 4 | FILLS: 2
FILE: TRADEACTIVITYLOG_2025-09-17_UTC.ES-TM_6.DATA | ACC: ES-TM_6 | SYMBOL: ESZ25 | RAW: 34 | FILLS: 17
DEBUG: Running _parse_file_nitro on C:\Model-\TradeActivityLogs-tm_6\TradeActivityLog_2025-08-04_UTC.ES-IPS_TM_6.data with Adaptive Ghost logic...
DEBUG: Running _parse_file_nitro on C:\Model-\TradeActivityLogs-tm_6\TradeActivityLog_2025-09-17_UTC.IPS_TM_6.data with Adaptive Ghost logic...
FILE: TRADEACTIVITYLOG_2025-08-27_UTC.IPS_TM_6.DATA | ACC: IPS_TM_6 | SYMBOL: NQU25 | RAW: 98 | FILLS: 49
FILE: TRADEACTIVITYLOG_2025-05-27_UTC.IPS_TM_6.DATA | ACC: IPS_TM_6 | SYMBOL: NQM25 | RAW: 170 | FILLS: 85
FILE: TRADEACTIVITYLOG_2025-07-09_UTC.TM_6.DATA | ACC: TM_6 | SYMBOL: NQU25 | RAW: 200 | FILLS: 100
DEBUG: Running _parse_file_nitro on C:\Model-\TradeActivityLogs-tm_6\TradeActivityLog_2025-05-27_UTC.TM_6.data with Adaptive Ghost logic...
DEBUG: Running _parse_file_nitro on C:\Model-\TradeActivityLogs-tm_6\TradeActivityLog_2025-08-27_UTC.TM_6.data with Adaptive Ghost logic...
DEBUG: Running _parse_file_nitro on C:\Model-\TradeActivityLogs-tm_6\TradeActivityLog_2025-07-10_UTC.ES-IPS_TM_6.data with Adaptive Ghost logic...
FILE: TRADEACTIVITYLOG_2025-10-20_UTC.IPS_TM_6.DATA | ACC: IPS_TM_6 | SYMBOL: NQZ25 | RAW: 112 | FILLS: 56
DEBUG: Running _parse_file_nitro on C:\Model-\TradeActivityLogs-tm_6\TradeActivityLog_2025-10-20_UTC.TM_6.data with Adaptive Ghost logic...
FILE: TRADEACTIVITYLOG_2025-06-17_UTC.IPS_TM_6.DATA | ACC: IPS_TM_6 | SYMBOL: CLN25 | RAW: 132 | FILLS: 66
DEBUG: Running _parse_file_nitro on C:\Model-\TradeActivityLogs-tm_6\TradeActivityLog_2025-06-17_UTC.TM_6.data with Adaptive Ghost logic...
FILE: TRADEACTIVITYLOG_2025-08-04_UTC.ES-IPS_TM_6.DATA | ACC: ES-IPS_TM_6 | SYMBOL: ESU25 | RAW: 32 | FILLS: 16
DEBUG: Running _parse_file_nitro on C:\Model-\TradeActivityLogs-tm_6\TradeActivityLog_2025-08-04_UTC.ES-TM_6.data with Adaptive Ghost logic...
FILE: TRADEACTIVITYLOG_2025-07-10_UTC.ES-IPS_TM_6.DATA | ACC: ES-IPS_TM_6 | SYMBOL: ESU25 | RAW: 46 | FILLS: 23
DEBUG: Running _parse_file_nitro on C:\Model-\TradeActivityLogs-tm_6\TradeActivityLog_2025-07-10_UTC.ES-TM_6.data with Adaptive Ghost logic...
FILE: TRADEACTIVITYLOG_2025-08-27_UTC.TM_6.DATA | ACC: TM_6 | SYMBOL: NQU25 | RAW: 98 | FILLS: 49
FILE: TRADEACTIVITYLOG_2025-04-17_UTC.IPS_TM_6.DATA | ACC: IPS_TM_6 | SYMBOL: NQM25 | RAW: 190 | FILLS: 95
DEBUG: Running _parse_file_nitro on C:\Model-\TradeActivityLogs-tm_6\TradeActivityLog_2025-04-17_UTC.TM_6.data with Adaptive Ghost logic...
DEBUG: Running _parse_file_nitro on C:\Model-\TradeActivityLogs-tm_6\TradeActivityLog_2025-08-27_UTC.ZB-TM_6.data with Adaptive Ghost logic...
FILE: TRADEACTIVITYLOG_2025-09-17_UTC.IPS_TM_6.DATA | ACC: IPS_TM_6 | SYMBOL: NQZ25 | RAW: 158 | FILLS: 79
DEBUG: Running _parse_file_nitro on C:\Model-\TradeActivityLogs-tm_6\TradeActivityLog_2025-09-17_UTC.TM_6.data with Adaptive Ghost logic...
FILE: TRADEACTIVITYLOG_2025-05-08_UTC.TM_6.DATA | ACC: TM_6 | SYMBOL: CLM25 | RAW: 218 | FILLS: 109
FILE: TRADEACTIVITYLOG_2025-10-20_UTC.TM_6.DATA | ACC: TM_6 | SYMBOL: NQZ25 | RAW: 112 | FILLS: 56
DEBUG: Running _parse_file_nitro on C:\Model-\TradeActivityLogs-tm_6\TradeActivityLog_2025-05-08_UTC.ZB-IPS_TM_6.data with Adaptive Ghost logic...
DEBUG: Running _parse_file_nitro on C:\Model-\TradeActivityLogs-tm_6\TradeActivityLog_2025-10-21_UTC.ES-IPS_TM_6.data with Adaptive Ghost logic...
FILE: TRADEACTIVITYLOG_2025-05-27_UTC.TM_6.DATA | ACC: TM_6 | SYMBOL: NQM25 | RAW: 170 | FILLS: 85
DEBUG: Running _parse_file_nitro on C:\Model-\TradeActivityLogs-tm_6\TradeActivityLog_2025-05-27_UTC.ZB-TM_6.data with Adaptive Ghost logic...
FILE: TRADEACTIVITYLOG_2025-08-04_UTC.ES-TM_6.DATA | ACC: ES-TM_6 | SYMBOL: ESU25 | RAW: 32 | FILLS: 16
DEBUG: Running _parse_file_nitro on C:\Model-\TradeActivityLogs-tm_6\TradeActivityLog_2025-08-04_UTC.IPS_TM_6.data with Adaptive Ghost logic...
FILE: TRADEACTIVITYLOG_2025-08-27_UTC.ZB-TM_6.DATA | ACC: ZB-TM_6 | SYMBOL: Unknown | RAW: 0 | FILLS: 0
DEBUG: Running _parse_file_nitro on C:\Model-\TradeActivityLogs-tm_6\TradeActivityLog_2025-08-28_UTC.ES-IPS_TM_6.data with Adaptive Ghost logic...
FILE: TRADEACTIVITYLOG_2025-05-08_UTC.ZB-IPS_TM_6.DATA | ACC: ZB-IPS_TM_6 | SYMBOL: Unknown | RAW: 0 | FILLS: 0
DEBUG: Running _parse_file_nitro on C:\Model-\TradeActivityLogs-tm_6\TradeActivityLog_2025-05-08_UTC.ZB-TM_6.data with Adaptive Ghost logic...
FILE: TRADEACTIVITYLOG_2025-07-10_UTC.ES-TM_6.DATA | ACC: ES-TM_6 | SYMBOL: ESU25 | RAW: 46 | FILLS: 23
DEBUG: Running _parse_file_nitro on C:\Model-\TradeActivityLogs-tm_6\TradeActivityLog_2025-07-10_UTC.IPS_TM_6.data with Adaptive Ghost logic...
FILE: TRADEACTIVITYLOG_2025-06-17_UTC.TM_6.DATA | ACC: TM_6 | SYMBOL: CLN25 | RAW: 132 | FILLS: 66
DEBUG: Running _parse_file_nitro on C:\Model-\TradeActivityLogs-tm_6\TradeActivityLog_2025-06-18_UTC.ES-IPS_TM_6.data with Adaptive Ghost logic...
FILE: TRADEACTIVITYLOG_2025-05-27_UTC.ZB-TM_6.DATA | ACC: ZB-TM_6 | SYMBOL: Unknown | RAW: 0 | FILLS: 0
DEBUG: Running _parse_file_nitro on C:\Model-\TradeActivityLogs-tm_6\TradeActivityLog_2025-05-28_UTC.ES-IPS_TM_6.data with Adaptive Ghost logic...
FILE: TRADEACTIVITYLOG_2025-10-21_UTC.ES-IPS_TM_6.DATA | ACC: ES-IPS_TM_6 | SYMBOL: ESZ25 | RAW: 80 | FILLS: 40
DEBUG: Running _parse_file_nitro on C:\Model-\TradeActivityLogs-tm_6\TradeActivityLog_2025-10-21_UTC.ES-TM_6.data with Adaptive Ghost logic...
FILE: TRADEACTIVITYLOG_2025-05-08_UTC.ZB-TM_6.DATA | ACC: ZB-TM_6 | SYMBOL: Unknown | RAW: 0 | FILLS: 0
DEBUG: Running _parse_file_nitro on C:\Model-\TradeActivityLogs-tm_6\TradeActivityLog_2025-05-09_UTC.ES-IPS_TM_6.data with Adaptive Ghost logic...
FILE: TRADEACTIVITYLOG_2025-09-17_UTC.TM_6.DATA | ACC: TM_6 | SYMBOL: NQZ25 | RAW: 156 | FILLS: 78
DEBUG: Running _parse_file_nitro on C:\Model-\TradeActivityLogs-tm_6\TradeActivityLog_2025-09-17_UTC.ZB-TM_6.data with Adaptive Ghost logic...
FILE: TRADEACTIVITYLOG_2025-08-28_UTC.ES-IPS_TM_6.DATA | ACC: ES-IPS_TM_6 | SYMBOL: ESU25 | RAW: 46 | FILLS: 23
DEBUG: Running _parse_file_nitro on C:\Model-\TradeActivityLogs-tm_6\TradeActivityLog_2025-08-28_UTC.ES-TM_6.data with Adaptive Ghost logic...
DEBUG: Running _parse_file_nitro on C:\Model-\TradeActivityLogs-tm_6\TradeActivityLog_2025-04-18_UTC.CL-IPS_TM_6.data with Adaptive Ghost logic...
FILE: TRADEACTIVITYLOG_2025-06-18_UTC.ES-IPS_TM_6.DATA | ACC: ES-IPS_TM_6 | SYMBOL: ESM25 | RAW: 24 | FILLS: 12
DEBUG: Running _parse_file_nitro on C:\Model-\TradeActivityLogs-tm_6\TradeActivityLog_2025-06-18_UTC.ES-TM_6.data with Adaptive Ghost logic...
FILE: TRADEACTIVITYLOG_2025-08-04_UTC.IPS_TM_6.DATA | ACC: IPS_TM_6 | SYMBOL: NQU25 | RAW: 126 | FILLS: 63
DEBUG: Running _parse_file_nitro on C:\Model-\TradeActivityLogs-tm_6\TradeActivityLog_2025-08-04_UTC.TM_6.data with Adaptive Ghost logic...
FILE: TRADEACTIVITYLOG_2025-05-28_UTC.ES-IPS_TM_6.DATA | ACC: ES-IPS_TM_6 | SYMBOL: ESM25 | RAW: 66 | FILLS: 33
DEBUG: Running _parse_file_nitro on C:\Model-\TradeActivityLogs-tm_6\TradeActivityLog_2025-05-28_UTC.ES-TM_6.data with Adaptive Ghost logic...
FILE: TRADEACTIVITYLOG_2025-09-17_UTC.ZB-TM_6.DATA | ACC: ZB-TM_6 | SYMBOL: Unknown | RAW: 0 | FILLS: 0
DEBUG: Running _parse_file_nitro on C:\Model-\TradeActivityLogs-tm_6\TradeActivityLog_2025-09-18_UTC.ES-IPS_TM_6.data with Adaptive Ghost logic...
FILE: TRADEACTIVITYLOG_2025-05-09_UTC.ES-IPS_TM_6.DATA | ACC: ES-IPS_TM_6 | SYMBOL: ESM25 | RAW: 46 | FILLS: 23
FILE: TRADEACTIVITYLOG_2025-04-18_UTC.CL-IPS_TM_6.DATA | ACC: CL-IPS_TM_6 | SYMBOL: CL | RAW: 0 | FILLS: 0
DEBUG: Running _parse_file_nitro on C:\Model-\TradeActivityLogs-tm_6\TradeActivityLog_2025-05-09_UTC.ES-TM_6.data with Adaptive Ghost logic...
DEBUG: Running _parse_file_nitro on C:\Model-\TradeActivityLogs-tm_6\TradeActivityLog_2025-04-18_UTC.CL-TM_6.data with Adaptive Ghost logic...
FILE: TRADEACTIVITYLOG_2025-10-21_UTC.ES-TM_6.DATA | ACC: ES-TM_6 | SYMBOL: ESZ25 | RAW: 80 | FILLS: 40
DEBUG: Running _parse_file_nitro on C:\Model-\TradeActivityLogs-tm_6\TradeActivityLog_2025-10-21_UTC.IPS_TM_6.data with Adaptive Ghost logic...
FILE: TRADEACTIVITYLOG_2025-07-10_UTC.IPS_TM_6.DATA | ACC: IPS_TM_6 | SYMBOL: NQU25 | RAW: 212 | FILLS: 106
FILE: TRADEACTIVITYLOG_2025-06-18_UTC.ES-TM_6.DATA | ACC: ES-TM_6 | SYMBOL: ESM25 | RAW: 24 | FILLS: 12
DEBUG: Running _parse_file_nitro on C:\Model-\TradeActivityLogs-tm_6\TradeActivityLog_2025-07-10_UTC.TM_6.data with Adaptive Ghost logic...
DEBUG: Running _parse_file_nitro on C:\Model-\TradeActivityLogs-tm_6\TradeActivityLog_2025-06-18_UTC.IPS_TM_6.data with Adaptive Ghost logic...
FILE: TRADEACTIVITYLOG_2025-08-28_UTC.ES-TM_6.DATA | ACC: ES-TM_6 | SYMBOL: ESU25 | RAW: 50 | FILLS: 25
DEBUG: Running _parse_file_nitro on C:\Model-\TradeActivityLogs-tm_6\TradeActivityLog_2025-08-28_UTC.IPS_TM_6.data with Adaptive Ghost logic...
FILE: TRADEACTIVITYLOG_2025-04-18_UTC.CL-TM_6.DATA | ACC: CL-TM_6 | SYMBOL: CL | RAW: 0 | FILLS: 0
DEBUG: Running _parse_file_nitro on C:\Model-\TradeActivityLogs-tm_6\TradeActivityLog_2025-04-18_UTC.ES-IPS_TM_6.data with Adaptive Ghost logic...
FILE: TRADEACTIVITYLOG_2025-05-28_UTC.ES-TM_6.DATA | ACC: ES-TM_6 | SYMBOL: ESM25 | RAW: 66 | FILLS: 33
DEBUG: Running _parse_file_nitro on C:\Model-\TradeActivityLogs-tm_6\TradeActivityLog_2025-05-28_UTC.IPS_TM_6.data with Adaptive Ghost logic...
FILE: TRADEACTIVITYLOG_2025-08-04_UTC.TM_6.DATA | ACC: TM_6 | SYMBOL: NQU25 | RAW: 128 | FILLS: 64
DEBUG: Running _parse_file_nitro on C:\Model-\TradeActivityLogs-tm_6\TradeActivityLog_2025-08-05_UTC.ES-IPS_TM_6.data with Adaptive Ghost logic...
FILE: TRADEACTIVITYLOG_2025-09-18_UTC.ES-IPS_TM_6.DATA | ACC: ES-IPS_TM_6 | SYMBOL: ESZ25 | RAW: 61 | FILLS: 31
DEBUG: Running _parse_file_nitro on C:\Model-\TradeActivityLogs-tm_6\TradeActivityLog_2025-09-18_UTC.ES-TM_6.data with Adaptive Ghost logic...
FILE: TRADEACTIVITYLOG_2025-05-09_UTC.ES-TM_6.DATA | ACC: ES-TM_6 | SYMBOL: ESM25 | RAW: 46 | FILLS: 23
DEBUG: Running _parse_file_nitro on C:\Model-\TradeActivityLogs-tm_6\TradeActivityLog_2025-05-09_UTC.IPS_TM_6.data with Adaptive Ghost logic...
FILE: TRADEACTIVITYLOG_2025-04-18_UTC.ES-IPS_TM_6.DATA | ACC: ES-IPS_TM_6 | SYMBOL: ES | RAW: 0 | FILLS: 0
DEBUG: Running _parse_file_nitro on C:\Model-\TradeActivityLogs-tm_6\TradeActivityLog_2025-04-18_UTC.ES-TM_6.data with Adaptive Ghost logic...
FILE: TRADEACTIVITYLOG_2025-10-21_UTC.IPS_TM_6.DATA | ACC: IPS_TM_6 | SYMBOL: CLX25 | RAW: 84 | FILLS: 42
DEBUG: Running _parse_file_nitro on C:\Model-\TradeActivityLogs-tm_6\TradeActivityLog_2025-10-21_UTC.TM_6.data with Adaptive Ghost logic...
FILE: TRADEACTIVITYLOG_2025-06-18_UTC.IPS_TM_6.DATA | ACC: IPS_TM_6 | SYMBOL: NQU25 | RAW: 114 | FILLS: 57
DEBUG: Running _parse_file_nitro on C:\Model-\TradeActivityLogs-tm_6\TradeActivityLog_2025-06-18_UTC.TM_6.data with Adaptive Ghost logic...
FILE: TRADEACTIVITYLOG_2025-08-28_UTC.IPS_TM_6.DATA | ACC: IPS_TM_6 | SYMBOL: NQU25 | RAW: 170 | FILLS: 85
DEBUG: Running _parse_file_nitro on C:\Model-\TradeActivityLogs-tm_6\TradeActivityLog_2025-08-28_UTC.TM_6.data with Adaptive Ghost logic...
FILE: TRADEACTIVITYLOG_2025-08-05_UTC.ES-IPS_TM_6.DATA | ACC: ES-IPS_TM_6 | SYMBOL: ESU25 | RAW: 60 | FILLS: 30
DEBUG: Running _parse_file_nitro on C:\Model-\TradeActivityLogs-tm_6\TradeActivityLog_2025-08-05_UTC.ES-TM_6.data with Adaptive Ghost logic...
FILE: TRADEACTIVITYLOG_2025-04-18_UTC.ES-TM_6.DATA | ACC: ES-TM_6 | SYMBOL: ES | RAW: 0 | FILLS: 0
FILE: TRADEACTIVITYLOG_2025-09-18_UTC.ES-TM_6.DATA | ACC: ES-TM_6 | SYMBOL: ESZ25 | RAW: 61 | FILLS: 31
DEBUG: Running _parse_file_nitro on C:\Model-\TradeActivityLogs-tm_6\TradeActivityLog_2025-04-18_UTC.IPS_TM_6.data with Adaptive Ghost logic...
DEBUG: Running _parse_file_nitro on C:\Model-\TradeActivityLogs-tm_6\TradeActivityLog_2025-09-18_UTC.IPS_TM_6.data with Adaptive Ghost logic...
FILE: TRADEACTIVITYLOG_2025-07-10_UTC.TM_6.DATA | ACC: TM_6 | SYMBOL: NQU25 | RAW: 204 | FILLS: 102
DEBUG: Running _parse_file_nitro on C:\Model-\TradeActivityLogs-tm_6\TradeActivityLog_2025-07-11_UTC.ES-IPS_TM_6.data with Adaptive Ghost logic...
FILE: TRADEACTIVITYLOG_2025-05-28_UTC.IPS_TM_6.DATA | ACC: IPS_TM_6 | SYMBOL: NQM25 | RAW: 152 | FILLS: 76
DEBUG: Running _parse_file_nitro on C:\Model-\TradeActivityLogs-tm_6\TradeActivityLog_2025-05-28_UTC.TM_6.data with Adaptive Ghost logic...
FILE: TRADEACTIVITYLOG_2025-05-09_UTC.IPS_TM_6.DATA | ACC: IPS_TM_6 | SYMBOL: NQM25 | RAW: 194 | FILLS: 97
DEBUG: Running _parse_file_nitro on C:\Model-\TradeActivityLogs-tm_6\TradeActivityLog_2025-05-09_UTC.TM_6.data with Adaptive Ghost logic...
FILE: TRADEACTIVITYLOG_2025-10-21_UTC.TM_6.DATA | ACC: TM_6 | SYMBOL: CLX25 | RAW: 84 | FILLS: 42
FILE: TRADEACTIVITYLOG_2025-04-18_UTC.IPS_TM_6.DATA | ACC: IPS_TM_6 | SYMBOL: NQM25 | RAW: 0 | FILLS: 0
DEBUG: Running _parse_file_nitro on C:\Model-\TradeActivityLogs-tm_6\TradeActivityLog_2025-04-18_UTC.TM_6.data with Adaptive Ghost logic...
FILE: TRADEACTIVITYLOG_2025-06-18_UTC.TM_6.DATA | ACC: TM_6 | SYMBOL: NQU25 | RAW: 114 | FILLS: 57
DEBUG: Running _parse_file_nitro on C:\Model-\TradeActivityLogs-tm_6\TradeActivityLog_2025-10-22_UTC.ES-IPS_TM_6.data with Adaptive Ghost logic...
DEBUG: Running _parse_file_nitro on C:\Model-\TradeActivityLogs-tm_6\TradeActivityLog_2025-06-19_UTC.IPS_TM_6.data with Adaptive Ghost logic...
FILE: TRADEACTIVITYLOG_2025-07-11_UTC.ES-IPS_TM_6.DATA | ACC: ES-IPS_TM_6 | SYMBOL: ESU25 | RAW: 38 | FILLS: 19
DEBUG: Running _parse_file_nitro on C:\Model-\TradeActivityLogs-tm_6\TradeActivityLog_2025-07-11_UTC.ES-TM_6.data with Adaptive Ghost logic...
FILE: TRADEACTIVITYLOG_2025-08-05_UTC.ES-TM_6.DATA | ACC: ES-TM_6 | SYMBOL: ESU25 | RAW: 68 | FILLS: 34
DEBUG: Running _parse_file_nitro on C:\Model-\TradeActivityLogs-tm_6\TradeActivityLog_2025-08-05_UTC.IPS_TM_6.data with Adaptive Ghost logic...
FILE: TRADEACTIVITYLOG_2025-08-28_UTC.TM_6.DATA | ACC: TM_6 | SYMBOL: NQU25 | RAW: 168 | FILLS: 84
DEBUG: Running _parse_file_nitro on C:\Model-\TradeActivityLogs-tm_6\TradeActivityLog_2025-08-29_UTC.ES-IPS_TM_6.data with Adaptive Ghost logic...
FILE: TRADEACTIVITYLOG_2025-04-18_UTC.TM_6.DATA | ACC: TM_6 | SYMBOL: NQM25 | RAW: 0 | FILLS: 0
DEBUG: Running _parse_file_nitro on C:\Model-\TradeActivityLogs-tm_6\TradeActivityLog_2025-04-18_UTC.ZB-IPS_TM_6.data with Adaptive Ghost logic...
FILE: TRADEACTIVITYLOG_2025-07-11_UTC.ES-TM_6.DATA | ACC: ES-TM_6 | SYMBOL: ESU25 | RAW: 38 | FILLS: 19
DEBUG: Running _parse_file_nitro on C:\Model-\TradeActivityLogs-tm_6\TradeActivityLog_2025-07-11_UTC.IPS_TM_6.data with Adaptive Ghost logic...
FILE: TRADEACTIVITYLOG_2025-06-19_UTC.IPS_TM_6.DATA | ACC: IPS_TM_6 | SYMBOL: NQU25 | RAW: 60 | FILLS: 30
FILE: TRADEACTIVITYLOG_2025-09-18_UTC.IPS_TM_6.DATA | ACC: IPS_TM_6 | SYMBOL: NQZ25 | RAW: 214 | FILLS: 107
DEBUG: Running _parse_file_nitro on C:\Model-\TradeActivityLogs-tm_6\TradeActivityLog_2025-06-19_UTC.TM_6.data with Adaptive Ghost logic...
DEBUG: Running _parse_file_nitro on C:\Model-\TradeActivityLogs-tm_6\TradeActivityLog_2025-09-18_UTC.TM_6.data with Adaptive Ghost logic...
FILE: TRADEACTIVITYLOG_2025-05-28_UTC.TM_6.DATA | ACC: TM_6 | SYMBOL: NQM25 | RAW: 156 | FILLS: 78
DEBUG: Running _parse_file_nitro on C:\Model-\TradeActivityLogs-tm_6\TradeActivityLog_2025-05-29_UTC.ES-IPS_TM_6.data with Adaptive Ghost logic...
FILE: TRADEACTIVITYLOG_2025-10-22_UTC.ES-IPS_TM_6.DATA | ACC: ES-IPS_TM_6 | SYMBOL: ESZ25 | RAW: 86 | FILLS: 43
FILE: TRADEACTIVITYLOG_2025-08-29_UTC.ES-IPS_TM_6.DATA | ACC: ES-IPS_TM_6 | SYMBOL: ESU25 | RAW: 38 | FILLS: 19
DEBUG: Running _parse_file_nitro on C:\Model-\TradeActivityLogs-tm_6\TradeActivityLog_2025-08-29_UTC.ES-TM_6.data with Adaptive Ghost logic...
DEBUG: Running _parse_file_nitro on C:\Model-\TradeActivityLogs-tm_6\TradeActivityLog_2025-10-22_UTC.ES-TM_6.data with Adaptive Ghost logic...
FILE: TRADEACTIVITYLOG_2025-04-18_UTC.ZB-IPS_TM_6.DATA | ACC: ZB-IPS_TM_6 | SYMBOL: Unknown | RAW: 0 | FILLS: 0
DEBUG: Running _parse_file_nitro on C:\Model-\TradeActivityLogs-tm_6\TradeActivityLog_2025-04-18_UTC.ZB-TM_6.data with Adaptive Ghost logic...
FILE: TRADEACTIVITYLOG_2025-05-09_UTC.TM_6.DATA | ACC: TM_6 | SYMBOL: NQM25 | RAW: 194 | FILLS: 97
DEBUG: Running _parse_file_nitro on C:\Model-\TradeActivityLogs-tm_6\TradeActivityLog_2025-05-10_UTC.CL-IPS_TM_6.data with Adaptive Ghost logic...
FILE: TRADEACTIVITYLOG_2025-08-05_UTC.IPS_TM_6.DATA | ACC: IPS_TM_6 | SYMBOL: CLV25 | RAW: 136 | FILLS: 68
DEBUG: Running _parse_file_nitro on C:\Model-\TradeActivityLogs-tm_6\TradeActivityLog_2025-08-05_UTC.TM_6.data with Adaptive Ghost logic...
FILE: TRADEACTIVITYLOG_2025-04-18_UTC.ZB-TM_6.DATA | ACC: ZB-TM_6 | SYMBOL: Unknown | RAW: 0 | FILLS: 0
DEBUG: Running _parse_file_nitro on C:\Model-\TradeActivityLogs-tm_6\TradeActivityLog_2025-04-20_UTC.CL-IPS_TM_6.data with Adaptive Ghost logic...
FILE: TRADEACTIVITYLOG_2025-06-19_UTC.TM_6.DATA | ACC: TM_6 | SYMBOL: NQU25 | RAW: 62 | FILLS: 31
DEBUG: Running _parse_file_nitro on C:\Model-\TradeActivityLogs-tm_6\TradeActivityLog_2025-06-20_UTC.ES-IPS_TM_6.data with Adaptive Ghost logic...
FILE: TRADEACTIVITYLOG_2025-05-29_UTC.ES-IPS_TM_6.DATA | ACC: ES-IPS_TM_6 | SYMBOL: ESM25 | RAW: 58 | FILLS: 29
DEBUG: Running _parse_file_nitro on C:\Model-\TradeActivityLogs-tm_6\TradeActivityLog_2025-05-29_UTC.ES-TM_6.data with Adaptive Ghost logic...
FILE: TRADEACTIVITYLOG_2025-10-22_UTC.ES-TM_6.DATA | ACC: ES-TM_6 | SYMBOL: ESZ25 | RAW: 86 | FILLS: 43
DEBUG: Running _parse_file_nitro on C:\Model-\TradeActivityLogs-tm_6\TradeActivityLog_2025-10-22_UTC.IPS_TM_6.data with Adaptive Ghost logic...
FILE: TRADEACTIVITYLOG_2025-08-29_UTC.ES-TM_6.DATA | ACC: ES-TM_6 | SYMBOL: ESU25 | RAW: 38 | FILLS: 19
FILE: TRADEACTIVITYLOG_2025-05-10_UTC.CL-IPS_TM_6.DATA | ACC: CL-IPS_TM_6 | SYMBOL: CL | RAW: 0 | FILLS: 0
DEBUG: Running _parse_file_nitro on C:\Model-\TradeActivityLogs-tm_6\TradeActivityLog_2025-05-10_UTC.CL-TM_6.data with Adaptive Ghost logic...
DEBUG: Running _parse_file_nitro on C:\Model-\TradeActivityLogs-tm_6\TradeActivityLog_2025-08-29_UTC.IPS_TM_6.data with Adaptive Ghost logic...
FILE: TRADEACTIVITYLOG_2025-07-11_UTC.IPS_TM_6.DATA | ACC: IPS_TM_6 | SYMBOL: NQU25 | RAW: 158 | FILLS: 79
DEBUG: Running _parse_file_nitro on C:\Model-\TradeActivityLogs-tm_6\TradeActivityLog_2025-07-11_UTC.TM_6.data with Adaptive Ghost logic...
FILE: TRADEACTIVITYLOG_2025-04-20_UTC.CL-IPS_TM_6.DATA | ACC: CL-IPS_TM_6 | SYMBOL: CL | RAW: 0 | FILLS: 0
DEBUG: Running _parse_file_nitro on C:\Model-\TradeActivityLogs-tm_6\TradeActivityLog_2025-04-20_UTC.CL-TM_6.data with Adaptive Ghost logic...
FILE: TRADEACTIVITYLOG_2025-06-20_UTC.ES-IPS_TM_6.DATA | ACC: ES-IPS_TM_6 | SYMBOL: ESM25 | RAW: 6 | FILLS: 3
DEBUG: Running _parse_file_nitro on C:\Model-\TradeActivityLogs-tm_6\TradeActivityLog_2025-06-20_UTC.ES-TM_6.data with Adaptive Ghost logic...
FILE: TRADEACTIVITYLOG_2025-09-18_UTC.TM_6.DATA | ACC: TM_6 | SYMBOL: NQZ25 | RAW: 202 | FILLS: 101
DEBUG: Running _parse_file_nitro on C:\Model-\TradeActivityLogs-tm_6\TradeActivityLog_2025-09-18_UTC.ZB-TM_6.data with Adaptive Ghost logic...
FILE: TRADEACTIVITYLOG_2025-05-10_UTC.CL-TM_6.DATA | ACC: CL-TM_6 | SYMBOL: CL | RAW: 0 | FILLS: 0
DEBUG: Running _parse_file_nitro on C:\Model-\TradeActivityLogs-tm_6\TradeActivityLog_2025-05-10_UTC.ES-IPS_TM_6.data with Adaptive Ghost logic...
FILE: TRADEACTIVITYLOG_2025-05-29_UTC.ES-TM_6.DATA | ACC: ES-TM_6 | SYMBOL: ESM25 | RAW: 58 | FILLS: 29
DEBUG: Running _parse_file_nitro on C:\Model-\TradeActivityLogs-tm_6\TradeActivityLog_2025-05-29_UTC.IPS_TM_6.data with Adaptive Ghost logic...
FILE: TRADEACTIVITYLOG_2025-04-20_UTC.CL-TM_6.DATA | ACC: CL-TM_6 | SYMBOL: CL | RAW: 0 | FILLS: 0
DEBUG: Running _parse_file_nitro on C:\Model-\TradeActivityLogs-tm_6\TradeActivityLog_2025-04-20_UTC.ES-IPS_TM_6.data with Adaptive Ghost logic...
FILE: TRADEACTIVITYLOG_2025-06-20_UTC.ES-TM_6.DATA | ACC: ES-TM_6 | SYMBOL: ESM25 | RAW: 6 | FILLS: 3
DEBUG: Running _parse_file_nitro on C:\Model-\TradeActivityLogs-tm_6\TradeActivityLog_2025-06-20_UTC.IPS_TM_6.data with Adaptive Ghost logic...
FILE: TRADEACTIVITYLOG_2025-09-18_UTC.ZB-TM_6.DATA | ACC: ZB-TM_6 | SYMBOL: Unknown | RAW: 0 | FILLS: 0
DEBUG: Running _parse_file_nitro on C:\Model-\TradeActivityLogs-tm_6\TradeActivityLog_2025-09-19_UTC.ES-IPS_TM_6.data with Adaptive Ghost logic...
FILE: TRADEACTIVITYLOG_2025-05-10_UTC.ES-IPS_TM_6.DATA | ACC: ES-IPS_TM_6 | SYMBOL: ES | RAW: 0 | FILLS: 0
DEBUG: Running _parse_file_nitro on C:\Model-\TradeActivityLogs-tm_6\TradeActivityLog_2025-05-10_UTC.ES-TM_6.data with Adaptive Ghost logic...
FILE: TRADEACTIVITYLOG_2025-08-05_UTC.TM_6.DATA | ACC: TM_6 | SYMBOL: CLV25 | RAW: 140 | FILLS: 70
DEBUG: Running _parse_file_nitro on C:\Model-\TradeActivityLogs-tm_6\TradeActivityLog_2025-08-06_UTC.ES-IPS_TM_6.data with Adaptive Ghost logic...
FILE: TRADEACTIVITYLOG_2025-04-20_UTC.ES-IPS_TM_6.DATA | ACC: ES-IPS_TM_6 | SYMBOL: ES | RAW: 0 | FILLS: 0
DEBUG: Running _parse_file_nitro on C:\Model-\TradeActivityLogs-tm_6\TradeActivityLog_2025-04-20_UTC.ES-TM_6.data with Adaptive Ghost logic...
FILE: TRADEACTIVITYLOG_2025-07-11_UTC.TM_6.DATA | ACC: TM_6 | SYMBOL: NQU25 | RAW: 158 | FILLS: 79
DEBUG: Running _parse_file_nitro on C:\Model-\TradeActivityLogs-tm_6\TradeActivityLog_2025-07-13_UTC.IPS_TM_6.data with Adaptive Ghost logic...
FILE: TRADEACTIVITYLOG_2025-08-29_UTC.IPS_TM_6.DATA | ACC: IPS_TM_6 | SYMBOL: NQU25 | RAW: 192 | FILLS: 96
DEBUG: Running _parse_file_nitro on C:\Model-\TradeActivityLogs-tm_6\TradeActivityLog_2025-08-29_UTC.TM_6.data with Adaptive Ghost logic...
FILE: TRADEACTIVITYLOG_2025-05-10_UTC.ES-TM_6.DATA | ACC: ES-TM_6 | SYMBOL: ES | RAW: 0 | FILLS: 0
DEBUG: Running _parse_file_nitro on C:\Model-\TradeActivityLogs-tm_6\TradeActivityLog_2025-05-10_UTC.IPS_TM_6.data with Adaptive Ghost logic...
FILE: TRADEACTIVITYLOG_2025-10-22_UTC.IPS_TM_6.DATA | ACC: IPS_TM_6 | SYMBOL: NQZ25 | RAW: 306 | FILLS: 153
DEBUG: Running _parse_file_nitro on C:\Model-\TradeActivityLogs-tm_6\TradeActivityLog_2025-10-22_UTC.TM_6.data with Adaptive Ghost logic...
FILE: TRADEACTIVITYLOG_2025-04-20_UTC.ES-TM_6.DATA | ACC: ES-TM_6 | SYMBOL: ES | RAW: 0 | FILLS: 0
DEBUG: Running _parse_file_nitro on C:\Model-\TradeActivityLogs-tm_6\TradeActivityLog_2025-04-20_UTC.IPS_TM_6.data with Adaptive Ghost logic...
FILE: TRADEACTIVITYLOG_2025-08-06_UTC.ES-IPS_TM_6.DATA | ACC: ES-IPS_TM_6 | SYMBOL: ESU25 | RAW: 38 | FILLS: 19
FILE: TRADEACTIVITYLOG_2025-09-19_UTC.ES-IPS_TM_6.DATA | ACC: ES-IPS_TM_6 | SYMBOL: ESZ25 | RAW: 38 | FILLS: 19
DEBUG: Running _parse_file_nitro on C:\Model-\TradeActivityLogs-tm_6\TradeActivityLog_2025-08-06_UTC.ES-TM_6.data with Adaptive Ghost logic...
FILE: TRADEACTIVITYLOG_2025-06-20_UTC.IPS_TM_6.DATA | ACC: IPS_TM_6 | SYMBOL: NQU25 | RAW: 122 | FILLS: 61
DEBUG: Running _parse_file_nitro on C:\Model-\TradeActivityLogs-tm_6\TradeActivityLog_2025-09-19_UTC.ES-TM_6.data with Adaptive Ghost logic...
DEBUG: Running _parse_file_nitro on C:\Model-\TradeActivityLogs-tm_6\TradeActivityLog_2025-06-20_UTC.TM_6.data with Adaptive Ghost logic...
FILE: TRADEACTIVITYLOG_2025-05-29_UTC.IPS_TM_6.DATA | ACC: IPS_TM_6 | SYMBOL: CLN25 | RAW: 224 | FILLS: 112
FILE: TRADEACTIVITYLOG_2025-07-13_UTC.IPS_TM_6.DATA | ACC: IPS_TM_6 | SYMBOL: NQU25 | RAW: 6 | FILLS: 3
DEBUG: Running _parse_file_nitro on C:\Model-\TradeActivityLogs-tm_6\TradeActivityLog_2025-07-13_UTC.TM_6.data with Adaptive Ghost logic...
DEBUG: Running _parse_file_nitro on C:\Model-\TradeActivityLogs-tm_6\TradeActivityLog_2025-05-29_UTC.TM_6.data with Adaptive Ghost logic...
FILE: TRADEACTIVITYLOG_2025-05-10_UTC.IPS_TM_6.DATA | ACC: IPS_TM_6 | SYMBOL: Unknown | RAW: 0 | FILLS: 0
DEBUG: Running _parse_file_nitro on C:\Model-\TradeActivityLogs-tm_6\TradeActivityLog_2025-05-10_UTC.TM_6.data with Adaptive Ghost logic...
FILE: TRADEACTIVITYLOG_2025-04-20_UTC.IPS_TM_6.DATA | ACC: IPS_TM_6 | SYMBOL: NQM25 | RAW: 6 | FILLS: 3
DEBUG: Running _parse_file_nitro on C:\Model-\TradeActivityLogs-tm_6\TradeActivityLog_2025-04-20_UTC.TM_6.data with Adaptive Ghost logic...
FILE: TRADEACTIVITYLOG_2025-08-06_UTC.ES-TM_6.DATA | ACC: ES-TM_6 | SYMBOL: ESU25 | RAW: 38 | FILLS: 19
DEBUG: Running _parse_file_nitro on C:\Model-\TradeActivityLogs-tm_6\TradeActivityLog_2025-08-06_UTC.IPS_TM_6.data with Adaptive Ghost logic...
FILE: TRADEACTIVITYLOG_2025-09-19_UTC.ES-TM_6.DATA | ACC: ES-TM_6 | SYMBOL: ESZ25 | RAW: 38 | FILLS: 19
DEBUG: Running _parse_file_nitro on C:\Model-\TradeActivityLogs-tm_6\TradeActivityLog_2025-09-19_UTC.IPS_TM_6.data with Adaptive Ghost logic...
FILE: TRADEACTIVITYLOG_2025-07-13_UTC.TM_6.DATA | ACC: TM_6 | SYMBOL: NQU25 | RAW: 6 | FILLS: 3
DEBUG: Running _parse_file_nitro on C:\Model-\TradeActivityLogs-tm_6\TradeActivityLog_2025-07-14_UTC.ES-IPS_TM_6.data with Adaptive Ghost logic...
FILE: TRADEACTIVITYLOG_2025-05-10_UTC.TM_6.DATA | ACC: TM_6 | SYMBOL: Unknown | RAW: 0 | FILLS: 0
FILE: TRADEACTIVITYLOG_2025-08-29_UTC.TM_6.DATA | ACC: TM_6 | SYMBOL: NQU25 | RAW: 188 | FILLS: 94
DEBUG: Running _parse_file_nitro on C:\Model-\TradeActivityLogs-tm_6\TradeActivityLog_2025-09-01_UTC.ES-IPS_TM_6.data with Adaptive Ghost logic...
DEBUG: Running _parse_file_nitro on C:\Model-\TradeActivityLogs-tm_6\TradeActivityLog_2025-11-07_UTC.ES-TM_6.data with Adaptive Ghost logic...
FILE: TRADEACTIVITYLOG_2025-06-20_UTC.TM_6.DATA | ACC: TM_6 | SYMBOL: NQU25 | RAW: 118 | FILLS: 59
DEBUG: Running _parse_file_nitro on C:\Model-\TradeActivityLogs-tm_6\TradeActivityLog_2025-06-20_UTC.ZB-TM_6.data with Adaptive Ghost logic...
FILE: TRADEACTIVITYLOG_2025-04-20_UTC.TM_6.DATA | ACC: TM_6 | SYMBOL: NQM25 | RAW: 6 | FILLS: 3
DEBUG: Running _parse_file_nitro on C:\Model-\TradeActivityLogs-tm_6\TradeActivityLog_2025-04-20_UTC.ZB-IPS_TM_6.data with Adaptive Ghost logic...
FILE: TRADEACTIVITYLOG_2025-05-29_UTC.TM_6.DATA | ACC: TM_6 | SYMBOL: CLN25 | RAW: 224 | FILLS: 112
FILE: TRADEACTIVITYLOG_2025-07-14_UTC.ES-IPS_TM_6.DATA | ACC: ES-IPS_TM_6 | SYMBOL: ESU25 | RAW: 34 | FILLS: 17
FILE: TRADEACTIVITYLOG_2025-10-22_UTC.TM_6.DATA | ACC: TM_6 | SYMBOL: NQZ25 | RAW: 312 | FILLS: 156
DEBUG: Running _parse_file_nitro on C:\Model-\TradeActivityLogs-tm_6\TradeActivityLog_2025-07-14_UTC.ES-TM_6.data with Adaptive Ghost logic...
DEBUG: Running _parse_file_nitro on C:\Model-\TradeActivityLogs-tm_6\TradeActivityLog_2025-05-30_UTC.ES-IPS_TM_6.data with Adaptive Ghost logic...
DEBUG: Running _parse_file_nitro on C:\Model-\TradeActivityLogs-tm_6\TradeActivityLog_2025-10-23_UTC.ES-IPS_TM_6.data with Adaptive Ghost logic...
FILE: TRADEACTIVITYLOG_2025-06-20_UTC.ZB-TM_6.DATA | ACC: ZB-TM_6 | SYMBOL: Unknown | RAW: 0 | FILLS: 0
DEBUG: Running _parse_file_nitro on C:\Model-\TradeActivityLogs-tm_6\TradeActivityLog_2025-06-21_UTC.ES-IPS_TM_6.data with Adaptive Ghost logic...
FILE: TRADEACTIVITYLOG_2025-11-07_UTC.ES-TM_6.DATA | ACC: ES-TM_6 | SYMBOL: ESZ25 | RAW: 16 | FILLS: 8
DEBUG: Running _parse_file_nitro on C:\Model-\TradeActivityLogs-tm_6\TradeActivityLog_2025-11-07_UTC.IPS_TM_6.data with Adaptive Ghost logic...
FILE: TRADEACTIVITYLOG_2025-09-01_UTC.ES-IPS_TM_6.DATA | ACC: ES-IPS_TM_6 | SYMBOL: ESU25 | RAW: 22 | FILLS: 11
DEBUG: Running _parse_file_nitro on C:\Model-\TradeActivityLogs-tm_6\TradeActivityLog_2025-09-01_UTC.ES-TM_6.data with Adaptive Ghost logic...
FILE: TRADEACTIVITYLOG_2025-04-20_UTC.ZB-IPS_TM_6.DATA | ACC: ZB-IPS_TM_6 | SYMBOL: Unknown | RAW: 0 | FILLS: 0
DEBUG: Running _parse_file_nitro on C:\Model-\TradeActivityLogs-tm_6\TradeActivityLog_2025-04-20_UTC.ZB-TM_6.data with Adaptive Ghost logic...
FILE: TRADEACTIVITYLOG_2025-09-19_UTC.IPS_TM_6.DATA | ACC: IPS_TM_6 | SYMBOL: NQZ25 | RAW: 154 | FILLS: 77
DEBUG: Running _parse_file_nitro on C:\Model-\TradeActivityLogs-tm_6\TradeActivityLog_2025-09-19_UTC.TM_6.data with Adaptive Ghost logic...
FILE: TRADEACTIVITYLOG_2025-08-06_UTC.IPS_TM_6.DATA | ACC: IPS_TM_6 | SYMBOL: NQU25 | RAW: 200 | FILLS: 100
DEBUG: Running _parse_file_nitro on C:\Model-\TradeActivityLogs-tm_6\TradeActivityLog_2025-08-06_UTC.TM_6.data with Adaptive Ghost logic...
FILE: TRADEACTIVITYLOG_2025-07-14_UTC.ES-TM_6.DATA | ACC: ES-TM_6 | SYMBOL: ESU25 | RAW: 34 | FILLS: 17
DEBUG: Running _parse_file_nitro on C:\Model-\TradeActivityLogs-tm_6\TradeActivityLog_2025-07-14_UTC.IPS_TM_6.data with Adaptive Ghost logic...
FILE: TRADEACTIVITYLOG_2025-06-21_UTC.ES-IPS_TM_6.DATA | ACC: ES-IPS_TM_6 | SYMBOL: ESM25 | RAW: 0 | FILLS: 0
DEBUG: Running _parse_file_nitro on C:\Model-\TradeActivityLogs-tm_6\TradeActivityLog_2025-06-21_UTC.ES-TM_6.data with Adaptive Ghost logic...
FILE: TRADEACTIVITYLOG_2025-05-30_UTC.ES-IPS_TM_6.DATA | ACC: ES-IPS_TM_6 | SYMBOL: ESM25 | RAW: 58 | FILLS: 29
DEBUG: Running _parse_file_nitro on C:\Model-\TradeActivityLogs-tm_6\TradeActivityLog_2025-05-30_UTC.ES-TM_6.data with Adaptive Ghost logic...
FILE: TRADEACTIVITYLOG_2025-04-20_UTC.ZB-TM_6.DATA | ACC: ZB-TM_6 | SYMBOL: Unknown | RAW: 0 | FILLS: 0
DEBUG: Running _parse_file_nitro on C:\Model-\TradeActivityLogs-tm_6\TradeActivityLog_2025-04-21_UTC.ES-IPS_TM_6.data with Adaptive Ghost logic...
FILE: TRADEACTIVITYLOG_2025-09-01_UTC.ES-TM_6.DATA | ACC: ES-TM_6 | SYMBOL: ESU25 | RAW: 22 | FILLS: 11
DEBUG: Running _parse_file_nitro on C:\Model-\TradeActivityLogs-tm_6\TradeActivityLog_2025-09-01_UTC.IPS_TM_6.data with Adaptive Ghost logic...
FILE: TRADEACTIVITYLOG_2025-11-07_UTC.IPS_TM_6.DATA | ACC: IPS_TM_6 | SYMBOL: CLZ25 | RAW: 30 | FILLS: 15
DEBUG: Running _parse_file_nitro on C:\Model-\TradeActivityLogs-tm_6\TradeActivityLog_2025-11-07_UTC.TM_6.data with Adaptive Ghost logic...
FILE: TRADEACTIVITYLOG_2025-10-23_UTC.ES-IPS_TM_6.DATA | ACC: ES-IPS_TM_6 | SYMBOL: ESZ25 | RAW: 60 | FILLS: 30
DEBUG: Running _parse_file_nitro on C:\Model-\TradeActivityLogs-tm_6\TradeActivityLog_2025-10-23_UTC.ES-TM_6.data with Adaptive Ghost logic...
FILE: TRADEACTIVITYLOG_2025-06-21_UTC.ES-TM_6.DATA | ACC: ES-TM_6 | SYMBOL: ESM25 | RAW: 0 | FILLS: 0
DEBUG: Running _parse_file_nitro on C:\Model-\TradeActivityLogs-tm_6\TradeActivityLog_2025-06-22_UTC.IPS_TM_6.data with Adaptive Ghost logic...
FILE: TRADEACTIVITYLOG_2025-09-19_UTC.TM_6.DATA | ACC: TM_6 | SYMBOL: NQZ25 | RAW: 154 | FILLS: 77
DEBUG: Running _parse_file_nitro on C:\Model-\TradeActivityLogs-tm_6\TradeActivityLog_2025-09-22_UTC.ES-IPS_TM_6.data with Adaptive Ghost logic...
FILE: TRADEACTIVITYLOG_2025-04-21_UTC.ES-IPS_TM_6.DATA | ACC: ES-IPS_TM_6 | SYMBOL: ESM25 | RAW: 42 | FILLS: 21
DEBUG: Running _parse_file_nitro on C:\Model-\TradeActivityLogs-tm_6\TradeActivityLog_2025-04-21_UTC.ES-TM_6.data with Adaptive Ghost logic...
FILE: TRADEACTIVITYLOG_2025-05-30_UTC.ES-TM_6.DATA | ACC: ES-TM_6 | SYMBOL: ESM25 | RAW: 58 | FILLS: 29
DEBUG: Running _parse_file_nitro on C:\Model-\TradeActivityLogs-tm_6\TradeActivityLog_2025-05-30_UTC.IPS_TM_6.data with Adaptive Ghost logic...
FILE: TRADEACTIVITYLOG_2025-09-01_UTC.IPS_TM_6.DATA | ACC: IPS_TM_6 | SYMBOL: NQU25 | RAW: 48 | FILLS: 24
FILE: TRADEACTIVITYLOG_2025-11-07_UTC.TM_6.DATA | ACC: TM_6 | SYMBOL: CLZ25 | RAW: 30 | FILLS: 15
DEBUG: Running _parse_file_nitro on C:\Model-\TradeActivityLogs-tm_6\TradeActivityLog_2025-11-14_UTC.ES-IPS_TM_6.data with Adaptive Ghost logic...
FILE: TRADEACTIVITYLOG_2025-06-22_UTC.IPS_TM_6.DATA | ACC: IPS_TM_6 | SYMBOL: NQU25 | RAW: 4 | FILLS: 2
DEBUG: Running _parse_file_nitro on C:\Model-\TradeActivityLogs-tm_6\TradeActivityLog_2025-09-01_UTC.TM_6.data with Adaptive Ghost logic...
DEBUG: Running _parse_file_nitro on C:\Model-\TradeActivityLogs-tm_6\TradeActivityLog_2025-06-22_UTC.TM_6.data with Adaptive Ghost logic...
FILE: TRADEACTIVITYLOG_2025-08-06_UTC.TM_6.DATA | ACC: TM_6 | SYMBOL: NQU25 | RAW: 190 | FILLS: 95
DEBUG: Running _parse_file_nitro on C:\Model-\TradeActivityLogs-tm_6\TradeActivityLog_2025-08-07_UTC.ES-IPS_TM_6.data with Adaptive Ghost logic...
FILE: TRADEACTIVITYLOG_2025-07-14_UTC.IPS_TM_6.DATA | ACC: IPS_TM_6 | SYMBOL: CLQ25 | RAW: 154 | FILLS: 77
DEBUG: Running _parse_file_nitro on C:\Model-\TradeActivityLogs-tm_6\TradeActivityLog_2025-07-14_UTC.TM_6.data with Adaptive Ghost logic...
FILE: TRADEACTIVITYLOG_2025-10-23_UTC.ES-TM_6.DATA | ACC: ES-TM_6 | SYMBOL: ESZ25 | RAW: 52 | FILLS: 26
DEBUG: Running _parse_file_nitro on C:\Model-\TradeActivityLogs-tm_6\TradeActivityLog_2025-10-23_UTC.IPS_TM_6.data with Adaptive Ghost logic...
FILE: TRADEACTIVITYLOG_2025-09-22_UTC.ES-IPS_TM_6.DATA | ACC: ES-IPS_TM_6 | SYMBOL: ESZ25 | RAW: 34 | FILLS: 17
DEBUG: Running _parse_file_nitro on C:\Model-\TradeActivityLogs-tm_6\TradeActivityLog_2025-09-22_UTC.ES-TM_6.data with Adaptive Ghost logic...
FILE: TRADEACTIVITYLOG_2025-11-14_UTC.ES-IPS_TM_6.DATA | ACC: ES-IPS_TM_6 | SYMBOL: ES | RAW: 0 | FILLS: 0
DEBUG: Running _parse_file_nitro on C:\Model-\TradeActivityLogs-tm_6\TradeActivityLog_2025-11-14_UTC.ES-TM_6.data with Adaptive Ghost logic...
FILE: TRADEACTIVITYLOG_2025-04-21_UTC.ES-TM_6.DATA | ACC: ES-TM_6 | SYMBOL: ESM25 | RAW: 42 | FILLS: 21
DEBUG: Running _parse_file_nitro on C:\Model-\TradeActivityLogs-tm_6\TradeActivityLog_2025-04-21_UTC.IPS_TM_6.data with Adaptive Ghost logic...
FILE: TRADEACTIVITYLOG_2025-06-22_UTC.TM_6.DATA | ACC: TM_6 | SYMBOL: NQU25 | RAW: 4 | FILLS: 2
DEBUG: Running _parse_file_nitro on C:\Model-\TradeActivityLogs-tm_6\TradeActivityLog_2025-06-23_UTC.ES-IPS_TM_6.data with Adaptive Ghost logic...
FILE: TRADEACTIVITYLOG_2025-09-01_UTC.TM_6.DATA | ACC: TM_6 | SYMBOL: NQU25 | RAW: 52 | FILLS: 26
DEBUG: Running _parse_file_nitro on C:\Model-\TradeActivityLogs-tm_6\TradeActivityLog_2025-09-01_UTC.ZB-TM_6.data with Adaptive Ghost logic...
FILE: TRADEACTIVITYLOG_2025-08-07_UTC.ES-IPS_TM_6.DATA | ACC: ES-IPS_TM_6 | SYMBOL: ESU25 | RAW: 78 | FILLS: 39
FILE: TRADEACTIVITYLOG_2025-11-14_UTC.ES-TM_6.DATA | ACC: ES-TM_6 | SYMBOL: ES | RAW: 0 | FILLS: 0
DEBUG: Running _parse_file_nitro on C:\Model-\TradeActivityLogs-tm_6\TradeActivityLog_2025-11-14_UTC.IPS_TM_6.data with Adaptive Ghost logic...
DEBUG: Running _parse_file_nitro on C:\Model-\TradeActivityLogs-tm_6\TradeActivityLog_2025-08-07_UTC.ES-TM_6.data with Adaptive Ghost logic...
FILE: TRADEACTIVITYLOG_2025-09-22_UTC.ES-TM_6.DATA | ACC: ES-TM_6 | SYMBOL: ESZ25 | RAW: 38 | FILLS: 19
DEBUG: Running _parse_file_nitro on C:\Model-\TradeActivityLogs-tm_6\TradeActivityLog_2025-09-22_UTC.IPS_TM_6.data with Adaptive Ghost logic...
FILE: TRADEACTIVITYLOG_2025-09-01_UTC.ZB-TM_6.DATA | ACC: ZB-TM_6 | SYMBOL: Unknown | RAW: 0 | FILLS: 0
FILE: TRADEACTIVITYLOG_2025-06-23_UTC.ES-IPS_TM_6.DATA | ACC: ES-IPS_TM_6 | SYMBOL: ESU25 | RAW: 40 | FILLS: 20
DEBUG: Running _parse_file_nitro on C:\Model-\TradeActivityLogs-tm_6\TradeActivityLog_2025-09-02_UTC.ES-IPS_TM_6.data with Adaptive Ghost logic...
FILE: TRADEACTIVITYLOG_2025-07-14_UTC.TM_6.DATA | ACC: TM_6 | SYMBOL: CLQ25 | RAW: 150 | FILLS: 75
DEBUG: Running _parse_file_nitro on C:\Model-\TradeActivityLogs-tm_6\TradeActivityLog_2025-06-23_UTC.ES-TM_6.data with Adaptive Ghost logic...
DEBUG: Running _parse_file_nitro on C:\Model-\TradeActivityLogs-tm_6\TradeActivityLog_2025-07-15_UTC.ES-IPS_TM_6.data with Adaptive Ghost logic...
FILE: TRADEACTIVITYLOG_2025-05-30_UTC.IPS_TM_6.DATA | ACC: IPS_TM_6 | SYMBOL: NQM25 | RAW: 272 | FILLS: 136
DEBUG: Running _parse_file_nitro on C:\Model-\TradeActivityLogs-tm_6\TradeActivityLog_2025-05-30_UTC.TM_6.data with Adaptive Ghost logic...
FILE: TRADEACTIVITYLOG_2025-11-14_UTC.IPS_TM_6.DATA | ACC: IPS_TM_6 | SYMBOL: CLZ25 | RAW: 2 | FILLS: 1
DEBUG: Running _parse_file_nitro on C:\Model-\TradeActivityLogs-tm_6\TradeActivityLog_2025-11-14_UTC.TM_6.data with Adaptive Ghost logic...
FILE: TRADEACTIVITYLOG_2025-10-23_UTC.IPS_TM_6.DATA | ACC: IPS_TM_6 | SYMBOL: CLZ25 | RAW: 289 | FILLS: 145
DEBUG: Running _parse_file_nitro on C:\Model-\TradeActivityLogs-tm_6\TradeActivityLog_2025-10-23_UTC.TM_6.data with Adaptive Ghost logic...
FILE: TRADEACTIVITYLOG_2025-08-07_UTC.ES-TM_6.DATA | ACC: ES-TM_6 | SYMBOL: ESU25 | RAW: 82 | FILLS: 41
FILE: TRADEACTIVITYLOG_2025-04-21_UTC.IPS_TM_6.DATA | ACC: IPS_TM_6 | SYMBOL: CLM25 | RAW: 180 | FILLS: 90
DEBUG: Running _parse_file_nitro on C:\Model-\TradeActivityLogs-tm_6\TradeActivityLog_2025-08-07_UTC.IPS_TM_6.data with Adaptive Ghost logic...
DEBUG: Running _parse_file_nitro on C:\Model-\TradeActivityLogs-tm_6\TradeActivityLog_2025-04-21_UTC.TM_6.data with Adaptive Ghost logic...
FILE: TRADEACTIVITYLOG_2025-07-15_UTC.ES-IPS_TM_6.DATA | ACC: ES-IPS_TM_6 | SYMBOL: ESU25 | RAW: 38 | FILLS: 19
DEBUG: Running _parse_file_nitro on C:\Model-\TradeActivityLogs-tm_6\TradeActivityLog_2025-07-15_UTC.ES-TM_6.data with Adaptive Ghost logic...
FILE: TRADEACTIVITYLOG_2025-09-22_UTC.IPS_TM_6.DATA | ACC: IPS_TM_6 | SYMBOL: NQZ25 | RAW: 128 | FILLS: 64
DEBUG: Running _parse_file_nitro on C:\Model-\TradeActivityLogs-tm_6\TradeActivityLog_2025-09-22_UTC.TM_6.data with Adaptive Ghost logic...
FILE: TRADEACTIVITYLOG_2025-06-23_UTC.ES-TM_6.DATA | ACC: ES-TM_6 | SYMBOL: ESU25 | RAW: 40 | FILLS: 20
FILE: TRADEACTIVITYLOG_2025-11-14_UTC.TM_6.DATA | ACC: TM_6 | SYMBOL: CLZ25 | RAW: 2 | FILLS: 1
DEBUG: Running _parse_file_nitro on C:\Model-\TradeActivityLogs-tm_6\TradeActivityLog_2025-11-16_UTC.ES-IPS_TM_6.data with Adaptive Ghost logic...
FILE: TRADEACTIVITYLOG_2025-09-02_UTC.ES-IPS_TM_6.DATA | ACC: ES-IPS_TM_6 | SYMBOL: ESU25 | RAW: 92 | FILLS: 46
DEBUG: Running _parse_file_nitro on C:\Model-\TradeActivityLogs-tm_6\TradeActivityLog_2025-09-02_UTC.ES-TM_6.data with Adaptive Ghost logic...
DEBUG: Running _parse_file_nitro on C:\Model-\TradeActivityLogs-tm_6\TradeActivityLog_2025-12-08_UTC.ES-IPS_TM_6.data with Adaptive Ghost logic...
FILE: TRADEACTIVITYLOG_2025-07-15_UTC.ES-TM_6.DATA | ACC: ES-TM_6 | SYMBOL: ESU25 | RAW: 38 | FILLS: 19
DEBUG: Running _parse_file_nitro on C:\Model-\TradeActivityLogs-tm_6\TradeActivityLog_2025-07-15_UTC.IPS_TM_6.data with Adaptive Ghost logic...
FILE: TRADEACTIVITYLOG_2025-11-16_UTC.ES-IPS_TM_6.DATA | ACC: ES-IPS_TM_6 | SYMBOL: ES | RAW: 0 | FILLS: 0
DEBUG: Running _parse_file_nitro on C:\Model-\TradeActivityLogs-tm_6\TradeActivityLog_2025-11-16_UTC.ES-TM_6.data with Adaptive Ghost logic...
FILE: TRADEACTIVITYLOG_2025-12-08_UTC.ES-IPS_TM_6.DATA | ACC: ES-IPS_TM_6 | SYMBOL: ESZ25 | RAW: 50 | FILLS: 25
FILE: TRADEACTIVITYLOG_2025-05-30_UTC.TM_6.DATA | ACC: TM_6 | SYMBOL: NQM25 | RAW: 274 | FILLS: 137
DEBUG: Running _parse_file_nitro on C:\Model-\TradeActivityLogs-tm_6\TradeActivityLog_2025-12-08_UTC.ES-TM_6.data with Adaptive Ghost logic...
FILE: TRADEACTIVITYLOG_2025-08-07_UTC.IPS_TM_6.DATA | ACC: IPS_TM_6 | SYMBOL: CLV25 | RAW: 160 | FILLS: 80
DEBUG: Running _parse_file_nitro on C:\Model-\TradeActivityLogs-tm_6\TradeActivityLog_2025-08-07_UTC.TM_6.data with Adaptive Ghost logic...
FILE: TRADEACTIVITYLOG_2025-09-02_UTC.ES-TM_6.DATA | ACC: ES-TM_6 | SYMBOL: ESU25 | RAW: 92 | FILLS: 46
DEBUG: Running _parse_file_nitro on C:\Model-\TradeActivityLogs-tm_6\TradeActivityLog_2026-01-01_UTC.ES-TM_6.data with Adaptive Ghost logic...
DEBUG: Running _parse_file_nitro on C:\Model-\TradeActivityLogs-tm_6\TradeActivityLog_2025-09-02_UTC.IPS_TM_6.data with Adaptive Ghost logic...
DEBUG: Running _parse_file_nitro on C:\Model-\TradeActivityLogs-tm_6\TradeActivityLog_2025-04-22_UTC.ES-IPS_TM_6.data with Adaptive Ghost logic...
FILE: TRADEACTIVITYLOG_2025-11-16_UTC.ES-TM_6.DATA | ACC: ES-TM_6 | SYMBOL: ES | RAW: 0 | FILLS: 0
FILE: TRADEACTIVITYLOG_2025-09-22_UTC.TM_6.DATA | ACC: TM_6 | SYMBOL: NQZ25 | RAW: 126 | FILLS: 63
DEBUG: Running _parse_file_nitro on C:\Model-\TradeActivityLogs-tm_6\TradeActivityLog_2025-11-16_UTC.IPS_TM_6.data with Adaptive Ghost logic...
DEBUG: Running _parse_file_nitro on C:\Model-\TradeActivityLogs-tm_6\TradeActivityLog_2025-09-23_UTC.ES-IPS_TM_6.data with Adaptive Ghost logic...
FILE: TRADEACTIVITYLOG_2025-10-23_UTC.TM_6.DATA | ACC: TM_6 | SYMBOL: CLZ25 | RAW: 281 | FILLS: 141
DEBUG: Running _parse_file_nitro on C:\Model-\TradeActivityLogs-tm_6\TradeActivityLog_2025-10-24_UTC.ES-IPS_TM_6.data with Adaptive Ghost logic...
FILE: TRADEACTIVITYLOG_2025-07-15_UTC.IPS_TM_6.DATA | ACC: IPS_TM_6 | SYMBOL: NQU25 | RAW: 168 | FILLS: 84
DEBUG: Running _parse_file_nitro on C:\Model-\TradeActivityLogs-tm_6\TradeActivityLog_2025-07-15_UTC.TM_6.data with Adaptive Ghost logic...
FILE: TRADEACTIVITYLOG_2025-12-08_UTC.ES-TM_6.DATA | ACC: ES-TM_6 | SYMBOL: ESZ25 | RAW: 48 | FILLS: 24
DEBUG: Running _parse_file_nitro on C:\Model-\TradeActivityLogs-tm_6\TradeActivityLog_2025-12-08_UTC.IPS_TM_6.data with Adaptive Ghost logic...
FILE: TRADEACTIVITYLOG_2026-01-01_UTC.ES-TM_6.DATA | ACC: ES-TM_6 | SYMBOL: ESH26 | RAW: 0 | FILLS: 0
DEBUG: Running _parse_file_nitro on C:\Model-\TradeActivityLogs-tm_6\TradeActivityLog_2026-01-01_UTC.IPS_TM_6.data with Adaptive Ghost logic...
FILE: TRADEACTIVITYLOG_2025-11-16_UTC.IPS_TM_6.DATA | ACC: IPS_TM_6 | SYMBOL: NQZ25 | RAW: 6 | FILLS: 3
DEBUG: Running _parse_file_nitro on C:\Model-\TradeActivityLogs-tm_6\TradeActivityLog_2025-11-16_UTC.TM_6.data with Adaptive Ghost logic...
FILE: TRADEACTIVITYLOG_2025-10-24_UTC.ES-IPS_TM_6.DATA | ACC: ES-IPS_TM_6 | SYMBOL: ESZ25 | RAW: 30 | FILLS: 15
DEBUG: Running _parse_file_nitro on C:\Model-\TradeActivityLogs-tm_6\TradeActivityLog_2025-10-24_UTC.ES-TM_6.data with Adaptive Ghost logic...
FILE: TRADEACTIVITYLOG_2025-04-22_UTC.ES-IPS_TM_6.DATA | ACC: ES-IPS_TM_6 | SYMBOL: ESM25 | RAW: 74 | FILLS: 37
DEBUG: Running _parse_file_nitro on C:\Model-\TradeActivityLogs-tm_6\TradeActivityLog_2025-04-22_UTC.ES-TM_6.data with Adaptive Ghost logic...
FILE: TRADEACTIVITYLOG_2025-09-23_UTC.ES-IPS_TM_6.DATA | ACC: ES-IPS_TM_6 | SYMBOL: ESZ25 | RAW: 82 | FILLS: 41
DEBUG: Running _parse_file_nitro on C:\Model-\TradeActivityLogs-tm_6\TradeActivityLog_2025-09-23_UTC.ES-TM_6.data with Adaptive Ghost logic...
FILE: TRADEACTIVITYLOG_2025-08-07_UTC.TM_6.DATA | ACC: TM_6 | SYMBOL: CLV25 | RAW: 170 | FILLS: 85
DEBUG: Running _parse_file_nitro on C:\Model-\TradeActivityLogs-tm_6\TradeActivityLog_2025-08-08_UTC.ES-IPS_TM_6.data with Adaptive Ghost logic...
FILE: TRADEACTIVITYLOG_2025-11-16_UTC.TM_6.DATA | ACC: TM_6 | SYMBOL: NQZ25 | RAW: 6 | FILLS: 3
DEBUG: Running _parse_file_nitro on C:\Model-\TradeActivityLogs-tm_6\TradeActivityLog_2025-11-17_UTC.ES-IPS_TM_6.data with Adaptive Ghost logic...
FILE: TRADEACTIVITYLOG_2026-01-01_UTC.IPS_TM_6.DATA | ACC: IPS_TM_6 | SYMBOL: NQH26 | RAW: 2 | FILLS: 1
DEBUG: Running _parse_file_nitro on C:\Model-\TradeActivityLogs-tm_6\TradeActivityLog_2026-01-01_UTC.TM_6.data with Adaptive Ghost logic...
FILE: TRADEACTIVITYLOG_2025-09-02_UTC.IPS_TM_6.DATA | ACC: IPS_TM_6 | SYMBOL: NQU25 | RAW: 234 | FILLS: 117
DEBUG: Running _parse_file_nitro on C:\Model-\TradeActivityLogs-tm_6\TradeActivityLog_2025-09-02_UTC.TM_6.data with Adaptive Ghost logic...
FILE: TRADEACTIVITYLOG_2025-10-24_UTC.ES-TM_6.DATA | ACC: ES-TM_6 | SYMBOL: ESZ25 | RAW: 30 | FILLS: 15
DEBUG: Running _parse_file_nitro on C:\Model-\TradeActivityLogs-tm_6\TradeActivityLog_2025-10-24_UTC.IPS_TM_6.data with Adaptive Ghost logic...
FILE: TRADEACTIVITYLOG_2025-07-15_UTC.TM_6.DATA | ACC: TM_6 | SYMBOL: NQU25 | RAW: 168 | FILLS: 84
DEBUG: Running _parse_file_nitro on C:\Model-\TradeActivityLogs-tm_6\TradeActivityLog_2025-07-16_UTC.ES-IPS_TM_6.data with Adaptive Ghost logic...
FILE: TRADEACTIVITYLOG_2025-04-22_UTC.ES-TM_6.DATA | ACC: ES-TM_6 | SYMBOL: ESM25 | RAW: 80 | FILLS: 40
DEBUG: Running _parse_file_nitro on C:\Model-\TradeActivityLogs-tm_6\TradeActivityLog_2025-04-22_UTC.IPS_TM_6.data with Adaptive Ghost logic...
FILE: TRADEACTIVITYLOG_2025-09-23_UTC.ES-TM_6.DATA | ACC: ES-TM_6 | SYMBOL: ESZ25 | RAW: 82 | FILLS: 41
DEBUG: Running _parse_file_nitro on C:\Model-\TradeActivityLogs-tm_6\TradeActivityLog_2025-09-23_UTC.IPS_TM_6.data with Adaptive Ghost logic...
FILE: TRADEACTIVITYLOG_2025-12-08_UTC.IPS_TM_6.DATA | ACC: IPS_TM_6 | SYMBOL: NQZ25 | RAW: 188 | FILLS: 94
DEBUG: Running _parse_file_nitro on C:\Model-\TradeActivityLogs-tm_6\TradeActivityLog_2025-12-08_UTC.TM_6.data with Adaptive Ghost logic...
FILE: TRADEACTIVITYLOG_2025-08-08_UTC.ES-IPS_TM_6.DATA | ACC: ES-IPS_TM_6 | SYMBOL: ESU25 | RAW: 48 | FILLS: 24
DEBUG: Running _parse_file_nitro on C:\Model-\TradeActivityLogs-tm_6\TradeActivityLog_2025-08-08_UTC.ES-TM_6.data with Adaptive Ghost logic...
FILE: TRADEACTIVITYLOG_2025-11-17_UTC.ES-IPS_TM_6.DATA | ACC: ES-IPS_TM_6 | SYMBOL: ESZ25 | RAW: 82 | FILLS: 41
DEBUG: Running _parse_file_nitro on C:\Model-\TradeActivityLogs-tm_6\TradeActivityLog_2025-11-17_UTC.ES-TM_6.data with Adaptive Ghost logic...
FILE: TRADEACTIVITYLOG_2026-01-01_UTC.TM_6.DATA | ACC: TM_6 | SYMBOL: NQH26 | RAW: 2 | FILLS: 1
DEBUG: Running _parse_file_nitro on C:\Model-\TradeActivityLogs-tm_6\TradeActivityLog_2026-01-02_UTC.ES-IPS_TM_6.data with Adaptive Ghost logic...
FILE: TRADEACTIVITYLOG_2025-10-24_UTC.IPS_TM_6.DATA | ACC: IPS_TM_6 | SYMBOL: NQZ25 | RAW: 128 | FILLS: 64
DEBUG: Running _parse_file_nitro on C:\Model-\TradeActivityLogs-tm_6\TradeActivityLog_2025-10-24_UTC.TM_6.data with Adaptive Ghost logic...
FILE: TRADEACTIVITYLOG_2025-07-16_UTC.ES-IPS_TM_6.DATA | ACC: ES-IPS_TM_6 | SYMBOL: ESU25 | RAW: 78 | FILLS: 39
DEBUG: Running _parse_file_nitro on C:\Model-\TradeActivityLogs-tm_6\TradeActivityLog_2025-07-16_UTC.ES-TM_6.data with Adaptive Ghost logic...
FILE: TRADEACTIVITYLOG_2025-08-08_UTC.ES-TM_6.DATA | ACC: ES-TM_6 | SYMBOL: ESU25 | RAW: 48 | FILLS: 24
DEBUG: Running _parse_file_nitro on C:\Model-\TradeActivityLogs-tm_6\TradeActivityLog_2025-08-08_UTC.IPS_TM_6.data with Adaptive Ghost logic...
FILE: TRADEACTIVITYLOG_2025-09-02_UTC.TM_6.DATA | ACC: TM_6 | SYMBOL: NQU25 | RAW: 234 | FILLS: 117
DEBUG: Running _parse_file_nitro on C:\Model-\TradeActivityLogs-tm_6\TradeActivityLog_2025-09-03_UTC.ES-IPS_TM_6.data with Adaptive Ghost logic...
FILE: TRADEACTIVITYLOG_2025-09-23_UTC.IPS_TM_6.DATA | ACC: IPS_TM_6 | SYMBOL: NQZ25 | RAW: 152 | FILLS: 76
DEBUG: Running _parse_file_nitro on C:\Model-\TradeActivityLogs-tm_6\TradeActivityLog_2025-09-23_UTC.TM_6.data with Adaptive Ghost logic...
FILE: TRADEACTIVITYLOG_2025-11-17_UTC.ES-TM_6.DATA | ACC: ES-TM_6 | SYMBOL: ESZ25 | RAW: 86 | FILLS: 43
DEBUG: Running _parse_file_nitro on C:\Model-\TradeActivityLogs-tm_6\TradeActivityLog_2025-11-17_UTC.IPS_TM_6.data with Adaptive Ghost logic...
FILE: TRADEACTIVITYLOG_2025-04-22_UTC.IPS_TM_6.DATA | ACC: IPS_TM_6 | SYMBOL: CLM25 | RAW: 218 | FILLS: 109
DEBUG: Running _parse_file_nitro on C:\Model-\TradeActivityLogs-tm_6\TradeActivityLog_2025-04-22_UTC.TM_6.data with Adaptive Ghost logic...
FILE: TRADEACTIVITYLOG_2025-07-16_UTC.ES-TM_6.DATA | ACC: ES-TM_6 | SYMBOL: ESU25 | RAW: 78 | FILLS: 39
DEBUG: Running _parse_file_nitro on C:\Model-\TradeActivityLogs-tm_6\TradeActivityLog_2025-07-16_UTC.IPS_TM_6.data with Adaptive Ghost logic...
FILE: TRADEACTIVITYLOG_2025-09-03_UTC.ES-IPS_TM_6.DATA | ACC: ES-IPS_TM_6 | SYMBOL: ESU25 | RAW: 68 | FILLS: 34
DEBUG: Running _parse_file_nitro on C:\Model-\TradeActivityLogs-tm_6\TradeActivityLog_2025-09-03_UTC.ES-TM_6.data with Adaptive Ghost logic...
FILE: TRADEACTIVITYLOG_2025-10-24_UTC.TM_6.DATA | ACC: TM_6 | SYMBOL: NQZ25 | RAW: 126 | FILLS: 63
DEBUG: Running _parse_file_nitro on C:\Model-\TradeActivityLogs-tm_6\TradeActivityLog_2025-10-26_UTC.ES-IPS_TM_6.data with Adaptive Ghost logic...
FILE: TRADEACTIVITYLOG_2025-08-08_UTC.IPS_TM_6.DATA | ACC: IPS_TM_6 | SYMBOL: NQU25 | RAW: 106 | FILLS: 53
DEBUG: Running _parse_file_nitro on C:\Model-\TradeActivityLogs-tm_6\TradeActivityLog_2025-08-08_UTC.TM_6.data with Adaptive Ghost logic...
FILE: TRADEACTIVITYLOG_2026-01-02_UTC.ES-IPS_TM_6.DATA | ACC: ES-IPS_TM_6 | SYMBOL: ESH26 | RAW: 236 | FILLS: 33
DEBUG: Running _parse_file_nitro on C:\Model-\TradeActivityLogs-tm_6\TradeActivityLog_2026-01-02_UTC.ES-TM_6.data with Adaptive Ghost logic...
FILE: TRADEACTIVITYLOG_2025-10-26_UTC.ES-IPS_TM_6.DATA | ACC: ES-IPS_TM_6 | SYMBOL: ES | RAW: 0 | FILLS: 0
FILE: TRADEACTIVITYLOG_2025-09-23_UTC.TM_6.DATA | ACC: TM_6 | SYMBOL: NQZ25 | RAW: 156 | FILLS: 78
DEBUG: Running _parse_file_nitro on C:\Model-\TradeActivityLogs-tm_6\TradeActivityLog_2025-10-26_UTC.ES-TM_6.data with Adaptive Ghost logic...
DEBUG: Running _parse_file_nitro on C:\Model-\TradeActivityLogs-tm_6\TradeActivityLog_2025-09-24_UTC.ES-IPS_TM_6.data with Adaptive Ghost logic...
FILE: TRADEACTIVITYLOG_2025-12-08_UTC.TM_6.DATA | ACC: TM_6 | SYMBOL: NQZ25 | RAW: 56 | FILLS: 28
FILE: TRADEACTIVITYLOG_2025-09-03_UTC.ES-TM_6.DATA | ACC: ES-TM_6 | SYMBOL: ESU25 | RAW: 68 | FILLS: 34
DEBUG: Running _parse_file_nitro on C:\Model-\TradeActivityLogs-tm_6\TradeActivityLog_2025-12-09_UTC.ES-IPS_TM_6.data with Adaptive Ghost logic...
DEBUG: Running _parse_file_nitro on C:\Model-\TradeActivityLogs-tm_6\TradeActivityLog_2025-09-03_UTC.IPS_TM_6.data with Adaptive Ghost logic...
FILE: TRADEACTIVITYLOG_2025-07-16_UTC.IPS_TM_6.DATA | ACC: IPS_TM_6 | SYMBOL: NQU25 | RAW: 158 | FILLS: 79
DEBUG: Running _parse_file_nitro on C:\Model-\TradeActivityLogs-tm_6\TradeActivityLog_2025-07-16_UTC.TM_6.data with Adaptive Ghost logic...
FILE: TRADEACTIVITYLOG_2025-04-22_UTC.TM_6.DATA | ACC: TM_6 | SYMBOL: CLM25 | RAW: 222 | FILLS: 111
DEBUG: Running _parse_file_nitro on C:\Model-\TradeActivityLogs-tm_6\TradeActivityLog_2025-04-23_UTC.CL-IPS_TM_6.data with Adaptive Ghost logic...
FILE: TRADEACTIVITYLOG_2025-11-17_UTC.IPS_TM_6.DATA | ACC: IPS_TM_6 | SYMBOL: CLZ25 | RAW: 278 | FILLS: 139
FILE: TRADEACTIVITYLOG_2025-10-26_UTC.ES-TM_6.DATA | ACC: ES-TM_6 | SYMBOL: ES | RAW: 0 | FILLS: 0
FILE: TRADEACTIVITYLOG_2025-08-08_UTC.TM_6.DATA | ACC: TM_6 | SYMBOL: NQU25 | RAW: 108 | FILLS: 54
DEBUG: Running _parse_file_nitro on C:\Model-\TradeActivityLogs-tm_6\TradeActivityLog_2025-11-17_UTC.TM_6.data with Adaptive Ghost logic...
DEBUG: Running _parse_file_nitro on C:\Model-\TradeActivityLogs-tm_6\TradeActivityLog_2025-10-26_UTC.IPS_TM_6.data with Adaptive Ghost logic...
DEBUG: Running _parse_file_nitro on C:\Model-\TradeActivityLogs-tm_6\TradeActivityLog_2025-08-10_UTC.IPS_TM_6.data with Adaptive Ghost logic...
FILE: TRADEACTIVITYLOG_2025-09-24_UTC.ES-IPS_TM_6.DATA | ACC: ES-IPS_TM_6 | SYMBOL: ESZ25 | RAW: 38 | FILLS: 19
DEBUG: Running _parse_file_nitro on C:\Model-\TradeActivityLogs-tm_6\TradeActivityLog_2025-09-24_UTC.ES-TM_6.data with Adaptive Ghost logic...
FILE: TRADEACTIVITYLOG_2025-12-09_UTC.ES-IPS_TM_6.DATA | ACC: ES-IPS_TM_6 | SYMBOL: ESZ25 | RAW: 29 | FILLS: 15
DEBUG: Running _parse_file_nitro on C:\Model-\TradeActivityLogs-tm_6\TradeActivityLog_2025-12-09_UTC.ES-TM_6.data with Adaptive Ghost logic...
FILE: TRADEACTIVITYLOG_2025-04-23_UTC.CL-IPS_TM_6.DATA | ACC: CL-IPS_TM_6 | SYMBOL: CL | RAW: 0 | FILLS: 0
FILE: TRADEACTIVITYLOG_2026-01-02_UTC.ES-TM_6.DATA | ACC: ES-TM_6 | SYMBOL: ESH26 | RAW: 82 | FILLS: 29
DEBUG: Running _parse_file_nitro on C:\Model-\TradeActivityLogs-tm_6\TradeActivityLog_2026-01-02_UTC.IPS_TM_6.data with Adaptive Ghost logic...
FILE: TRADEACTIVITYLOG_2025-08-10_UTC.IPS_TM_6.DATA | ACC: IPS_TM_6 | SYMBOL: NQU25 | RAW: 4 | FILLS: 2
DEBUG: Running _parse_file_nitro on C:\Model-\TradeActivityLogs-tm_6\TradeActivityLog_2025-08-10_UTC.TM_6.data with Adaptive Ghost logic...
FILE: TRADEACTIVITYLOG_2025-10-26_UTC.IPS_TM_6.DATA | ACC: IPS_TM_6 | SYMBOL: CLZ25 | RAW: 8 | FILLS: 4
DEBUG: Running _parse_file_nitro on C:\Model-\TradeActivityLogs-tm_6\TradeActivityLog_2025-10-26_UTC.TM_6.data with Adaptive Ghost logic...
DEBUG: Running _parse_file_nitro on C:\Model-\TradeActivityLogs-tm_6\TradeActivityLog_2026-01-25_UTC.ES-IPS_TM_6.data with Adaptive Ghost logic...
FILE: TRADEACTIVITYLOG_2025-09-24_UTC.ES-TM_6.DATA | ACC: ES-TM_6 | SYMBOL: ESZ25 | RAW: 38 | FILLS: 19
DEBUG: Running _parse_file_nitro on C:\Model-\TradeActivityLogs-tm_6\TradeActivityLog_2025-09-24_UTC.IPS_TM_6.data with Adaptive Ghost logic...
FILE: TRADEACTIVITYLOG_2025-09-03_UTC.IPS_TM_6.DATA | ACC: IPS_TM_6 | SYMBOL: NQU25 | RAW: 162 | FILLS: 81
DEBUG: Running _parse_file_nitro on C:\Model-\TradeActivityLogs-tm_6\TradeActivityLog_2025-09-03_UTC.TM_6.data with Adaptive Ghost logic...
FILE: TRADEACTIVITYLOG_2025-07-16_UTC.TM_6.DATA | ACC: TM_6 | SYMBOL: NQU25 | RAW: 160 | FILLS: 80
DEBUG: Running _parse_file_nitro on C:\Model-\TradeActivityLogs-tm_6\TradeActivityLog_2025-07-17_UTC.ES-IPS_TM_6.data with Adaptive Ghost logic...
FILE: TRADEACTIVITYLOG_2025-08-10_UTC.TM_6.DATA | ACC: TM_6 | SYMBOL: NQU25 | RAW: 4 | FILLS: 2
DEBUG: Running _parse_file_nitro on C:\Model-\TradeActivityLogs-tm_6\TradeActivityLog_2025-08-11_UTC.ES-IPS_TM_6.data with Adaptive Ghost logic...
FILE: TRADEACTIVITYLOG_2025-12-09_UTC.ES-TM_6.DATA | ACC: ES-TM_6 | SYMBOL: ESZ25 | RAW: 29 | FILLS: 15
DEBUG: Running _parse_file_nitro on C:\Model-\TradeActivityLogs-tm_6\TradeActivityLog_2025-12-09_UTC.IPS_TM_6.data with Adaptive Ghost logic...
FILE: TRADEACTIVITYLOG_2025-10-26_UTC.TM_6.DATA | ACC: TM_6 | SYMBOL: CLZ25 | RAW: 8 | FILLS: 4
DEBUG: Running _parse_file_nitro on C:\Model-\TradeActivityLogs-tm_6\TradeActivityLog_2025-10-27_UTC.ES-IPS_TM_6.data with Adaptive Ghost logic...
FILE: TRADEACTIVITYLOG_2026-01-25_UTC.ES-IPS_TM_6.DATA | ACC: ES-IPS_TM_6 | SYMBOL: ESH26 | RAW: 8 | FILLS: 4
DEBUG: Running _parse_file_nitro on C:\Model-\TradeActivityLogs-tm_6\TradeActivityLog_2026-01-25_UTC.ES-TM_6.data with Adaptive Ghost logic...
FILE: TRADEACTIVITYLOG_2025-11-17_UTC.TM_6.DATA | ACC: TM_6 | SYMBOL: CLZ25 | RAW: 274 | FILLS: 137
DEBUG: Running _parse_file_nitro on C:\Model-\TradeActivityLogs-tm_6\TradeActivityLog_2025-11-18_UTC.ES-IPS_TM_6.data with Adaptive Ghost logic...
FILE: TRADEACTIVITYLOG_2025-07-17_UTC.ES-IPS_TM_6.DATA | ACC: ES-IPS_TM_6 | SYMBOL: ESU25 | RAW: 42 | FILLS: 21
DEBUG: Running _parse_file_nitro on C:\Model-\TradeActivityLogs-tm_6\TradeActivityLog_2025-07-17_UTC.ES-TM_6.data with Adaptive Ghost logic...
FILE: TRADEACTIVITYLOG_2026-01-02_UTC.IPS_TM_6.DATA | ACC: IPS_TM_6 | SYMBOL: NQH26 | RAW: 160 | FILLS: 80
DEBUG: Running _parse_file_nitro on C:\Model-\TradeActivityLogs-tm_6\TradeActivityLog_2026-01-02_UTC.TM_6.data with Adaptive Ghost logic...
FILE: TRADEACTIVITYLOG_2025-10-27_UTC.ES-IPS_TM_6.DATA | ACC: ES-IPS_TM_6 | SYMBOL: ESZ25 | RAW: 50 | FILLS: 25
FILE: TRADEACTIVITYLOG_2026-01-25_UTC.ES-TM_6.DATA | ACC: ES-TM_6 | SYMBOL: ESH26 | RAW: 8 | FILLS: 4
DEBUG: Running _parse_file_nitro on C:\Model-\TradeActivityLogs-tm_6\TradeActivityLog_2025-10-27_UTC.ES-TM_6.data with Adaptive Ghost logic...
DEBUG: Running _parse_file_nitro on C:\Model-\TradeActivityLogs-tm_6\TradeActivityLog_2026-01-25_UTC.IPS_TM_6.data with Adaptive Ghost logic...
FILE: TRADEACTIVITYLOG_2025-08-11_UTC.ES-IPS_TM_6.DATA | ACC: ES-IPS_TM_6 | SYMBOL: ESU25 | RAW: 50 | FILLS: 25
DEBUG: Running _parse_file_nitro on C:\Model-\TradeActivityLogs-tm_6\TradeActivityLog_2025-08-11_UTC.ES-TM_6.data with Adaptive Ghost logic...
FILE: TRADEACTIVITYLOG_2025-12-09_UTC.IPS_TM_6.DATA | ACC: IPS_TM_6 | SYMBOL: NQZ25 | RAW: 118 | FILLS: 60
DEBUG: Running _parse_file_nitro on C:\Model-\TradeActivityLogs-tm_6\TradeActivityLog_2025-12-09_UTC.TM_6.data with Adaptive Ghost logic...
FILE: TRADEACTIVITYLOG_2025-07-17_UTC.ES-TM_6.DATA | ACC: ES-TM_6 | SYMBOL: ESU25 | RAW: 46 | FILLS: 23
DEBUG: Running _parse_file_nitro on C:\Model-\TradeActivityLogs-tm_6\TradeActivityLog_2025-07-17_UTC.IPS_TM_6.data with Adaptive Ghost logic...
FILE: TRADEACTIVITYLOG_2025-11-18_UTC.ES-IPS_TM_6.DATA | ACC: ES-IPS_TM_6 | SYMBOL: ESZ25 | RAW: 110 | FILLS: 55
DEBUG: Running _parse_file_nitro on C:\Model-\TradeActivityLogs-tm_6\TradeActivityLog_2025-11-18_UTC.ES-TM_6.data with Adaptive Ghost logic...
FILE: TRADEACTIVITYLOG_2025-09-24_UTC.IPS_TM_6.DATA | ACC: IPS_TM_6 | SYMBOL: NQZ25 | RAW: 218 | FILLS: 110
FILE: TRADEACTIVITYLOG_2025-09-03_UTC.TM_6.DATA | ACC: TM_6 | SYMBOL: NQU25 | RAW: 158 | FILLS: 79
DEBUG: Running _parse_file_nitro on C:\Model-\TradeActivityLogs-tm_6\TradeActivityLog_2025-09-24_UTC.TM_6.data with Adaptive Ghost logic...
DEBUG: Running _parse_file_nitro on C:\Model-\TradeActivityLogs-tm_6\TradeActivityLog_2025-09-04_UTC.ES-IPS_TM_6.data with Adaptive Ghost logic...
FILE: TRADEACTIVITYLOG_2025-10-27_UTC.ES-TM_6.DATA | ACC: ES-TM_6 | SYMBOL: ESZ25 | RAW: 50 | FILLS: 25
DEBUG: Running _parse_file_nitro on C:\Model-\TradeActivityLogs-tm_6\TradeActivityLog_2025-10-27_UTC.IPS_TM_6.data with Adaptive Ghost logic...
FILE: TRADEACTIVITYLOG_2026-01-25_UTC.IPS_TM_6.DATA | ACC: IPS_TM_6 | SYMBOL: NQH26 | RAW: 12 | FILLS: 6
FILE: TRADEACTIVITYLOG_2025-08-11_UTC.ES-TM_6.DATA | ACC: ES-TM_6 | SYMBOL: ESU25 | RAW: 50 | FILLS: 25
DEBUG: Running _parse_file_nitro on C:\Model-\TradeActivityLogs-tm_6\TradeActivityLog_2026-01-25_UTC.TM_6.data with Adaptive Ghost logic...
DEBUG: Running _parse_file_nitro on C:\Model-\TradeActivityLogs-tm_6\TradeActivityLog_2025-08-11_UTC.IPS_TM_6.data with Adaptive Ghost logic...
FILE: TRADEACTIVITYLOG_2026-01-02_UTC.TM_6.DATA | ACC: TM_6 | SYMBOL: NQH26 | RAW: 158 | FILLS: 79
DEBUG: Running _parse_file_nitro on C:\Model-\TradeActivityLogs-tm_6\TradeActivityLog_2026-01-04_UTC.ES-IPS_TM_6.data with Adaptive Ghost logic...
FILE: TRADEACTIVITYLOG_2025-12-09_UTC.TM_6.DATA | ACC: TM_6 | SYMBOL: NQZ25 | RAW: 39 | FILLS: 20
DEBUG: Running _parse_file_nitro on C:\Model-\TradeActivityLogs-tm_6\TradeActivityLog_2025-12-10_UTC.ES-IPS_TM_6.data with Adaptive Ghost logic...
FILE: TRADEACTIVITYLOG_2025-09-04_UTC.ES-IPS_TM_6.DATA | ACC: ES-IPS_TM_6 | SYMBOL: ESU25 | RAW: 74 | FILLS: 37
DEBUG: Running _parse_file_nitro on C:\Model-\TradeActivityLogs-tm_6\TradeActivityLog_2025-09-04_UTC.ES-TM_6.data with Adaptive Ghost logic...
FILE: TRADEACTIVITYLOG_2026-01-25_UTC.TM_6.DATA | ACC: TM_6 | SYMBOL: NQH26 | RAW: 12 | FILLS: 6
DEBUG: Running _parse_file_nitro on C:\Model-\TradeActivityLogs-tm_6\TradeActivityLog_2026-01-26_UTC.ES-IPS_TM_6.data with Adaptive Ghost logic...
FILE: TRADEACTIVITYLOG_2025-11-18_UTC.ES-TM_6.DATA | ACC: ES-TM_6 | SYMBOL: ESZ25 | RAW: 110 | FILLS: 55
DEBUG: Running _parse_file_nitro on C:\Model-\TradeActivityLogs-tm_6\TradeActivityLog_2025-11-18_UTC.IPS_TM_6.data with Adaptive Ghost logic...
FILE: TRADEACTIVITYLOG_2025-07-17_UTC.IPS_TM_6.DATA | ACC: IPS_TM_6 | SYMBOL: NQU25 | RAW: 154 | FILLS: 77
DEBUG: Running _parse_file_nitro on C:\Model-\TradeActivityLogs-tm_6\TradeActivityLog_2025-07-17_UTC.TM_6.data with Adaptive Ghost logic...
FILE: TRADEACTIVITYLOG_2026-01-04_UTC.ES-IPS_TM_6.DATA | ACC: ES-IPS_TM_6 | SYMBOL: ESH26 | RAW: 6 | FILLS: 3
DEBUG: Running _parse_file_nitro on C:\Model-\TradeActivityLogs-tm_6\TradeActivityLog_2026-01-04_UTC.ES-TM_6.data with Adaptive Ghost logic...
FILE: TRADEACTIVITYLOG_2025-08-11_UTC.IPS_TM_6.DATA | ACC: IPS_TM_6 | SYMBOL: NQU25 | RAW: 146 | FILLS: 73
DEBUG: Running _parse_file_nitro on C:\Model-\TradeActivityLogs-tm_6\TradeActivityLog_2025-08-11_UTC.TM_6.data with Adaptive Ghost logic...
FILE: TRADEACTIVITYLOG_2025-10-27_UTC.IPS_TM_6.DATA | ACC: IPS_TM_6 | SYMBOL: NQZ25 | RAW: 152 | FILLS: 76
DEBUG: Running _parse_file_nitro on C:\Model-\TradeActivityLogs-tm_6\TradeActivityLog_2025-10-27_UTC.TM_6.data with Adaptive Ghost logic...
FILE: TRADEACTIVITYLOG_2025-09-04_UTC.ES-TM_6.DATA | ACC: ES-TM_6 | SYMBOL: ESU25 | RAW: 74 | FILLS: 37
DEBUG: Running _parse_file_nitro on C:\Model-\TradeActivityLogs-tm_6\TradeActivityLog_2025-09-04_UTC.IPS_TM_6.data with Adaptive Ghost logic...
FILE: TRADEACTIVITYLOG_2026-01-26_UTC.ES-IPS_TM_6.DATA | ACC: ES-IPS_TM_6 | SYMBOL: ESH26 | RAW: 34 | FILLS: 17
DEBUG: Running _parse_file_nitro on C:\Model-\TradeActivityLogs-tm_6\TradeActivityLog_2026-01-26_UTC.ES-TM_6.data with Adaptive Ghost logic...
FILE: TRADEACTIVITYLOG_2025-12-10_UTC.ES-IPS_TM_6.DATA | ACC: ES-IPS_TM_6 | SYMBOL: ESZ25 | RAW: 66 | FILLS: 33
DEBUG: Running _parse_file_nitro on C:\Model-\TradeActivityLogs-tm_6\TradeActivityLog_2025-12-10_UTC.ES-TM_6.data with Adaptive Ghost logic...
FILE: TRADEACTIVITYLOG_2025-09-24_UTC.TM_6.DATA | ACC: TM_6 | SYMBOL: NQZ25 | RAW: 226 | FILLS: 114
DEBUG: Running _parse_file_nitro on C:\Model-\TradeActivityLogs-tm_6\TradeActivityLog_2025-09-25_UTC.ES-IPS_TM_6.data with Adaptive Ghost logic...
FILE: TRADEACTIVITYLOG_2026-01-04_UTC.ES-TM_6.DATA | ACC: ES-TM_6 | SYMBOL: ESH26 | RAW: 6 | FILLS: 3
DEBUG: Running _parse_file_nitro on C:\Model-\TradeActivityLogs-tm_6\TradeActivityLog_2026-01-04_UTC.IPS_TM_6.data with Adaptive Ghost logic...
FILE: TRADEACTIVITYLOG_2025-07-17_UTC.TM_6.DATA | ACC: TM_6 | SYMBOL: NQU25 | RAW: 154 | FILLS: 77
DEBUG: Running _parse_file_nitro on C:\Model-\TradeActivityLogs-tm_6\TradeActivityLog_2026-02-19_UTC.ES-TM_6.data with Adaptive Ghost logic...
FILE: TRADEACTIVITYLOG_2026-01-26_UTC.ES-TM_6.DATA | ACC: ES-TM_6 | SYMBOL: ESH26 | RAW: 34 | FILLS: 17
FILE: TRADEACTIVITYLOG_2025-11-18_UTC.IPS_TM_6.DATA | ACC: IPS_TM_6 | SYMBOL: NQZ25 | RAW: 278 | FILLS: 139
DEBUG: Running _parse_file_nitro on C:\Model-\TradeActivityLogs-tm_6\TradeActivityLog_2026-01-26_UTC.IPS_TM_6.data with Adaptive Ghost logic...
FILE: TRADEACTIVITYLOG_2025-08-11_UTC.TM_6.DATA | ACC: TM_6 | SYMBOL: NQU25 | RAW: 142 | FILLS: 71
DEBUG: Running _parse_file_nitro on C:\Model-\TradeActivityLogs-tm_6\TradeActivityLog_2025-11-18_UTC.TM_6.data with Adaptive Ghost logic...
DEBUG: Running _parse_file_nitro on C:\Model-\TradeActivityLogs-tm_6\TradeActivityLog_2025-08-12_UTC.ES-IPS_TM_6.data with Adaptive Ghost logic...
FILE: TRADEACTIVITYLOG_2025-09-25_UTC.ES-IPS_TM_6.DATA | ACC: ES-IPS_TM_6 | SYMBOL: ES | RAW: 0 | FILLS: 0
DEBUG: Running _parse_file_nitro on C:\Model-\TradeActivityLogs-tm_6\TradeActivityLog_2025-09-25_UTC.ES-TM_6.data with Adaptive Ghost logic...
FILE: TRADEACTIVITYLOG_2025-12-10_UTC.ES-TM_6.DATA | ACC: ES-TM_6 | SYMBOL: ESZ25 | RAW: 66 | FILLS: 33
DEBUG: Running _parse_file_nitro on C:\Model-\TradeActivityLogs-tm_6\TradeActivityLog_2025-12-10_UTC.IPS_TM_6.data with Adaptive Ghost logic...
FILE: TRADEACTIVITYLOG_2025-10-27_UTC.TM_6.DATA | ACC: TM_6 | SYMBOL: NQZ25 | RAW: 146 | FILLS: 73
DEBUG: Running _parse_file_nitro on C:\Model-\TradeActivityLogs-tm_6\TradeActivityLog_2025-10-28_UTC.ES-IPS_TM_6.data with Adaptive Ghost logic...
FILE: TRADEACTIVITYLOG_2026-01-04_UTC.IPS_TM_6.DATA | ACC: IPS_TM_6 | SYMBOL: CLG26 | RAW: 18 | FILLS: 9
DEBUG: Running _parse_file_nitro on C:\Model-\TradeActivityLogs-tm_6\TradeActivityLog_2026-01-04_UTC.TM_6.data with Adaptive Ghost logic...
FILE: TRADEACTIVITYLOG_2025-09-04_UTC.IPS_TM_6.DATA | ACC: IPS_TM_6 | SYMBOL: CLV25 | RAW: 190 | FILLS: 95
DEBUG: Running _parse_file_nitro on C:\Model-\TradeActivityLogs-tm_6\TradeActivityLog_2025-09-04_UTC.TM_6.data with Adaptive Ghost logic...
FILE: TRADEACTIVITYLOG_2026-02-19_UTC.ES-TM_6.DATA | ACC: ES-TM_6 | SYMBOL: ESH26 | RAW: 54 | FILLS: 27
DEBUG: Running _parse_file_nitro on C:\Model-\TradeActivityLogs-tm_6\TradeActivityLog_2026-02-19_UTC.IPS_TM_6.data with Adaptive Ghost logic...
FILE: TRADEACTIVITYLOG_2025-09-25_UTC.ES-TM_6.DATA | ACC: ES-TM_6 | SYMBOL: ES | RAW: 0 | FILLS: 0
DEBUG: Running _parse_file_nitro on C:\Model-\TradeActivityLogs-tm_6\TradeActivityLog_2025-09-25_UTC.IPS_TM_6.data with Adaptive Ghost logic...
FILE: TRADEACTIVITYLOG_2025-08-12_UTC.ES-IPS_TM_6.DATA | ACC: ES-IPS_TM_6 | SYMBOL: ESU25 | RAW: 62 | FILLS: 31
DEBUG: Running _parse_file_nitro on C:\Model-\TradeActivityLogs-tm_6\TradeActivityLog_2025-08-12_UTC.ES-TM_6.data with Adaptive Ghost logic...
FILE: TRADEACTIVITYLOG_2026-01-04_UTC.TM_6.DATA | ACC: TM_6 | SYMBOL: CLG26 | RAW: 12 | FILLS: 6
FILE: TRADEACTIVITYLOG_2025-10-28_UTC.ES-IPS_TM_6.DATA | ACC: ES-IPS_TM_6 | SYMBOL: ESZ25 | RAW: 44 | FILLS: 22
DEBUG: Running _parse_file_nitro on C:\Model-\TradeActivityLogs-tm_6\TradeActivityLog_2026-01-05_UTC.ES-IPS_TM_6.data with Adaptive Ghost logic...
DEBUG: Running _parse_file_nitro on C:\Model-\TradeActivityLogs-tm_6\TradeActivityLog_2025-10-28_UTC.ES-TM_6.data with Adaptive Ghost logic...
FILE: TRADEACTIVITYLOG_2026-01-26_UTC.IPS_TM_6.DATA | ACC: IPS_TM_6 | SYMBOL: NQH26 | RAW: 122 | FILLS: 61
DEBUG: Running _parse_file_nitro on C:\Model-\TradeActivityLogs-tm_6\TradeActivityLog_2026-01-26_UTC.TM_6.data with Adaptive Ghost logic...
FILE: TRADEACTIVITYLOG_2025-09-25_UTC.IPS_TM_6.DATA | ACC: IPS_TM_6 | SYMBOL: NQZ25 | RAW: 0 | FILLS: 0
DEBUG: Running _parse_file_nitro on C:\Model-\TradeActivityLogs-tm_6\TradeActivityLog_2025-09-25_UTC.TM_6.data with Adaptive Ghost logic...
FILE: TRADEACTIVITYLOG_2026-01-05_UTC.ES-IPS_TM_6.DATA | ACC: ES-IPS_TM_6 | SYMBOL: ESH26 | RAW: 20 | FILLS: 10
DEBUG: Running _parse_file_nitro on C:\Model-\TradeActivityLogs-tm_6\TradeActivityLog_2026-01-05_UTC.ES-TM_6.data with Adaptive Ghost logic...
FILE: TRADEACTIVITYLOG_2025-12-10_UTC.IPS_TM_6.DATA | ACC: IPS_TM_6 | SYMBOL: CLF26 | RAW: 172 | FILLS: 86
FILE: TRADEACTIVITYLOG_2025-09-04_UTC.TM_6.DATA | ACC: TM_6 | SYMBOL: CLV25 | RAW: 186 | FILLS: 93
FILE: TRADEACTIVITYLOG_2025-09-25_UTC.TM_6.DATA | ACC: TM_6 | SYMBOL: NQZ25 | RAW: 0 | FILLS: 0
FILE: TRADEACTIVITYLOG_2025-11-18_UTC.TM_6.DATA | ACC: TM_6 | SYMBOL: NQZ25 | RAW: 278 | FILLS: 139
DEBUG: Running _parse_file_nitro on C:\Model-\TradeActivityLogs-tm_6\TradeActivityLog_2025-12-10_UTC.TM_6.data with Adaptive Ghost logic...
DEBUG: Running _parse_file_nitro on C:\Model-\TradeActivityLogs-tm_6\TradeActivityLog_2025-09-04_UTC.ZB-TM_6.data with Adaptive Ghost logic...
DEBUG: Running _parse_file_nitro on C:\Model-\TradeActivityLogs-tm_6\TradeActivityLog_2025-10-06_UTC.ES-IPS_TM_6.data with Adaptive Ghost logic...
FILE: TRADEACTIVITYLOG_2025-08-12_UTC.ES-TM_6.DATA | ACC: ES-TM_6 | SYMBOL: ESU25 | RAW: 62 | FILLS: 31
DEBUG: Running _parse_file_nitro on C:\Model-\TradeActivityLogs-tm_6\TradeActivityLog_2025-08-12_UTC.IPS_TM_6.data with Adaptive Ghost logic...
FILE: TRADEACTIVITYLOG_2025-10-28_UTC.ES-TM_6.DATA | ACC: ES-TM_6 | SYMBOL: ESZ25 | RAW: 44 | FILLS: 22
DEBUG: Running _parse_file_nitro on C:\Model-\TradeActivityLogs-tm_6\TradeActivityLog_2025-10-28_UTC.IPS_TM_6.data with Adaptive Ghost logic...
DEBUG: Running _parse_file_nitro on C:\Model-\TradeActivityLogs-tm_6\TradeActivityLog_2025-11-19_UTC.ES-IPS_TM_6.data with Adaptive Ghost logic...
FILE: TRADEACTIVITYLOG_2026-02-19_UTC.IPS_TM_6.DATA | ACC: IPS_TM_6 | SYMBOL: NQH26 | RAW: 256 | FILLS: 128
FILE: TRADEACTIVITYLOG_2026-01-26_UTC.TM_6.DATA | ACC: TM_6 | SYMBOL: NQH26 | RAW: 124 | FILLS: 62
DEBUG: Running _parse_file_nitro on C:\Model-\TradeActivityLogs-tm_6\TradeActivityLog_2026-02-19_UTC.TM_6.data with Adaptive Ghost logic...
DEBUG: Running _parse_file_nitro on C:\Model-\TradeActivityLogs-tm_6\TradeActivityLog_2026-01-27_UTC.ES-IPS_TM_6.data with Adaptive Ghost logic...
FILE: TRADEACTIVITYLOG_2025-09-04_UTC.ZB-TM_6.DATA | ACC: ZB-TM_6 | SYMBOL: Unknown | RAW: 0 | FILLS: 0
DEBUG: Running _parse_file_nitro on C:\Model-\TradeActivityLogs-tm_6\TradeActivityLog_2025-09-05_UTC.ES-IPS_TM_6.data with Adaptive Ghost logic...
FILE: TRADEACTIVITYLOG_2025-10-06_UTC.ES-IPS_TM_6.DATA | ACC: ES-IPS_TM_6 | SYMBOL: ES | RAW: 0 | FILLS: 0
DEBUG: Running _parse_file_nitro on C:\Model-\TradeActivityLogs-tm_6\TradeActivityLog_2025-10-06_UTC.ES-TM_6.data with Adaptive Ghost logic...
FILE: TRADEACTIVITYLOG_2026-01-05_UTC.ES-TM_6.DATA | ACC: ES-TM_6 | SYMBOL: ESH26 | RAW: 20 | FILLS: 10
DEBUG: Running _parse_file_nitro on C:\Model-\TradeActivityLogs-tm_6\TradeActivityLog_2026-01-05_UTC.IPS_TM_6.data with Adaptive Ghost logic...
FILE: TRADEACTIVITYLOG_2025-11-19_UTC.ES-IPS_TM_6.DATA | ACC: ES-IPS_TM_6 | SYMBOL: ESZ25 | RAW: 104 | FILLS: 52
DEBUG: Running _parse_file_nitro on C:\Model-\TradeActivityLogs-tm_6\TradeActivityLog_2025-11-19_UTC.ES-TM_6.data with Adaptive Ghost logic...
FILE: TRADEACTIVITYLOG_2025-10-06_UTC.ES-TM_6.DATA | ACC: ES-TM_6 | SYMBOL: ES | RAW: 0 | FILLS: 0
DEBUG: Running _parse_file_nitro on C:\Model-\TradeActivityLogs-tm_6\TradeActivityLog_2025-10-06_UTC.IPS_TM_6.data with Adaptive Ghost logic...
FILE: TRADEACTIVITYLOG_2025-10-28_UTC.IPS_TM_6.DATA | ACC: IPS_TM_6 | SYMBOL: NQZ25 | RAW: 166 | FILLS: 83
DEBUG: Running _parse_file_nitro on C:\Model-\TradeActivityLogs-tm_6\TradeActivityLog_2025-10-28_UTC.TM_6.data with Adaptive Ghost logic...
FILE: TRADEACTIVITYLOG_2025-12-10_UTC.TM_6.DATA | ACC: TM_6 | SYMBOL: CLF26 | RAW: 160 | FILLS: 80
DEBUG: Running _parse_file_nitro on C:\Model-\TradeActivityLogs-tm_6\TradeActivityLog_2025-12-11_UTC.ES-IPS_TM_6.data with Adaptive Ghost logic...
FILE: TRADEACTIVITYLOG_2025-08-12_UTC.IPS_TM_6.DATA | ACC: IPS_TM_6 | SYMBOL: NQU25 | RAW: 132 | FILLS: 66
 29
DEBUG: Running _parse_file_nitro on C:\Model-\TradeActivityLogs-tm_6\TradeActivityLog_2026-01-27_UTC.ES-TM_6.data with Adaptive Ghost logic...
DEBUG: Running _parse_file_nitro on C:\Model-\TradeActivityLogs-tm_6\TradeActivityLog_2025-08-12_UTC.TM_6.data with Adaptive Ghost logic...
FILE: TRADEACTIVITYLOG_2025-09-05_UTC.ES-IPS_TM_6.DATA | ACC: ES-IPS_TM_6 | SYMBOL: ESU25 | RAW: 41 | FILLS: 21
DEBUG: Running _parse_file_nitro on C:\Model-\TradeActivityLogs-tm_6\TradeActivityLog_2025-09-05_UTC.ES-TM_6.data with Adaptive Ghost logic...
FILE: TRADEACTIVITYLOG_2026-02-19_UTC.TM_6.DATA | ACC: TM_6 | SYMBOL: NQH26 | RAW: 262 | FILLS: 131
DEBUG: Running _parse_file_nitro on C:\Model-\TradeActivityLogs-tm_6\TradeActivityLog_2026-02-20_UTC.ES-IPS_TM_6.data with Adaptive Ghost logic...
FILE: TRADEACTIVITYLOG_2025-12-11_UTC.ES-IPS_TM_6.DATA | ACC: ES-IPS_TM_6 | SYMBOL: ESZ25 | RAW: 42 | FILLS: 21
DEBUG: Running _parse_file_nitro on C:\Model-\TradeActivityLogs-tm_6\TradeActivityLog_2025-12-11_UTC.ES-TM_6.data with Adaptive Ghost logic...
FILE: TRADEACTIVITYLOG_2026-01-05_UTC.IPS_TM_6.DATA | ACC: IPS_TM_6 | SYMBOL: CLG26 | RAW: 181 | FILLS: 91
DEBUG: Running _parse_file_nitro on C:\Model-\TradeActivityLogs-tm_6\TradeActivityLog_2026-01-05_UTC.TM_6.data with Adaptive Ghost logic...
FILE: TRADEACTIVITYLOG_2025-10-06_UTC.IPS_TM_6.DATA | ACC: IPS_TM_6 | SYMBOL: NQZ25 | RAW: 70 | FILLS: 35
DEBUG: Running _parse_file_nitro on C:\Model-\TradeActivityLogs-tm_6\TradeActivityLog_2025-10-06_UTC.TM_6.data with Adaptive Ghost logic...
FILE: TRADEACTIVITYLOG_2025-09-05_UTC.ES-TM_6.DATA | ACC: ES-TM_6 | SYMBOL: ESU25 | RAW: 45 | FILLS: 23
DEBUG: Running _parse_file_nitro on C:\Model-\TradeActivityLogs-tm_6\TradeActivityLog_2025-09-05_UTC.IPS_TM_6.data with Adaptive Ghost logic...
FILE: TRADEACTIVITYLOG_2026-01-27_UTC.ES-TM_6.DATA | ACC: ES-TM_6 | SYMBOL: ESH26 | RAW: 58 | FILLS: 29
DEBUG: Running _parse_file_nitro on C:\Model-\TradeActivityLogs-tm_6\TradeActivityLog_2026-01-27_UTC.IPS_TM_6.data with Adaptive Ghost logic...
FILE: TRADEACTIVITYLOG_2025-10-28_UTC.TM_6.DATA | ACC: TM_6 | SYMBOL: NQZ25 | RAW: 162 | FILLS: 81
FILE: TRADEACTIVITYLOG_2025-11-19_UTC.ES-TM_6.DATA | ACC: ES-TM_6 | SYMBOL: ESZ25 | RAW: 106 | FILLS: 53
DEBUG: Running _parse_file_nitro on C:\Model-\TradeActivityLogs-tm_6\TradeActivityLog_2025-10-29_UTC.ES-IPS_TM_6.data with Adaptive Ghost logic...
FILE: TRADEACTIVITYLOG_2025-08-12_UTC.TM_6.DATA | ACC: TM_6 | SYMBOL: NQU25 | RAW: 126 | FILLS: 63
DEBUG: Running _parse_file_nitro on C:\Model-\TradeActivityLogs-tm_6\TradeActivityLog_2026-03-18_UTC.ES-IPS_TM_6.data with Adaptive Ghost logic...
FILE: TRADEACTIVITYLOG_2025-12-11_UTC.ES-TM_6.DATA | ACC: ES-TM_6 | SYMBOL: ESZ25 | RAW: 40 | FILLS: 20
DEBUG: Running _parse_file_nitro on C:\Model-\TradeActivityLogs-tm_6\TradeActivityLog_2025-12-11_UTC.IPS_TM_6.data with Adaptive Ghost logic...
FILE: TRADEACTIVITYLOG_2025-10-06_UTC.TM_6.DATA | ACC: TM_6 | SYMBOL: NQZ25 | RAW: 70 | FILLS: 35
DEBUG: Running _parse_file_nitro on C:\Model-\TradeActivityLogs-tm_6\TradeActivityLog_2025-10-07_UTC.IPS_TM_6.data with Adaptive Ghost logic...
FILE: TRADEACTIVITYLOG_2026-02-20_UTC.ES-IPS_TM_6.DATA | ACC: ES-IPS_TM_6 | SYMBOL: ESH26 | RAW: 84 | FILLS: 42
DEBUG: Running _parse_file_nitro on C:\Model-\TradeActivityLogs-tm_6\TradeActivityLog_2026-02-20_UTC.ES-TM_6.data with Adaptive Ghost logic...
FILE: TRADEACTIVITYLOG_2025-10-29_UTC.ES-IPS_TM_6.DATA | ACC: ES-IPS_TM_6 | SYMBOL: ESZ25 | RAW: 66 | FILLS: 33
FILE: TRADEACTIVITYLOG_2026-01-27_UTC.IPS_TM_6.DATA | ACC: IPS_TM_6 | SYMBOL: NQH26 | RAW: 98 | FILLS: 49
DEBUG: Running _parse_file_nitro on C:\Model-\TradeActivityLogs-tm_6\TradeActivityLog_2025-10-29_UTC.ES-TM_6.data with Adaptive Ghost logic...
DEBUG: Running _parse_file_nitro on C:\Model-\TradeActivityLogs-tm_6\TradeActivityLog_2026-01-27_UTC.TM_6.data with Adaptive Ghost logic...
FILE: TRADEACTIVITYLOG_2026-03-18_UTC.ES-IPS_TM_6.DATA | ACC: ES-IPS_TM_6 | SYMBOL: ESM26 | RAW: 86 | FILLS: 43
DEBUG: Running _parse_file_nitro on C:\Model-\TradeActivityLogs-tm_6\TradeActivityLog_2026-03-18_UTC.ES-TM_6.data with Adaptive Ghost logic...
FILE: TRADEACTIVITYLOG_2026-01-05_UTC.TM_6.DATA | ACC: TM_6 | SYMBOL: CLG26 | RAW: 181 | FILLS: 91
FILE: TRADEACTIVITYLOG_2025-09-05_UTC.IPS_TM_6.DATA | ACC: IPS_TM_6 | SYMBOL: CLV25 | RAW: 229 | FILLS: 115
DEBUG: Running _parse_file_nitro on C:\Model-\TradeActivityLogs-tm_6\TradeActivityLog_2025-09-05_UTC.TM_6.data with Adaptive Ghost logic...
DEBUG: Running _parse_file_nitro on C:\Model-\TradeActivityLogs-tm_6\TradeActivityLog_2026-01-06_UTC.ES-IPS_TM_6.data with Adaptive Ghost logic...
FILE: TRADEACTIVITYLOG_2025-11-19_UTC.IPS_TM_6.DATA | ACC: IPS_TM_6 | SYMBOL: NQZ25 | RAW: 226 | FILLS: 113
DEBUG: Running _parse_file_nitro on C:\Model-\TradeActivityLogs-tm_6\TradeActivityLog_2025-11-19_UTC.TM_6.data with Adaptive Ghost logic...
FILE: TRADEACTIVITYLOG_2025-10-29_UTC.ES-TM_6.DATA | ACC: ES-TM_6 | SYMBOL: ESZ25 | RAW: 66 | FILLS: 33
DEBUG: Running _parse_file_nitro on C:\Model-\TradeActivityLogs-tm_6\TradeActivityLog_2025-10-29_UTC.IPS_TM_6.data with Adaptive Ghost logic...
FILE: TRADEACTIVITYLOG_2025-10-07_UTC.IPS_TM_6.DATA | ACC: IPS_TM_6 | SYMBOL: NQZ25 | RAW: 180 | FILLS: 90
DEBUG: Running _parse_file_nitro on C:\Model-\TradeActivityLogs-tm_6\TradeActivityLog_2025-10-07_UTC.TM_6.data with Adaptive Ghost logic...
FILE: TRADEACTIVITYLOG_2026-02-20_UTC.ES-TM_6.DATA | ACC: ES-TM_6 | SYMBOL: ESH26 | RAW: 84 | FILLS: 42
DEBUG: Running _parse_file_nitro on C:\Model-\TradeActivityLogs-tm_6\TradeActivityLog_2026-02-20_UTC.IPS_TM_6.data with Adaptive Ghost logic...
FILE: TRADEACTIVITYLOG_2025-12-11_UTC.IPS_TM_6.DATA | ACC: IPS_TM_6 | SYMBOL: CLF26 | RAW: 166 | FILLS: 83
FILE: TRADEACTIVITYLOG_2026-01-27_UTC.TM_6.DATA | ACC: TM_6 | SYMBOL: NQH26 | RAW: 98 | FILLS: 49
DEBUG: Running _parse_file_nitro on C:\Model-\TradeActivityLogs-tm_6\TradeActivityLog_2026-01-28_UTC.ES-IPS_TM_6.data with Adaptive Ghost logic...
DEBUG: Running _parse_file_nitro on C:\Model-\TradeActivityLogs-tm_6\TradeActivityLog_2025-12-11_UTC.TM_6.data with Adaptive Ghost logic...
FILE: TRADEACTIVITYLOG_2026-03-18_UTC.ES-TM_6.DATA | ACC: ES-TM_6 | SYMBOL: ESM26 | RAW: 86 | FILLS: 43
DEBUG: Running _parse_file_nitro on C:\Model-\TradeActivityLogs-tm_6\TradeActivityLog_2026-03-18_UTC.IPS_TM_6.data with Adaptive Ghost logic...
FILE: TRADEACTIVITYLOG_2026-01-06_UTC.ES-IPS_TM_6.DATA | ACC: ES-IPS_TM_6 | SYMBOL: ESH26 | RAW: 64 | FILLS: 32
DEBUG: Running _parse_file_nitro on C:\Model-\TradeActivityLogs-tm_6\TradeActivityLog_2026-01-06_UTC.ES-TM_6.data with Adaptive Ghost logic...
FILE: TRADEACTIVITYLOG_2026-01-28_UTC.ES-IPS_TM_6.DATA | ACC: ES-IPS_TM_6 | SYMBOL: ESH26 | RAW: 50 | FILLS: 25
DEBUG: Running _parse_file_nitro on C:\Model-\TradeActivityLogs-tm_6\TradeActivityLog_2026-01-28_UTC.ES-TM_6.data with Adaptive Ghost logic...
FILE: TRADEACTIVITYLOG_2025-10-07_UTC.TM_6.DATA | ACC: TM_6 | SYMBOL: NQZ25 | RAW: 180 | FILLS: 90
FILE: TRADEACTIVITYLOG_2025-09-05_UTC.TM_6.DATA | ACC: TM_6 | SYMBOL: CLV25 | RAW: 225 | FILLS: 113
DEBUG: Running _parse_file_nitro on C:\Model-\TradeActivityLogs-tm_6\TradeActivityLog_2025-10-08_UTC.ES-IPS_TM_6.data with Adaptive Ghost logic...
DEBUG: Running _parse_file_nitro on C:\Model-\TradeActivityLogs-tm_6\TradeActivityLog_2025-09-06_UTC.ES-IPS_TM_6.data with Adaptive Ghost logic...
FILE: TRADEACTIVITYLOG_2026-01-06_UTC.ES-TM_6.DATA | ACC: ES-TM_6 | SYMBOL: ESH26 | RAW: 64 | FILLS: 32
DEBUG: Running _parse_file_nitro on C:\Model-\TradeActivityLogs-tm_6\TradeActivityLog_2026-01-06_UTC.IPS_TM_6.data with Adaptive Ghost logic...
FILE: TRADEACTIVITYLOG_2025-10-29_UTC.IPS_TM_6.DATA | ACC: IPS_TM_6 | SYMBOL: NQZ25 | RAW: 292 | FILLS: 146
DEBUG: Running _parse_file_nitro on C:\Model-\TradeActivityLogs-tm_6\TradeActivityLog_2025-10-29_UTC.TM_6.data with Adaptive Ghost logic...
FILE: TRADEACTIVITYLOG_2025-12-11_UTC.TM_6.DATA | ACC: TM_6 | SYMBOL: CLF26 | RAW: 166 | FILLS: 83
FILE: TRADEACTIVITYLOG_2026-03-18_UTC.IPS_TM_6.DATA | ACC: IPS_TM_6 | SYMBOL: NQM26 | RAW: 130 | FILLS: 66
DEBUG: Running _parse_file_nitro on C:\Model-\TradeActivityLogs-tm_6\TradeActivityLog_2025-12-12_UTC.ES-IPS_TM_6.data with Adaptive Ghost logic...
DEBUG: Running _parse_file_nitro on C:\Model-\TradeActivityLogs-tm_6\TradeActivityLog_2026-03-18_UTC.TM_6.data with Adaptive Ghost logic...
FILE: TRADEACTIVITYLOG_2025-10-08_UTC.ES-IPS_TM_6.DATA | ACC: ES-IPS_TM_6 | SYMBOL: ES | RAW: 0 | FILLS: 0
DEBUG: Running _parse_file_nitro on C:\Model-\TradeActivityLogs-tm_6\TradeActivityLog_2025-10-08_UTC.ES-TM_6.data with Adaptive Ghost logic...
FILE: TRADEACTIVITYLOG_2026-02-20_UTC.IPS_TM_6.DATA | ACC: IPS_TM_6 | SYMBOL: NQH26 | RAW: 268 | FILLS: 134
FILE: TRADEACTIVITYLOG_2025-09-06_UTC.ES-IPS_TM_6.DATA | ACC: ES-IPS_TM_6 | SYMBOL: ES | RAW: 0 | FILLS: 0
DEBUG: Running _parse_file_nitro on C:\Model-\TradeActivityLogs-tm_6\TradeActivityLog_2025-09-06_UTC.ES-TM_6.data with Adaptive Ghost logic...
DEBUG: Running _parse_file_nitro on C:\Model-\TradeActivityLogs-tm_6\TradeActivityLog_2026-02-20_UTC.TM_6.data with Adaptive Ghost logic...
FILE: TRADEACTIVITYLOG_2026-01-28_UTC.ES-TM_6.DATA | ACC: ES-TM_6 | SYMBOL: ESH26 | RAW: 48 | FILLS: 24
DEBUG: Running _parse_file_nitro on C:\Model-\TradeActivityLogs-tm_6\TradeActivityLog_2026-01-28_UTC.IPS_TM_6.data with Adaptive Ghost logic...
FILE: TRADEACTIVITYLOG_2025-10-08_UTC.ES-TM_6.DATA | ACC: ES-TM_6 | SYMBOL: ES | RAW: 0 | FILLS: 0
DEBUG: Running _parse_file_nitro on C:\Model-\TradeActivityLogs-tm_6\TradeActivityLog_2025-10-08_UTC.IPS_TM_6.data with Adaptive Ghost logic...
FILE: TRADEACTIVITYLOG_2025-09-06_UTC.ES-TM_6.DATA | ACC: ES-TM_6 | SYMBOL: ES | RAW: 0 | FILLS: 0
FILE: TRADEACTIVITYLOG_2025-12-12_UTC.ES-IPS_TM_6.DATA | ACC: ES-IPS_TM_6 | SYMBOL: ESZ25 | RAW: 80 | FILLS: 40
DEBUG: Running _parse_file_nitro on C:\Model-\TradeActivityLogs-tm_6\TradeActivityLog_2025-12-12_UTC.ES-TM_6.data with Adaptive Ghost logic...
FILE: TRADEACTIVITYLOG_2025-11-19_UTC.TM_6.DATA | ACC: TM_6 | SYMBOL: NQZ25 | RAW: 162 | FILLS: 81
DEBUG: Running _parse_file_nitro on C:\Model-\TradeActivityLogs-tm_6\TradeActivityLog_2025-11-20_UTC.ES-IPS_TM_6.data with Adaptive Ghost logic...
DEBUG: Running _parse_file_nitro on C:\Model-\TradeActivityLogs-tm_6\TradeActivityLog_2026-04-10_UTC.TM_6.data with Adaptive Ghost logic...
FILE: TRADEACTIVITYLOG_2026-03-18_UTC.TM_6.DATA | ACC: TM_6 | SYMBOL: NQM26 | RAW: 130 | FILLS: 65
DEBUG: Running _parse_file_nitro on C:\Model-\TradeActivityLogs-tm_6\TradeActivityLog_2026-03-19_UTC.ES-IPS_TM_6.data with Adaptive Ghost logic...
FILE: TRADEACTIVITYLOG_2025-10-29_UTC.TM_6.DATA | ACC: TM_6 | SYMBOL: NQZ25 | RAW: 276 | FILLS: 138
DEBUG: Running _parse_file_nitro on C:\Model-\TradeActivityLogs-tm_6\TradeActivityLog_2025-10-30_UTC.ES-IPS_TM_6.data with Adaptive Ghost logic...
FILE: TRADEACTIVITYLOG_2026-01-06_UTC.IPS_TM_6.DATA | ACC: IPS_TM_6 | SYMBOL: NQH26 | RAW: 250 | FILLS: 125
DEBUG: Running _parse_file_nitro on C:\Model-\TradeActivityLogs-tm_6\TradeActivityLog_2026-01-06_UTC.TM_6.data with Adaptive Ghost logic...
FILE: TRADEACTIVITYLOG_2025-10-08_UTC.IPS_TM_6.DATA | ACC: IPS_TM_6 | SYMBOL: NQZ25 | RAW: 106 | FILLS: 53
DEBUG: Running _parse_file_nitro on C:\Model-\TradeActivityLogs-tm_6\TradeActivityLog_2025-10-08_UTC.TM_6.data with Adaptive Ghost logic...
FILE: TRADEACTIVITYLOG_2025-12-12_UTC.ES-TM_6.DATA | ACC: ES-TM_6 | SYMBOL: ESZ25 | RAW: 80 | FILLS: 40
DEBUG: Running _parse_file_nitro on C:\Model-\TradeActivityLogs-tm_6\TradeActivityLog_2025-12-12_UTC.IPS_TM_6.data with Adaptive Ghost logic...
FILE: TRADEACTIVITYLOG_2026-01-28_UTC.IPS_TM_6.DATA | ACC: IPS_TM_6 | SYMBOL: CLH26 | RAW: 210 | FILLS: 105
DEBUG: Running _parse_file_nitro on C:\Model-\TradeActivityLogs-tm_6\TradeActivityLog_2026-01-28_UTC.TM_6.data with Adaptive Ghost logic...
FILE: TRADEACTIVITYLOG_2025-11-20_UTC.ES-IPS_TM_6.DATA | ACC: ES-IPS_TM_6 | SYMBOL: ESZ25 | RAW: 128 | FILLS: 66
FILE: TRADEACTIVITYLOG_2026-02-20_UTC.TM_6.DATA | ACC: TM_6 | SYMBOL: NQH26 | RAW: 260 | FILLS: 130
DEBUG: Running _parse_file_nitro on C:\Model-\TradeActivityLogs-tm_6\TradeActivityLog_2026-02-23_UTC.ES-IPS_TM_6.data with Adaptive Ghost logic...
FILE: TRADEACTIVITYLOG_2025-10-30_UTC.ES-IPS_TM_6.DATA | ACC: ES-IPS_TM_6 | SYMBOL: ESZ25 | RAW: 58 | FILLS: 29
DEBUG: Running _parse_file_nitro on C:\Model-\TradeActivityLogs-tm_6\TradeActivityLog_2025-11-20_UTC.ES-TM_6.data with Adaptive Ghost logic...
DEBUG: Running _parse_file_nitro on C:\Model-\TradeActivityLogs-tm_6\TradeActivityLog_2025-10-30_UTC.ES-TM_6.data with Adaptive Ghost logic...
FILE: TRADEACTIVITYLOG_2026-03-19_UTC.ES-IPS_TM_6.DATA | ACC: ES-IPS_TM_6 | SYMBOL: ESM26 | RAW: 114 | FILLS: 57
DEBUG: Running _parse_file_nitro on C:\Model-\TradeActivityLogs-tm_6\TradeActivityLog_2026-03-19_UTC.ES-TM_6.data with Adaptive Ghost logic...
FILE: TRADEACTIVITYLOG_2026-04-10_UTC.TM_6.DATA | ACC: TM_6 | SYMBOL: NQM26 | RAW: 207 | FILLS: 104
DEBUG: Running _parse_file_nitro on C:\Model-\TradeActivityLogs-tm_6\TradeActivityLog_2026-04-11_UTC.ES-IPS_TM_6.data with Adaptive Ghost logic...
FILE: TRADEACTIVITYLOG_2025-10-08_UTC.TM_6.DATA | ACC: TM_6 | SYMBOL: NQZ25 | RAW: 106 | FILLS: 53
DEBUG: Running _parse_file_nitro on C:\Model-\TradeActivityLogs-tm_6\TradeActivityLog_2025-10-09_UTC.ES-IPS_TM_6.data with Adaptive Ghost logic...
FILE: TRADEACTIVITYLOG_2025-12-12_UTC.IPS_TM_6.DATA | ACC: IPS_TM_6 | SYMBOL: NQZ25 | RAW: 246 | FILLS: 123
DEBUG: Running _parse_file_nitro on C:\Model-\TradeActivityLogs-tm_6\TradeActivityLog_2025-12-12_UTC.TM_6.data with Adaptive Ghost logic...
FILE: TRADEACTIVITYLOG_2025-11-20_UTC.ES-TM_6.DATA | ACC: ES-TM_6 | SYMBOL: ESZ25 | RAW: 128 | FILLS: 66
DEBUG: Running _parse_file_nitro on C:\Model-\TradeActivityLogs-tm_6\TradeActivityLog_2025-11-20_UTC.IPS_TM_6.data with Adaptive Ghost logic...
FILE: TRADEACTIVITYLOG_2026-04-11_UTC.ES-IPS_TM_6.DATA | ACC: ES-IPS_TM_6 | SYMBOL: ES | RAW: 0 | FILLS: 0
FILE: TRADEACTIVITYLOG_2026-03-19_UTC.ES-TM_6.DATA | ACC: ES-TM_6 | SYMBOL: ESM26 | RAW: 114 | FILLS: 57
DEBUG: Running _parse_file_nitro on C:\Model-\TradeActivityLogs-tm_6\TradeActivityLog_2026-04-11_UTC.ES-TM_6.data with Adaptive Ghost logic...
DEBUG: Running _parse_file_nitro on C:\Model-\TradeActivityLogs-tm_6\TradeActivityLog_2026-03-19_UTC.IPS_TM_6.data with Adaptive Ghost logic...
FILE: TRADEACTIVITYLOG_2025-10-30_UTC.ES-TM_6.DATA | ACC: ES-TM_6 | SYMBOL: ESZ25 | RAW: 58 | FILLS: 29
DEBUG: Running _parse_file_nitro on C:\Model-\TradeActivityLogs-tm_6\TradeActivityLog_2025-10-30_UTC.IPS_TM_6.data with Adaptive Ghost logic...
FILE: TRADEACTIVITYLOG_2025-10-09_UTC.ES-IPS_TM_6.DATA | ACC: ES-IPS_TM_6 | SYMBOL: ES | RAW: 0 | FILLS: 0
DEBUG: Running _parse_file_nitro on C:\Model-\TradeActivityLogs-tm_6\TradeActivityLog_2025-10-09_UTC.ES-TM_6.data with Adaptive Ghost logic...
FILE: TRADEACTIVITYLOG_2026-01-06_UTC.TM_6.DATA | ACC: TM_6 | SYMBOL: NQH26 | RAW: 254 | FILLS: 127
FILE: TRADEACTIVITYLOG_2026-02-23_UTC.ES-IPS_TM_6.DATA | ACC: ES-IPS_TM_6 | SYMBOL: ESH26 | RAW: 64 | FILLS: 32
DEBUG: Running _parse_file_nitro on C:\Model-\TradeActivityLogs-tm_6\TradeActivityLog_2026-01-07_UTC.ES-IPS_TM_6.data with Adaptive Ghost logic...
DEBUG: Running _parse_file_nitro on C:\Model-\TradeActivityLogs-tm_6\TradeActivityLog_2026-02-23_UTC.ES-TM_6.data with Adaptive Ghost logic...
FILE: TRADEACTIVITYLOG_2026-01-28_UTC.TM_6.DATA | ACC: TM_6 | SYMBOL: CLH26 | RAW: 200 | FILLS: 100
DEBUG: Running _parse_file_nitro on C:\Model-\TradeActivityLogs-tm_6\TradeActivityLog_2026-01-29_UTC.ES-IPS_TM_6.data with Adaptive Ghost logic...
FILE: TRADEACTIVITYLOG_2026-04-11_UTC.ES-TM_6.DATA | ACC: ES-TM_6 | SYMBOL: ES | RAW: 0 | FILLS: 0
FILE: TRADEACTIVITYLOG_2025-10-09_UTC.ES-TM_6.DATA | ACC: ES-TM_6 | SYMBOL: ES | RAW: 0 | FILLS: 0
DEBUG: Running _parse_file_nitro on C:\Model-\TradeActivityLogs-tm_6\TradeActivityLog_2025-10-09_UTC.IPS_TM_6.data with Adaptive Ghost logic...
FILE: TRADEACTIVITYLOG_2026-01-07_UTC.ES-IPS_TM_6.DATA | ACC: ES-IPS_TM_6 | SYMBOL: ESH26 | RAW: 68 | FILLS: 34
DEBUG: Running _parse_file_nitro on C:\Model-\TradeActivityLogs-tm_6\TradeActivityLog_2026-01-07_UTC.ES-TM_6.data with Adaptive Ghost logic...
FILE: TRADEACTIVITYLOG_2026-01-29_UTC.ES-IPS_TM_6.DATA | ACC: ES-IPS_TM_6 | SYMBOL: ESH26 | RAW: 24 | FILLS: 12
DEBUG: Running _parse_file_nitro on C:\Model-\TradeActivityLogs-tm_6\TradeActivityLog_2026-01-29_UTC.ES-TM_6.data with Adaptive Ghost logic...
FILE: TRADEACTIVITYLOG_2026-02-23_UTC.ES-TM_6.DATA | ACC: ES-TM_6 | SYMBOL: ESH26 | RAW: 64 | FILLS: 32
DEBUG: Running _parse_file_nitro on C:\Model-\TradeActivityLogs-tm_6\TradeActivityLog_2026-02-23_UTC.IPS_TM_6.data with Adaptive Ghost logic...
FILE: TRADEACTIVITYLOG_2026-04-11_UTC.IPS_TM_6.DATA | ACC: IPS_TM_6 | SYMBOL: Unknown | RAW: 0 | FILLS: 0
DEBUG: Running _parse_file_nitro on C:\Model-\TradeActivityLogs-tm_6\TradeActivityLog_2026-04-11_UTC.TM_6.data with Adaptive Ghost logic...
FILE: TRADEACTIVITYLOG_2025-12-12_UTC.TM_6.DATA | ACC: TM_6 | SYMBOL: NQZ25 | RAW: 242 | FILLS: 121
DEBUG: Running _parse_file_nitro on C:\Model-\TradeActivityLogs-tm_6\TradeActivityLog_2025-12-14_UTC.IPS_TM_6.data with Adaptive Ghost logic...
FILE: TRADEACTIVITYLOG_2026-03-19_UTC.IPS_TM_6.DATA | ACC: IPS_TM_6 | SYMBOL: NQM26 | RAW: 202 | FILLS: 101
DEBUG: Running _parse_file_nitro on C:\Model-\TradeActivityLogs-tm_6\TradeActivityLog_2026-03-19_UTC.TM_6.data with Adaptive Ghost logic...
FILE: TRADEACTIVITYLOG_2025-10-30_UTC.IPS_TM_6.DATA | ACC: IPS_TM_6 | SYMBOL: CLZ25 | RAW: 262 | FILLS: 131
DEBUG: Running _parse_file_nitro on C:\Model-\TradeActivityLogs-tm_6\TradeActivityLog_2025-10-30_UTC.TM_6.data with Adaptive Ghost logic...
FILE: TRADEACTIVITYLOG_2025-10-09_UTC.IPS_TM_6.DATA | ACC: IPS_TM_6 | SYMBOL: NQZ25 | RAW: 124 | FILLS: 62
FILE: TRADEACTIVITYLOG_2026-01-07_UTC.ES-TM_6.DATA | ACC: ES-TM_6 | SYMBOL: ESH26 | RAW: 68 | FILLS: 34
DEBUG: Running _parse_file_nitro on C:\Model-\TradeActivityLogs-tm_6\TradeActivityLog_2025-10-09_UTC.TM_6.data with Adaptive Ghost logic...
DEBUG: Running _parse_file_nitro on C:\Model-\TradeActivityLogs-tm_6\TradeActivityLog_2026-01-07_UTC.IPS_TM_6.data with Adaptive Ghost logic...
FILE: TRADEACTIVITYLOG_2026-01-29_UTC.ES-TM_6.DATA | ACC: ES-TM_6 | SYMBOL: ESH26 | RAW: 24 | FILLS: 12
DEBUG: Running _parse_file_nitro on C:\Model-\TradeActivityLogs-tm_6\TradeActivityLog_2026-01-29_UTC.IPS_TM_6.data with Adaptive Ghost logic...
FILE: TRADEACTIVITYLOG_2026-04-11_UTC.TM_6.DATA | ACC: TM_6 | SYMBOL: Unknown | RAW: 0 | FILLS: 0
DEBUG: Running _parse_file_nitro on C:\Model-\TradeActivityLogs-tm_6\TradeActivityLog_2026-04-12_UTC.ES-IPS_TM_6.data with Adaptive Ghost logic...
FILE: TRADEACTIVITYLOG_2025-11-20_UTC.IPS_TM_6.DATA | ACC: IPS_TM_6 | SYMBOL: NQZ25 | RAW: 477 | FILLS: 246
DEBUG: Running _parse_file_nitro on C:\Model-\TradeActivityLogs-tm_6\TradeActivityLog_2025-11-20_UTC.TM_6.data with Adaptive Ghost logic...
FILE: TRADEACTIVITYLOG_2025-12-14_UTC.IPS_TM_6.DATA | ACC: IPS_TM_6 | SYMBOL: NQZ25 | RAW: 12 | FILLS: 6
DEBUG: Running _parse_file_nitro on C:\Model-\TradeActivityLogs-tm_6\TradeActivityLog_2025-12-14_UTC.TM_6.data with Adaptive Ghost logic...
FILE: TRADEACTIVITYLOG_2026-02-23_UTC.IPS_TM_6.DATA | ACC: IPS_TM_6 | SYMBOL: NQH26 | RAW: 284 | FILLS: 142
DEBUG: Running _parse_file_nitro on C:\Model-\TradeActivityLogs-tm_6\TradeActivityLog_2026-02-23_UTC.TM_6.data with Adaptive Ghost logic...
FILE: TRADEACTIVITYLOG_2025-12-14_UTC.TM_6.DATA | ACC: TM_6 | SYMBOL: NQZ25 | RAW: 12 | FILLS: 6
FILE: TRADEACTIVITYLOG_2026-04-12_UTC.ES-IPS_TM_6.DATA | ACC: ES-IPS_TM_6 | SYMBOL: ESM26 | RAW: 8 | FILLS: 4
DEBUG: Running _parse_file_nitro on C:\Model-\TradeActivityLogs-tm_6\TradeActivityLog_2025-12-15_UTC.ES-IPS_TM_6.data with Adaptive Ghost logic...
DEBUG: Running _parse_file_nitro on C:\Model-\TradeActivityLogs-tm_6\TradeActivityLog_2026-04-12_UTC.ES-TM_6.data with Adaptive Ghost logic...
FILE: TRADEACTIVITYLOG_2025-10-09_UTC.TM_6.DATA | ACC: TM_6 | SYMBOL: NQZ25 | RAW: 116 | FILLS: 58
FILE: TRADEACTIVITYLOG_2026-03-19_UTC.TM_6.DATA | ACC: TM_6 | SYMBOL: NQM26 | RAW: 204 | FILLS: 102
DEBUG: Running _parse_file_nitro on C:\Model-\TradeActivityLogs-tm_6\TradeActivityLog_2025-10-10_UTC.IPS_TM_6.data with Adaptive Ghost logic...
DEBUG: Running _parse_file_nitro on C:\Model-\TradeActivityLogs-tm_6\TradeActivityLog_2026-03-20_UTC.ES-IPS_TM_6.data with Adaptive Ghost logic...
FILE: TRADEACTIVITYLOG_2025-10-30_UTC.TM_6.DATA | ACC: TM_6 | SYMBOL: CLZ25 | RAW: 266 | FILLS: 133
DEBUG: Running _parse_file_nitro on C:\Model-\TradeActivityLogs-tm_6\TradeActivityLog_2025-10-31_UTC.ES-IPS_TM_6.data with Adaptive Ghost logic...
FILE: TRADEACTIVITYLOG_2026-01-07_UTC.IPS_TM_6.DATA | ACC: IPS_TM_6 | SYMBOL: CLG26 | RAW: 259 | FILLS: 130
DEBUG: Running _parse_file_nitro on C:\Model-\TradeActivityLogs-tm_6\TradeActivityLog_2026-01-07_UTC.TM_6.data with Adaptive Ghost logic...
FILE: TRADEACTIVITYLOG_2025-12-15_UTC.ES-IPS_TM_6.DATA | ACC: ES-IPS_TM_6 | SYMBOL: ESZ25 | RAW: 38 | FILLS: 19
DEBUG: Running _parse_file_nitro on C:\Model-\TradeActivityLogs-tm_6\TradeActivityLog_2025-12-15_UTC.ES-TM_6.data with Adaptive Ghost logic...
FILE: TRADEACTIVITYLOG_2026-04-12_UTC.ES-TM_6.DATA | ACC: ES-TM_6 | SYMBOL: ESM26 | RAW: 8 | FILLS: 4
DEBUG: Running _parse_file_nitro on C:\Model-\TradeActivityLogs-tm_6\TradeActivityLog_2026-04-12_UTC.IPS_TM_6.data with Adaptive Ghost logic...
FILE: TRADEACTIVITYLOG_2026-01-29_UTC.IPS_TM_6.DATA | ACC: IPS_TM_6 | SYMBOL: NQH26 | RAW: 348 | FILLS: 174
DEBUG: Running _parse_file_nitro on C:\Model-\TradeActivityLogs-tm_6\TradeActivityLog_2026-01-29_UTC.TM_6.data with Adaptive Ghost logic...
FILE: TRADEACTIVITYLOG_2026-03-20_UTC.ES-IPS_TM_6.DATA | ACC: ES-IPS_TM_6 | SYMBOL: ESM26 | RAW: 84 | FILLS: 42
DEBUG: Running _parse_file_nitro on C:\Model-\TradeActivityLogs-tm_6\TradeActivityLog_2026-03-20_UTC.ES-TM_6.data with Adaptive Ghost logic...
FILE: TRADEACTIVITYLOG_2025-10-31_UTC.ES-IPS_TM_6.DATA | ACC: ES-IPS_TM_6 | SYMBOL: ESZ25 | RAW: 46 | FILLS: 23
DEBUG: Running _parse_file_nitro on C:\Model-\TradeActivityLogs-tm_6\TradeActivityLog_2025-10-31_UTC.ES-TM_6.data with Adaptive Ghost logic...
FILE: TRADEACTIVITYLOG_2025-10-10_UTC.IPS_TM_6.DATA | ACC: IPS_TM_6 | SYMBOL: NQZ25 | RAW: 214 | FILLS: 107
FILE: TRADEACTIVITYLOG_2025-12-15_UTC.ES-TM_6.DATA | ACC: ES-TM_6 | SYMBOL: ESZ25 | RAW: 38 | FILLS: 19
FILE: TRADEACTIVITYLOG_2026-02-23_UTC.TM_6.DATA | ACC: TM_6 | SYMBOL: NQH26 | RAW: 278 | FILLS: 139
DEBUG: Running _parse_file_nitro on C:\Model-\TradeActivityLogs-tm_6\TradeActivityLog_2025-10-10_UTC.TM_6.data with Adaptive Ghost logic...
DEBUG: Running _parse_file_nitro on C:\Model-\TradeActivityLogs-tm_6\TradeActivityLog_2025-12-15_UTC.IPS_TM_6.data with Adaptive Ghost logic...
DEBUG: Running _parse_file_nitro on C:\Model-\TradeActivityLogs-tm_6\TradeActivityLog_2026-02-24_UTC.ES-IPS_TM_6.data with Adaptive Ghost logic...
FILE: TRADEACTIVITYLOG_2026-04-12_UTC.IPS_TM_6.DATA | ACC: IPS_TM_6 | SYMBOL: CLK26 | RAW: 28 | FILLS: 14
DEBUG: Running _parse_file_nitro on C:\Model-\TradeActivityLogs-tm_6\TradeActivityLog_2026-04-12_UTC.TM_6.data with Adaptive Ghost logic...
FILE: TRADEACTIVITYLOG_2024-10-01_UTC.IPS_TM_6.DATA | ACC: IPS_TM_6 | SYMBOL: CLX24 | RAW: 20 | FILLS: 10
DEBUG: Running _parse_file_nitro on C:\Model-\TradeActivityLogs-tm_6\TradeActivityLog_2024-10-01_UTC.TM_6.data with Adaptive Ghost logic...
FILE: TRADEACTIVITYLOG_2025-11-20_UTC.TM_6.DATA | ACC: TM_6 | SYMBOL: NQZ25 | RAW: 101 | FILLS: 52
FILE: TRADEACTIVITYLOG_2025-10-31_UTC.ES-TM_6.DATA | ACC: ES-TM_6 | SYMBOL: ESZ25 | RAW: 46 | FILLS: 23
DEBUG: Running _parse_file_nitro on C:\Model-\TradeActivityLogs-tm_6\TradeActivityLog_2025-10-31_UTC.IPS_TM_6.data with Adaptive Ghost logic...
DEBUG: Running _parse_file_nitro on C:\Model-\TradeActivityLogs-tm_6\TradeActivityLog_2025-11-21_UTC.ES-IPS_TM_6.data with Adaptive Ghost logic...
FILE: TRADEACTIVITYLOG_2026-02-24_UTC.ES-IPS_TM_6.DATA | ACC: ES-IPS_TM_6 | SYMBOL: ESH26 | RAW: 52 | FILLS: 26
FILE: TRADEACTIVITYLOG_2026-03-20_UTC.ES-TM_6.DATA | ACC: ES-TM_6 | SYMBOL: ESM26 | RAW: 84 | FILLS: 42
DEBUG: Running _parse_file_nitro on C:\Model-\TradeActivityLogs-tm_6\TradeActivityLog_2026-02-24_UTC.ES-TM_6.data with Adaptive Ghost logic...
DEBUG: Running _parse_file_nitro on C:\Model-\TradeActivityLogs-tm_6\TradeActivityLog_2026-03-20_UTC.IPS_TM_6.data with Adaptive Ghost logic...
FILE: TRADEACTIVITYLOG_2026-01-07_UTC.TM_6.DATA | ACC: TM_6 | SYMBOL: CLG26 | RAW: 259 | FILLS: 130
DEBUG: Running _parse_file_nitro on C:\Model-\TradeActivityLogs-tm_6\TradeActivityLog_2026-01-08_UTC.ES-IPS_TM_6.data with Adaptive Ghost logic...
FILE: TRADEACTIVITYLOG_2026-04-12_UTC.TM_6.DATA | ACC: TM_6 | SYMBOL: CLK26 | RAW: 28 | FILLS: 14
DEBUG: Running _parse_file_nitro on C:\Model-\TradeActivityLogs-tm_6\TradeActivityLog_2026-04-13_UTC.ES-IPS_TM_6.data with Adaptive Ghost logic...
FILE: TRADEACTIVITYLOG_2026-01-29_UTC.TM_6.DATA | ACC: TM_6 | SYMBOL: NQH26 | RAW: 354 | FILLS: 177
DEBUG: Running _parse_file_nitro on C:\Model-\TradeActivityLogs-tm_6\TradeActivityLog_2026-01-30_UTC.ES-IPS_TM_6.data with Adaptive Ghost logic...
FILE: TRADEACTIVITYLOG_2025-12-15_UTC.IPS_TM_6.DATA | ACC: IPS_TM_6 | SYMBOL: NQZ25 | RAW: 166 | FILLS: 83
DEBUG: Running _parse_file_nitro on C:\Model-\TradeActivityLogs-tm_6\TradeActivityLog_2025-12-15_UTC.TM_6.data with Adaptive Ghost logic...
FILE: TRADEACTIVITYLOG_2025-10-10_UTC.TM_6.DATA | ACC: TM_6 | SYMBOL: NQZ25 | RAW: 214 | FILLS: 107
DEBUG: Running _parse_file_nitro on C:\Model-\TradeActivityLogs-tm_6\TradeActivityLog_2025-10-12_UTC.ES-IPS_TM_6.data with Adaptive Ghost logic...
FILE: TRADEACTIVITYLOG_2025-11-21_UTC.ES-IPS_TM_6.DATA | ACC: ES-IPS_TM_6 | SYMBOL: ESZ25 | RAW: 81 | FILLS: 40
FILE: TRADEACTIVITYLOG_2026-02-24_UTC.ES-TM_6.DATA | ACC: ES-TM_6 | SYMBOL: ESH26 | RAW: 52 | FILLS: 26
DEBUG: Running _parse_file_nitro on C:\Model-\TradeActivityLogs-tm_6\TradeActivityLog_2025-11-21_UTC.ES-TM_6.data with Adaptive Ghost logic...
DEBUG: Running _parse_file_nitro on C:\Model-\TradeActivityLogs-tm_6\TradeActivityLog_2026-02-24_UTC.IPS_TM_6.data with Adaptive Ghost logic...
FILE: TRADEACTIVITYLOG_2024-10-01_UTC.TM_6.DATA | ACC: TM_6 | SYMBOL: NQZ24 | RAW: 198 | FILLS: 99
DEBUG: Running _parse_file_nitro on C:\Model-\TradeActivityLogs-tm_6\TradeActivityLog_2024-10-01_UTC.ZB-IPS_TM_6.data with Adaptive Ghost logic...
FILE: TRADEACTIVITYLOG_2026-04-13_UTC.ES-IPS_TM_6.DATA | ACC: ES-IPS_TM_6 | SYMBOL: ESM26 | RAW: 66 | FILLS: 33
DEBUG: Running _parse_file_nitro on C:\Model-\TradeActivityLogs-tm_6\TradeActivityLog_2026-04-13_UTC.ES-TM_6.data with Adaptive Ghost logic...
FILE: TRADEACTIVITYLOG_2026-01-08_UTC.ES-IPS_TM_6.DATA | ACC: ES-IPS_TM_6 | SYMBOL: ESH26 | RAW: 52 | FILLS: 26
FILE: TRADEACTIVITYLOG_2025-10-31_UTC.IPS_TM_6.DATA | ACC: IPS_TM_6 | SYMBOL: CLZ25 | RAW: 222 | FILLS: 111
DEBUG: Running _parse_file_nitro on C:\Model-\TradeActivityLogs-tm_6\TradeActivityLog_2026-01-08_UTC.ES-TM_6.data with Adaptive Ghost logic...
DEBUG: Running _parse_file_nitro on C:\Model-\TradeActivityLogs-tm_6\TradeActivityLog_2025-10-31_UTC.TM_6.data with Adaptive Ghost logic...
FILE: TRADEACTIVITYLOG_2026-01-30_UTC.ES-IPS_TM_6.DATA | ACC: ES-IPS_TM_6 | SYMBOL: ESH26 | RAW: 44 | FILLS: 22
FILE: TRADEACTIVITYLOG_2025-10-12_UTC.ES-IPS_TM_6.DATA | ACC: ES-IPS_TM_6 | SYMBOL: ES | RAW: 0 | FILLS: 0
DEBUG: Running _parse_file_nitro on C:\Model-\TradeActivityLogs-tm_6\TradeActivityLog_2026-01-30_UTC.ES-TM_6.data with Adaptive Ghost logic...
DEBUG: Running _parse_file_nitro on C:\Model-\TradeActivityLogs-tm_6\TradeActivityLog_2025-10-12_UTC.ES-TM_6.data with Adaptive Ghost logic...
FILE: TRADEACTIVITYLOG_2026-03-20_UTC.IPS_TM_6.DATA | ACC: IPS_TM_6 | SYMBOL: NQM26 | RAW: 154 | FILLS: 77
FILE: TRADEACTIVITYLOG_2024-10-01_UTC.ZB-IPS_TM_6.DATA | ACC: ZB-IPS_TM_6 | SYMBOL: Unknown | RAW: 0 | FILLS: 0
DEBUG: Running _parse_file_nitro on C:\Model-\TradeActivityLogs-tm_6\TradeActivityLog_2026-03-20_UTC.TM_6.data with Adaptive Ghost logic...
DEBUG: Running _parse_file_nitro on C:\Model-\TradeActivityLogs-tm_6\TradeActivityLog_2024-10-01_UTC.ZB-TM_6.data with Adaptive Ghost logic...
FILE: TRADEACTIVITYLOG_2025-10-12_UTC.ES-TM_6.DATA | ACC: ES-TM_6 | SYMBOL: ES | RAW: 0 | FILLS: 0
FILE: TRADEACTIVITYLOG_2025-12-15_UTC.TM_6.DATA | ACC: TM_6 | SYMBOL: NQZ25 | RAW: 166 | FILLS: 83
DEBUG: Running _parse_file_nitro on C:\Model-\TradeActivityLogs-tm_6\TradeActivityLog_2025-10-12_UTC.IPS_TM_6.data with Adaptive Ghost logic...
FILE: TRADEACTIVITYLOG_2025-11-21_UTC.ES-TM_6.DATA | ACC: ES-TM_6 | SYMBOL: ESZ25 | RAW: 81 | FILLS: 40
DEBUG: Running _parse_file_nitro on C:\Model-\TradeActivityLogs-tm_6\TradeActivityLog_2025-12-16_UTC.ES-IPS_TM_6.data with Adaptive Ghost logic...
DEBUG: Running _parse_file_nitro on C:\Model-\TradeActivityLogs-tm_6\TradeActivityLog_2025-11-21_UTC.IPS_TM_6.data with Adaptive Ghost logic...
FILE: TRADEACTIVITYLOG_2026-04-13_UTC.ES-TM_6.DATA | ACC: ES-TM_6 | SYMBOL: ESM26 | RAW: 66 | FILLS: 33
DEBUG: Running _parse_file_nitro on C:\Model-\TradeActivityLogs-tm_6\TradeActivityLog_2026-04-13_UTC.IPS_TM_6.data with Adaptive Ghost logic...
FILE: TRADEACTIVITYLOG_2026-01-30_UTC.ES-TM_6.DATA | ACC: ES-TM_6 | SYMBOL: ESH26 | RAW: 44 | FILLS: 22
DEBUG: Running _parse_file_nitro on C:\Model-\TradeActivityLogs-tm_6\TradeActivityLog_2026-01-30_UTC.IPS_TM_6.data with Adaptive Ghost logic...
FILE: TRADEACTIVITYLOG_2026-01-08_UTC.ES-TM_6.DATA | ACC: ES-TM_6 | SYMBOL: ESH26 | RAW: 52 | FILLS: 26
FILE: TRADEACTIVITYLOG_2024-10-01_UTC.ZB-TM_6.DATA | ACC: ZB-TM_6 | SYMBOL: Unknown | RAW: 0 | FILLS: 0
DEBUG: Running _parse_file_nitro on C:\Model-\TradeActivityLogs-tm_6\TradeActivityLog_2026-01-08_UTC.IPS_TM_6.data with Adaptive Ghost logic...
DEBUG: Running _parse_file_nitro on C:\Model-\TradeActivityLogs-tm_6\TradeActivityLog_2024-10-02_UTC.CL-IPS_TM_6.data with Adaptive Ghost logic...
FILE: TRADEACTIVITYLOG_2025-10-12_UTC.IPS_TM_6.DATA | ACC: IPS_TM_6 | SYMBOL: NQZ25 | RAW: 8 | FILLS: 4
DEBUG: Running _parse_file_nitro on C:\Model-\TradeActivityLogs-tm_6\TradeActivityLog_2025-10-12_UTC.TM_6.data with Adaptive Ghost logic...
FILE: TRADEACTIVITYLOG_2025-12-16_UTC.ES-IPS_TM_6.DATA | ACC: ES-IPS_TM_6 | SYMBOL: ESZ25 | RAW: 22 | FILLS: 11
DEBUG: Running _parse_file_nitro on C:\Model-\TradeActivityLogs-tm_6\TradeActivityLog_2025-12-16_UTC.ES-TM_6.data with Adaptive Ghost logic...
FILE: TRADEACTIVITYLOG_2026-02-24_UTC.IPS_TM_6.DATA | ACC: IPS_TM_6 | SYMBOL: NQH26 | RAW: 248 | FILLS: 124
DEBUG: Running _parse_file_nitro on C:\Model-\TradeActivityLogs-tm_6\TradeActivityLog_2026-02-24_UTC.TM_6.data with Adaptive Ghost logic...
FILE: TRADEACTIVITYLOG_2025-10-31_UTC.TM_6.DATA | ACC: TM_6 | SYMBOL: CLZ25 | RAW: 214 | FILLS: 107
DEBUG: Running _parse_file_nitro on C:\Model-\TradeActivityLogs-tm_6\TradeActivityLog_2025-11-01_UTC.ES-IPS_TM_6.data with Adaptive Ghost logic...
FILE: TRADEACTIVITYLOG_2024-10-02_UTC.CL-IPS_TM_6.DATA | ACC: CL-IPS_TM_6 | SYMBOL: CL | RAW: 0 | FILLS: 0
DEBUG: Running _parse_file_nitro on C:\Model-\TradeActivityLogs-tm_6\TradeActivityLog_2024-10-02_UTC.CL-TM_6.data with Adaptive Ghost logic...
FILE: TRADEACTIVITYLOG_2025-10-12_UTC.TM_6.DATA | ACC: TM_6 | SYMBOL: NQZ25 | RAW: 8 | FILLS: 4
DEBUG: Running _parse_file_nitro on C:\Model-\TradeActivityLogs-tm_6\TradeActivityLog_2025-10-13_UTC.ES-IPS_TM_6.data with Adaptive Ghost logic...
FILE: TRADEACTIVITYLOG_2026-03-20_UTC.TM_6.DATA | ACC: TM_6 | SYMBOL: NQM26 | RAW: 154 | FILLS: 77
DEBUG: Running _parse_file_nitro on C:\Model-\TradeActivityLogs-tm_6\TradeActivityLog_2026-03-22_UTC.ES-IPS_TM_6.data with Adaptive Ghost logic...
FILE: TRADEACTIVITYLOG_2025-12-16_UTC.ES-TM_6.DATA | ACC: ES-TM_6 | SYMBOL: ESZ25 | RAW: 22 | FILLS: 11
FILE: TRADEACTIVITYLOG_2025-11-01_UTC.ES-IPS_TM_6.DATA | ACC: ES-IPS_TM_6 | SYMBOL: ES | RAW: 0 | FILLS: 0
DEBUG: Running _parse_file_nitro on C:\Model-\TradeActivityLogs-tm_6\TradeActivityLog_2025-12-16_UTC.IPS_TM_6.data with Adaptive Ghost logic...
DEBUG: Running _parse_file_nitro on C:\Model-\TradeActivityLogs-tm_6\TradeActivityLog_2025-11-01_UTC.ES-TM_6.data with Adaptive Ghost logic...
FILE: TRADEACTIVITYLOG_2024-10-02_UTC.CL-TM_6.DATA | ACC: CL-TM_6 | SYMBOL: CL | RAW: 0 | FILLS: 0
DEBUG: Running _parse_file_nitro on C:\Model-\TradeActivityLogs-tm_6\TradeActivityLog_2024-10-02_UTC.ES-IPS_TM_6.data with Adaptive Ghost logic...
FILE: TRADEACTIVITYLOG_2026-04-13_UTC.IPS_TM_6.DATA | ACC: IPS_TM_6 | SYMBOL: NQM26 | RAW: 266 | FILLS: 133
DEBUG: Running _parse_file_nitro on C:\Model-\TradeActivityLogs-tm_6\TradeActivityLog_2026-04-13_UTC.TM_6.data with Adaptive Ghost logic...
FILE: TRADEACTIVITYLOG_2026-03-22_UTC.ES-IPS_TM_6.DATA | ACC: ES-IPS_TM_6 | SYMBOL: ESM26 | RAW: 4 | FILLS: 2
DEBUG: Running _parse_file_nitro on C:\Model-\TradeActivityLogs-tm_6\TradeActivityLog_2026-03-22_UTC.ES-TM_6.data with Adaptive Ghost logic...
FILE: TRADEACTIVITYLOG_2025-11-01_UTC.ES-TM_6.DATA | ACC: ES-TM_6 | SYMBOL: ES | RAW: 0 | FILLS: 0
DEBUG: Running _parse_file_nitro on C:\Model-\TradeActivityLogs-tm_6\TradeActivityLog_2025-11-01_UTC.IPS_TM_6.data with Adaptive Ghost logic...
FILE: TRADEACTIVITYLOG_2026-01-08_UTC.IPS_TM_6.DATA | ACC: IPS_TM_6 | SYMBOL: CLG26 | RAW: 230 | FILLS: 115
FILE: TRADEACTIVITYLOG_2026-01-30_UTC.IPS_TM_6.DATA | ACC: IPS_TM_6 | SYMBOL: NQH26 | RAW: 281 | FILLS: 141
DEBUG: Running _parse_file_nitro on C:\Model-\TradeActivityLogs-tm_6\TradeActivityLog_2026-01-08_UTC.TM_6.data with Adaptive Ghost logic...
DEBUG: Running _parse_file_nitro on C:\Model-\TradeActivityLogs-tm_6\TradeActivityLog_2026-01-30_UTC.TM_6.data with Adaptive Ghost logic...
FILE: TRADEACTIVITYLOG_2025-10-13_UTC.ES-IPS_TM_6.DATA | ACC: ES-IPS_TM_6 | SYMBOL: ESZ25 | RAW: 78 | FILLS: 39
FILE: TRADEACTIVITYLOG_2025-11-21_UTC.IPS_TM_6.DATA | ACC: IPS_TM_6 | SYMBOL: CLF26 | RAW: 409 | FILLS: 205
DEBUG: Running _parse_file_nitro on C:\Model-\TradeActivityLogs-tm_6\TradeActivityLog_2025-11-21_UTC.TM_6.data with Adaptive Ghost logic...
DEBUG: Running _parse_file_nitro on C:\Model-\TradeActivityLogs-tm_6\TradeActivityLog_2025-10-13_UTC.ES-TM_6.data with Adaptive Ghost logic...
FILE: TRADEACTIVITYLOG_2025-12-16_UTC.IPS_TM_6.DATA | ACC: IPS_TM_6 | SYMBOL: NQZ25 | RAW: 66 | FILLS: 33
DEBUG: Running _parse_file_nitro on C:\Model-\TradeActivityLogs-tm_6\TradeActivityLog_2025-12-16_UTC.TM_6.data with Adaptive Ghost logic...
FILE: TRADEACTIVITYLOG_2024-10-02_UTC.ES-IPS_TM_6.DATA | ACC: ES-IPS_TM_6 | SYMBOL: ESZ24 | RAW: 90 | FILLS: 45
FILE: TRADEACTIVITYLOG_2025-11-01_UTC.IPS_TM_6.DATA | ACC: IPS_TM_6 | SYMBOL: Unknown | RAW: 0 | FILLS: 0
6.data with Adaptive Ghost logic...
FILE: TRADEACTIVITYLOG_2026-02-24_UTC.TM_6.DATA | ACC: TM_6 | SYMBOL: NQH26 | RAW: 248 | FILLS: 124
FILE: TRADEACTIVITYLOG_2026-03-22_UTC.ES-TM_6.DATA | ACC: ES-TM_6 | SYMBOL: ESM26 | RAW: 4 | FILLS: 2
DEBUG: Running _parse_file_nitro on C:\Model-\TradeActivityLogs-tm_6\TradeActivityLog_2025-11-01_UTC.TM_6.data with Adaptive Ghost logic...
DEBUG: Running _parse_file_nitro on C:\Model-\TradeActivityLogs-tm_6\TradeActivityLog_2026-03-22_UTC.IPS_TM_6.data with Adaptive Ghost logic...
DEBUG: Running _parse_file_nitro on C:\Model-\TradeActivityLogs-tm_6\TradeActivityLog_2026-02-25_UTC.ES-IPS_TM_6.data with Adaptive Ghost logic...
FILE: TRADEACTIVITYLOG_2025-12-16_UTC.TM_6.DATA | ACC: TM_6 | SYMBOL: NQZ25 | RAW: 66 | FILLS: 33
DEBUG: Running _parse_file_nitro on C:\Model-\TradeActivityLogs-tm_6\TradeActivityLog_2025-12-17_UTC.ES-IPS_TM_6.data with Adaptive Ghost logic...
FILE: TRADEACTIVITYLOG_2025-11-01_UTC.TM_6.DATA | ACC: TM_6 | SYMBOL: Unknown | RAW: 0 | FILLS: 0
DEBUG: Running _parse_file_nitro on C:\Model-\TradeActivityLogs-tm_6\TradeActivityLog_2025-11-02_UTC.IPS_TM_6.data with Adaptive Ghost logic...
FILE: TRADEACTIVITYLOG_2025-11-21_UTC.TM_6.DATA | ACC: TM_6 | SYMBOL: CLF26 | RAW: 105 | FILLS: 52
DEBUG: Running _parse_file_nitro on C:\Model-\TradeActivityLogs-tm_6\TradeActivityLog_2025-11-22_UTC.ES-IPS_TM_6.data with Adaptive Ghost logic...
FILE: TRADEACTIVITYLOG_2025-10-13_UTC.ES-TM_6.DATA | ACC: ES-TM_6 | SYMBOL: ESZ25 | RAW: 80 | FILLS: 40
FILE: TRADEACTIVITYLOG_2026-03-22_UTC.IPS_TM_6.DATA | ACC: IPS_TM_6 | SYMBOL: NQM26 | RAW: 8 | FILLS: 4
DEBUG: Running _parse_file_nitro on C:\Model-\TradeActivityLogs-tm_6\TradeActivityLog_2026-03-22_UTC.TM_6.data with Adaptive Ghost logic...
DEBUG: Running _parse_file_nitro on C:\Model-\TradeActivityLogs-tm_6\TradeActivityLog_2026-05-05_UTC.IPS_TM_6.data with Adaptive Ghost logic...
FILE: TRADEACTIVITYLOG_2026-02-25_UTC.ES-IPS_TM_6.DATA | ACC: ES-IPS_TM_6 | SYMBOL: ESH26 | RAW: 58 | FILLS: 29
DEBUG: Running _parse_file_nitro on C:\Model-\TradeActivityLogs-tm_6\TradeActivityLog_2026-02-25_UTC.ES-TM_6.data with Adaptive Ghost logic...
FILE: TRADEACTIVITYLOG_2024-10-02_UTC.ES-TM_6.DATA | ACC: ES-TM_6 | SYMBOL: ESZ24 | RAW: 90 | FILLS: 45
FILE: TRADEACTIVITYLOG_2026-04-13_UTC.TM_6.DATA | ACC: TM_6 | SYMBOL: NQM26 | RAW: 258 | FILLS: 129
DEBUG: Running _parse_file_nitro on C:\Model-\TradeActivityLogs-tm_6\TradeActivityLog_2024-10-02_UTC.IPS_TM_6.data with Adaptive Ghost logic...
DEBUG: Running _parse_file_nitro on C:\Model-\TradeActivityLogs-tm_6\TradeActivityLog_2026-04-14_UTC.ES-IPS_TM_6.data with Adaptive Ghost logic...
FILE: TRADEACTIVITYLOG_2025-11-22_UTC.ES-IPS_TM_6.DATA | ACC: ES-IPS_TM_6 | SYMBOL: ES | RAW: 0 | FILLS: 0
DEBUG: Running _parse_file_nitro on C:\Model-\TradeActivityLogs-tm_6\TradeActivityLog_2025-11-22_UTC.ES-TM_6.data with Adaptive Ghost logic...
FILE: TRADEACTIVITYLOG_2025-11-02_UTC.IPS_TM_6.DATA | ACC: IPS_TM_6 | SYMBOL: CLZ25 | RAW: 4 | FILLS: 2
DEBUG: Running _parse_file_nitro on C:\Model-\TradeActivityLogs-tm_6\TradeActivityLog_2025-11-02_UTC.TM_6.data with Adaptive Ghost logic...
FILE: TRADEACTIVITYLOG_2026-01-30_UTC.TM_6.DATA | ACC: TM_6 | SYMBOL: NQH26 | RAW: 271 | FILLS: 136
DEBUG: Running _parse_file_nitro on C:\Model-\TradeActivityLogs-tm_6\TradeActivityLog_2026-02-01_UTC.ES-IPS_TM_6.data with Adaptive Ghost logic...
FILE: TRADEACTIVITYLOG_2026-03-22_UTC.TM_6.DATA | ACC: TM_6 | SYMBOL: NQM26 | RAW: 8 | FILLS: 4
FILE: TRADEACTIVITYLOG_2025-12-17_UTC.ES-IPS_TM_6.DATA | ACC: ES-IPS_TM_6 | SYMBOL: ESH26 | RAW: 48 | FILLS: 24
DEBUG: Running _parse_file_nitro on C:\Model-\TradeActivityLogs-tm_6\TradeActivityLog_2026-03-23_UTC.ES-IPS_TM_6.data with Adaptive Ghost logic...
DEBUG: Running _parse_file_nitro on C:\Model-\TradeActivityLogs-tm_6\TradeActivityLog_2025-12-17_UTC.ES-TM_6.data with Adaptive Ghost logic...
FILE: TRADEACTIVITYLOG_2026-02-25_UTC.ES-TM_6.DATA | ACC: ES-TM_6 | SYMBOL: ESH26 | RAW: 56 | FILLS: 28
DEBUG: Running _parse_file_nitro on C:\Model-\TradeActivityLogs-tm_6\TradeActivityLog_2026-02-25_UTC.IPS_TM_6.data with Adaptive Ghost logic...
FILE: TRADEACTIVITYLOG_2026-01-08_UTC.TM_6.DATA | ACC: TM_6 | SYMBOL: CLG26 | RAW: 230 | FILLS: 115
DEBUG: Running _parse_file_nitro on C:\Model-\TradeActivityLogs-tm_6\TradeActivityLog_2026-01-09_UTC.ES-IPS_TM_6.data with Adaptive Ghost logic...
FILE: TRADEACTIVITYLOG_2025-11-22_UTC.ES-TM_6.DATA | ACC: ES-TM_6 | SYMBOL: ES | RAW: 0 | FILLS: 0
DEBUG: Running _parse_file_nitro on C:\Model-\TradeActivityLogs-tm_6\TradeActivityLog_2025-11-22_UTC.IPS_TM_6.data with Adaptive Ghost logic...
FILE: TRADEACTIVITYLOG_2025-11-02_UTC.TM_6.DATA | ACC: TM_6 | SYMBOL: CLZ25 | RAW: 4 | FILLS: 2
DEBUG: Running _parse_file_nitro on C:\Model-\TradeActivityLogs-tm_6\TradeActivityLog_2025-11-03_UTC.ES-IPS_TM_6.data with Adaptive Ghost logic...
FILE: TRADEACTIVITYLOG_2026-05-05_UTC.IPS_TM_6.DATA | ACC: IPS_TM_6 | SYMBOL: NQM26 | RAW: 166 | FILLS: 83
DEBUG: Running _parse_file_nitro on C:\Model-\TradeActivityLogs-tm_6\TradeActivityLog_2026-05-05_UTC.TM_6.data with Adaptive Ghost logic...
FILE: TRADEACTIVITYLOG_2026-02-01_UTC.ES-IPS_TM_6.DATA | ACC: ES-IPS_TM_6 | SYMBOL: ESH26 | RAW: 4 | FILLS: 2
DEBUG: Running _parse_file_nitro on C:\Model-\TradeActivityLogs-tm_6\TradeActivityLog_2026-02-01_UTC.ES-TM_6.data with Adaptive Ghost logic...
FILE: TRADEACTIVITYLOG_2026-04-14_UTC.ES-IPS_TM_6.DATA | ACC: ES-IPS_TM_6 | SYMBOL: ESM26 | RAW: 42 | FILLS: 21
DEBUG: Running _parse_file_nitro on C:\Model-\TradeActivityLogs-tm_6\TradeActivityLog_2026-04-14_UTC.ES-TM_6.data with Adaptive Ghost logic...
FILE: TRADEACTIVITYLOG_2025-12-17_UTC.ES-TM_6.DATA | ACC: ES-TM_6 | SYMBOL: ESH26 | RAW: 48 | FILLS: 24
DEBUG: Running _parse_file_nitro on C:\Model-\TradeActivityLogs-tm_6\TradeActivityLog_2025-12-17_UTC.IPS_TM_6.data with Adaptive Ghost logic...
FILE: TRADEACTIVITYLOG_2025-11-22_UTC.IPS_TM_6.DATA | ACC: IPS_TM_6 | SYMBOL: Unknown | RAW: 0 | FILLS: 0
DEBUG: Running _parse_file_nitro on C:\Model-\TradeActivityLogs-tm_6\TradeActivityLog_2025-11-22_UTC.TM_6.data with Adaptive Ghost logic...
FILE: TRADEACTIVITYLOG_2024-10-02_UTC.IPS_TM_6.DATA | ACC: IPS_TM_6 | SYMBOL: NQZ24 | RAW: 255 | FILLS: 128
DEBUG: Running _parse_file_nitro on C:\Model-\TradeActivityLogs-tm_6\TradeActivityLog_2024-10-02_UTC.TM_6.data with Adaptive Ghost logic...
FILE: TRADEACTIVITYLOG_2026-01-09_UTC.ES-IPS_TM_6.DATA | ACC: ES-IPS_TM_6 | SYMBOL: ESH26 | RAW: 58 | FILLS: 29
DEBUG: Running _parse_file_nitro on C:\Model-\TradeActivityLogs-tm_6\TradeActivityLog_2026-01-09_UTC.ES-TM_6.data with Adaptive Ghost logic...
FILE: TRADEACTIVITYLOG_2026-03-23_UTC.ES-IPS_TM_6.DATA | ACC: ES-IPS_TM_6 | SYMBOL: ESM26 | RAW: 102 | FILLS: 51
DEBUG: Running _parse_file_nitro on C:\Model-\TradeActivityLogs-tm_6\TradeActivityLog_2026-03-23_UTC.ES-TM_6.data with Adaptive Ghost logic...
FILE: TRADEACTIVITYLOG_2025-11-03_UTC.ES-IPS_TM_6.DATA | ACC: ES-IPS_TM_6 | SYMBOL: ESZ25 | RAW: 60 | FILLS: 30
DEBUG: Running _parse_file_nitro on C:\Model-\TradeActivityLogs-tm_6\TradeActivityLog_2025-11-03_UTC.ES-TM_6.data with Adaptive Ghost logic...
FILE: TRADEACTIVITYLOG_2026-02-01_UTC.ES-TM_6.DATA | ACC: ES-TM_6 | SYMBOL: ESH26 | RAW: 4 | FILLS: 2
DEBUG: Running _parse_file_nitro on C:\Model-\TradeActivityLogs-tm_6\TradeActivityLog_2026-02-01_UTC.IPS_TM_6.data with Adaptive Ghost logic...
FILE: TRADEACTIVITYLOG_2026-04-14_UTC.ES-TM_6.DATA | ACC: ES-TM_6 | SYMBOL: ESM26 | RAW: 42 | FILLS: 21
DEBUG: Running _parse_file_nitro on C:\Model-\TradeActivityLogs-tm_6\TradeActivityLog_2026-04-14_UTC.IPS_TM_6.data with Adaptive Ghost logic...
FILE: TRADEACTIVITYLOG_2025-11-22_UTC.TM_6.DATA | ACC: TM_6 | SYMBOL: Unknown | RAW: 0 | FILLS: 0
FILE: TRADEACTIVITYLOG_2026-02-25_UTC.IPS_TM_6.DATA | ACC: IPS_TM_6 | SYMBOL: NQH26 | RAW: 200 | FILLS: 100
DEBUG: Running _parse_file_nitro on C:\Model-\TradeActivityLogs-tm_6\TradeActivityLog_2025-11-23_UTC.IPS_TM_6.data with Adaptive Ghost logic...
DEBUG: Running _parse_file_nitro on C:\Model-\TradeActivityLogs-tm_6\TradeActivityLog_2026-02-25_UTC.TM_6.data with Adaptive Ghost logic...
FILE: TRADEACTIVITYLOG_2026-05-05_UTC.TM_6.DATA | ACC: TM_6 | SYMBOL: NQM26 | RAW: 172 | FILLS: 86
DEBUG: Running _parse_file_nitro on C:\Model-\TradeActivityLogs-tm_6\TradeActivityLog_2026-05-06_UTC.ES-IPS_TM_6.data with Adaptive Ghost logic...
FILE: TRADEACTIVITYLOG_2025-12-17_UTC.IPS_TM_6.DATA | ACC: IPS_TM_6 | SYMBOL: NQH26 | RAW: 174 | FILLS: 87
FILE: TRADEACTIVITYLOG_2026-02-01_UTC.IPS_TM_6.DATA | ACC: IPS_TM_6 | SYMBOL: NQH26 | RAW: 22 | FILLS: 11
DEBUG: Running _parse_file_nitro on C:\Model-\TradeActivityLogs-tm_6\TradeActivityLog_2025-12-17_UTC.TM_6.data with Adaptive Ghost logic...
DEBUG: Running _parse_file_nitro on C:\Model-\TradeActivityLogs-tm_6\TradeActivityLog_2026-02-01_UTC.TM_6.data with Adaptive Ghost logic...
FILE: TRADEACTIVITYLOG_2026-01-09_UTC.ES-TM_6.DATA | ACC: ES-TM_6 | SYMBOL: ESH26 | RAW: 58 | FILLS: 29
FILE: TRADEACTIVITYLOG_2026-03-23_UTC.ES-TM_6.DATA | ACC: ES-TM_6 | SYMBOL: ESM26 | RAW: 94 | FILLS: 47
DEBUG: Running _parse_file_nitro on C:\Model-\TradeActivityLogs-tm_6\TradeActivityLog_2026-01-09_UTC.IPS_TM_6.data with Adaptive Ghost logic...
DEBUG: Running _parse_file_nitro on C:\Model-\TradeActivityLogs-tm_6\TradeActivityLog_2026-03-23_UTC.IPS_TM_6.data with Adaptive Ghost logic...
FILE: TRADEACTIVITYLOG_2025-11-03_UTC.ES-TM_6.DATA | ACC: ES-TM_6 | SYMBOL: ESZ25 | RAW: 60 | FILLS: 30
DEBUG: Running _parse_file_nitro on C:\Model-\TradeActivityLogs-tm_6\TradeActivityLog_2025-11-03_UTC.IPS_TM_6.data with Adaptive Ghost logic...
FILE: TRADEACTIVITYLOG_2024-10-02_UTC.TM_6.DATA | ACC: TM_6 | SYMBOL: NQZ24 | RAW: 255 | FILLS: 128
FILE: TRADEACTIVITYLOG_2025-11-23_UTC.IPS_TM_6.DATA | ACC: IPS_TM_6 | SYMBOL: NQZ25 | RAW: 12 | FILLS: 6
DEBUG: Running _parse_file_nitro on C:\Model-\TradeActivityLogs-tm_6\TradeActivityLog_2024-10-02_UTC.ZB-IPS_TM_6.data with Adaptive Ghost logic...
DEBUG: Running _parse_file_nitro on C:\Model-\TradeActivityLogs-tm_6\TradeActivityLog_2025-11-23_UTC.TM_6.data with Adaptive Ghost logic...
FILE: TRADEACTIVITYLOG_2026-05-06_UTC.ES-IPS_TM_6.DATA | ACC: ES-IPS_TM_6 | SYMBOL: ESM26 | RAW: 8 | FILLS: 4
DEBUG: Running _parse_file_nitro on C:\Model-\TradeActivityLogs-tm_6\TradeActivityLog_2026-05-06_UTC.ES-TM_6.data with Adaptive Ghost logic...
FILE: TRADEACTIVITYLOG_2026-02-01_UTC.TM_6.DATA | ACC: TM_6 | SYMBOL: NQH26 | RAW: 22 | FILLS: 11
DEBUG: Running _parse_file_nitro on C:\Model-\TradeActivityLogs-tm_6\TradeActivityLog_2026-02-02_UTC.ES-IPS_TM_6.data with Adaptive Ghost logic...
FILE: TRADEACTIVITYLOG_2024-10-02_UTC.ZB-IPS_TM_6.DATA | ACC: ZB-IPS_TM_6 | SYMBOL: Unknown | RAW: 0 | FILLS: 0
DEBUG: Running _parse_file_nitro on C:\Model-\TradeActivityLogs-tm_6\TradeActivityLog_2024-10-02_UTC.ZB-TM_6.data with Adaptive Ghost logic...
FILE: TRADEACTIVITYLOG_2026-04-14_UTC.IPS_TM_6.DATA | ACC: IPS_TM_6 | SYMBOL: CLK26 | RAW: 272 | FILLS: 136
DEBUG: Running _parse_file_nitro on C:\Model-\TradeActivityLogs-tm_6\TradeActivityLog_2026-04-14_UTC.TM_6.data with Adaptive Ghost logic...
FILE: TRADEACTIVITYLOG_2025-11-23_UTC.TM_6.DATA | ACC: TM_6 | SYMBOL: CLF26 | RAW: 8 | FILLS: 4
FILE: TRADEACTIVITYLOG_2025-12-17_UTC.TM_6.DATA | ACC: TM_6 | SYMBOL: NQH26 | RAW: 182 | FILLS: 91
DEBUG: Running _parse_file_nitro on C:\Model-\TradeActivityLogs-tm_6\TradeActivityLog_2025-12-18_UTC.ES-IPS_TM_6.data with Adaptive Ghost logic...
FILE: TRADEACTIVITYLOG_2026-02-25_UTC.TM_6.DATA | ACC: TM_6 | SYMBOL: NQH26 | RAW: 200 | FILLS: 100
DEBUG: Running _parse_file_nitro on C:\Model-\TradeActivityLogs-tm_6\TradeActivityLog_2026-02-26_UTC.ES-IPS_TM_6.data with Adaptive Ghost logic...
DEBUG: Running _parse_file_nitro on C:\Model-\TradeActivityLogs-tm_6\TradeActivityLog_2025-11-24_UTC.ES-IPS_TM_6.data with Adaptive Ghost logic...
FILE: TRADEACTIVITYLOG_2026-01-09_UTC.IPS_TM_6.DATA | ACC: IPS_TM_6 | SYMBOL: NQH26 | RAW: 172 | FILLS: 86
DEBUG: Running _parse_file_nitro on C:\Model-\TradeActivityLogs-tm_6\TradeActivityLog_2026-01-09_UTC.TM_6.data with Adaptive Ghost logic...
FILE: TRADEACTIVITYLOG_2024-10-02_UTC.ZB-TM_6.DATA | ACC: ZB-TM_6 | SYMBOL: Unknown | RAW: 0 | FILLS: 0
DEBUG: Running _parse_file_nitro on C:\Model-\TradeActivityLogs-tm_6\TradeActivityLog_2024-10-03_UTC.ES-IPS_TM_6.data with Adaptive Ghost logic...
FILE: TRADEACTIVITYLOG_2026-05-06_UTC.ES-TM_6.DATA | ACC: ES-TM_6 | SYMBOL: ESM26 | RAW: 8 | FILLS: 4
DEBUG: Running _parse_file_nitro on C:\Model-\TradeActivityLogs-tm_6\TradeActivityLog_2026-05-06_UTC.IPS_TM_6.data with Adaptive Ghost logic...
FILE: TRADEACTIVITYLOG_2026-02-02_UTC.ES-IPS_TM_6.DATA | ACC: ES-IPS_TM_6 | SYMBOL: ESH26 | RAW: 50 | FILLS: 25
DEBUG: Running _parse_file_nitro on C:\Model-\TradeActivityLogs-tm_6\TradeActivityLog_2026-02-02_UTC.ES-TM_6.data with Adaptive Ghost logic...
FILE: TRADEACTIVITYLOG_2025-11-03_UTC.IPS_TM_6.DATA | ACC: IPS_TM_6 | SYMBOL: NQZ25 | RAW: 214 | FILLS: 107
DEBUG: Running _parse_file_nitro on C:\Model-\TradeActivityLogs-tm_6\TradeActivityLog_2025-11-03_UTC.TM_6.data with Adaptive Ghost logic...
FILE: TRADEACTIVITYLOG_2025-11-24_UTC.ES-IPS_TM_6.DATA | ACC: ES-IPS_TM_6 | SYMBOL: ESZ25 | RAW: 56 | FILLS: 28
DEBUG: Running _parse_file_nitro on C:\Model-\TradeActivityLogs-tm_6\TradeActivityLog_2025-11-24_UTC.ES-TM_6.data with Adaptive Ghost logic...
FILE: TRADEACTIVITYLOG_2025-12-18_UTC.ES-IPS_TM_6.DATA | ACC: ES-IPS_TM_6 | SYMBOL: ESH26 | RAW: 60 | FILLS: 30
DEBUG: Running _parse_file_nitro on C:\Model-\TradeActivityLogs-tm_6\TradeActivityLog_2025-12-18_UTC.ES-TM_6.data with Adaptive Ghost logic...
FILE: TRADEACTIVITYLOG_2026-02-26_UTC.ES-IPS_TM_6.DATA | ACC: ES-IPS_TM_6 | SYMBOL: ESH26 | RAW: 72 | FILLS: 36
DEBUG: Running _parse_file_nitro on C:\Model-\TradeActivityLogs-tm_6\TradeActivityLog_2026-02-26_UTC.ES-TM_6.data with Adaptive Ghost logic...
FILE: TRADEACTIVITYLOG_2026-03-23_UTC.IPS_TM_6.DATA | ACC: IPS_TM_6 | SYMBOL: CLK26 | RAW: 378 | FILLS: 189
DEBUG: Running _parse_file_nitro on C:\Model-\TradeActivityLogs-tm_6\TradeActivityLog_2026-03-23_UTC.TM_6.data with Adaptive Ghost logic...
FILE: TRADEACTIVITYLOG_2024-10-03_UTC.ES-IPS_TM_6.DATA | ACC: ES-IPS_TM_6 | SYMBOL: ESZ24 | RAW: 78 | FILLS: 39
DEBUG: Running _parse_file_nitro on C:\Model-\TradeActivityLogs-tm_6\TradeActivityLog_2024-10-03_UTC.ES-TM_6.data with Adaptive Ghost logic...
FILE: TRADEACTIVITYLOG_2026-02-02_UTC.ES-TM_6.DATA | ACC: ES-TM_6 | SYMBOL: ESH26 | RAW: 50 | FILLS: 25
DEBUG: Running _parse_file_nitro on C:\Model-\TradeActivityLogs-tm_6\TradeActivityLog_2026-02-02_UTC.IPS_TM_6.data with Adaptive Ghost logic...
FILE: TRADEACTIVITYLOG_2025-12-18_UTC.ES-TM_6.DATA | ACC: ES-TM_6 | SYMBOL: ESH26 | RAW: 60 | FILLS: 30
DEBUG: Running _parse_file_nitro on C:\Model-\TradeActivityLogs-tm_6\TradeActivityLog_2025-12-18_UTC.IPS_TM_6.data with Adaptive Ghost logic...
FILE: TRADEACTIVITYLOG_2025-11-24_UTC.ES-TM_6.DATA | ACC: ES-TM_6 | SYMBOL: ESZ25 | RAW: 60 | FILLS: 30
DEBUG: Running _parse_file_nitro on C:\Model-\TradeActivityLogs-tm_6\TradeActivityLog_2025-11-24_UTC.IPS_TM_6.data with Adaptive Ghost logic...
FILE: TRADEACTIVITYLOG_2026-01-09_UTC.TM_6.DATA | ACC: TM_6 | SYMBOL: NQH26 | RAW: 170 | FILLS: 85
FILE: TRADEACTIVITYLOG_2026-04-14_UTC.TM_6.DATA | ACC: TM_6 | SYMBOL: CLK26 | RAW: 282 | FILLS: 141
DEBUG: Running _parse_file_nitro on C:\Model-\TradeActivityLogs-tm_6\TradeActivityLog_2026-01-11_UTC.ES-IPS_TM_6.data with Adaptive Ghost logic...
DEBUG: Running _parse_file_nitro on C:\Model-\TradeActivityLogs-tm_6\TradeActivityLog_2026-04-15_UTC.ES-IPS_TM_6.data with Adaptive Ghost logic...
FILE: TRADEACTIVITYLOG_2026-02-26_UTC.ES-TM_6.DATA | ACC: ES-TM_6 | SYMBOL: ESH26 | RAW: 72 | FILLS: 36
DEBUG: Running _parse_file_nitro on C:\Model-\TradeActivityLogs-tm_6\TradeActivityLog_2026-02-26_UTC.IPS_TM_6.data with Adaptive Ghost logic...
FILE: TRADEACTIVITYLOG_2024-10-03_UTC.ES-TM_6.DATA | ACC: ES-TM_6 | SYMBOL: ESZ24 | RAW: 80 | FILLS: 40
DEBUG: Running _parse_file_nitro on C:\Model-\TradeActivityLogs-tm_6\TradeActivityLog_2024-10-03_UTC.IPS_TM_6.data with Adaptive Ghost logic...
FILE: TRADEACTIVITYLOG_2026-05-06_UTC.IPS_TM_6.DATA | ACC: IPS_TM_6 | SYMBOL: NQM26 | RAW: 256 | FILLS: 128
DEBUG: Running _parse_file_nitro on C:\Model-\TradeActivityLogs-tm_6\TradeActivityLog_2026-05-06_UTC.TM_6.data with Adaptive Ghost logic...
FILE: TRADEACTIVITYLOG_2025-11-03_UTC.TM_6.DATA | ACC: TM_6 | SYMBOL: NQZ25 | RAW: 214 | FILLS: 107
DEBUG: Running _parse_file_nitro on C:\Model-\TradeActivityLogs-tm_6\TradeActivityLog_2025-11-04_UTC.ES-IPS_TM_6.data with Adaptive Ghost logic...
FILE: TRADEACTIVITYLOG_2026-01-11_UTC.ES-IPS_TM_6.DATA | ACC: ES-IPS_TM_6 | SYMBOL: ES | RAW: 0 | FILLS: 0
DEBUG: Running _parse_file_nitro on C:\Model-\TradeActivityLogs-tm_6\TradeActivityLog_2026-01-11_UTC.ES-TM_6.data with Adaptive Ghost logic...
FILE: TRADEACTIVITYLOG_2026-03-23_UTC.TM_6.DATA | ACC: TM_6 | SYMBOL: CLK26 | RAW: 264 | FILLS: 132
DEBUG: Running _parse_file_nitro on C:\Model-\TradeActivityLogs-tm_6\TradeActivityLog_2026-03-24_UTC.ES-IPS_TM_6.data with Adaptive Ghost logic...
FILE: TRADEACTIVITYLOG_2026-04-15_UTC.ES-IPS_TM_6.DATA | ACC: ES-IPS_TM_6 | SYMBOL: ESM26 | RAW: 84 | FILLS: 42
FILE: TRADEACTIVITYLOG_2026-01-11_UTC.ES-TM_6.DATA | ACC: ES-TM_6 | SYMBOL: ES | RAW: 0 | FILLS: 0
DEBUG: Running _parse_file_nitro on C:\Model-\TradeActivityLogs-tm_6\TradeActivityLog_2026-04-15_UTC.ES-TM_6.data with Adaptive Ghost logic...
DEBUG: Running _parse_file_nitro on C:\Model-\TradeActivityLogs-tm_6\TradeActivityLog_2026-01-11_UTC.IPS_TM_6.data with Adaptive Ghost logic...
FILE: TRADEACTIVITYLOG_2025-12-18_UTC.IPS_TM_6.DATA | ACC: IPS_TM_6 | SYMBOL: NQH26 | RAW: 236 | FILLS: 118
DEBUG: Running _parse_file_nitro on C:\Model-\TradeActivityLogs-tm_6\TradeActivityLog_2025-12-18_UTC.TM_6.data with Adaptive Ghost logic...
FILE: TRADEACTIVITYLOG_2025-11-24_UTC.IPS_TM_6.DATA | ACC: IPS_TM_6 | SYMBOL: NQZ25 | RAW: 206 | FILLS: 103
DEBUG: Running _parse_file_nitro on C:\Model-\TradeActivityLogs-tm_6\TradeActivityLog_2025-11-24_UTC.TM_6.data with Adaptive Ghost logic...
FILE: TRADEACTIVITYLOG_2025-11-04_UTC.ES-IPS_TM_6.DATA | ACC: ES-IPS_TM_6 | SYMBOL: ESZ25 | RAW: 54 | FILLS: 27
DEBUG: Running _parse_file_nitro on C:\Model-\TradeActivityLogs-tm_6\TradeActivityLog_2025-11-04_UTC.ES-TM_6.data with Adaptive Ghost logic...
FILE: TRADEACTIVITYLOG_2026-02-02_UTC.IPS_TM_6.DATA | ACC: IPS_TM_6 | SYMBOL: NQH26 | RAW: 288 | FILLS: 144
DEBUG: Running _parse_file_nitro on C:\Model-\TradeActivityLogs-tm_6\TradeActivityLog_2026-02-02_UTC.TM_6.data with Adaptive Ghost logic...
FILE: TRADEACTIVITYLOG_2024-10-03_UTC.IPS_TM_6.DATA | ACC: IPS_TM_6 | SYMBOL: NQZ24 | RAW: 280 | FILLS: 140
FILE: TRADEACTIVITYLOG_2026-05-06_UTC.TM_6.DATA | ACC: TM_6 | SYMBOL: NQM26 | RAW: 258 | FILLS: 129
FILE: TRADEACTIVITYLOG_2026-01-11_UTC.IPS_TM_6.DATA | ACC: IPS_TM_6 | SYMBOL: CLG26 | RAW: 8 | FILLS: 4
FILE: TRADEACTIVITYLOG_2026-04-15_UTC.ES-TM_6.DATA | ACC: ES-TM_6 | SYMBOL: ESM26 | RAW: 84 | FILLS: 42
DEBUG: Running _parse_file_nitro on C:\Model-\TradeActivityLogs-tm_6\TradeActivityLog_2026-01-11_UTC.TM_6.data with Adaptive Ghost logic...
DEBUG: Running _parse_file_nitro on C:\Model-\TradeActivityLogs-tm_6\TradeActivityLog_2026-05-07_UTC.ES-IPS_TM_6.data with Adaptive Ghost logic...
DEBUG: Running _parse_file_nitro on C:\Model-\TradeActivityLogs-tm_6\TradeActivityLog_2026-04-15_UTC.IPS_TM_6.data with Adaptive Ghost logic...
FILE: TRADEACTIVITYLOG_2026-02-26_UTC.IPS_TM_6.DATA | ACC: IPS_TM_6 | SYMBOL: CLJ26 | RAW: 397 | FILLS: 199
FILE: TRADEACTIVITYLOG_2025-11-04_UTC.ES-TM_6.DATA | ACC: ES-TM_6 | SYMBOL: ESZ25 | RAW: 54 | FILLS: 27
DEBUG: Running _parse_file_nitro on C:\Model-\TradeActivityLogs-tm_6\TradeActivityLog_2025-11-04_UTC.IPS_TM_6.data with Adaptive Ghost logic...
DEBUG: Running _parse_file_nitro on C:\Model-\TradeActivityLogs-tm_6\TradeActivityLog_2026-05-30_UTC.ES-TM_6.data with Adaptive Ghost logic...
FILE: TRADEACTIVITYLOG_2026-03-24_UTC.ES-IPS_TM_6.DATA | ACC: ES-IPS_TM_6 | SYMBOL: ESM26 | RAW: 94 | FILLS: 47
DEBUG: Running _parse_file_nitro on C:\Model-\TradeActivityLogs-tm_6\TradeActivityLog_2026-03-24_UTC.ES-TM_6.data with Adaptive Ghost logic...
FILE: TRADEACTIVITYLOG_2025-12-18_UTC.TM_6.DATA | ACC: TM_6 | SYMBOL: NQH26 | RAW: 236 | FILLS: 118
DEBUG: Running _parse_file_nitro on C:\Model-\TradeActivityLogs-tm_6\TradeActivityLog_2025-12-19_UTC.ES-IPS_TM_6.data with Adaptive Ghost logic...
FILE: TRADEACTIVITYLOG_2026-01-11_UTC.TM_6.DATA | ACC: TM_6 | SYMBOL: CLG26 | RAW: 8 | FILLS: 4
DEBUG: Running _parse_file_nitro on C:\Model-\TradeActivityLogs-tm_6\TradeActivityLog_2026-01-12_UTC.ES-IPS_TM_6.data with Adaptive Ghost logic...
FILE: TRADEACTIVITYLOG_2026-05-30_UTC.ES-TM_6.DATA | ACC: ES-TM_6 | SYMBOL: ES | RAW: 0 | FILLS: 0
DEBUG: Running _parse_file_nitro on C:\Model-\TradeActivityLogs-tm_6\TradeActivityLog_2026-05-30_UTC.IPS_TM_6.data with Adaptive Ghost logic...
FILE: TRADEACTIVITYLOG_2026-02-02_UTC.TM_6.DATA | ACC: TM_6 | SYMBOL: NQH26 | RAW: 294 | FILLS: 147
DEBUG: Running _parse_file_nitro on C:\Model-\TradeActivityLogs-tm_6\TradeActivityLog_2026-02-03_UTC.ES-IPS_TM_6.data with Adaptive Ghost logic...
FILE: TRADEACTIVITYLOG_2026-05-07_UTC.ES-IPS_TM_6.DATA | ACC: ES-IPS_TM_6 | SYMBOL: ESM26 | RAW: 96 | FILLS: 48
DEBUG: Running _parse_file_nitro on C:\Model-\TradeActivityLogs-tm_6\TradeActivityLog_2026-05-07_UTC.ES-TM_6.data with Adaptive Ghost logic...
FILE: TRADEACTIVITYLOG_2025-12-19_UTC.ES-IPS_TM_6.DATA | ACC: ES-IPS_TM_6 | SYMBOL: ESH26 | RAW: 50 | FILLS: 25
FILE: TRADEACTIVITYLOG_2026-03-24_UTC.ES-TM_6.DATA | ACC: ES-TM_6 | SYMBOL: ESM26 | RAW: 94 | FILLS: 47
DEBUG: Running _parse_file_nitro on C:\Model-\TradeActivityLogs-tm_6\TradeActivityLog_2026-03-24_UTC.IPS_TM_6.data with Adaptive Ghost logic...
DEBUG: Running _parse_file_nitro on C:\Model-\TradeActivityLogs-tm_6\TradeActivityLog_2025-12-19_UTC.ES-TM_6.data with Adaptive Ghost logic...
FILE: TRADEACTIVITYLOG_2026-05-30_UTC.IPS_TM_6.DATA | ACC: IPS_TM_6 | SYMBOL: Unknown | RAW: 0 | FILLS: 0
FILE: TRADEACTIVITYLOG_2025-11-04_UTC.IPS_TM_6.DATA | ACC: IPS_TM_6 | SYMBOL: NQZ25 | RAW: 200 | FILLS: 100
DEBUG: Running _parse_file_nitro on C:\Model-\TradeActivityLogs-tm_6\TradeActivityLog_2026-05-30_UTC.TM_6.data with Adaptive Ghost logic...
DEBUG: Running _parse_file_nitro on C:\Model-\TradeActivityLogs-tm_6\TradeActivityLog_2025-11-04_UTC.TM_6.data with Adaptive Ghost logic...
FILE: TRADEACTIVITYLOG_2026-01-12_UTC.ES-IPS_TM_6.DATA | ACC: ES-IPS_TM_6 | SYMBOL: ESH26 | RAW: 30 | FILLS: 15
DEBUG: Running _parse_file_nitro on C:\Model-\TradeActivityLogs-tm_6\TradeActivityLog_2026-01-12_UTC.ES-TM_6.data with Adaptive Ghost logic...
FILE: TRADEACTIVITYLOG_2026-04-15_UTC.IPS_TM_6.DATA | ACC: IPS_TM_6 | SYMBOL: NQM26 | RAW: 238 | FILLS: 119
DEBUG: Running _parse_file_nitro on C:\Model-\TradeActivityLogs-tm_6\TradeActivityLog_2026-04-15_UTC.TM_6.data with Adaptive Ghost logic...
FILE: TRADEACTIVITYLOG_2026-02-03_UTC.ES-IPS_TM_6.DATA | ACC: ES-IPS_TM_6 | SYMBOL: ESH26 | RAW: 74 | FILLS: 37
DEBUG: Running _parse_file_nitro on C:\Model-\TradeActivityLogs-tm_6\TradeActivityLog_2026-02-03_UTC.ES-TM_6.data with Adaptive Ghost logic...
FILE: TRADEACTIVITYLOG_2025-11-24_UTC.TM_6.DATA | ACC: TM_6 | SYMBOL: NQZ25 | RAW: 32 | FILLS: 16
FILE: TRADEACTIVITYLOG_2026-02-26_UTC.TM_6.DATA | ACC: TM_6 | SYMBOL: CLJ26 | RAW: 387 | FILLS: 194
DEBUG: Running _parse_file_nitro on C:\Model-\TradeActivityLogs-tm_6\TradeActivityLog_2025-11-25_UTC.ES-IPS_TM_6.data with Adaptive Ghost logic...
DEBUG: Running _parse_file_nitro on C:\Model-\TradeActivityLogs-tm_6\TradeActivityLog_2026-02-27_UTC.ES-IPS_TM_6.data with Adaptive Ghost logic...
FILE: TRADEACTIVITYLOG_2025-12-19_UTC.ES-TM_6.DATA | ACC: ES-TM_6 | SYMBOL: ESH26 | RAW: 54 | FILLS: 27
DEBUG: Running _parse_file_nitro on C:\Model-\TradeActivityLogs-tm_6\TradeActivityLog_2025-12-19_UTC.IPS_TM_6.data with Adaptive Ghost logic...
FILE: TRADEACTIVITYLOG_2026-05-30_UTC.TM_6.DATA | ACC: TM_6 | SYMBOL: Unknown | RAW: 0 | FILLS: 0
DEBUG: Running _parse_file_nitro on C:\Model-\TradeActivityLogs-tm_6\TradeActivityLog_2026-06-01_UTC.ES-IPS_TM_6.data with Adaptive Ghost logic...
FILE: TRADEACTIVITYLOG_2026-05-07_UTC.ES-TM_6.DATA | ACC: ES-TM_6 | SYMBOL: ESM26 | RAW: 100 | FILLS: 50
DEBUG: Running _parse_file_nitro on C:\Model-\TradeActivityLogs-tm_6\TradeActivityLog_2026-05-07_UTC.IPS_TM_6.data with Adaptive Ghost logic...
FILE: TRADEACTIVITYLOG_2026-01-12_UTC.ES-TM_6.DATA | ACC: ES-TM_6 | SYMBOL: ESH26 | RAW: 30 | FILLS: 15
DEBUG: Running _parse_file_nitro on C:\Model-\TradeActivityLogs-tm_6\TradeActivityLog_2026-01-12_UTC.IPS_TM_6.data with Adaptive Ghost logic...
FILE: TRADEACTIVITYLOG_2026-02-03_UTC.ES-TM_6.DATA | ACC: ES-TM_6 | SYMBOL: ESH26 | RAW: 76 | FILLS: 38
DEBUG: Running _parse_file_nitro on C:\Model-\TradeActivityLogs-tm_6\TradeActivityLog_2026-02-03_UTC.IPS_TM_6.data with Adaptive Ghost logic...
FILE: TRADEACTIVITYLOG_2025-11-25_UTC.ES-IPS_TM_6.DATA | ACC: ES-IPS_TM_6 | SYMBOL: ESZ25 | RAW: 60 | FILLS: 30
DEBUG: Running _parse_file_nitro on C:\Model-\TradeActivityLogs-tm_6\TradeActivityLog_2025-11-25_UTC.ES-TM_6.data with Adaptive Ghost logic...
FILE: TRADEACTIVITYLOG_2025-11-04_UTC.TM_6.DATA | ACC: TM_6 | SYMBOL: NQZ25 | RAW: 192 | FILLS: 96
DEBUG: Running _parse_file_nitro on C:\Model-\TradeActivityLogs-tm_6\TradeActivityLog_2025-11-05_UTC.ES-IPS_TM_6.data with Adaptive Ghost logic...
FILE: TRADEACTIVITYLOG_2026-02-27_UTC.ES-IPS_TM_6.DATA | ACC: ES-IPS_TM_6 | SYMBOL: ESH26 | RAW: 74 | FILLS: 37
DEBUG: Running _parse_file_nitro on C:\Model-\TradeActivityLogs-tm_6\TradeActivityLog_2026-02-27_UTC.ES-TM_6.data with Adaptive Ghost logic...
FILE: TRADEACTIVITYLOG_2026-04-15_UTC.TM_6.DATA | ACC: TM_6 | SYMBOL: NQM26 | RAW: 238 | FILLS: 119
DEBUG: Running _parse_file_nitro on C:\Model-\TradeActivityLogs-tm_6\TradeActivityLog_2026-04-16_UTC.ES-IPS_TM_6.data with Adaptive Ghost logic...
FILE: TRADEACTIVITYLOG_2026-03-24_UTC.IPS_TM_6.DATA | ACC: IPS_TM_6 | SYMBOL: CLK26 | RAW: 340 | FILLS: 170
DEBUG: Running _parse_file_nitro on C:\Model-\TradeActivityLogs-tm_6\TradeActivityLog_2026-03-24_UTC.TM_6.data with Adaptive Ghost logic...
FILE: TRADEACTIVITYLOG_2025-12-19_UTC.IPS_TM_6.DATA | ACC: IPS_TM_6 | SYMBOL: NQH26 | RAW: 184 | FILLS: 92
DEBUG: Running _parse_file_nitro on C:\Model-\TradeActivityLogs-tm_6\TradeActivityLog_2025-12-19_UTC.TM_6.data with Adaptive Ghost logic...
FILE: TRADEACTIVITYLOG_2025-11-25_UTC.ES-TM_6.DATA | ACC: ES-TM_6 | SYMBOL: ESZ25 | RAW: 60 | FILLS: 30
DEBUG: Running _parse_file_nitro on C:\Model-\TradeActivityLogs-tm_6\TradeActivityLog_2025-11-25_UTC.IPS_TM_6.data with Adaptive Ghost logic...
FILE: TRADEACTIVITYLOG_2026-06-01_UTC.ES-IPS_TM_6.DATA | ACC: ES-IPS_TM_6 | SYMBOL: ESM26 | RAW: 60 | FILLS: 30
DEBUG: Running _parse_file_nitro on C:\Model-\TradeActivityLogs-tm_6\TradeActivityLog_2026-06-01_UTC.ES-TM_6.data with Adaptive Ghost logic...
FILE: TRADEACTIVITYLOG_2025-11-05_UTC.ES-IPS_TM_6.DATA | ACC: ES-IPS_TM_6 | SYMBOL: ESZ25 | RAW: 16 | FILLS: 8
DEBUG: Running _parse_file_nitro on C:\Model-\TradeActivityLogs-tm_6\TradeActivityLog_2025-11-05_UTC.ES-TM_6.data with Adaptive Ghost logic...
FILE: TRADEACTIVITYLOG_2026-01-12_UTC.IPS_TM_6.DATA | ACC: IPS_TM_6 | SYMBOL: NQH26 | RAW: 190 | FILLS: 95
DEBUG: Running _parse_file_nitro on C:\Model-\TradeActivityLogs-tm_6\TradeActivityLog_2026-01-12_UTC.TM_6.data with Adaptive Ghost logic...
FILE: TRADEACTIVITYLOG_2026-02-03_UTC.IPS_TM_6.DATA | ACC: IPS_TM_6 | SYMBOL: NQH26 | RAW: 296 | FILLS: 148
FILE: TRADEACTIVITYLOG_2026-02-27_UTC.ES-TM_6.DATA | ACC: ES-TM_6 | SYMBOL: ESH26 | RAW: 68 | FILLS: 34
DEBUG: Running _parse_file_nitro on C:\Model-\TradeActivityLogs-tm_6\TradeActivityLog_2026-02-27_UTC.IPS_TM_6.data with Adaptive Ghost logic...
DEBUG: Running _parse_file_nitro on C:\Model-\TradeActivityLogs-tm_6\TradeActivityLog_2026-02-03_UTC.TM_6.data with Adaptive Ghost logic...
FILE: TRADEACTIVITYLOG_2026-04-16_UTC.ES-IPS_TM_6.DATA | ACC: ES-IPS_TM_6 | SYMBOL: ESM26 | RAW: 64 | FILLS: 32
FILE: TRADEACTIVITYLOG_2025-11-05_UTC.ES-TM_6.DATA | ACC: ES-TM_6 | SYMBOL: ESZ25 | RAW: 16 | FILLS: 8
DEBUG: Running _parse_file_nitro on C:\Model-\TradeActivityLogs-tm_6\TradeActivityLog_2026-04-16_UTC.ES-TM_6.data with Adaptive Ghost logic...
DEBUG: Running _parse_file_nitro on C:\Model-\TradeActivityLogs-tm_6\TradeActivityLog_2025-11-05_UTC.IPS_TM_6.data with Adaptive Ghost logic...
FILE: TRADEACTIVITYLOG_2026-06-01_UTC.ES-TM_6.DATA | ACC: ES-TM_6 | SYMBOL: ESM26 | RAW: 60 | FILLS: 30
DEBUG: Running _parse_file_nitro on C:\Model-\TradeActivityLogs-tm_6\TradeActivityLog_2026-06-01_UTC.IPS_TM_6.data with Adaptive Ghost logic...
FILE: TRADEACTIVITYLOG_2026-05-07_UTC.IPS_TM_6.DATA | ACC: IPS_TM_6 | SYMBOL: NQM26 | RAW: 362 | FILLS: 181
DEBUG: Running _parse_file_nitro on C:\Model-\TradeActivityLogs-tm_6\TradeActivityLog_2026-05-07_UTC.TM_6.data with Adaptive Ghost logic...
FILE: TRADEACTIVITYLOG_2025-12-19_UTC.TM_6.DATA | ACC: TM_6 | SYMBOL: NQH26 | RAW: 184 | FILLS: 92
DEBUG: Running _parse_file_nitro on C:\Model-\TradeActivityLogs-tm_6\TradeActivityLog_2025-12-21_UTC.ES-IPS_TM_6.data with Adaptive Ghost logic...
FILE: TRADEACTIVITYLOG_2025-11-25_UTC.IPS_TM_6.DATA | ACC: IPS_TM_6 | SYMBOL: NQZ25 | RAW: 218 | FILLS: 109
DEBUG: Running _parse_file_nitro on C:\Model-\TradeActivityLogs-tm_6\TradeActivityLog_2025-11-25_UTC.TM_6.data with Adaptive Ghost logic...
FILE: TRADEACTIVITYLOG_2026-01-12_UTC.TM_6.DATA | ACC: TM_6 | SYMBOL: NQH26 | RAW: 182 | FILLS: 91
DEBUG: Running _parse_file_nitro on C:\Model-\TradeActivityLogs-tm_6\TradeActivityLog_2026-01-13_UTC.ES-IPS_TM_6.data with Adaptive Ghost logic...
FILE: TRADEACTIVITYLOG_2026-03-24_UTC.TM_6.DATA | ACC: TM_6 | SYMBOL: CLK26 | RAW: 336 | FILLS: 168
DEBUG: Running _parse_file_nitro on C:\Model-\TradeActivityLogs-tm_6\TradeActivityLog_2026-03-25_UTC.ES-IPS_TM_6.data with Adaptive Ghost logic...
FILE: TRADEACTIVITYLOG_2026-04-16_UTC.ES-TM_6.DATA | ACC: ES-TM_6 | SYMBOL: ESM26 | RAW: 64 | FILLS: 32
DEBUG: Running _parse_file_nitro on C:\Model-\TradeActivityLogs-tm_6\TradeActivityLog_2026-04-16_UTC.IPS_TM_6.data with Adaptive Ghost logic...
FILE: TRADEACTIVITYLOG_2025-12-21_UTC.ES-IPS_TM_6.DATA | ACC: ES-IPS_TM_6 | SYMBOL: ES | RAW: 0 | FILLS: 0
DEBUG: Running _parse_file_nitro on C:\Model-\TradeActivityLogs-tm_6\TradeActivityLog_2025-12-21_UTC.ES-TM_6.data with Adaptive Ghost logic...
FILE: TRADEACTIVITYLOG_2026-02-27_UTC.IPS_TM_6.DATA | ACC: IPS_TM_6 | SYMBOL: NQH26 | RAW: 240 | FILLS: 120
DEBUG: Running _parse_file_nitro on C:\Model-\TradeActivityLogs-tm_6\TradeActivityLog_2026-02-27_UTC.TM_6.data with Adaptive Ghost logic...
FILE: TRADEACTIVITYLOG_2025-11-05_UTC.IPS_TM_6.DATA | ACC: IPS_TM_6 | SYMBOL: NQZ25 | RAW: 208 | FILLS: 104
DEBUG: Running _parse_file_nitro on C:\Model-\TradeActivityLogs-tm_6\TradeActivityLog_2025-11-05_UTC.TM_6.data with Adaptive Ghost logic...
FILE: TRADEACTIVITYLOG_2025-12-21_UTC.ES-TM_6.DATA | ACC: ES-TM_6 | SYMBOL: ES | RAW: 0 | FILLS: 0
DEBUG: Running _parse_file_nitro on C:\Model-\TradeActivityLogs-tm_6\TradeActivityLog_2025-12-21_UTC.IPS_TM_6.data with Adaptive Ghost logic...
FILE: TRADEACTIVITYLOG_2026-02-03_UTC.TM_6.DATA | ACC: TM_6 | SYMBOL: NQH26 | RAW: 290 | FILLS: 145
DEBUG: Running _parse_file_nitro on C:\Model-\TradeActivityLogs-tm_6\TradeActivityLog_2026-02-04_UTC.ES-IPS_TM_6.data with Adaptive Ghost logic...
FILE: TRADEACTIVITYLOG_2026-01-13_UTC.ES-IPS_TM_6.DATA | ACC: ES-IPS_TM_6 | SYMBOL: ESH26 | RAW: 52 | FILLS: 26
DEBUG: Running _parse_file_nitro on C:\Model-\TradeActivityLogs-tm_6\TradeActivityLog_2026-01-13_UTC.ES-TM_6.data with Adaptive Ghost logic...
FILE: TRADEACTIVITYLOG_2026-03-25_UTC.ES-IPS_TM_6.DATA | ACC: ES-IPS_TM_6 | SYMBOL: ESM26 | RAW: 70 | FILLS: 35
DEBUG: Running _parse_file_nitro on C:\Model-\TradeActivityLogs-tm_6\TradeActivityLog_2026-03-25_UTC.ES-TM_6.data with Adaptive Ghost logic...
FILE: TRADEACTIVITYLOG_2026-06-01_UTC.IPS_TM_6.DATA | ACC: IPS_TM_6 | SYMBOL: CLN26 | RAW: 300 | FILLS: 150
FILE: TRADEACTIVITYLOG_2025-12-21_UTC.IPS_TM_6.DATA | ACC: IPS_TM_6 | SYMBOL: Unknown | RAW: 0 | FILLS: 0
FILE: TRADEACTIVITYLOG_2026-05-07_UTC.TM_6.DATA | ACC: TM_6 | SYMBOL: NQM26 | RAW: 362 | FILLS: 181
DEBUG: Running _parse_file_nitro on C:\Model-\TradeActivityLogs-tm_6\TradeActivityLog_2026-06-01_UTC.TM_6.data with Adaptive Ghost logic...
DEBUG: Running _parse_file_nitro on C:\Model-\TradeActivityLogs-tm_6\TradeActivityLog_2026-05-08_UTC.ES-IPS_TM_6.data with Adaptive Ghost logic...
FILE: TRADEACTIVITYLOG_2026-02-04_UTC.ES-IPS_TM_6.DATA | ACC: ES-IPS_TM_6 | SYMBOL: ESH26 | RAW: 62 | FILLS: 31
DEBUG: Running _parse_file_nitro on C:\Model-\TradeActivityLogs-tm_6\TradeActivityLog_2026-02-04_UTC.ES-TM_6.data with Adaptive Ghost logic...
FILE: TRADEACTIVITYLOG_2025-12-21_UTC.TM_6.DATA | ACC: TM_6 | SYMBOL: Unknown | RAW: 0 | FILLS: 0
DEBUG: Running _parse_file_nitro on C:\Model-\TradeActivityLogs-tm_6\TradeActivityLog_2025-12-22_UTC.ES-IPS_TM_6.data with Adaptive Ghost logic...
FILE: TRADEACTIVITYLOG_2026-01-13_UTC.ES-TM_6.DATA | ACC: ES-TM_6 | SYMBOL: ESH26 | RAW: 58 | FILLS: 29
DEBUG: Running _parse_file_nitro on C:\Model-\TradeActivityLogs-tm_6\TradeActivityLog_2026-01-13_UTC.IPS_TM_6.data with Adaptive Ghost logic...
FILE: TRADEACTIVITYLOG_2026-04-16_UTC.IPS_TM_6.DATA | ACC: IPS_TM_6 | SYMBOL: NQM26 | RAW: 282 | FILLS: 141
DEBUG: Running _parse_file_nitro on C:\Model-\TradeActivityLogs-tm_6\TradeActivityLog_2026-04-16_UTC.TM_6.data with Adaptive Ghost logic...
FILE: TRADEACTIVITYLOG_2025-11-05_UTC.TM_6.DATA | ACC: TM_6 | SYMBOL: NQZ25 | RAW: 210 | FILLS: 105
DEBUG: Running _parse_file_nitro on C:\Model-\TradeActivityLogs-tm_6\TradeActivityLog_2025-11-06_UTC.ES-IPS_TM_6.data with Adaptive Ghost logic...
FILE: TRADEACTIVITYLOG_2026-02-27_UTC.TM_6.DATA | ACC: TM_6 | SYMBOL: NQH26 | RAW: 240 | FILLS: 120
DEBUG: Running _parse_file_nitro on C:\Model-\TradeActivityLogs-tm_6\TradeActivityLog_2026-03-01_UTC.ES-IPS_TM_6.data with Adaptive Ghost logic...
FILE: TRADEACTIVITYLOG_2026-03-25_UTC.ES-TM_6.DATA | ACC: ES-TM_6 | SYMBOL: ESM26 | RAW: 70 | FILLS: 35
DEBUG: Running _parse_file_nitro on C:\Model-\TradeActivityLogs-tm_6\TradeActivityLog_2026-03-25_UTC.IPS_TM_6.data with Adaptive Ghost logic...
FILE: TRADEACTIVITYLOG_2025-12-22_UTC.ES-IPS_TM_6.DATA | ACC: ES-IPS_TM_6 | SYMBOL: ESH26 | RAW: 14 | FILLS: 7
DEBUG: Running _parse_file_nitro on C:\Model-\TradeActivityLogs-tm_6\TradeActivityLog_2025-12-22_UTC.ES-TM_6.data with Adaptive Ghost logic...
FILE: TRADEACTIVITYLOG_2026-02-04_UTC.ES-TM_6.DATA | ACC: ES-TM_6 | SYMBOL: ESH26 | RAW: 62 | FILLS: 31
DEBUG: Running _parse_file_nitro on C:\Model-\TradeActivityLogs-tm_6\TradeActivityLog_2026-02-04_UTC.IPS_TM_6.data with Adaptive Ghost logic...
FILE: TRADEACTIVITYLOG_2026-05-08_UTC.ES-IPS_TM_6.DATA | ACC: ES-IPS_TM_6 | SYMBOL: ESM26 | RAW: 48 | FILLS: 25
DEBUG: Running _parse_file_nitro on C:\Model-\TradeActivityLogs-tm_6\TradeActivityLog_2026-05-08_UTC.ES-TM_6.data with Adaptive Ghost logic...
FILE: TRADEACTIVITYLOG_2025-11-25_UTC.TM_6.DATA | ACC: TM_6 | SYMBOL: NQZ25 | RAW: 110 | FILLS: 55
DEBUG: Running _parse_file_nitro on C:\Model-\TradeActivityLogs-tm_6\TradeActivityLog_2025-11-26_UTC.ES-IPS_TM_6.data with Adaptive Ghost logic...
FILE: TRADEACTIVITYLOG_2026-06-01_UTC.TM_6.DATA | ACC: TM_6 | SYMBOL: CLN26 | RAW: 286 | FILLS: 143
DEBUG: Running _parse_file_nitro on C:\Model-\TradeActivityLogs-tm_6\TradeActivityLog_2026-06-02_UTC.ES-IPS_TM_6.data with Adaptive Ghost logic...
FILE: TRADEACTIVITYLOG_2025-11-06_UTC.ES-IPS_TM_6.DATA | ACC: ES-IPS_TM_6 | SYMBOL: ESZ25 | RAW: 94 | FILLS: 47
DEBUG: Running _parse_file_nitro on C:\Model-\TradeActivityLogs-tm_6\TradeActivityLog_2025-11-06_UTC.ES-TM_6.data with Adaptive Ghost logic...
FILE: TRADEACTIVITYLOG_2026-03-01_UTC.ES-IPS_TM_6.DATA | ACC: ES-IPS_TM_6 | SYMBOL: ESH26 | RAW: 6 | FILLS: 3
DEBUG: Running _parse_file_nitro on C:\Model-\TradeActivityLogs-tm_6\TradeActivityLog_2026-03-01_UTC.ES-TM_6.data with Adaptive Ghost logic...
FILE: TRADEACTIVITYLOG_2025-12-22_UTC.ES-TM_6.DATA | ACC: ES-TM_6 | SYMBOL: ESH26 | RAW: 14 | FILLS: 7
DEBUG: Running _parse_file_nitro on C:\Model-\TradeActivityLogs-tm_6\TradeActivityLog_2025-12-22_UTC.IPS_TM_6.data with Adaptive Ghost logic...
FILE: TRADEACTIVITYLOG_2025-11-26_UTC.ES-IPS_TM_6.DATA | ACC: ES-IPS_TM_6 | SYMBOL: ESZ25 | RAW: 64 | FILLS: 32
FILE: TRADEACTIVITYLOG_2026-06-02_UTC.ES-IPS_TM_6.DATA | ACC: ES-IPS_TM_6 | SYMBOL: ESM26 | RAW: 0 | FILLS: 0
DEBUG: Running _parse_file_nitro on C:\Model-\TradeActivityLogs-tm_6\TradeActivityLog_2025-11-26_UTC.ES-TM_6.data with Adaptive Ghost logic...
DEBUG: Running _parse_file_nitro on C:\Model-\TradeActivityLogs-tm_6\TradeActivityLog_2026-06-02_UTC.ES-TM_6.data with Adaptive Ghost logic...
FILE: TRADEACTIVITYLOG_2026-04-16_UTC.TM_6.DATA | ACC: TM_6 | SYMBOL: NQM26 | RAW: 282 | FILLS: 141
DEBUG: Running _parse_file_nitro on C:\Model-\TradeActivityLogs-tm_6\TradeActivityLog_2026-04-17_UTC.ES-IPS_TM_6.data with Adaptive Ghost logic...
FILE: TRADEACTIVITYLOG_2026-05-08_UTC.ES-TM_6.DATA | ACC: ES-TM_6 | SYMBOL: ESM26 | RAW: 48 | FILLS: 25
DEBUG: Running _parse_file_nitro on C:\Model-\TradeActivityLogs-tm_6\TradeActivityLog_2026-05-08_UTC.IPS_TM_6.data with Adaptive Ghost logic...
FILE: TRADEACTIVITYLOG_2025-11-06_UTC.ES-TM_6.DATA | ACC: ES-TM_6 | SYMBOL: ESZ25 | RAW: 101 | FILLS: 52
DEBUG: Running _parse_file_nitro on C:\Model-\TradeActivityLogs-tm_6\TradeActivityLog_2025-11-06_UTC.IPS_TM_6.data with Adaptive Ghost logic...
FILE: TRADEACTIVITYLOG_2026-01-13_UTC.IPS_TM_6.DATA | ACC: IPS_TM_6 | SYMBOL: NQH26 | RAW: 274 | FILLS: 137
DEBUG: Running _parse_file_nitro on C:\Model-\TradeActivityLogs-tm_6\TradeActivityLog_2026-01-13_UTC.TM_6.data with Adaptive Ghost logic...
FILE: TRADEACTIVITYLOG_2026-03-01_UTC.ES-TM_6.DATA | ACC: ES-TM_6 | SYMBOL: ESH26 | RAW: 6 | FILLS: 3
DEBUG: Running _parse_file_nitro on C:\Model-\TradeActivityLogs-tm_6\TradeActivityLog_2026-03-01_UTC.IPS_TM_6.data with Adaptive Ghost logic...
FILE: TRADEACTIVITYLOG_2026-06-02_UTC.ES-TM_6.DATA | ACC: ES-TM_6 | SYMBOL: ESM26 | RAW: 0 | FILLS: 0
FILE: TRADEACTIVITYLOG_2026-02-04_UTC.IPS_TM_6.DATA | ACC: IPS_TM_6 | SYMBOL: NQH26 | RAW: 316 | FILLS: 158
DEBUG: Running _parse_file_nitro on C:\Model-\TradeActivityLogs-tm_6\TradeActivityLog_2026-06-02_UTC.IPS_TM_6.data with Adaptive Ghost logic...
DEBUG: Running _parse_file_nitro on C:\Model-\TradeActivityLogs-tm_6\TradeActivityLog_2026-02-04_UTC.TM_6.data with Adaptive Ghost logic...
FILE: TRADEACTIVITYLOG_2025-11-26_UTC.ES-TM_6.DATA | ACC: ES-TM_6 | SYMBOL: ESZ25 | RAW: 60 | FILLS: 30
FILE: TRADEACTIVITYLOG_2025-12-22_UTC.IPS_TM_6.DATA | ACC: IPS_TM_6 | SYMBOL: NQH26 | RAW: 134 | FILLS: 67
DEBUG: Running _parse_file_nitro on C:\Model-\TradeActivityLogs-tm_6\TradeActivityLog_2025-11-26_UTC.IPS_TM_6.data with Adaptive Ghost logic...
DEBUG: Running _parse_file_nitro on C:\Model-\TradeActivityLogs-tm_6\TradeActivityLog_2025-12-22_UTC.TM_6.data with Adaptive Ghost logic...
FILE: TRADEACTIVITYLOG_2026-03-25_UTC.IPS_TM_6.DATA | ACC: IPS_TM_6 | SYMBOL: CLK26 | RAW: 342 | FILLS: 171
FILE: TRADEACTIVITYLOG_2026-04-17_UTC.ES-IPS_TM_6.DATA | ACC: ES-IPS_TM_6 | SYMBOL: ESM26 | RAW: 66 | FILLS: 33
DEBUG: Running _parse_file_nitro on C:\Model-\TradeActivityLogs-tm_6\TradeActivityLog_2026-04-17_UTC.ES-TM_6.data with Adaptive Ghost logic...
DEBUG: Running _parse_file_nitro on C:\Model-\TradeActivityLogs-tm_6\TradeActivityLog_2026-03-25_UTC.TM_6.data with Adaptive Ghost logic...
FILE: TRADEACTIVITYLOG_2026-05-08_UTC.IPS_TM_6.DATA | ACC: IPS_TM_6 | SYMBOL: CLM26 | RAW: 175 | FILLS: 89
DEBUG: Running _parse_file_nitro on C:\Model-\TradeActivityLogs-tm_6\TradeActivityLog_2026-05-08_UTC.TM_6.data with Adaptive Ghost logic...
FILE: TRADEACTIVITYLOG_2026-03-01_UTC.IPS_TM_6.DATA | ACC: IPS_TM_6 | SYMBOL: CLJ26 | RAW: 42 | FILLS: 21
DEBUG: Running _parse_file_nitro on C:\Model-\TradeActivityLogs-tm_6\TradeActivityLog_2026-03-01_UTC.TM_6.data with Adaptive Ghost logic...
FILE: TRADEACTIVITYLOG_2026-06-02_UTC.IPS_TM_6.DATA | ACC: IPS_TM_6 | SYMBOL: NQM26 | RAW: 16 | FILLS: 8
DEBUG: Running _parse_file_nitro on C:\Model-\TradeActivityLogs-tm_6\TradeActivityLog_2026-06-02_UTC.TM_6.data with Adaptive Ghost logic...
FILE: TRADEACTIVITYLOG_2025-11-06_UTC.IPS_TM_6.DATA | ACC: IPS_TM_6 | SYMBOL: NQZ25 | RAW: 276 | FILLS: 138
DEBUG: Running _parse_file_nitro on C:\Model-\TradeActivityLogs-tm_6\TradeActivityLog_2025-11-06_UTC.TM_6.data with Adaptive Ghost logic...
FILE: TRADEACTIVITYLOG_2025-12-22_UTC.TM_6.DATA | ACC: TM_6 | SYMBOL: NQH26 | RAW: 136 | FILLS: 68
DEBUG: Running _parse_file_nitro on C:\Model-\TradeActivityLogs-tm_6\TradeActivityLog_2025-12-23_UTC.ES-IPS_TM_6.data with Adaptive Ghost logic...
FILE: TRADEACTIVITYLOG_2026-01-13_UTC.TM_6.DATA | ACC: TM_6 | SYMBOL: NQH26 | RAW: 266 | FILLS: 133
DEBUG: Running _parse_file_nitro on C:\Model-\TradeActivityLogs-tm_6\TradeActivityLog_2026-01-14_UTC.ES-IPS_TM_6.data with Adaptive Ghost logic...
FILE: TRADEACTIVITYLOG_2025-11-26_UTC.IPS_TM_6.DATA | ACC: IPS_TM_6 | SYMBOL: NQZ25 | RAW: 184 | FILLS: 92
DEBUG: Running _parse_file_nitro on C:\Model-\TradeActivityLogs-tm_6\TradeActivityLog_2025-11-26_UTC.TM_6.data with Adaptive Ghost logic...
FILE: TRADEACTIVITYLOG_2026-04-17_UTC.ES-TM_6.DATA | ACC: ES-TM_6 | SYMBOL: ESM26 | RAW: 66 | FILLS: 33
DEBUG: Running _parse_file_nitro on C:\Model-\TradeActivityLogs-tm_6\TradeActivityLog_2026-04-17_UTC.IPS_TM_6.data with Adaptive Ghost logic...
FILE: TRADEACTIVITYLOG_2026-02-04_UTC.TM_6.DATA | ACC: TM_6 | SYMBOL: NQH26 | RAW: 302 | FILLS: 151
DEBUG: Running _parse_file_nitro on C:\Model-\TradeActivityLogs-tm_6\TradeActivityLog_2026-02-05_UTC.ES-IPS_TM_6.data with Adaptive Ghost logic...
FILE: TRADEACTIVITYLOG_2026-03-01_UTC.TM_6.DATA | ACC: TM_6 | SYMBOL: CLJ26 | RAW: 42 | FILLS: 21
DEBUG: Running _parse_file_nitro on C:\Model-\TradeActivityLogs-tm_6\TradeActivityLog_2026-03-02_UTC.ES-IPS_TM_6.data with Adaptive Ghost logic...
FILE: TRADEACTIVITYLOG_2026-05-08_UTC.TM_6.DATA | ACC: TM_6 | SYMBOL: CLM26 | RAW: 107 | FILLS: 55
DEBUG: Running _parse_file_nitro on C:\Model-\TradeActivityLogs-tm_6\TradeActivityLog_2026-05-09_UTC.ES-IPS_TM_6.data with Adaptive Ghost logic...
FILE: TRADEACTIVITYLOG_2026-06-02_UTC.TM_6.DATA | ACC: TM_6 | SYMBOL: NQM26 | RAW: 16 | FILLS: 8
DEBUG: Running _parse_file_nitro on C:\Model-\TradeActivityLogs-tm_6\TradeActivityLog_2026-06-03_UTC.ES-IPS_TM_6.data with Adaptive Ghost logic...
FILE: TRADEACTIVITYLOG_2025-12-23_UTC.ES-IPS_TM_6.DATA | ACC: ES-IPS_TM_6 | SYMBOL: ESH26 | RAW: 64 | FILLS: 32
DEBUG: Running _parse_file_nitro on C:\Model-\TradeActivityLogs-tm_6\TradeActivityLog_2025-12-23_UTC.ES-TM_6.data with Adaptive Ghost logic...
FILE: TRADEACTIVITYLOG_2026-03-25_UTC.TM_6.DATA | ACC: TM_6 | SYMBOL: CLK26 | RAW: 326 | FILLS: 163
DEBUG: Running _parse_file_nitro on C:\Model-\TradeActivityLogs-tm_6\TradeActivityLog_2026-03-26_UTC.ES-IPS_TM_6.data with Adaptive Ghost logic...
FILE: TRADEACTIVITYLOG_2026-02-05_UTC.ES-IPS_TM_6.DATA | ACC: ES-IPS_TM_6 | SYMBOL: ESH26 | RAW: 74 | FILLS: 37
DEBUG: Running _parse_file_nitro on C:\Model-\TradeActivityLogs-tm_6\TradeActivityLog_2026-02-05_UTC.ES-TM_6.data with Adaptive Ghost logic...
FILE: TRADEACTIVITYLOG_2026-01-14_UTC.ES-IPS_TM_6.DATA | ACC: ES-IPS_TM_6 | SYMBOL: ESH26 | RAW: 54 | FILLS: 27
DEBUG: Running _parse_file_nitro on C:\Model-\TradeActivityLogs-tm_6\TradeActivityLog_2026-01-14_UTC.ES-TM_6.data with Adaptive Ghost logic...
FILE: TRADEACTIVITYLOG_2026-05-09_UTC.ES-IPS_TM_6.DATA | ACC: ES-IPS_TM_6 | SYMBOL: ES | RAW: 0 | FILLS: 0
DEBUG: Running _parse_file_nitro on C:\Model-\TradeActivityLogs-tm_6\TradeActivityLog_2026-05-09_UTC.ES-TM_6.data with Adaptive Ghost logic...
FILE: TRADEACTIVITYLOG_2026-06-03_UTC.ES-IPS_TM_6.DATA | ACC: ES-IPS_TM_6 | SYMBOL: ESM26 | RAW: 0 | FILLS: 0
DEBUG: Running _parse_file_nitro on C:\Model-\TradeActivityLogs-tm_6\TradeActivityLog_2026-06-03_UTC.ES-TM_6.data with Adaptive Ghost logic...
FILE: TRADEACTIVITYLOG_2026-03-26_UTC.ES-IPS_TM_6.DATA | ACC: ES-IPS_TM_6 | SYMBOL: ESM26 | RAW: 54 | FILLS: 27
DEBUG: Running _parse_file_nitro on C:\Model-\TradeActivityLogs-tm_6\TradeActivityLog_2026-03-26_UTC.ES-TM_6.data with Adaptive Ghost logic...
FILE: TRADEACTIVITYLOG_2026-03-02_UTC.ES-IPS_TM_6.DATA | ACC: ES-IPS_TM_6 | SYMBOL: ESH26 | RAW: 86 | FILLS: 43
DEBUG: Running _parse_file_nitro on C:\Model-\TradeActivityLogs-tm_6\TradeActivityLog_2026-03-02_UTC.ES-TM_6.data with Adaptive Ghost logic...
FILE: TRADEACTIVITYLOG_2025-11-06_UTC.TM_6.DATA | ACC: TM_6 | SYMBOL: NQZ25 | RAW: 276 | FILLS: 138
FILE: TRADEACTIVITYLOG_2025-12-23_UTC.ES-TM_6.DATA | ACC: ES-TM_6 | SYMBOL: ESH26 | RAW: 64 | FILLS: 32
DEBUG: Running _parse_file_nitro on C:\Model-\TradeActivityLogs-tm_6\TradeActivityLog_2025-11-07_UTC.ES-IPS_TM_6.data with Adaptive Ghost logic...
DEBUG: Running _parse_file_nitro on C:\Model-\TradeActivityLogs-tm_6\TradeActivityLog_2025-12-23_UTC.IPS_TM_6.data with Adaptive Ghost logic...
FILE: TRADEACTIVITYLOG_2026-05-09_UTC.ES-TM_6.DATA | ACC: ES-TM_6 | SYMBOL: ES | RAW: 0 | FILLS: 0
DEBUG: Running _parse_file_nitro on C:\Model-\TradeActivityLogs-tm_6\TradeActivityLog_2026-05-09_UTC.IPS_TM_6.data with Adaptive Ghost logic...
FILE: TRADEACTIVITYLOG_2026-02-05_UTC.ES-TM_6.DATA | ACC: ES-TM_6 | SYMBOL: ESH26 | RAW: 74 | FILLS: 37
DEBUG: Running _parse_file_nitro on C:\Model-\TradeActivityLogs-tm_6\TradeActivityLog_2026-02-05_UTC.IPS_TM_6.data with Adaptive Ghost logic...
FILE: TRADEACTIVITYLOG_2026-01-14_UTC.ES-TM_6.DATA | ACC: ES-TM_6 | SYMBOL: ESH26 | RAW: 54 | FILLS: 27
FILE: TRADEACTIVITYLOG_2026-04-17_UTC.IPS_TM_6.DATA | ACC: IPS_TM_6 | SYMBOL: NQM26 | RAW: 236 | FILLS: 118
DEBUG: Running _parse_file_nitro on C:\Model-\TradeActivityLogs-tm_6\TradeActivityLog_2026-01-14_UTC.IPS_TM_6.data with Adaptive Ghost logic...
DEBUG: Running _parse_file_nitro on C:\Model-\TradeActivityLogs-tm_6\TradeActivityLog_2026-04-17_UTC.TM_6.data with Adaptive Ghost logic...
FILE: TRADEACTIVITYLOG_2026-06-03_UTC.ES-TM_6.DATA | ACC: ES-TM_6 | SYMBOL: ESM26 | RAW: 0 | FILLS: 0
DEBUG: Running _parse_file_nitro on C:\Model-\TradeActivityLogs-tm_6\TradeActivityLog_2026-06-03_UTC.IPS_TM_6.data with Adaptive Ghost logic...
FILE: TRADEACTIVITYLOG_2025-11-07_UTC.ES-IPS_TM_6.DATA | ACC: ES-IPS_TM_6 | SYMBOL: ESZ25 | RAW: 16 | FILLS: 8
FILE: TRADEACTIVITYLOG_2025-12-23_UTC.IPS_TM_6.DATA | ACC: IPS_TM_6 | SYMBOL: CLG26 | RAW: 66 | FILLS: 33
FILE: TRADEACTIVITYLOG_2026-05-09_UTC.IPS_TM_6.DATA | ACC: IPS_TM_6 | SYMBOL: Unknown | RAW: 0 | FILLS: 0
FILE: TRADEACTIVITYLOG_2026-03-26_UTC.ES-TM_6.DATA | ACC: ES-TM_6 | SYMBOL: ESM26 | RAW: 54 | FILLS: 27
DEBUG: Running _parse_file_nitro on C:\Model-\TradeActivityLogs-tm_6\TradeActivityLog_2025-12-23_UTC.TM_6.data with Adaptive Ghost logic...
DEBUG: Running _parse_file_nitro on C:\Model-\TradeActivityLogs-tm_6\TradeActivityLog_2026-05-09_UTC.TM_6.data with Adaptive Ghost logic...
DEBUG: Running _parse_file_nitro on C:\Model-\TradeActivityLogs-tm_6\TradeActivityLog_2026-03-26_UTC.IPS_TM_6.data with Adaptive Ghost logic...
DEBUG: Running _parse_file_nitro on C:\Model-\TradeActivityLogs-tm_6\TradeActivityLog_2026-06-27_UTC.TM_6.data with Adaptive Ghost logic...
FILE: TRADEACTIVITYLOG_2026-03-02_UTC.ES-TM_6.DATA | ACC: ES-TM_6 | SYMBOL: ESH26 | RAW: 86 | FILLS: 43
DEBUG: Running _parse_file_nitro on C:\Model-\TradeActivityLogs-tm_6\TradeActivityLog_2026-03-02_UTC.IPS_TM_6.data with Adaptive Ghost logic...
FILE: TRADEACTIVITYLOG_2026-06-03_UTC.IPS_TM_6.DATA | ACC: IPS_TM_6 | SYMBOL: NQM26 | RAW: 0 | FILLS: 0
DEBUG: Running _parse_file_nitro on C:\Model-\TradeActivityLogs-tm_6\TradeActivityLog_2026-06-03_UTC.TM_6.data with Adaptive Ghost logic...
FILE: TRADEACTIVITYLOG_2026-06-27_UTC.TM_6.DATA | ACC: TM_6 | SYMBOL: Unknown | RAW: 0 | FILLS: 0
DEBUG: Running _parse_file_nitro on C:\Model-\TradeActivityLogs-tm_6\TradeActivityLog_2026-06-28_UTC.ES-IPS_TM_6.data with Adaptive Ghost logic...
FILE: TRADEACTIVITYLOG_2026-05-09_UTC.TM_6.DATA | ACC: TM_6 | SYMBOL: Unknown | RAW: 0 | FILLS: 0
DEBUG: Running _parse_file_nitro on C:\Model-\TradeActivityLogs-tm_6\TradeActivityLog_2026-05-10_UTC.ES-IPS_TM_6.data with Adaptive Ghost logic...
FILE: TRADEACTIVITYLOG_2025-12-23_UTC.TM_6.DATA | ACC: TM_6 | SYMBOL: CLG26 | RAW: 66 | FILLS: 33
DEBUG: Running _parse_file_nitro on C:\Model-\TradeActivityLogs-tm_6\TradeActivityLog_2025-12-24_UTC.ES-IPS_TM_6.data with Adaptive Ghost logic...
FILE: TRADEACTIVITYLOG_2026-02-05_UTC.IPS_TM_6.DATA | ACC: IPS_TM_6 | SYMBOL: CLH26 | RAW: 312 | FILLS: 156
FILE: TRADEACTIVITYLOG_2026-06-03_UTC.TM_6.DATA | ACC: TM_6 | SYMBOL: NQM26 | RAW: 0 | FILLS: 0
DEBUG: Running _parse_file_nitro on C:\Model-\TradeActivityLogs-tm_6\TradeActivityLog_2026-02-05_UTC.TM_6.data with Adaptive Ghost logic...
DEBUG: Running _parse_file_nitro on C:\Model-\TradeActivityLogs-tm_6\TradeActivityLog_2026-06-04_UTC.ES-IPS_TM_6.data with Adaptive Ghost logic...
FILE: TRADEACTIVITYLOG_2026-04-17_UTC.TM_6.DATA | ACC: TM_6 | SYMBOL: NQM26 | RAW: 202 | FILLS: 101
DEBUG: Running _parse_file_nitro on C:\Model-\TradeActivityLogs-tm_6\TradeActivityLog_2026-04-18_UTC.ES-IPS_TM_6.data with Adaptive Ghost logic...
FILE: TRADEACTIVITYLOG_2026-01-14_UTC.IPS_TM_6.DATA | ACC: IPS_TM_6 | SYMBOL: NQH26 | RAW: 284 | FILLS: 142
FILE: TRADEACTIVITYLOG_2026-06-28_UTC.ES-IPS_TM_6.DATA | ACC: ES-IPS_TM_6 | SYMBOL: ES | RAW: 0 | FILLS: 0
DEBUG: Running _parse_file_nitro on C:\Model-\TradeActivityLogs-tm_6\TradeActivityLog_2026-01-14_UTC.TM_6.data with Adaptive Ghost logic...
DEBUG: Running _parse_file_nitro on C:\Model-\TradeActivityLogs-tm_6\TradeActivityLog_2026-06-28_UTC.ES-TM_6.data with Adaptive Ghost logic...
FILE: TRADEACTIVITYLOG_2025-12-24_UTC.ES-IPS_TM_6.DATA | ACC: ES-IPS_TM_6 | SYMBOL: ESH26 | RAW: 28 | FILLS: 14
DEBUG: Running _parse_file_nitro on C:\Model-\TradeActivityLogs-tm_6\TradeActivityLog_2025-12-24_UTC.ES-TM_6.data with Adaptive Ghost logic...
FILE: TRADEACTIVITYLOG_2025-11-26_UTC.TM_6.DATA | ACC: TM_6 | SYMBOL: NQZ25 | RAW: 48 | FILLS: 24
DEBUG: Running _parse_file_nitro on C:\Model-\TradeActivityLogs-tm_6\TradeActivityLog_2025-11-27_UTC.ES-IPS_TM_6.data with Adaptive Ghost logic...
FILE: TRADEACTIVITYLOG_2026-05-10_UTC.ES-IPS_TM_6.DATA | ACC: ES-IPS_TM_6 | SYMBOL: ESM26 | RAW: 6 | FILLS: 3
DEBUG: Running _parse_file_nitro on C:\Model-\TradeActivityLogs-tm_6\TradeActivityLog_2026-05-10_UTC.ES-TM_6.data with Adaptive Ghost logic...
FILE: TRADEACTIVITYLOG_2026-04-18_UTC.ES-IPS_TM_6.DATA | ACC: ES-IPS_TM_6 | SYMBOL: ES | RAW: 0 | FILLS: 0
DEBUG: Running _parse_file_nitro on C:\Model-\TradeActivityLogs-tm_6\TradeActivityLog_2026-04-18_UTC.ES-TM_6.data with Adaptive Ghost logic...
FILE: TRADEACTIVITYLOG_2026-03-26_UTC.IPS_TM_6.DATA | ACC: IPS_TM_6 | SYMBOL: CLK26 | RAW: 372 | FILLS: 186
DEBUG: Running _parse_file_nitro on C:\Model-\TradeActivityLogs-tm_6\TradeActivityLog_2026-03-26_UTC.TM_6.data with Adaptive Ghost logic...
FILE: TRADEACTIVITYLOG_2026-06-04_UTC.ES-IPS_TM_6.DATA | ACC: ES-IPS_TM_6 | SYMBOL: ESM26 | RAW: 0 | FILLS: 0
DEBUG: Running _parse_file_nitro on C:\Model-\TradeActivityLogs-tm_6\TradeActivityLog_2026-06-04_UTC.ES-TM_6.data with Adaptive Ghost logic...
FILE: TRADEACTIVITYLOG_2026-06-28_UTC.ES-TM_6.DATA | ACC: ES-TM_6 | SYMBOL: ES | RAW: 0 | FILLS: 0
DEBUG: Running _parse_file_nitro on C:\Model-\TradeActivityLogs-tm_6\TradeActivityLog_2026-06-28_UTC.IPS_TM_6.data with Adaptive Ghost logic...
FILE: TRADEACTIVITYLOG_2026-03-02_UTC.IPS_TM_6.DATA | ACC: IPS_TM_6 | SYMBOL: CLJ26 | RAW: 360 | FILLS: 180
FILE: TRADEACTIVITYLOG_2025-11-27_UTC.ES-IPS_TM_6.DATA | ACC: ES-IPS_TM_6 | SYMBOL: ESZ25 | RAW: 4 | FILLS: 2
DEBUG: Running _parse_file_nitro on C:\Model-\TradeActivityLogs-tm_6\TradeActivityLog_2025-11-27_UTC.ES-TM_6.data with Adaptive Ghost logic...
DEBUG: Running _parse_file_nitro on C:\Model-\TradeActivityLogs-tm_6\TradeActivityLog_2026-03-02_UTC.TM_6.data with Adaptive Ghost logic...
FILE: TRADEACTIVITYLOG_2025-12-24_UTC.ES-TM_6.DATA | ACC: ES-TM_6 | SYMBOL: ESH26 | RAW: 28 | FILLS: 14
DEBUG: Running _parse_file_nitro on C:\Model-\TradeActivityLogs-tm_6\TradeActivityLog_2025-12-24_UTC.IPS_TM_6.data with Adaptive Ghost logic...
FILE: TRADEACTIVITYLOG_2026-05-10_UTC.ES-TM_6.DATA | ACC: ES-TM_6 | SYMBOL: ESM26 | RAW: 6 | FILLS: 3
DEBUG: Running _parse_file_nitro on C:\Model-\TradeActivityLogs-tm_6\TradeActivityLog_2026-05-10_UTC.IPS_TM_6.data with Adaptive Ghost logic...
FILE: TRADEACTIVITYLOG_2026-02-05_UTC.TM_6.DATA | ACC: TM_6 | SYMBOL: CLH26 | RAW: 312 | FILLS: 156
FILE: TRADEACTIVITYLOG_2026-04-18_UTC.ES-TM_6.DATA | ACC: ES-TM_6 | SYMBOL: ES | RAW: 0 | FILLS: 0
FILE: TRADEACTIVITYLOG_2026-06-04_UTC.ES-TM_6.DATA | ACC: ES-TM_6 | SYMBOL: ESM26 | RAW: 0 | FILLS: 0
DEBUG: Running _parse_file_nitro on C:\Model-\TradeActivityLogs-tm_6\TradeActivityLog_2026-04-18_UTC.IPS_TM_6.data with Adaptive Ghost logic...
DEBUG: Running _parse_file_nitro on C:\Model-\TradeActivityLogs-tm_6\TradeActivityLog_2026-02-06_UTC.ES-IPS_TM_6.data with Adaptive Ghost logic...
DEBUG: Running _parse_file_nitro on C:\Model-\TradeActivityLogs-tm_6\TradeActivityLog_2026-06-04_UTC.IPS_TM_6.data with Adaptive Ghost logic...
FILE: TRADEACTIVITYLOG_2025-11-27_UTC.ES-TM_6.DATA | ACC: ES-TM_6 | SYMBOL: ESZ25 | RAW: 4 | FILLS: 2
DEBUG: Running _parse_file_nitro on C:\Model-\TradeActivityLogs-tm_6\TradeActivityLog_2025-11-27_UTC.IPS_TM_6.data with Adaptive Ghost logic...
FILE: TRADEACTIVITYLOG_2026-06-28_UTC.IPS_TM_6.DATA | ACC: IPS_TM_6 | SYMBOL: NQU26 | RAW: 8 | FILLS: 4
DEBUG: Running _parse_file_nitro on C:\Model-\TradeActivityLogs-tm_6\TradeActivityLog_2026-06-28_UTC.TM_6.data with Adaptive Ghost logic...
FILE: TRADEACTIVITYLOG_2026-01-14_UTC.TM_6.DATA | ACC: TM_6 | SYMBOL: NQH26 | RAW: 288 | FILLS: 144
FILE: TRADEACTIVITYLOG_2025-12-24_UTC.IPS_TM_6.DATA | ACC: IPS_TM_6 | SYMBOL: NQH26 | RAW: 46 | FILLS: 23
DEBUG: Running _parse_file_nitro on C:\Model-\TradeActivityLogs-tm_6\TradeActivityLog_2025-12-24_UTC.TM_6.data with Adaptive Ghost logic...
DEBUG: Running _parse_file_nitro on C:\Model-\TradeActivityLogs-tm_6\TradeActivityLog_2026-01-15_UTC.ES-IPS_TM_6.data with Adaptive Ghost logic...
FILE: TRADEACTIVITYLOG_2026-05-10_UTC.IPS_TM_6.DATA | ACC: IPS_TM_6 | SYMBOL: CLM26 | RAW: 12 | FILLS: 6
DEBUG: Running _parse_file_nitro on C:\Model-\TradeActivityLogs-tm_6\TradeActivityLog_2026-05-10_UTC.TM_6.data with Adaptive Ghost logic...
FILE: TRADEACTIVITYLOG_2026-04-18_UTC.IPS_TM_6.DATA | ACC: IPS_TM_6 | SYMBOL: Unknown | RAW: 0 | FILLS: 0
DEBUG: Running _parse_file_nitro on C:\Model-\TradeActivityLogs-tm_6\TradeActivityLog_2026-04-18_UTC.TM_6.data with Adaptive Ghost logic...
FILE: TRADEACTIVITYLOG_2026-06-04_UTC.IPS_TM_6.DATA | ACC: IPS_TM_6 | SYMBOL: CLN26 | RAW: 0 | FILLS: 0
DEBUG: Running _parse_file_nitro on C:\Model-\TradeActivityLogs-tm_6\TradeActivityLog_2026-06-04_UTC.TM_6.data with Adaptive Ghost logic...
FILE: TRADEACTIVITYLOG_2025-11-27_UTC.IPS_TM_6.DATA | ACC: IPS_TM_6 | SYMBOL: CLF26 | RAW: 24 | FILLS: 12
FILE: TRADEACTIVITYLOG_2026-02-06_UTC.ES-IPS_TM_6.DATA | ACC: ES-IPS_TM_6 | SYMBOL: ESH26 | RAW: 96 | FILLS: 48
DEBUG: Running _parse_file_nitro on C:\Model-\TradeActivityLogs-tm_6\TradeActivityLog_2025-11-27_UTC.TM_6.data with Adaptive Ghost logic...
DEBUG: Running _parse_file_nitro on C:\Model-\TradeActivityLogs-tm_6\TradeActivityLog_2026-02-06_UTC.ES-TM_6.data with Adaptive Ghost logic...
FILE: TRADEACTIVITYLOG_2025-12-24_UTC.TM_6.DATA | ACC: TM_6 | SYMBOL: NQH26 | RAW: 46 | FILLS: 23
DEBUG: Running _parse_file_nitro on C:\Model-\TradeActivityLogs-tm_6\TradeActivityLog_2025-12-25_UTC.ES-IPS_TM_6.data with Adaptive Ghost logic...
FILE: TRADEACTIVITYLOG_2026-01-15_UTC.ES-IPS_TM_6.DATA | ACC: ES-IPS_TM_6 | SYMBOL: ESH26 | RAW: 48 | FILLS: 24
FILE: TRADEACTIVITYLOG_2026-06-28_UTC.TM_6.DATA | ACC: TM_6 | SYMBOL: NQU26 | RAW: 8 | FILLS: 4
FILE: TRADEACTIVITYLOG_2026-03-26_UTC.TM_6.DATA | ACC: TM_6 | SYMBOL: CLK26 | RAW: 356 | FILLS: 178
DEBUG: Running _parse_file_nitro on C:\Model-\TradeActivityLogs-tm_6\TradeActivityLog_2026-01-15_UTC.ES-TM_6.data with Adaptive Ghost logic...
DEBUG: Running _parse_file_nitro on C:\Model-\TradeActivityLogs-tm_6\TradeActivityLog_2026-06-29_UTC.ES-IPS_TM_6.data with Adaptive Ghost logic...
DEBUG: Running _parse_file_nitro on C:\Model-\TradeActivityLogs-tm_6\TradeActivityLog_2026-03-27_UTC.ES-IPS_TM_6.data with Adaptive Ghost logic...
FILE: TRADEACTIVITYLOG_2026-04-18_UTC.TM_6.DATA | ACC: TM_6 | SYMBOL: Unknown | RAW: 0 | FILLS: 0
DEBUG: Running _parse_file_nitro on C:\Model-\TradeActivityLogs-tm_6\TradeActivityLog_2026-04-19_UTC.IPS_TM_6.data with Adaptive Ghost logic...
FILE: TRADEACTIVITYLOG_2026-05-10_UTC.TM_6.DATA | ACC: TM_6 | SYMBOL: CLM26 | RAW: 12 | FILLS: 6
DEBUG: Running _parse_file_nitro on C:\Model-\TradeActivityLogs-tm_6\TradeActivityLog_2026-05-11_UTC.ES-IPS_TM_6.data with Adaptive Ghost logic...
FILE: TRADEACTIVITYLOG_2026-03-02_UTC.TM_6.DATA | ACC: TM_6 | SYMBOL: CLJ26 | RAW: 360 | FILLS: 180
DEBUG: Running _parse_file_nitro on C:\Model-\TradeActivityLogs-tm_6\TradeActivityLog_2026-03-03_UTC.ES-IPS_TM_6.data with Adaptive Ghost logic...
FILE: TRADEACTIVITYLOG_2026-06-04_UTC.TM_6.DATA | ACC: TM_6 | SYMBOL: CLN26 | RAW: 0 | FILLS: 0
DEBUG: Running _parse_file_nitro on C:\Model-\TradeActivityLogs-tm_6\TradeActivityLog_2026-06-05_UTC.ES-IPS_TM_6.data with Adaptive Ghost logic...
FILE: TRADEACTIVITYLOG_2025-12-25_UTC.ES-IPS_TM_6.DATA | ACC: ES-IPS_TM_6 | SYMBOL: ESH26 | RAW: 8 | FILLS: 4
DEBUG: Running _parse_file_nitro on C:\Model-\TradeActivityLogs-tm_6\TradeActivityLog_2025-12-25_UTC.ES-TM_6.data with Adaptive Ghost logic...
FILE: TRADEACTIVITYLOG_2026-02-06_UTC.ES-TM_6.DATA | ACC: ES-TM_6 | SYMBOL: ESH26 | RAW: 96 | FILLS: 48
DEBUG: Running _parse_file_nitro on C:\Model-\TradeActivityLogs-tm_6\TradeActivityLog_2026-02-06_UTC.IPS_TM_6.data with Adaptive Ghost logic...
FILE: TRADEACTIVITYLOG_2026-01-15_UTC.ES-TM_6.DATA | ACC: ES-TM_6 | SYMBOL: ESH26 | RAW: 48 | FILLS: 24
DEBUG: Running _parse_file_nitro on C:\Model-\TradeActivityLogs-tm_6\TradeActivityLog_2026-01-15_UTC.IPS_TM_6.data with Adaptive Ghost logic...
FILE: TRADEACTIVITYLOG_2026-03-27_UTC.ES-IPS_TM_6.DATA | ACC: ES-IPS_TM_6 | SYMBOL: ESM26 | RAW: 72 | FILLS: 36
DEBUG: Running _parse_file_nitro on C:\Model-\TradeActivityLogs-tm_6\TradeActivityLog_2026-03-27_UTC.ES-TM_6.data with Adaptive Ghost logic...
FILE: TRADEACTIVITYLOG_2026-06-29_UTC.ES-IPS_TM_6.DATA | ACC: ES-IPS_TM_6 | SYMBOL: ESU26 | RAW: 70 | FILLS: 35
DEBUG: Running _parse_file_nitro on C:\Model-\TradeActivityLogs-tm_6\TradeActivityLog_2026-06-29_UTC.ES-TM_6.data with Adaptive Ghost logic...
FILE: TRADEACTIVITYLOG_2026-04-19_UTC.IPS_TM_6.DATA | ACC: IPS_TM_6 | SYMBOL: NQM26 | RAW: 18 | FILLS: 9
FILE: TRADEACTIVITYLOG_2026-06-05_UTC.ES-IPS_TM_6.DATA | ACC: ES-IPS_TM_6 | SYMBOL: ESM26 | RAW: 0 | FILLS: 0
DEBUG: Running _parse_file_nitro on C:\Model-\TradeActivityLogs-tm_6\TradeActivityLog_2026-06-05_UTC.ES-TM_6.data with Adaptive Ghost logic...
DEBUG: Running _parse_file_nitro on C:\Model-\TradeActivityLogs-tm_6\TradeActivityLog_2026-04-19_UTC.TM_6.data with Adaptive Ghost logic...
FILE: TRADEACTIVITYLOG_2026-05-11_UTC.ES-IPS_TM_6.DATA | ACC: ES-IPS_TM_6 | SYMBOL: ESM26 | RAW: 54 | FILLS: 27
DEBUG: Running _parse_file_nitro on C:\Model-\TradeActivityLogs-tm_6\TradeActivityLog_2026-05-11_UTC.ES-TM_6.data with Adaptive Ghost logic...
FILE: TRADEACTIVITYLOG_2025-12-25_UTC.ES-TM_6.DATA | ACC: ES-TM_6 | SYMBOL: ESH26 | RAW: 8 | FILLS: 4
DEBUG: Running _parse_file_nitro on C:\Model-\TradeActivityLogs-tm_6\TradeActivityLog_2025-12-25_UTC.IPS_TM_6.data with Adaptive Ghost logic...
FILE: TRADEACTIVITYLOG_2026-03-03_UTC.ES-IPS_TM_6.DATA | ACC: ES-IPS_TM_6 | SYMBOL: ESH26 | RAW: 130 | FILLS: 65
DEBUG: Running _parse_file_nitro on C:\Model-\TradeActivityLogs-tm_6\TradeActivityLog_2026-03-03_UTC.ES-TM_6.data with Adaptive Ghost logic...
FILE: TRADEACTIVITYLOG_2026-06-29_UTC.ES-TM_6.DATA | ACC: ES-TM_6 | SYMBOL: ESU26 | RAW: 70 | FILLS: 35
DEBUG: Running _parse_file_nitro on C:\Model-\TradeActivityLogs-tm_6\TradeActivityLog_2026-06-29_UTC.IPS_TM_6.data with Adaptive Ghost logic...
FILE: TRADEACTIVITYLOG_2026-06-05_UTC.ES-TM_6.DATA | ACC: ES-TM_6 | SYMBOL: ESM26 | RAW: 0 | FILLS: 0
DEBUG: Running _parse_file_nitro on C:\Model-\TradeActivityLogs-tm_6\TradeActivityLog_2026-06-05_UTC.IPS_TM_6.data with Adaptive Ghost logic...
FILE: TRADEACTIVITYLOG_2026-03-27_UTC.ES-TM_6.DATA | ACC: ES-TM_6 | SYMBOL: ESM26 | RAW: 72 | FILLS: 36
FILE: TRADEACTIVITYLOG_2025-12-25_UTC.IPS_TM_6.DATA | ACC: IPS_TM_6 | SYMBOL: CLG26 | RAW: 2 | FILLS: 1
DEBUG: Running _parse_file_nitro on C:\Model-\TradeActivityLogs-tm_6\TradeActivityLog_2026-03-27_UTC.IPS_TM_6.data with Adaptive Ghost logic...
FILE: TRADEACTIVITYLOG_2026-04-19_UTC.TM_6.DATA | ACC: TM_6 | SYMBOL: NQM26 | RAW: 14 | FILLS: 7
TC.TM_6.data with Adaptive Ghost logic...
DEBUG: Running _parse_file_nitro on C:\Model-\TradeActivityLogs-tm_6\TradeActivityLog_2026-04-20_UTC.ES-IPS_TM_6.data with Adaptive Ghost logic...
FILE: TRADEACTIVITYLOG_2025-11-27_UTC.TM_6.DATA | ACC: TM_6 | SYMBOL: CLF26 | RAW: 16 | FILLS: 8
DEBUG: Running _parse_file_nitro on C:\Model-\TradeActivityLogs-tm_6\TradeActivityLog_2025-11-28_UTC.ES-IPS_TM_6.data with Adaptive Ghost logic...
FILE: TRADEACTIVITYLOG_2026-05-11_UTC.ES-TM_6.DATA | ACC: ES-TM_6 | SYMBOL: ESM26 | RAW: 58 | FILLS: 29
FILE: TRADEACTIVITYLOG_2026-02-06_UTC.IPS_TM_6.DATA | ACC: IPS_TM_6 | SYMBOL: NQH26 | RAW: 252 | FILLS: 126
DEBUG: Running _parse_file_nitro on C:\Model-\TradeActivityLogs-tm_6\TradeActivityLog_2026-05-11_UTC.IPS_TM_6.data with Adaptive Ghost logic...
DEBUG: Running _parse_file_nitro on C:\Model-\TradeActivityLogs-tm_6\TradeActivityLog_2026-02-06_UTC.TM_6.data with Adaptive Ghost logic...
FILE: TRADEACTIVITYLOG_2026-01-15_UTC.IPS_TM_6.DATA | ACC: IPS_TM_6 | SYMBOL: CLG26 | RAW: 206 | FILLS: 103
DEBUG: Running _parse_file_nitro on C:\Model-\TradeActivityLogs-tm_6\TradeActivityLog_2026-01-15_UTC.TM_6.data with Adaptive Ghost logic...
FILE: TRADEACTIVITYLOG_2026-03-03_UTC.ES-TM_6.DATA | ACC: ES-TM_6 | SYMBOL: ESH26 | RAW: 147 | FILLS: 74
DEBUG: Running _parse_file_nitro on C:\Model-\TradeActivityLogs-tm_6\TradeActivityLog_2026-03-03_UTC.IPS_TM_6.data with Adaptive Ghost logic...
FILE: TRADEACTIVITYLOG_2026-06-05_UTC.IPS_TM_6.DATA | ACC: IPS_TM_6 | SYMBOL: CLN26 | RAW: 0 | FILLS: 0
DEBUG: Running _parse_file_nitro on C:\Model-\TradeActivityLogs-tm_6\TradeActivityLog_2026-06-05_UTC.TM_6.data with Adaptive Ghost logic...
FILE: TRADEACTIVITYLOG_2025-12-25_UTC.TM_6.DATA | ACC: TM_6 | SYMBOL: CLG26 | RAW: 2 | FILLS: 1
DEBUG: Running _parse_file_nitro on C:\Model-\TradeActivityLogs-tm_6\TradeActivityLog_2025-12-26_UTC.ES-IPS_TM_6.data with Adaptive Ghost logic...
FILE: TRADEACTIVITYLOG_2026-04-20_UTC.ES-IPS_TM_6.DATA | ACC: ES-IPS_TM_6 | SYMBOL: ESM26 | RAW: 40 | FILLS: 20
DEBUG: Running _parse_file_nitro on C:\Model-\TradeActivityLogs-tm_6\TradeActivityLog_2026-04-20_UTC.ES-TM_6.data with Adaptive Ghost logic...
FILE: TRADEACTIVITYLOG_2025-11-28_UTC.ES-IPS_TM_6.DATA | ACC: ES-IPS_TM_6 | SYMBOL: ESZ25 | RAW: 16 | FILLS: 8
DEBUG: Running _parse_file_nitro on C:\Model-\TradeActivityLogs-tm_6\TradeActivityLog_2025-11-28_UTC.ES-TM_6.data with Adaptive Ghost logic...
FILE: TRADEACTIVITYLOG_2026-06-29_UTC.IPS_TM_6.DATA | ACC: IPS_TM_6 | SYMBOL: NQU26 | RAW: 174 | FILLS: 87
DEBUG: Running _parse_file_nitro on C:\Model-\TradeActivityLogs-tm_6\TradeActivityLog_2026-06-29_UTC.TM_6.data with Adaptive Ghost logic...
FILE: TRADEACTIVITYLOG_2026-06-05_UTC.TM_6.DATA | ACC: TM_6 | SYMBOL: CLN26 | RAW: 0 | FILLS: 0
FILE: TRADEACTIVITYLOG_2025-12-26_UTC.ES-IPS_TM_6.DATA | ACC: ES-IPS_TM_6 | SYMBOL: ESH26 | RAW: 36 | FILLS: 18
DEBUG: Running _parse_file_nitro on C:\Model-\TradeActivityLogs-tm_6\TradeActivityLog_2026-06-07_UTC.ES-TM_6.data with Adaptive Ghost logic...
DEBUG: Running _parse_file_nitro on C:\Model-\TradeActivityLogs-tm_6\TradeActivityLog_2025-12-26_UTC.ES-TM_6.data with Adaptive Ghost logic...
FILE: TRADEACTIVITYLOG_2025-11-28_UTC.ES-TM_6.DATA | ACC: ES-TM_6 | SYMBOL: ESZ25 | RAW: 16 | FILLS: 8
DEBUG: Running _parse_file_nitro on C:\Model-\TradeActivityLogs-tm_6\TradeActivityLog_2025-11-28_UTC.IPS_TM_6.data with Adaptive Ghost logic...
FILE: TRADEACTIVITYLOG_2026-04-20_UTC.ES-TM_6.DATA | ACC: ES-TM_6 | SYMBOL: ESM26 | RAW: 64 | FILLS: 32
FILE: TRADEACTIVITYLOG_2026-03-27_UTC.IPS_TM_6.DATA | ACC: IPS_TM_6 | SYMBOL: NQM26 | RAW: 240 | FILLS: 120
DEBUG: Running _parse_file_nitro on C:\Model-\TradeActivityLogs-tm_6\TradeActivityLog_2026-04-20_UTC.IPS_TM_6.data with Adaptive Ghost logic...
DEBUG: Running _parse_file_nitro on C:\Model-\TradeActivityLogs-tm_6\TradeActivityLog_2026-03-27_UTC.TM_6.data with Adaptive Ghost logic...
FILE: TRADEACTIVITYLOG_2026-01-15_UTC.TM_6.DATA | ACC: TM_6 | SYMBOL: CLG26 | RAW: 206 | FILLS: 103
FILE: TRADEACTIVITYLOG_2026-02-06_UTC.TM_6.DATA | ACC: TM_6 | SYMBOL: NQH26 | RAW: 252 | FILLS: 126
DEBUG: Running _parse_file_nitro on C:\Model-\TradeActivityLogs-tm_6\TradeActivityLog_2026-01-16_UTC.ES-IPS_TM_6.data with Adaptive Ghost logic...
FILE: TRADEACTIVITYLOG_2026-05-11_UTC.IPS_TM_6.DATA | ACC: IPS_TM_6 | SYMBOL: NQM26 | RAW: 246 | FILLS: 123
DEBUG: Running _parse_file_nitro on C:\Model-\TradeActivityLogs-tm_6\TradeActivityLog_2026-02-08_UTC.ES-IPS_TM_6.data with Adaptive Ghost logic...
DEBUG: Running _parse_file_nitro on C:\Model-\TradeActivityLogs-tm_6\TradeActivityLog_2026-05-11_UTC.TM_6.data with Adaptive Ghost logic...
FILE: TRADEACTIVITYLOG_2026-06-07_UTC.ES-TM_6.DATA | ACC: ES-TM_6 | SYMBOL: ESM26 | RAW: 0 | FILLS: 0
DEBUG: Running _parse_file_nitro on C:\Model-\TradeActivityLogs-tm_6\TradeActivityLog_2026-06-07_UTC.IPS_TM_6.data with Adaptive Ghost logic...
FILE: TRADEACTIVITYLOG_2025-12-26_UTC.ES-TM_6.DATA | ACC: ES-TM_6 | SYMBOL: ESH26 | RAW: 36 | FILLS: 18
DEBUG: Running _parse_file_nitro on C:\Model-\TradeActivityLogs-tm_6\TradeActivityLog_2025-12-26_UTC.IPS_TM_6.data with Adaptive Ghost logic...
FILE: TRADEACTIVITYLOG_2026-06-29_UTC.TM_6.DATA | ACC: TM_6 | SYMBOL: NQU26 | RAW: 174 | FILLS: 87
DEBUG: Running _parse_file_nitro on C:\Model-\TradeActivityLogs-tm_6\TradeActivityLog_2026-06-30_UTC.ES-IPS_TM_6.data with Adaptive Ghost logic...
FILE: TRADEACTIVITYLOG_2025-11-28_UTC.IPS_TM_6.DATA | ACC: IPS_TM_6 | SYMBOL: NQZ25 | RAW: 58 | FILLS: 29
DEBUG: Running _parse_file_nitro on C:\Model-\TradeActivityLogs-tm_6\TradeActivityLog_2025-11-28_UTC.TM_6.data with Adaptive Ghost logic...
FILE: TRADEACTIVITYLOG_2026-02-08_UTC.ES-IPS_TM_6.DATA | ACC: ES-IPS_TM_6 | SYMBOL: ES | RAW: 0 | FILLS: 0
DEBUG: Running _parse_file_nitro on C:\Model-\TradeActivityLogs-tm_6\TradeActivityLog_2026-02-08_UTC.ES-TM_6.data with Adaptive Ghost logic...
FILE: TRADEACTIVITYLOG_2026-01-16_UTC.ES-IPS_TM_6.DATA | ACC: ES-IPS_TM_6 | SYMBOL: ESH26 | RAW: 40 | FILLS: 20
DEBUG: Running _parse_file_nitro on C:\Model-\TradeActivityLogs-tm_6\TradeActivityLog_2026-01-16_UTC.ES-TM_6.data with Adaptive Ghost logic...
FILE: TRADEACTIVITYLOG_2026-04-20_UTC.IPS_TM_6.DATA | ACC: IPS_TM_6 | SYMBOL: NQM26 | RAW: 138 | FILLS: 69
DEBUG: Running _parse_file_nitro on C:\Model-\TradeActivityLogs-tm_6\TradeActivityLog_2026-04-20_UTC.TM_6.data with Adaptive Ghost logic...
FILE: TRADEACTIVITYLOG_2026-06-07_UTC.IPS_TM_6.DATA | ACC: IPS_TM_6 | SYMBOL: NQM26 | RAW: 0 | FILLS: 0
DEBUG: Running _parse_file_nitro on C:\Model-\TradeActivityLogs-tm_6\TradeActivityLog_2026-06-07_UTC.TM_6.data with Adaptive Ghost logic...
FILE: TRADEACTIVITYLOG_2026-03-03_UTC.IPS_TM_6.DATA | ACC: IPS_TM_6 | SYMBOL: CLJ26 | RAW: 508 | FILLS: 257
DEBUG: Running _parse_file_nitro on C:\Model-\TradeActivityLogs-tm_6\TradeActivityLog_2026-03-03_UTC.TM_6.data with Adaptive Ghost logic...
FILE: TRADEACTIVITYLOG_2026-02-08_UTC.ES-TM_6.DATA | ACC: ES-TM_6 | SYMBOL: ES | RAW: 0 | FILLS: 0
FILE: TRADEACTIVITYLOG_2025-11-28_UTC.TM_6.DATA | ACC: TM_6 | SYMBOL: CLF26 | RAW: 24 | FILLS: 12
DEBUG: Running _parse_file_nitro on C:\Model-\TradeActivityLogs-tm_6\TradeActivityLog_2026-02-08_UTC.IPS_TM_6.data with Adaptive Ghost logic...
DEBUG: Running _parse_file_nitro on C:\Model-\TradeActivityLogs-tm_6\TradeActivityLog_2025-11-30_UTC.ES-IPS_TM_6.data with Adaptive Ghost logic...
FILE: TRADEACTIVITYLOG_2025-12-26_UTC.IPS_TM_6.DATA | ACC: IPS_TM_6 | SYMBOL: NQH26 | RAW: 81 | FILLS: 41
DEBUG: Running _parse_file_nitro on C:\Model-\TradeActivityLogs-tm_6\TradeActivityLog_2025-12-26_UTC.TM_6.data with Adaptive Ghost logic...
FILE: TRADEACTIVITYLOG_2026-03-27_UTC.TM_6.DATA | ACC: TM_6 | SYMBOL: NQM26 | RAW: 244 | FILLS: 122
FILE: TRADEACTIVITYLOG_2026-06-30_UTC.ES-IPS_TM_6.DATA | ACC: ES-IPS_TM_6 | SYMBOL: ESU26 | RAW: 58 | FILLS: 29
DEBUG: Running _parse_file_nitro on C:\Model-\TradeActivityLogs-tm_6\TradeActivityLog_2026-06-30_UTC.ES-TM_6.data with Adaptive Ghost logic...
DEBUG: Running _parse_file_nitro on C:\Model-\TradeActivityLogs-tm_6\TradeActivityLog_2026-03-28_UTC.ES-IPS_TM_6.data with Adaptive Ghost logic...
FILE: TRADEACTIVITYLOG_2026-05-11_UTC.TM_6.DATA | ACC: TM_6 | SYMBOL: NQM26 | RAW: 240 | FILLS: 120
DEBUG: Running _parse_file_nitro on C:\Model-\TradeActivityLogs-tm_6\TradeActivityLog_2026-05-12_UTC.ES-IPS_TM_6.data with Adaptive Ghost logic...
FILE: TRADEACTIVITYLOG_2026-06-07_UTC.TM_6.DATA | ACC: TM_6 | SYMBOL: CLN26 | RAW: 0 | FILLS: 0
FILE: TRADEACTIVITYLOG_2026-01-16_UTC.ES-TM_6.DATA | ACC: ES-TM_6 | SYMBOL: ESH26 | RAW: 40 | FILLS: 20
DEBUG: Running _parse_file_nitro on C:\Model-\TradeActivityLogs-tm_6\TradeActivityLog_2026-01-16_UTC.IPS_TM_6.data with Adaptive Ghost logic...
.
FILE: TRADEACTIVITYLOG_2026-02-08_UTC.IPS_TM_6.DATA | ACC: IPS_TM_6 | SYMBOL: Unknown | RAW: 0 | FILLS: 0
FILE: TRADEACTIVITYLOG_2025-11-30_UTC.ES-IPS_TM_6.DATA | ACC: ES-IPS_TM_6 | SYMBOL: ESZ25 | RAW: 2 | FILLS: 1
DEBUG: Running _parse_file_nitro on C:\Model-\TradeActivityLogs-tm_6\TradeActivityLog_2026-02-08_UTC.TM_6.data with Adaptive Ghost logic...
DEBUG: Running _parse_file_nitro on C:\Model-\TradeActivityLogs-tm_6\TradeActivityLog_2025-11-30_UTC.ES-TM_6.data with Adaptive Ghost logic...
FILE: TRADEACTIVITYLOG_2026-03-28_UTC.ES-IPS_TM_6.DATA | ACC: ES-IPS_TM_6 | SYMBOL: ES | RAW: 0 | FILLS: 0
DEBUG: Running _parse_file_nitro on C:\Model-\TradeActivityLogs-tm_6\TradeActivityLog_2026-03-28_UTC.ES-TM_6.data with Adaptive Ghost logic...
FILE: TRADEACTIVITYLOG_2026-04-20_UTC.TM_6.DATA | ACC: TM_6 | SYMBOL: NQM26 | RAW: 138 | FILLS: 69
DEBUG: Running _parse_file_nitro on C:\Model-\TradeActivityLogs-tm_6\TradeActivityLog_2026-04-21_UTC.ES-IPS_TM_6.data with Adaptive Ghost logic...
FILE: TRADEACTIVITYLOG_2025-12-26_UTC.TM_6.DATA | ACC: TM_6 | SYMBOL: NQH26 | RAW: 81 | FILLS: 41
DEBUG: Running _parse_file_nitro on C:\Model-\TradeActivityLogs-tm_6\TradeActivityLog_2025-12-27_UTC.ES-IPS_TM_6.data with Adaptive Ghost logic...
FILE: TRADEACTIVITYLOG_2026-06-30_UTC.ES-TM_6.DATA | ACC: ES-TM_6 | SYMBOL: ESU26 | RAW: 64 | FILLS: 32
DEBUG: Running _parse_file_nitro on C:\Model-\TradeActivityLogs-tm_6\TradeActivityLog_2026-06-30_UTC.IPS_TM_6.data with Adaptive Ghost logic...
FILE: TRADEACTIVITYLOG_2026-02-08_UTC.TM_6.DATA | ACC: TM_6 | SYMBOL: Unknown | RAW: 0 | FILLS: 0
DEBUG: Running _parse_file_nitro on C:\Model-\TradeActivityLogs-tm_6\TradeActivityLog_2026-02-09_UTC.ES-IPS_TM_6.data with Adaptive Ghost logic...
FILE: TRADEACTIVITYLOG_2026-06-08_UTC.ES-IPS_TM_6.DATA | ACC: ES-IPS_TM_6 | SYMBOL: ESM26 | RAW: 0 | FILLS: 0
DEBUG: Running _parse_file_nitro on C:\Model-\TradeActivityLogs-tm_6\TradeActivityLog_2026-06-08_UTC.ES-TM_6.data with Adaptive Ghost logic...
FILE: TRADEACTIVITYLOG_2025-11-30_UTC.ES-TM_6.DATA | ACC: ES-TM_6 | SYMBOL: ESZ25 | RAW: 2 | FILLS: 1
DEBUG: Running _parse_file_nitro on C:\Model-\TradeActivityLogs-tm_6\TradeActivityLog_2025-11-30_UTC.IPS_TM_6.data with Adaptive Ghost logic...
FILE: TRADEACTIVITYLOG_2026-05-12_UTC.ES-IPS_TM_6.DATA | ACC: ES-IPS_TM_6 | SYMBOL: ESM26 | RAW: 78 | FILLS: 39
DEBUG: Running _parse_file_nitro on C:\Model-\TradeActivityLogs-tm_6\TradeActivityLog_2026-05-12_UTC.ES-TM_6.data with Adaptive Ghost logic...
FILE: TRADEACTIVITYLOG_2025-12-27_UTC.ES-IPS_TM_6.DATA | ACC: ES-IPS_TM_6 | SYMBOL: ES | RAW: 0 | FILLS: 0
DEBUG: Running _parse_file_nitro on C:\Model-\TradeActivityLogs-tm_6\TradeActivityLog_2025-12-27_UTC.ES-TM_6.data with Adaptive Ghost logic...
FILE: TRADEACTIVITYLOG_2026-03-28_UTC.ES-TM_6.DATA | ACC: ES-TM_6 | SYMBOL: ES | RAW: 0 | FILLS: 0
DEBUG: Running _parse_file_nitro on C:\Model-\TradeActivityLogs-tm_6\TradeActivityLog_2026-03-28_UTC.IPS_TM_6.data with Adaptive Ghost logic...
FILE: TRADEACTIVITYLOG_2026-01-16_UTC.IPS_TM_6.DATA | ACC: IPS_TM_6 | SYMBOL: NQH26 | RAW: 154 | FILLS: 77
DEBUG: Running _parse_file_nitro on C:\Model-\TradeActivityLogs-tm_6\TradeActivityLog_2026-01-16_UTC.TM_6.data with Adaptive Ghost logic...
FILE: TRADEACTIVITYLOG_2026-04-21_UTC.ES-IPS_TM_6.DATA | ACC: ES-IPS_TM_6 | SYMBOL: ESM26 | RAW: 58 | FILLS: 29
DEBUG: Running _parse_file_nitro on C:\Model-\TradeActivityLogs-tm_6\TradeActivityLog_2026-04-21_UTC.ES-TM_6.data with Adaptive Ghost logic...
FILE: TRADEACTIVITYLOG_2025-11-30_UTC.IPS_TM_6.DATA | ACC: IPS_TM_6 | SYMBOL: NQZ25 | RAW: 6 | FILLS: 3
FILE: TRADEACTIVITYLOG_2026-06-08_UTC.ES-TM_6.DATA | ACC: ES-TM_6 | SYMBOL: ESM26 | RAW: 0 | FILLS: 0
DEBUG: Running _parse_file_nitro on C:\Model-\TradeActivityLogs-tm_6\TradeActivityLog_2025-11-30_UTC.TM_6.data with Adaptive Ghost logic...
DEBUG: Running _parse_file_nitro on C:\Model-\TradeActivityLogs-tm_6\TradeActivityLog_2026-06-08_UTC.IPS_TM_6.data with Adaptive Ghost logic...
FILE: TRADEACTIVITYLOG_2025-12-27_UTC.ES-TM_6.DATA | ACC: ES-TM_6 | SYMBOL: ES | RAW: 0 | FILLS: 0
DEBUG: Running _parse_file_nitro on C:\Model-\TradeActivityLogs-tm_6\TradeActivityLog_2025-12-27_UTC.IPS_TM_6.data with Adaptive Ghost logic...
FILE: TRADEACTIVITYLOG_2026-02-09_UTC.ES-IPS_TM_6.DATA | ACC: ES-IPS_TM_6 | SYMBOL: ESH26 | RAW: 66 | FILLS: 33
DEBUG: Running _parse_file_nitro on C:\Model-\TradeActivityLogs-tm_6\TradeActivityLog_2026-02-09_UTC.ES-TM_6.data with Adaptive Ghost logic...
FILE: TRADEACTIVITYLOG_2026-03-28_UTC.IPS_TM_6.DATA | ACC: IPS_TM_6 | SYMBOL: Unknown | RAW: 0 | FILLS: 0
DEBUG: Running _parse_file_nitro on C:\Model-\TradeActivityLogs-tm_6\TradeActivityLog_2026-03-28_UTC.TM_6.data with Adaptive Ghost logic...
FILE: TRADEACTIVITYLOG_2026-05-12_UTC.ES-TM_6.DATA | ACC: ES-TM_6 | SYMBOL: ESM26 | RAW: 78 | FILLS: 39
DEBUG: Running _parse_file_nitro on C:\Model-\TradeActivityLogs-tm_6\TradeActivityLog_2026-05-12_UTC.IPS_TM_6.data with Adaptive Ghost logic...
FILE: TRADEACTIVITYLOG_2026-03-03_UTC.TM_6.DATA | ACC: TM_6 | SYMBOL: CLJ26 | RAW: 512 | FILLS: 259
DEBUG: Running _parse_file_nitro on C:\Model-\TradeActivityLogs-tm_6\TradeActivityLog_2026-03-04_UTC.ES-IPS_TM_6.data with Adaptive Ghost logic...
FILE: TRADEACTIVITYLOG_2026-06-30_UTC.IPS_TM_6.DATA | ACC: IPS_TM_6 | SYMBOL: CLQ26 | RAW: 226 | FILLS: 113
FILE: TRADEACTIVITYLOG_2025-11-30_UTC.TM_6.DATA | ACC: TM_6 | SYMBOL: CLF26 | RAW: 2 | FILLS: 1
DEBUG: Running _parse_file_nitro on C:\Model-\TradeActivityLogs-tm_6\TradeActivityLog_2026-06-30_UTC.TM_6.data with Adaptive Ghost logic...
FILE: TRADEACTIVITYLOG_2025-12-27_UTC.IPS_TM_6.DATA | ACC: IPS_TM_6 | SYMBOL: Unknown | RAW: 0 | FILLS: 0
_TM_6.data with Adaptive Ghost logic...
DEBUG: Running _parse_file_nitro on C:\Model-\TradeActivityLogs-tm_6\TradeActivityLog_2025-12-27_UTC.TM_6.data with Adaptive Ghost logic...
FILE: TRADEACTIVITYLOG_2026-06-08_UTC.IPS_TM_6.DATA | ACC: IPS_TM_6 | SYMBOL: NQM26 | RAW: 0 | FILLS: 0
DEBUG: Running _parse_file_nitro on C:\Model-\TradeActivityLogs-tm_6\TradeActivityLog_2026-06-08_UTC.TM_6.data with Adaptive Ghost logic...
FILE: TRADEACTIVITYLOG_2026-04-21_UTC.ES-TM_6.DATA | ACC: ES-TM_6 | SYMBOL: ESM26 | RAW: 58 | FILLS: 29
DEBUG: Running _parse_file_nitro on C:\Model-\TradeActivityLogs-tm_6\TradeActivityLog_2026-04-21_UTC.IPS_TM_6.data with Adaptive Ghost logic...
FILE: TRADEACTIVITYLOG_2026-01-16_UTC.TM_6.DATA | ACC: TM_6 | SYMBOL: NQH26 | RAW: 158 | FILLS: 79
FILE: TRADEACTIVITYLOG_2026-03-28_UTC.TM_6.DATA | ACC: TM_6 | SYMBOL: Unknown | RAW: 0 | FILLS: 0
DEBUG: Running _parse_file_nitro on C:\Model-\TradeActivityLogs-tm_6\TradeActivityLog_2026-01-17_UTC.ES-IPS_TM_6.data with Adaptive Ghost logic...
DEBUG: Running _parse_file_nitro on C:\Model-\TradeActivityLogs-tm_6\TradeActivityLog_2026-03-29_UTC.ES-IPS_TM_6.data with Adaptive Ghost logic...
FILE: TRADEACTIVITYLOG_2026-02-09_UTC.ES-TM_6.DATA | ACC: ES-TM_6 | SYMBOL: ESH26 | RAW: 66 | FILLS: 33
DEBUG: Running _parse_file_nitro on C:\Model-\TradeActivityLogs-tm_6\TradeActivityLog_2026-02-09_UTC.IPS_TM_6.data with Adaptive Ghost logic...
FILE: TRADEACTIVITYLOG_2025-12-27_UTC.TM_6.DATA | ACC: TM_6 | SYMBOL: Unknown | RAW: 0 | FILLS: 0
DEBUG: Running _parse_file_nitro on C:\Model-\TradeActivityLogs-tm_6\TradeActivityLog_2025-12-28_UTC.ES-IPS_TM_6.data with Adaptive Ghost logic...
FILE: TRADEACTIVITYLOG_2026-03-04_UTC.ES-IPS_TM_6.DATA | ACC: ES-IPS_TM_6 | SYMBOL: ESH26 | RAW: 110 | FILLS: 55
FILE: TRADEACTIVITYLOG_2025-12-01_UTC.ES-IPS_TM_6.DATA | ACC: ES-IPS_TM_6 | SYMBOL: ESZ25 | RAW: 60 | FILLS: 30
DEBUG: Running _parse_file_nitro on C:\Model-\TradeActivityLogs-tm_6\TradeActivityLog_2026-03-04_UTC.ES-TM_6.data with Adaptive Ghost logic...
FILE: TRADEACTIVITYLOG_2026-06-08_UTC.TM_6.DATA | ACC: TM_6 | SYMBOL: NQM26 | RAW: 0 | FILLS: 0
DEBUG: Running _parse_file_nitro on C:\Model-\TradeActivityLogs-tm_6\TradeActivityLog_2026-06-09_UTC.ES-IPS_TM_6.data with Adaptive Ghost logic...
DEBUG: Running _parse_file_nitro on C:\Model-\TradeActivityLogs-tm_6\TradeActivityLog_2025-12-01_UTC.ES-TM_6.data with Adaptive Ghost logic...
FILE: TRADEACTIVITYLOG_2026-03-29_UTC.ES-IPS_TM_6.DATA | ACC: ES-IPS_TM_6 | SYMBOL: ESM26 | RAW: 4 | FILLS: 2
DEBUG: Running _parse_file_nitro on C:\Model-\TradeActivityLogs-tm_6\TradeActivityLog_2026-03-29_UTC.ES-TM_6.data with Adaptive Ghost logic...
FILE: TRADEACTIVITYLOG_2026-01-17_UTC.ES-IPS_TM_6.DATA | ACC: ES-IPS_TM_6 | SYMBOL: ES | RAW: 0 | FILLS: 0
DEBUG: Running _parse_file_nitro on C:\Model-\TradeActivityLogs-tm_6\TradeActivityLog_2026-01-17_UTC.ES-TM_6.data with Adaptive Ghost logic...
FILE: TRADEACTIVITYLOG_2025-12-28_UTC.ES-IPS_TM_6.DATA | ACC: ES-IPS_TM_6 | SYMBOL: ES | RAW: 0 | FILLS: 0
DEBUG: Running _parse_file_nitro on C:\Model-\TradeActivityLogs-tm_6\TradeActivityLog_2025-12-28_UTC.ES-TM_6.data with Adaptive Ghost logic...
FILE: TRADEACTIVITYLOG_2026-05-12_UTC.IPS_TM_6.DATA | ACC: IPS_TM_6 | SYMBOL: NQM26 | RAW: 250 | FILLS: 125
DEBUG: Running _parse_file_nitro on C:\Model-\TradeActivityLogs-tm_6\TradeActivityLog_2026-05-12_UTC.TM_6.data with Adaptive Ghost logic...
FILE: TRADEACTIVITYLOG_2026-06-30_UTC.TM_6.DATA | ACC: TM_6 | SYMBOL: CLQ26 | RAW: 228 | FILLS: 114
FILE: TRADEACTIVITYLOG_2026-06-09_UTC.ES-IPS_TM_6.DATA | ACC: ES-IPS_TM_6 | SYMBOL: ESM26 | RAW: 0 | FILLS: 0
DEBUG: Running _parse_file_nitro on C:\Model-\TradeActivityLogs-tm_6\TradeActivityLog_2026-06-09_UTC.ES-TM_6.data with Adaptive Ghost logic...
DEBUG: Running _parse_file_nitro on C:\Model-\TradeActivityLogs-tm_6\TradeActivityLog_2026-07-01_UTC.ES-IPS_TM_6.data with Adaptive Ghost logic...
FILE: TRADEACTIVITYLOG_2026-01-17_UTC.ES-TM_6.DATA | ACC: ES-TM_6 | SYMBOL: ES | RAW: 0 | FILLS: 0
DEBUG: Running _parse_file_nitro on C:\Model-\TradeActivityLogs-tm_6\TradeActivityLog_2026-01-17_UTC.IPS_TM_6.data with Adaptive Ghost logic...
FILE: TRADEACTIVITYLOG_2026-02-09_UTC.IPS_TM_6.DATA | ACC: IPS_TM_6 | SYMBOL: NQH26 | RAW: 152 | FILLS: 76
FILE: TRADEACTIVITYLOG_2026-04-21_UTC.IPS_TM_6.DATA | ACC: IPS_TM_6 | SYMBOL: NQM26 | RAW: 234 | FILLS: 117
a with Adaptive Ghost logic...
FILE: TRADEACTIVITYLOG_2025-12-01_UTC.ES-TM_6.DATA | ACC: ES-TM_6 | SYMBOL: ESZ25 | RAW: 60 | FILLS: 30
FILE: TRADEACTIVITYLOG_2026-03-04_UTC.ES-TM_6.DATA | ACC: ES-TM_6 | SYMBOL: ESH26 | RAW: 106 | FILLS: 53
DEBUG: Running _parse_file_nitro on C:\Model-\TradeActivityLogs-tm_6\TradeActivityLog_2026-03-04_UTC.IPS_TM_6.data with Adaptive Ghost logic...
FILE: TRADEACTIVITYLOG_2025-12-28_UTC.ES-TM_6.DATA | ACC: ES-TM_6 | SYMBOL: ES | RAW: 0 | FILLS: 0
DEBUG: Running _parse_file_nitro on C:\Model-\TradeActivityLogs-tm_6\TradeActivityLog_2025-12-28_UTC.IPS_TM_6.data with Adaptive Ghost logic...
DEBUG: Running _parse_file_nitro on C:\Model-\TradeActivityLogs-tm_6\TradeActivityLog_2025-12-01_UTC.IPS_TM_6.data with Adaptive Ghost logic...
FILE: TRADEACTIVITYLOG_2026-03-29_UTC.ES-TM_6.DATA | ACC: ES-TM_6 | SYMBOL: ESM26 | RAW: 4 | FILLS: 2
DEBUG: Running _parse_file_nitro on C:\Model-\TradeActivityLogs-tm_6\TradeActivityLog_2026-04-21_UTC.TM_6.data with Adaptive Ghost logic...
DEBUG: Running _parse_file_nitro on C:\Model-\TradeActivityLogs-tm_6\TradeActivityLog_2026-03-29_UTC.IPS_TM_6.data with Adaptive Ghost logic...
FILE: TRADEACTIVITYLOG_2026-06-09_UTC.ES-TM_6.DATA | ACC: ES-TM_6 | SYMBOL: ESM26 | RAW: 0 | FILLS: 0
FILE: TRADEACTIVITYLOG_2026-01-17_UTC.IPS_TM_6.DATA | ACC: IPS_TM_6 | SYMBOL: Unknown | RAW: 0 | FILLS: 0
DEBUG: Running _parse_file_nitro on C:\Model-\TradeActivityLogs-tm_6\TradeActivityLog_2026-01-17_UTC.TM_6.data with Adaptive Ghost logic...
DEBUG: Running _parse_file_nitro on C:\Model-\TradeActivityLogs-tm_6\TradeActivityLog_2026-06-09_UTC.IPS_TM_6.data with Adaptive Ghost logic...
FILE: TRADEACTIVITYLOG_2025-12-28_UTC.IPS_TM_6.DATA | ACC: IPS_TM_6 | SYMBOL: NQH26 | RAW: 8 | FILLS: 4
DEBUG: Running _parse_file_nitro on C:\Model-\TradeActivityLogs-tm_6\TradeActivityLog_2025-12-28_UTC.TM_6.data with Adaptive Ghost logic...
FILE: TRADEACTIVITYLOG_2026-01-17_UTC.TM_6.DATA | ACC: TM_6 | SYMBOL: Unknown | RAW: 0 | FILLS: 0
DEBUG: Running _parse_file_nitro on C:\Model-\TradeActivityLogs-tm_6\TradeActivityLog_2026-01-18_UTC.ES-IPS_TM_6.data with Adaptive Ghost logic...
FILE: TRADEACTIVITYLOG_2026-07-01_UTC.ES-IPS_TM_6.DATA | ACC: ES-IPS_TM_6 | SYMBOL: ESU26 | RAW: 44 | FILLS: 22
DEBUG: Running _parse_file_nitro on C:\Model-\TradeActivityLogs-tm_6\TradeActivityLog_2026-07-01_UTC.ES-TM_6.data with Adaptive Ghost logic...
FILE: TRADEACTIVITYLOG_2026-03-29_UTC.IPS_TM_6.DATA | ACC: IPS_TM_6 | SYMBOL: NQM26 | RAW: 32 | FILLS: 16
DEBUG: Running _parse_file_nitro on C:\Model-\TradeActivityLogs-tm_6\TradeActivityLog_2026-03-29_UTC.TM_6.data with Adaptive Ghost logic...
FILE: TRADEACTIVITYLOG_2025-12-28_UTC.TM_6.DATA | ACC: TM_6 | SYMBOL: NQH26 | RAW: 8 | FILLS: 4
DEBUG: Running _parse_file_nitro on C:\Model-\TradeActivityLogs-tm_6\TradeActivityLog_2025-12-29_UTC.ES-IPS_TM_6.data with Adaptive Ghost logic...
FILE: TRADEACTIVITYLOG_2025-12-01_UTC.IPS_TM_6.DATA | ACC: IPS_TM_6 | SYMBOL: NQZ25 | RAW: 214 | FILLS: 107
DEBUG: Running _parse_file_nitro on C:\Model-\TradeActivityLogs-tm_6\TradeActivityLog_2025-12-01_UTC.TM_6.data with Adaptive Ghost logic...
FILE: TRADEACTIVITYLOG_2026-02-09_UTC.TM_6.DATA | ACC: TM_6 | SYMBOL: NQH26 | RAW: 154 | FILLS: 77
DEBUG: Running _parse_file_nitro on C:\Model-\TradeActivityLogs-tm_6\TradeActivityLog_2026-02-10_UTC.ES-IPS_TM_6.data with Adaptive Ghost logic...
FILE: TRADEACTIVITYLOG_2026-05-12_UTC.TM_6.DATA | ACC: TM_6 | SYMBOL: NQM26 | RAW: 248 | FILLS: 124
DEBUG: Running _parse_file_nitro on C:\Model-\TradeActivityLogs-tm_6\TradeActivityLog_2026-05-13_UTC.ES-IPS_TM_6.data with Adaptive Ghost logic...
FILE: TRADEACTIVITYLOG_2026-06-09_UTC.IPS_TM_6.DATA | ACC: IPS_TM_6 | SYMBOL: NQM26 | RAW: 0 | FILLS: 0
DEBUG: Running _parse_file_nitro on C:\Model-\TradeActivityLogs-tm_6\TradeActivityLog_2026-06-09_UTC.TM_6.data with Adaptive Ghost logic...
FILE: TRADEACTIVITYLOG_2026-03-29_UTC.TM_6.DATA | ACC: TM_6 | SYMBOL: NQM26 | RAW: 32 | FILLS: 16
DEBUG: Running _parse_file_nitro on C:\Model-\TradeActivityLogs-tm_6\TradeActivityLog_2026-03-30_UTC.ES-IPS_TM_6.data with Adaptive Ghost logic...
FILE: TRADEACTIVITYLOG_2026-04-21_UTC.TM_6.DATA | ACC: TM_6 | SYMBOL: NQM26 | RAW: 234 | FILLS: 117
DEBUG: Running _parse_file_nitro on C:\Model-\TradeActivityLogs-tm_6\TradeActivityLog_2026-04-22_UTC.ES-IPS_TM_6.data with Adaptive Ghost logic...
FILE: TRADEACTIVITYLOG_2026-07-01_UTC.ES-TM_6.DATA | ACC: ES-TM_6 | SYMBOL: ESU26 | RAW: 44 | FILLS: 22
DEBUG: Running _parse_file_nitro on C:\Model-\TradeActivityLogs-tm_6\TradeActivityLog_2026-07-01_UTC.IPS_TM_6.data with Adaptive Ghost logic...
FILE: TRADEACTIVITYLOG_2026-03-04_UTC.IPS_TM_6.DATA | ACC: IPS_TM_6 | SYMBOL: NQH26 | RAW: 335 | FILLS: 168
DEBUG: Running _parse_file_nitro on C:\Model-\TradeActivityLogs-tm_6\TradeActivityLog_2026-03-04_UTC.TM_6.data with Adaptive Ghost logic...
FILE: TRADEACTIVITYLOG_2026-01-18_UTC.ES-IPS_TM_6.DATA | ACC: ES-IPS_TM_6 | SYMBOL: ESH26 | RAW: 2 | FILLS: 1
DEBUG: Running _parse_file_nitro on C:\Model-\TradeActivityLogs-tm_6\TradeActivityLog_2026-01-18_UTC.ES-TM_6.data with Adaptive Ghost logic...
FILE: TRADEACTIVITYLOG_2026-02-10_UTC.ES-IPS_TM_6.DATA | ACC: ES-IPS_TM_6 | SYMBOL: ESH26 | RAW: 30 | FILLS: 15
DEBUG: Running _parse_file_nitro on C:\Model-\TradeActivityLogs-tm_6\TradeActivityLog_2026-02-10_UTC.ES-TM_6.data with Adaptive Ghost logic...
FILE: TRADEACTIVITYLOG_2025-12-29_UTC.ES-IPS_TM_6.DATA | ACC: ES-IPS_TM_6 | SYMBOL: ESH26 | RAW: 58 | FILLS: 29
DEBUG: Running _parse_file_nitro on C:\Model-\TradeActivityLogs-tm_6\TradeActivityLog_2025-12-29_UTC.ES-TM_6.data with Adaptive Ghost logic...
FILE: TRADEACTIVITYLOG_2026-06-09_UTC.TM_6.DATA | ACC: TM_6 | SYMBOL: NQM26 | RAW: 0 | FILLS: 0
DEBUG: Running _parse_file_nitro on C:\Model-\TradeActivityLogs-tm_6\TradeActivityLog_2026-06-10_UTC.ES-IPS_TM_6.data with Adaptive Ghost logic...
FILE: TRADEACTIVITYLOG_2026-05-13_UTC.ES-IPS_TM_6.DATA | ACC: ES-IPS_TM_6 | SYMBOL: ESM26 | RAW: 64 | FILLS: 32
DEBUG: Running _parse_file_nitro on C:\Model-\TradeActivityLogs-tm_6\TradeActivityLog_2026-05-13_UTC.ES-TM_6.data with Adaptive Ghost logic...
FILE: TRADEACTIVITYLOG_2026-04-22_UTC.ES-IPS_TM_6.DATA | ACC: ES-IPS_TM_6 | SYMBOL: ESM26 | RAW: 44 | FILLS: 22
DEBUG: Running _parse_file_nitro on C:\Model-\TradeActivityLogs-tm_6\TradeActivityLog_2026-04-22_UTC.ES-TM_6.data with Adaptive Ghost logic...
FILE: TRADEACTIVITYLOG_2026-01-18_UTC.ES-TM_6.DATA | ACC: ES-TM_6 | SYMBOL: ESH26 | RAW: 2 | FILLS: 1
DEBUG: Running _parse_file_nitro on C:\Model-\TradeActivityLogs-tm_6\TradeActivityLog_2026-01-18_UTC.IPS_TM_6.data with Adaptive Ghost logic...
FILE: TRADEACTIVITYLOG_2026-03-30_UTC.ES-IPS_TM_6.DATA | ACC: ES-IPS_TM_6 | SYMBOL: ESM26 | RAW: 72 | FILLS: 36
DEBUG: Running _parse_file_nitro on C:\Model-\TradeActivityLogs-tm_6\TradeActivityLog_2026-03-30_UTC.ES-TM_6.data with Adaptive Ghost logic...
FILE: TRADEACTIVITYLOG_2026-06-10_UTC.ES-IPS_TM_6.DATA | ACC: ES-IPS_TM_6 | SYMBOL: ESM26 | RAW: 0 | FILLS: 0
DEBUG: Running _parse_file_nitro on C:\Model-\TradeActivityLogs-tm_6\TradeActivityLog_2026-06-10_UTC.ES-TM_6.data with Adaptive Ghost logic...
FILE: TRADEACTIVITYLOG_2026-02-10_UTC.ES-TM_6.DATA | ACC: ES-TM_6 | SYMBOL: ESH26 | RAW: 30 | FILLS: 15
DEBUG: Running _parse_file_nitro on C:\Model-\TradeActivityLogs-tm_6\TradeActivityLog_2026-02-10_UTC.IPS_TM_6.data with Adaptive Ghost logic...
FILE: TRADEACTIVITYLOG_2025-12-29_UTC.ES-TM_6.DATA | ACC: ES-TM_6 | SYMBOL: ESH26 | RAW: 58 | FILLS: 29
DEBUG: Running _parse_file_nitro on C:\Model-\TradeActivityLogs-tm_6\TradeActivityLog_2025-12-29_UTC.IPS_TM_6.data with Adaptive Ghost logic...
FILE: TRADEACTIVITYLOG_2026-04-22_UTC.ES-TM_6.DATA | ACC: ES-TM_6 | SYMBOL: ESM26 | RAW: 44 | FILLS: 22
DEBUG: Running _parse_file_nitro on C:\Model-\TradeActivityLogs-tm_6\TradeActivityLog_2026-04-22_UTC.IPS_TM_6.data with Adaptive Ghost logic...
FILE: TRADEACTIVITYLOG_2026-05-13_UTC.ES-TM_6.DATA | ACC: ES-TM_6 | SYMBOL: ESM26 | RAW: 64 | FILLS: 32
DEBUG: Running _parse_file_nitro on C:\Model-\TradeActivityLogs-tm_6\TradeActivityLog_2026-05-13_UTC.IPS_TM_6.data with Adaptive Ghost logic...
FILE: TRADEACTIVITYLOG_2026-07-01_UTC.IPS_TM_6.DATA | ACC: IPS_TM_6 | SYMBOL: NQU26 | RAW: 208 | FILLS: 104
DEBUG: Running _parse_file_nitro on C:\Model-\TradeActivityLogs-tm_6\TradeActivityLog_2026-07-01_UTC.TM_6.data with Adaptive Ghost logic...
FILE: TRADEACTIVITYLOG_2026-01-18_UTC.IPS_TM_6.DATA | ACC: IPS_TM_6 | SYMBOL: NQH26 | RAW: 4 | FILLS: 2
DEBUG: Running _parse_file_nitro on C:\Model-\TradeActivityLogs-tm_6\TradeActivityLog_2026-01-18_UTC.TM_6.data with Adaptive Ghost logic...
FILE: TRADEACTIVITYLOG_2026-06-10_UTC.ES-TM_6.DATA | ACC: ES-TM_6 | SYMBOL: ESM26 | RAW: 0 | FILLS: 0
DEBUG: Running _parse_file_nitro on C:\Model-\TradeActivityLogs-tm_6\TradeActivityLog_2026-06-10_UTC.IPS_TM_6.data with Adaptive Ghost logic...
FILE: TRADEACTIVITYLOG_2026-03-30_UTC.ES-TM_6.DATA | ACC: ES-TM_6 | SYMBOL: ESM26 | RAW: 72 | FILLS: 36
DEBUG: Running _parse_file_nitro on C:\Model-\TradeActivityLogs-tm_6\TradeActivityLog_2026-03-30_UTC.IPS_TM_6.data with Adaptive Ghost logic...
FILE: TRADEACTIVITYLOG_2026-03-04_UTC.TM_6.DATA | ACC: TM_6 | SYMBOL: NQH26 | RAW: 337 | FILLS: 169
DEBUG: Running _parse_file_nitro on C:\Model-\TradeActivityLogs-tm_6\TradeActivityLog_2026-03-05_UTC.ES-IPS_TM_6.data with Adaptive Ghost logic...
FILE: TRADEACTIVITYLOG_2026-01-18_UTC.TM_6.DATA | ACC: TM_6 | SYMBOL: NQH26 | RAW: 4 | FILLS: 2
DEBUG: Running _parse_file_nitro on C:\Model-\TradeActivityLogs-tm_6\TradeActivityLog_2026-01-19_UTC.ES-IPS_TM_6.data with Adaptive Ghost logic...
FILE: TRADEACTIVITYLOG_2025-12-01_UTC.TM_6.DATA | ACC: TM_6 | SYMBOL: NQZ25 | RAW: 66 | FILLS: 33
DEBUG: Running _parse_file_nitro on C:\Model-\TradeActivityLogs-tm_6\TradeActivityLog_2025-12-02_UTC.ES-IPS_TM_6.data with Adaptive Ghost logic...
FILE: TRADEACTIVITYLOG_2026-04-22_UTC.IPS_TM_6.DATA | ACC: IPS_TM_6 | SYMBOL: NQM26 | RAW: 92 | FILLS: 46
DEBUG: Running _parse_file_nitro on C:\Model-\TradeActivityLogs-tm_6\TradeActivityLog_2026-04-22_UTC.TM_6.data with Adaptive Ghost logic...
FILE: TRADEACTIVITYLOG_2025-12-29_UTC.IPS_TM_6.DATA | ACC: IPS_TM_6 | SYMBOL: CLG26 | RAW: 152 | FILLS: 76
DEBUG: Running _parse_file_nitro on C:\Model-\TradeActivityLogs-tm_6\TradeActivityLog_2025-12-29_UTC.TM_6.data with Adaptive Ghost logic...
FILE: TRADEACTIVITYLOG_2026-02-10_UTC.IPS_TM_6.DATA | ACC: IPS_TM_6 | SYMBOL: CLH26 | RAW: 190 | FILLS: 95
FILE: TRADEACTIVITYLOG_2026-06-10_UTC.IPS_TM_6.DATA | ACC: IPS_TM_6 | SYMBOL: NQM26 | RAW: 0 | FILLS: 0
DEBUG: Running _parse_file_nitro on C:\Model-\TradeActivityLogs-tm_6\TradeActivityLog_2026-02-10_UTC.TM_6.data with Adaptive Ghost logic...
DEBUG: Running _parse_file_nitro on C:\Model-\TradeActivityLogs-tm_6\TradeActivityLog_2026-06-10_UTC.TM_6.data with Adaptive Ghost logic...
FILE: TRADEACTIVITYLOG_2026-01-19_UTC.ES-IPS_TM_6.DATA | ACC: ES-IPS_TM_6 | SYMBOL: ESH26 | RAW: 18 | FILLS: 9
DEBUG: Running _parse_file_nitro on C:\Model-\TradeActivityLogs-tm_6\TradeActivityLog_2026-01-19_UTC.ES-TM_6.data with Adaptive Ghost logic...
FILE: TRADEACTIVITYLOG_2026-07-01_UTC.TM_6.DATA | ACC: TM_6 | SYMBOL: NQU26 | RAW: 210 | FILLS: 105
FILE: TRADEACTIVITYLOG_2026-05-13_UTC.IPS_TM_6.DATA | ACC: IPS_TM_6 | SYMBOL: NQM26 | RAW: 276 | FILLS: 138
DEBUG: Running _parse_file_nitro on C:\Model-\TradeActivityLogs-tm_6\TradeActivityLog_2026-07-02_UTC.ES-IPS_TM_6.data with Adaptive Ghost logic...
DEBUG: Running _parse_file_nitro on C:\Model-\TradeActivityLogs-tm_6\TradeActivityLog_2026-05-13_UTC.TM_6.data with Adaptive Ghost logic...
FILE: TRADEACTIVITYLOG_2026-03-05_UTC.ES-IPS_TM_6.DATA | ACC: ES-IPS_TM_6 | SYMBOL: ESH26 | RAW: 116 | FILLS: 58
DEBUG: Running _parse_file_nitro on C:\Model-\TradeActivityLogs-tm_6\TradeActivityLog_2026-03-05_UTC.ES-TM_6.data with Adaptive Ghost logic...
FILE: TRADEACTIVITYLOG_2025-12-02_UTC.ES-IPS_TM_6.DATA | ACC: ES-IPS_TM_6 | SYMBOL: ESZ25 | RAW: 62 | FILLS: 31
DEBUG: Running _parse_file_nitro on C:\Model-\TradeActivityLogs-tm_6\TradeActivityLog_2025-12-02_UTC.ES-TM_6.data with Adaptive Ghost logic...
FILE: TRADEACTIVITYLOG_2026-06-10_UTC.TM_6.DATA | ACC: TM_6 | SYMBOL: NQM26 | RAW: 0 | FILLS: 0
DEBUG: Running _parse_file_nitro on C:\Model-\TradeActivityLogs-tm_6\TradeActivityLog_2026-06-11_UTC.ES-IPS_TM_6.data with Adaptive Ghost logic...
FILE: TRADEACTIVITYLOG_2026-04-22_UTC.TM_6.DATA | ACC: TM_6 | SYMBOL: NQM26 | RAW: 92 | FILLS: 46
DEBUG: Running _parse_file_nitro on C:\Model-\TradeActivityLogs-tm_6\TradeActivityLog_2026-04-23_UTC.ES-IPS_TM_6.data with Adaptive Ghost logic...
FILE: TRADEACTIVITYLOG_2026-01-19_UTC.ES-TM_6.DATA | ACC: ES-TM_6 | SYMBOL: ESH26 | RAW: 18 | FILLS: 9
DEBUG: Running _parse_file_nitro on C:\Model-\TradeActivityLogs-tm_6\TradeActivityLog_2026-01-19_UTC.IPS_TM_6.data with Adaptive Ghost logic...
FILE: TRADEACTIVITYLOG_2026-03-30_UTC.IPS_TM_6.DATA | ACC: IPS_TM_6 | SYMBOL: CLK26 | RAW: 300 | FILLS: 150
DEBUG: Running _parse_file_nitro on C:\Model-\TradeActivityLogs-tm_6\TradeActivityLog_2026-03-30_UTC.TM_6.data with Adaptive Ghost logic...
FILE: TRADEACTIVITYLOG_2026-06-11_UTC.ES-IPS_TM_6.DATA | ACC: ES-IPS_TM_6 | SYMBOL: ESM26 | RAW: 0 | FILLS: 0
FILE: TRADEACTIVITYLOG_2025-12-29_UTC.TM_6.DATA | ACC: TM_6 | SYMBOL: CLG26 | RAW: 154 | FILLS: 77
DEBUG: Running _parse_file_nitro on C:\Model-\TradeActivityLogs-tm_6\TradeActivityLog_2026-06-11_UTC.ES-TM_6.data with Adaptive Ghost logic...
DEBUG: Running _parse_file_nitro on C:\Model-\TradeActivityLogs-tm_6\TradeActivityLog_2025-12-30_UTC.ES-IPS_TM_6.data with Adaptive Ghost logic...
FILE: TRADEACTIVITYLOG_2026-07-02_UTC.ES-IPS_TM_6.DATA | ACC: ES-IPS_TM_6 | SYMBOL: ESU26 | RAW: 88 | FILLS: 44
FILE: TRADEACTIVITYLOG_2025-12-02_UTC.ES-TM_6.DATA | ACC: ES-TM_6 | SYMBOL: ESZ25 | RAW: 64 | FILLS: 32
DEBUG: Running _parse_file_nitro on C:\Model-\TradeActivityLogs-tm_6\TradeActivityLog_2026-07-02_UTC.ES-TM_6.data with Adaptive Ghost logic...
DEBUG: Running _parse_file_nitro on C:\Model-\TradeActivityLogs-tm_6\TradeActivityLog_2025-12-02_UTC.IPS_TM_6.data with Adaptive Ghost logic...
FILE: TRADEACTIVITYLOG_2026-02-10_UTC.TM_6.DATA | ACC: TM_6 | SYMBOL: CLH26 | RAW: 192 | FILLS: 96
DEBUG: Running _parse_file_nitro on C:\Model-\TradeActivityLogs-tm_6\TradeActivityLog_2026-02-11_UTC.ES-IPS_TM_6.data with Adaptive Ghost logic...
FILE: TRADEACTIVITYLOG_2026-03-05_UTC.ES-TM_6.DATA | ACC: ES-TM_6 | SYMBOL: ESH26 | RAW: 116 | FILLS: 58
DEBUG: Running _parse_file_nitro on C:\Model-\TradeActivityLogs-tm_6\TradeActivityLog_2026-03-05_UTC.IPS_TM_6.data with Adaptive Ghost logic...
FILE: TRADEACTIVITYLOG_2026-01-19_UTC.IPS_TM_6.DATA | ACC: IPS_TM_6 | SYMBOL: NQH26 | RAW: 50 | FILLS: 25
DEBUG: Running _parse_file_nitro on C:\Model-\TradeActivityLogs-tm_6\TradeActivityLog_2026-01-19_UTC.TM_6.data with Adaptive Ghost logic...
FILE: TRADEACTIVITYLOG_2026-06-11_UTC.ES-TM_6.DATA | ACC: ES-TM_6 | SYMBOL: ESM26 | RAW: 0 | FILLS: 0
DEBUG: Running _parse_file_nitro on C:\Model-\TradeActivityLogs-tm_6\TradeActivityLog_2026-06-11_UTC.IPS_TM_6.data with Adaptive Ghost logic...
FILE: TRADEACTIVITYLOG_2026-04-23_UTC.ES-IPS_TM_6.DATA | ACC: ES-IPS_TM_6 | SYMBOL: ESM26 | RAW: 90 | FILLS: 45
DEBUG: Running _parse_file_nitro on C:\Model-\TradeActivityLogs-tm_6\TradeActivityLog_2026-04-23_UTC.ES-TM_6.data with Adaptive Ghost logic...
FILE: TRADEACTIVITYLOG_2025-12-30_UTC.ES-IPS_TM_6.DATA | ACC: ES-IPS_TM_6 | SYMBOL: ESH26 | RAW: 30 | FILLS: 15
FILE: TRADEACTIVITYLOG_2026-05-13_UTC.TM_6.DATA | ACC: TM_6 | SYMBOL: NQM26 | RAW: 276 | FILLS: 138
DEBUG: Running _parse_file_nitro on C:\Model-\TradeActivityLogs-tm_6\TradeActivityLog_2025-12-30_UTC.ES-TM_6.data with Adaptive Ghost logic...
DEBUG: Running _parse_file_nitro on C:\Model-\TradeActivityLogs-tm_6\TradeActivityLog_2026-05-14_UTC.ES-IPS_TM_6.data with Adaptive Ghost logic...
FILE: TRADEACTIVITYLOG_2026-02-11_UTC.ES-IPS_TM_6.DATA | ACC: ES-IPS_TM_6 | SYMBOL: ESH26 | RAW: 84 | FILLS: 42
DEBUG: Running _parse_file_nitro on C:\Model-\TradeActivityLogs-tm_6\TradeActivityLog_2026-02-11_UTC.ES-TM_6.data with Adaptive Ghost logic...
FILE: TRADEACTIVITYLOG_2026-01-19_UTC.TM_6.DATA | ACC: TM_6 | SYMBOL: NQH26 | RAW: 55 | FILLS: 28
FILE: TRADEACTIVITYLOG_2026-07-02_UTC.ES-TM_6.DATA | ACC: ES-TM_6 | SYMBOL: ESU26 | RAW: 88 | FILLS: 44
FILE: TRADEACTIVITYLOG_2026-03-30_UTC.TM_6.DATA | ACC: TM_6 | SYMBOL: CLK26 | RAW: 240 | FILLS: 120
DEBUG: Running _parse_file_nitro on C:\Model-\TradeActivityLogs-tm_6\TradeActivityLog_2026-01-20_UTC.ES-IPS_TM_6.data with Adaptive Ghost logic...
DEBUG: Running _parse_file_nitro on C:\Model-\TradeActivityLogs-tm_6\TradeActivityLog_2026-07-02_UTC.IPS_TM_6.data with Adaptive Ghost logic...
DEBUG: Running _parse_file_nitro on C:\Model-\TradeActivityLogs-tm_6\TradeActivityLog_2026-03-31_UTC.ES-IPS_TM_6.data with Adaptive Ghost logic...
FILE: TRADEACTIVITYLOG_2026-06-11_UTC.IPS_TM_6.DATA | ACC: IPS_TM_6 | SYMBOL: NQM26 | RAW: 0 | FILLS: 0
DEBUG: Running _parse_file_nitro on C:\Model-\TradeActivityLogs-tm_6\TradeActivityLog_2026-06-11_UTC.TM_6.data with Adaptive Ghost logic...
FILE: TRADEACTIVITYLOG_2025-12-02_UTC.IPS_TM_6.DATA | ACC: IPS_TM_6 | SYMBOL: NQZ25 | RAW: 182 | FILLS: 91
DEBUG: Running _parse_file_nitro on C:\Model-\TradeActivityLogs-tm_6\TradeActivityLog_2025-12-02_UTC.TM_6.data with Adaptive Ghost logic...
FILE: TRADEACTIVITYLOG_2026-04-23_UTC.ES-TM_6.DATA | ACC: ES-TM_6 | SYMBOL: ESM26 | RAW: 86 | FILLS: 43
DEBUG: Running _parse_file_nitro on C:\Model-\TradeActivityLogs-tm_6\TradeActivityLog_2026-04-23_UTC.IPS_TM_6.data with Adaptive Ghost logic...
FILE: TRADEACTIVITYLOG_2025-12-30_UTC.ES-TM_6.DATA | ACC: ES-TM_6 | SYMBOL: ESH26 | RAW: 30 | FILLS: 15
DEBUG: Running _parse_file_nitro on C:\Model-\TradeActivityLogs-tm_6\TradeActivityLog_2025-12-30_UTC.IPS_TM_6.data with Adaptive Ghost logic...
FILE: TRADEACTIVITYLOG_2026-05-14_UTC.ES-IPS_TM_6.DATA | ACC: ES-IPS_TM_6 | SYMBOL: ESM26 | RAW: 44 | FILLS: 22
DEBUG: Running _parse_file_nitro on C:\Model-\TradeActivityLogs-tm_6\TradeActivityLog_2026-05-14_UTC.ES-TM_6.data with Adaptive Ghost logic...
FILE: TRADEACTIVITYLOG_2026-02-11_UTC.ES-TM_6.DATA | ACC: ES-TM_6 | SYMBOL: ESH26 | RAW: 84 | FILLS: 42
DEBUG: Running _parse_file_nitro on C:\Model-\TradeActivityLogs-tm_6\TradeActivityLog_2026-02-11_UTC.IPS_TM_6.data with Adaptive Ghost logic...
FILE: TRADEACTIVITYLOG_2026-03-31_UTC.ES-IPS_TM_6.DATA | ACC: ES-IPS_TM_6 | SYMBOL: ESM26 | RAW: 16 | FILLS: 8
DEBUG: Running _parse_file_nitro on C:\Model-\TradeActivityLogs-tm_6\TradeActivityLog_2026-03-31_UTC.ES-TM_6.data with Adaptive Ghost logic...
FILE: TRADEACTIVITYLOG_2026-06-11_UTC.TM_6.DATA | ACC: TM_6 | SYMBOL: NQM26 | RAW: 0 | FILLS: 0
DEBUG: Running _parse_file_nitro on C:\Model-\TradeActivityLogs-tm_6\TradeActivityLog_2026-06-12_UTC.ES-IPS_TM_6.data with Adaptive Ghost logic...
FILE: TRADEACTIVITYLOG_2025-12-02_UTC.TM_6.DATA | ACC: TM_6 | SYMBOL: NQZ25 | RAW: 58 | FILLS: 29
DEBUG: Running _parse_file_nitro on C:\Model-\TradeActivityLogs-tm_6\TradeActivityLog_2025-12-03_UTC.ES-IPS_TM_6.data with Adaptive Ghost logic...
FILE: TRADEACTIVITYLOG_2026-01-20_UTC.ES-IPS_TM_6.DATA | ACC: ES-IPS_TM_6 | SYMBOL: ESH26 | RAW: 92 | FILLS: 46
DEBUG: Running _parse_file_nitro on C:\Model-\TradeActivityLogs-tm_6\TradeActivityLog_2026-01-20_UTC.ES-TM_6.data with Adaptive Ghost logic...
FILE: TRADEACTIVITYLOG_2026-05-14_UTC.ES-TM_6.DATA | ACC: ES-TM_6 | SYMBOL: ESM26 | RAW: 44 | FILLS: 22
DEBUG: Running _parse_file_nitro on C:\Model-\TradeActivityLogs-tm_6\TradeActivityLog_2026-05-14_UTC.IPS_TM_6.data with Adaptive Ghost logic...
FILE: TRADEACTIVITYLOG_2026-03-31_UTC.ES-TM_6.DATA | ACC: ES-TM_6 | SYMBOL: ESM26 | RAW: 16 | FILLS: 8
DEBUG: Running _parse_file_nitro on C:\Model-\TradeActivityLogs-tm_6\TradeActivityLog_2026-03-31_UTC.IPS_TM_6.data with Adaptive Ghost logic...
FILE: TRADEACTIVITYLOG_2026-03-05_UTC.IPS_TM_6.DATA | ACC: IPS_TM_6 | SYMBOL: NQH26 | RAW: 408 | FILLS: 204
DEBUG: Running _parse_file_nitro on C:\Model-\TradeActivityLogs-tm_6\TradeActivityLog_2026-03-05_UTC.TM_6.data with Adaptive Ghost logic...
FILE: TRADEACTIVITYLOG_2025-12-30_UTC.IPS_TM_6.DATA | ACC: IPS_TM_6 | SYMBOL: NQH26 | RAW: 88 | FILLS: 44
FILE: TRADEACTIVITYLOG_2026-06-12_UTC.ES-IPS_TM_6.DATA | ACC: ES-IPS_TM_6 | SYMBOL: ESM26 | RAW: 0 | FILLS: 0
DEBUG: Running _parse_file_nitro on C:\Model-\TradeActivityLogs-tm_6\TradeActivityLog_2025-12-30_UTC.TM_6.data with Adaptive Ghost logic...
DEBUG: Running _parse_file_nitro on C:\Model-\TradeActivityLogs-tm_6\TradeActivityLog_2026-06-12_UTC.ES-TM_6.data with Adaptive Ghost logic...
FILE: TRADEACTIVITYLOG_2026-07-02_UTC.IPS_TM_6.DATA | ACC: IPS_TM_6 | SYMBOL: NQU26 | RAW: 268 | FILLS: 134
DEBUG: Running _parse_file_nitro on C:\Model-\TradeActivityLogs-tm_6\TradeActivityLog_2026-07-02_UTC.TM_6.data with Adaptive Ghost logic...
FILE: TRADEACTIVITYLOG_2026-04-23_UTC.IPS_TM_6.DATA | ACC: IPS_TM_6 | SYMBOL: NQM26 | RAW: 222 | FILLS: 111
DEBUG: Running _parse_file_nitro on C:\Model-\TradeActivityLogs-tm_6\TradeActivityLog_2026-04-23_UTC.TM_6.data with Adaptive Ghost logic...
FILE: TRADEACTIVITYLOG_2025-12-03_UTC.ES-IPS_TM_6.DATA | ACC: ES-IPS_TM_6 | SYMBOL: ESZ25 | RAW: 56 | FILLS: 28
DEBUG: Running _parse_file_nitro on C:\Model-\TradeActivityLogs-tm_6\TradeActivityLog_2025-12-03_UTC.ES-TM_6.data with Adaptive Ghost logic...
FILE: TRADEACTIVITYLOG_2026-01-20_UTC.ES-TM_6.DATA | ACC: ES-TM_6 | SYMBOL: ESH26 | RAW: 92 | FILLS: 46
DEBUG: Running _parse_file_nitro on C:\Model-\TradeActivityLogs-tm_6\TradeActivityLog_2026-01-20_UTC.IPS_TM_6.data with Adaptive Ghost logic...
FILE: TRADEACTIVITYLOG_2026-02-11_UTC.IPS_TM_6.DATA | ACC: IPS_TM_6 | SYMBOL: CLH26 | RAW: 196 | FILLS: 98
DEBUG: Running _parse_file_nitro on C:\Model-\TradeActivityLogs-tm_6\TradeActivityLog_2026-02-11_UTC.TM_6.data with Adaptive Ghost logic...
FILE: TRADEACTIVITYLOG_2026-06-12_UTC.ES-TM_6.DATA | ACC: ES-TM_6 | SYMBOL: ESM26 | RAW: 0 | FILLS: 0
DEBUG: Running _parse_file_nitro on C:\Model-\TradeActivityLogs-tm_6\TradeActivityLog_2026-06-12_UTC.IPS_TM_6.data with Adaptive Ghost logic...
FILE: TRADEACTIVITYLOG_2025-12-30_UTC.TM_6.DATA | ACC: TM_6 | SYMBOL: NQH26 | RAW: 80 | FILLS: 40
DEBUG: Running _parse_file_nitro on C:\Model-\TradeActivityLogs-tm_6\TradeActivityLog_2025-12-31_UTC.ES-IPS_TM_6.data with Adaptive Ghost logic...
FILE: TRADEACTIVITYLOG_2026-05-14_UTC.IPS_TM_6.DATA | ACC: IPS_TM_6 | SYMBOL: NQM26 | RAW: 256 | FILLS: 128
DEBUG: Running _parse_file_nitro on C:\Model-\TradeActivityLogs-tm_6\TradeActivityLog_2026-05-14_UTC.TM_6.data with Adaptive Ghost logic...
FILE: TRADEACTIVITYLOG_2025-12-03_UTC.ES-TM_6.DATA | ACC: ES-TM_6 | SYMBOL: ESZ25 | RAW: 56 | FILLS: 28
DEBUG: Running _parse_file_nitro on C:\Model-\TradeActivityLogs-tm_6\TradeActivityLog_2025-12-03_UTC.IPS_TM_6.data with Adaptive Ghost logic...
FILE: TRADEACTIVITYLOG_2026-06-12_UTC.IPS_TM_6.DATA | ACC: IPS_TM_6 | SYMBOL: CLN26 | RAW: 0 | FILLS: 0
DEBUG: Running _parse_file_nitro on C:\Model-\TradeActivityLogs-tm_6\TradeActivityLog_2026-06-12_UTC.TM_6.data with Adaptive Ghost logic...
FILE: TRADEACTIVITYLOG_2026-04-23_UTC.TM_6.DATA | ACC: TM_6 | SYMBOL: NQM26 | RAW: 218 | FILLS: 109
DEBUG: Running _parse_file_nitro on C:\Model-\TradeActivityLogs-tm_6\TradeActivityLog_2026-04-24_UTC.ES-IPS_TM_6.data with Adaptive Ghost logic...
FILE: TRADEACTIVITYLOG_2026-01-20_UTC.IPS_TM_6.DATA | ACC: IPS_TM_6 | SYMBOL: NQH26 | RAW: 198 | FILLS: 99
DEBUG: Running _parse_file_nitro on C:\Model-\TradeActivityLogs-tm_6\TradeActivityLog_2026-01-20_UTC.TM_6.data with Adaptive Ghost logic...
FILE: TRADEACTIVITYLOG_2026-07-02_UTC.TM_6.DATA | ACC: TM_6 | SYMBOL: NQU26 | RAW: 258 | FILLS: 129
DEBUG: Running _parse_file_nitro on C:\Model-\TradeActivityLogs-tm_6\TradeActivityLog_2026-07-03_UTC.IPS_TM_6.data with Adaptive Ghost logic...
FILE: TRADEACTIVITYLOG_2025-12-31_UTC.ES-IPS_TM_6.DATA | ACC: ES-IPS_TM_6 | SYMBOL: ESH26 | RAW: 68 | FILLS: 34
DEBUG: Running _parse_file_nitro on C:\Model-\TradeActivityLogs-tm_6\TradeActivityLog_2025-12-31_UTC.ES-TM_6.data with Adaptive Ghost logic...
FILE: TRADEACTIVITYLOG_2026-03-31_UTC.IPS_TM_6.DATA | ACC: IPS_TM_6 | SYMBOL: CLK26 | RAW: 434 | FILLS: 220
FILE: TRADEACTIVITYLOG_2026-03-05_UTC.TM_6.DATA | ACC: TM_6 | SYMBOL: NQH26 | RAW: 406 | FILLS: 203
DEBUG: Running _parse_file_nitro on C:\Model-\TradeActivityLogs-tm_6\TradeActivityLog_2026-03-31_UTC.TM_6.data with Adaptive Ghost logic...
DEBUG: Running _parse_file_nitro on C:\Model-\TradeActivityLogs-tm_6\TradeActivityLog_2026-03-06_UTC.ES-IPS_TM_6.data with Adaptive Ghost logic...
FILE: TRADEACTIVITYLOG_2026-06-12_UTC.TM_6.DATA | ACC: TM_6 | SYMBOL: CLN26 | RAW: 0 | FILLS: 0
DEBUG: Running _parse_file_nitro on C:\Model-\TradeActivityLogs-tm_6\TradeActivityLog_2026-06-14_UTC.IPS_TM_6.data with Adaptive Ghost logic...
FILE: TRADEACTIVITYLOG_2026-02-11_UTC.TM_6.DATA | ACC: TM_6 | SYMBOL: CLH26 | RAW: 202 | FILLS: 101
DEBUG: Running _parse_file_nitro on C:\Model-\TradeActivityLogs-tm_6\TradeActivityLog_2026-02-12_UTC.ES-IPS_TM_6.data with Adaptive Ghost logic...
FILE: TRADEACTIVITYLOG_2025-12-03_UTC.IPS_TM_6.DATA | ACC: IPS_TM_6 | SYMBOL: CLF26 | RAW: 208 | FILLS: 104
DEBUG: Running _parse_file_nitro on C:\Model-\TradeActivityLogs-tm_6\TradeActivityLog_2025-12-03_UTC.TM_6.data with Adaptive Ghost logic...
FILE: TRADEACTIVITYLOG_2026-07-03_UTC.IPS_TM_6.DATA | ACC: IPS_TM_6 | SYMBOL: NQU26 | RAW: 56 | FILLS: 28
DEBUG: Running _parse_file_nitro on C:\Model-\TradeActivityLogs-tm_6\TradeActivityLog_2026-07-03_UTC.TM_6.data with Adaptive Ghost logic...
DEBUG: Running _parse_file_nitro on C:\Model-\TradeActivityLogs-tm_6\TradeActivityLog_2026-04-24_UTC.ES-TM_6.data with Adaptive Ghost logic...
FILE: TRADEACTIVITYLOG_2025-12-31_UTC.ES-TM_6.DATA | ACC: ES-TM_6 | SYMBOL: ESH26 | RAW: 72 | FILLS: 36
DEBUG: Running _parse_file_nitro on C:\Model-\TradeActivityLogs-tm_6\TradeActivityLog_2025-12-31_UTC.IPS_TM_6.data with Adaptive Ghost logic...
FILE: TRADEACTIVITYLOG_2026-05-14_UTC.TM_6.DATA | ACC: TM_6 | SYMBOL: NQM26 | RAW: 252 | FILLS: 126
FILE: TRADEACTIVITYLOG_2026-03-06_UTC.ES-IPS_TM_6.DATA | ACC: ES-IPS_TM_6 | SYMBOL: ESH26 | RAW: 58 | FILLS: 29
DEBUG: Running _parse_file_nitro on C:\Model-\TradeActivityLogs-tm_6\TradeActivityLog_2026-03-06_UTC.ES-TM_6.data with Adaptive Ghost logic...
DEBUG: Running _parse_file_nitro on C:\Model-\TradeActivityLogs-tm_6\TradeActivityLog_2026-05-15_UTC.ES-IPS_TM_6.data with Adaptive Ghost logic...
FILE: TRADEACTIVITYLOG_2026-02-12_UTC.ES-IPS_TM_6.DATA | ACC: ES-IPS_TM_6 | SYMBOL: ESH26 | RAW: 24 | FILLS: 12
DEBUG: Running _parse_file_nitro on C:\Model-\TradeActivityLogs-tm_6\TradeActivityLog_2026-02-12_UTC.ES-TM_6.data with Adaptive Ghost logic...
FILE: TRADEACTIVITYLOG_2026-06-14_UTC.IPS_TM_6.DATA | ACC: IPS_TM_6 | SYMBOL: NQM26 | RAW: 0 | FILLS: 0
FILE: TRADEACTIVITYLOG_2026-01-20_UTC.TM_6.DATA | ACC: TM_6 | SYMBOL: NQH26 | RAW: 200 | FILLS: 100
DEBUG: Running _parse_file_nitro on C:\Model-\TradeActivityLogs-tm_6\TradeActivityLog_2026-06-14_UTC.TM_6.data with Adaptive Ghost logic...
DEBUG: Running _parse_file_nitro on C:\Model-\TradeActivityLogs-tm_6\TradeActivityLog_2026-01-21_UTC.ES-IPS_TM_6.data with Adaptive Ghost logic...
FILE: TRADEACTIVITYLOG_2025-12-03_UTC.TM_6.DATA | ACC: TM_6 | SYMBOL: CLF26 | RAW: 70 | FILLS: 35
DEBUG: Running _parse_file_nitro on C:\Model-\TradeActivityLogs-tm_6\TradeActivityLog_2025-12-04_UTC.ES-IPS_TM_6.data with Adaptive Ghost logic...
FILE: TRADEACTIVITYLOG_2026-07-03_UTC.TM_6.DATA | ACC: TM_6 | SYMBOL: NQU26 | RAW: 56 | FILLS: 28
DEBUG: Running _parse_file_nitro on C:\Model-\TradeActivityLogs-tm_6\TradeActivityLog_2026-07-05_UTC.IPS_TM_6.data with Adaptive Ghost logic...
FILE: TRADEACTIVITYLOG_2026-04-24_UTC.ES-TM_6.DATA | ACC: ES-TM_6 | SYMBOL: ESM26 | RAW: 64 | FILLS: 32
DEBUG: Running _parse_file_nitro on C:\Model-\TradeActivityLogs-tm_6\TradeActivityLog_2026-04-24_UTC.IPS_TM_6.data with Adaptive Ghost logic...
FILE: TRADEACTIVITYLOG_2026-02-12_UTC.ES-TM_6.DATA | ACC: ES-TM_6 | SYMBOL: ESH26 | RAW: 24 | FILLS: 12
DEBUG: Running _parse_file_nitro on C:\Model-\TradeActivityLogs-tm_6\TradeActivityLog_2026-02-12_UTC.IPS_TM_6.data with Adaptive Ghost logic...
FILE: TRADEACTIVITYLOG_2026-06-14_UTC.TM_6.DATA | ACC: TM_6 | SYMBOL: NQM26 | RAW: 0 | FILLS: 0
DEBUG: Running _parse_file_nitro on C:\Model-\TradeActivityLogs-tm_6\TradeActivityLog_2026-06-15_UTC.ES-IPS_TM_6.data with Adaptive Ghost logic...
FILE: TRADEACTIVITYLOG_2026-05-15_UTC.ES-IPS_TM_6.DATA | ACC: ES-IPS_TM_6 | SYMBOL: ESM26 | RAW: 68 | FILLS: 34
DEBUG: Running _parse_file_nitro on C:\Model-\TradeActivityLogs-tm_6\TradeActivityLog_2026-05-15_UTC.ES-TM_6.data with Adaptive Ghost logic...
FILE: TRADEACTIVITYLOG_2026-03-06_UTC.ES-TM_6.DATA | ACC: ES-TM_6 | SYMBOL: ESH26 | RAW: 58 | FILLS: 29
DEBUG: Running _parse_file_nitro on C:\Model-\TradeActivityLogs-tm_6\TradeActivityLog_2026-03-06_UTC.IPS_TM_6.data with Adaptive Ghost logic...
DEBUG: Running _parse_file_nitro on C:\Model-\TradeActivityLogs-tm_6\TradeActivityLog_2025-12-31_UTC.TM_6.data with Adaptive Ghost logic...
FILE: TRADEACTIVITYLOG_2025-12-04_UTC.ES-IPS_TM_6.DATA | ACC: ES-IPS_TM_6 | SYMBOL: ESZ25 | RAW: 48 | FILLS: 24
DEBUG: Running _parse_file_nitro on C:\Model-\TradeActivityLogs-tm_6\TradeActivityLog_2025-12-04_UTC.ES-TM_6.data with Adaptive Ghost logic...
FILE: TRADEACTIVITYLOG_2026-07-05_UTC.IPS_TM_6.DATA | ACC: IPS_TM_6 | SYMBOL: CLQ26 | RAW: 14 | FILLS: 7
FILE: TRADEACTIVITYLOG_2026-01-21_UTC.ES-IPS_TM_6.DATA | ACC: ES-IPS_TM_6 | SYMBOL: ESH26 | RAW: 80 | FILLS: 40
DEBUG: Running _parse_file_nitro on C:\Model-\TradeActivityLogs-tm_6\TradeActivityLog_2026-07-05_UTC.TM_6.data with Adaptive Ghost logic...
DEBUG: Running _parse_file_nitro on C:\Model-\TradeActivityLogs-tm_6\TradeActivityLog_2026-01-21_UTC.ES-TM_6.data with Adaptive Ghost logic...
FILE: TRADEACTIVITYLOG_2026-03-31_UTC.TM_6.DATA | ACC: TM_6 | SYMBOL: CLK26 | RAW: 443 | FILLS: 225
DEBUG: Running _parse_file_nitro on C:\Model-\TradeActivityLogs-tm_6\TradeActivityLog_2026-04-01_UTC.ES-IPS_TM_6.data with Adaptive Ghost logic...
FILE: TRADEACTIVITYLOG_2026-06-15_UTC.ES-IPS_TM_6.DATA | ACC: ES-IPS_TM_6 | SYMBOL: ESM26 | RAW: 0 | FILLS: 0
DEBUG: Running _parse_file_nitro on C:\Model-\TradeActivityLogs-tm_6\TradeActivityLog_2026-06-15_UTC.ES-TM_6.data with Adaptive Ghost logic...
FILE: TRADEACTIVITYLOG_2026-04-24_UTC.IPS_TM_6.DATA | ACC: IPS_TM_6 | SYMBOL: NQM26 | RAW: 118 | FILLS: 59
DEBUG: Running _parse_file_nitro on C:\Model-\TradeActivityLogs-tm_6\TradeActivityLog_2026-04-24_UTC.TM_6.data with Adaptive Ghost logic...
FILE: TRADEACTIVITYLOG_2026-07-05_UTC.TM_6.DATA | ACC: TM_6 | SYMBOL: NQU26 | RAW: 8 | FILLS: 4
DEBUG: Running _parse_file_nitro on C:\Model-\TradeActivityLogs-tm_6\TradeActivityLog_2026-07-06_UTC.ES-IPS_TM_6.data with Adaptive Ghost logic...
FILE: TRADEACTIVITYLOG_2025-12-04_UTC.ES-TM_6.DATA | ACC: ES-TM_6 | SYMBOL: ESZ25 | RAW: 48 | FILLS: 24
DEBUG: Running _parse_file_nitro on C:\Model-\TradeActivityLogs-tm_6\TradeActivityLog_2025-12-04_UTC.IPS_TM_6.data with Adaptive Ghost logic...
FILE: TRADEACTIVITYLOG_2026-01-21_UTC.ES-TM_6.DATA | ACC: ES-TM_6 | SYMBOL: ESH26 | RAW: 80 | FILLS: 40
FILE: TRADEACTIVITYLOG_2026-05-15_UTC.ES-TM_6.DATA | ACC: ES-TM_6 | SYMBOL: ESM26 | RAW: 68 | FILLS: 34
DEBUG: Running _parse_file_nitro on C:\Model-\TradeActivityLogs-tm_6\TradeActivityLog_2026-01-21_UTC.IPS_TM_6.data with Adaptive Ghost logic...
DEBUG: Running _parse_file_nitro on C:\Model-\TradeActivityLogs-tm_6\TradeActivityLog_2026-05-15_UTC.IPS_TM_6.data with Adaptive Ghost logic...
FILE: TRADEACTIVITYLOG_2026-06-15_UTC.ES-TM_6.DATA | ACC: ES-TM_6 | SYMBOL: ESM26 | RAW: 0 | FILLS: 0
DEBUG: Running _parse_file_nitro on C:\Model-\TradeActivityLogs-tm_6\TradeActivityLog_2026-06-15_UTC.IPS_TM_6.data with Adaptive Ghost logic...
FILE: TRADEACTIVITYLOG_2025-12-31_UTC.TM_6.DATA | ACC: TM_6 | SYMBOL: NQH26 | RAW: 146 | FILLS: 73
DEBUG: Running _parse_file_nitro on C:\Model-\TradeActivityLogs-tm_6\TradeActivityLog_2026-01-01_UTC.ES-IPS_TM_6.data with Adaptive Ghost logic...
FILE: TRADEACTIVITYLOG_2026-02-12_UTC.IPS_TM_6.DATA | ACC: IPS_TM_6 | SYMBOL: CLH26 | RAW: 260 | FILLS: 130
DEBUG: Running _parse_file_nitro on C:\Model-\TradeActivityLogs-tm_6\TradeActivityLog_2026-02-12_UTC.TM_6.data with Adaptive Ghost logic...
FILE: TRADEACTIVITYLOG_2026-04-01_UTC.ES-IPS_TM_6.DATA | ACC: ES-IPS_TM_6 | SYMBOL: ESM26 | RAW: 70 | FILLS: 35
DEBUG: Running _parse_file_nitro on C:\Model-\TradeActivityLogs-tm_6\TradeActivityLog_2026-04-01_UTC.ES-TM_6.data with Adaptive Ghost logic...
FILE: TRADEACTIVITYLOG_2026-07-06_UTC.ES-IPS_TM_6.DATA | ACC: ES-IPS_TM_6 | SYMBOL: ESU26 | RAW: 72 | FILLS: 36
DEBUG: Running _parse_file_nitro on C:\Model-\TradeActivityLogs-tm_6\TradeActivityLog_2026-07-06_UTC.ES-TM_6.data with Adaptive Ghost logic...
FILE: TRADEACTIVITYLOG_2026-06-15_UTC.IPS_TM_6.DATA | ACC: IPS_TM_6 | SYMBOL: NQM26 | RAW: 0 | FILLS: 0
DEBUG: Running _parse_file_nitro on C:\Model-\TradeActivityLogs-tm_6\TradeActivityLog_2026-06-15_UTC.TM_6.data with Adaptive Ghost logic...
FILE: TRADEACTIVITYLOG_2026-01-01_UTC.ES-IPS_TM_6.DATA | ACC: ES-IPS_TM_6 | SYMBOL: ESH26 | RAW: 0 | FILLS: 0
FILE: TRADEACTIVITYLOG_2026-04-24_UTC.TM_6.DATA | ACC: TM_6 | SYMBOL: NQM26 | RAW: 118 | FILLS: 59
DEBUG: Running _parse_file_nitro on C:\Model-\TradeActivityLogs-tm_6\TradeActivityLog_2026-04-26_UTC.ES-IPS_TM_6.data with Adaptive Ghost logic...
DEBUG: Running _parse_file_nitro on C:\Model-\TradeActivityLogs-tm_6\TradeActivityLog_2026-07-24_UTC.ES-IPS_TM_6.data with Adaptive Ghost logic...
FILE: TRADEACTIVITYLOG_2026-03-06_UTC.IPS_TM_6.DATA | ACC: IPS_TM_6 | SYMBOL: NQH26 | RAW: 452 | FILLS: 226
DEBUG: Running _parse_file_nitro on C:\Model-\TradeActivityLogs-tm_6\TradeActivityLog_2026-03-06_UTC.TM_6.data with Adaptive Ghost logic...
FILE: TRADEACTIVITYLOG_2025-12-04_UTC.IPS_TM_6.DATA | ACC: IPS_TM_6 | SYMBOL: CLF26 | RAW: 140 | FILLS: 71
DEBUG: Running _parse_file_nitro on C:\Model-\TradeActivityLogs-tm_6\TradeActivityLog_2025-12-04_UTC.TM_6.data with Adaptive Ghost logic...
FILE: TRADEACTIVITYLOG_2026-01-21_UTC.IPS_TM_6.DATA | ACC: IPS_TM_6 | SYMBOL: NQH26 | RAW: 220 | FILLS: 110
DEBUG: Running _parse_file_nitro on C:\Model-\TradeActivityLogs-tm_6\TradeActivityLog_2026-01-21_UTC.TM_6.data with Adaptive Ghost logic...
FILE: TRADEACTIVITYLOG_2026-02-12_UTC.TM_6.DATA | ACC: TM_6 | SYMBOL: CLH26 | RAW: 104 | FILLS: 52
DEBUG: Running _parse_file_nitro on C:\Model-\TradeActivityLogs-tm_6\TradeActivityLog_2026-02-13_UTC.ES-IPS_TM_6.data with Adaptive Ghost logic...
FILE: TRADEACTIVITYLOG_2026-06-15_UTC.TM_6.DATA | ACC: TM_6 | SYMBOL: NQM26 | RAW: 0 | FILLS: 0
DEBUG: Running _parse_file_nitro on C:\Model-\TradeActivityLogs-tm_6\TradeActivityLog_2026-06-16_UTC.ES-IPS_TM_6.data with Adaptive Ghost logic...
FILE: TRADEACTIVITYLOG_2026-04-01_UTC.ES-TM_6.DATA | ACC: ES-TM_6 | SYMBOL: ESM26 | RAW: 68 | FILLS: 34
DEBUG: Running _parse_file_nitro on C:\Model-\TradeActivityLogs-tm_6\TradeActivityLog_2026-04-01_UTC.IPS_TM_6.data with Adaptive Ghost logic...
FILE: TRADEACTIVITYLOG_2026-07-06_UTC.ES-TM_6.DATA | ACC: ES-TM_6 | SYMBOL: ESU26 | RAW: 72 | FILLS: 36
FILE: TRADEACTIVITYLOG_2026-04-26_UTC.ES-IPS_TM_6.DATA | ACC: ES-IPS_TM_6 | SYMBOL: ES | RAW: 0 | FILLS: 0
DEBUG: Running _parse_file_nitro on C:\Model-\TradeActivityLogs-tm_6\TradeActivityLog_2026-07-06_UTC.IPS_TM_6.data with Adaptive Ghost logic...
DEBUG: Running _parse_file_nitro on C:\Model-\TradeActivityLogs-tm_6\TradeActivityLog_2026-04-26_UTC.ES-TM_6.data with Adaptive Ghost logic...
FILE: TRADEACTIVITYLOG_2026-05-15_UTC.IPS_TM_6.DATA | ACC: IPS_TM_6 | SYMBOL: NQM26 | RAW: 242 | FILLS: 121
DEBUG: Running _parse_file_nitro on C:\Model-\TradeActivityLogs-tm_6\TradeActivityLog_2026-05-15_UTC.TM_6.data with Adaptive Ghost logic...
FILE: TRADEACTIVITYLOG_2026-07-24_UTC.ES-IPS_TM_6.DATA | ACC: ES-IPS_TM_6 | SYMBOL: ESU26 | RAW: 68 | FILLS: 34
DEBUG: Running _parse_file_nitro on C:\Model-\TradeActivityLogs-tm_6\TradeActivityLog_2026-07-24_UTC.ES-TM_6.data with Adaptive Ghost logic...
FILE: TRADEACTIVITYLOG_2026-06-16_UTC.ES-IPS_TM_6.DATA | ACC: ES-IPS_TM_6 | SYMBOL: ESM26 | RAW: 0 | FILLS: 0
DEBUG: Running _parse_file_nitro on C:\Model-\TradeActivityLogs-tm_6\TradeActivityLog_2026-06-16_UTC.ES-TM_6.data with Adaptive Ghost logic...
FILE: TRADEACTIVITYLOG_2026-02-13_UTC.ES-IPS_TM_6.DATA | ACC: ES-IPS_TM_6 | SYMBOL: ESH26 | RAW: 91 | FILLS: 47
DEBUG: Running _parse_file_nitro on C:\Model-\TradeActivityLogs-tm_6\TradeActivityLog_2026-02-13_UTC.ES-TM_6.data with Adaptive Ghost logic...
FILE: TRADEACTIVITYLOG_2026-04-26_UTC.ES-TM_6.DATA | ACC: ES-TM_6 | SYMBOL: ES | RAW: 0 | FILLS: 0
DEBUG: Running _parse_file_nitro on C:\Model-\TradeActivityLogs-tm_6\TradeActivityLog_2026-04-26_UTC.IPS_TM_6.data with Adaptive Ghost logic...
FILE: TRADEACTIVITYLOG_2026-07-24_UTC.ES-TM_6.DATA | ACC: ES-TM_6 | SYMBOL: ESU26 | RAW: 76 | FILLS: 38
DEBUG: Running _parse_file_nitro on C:\Model-\TradeActivityLogs-tm_6\TradeActivityLog_2026-07-24_UTC.IPS_TM_6.data with Adaptive Ghost logic...
FILE: TRADEACTIVITYLOG_2026-06-16_UTC.ES-TM_6.DATA | ACC: ES-TM_6 | SYMBOL: ESM26 | RAW: 0 | FILLS: 0
DEBUG: Running _parse_file_nitro on C:\Model-\TradeActivityLogs-tm_6\TradeActivityLog_2026-06-16_UTC.IPS_TM_6.data with Adaptive Ghost logic...
FILE: TRADEACTIVITYLOG_2026-04-26_UTC.IPS_TM_6.DATA | ACC: IPS_TM_6 | SYMBOL: Unknown | RAW: 0 | FILLS: 0
DEBUG: Running _parse_file_nitro on C:\Model-\TradeActivityLogs-tm_6\TradeActivityLog_2026-04-26_UTC.TM_6.data with Adaptive Ghost logic...
FILE: TRADEACTIVITYLOG_2026-01-21_UTC.TM_6.DATA | ACC: TM_6 | SYMBOL: NQH26 | RAW: 218 | FILLS: 109
DEBUG: Running _parse_file_nitro on C:\Model-\TradeActivityLogs-tm_6\TradeActivityLog_2026-01-22_UTC.ES-IPS_TM_6.data with Adaptive Ghost logic...
FILE: TRADEACTIVITYLOG_2026-07-06_UTC.IPS_TM_6.DATA | ACC: IPS_TM_6 | SYMBOL: NQU26 | RAW: 219 | FILLS: 110
DEBUG: Running _parse_file_nitro on C:\Model-\TradeActivityLogs-tm_6\TradeActivityLog_2026-07-06_UTC.TM_6.data with Adaptive Ghost logic...
FILE: TRADEACTIVITYLOG_2026-03-06_UTC.TM_6.DATA | ACC: TM_6 | SYMBOL: NQH26 | RAW: 468 | FILLS: 234
47
DEBUG: Running _parse_file_nitro on C:\Model-\TradeActivityLogs-tm_6\TradeActivityLog_2026-02-13_UTC.IPS_TM_6.data with Adaptive Ghost logic...
DEBUG: Running _parse_file_nitro on C:\Model-\TradeActivityLogs-tm_6\TradeActivityLog_2026-03-08_UTC.ES-IPS_TM_6.data with Adaptive Ghost logic...
FILE: TRADEACTIVITYLOG_2026-04-01_UTC.IPS_TM_6.DATA | ACC: IPS_TM_6 | SYMBOL: CLK26 | RAW: 256 | FILLS: 128
DEBUG: Running _parse_file_nitro on C:\Model-\TradeActivityLogs-tm_6\TradeActivityLog_2026-04-01_UTC.TM_6.data with Adaptive Ghost logic...
FILE: TRADEACTIVITYLOG_2026-05-15_UTC.TM_6.DATA | ACC: TM_6 | SYMBOL: NQM26 | RAW: 242 | FILLS: 121
DEBUG: Running _parse_file_nitro on C:\Model-\TradeActivityLogs-tm_6\TradeActivityLog_2026-05-17_UTC.ES-IPS_TM_6.data with Adaptive Ghost logic...
FILE: TRADEACTIVITYLOG_2025-12-04_UTC.TM_6.DATA | ACC: TM_6 | SYMBOL: NQZ25 | RAW: 48 | FILLS: 24
DEBUG: Running _parse_file_nitro on C:\Model-\TradeActivityLogs-tm_6\TradeActivityLog_2025-12-05_UTC.ES-IPS_TM_6.data with Adaptive Ghost logic...
FILE: TRADEACTIVITYLOG_2026-06-16_UTC.IPS_TM_6.DATA | ACC: IPS_TM_6 | SYMBOL: NQM26 | RAW: 0 | FILLS: 0
DEBUG: Running _parse_file_nitro on C:\Model-\TradeActivityLogs-tm_6\TradeActivityLog_2026-06-16_UTC.TM_6.data with Adaptive Ghost logic...
FILE: TRADEACTIVITYLOG_2026-04-26_UTC.TM_6.DATA | ACC: TM_6 | SYMBOL: Unknown | RAW: 0 | FILLS: 0
DEBUG: Running _parse_file_nitro on C:\Model-\TradeActivityLogs-tm_6\TradeActivityLog_2026-04-27_UTC.ES-IPS_TM_6.data with Adaptive Ghost logic...
FILE: TRADEACTIVITYLOG_2026-01-22_UTC.ES-IPS_TM_6.DATA | ACC: ES-IPS_TM_6 | SYMBOL: ESH26 | RAW: 62 | FILLS: 31
DEBUG: Running _parse_file_nitro on C:\Model-\TradeActivityLogs-tm_6\TradeActivityLog_2026-01-22_UTC.ES-TM_6.data with Adaptive Ghost logic...
FILE: TRADEACTIVITYLOG_2026-03-08_UTC.ES-IPS_TM_6.DATA | ACC: ES-IPS_TM_6 | SYMBOL: ESH26 | RAW: 18 | FILLS: 9
DEBUG: Running _parse_file_nitro on C:\Model-\TradeActivityLogs-tm_6\TradeActivityLog_2026-03-08_UTC.ES-TM_6.data with Adaptive Ghost logic...
FILE: TRADEACTIVITYLOG_2026-06-16_UTC.TM_6.DATA | ACC: TM_6 | SYMBOL: NQM26 | RAW: 0 | FILLS: 0
FILE: TRADEACTIVITYLOG_2026-05-17_UTC.ES-IPS_TM_6.DATA | ACC: ES-IPS_TM_6 | SYMBOL: ESM26 | RAW: 12 | FILLS: 6
DEBUG: Running _parse_file_nitro on C:\Model-\TradeActivityLogs-tm_6\TradeActivityLog_2026-05-17_UTC.ES-TM_6.data with Adaptive Ghost logic...
DEBUG: Running _parse_file_nitro on C:\Model-\TradeActivityLogs-tm_6\TradeActivityLog_2026-06-17_UTC.ES-IPS_TM_6.data with Adaptive Ghost logic...
FILE: TRADEACTIVITYLOG_2025-12-05_UTC.ES-IPS_TM_6.DATA | ACC: ES-IPS_TM_6 | SYMBOL: ESZ25 | RAW: 76 | FILLS: 38
DEBUG: Running _parse_file_nitro on C:\Model-\TradeActivityLogs-tm_6\TradeActivityLog_2025-12-05_UTC.ES-TM_6.data with Adaptive Ghost logic...
FILE: TRADEACTIVITYLOG_2026-04-27_UTC.ES-IPS_TM_6.DATA | ACC: ES-IPS_TM_6 | SYMBOL: ESM26 | RAW: 42 | FILLS: 21
DEBUG: Running _parse_file_nitro on C:\Model-\TradeActivityLogs-tm_6\TradeActivityLog_2026-04-27_UTC.ES-TM_6.data with Adaptive Ghost logic...
FILE: TRADEACTIVITYLOG_2026-03-08_UTC.ES-TM_6.DATA | ACC: ES-TM_6 | SYMBOL: ESH26 | RAW: 14 | FILLS: 7
DEBUG: Running _parse_file_nitro on C:\Model-\TradeActivityLogs-tm_6\TradeActivityLog_2026-03-08_UTC.IPS_TM_6.data with Adaptive Ghost logic...
FILE: TRADEACTIVITYLOG_2026-07-24_UTC.IPS_TM_6.DATA | ACC: IPS_TM_6 | SYMBOL: NQU26 | RAW: 294 | FILLS: 147
FILE: TRADEACTIVITYLOG_2026-07-06_UTC.TM_6.DATA | ACC: TM_6 | SYMBOL: NQU26 | RAW: 225 | FILLS: 113
FILE: TRADEACTIVITYLOG_2026-01-22_UTC.ES-TM_6.DATA | ACC: ES-TM_6 | SYMBOL: ESH26 | RAW: 62 | FILLS: 31
DEBUG: Running _parse_file_nitro on C:\Model-\TradeActivityLogs-tm_6\TradeActivityLog_2026-07-24_UTC.TM_6.data with Adaptive Ghost logic...
DEBUG: Running _parse_file_nitro on C:\Model-\TradeActivityLogs-tm_6\TradeActivityLog_2026-07-07_UTC.ES-IPS_TM_6.data with Adaptive Ghost logic...
DEBUG: Running _parse_file_nitro on C:\Model-\TradeActivityLogs-tm_6\TradeActivityLog_2026-01-22_UTC.IPS_TM_6.data with Adaptive Ghost logic...
FILE: TRADEACTIVITYLOG_2026-06-17_UTC.ES-IPS_TM_6.DATA | ACC: ES-IPS_TM_6 | SYMBOL: ESM26 | RAW: 0 | FILLS: 0
DEBUG: Running _parse_file_nitro on C:\Model-\TradeActivityLogs-tm_6\TradeActivityLog_2026-06-17_UTC.ES-TM_6.data with Adaptive Ghost logic...
FILE: TRADEACTIVITYLOG_2026-05-17_UTC.ES-TM_6.DATA | ACC: ES-TM_6 | SYMBOL: ESM26 | RAW: 12 | FILLS: 6
DEBUG: Running _parse_file_nitro on C:\Model-\TradeActivityLogs-tm_6\TradeActivityLog_2026-05-17_UTC.IPS_TM_6.data with Adaptive Ghost logic...
FILE: TRADEACTIVITYLOG_2026-02-13_UTC.IPS_TM_6.DATA | ACC: IPS_TM_6 | SYMBOL: NQH26 | RAW: 273 | FILLS: 138
DEBUG: Running _parse_file_nitro on C:\Model-\TradeActivityLogs-tm_6\TradeActivityLog_2026-02-13_UTC.TM_6.data with Adaptive Ghost logic...
FILE: TRADEACTIVITYLOG_2026-04-01_UTC.TM_6.DATA | ACC: TM_6 | SYMBOL: CLK26 | RAW: 250 | FILLS: 125
DEBUG: Running _parse_file_nitro on C:\Model-\TradeActivityLogs-tm_6\TradeActivityLog_2026-04-02_UTC.ES-IPS_TM_6.data with Adaptive Ghost logic...
FILE: TRADEACTIVITYLOG_2026-04-27_UTC.ES-TM_6.DATA | ACC: ES-TM_6 | SYMBOL: ESM26 | RAW: 42 | FILLS: 21
DEBUG: Running _parse_file_nitro on C:\Model-\TradeActivityLogs-tm_6\TradeActivityLog_2026-04-27_UTC.IPS_TM_6.data with Adaptive Ghost logic...
FILE: TRADEACTIVITYLOG_2025-12-05_UTC.ES-TM_6.DATA | ACC: ES-TM_6 | SYMBOL: ESZ25 | RAW: 76 | FILLS: 38
DEBUG: Running _parse_file_nitro on C:\Model-\TradeActivityLogs-tm_6\TradeActivityLog_2025-12-05_UTC.IPS_TM_6.data with Adaptive Ghost logic...
FILE: TRADEACTIVITYLOG_2026-07-07_UTC.ES-IPS_TM_6.DATA | ACC: ES-IPS_TM_6 | SYMBOL: ESU26 | RAW: 66 | FILLS: 33
DEBUG: Running _parse_file_nitro on C:\Model-\TradeActivityLogs-tm_6\TradeActivityLog_2026-03-08_UTC.TM_6.data with Adaptive Ghost logic...
.
FILE: TRADEACTIVITYLOG_2026-06-17_UTC.ES-TM_6.DATA | ACC: ES-TM_6 | SYMBOL: ESM26 | RAW: 0 | FILLS: 0
FILE: TRADEACTIVITYLOG_2026-05-17_UTC.IPS_TM_6.DATA | ACC: IPS_TM_6 | SYMBOL: NQM26 | RAW: 16 | FILLS: 8
DEBUG: Running _parse_file_nitro on C:\Model-\TradeActivityLogs-tm_6\TradeActivityLog_2026-06-17_UTC.IPS_TM_6.data with Adaptive Ghost logic...
DEBUG: Running _parse_file_nitro on C:\Model-\TradeActivityLogs-tm_6\TradeActivityLog_2026-05-17_UTC.TM_6.data with Adaptive Ghost logic...
FILE: TRADEACTIVITYLOG_2026-01-22_UTC.IPS_TM_6.DATA | ACC: IPS_TM_6 | SYMBOL: NQH26 | RAW: 116 | FILLS: 58
DEBUG: Running _parse_file_nitro on C:\Model-\TradeActivityLogs-tm_6\TradeActivityLog_2026-01-22_UTC.TM_6.data with Adaptive Ghost logic...
FILE: TRADEACTIVITYLOG_2026-04-02_UTC.ES-IPS_TM_6.DATA | ACC: ES-IPS_TM_6 | SYMBOL: ESM26 | RAW: 58 | FILLS: 29
DEBUG: Running _parse_file_nitro on C:\Model-\TradeActivityLogs-tm_6\TradeActivityLog_2026-04-02_UTC.ES-TM_6.data with Adaptive Ghost logic...
FILE: TRADEACTIVITYLOG_2026-07-24_UTC.TM_6.DATA | ACC: TM_6 | SYMBOL: NQU26 | RAW: 294 | FILLS: 147
FILE: TRADEACTIVITYLOG_2026-03-08_UTC.TM_6.DATA | ACC: TM_6 | SYMBOL: CLJ26 | RAW: 46 | FILLS: 23
DEBUG: Running _parse_file_nitro on C:\Model-\TradeActivityLogs-tm_6\TradeActivityLog_2026-07-26_UTC.IPS_TM_6.data with Adaptive Ghost logic...
DEBUG: Running _parse_file_nitro on C:\Model-\TradeActivityLogs-tm_6\TradeActivityLog_2026-03-09_UTC.ES-IPS_TM_6.data with Adaptive Ghost logic...
FILE: TRADEACTIVITYLOG_2026-04-27_UTC.IPS_TM_6.DATA | ACC: IPS_TM_6 | SYMBOL: NQM26 | RAW: 144 | FILLS: 72
DEBUG: Running _parse_file_nitro on C:\Model-\TradeActivityLogs-tm_6\TradeActivityLog_2026-04-27_UTC.TM_6.data with Adaptive Ghost logic...
DEBUG: Running _parse_file_nitro on C:\Model-\TradeActivityLogs-tm_6\TradeActivityLog_2026-07-07_UTC.IPS_TM_6.data with Adaptive Ghost logic...
FILE: TRADEACTIVITYLOG_2026-05-17_UTC.TM_6.DATA | ACC: TM_6 | SYMBOL: NQM26 | RAW: 16 | FILLS: 8
DEBUG: Running _parse_file_nitro on C:\Model-\TradeActivityLogs-tm_6\TradeActivityLog_2026-05-18_UTC.ES-IPS_TM_6.data with Adaptive Ghost logic...
FILE: TRADEACTIVITYLOG_2026-06-17_UTC.IPS_TM_6.DATA | ACC: IPS_TM_6 | SYMBOL: NQM26 | RAW: 0 | FILLS: 0
DEBUG: Running _parse_file_nitro on C:\Model-\TradeActivityLogs-tm_6\TradeActivityLog_2026-06-17_UTC.TM_6.data with Adaptive Ghost logic...
FILE: TRADEACTIVITYLOG_2025-12-05_UTC.IPS_TM_6.DATA | ACC: IPS_TM_6 | SYMBOL: NQZ25 | RAW: 170 | FILLS: 85
FILE: TRADEACTIVITYLOG_2026-02-13_UTC.TM_6.DATA | ACC: TM_6 | SYMBOL: NQH26 | RAW: 267 | FILLS: 135
DEBUG: Running _parse_file_nitro on C:\Model-\TradeActivityLogs-tm_6\TradeActivityLog_2025-12-05_UTC.TM_6.data with Adaptive Ghost logic...
DEBUG: Running _parse_file_nitro on C:\Model-\TradeActivityLogs-tm_6\TradeActivityLog_2026-02-15_UTC.IPS_TM_6.data with Adaptive Ghost logic...
FILE: TRADEACTIVITYLOG_2026-01-22_UTC.TM_6.DATA | ACC: TM_6 | SYMBOL: NQH26 | RAW: 118 | FILLS: 59
DEBUG: Running _parse_file_nitro on C:\Model-\TradeActivityLogs-tm_6\TradeActivityLog_2026-01-23_UTC.ES-IPS_TM_6.data with Adaptive Ghost logic...
FILE: TRADEACTIVITYLOG_2026-04-02_UTC.ES-TM_6.DATA | ACC: ES-TM_6 | SYMBOL: ESM26 | RAW: 60 | FILLS: 30
DEBUG: Running _parse_file_nitro on C:\Model-\TradeActivityLogs-tm_6\TradeActivityLog_2026-04-02_UTC.IPS_TM_6.data with Adaptive Ghost logic...
FILE: TRADEACTIVITYLOG_2026-07-26_UTC.IPS_TM_6.DATA | ACC: IPS_TM_6 | SYMBOL: CLU26 | RAW: 16 | FILLS: 8
DEBUG: Running _parse_file_nitro on C:\Model-\TradeActivityLogs-tm_6\TradeActivityLog_2026-07-26_UTC.TM_6.data with Adaptive Ghost logic...
FILE: TRADEACTIVITYLOG_2026-06-17_UTC.TM_6.DATA | ACC: TM_6 | SYMBOL: NQM26 | RAW: 0 | FILLS: 0
DEBUG: Running _parse_file_nitro on C:\Model-\TradeActivityLogs-tm_6\TradeActivityLog_2026-06-18_UTC.ES-IPS_TM_6.data with Adaptive Ghost logic...
FILE: TRADEACTIVITYLOG_2026-02-15_UTC.IPS_TM_6.DATA | ACC: IPS_TM_6 | SYMBOL: NQH26 | RAW: 12 | FILLS: 6
DEBUG: Running _parse_file_nitro on C:\Model-\TradeActivityLogs-tm_6\TradeActivityLog_2026-02-15_UTC.TM_6.data with Adaptive Ghost logic...
FILE: TRADEACTIVITYLOG_2026-03-09_UTC.ES-IPS_TM_6.DATA | ACC: ES-IPS_TM_6 | SYMBOL: ESH26 | RAW: 92 | FILLS: 46
DEBUG: Running _parse_file_nitro on C:\Model-\TradeActivityLogs-tm_6\TradeActivityLog_2026-03-09_UTC.ES-TM_6.data with Adaptive Ghost logic...
FILE: TRADEACTIVITYLOG_2025-12-05_UTC.TM_6.DATA | ACC: TM_6 | SYMBOL: CLF26 | RAW: 48 | FILLS: 24
DEBUG: Running _parse_file_nitro on C:\Model-\TradeActivityLogs-tm_6\TradeActivityLog_2025-12-06_UTC.ES-IPS_TM_6.data with Adaptive Ghost logic...
FILE: TRADEACTIVITYLOG_2026-01-23_UTC.ES-IPS_TM_6.DATA | ACC: ES-IPS_TM_6 | SYMBOL: ESH26 | RAW: 31 | FILLS: 15
DEBUG: Running _parse_file_nitro on C:\Model-\TradeActivityLogs-tm_6\TradeActivityLog_2026-01-23_UTC.ES-TM_6.data with Adaptive Ghost logic...
FILE: TRADEACTIVITYLOG_2026-05-18_UTC.ES-IPS_TM_6.DATA | ACC: ES-IPS_TM_6 | SYMBOL: ESM26 | RAW: 111 | FILLS: 56
DEBUG: Running _parse_file_nitro on C:\Model-\TradeActivityLogs-tm_6\TradeActivityLog_2026-05-18_UTC.ES-TM_6.data with Adaptive Ghost logic...
FILE: TRADEACTIVITYLOG_2026-07-26_UTC.TM_6.DATA | ACC: TM_6 | SYMBOL: CLU26 | RAW: 16 | FILLS: 8
DEBUG: Running _parse_file_nitro on C:\Model-\TradeActivityLogs-tm_6\TradeActivityLog_2026-07-27_UTC.ES-IPS_TM_6.data with Adaptive Ghost logic...
FILE: TRADEACTIVITYLOG_2026-07-07_UTC.IPS_TM_6.DATA | ACC: IPS_TM_6 | SYMBOL: CLQ26 | RAW: 244 | FILLS: 122
DEBUG: Running _parse_file_nitro on C:\Model-\TradeActivityLogs-tm_6\TradeActivityLog_2026-07-07_UTC.TM_6.data with Adaptive Ghost logic...
FILE: TRADEACTIVITYLOG_2026-04-27_UTC.TM_6.DATA | ACC: TM_6 | SYMBOL: NQM26 | RAW: 144 | FILLS: 72
DEBUG: Running _parse_file_nitro on C:\Model-\TradeActivityLogs-tm_6\TradeActivityLog_2026-04-28_UTC.ES-IPS_TM_6.data with Adaptive Ghost logic...
FILE: TRADEACTIVITYLOG_2026-06-18_UTC.ES-IPS_TM_6.DATA | ACC: ES-IPS_TM_6 | SYMBOL: ES | RAW: 0 | FILLS: 0
DEBUG: Running _parse_file_nitro on C:\Model-\TradeActivityLogs-tm_6\TradeActivityLog_2026-06-18_UTC.ES-TM_6.data with Adaptive Ghost logic...
FILE: TRADEACTIVITYLOG_2025-12-06_UTC.ES-IPS_TM_6.DATA | ACC: ES-IPS_TM_6 | SYMBOL: ES | RAW: 0 | FILLS: 0
DEBUG: Running _parse_file_nitro on C:\Model-\TradeActivityLogs-tm_6\TradeActivityLog_2025-12-06_UTC.ES-TM_6.data with Adaptive Ghost logic...
FILE: TRADEACTIVITYLOG_2026-02-15_UTC.TM_6.DATA | ACC: TM_6 | SYMBOL: NQH26 | RAW: 12 | FILLS: 6
DEBUG: Running _parse_file_nitro on C:\Model-\TradeActivityLogs-tm_6\TradeActivityLog_2026-02-16_UTC.ES-IPS_TM_6.data with Adaptive Ghost logic...
FILE: TRADEACTIVITYLOG_2026-01-23_UTC.ES-TM_6.DATA | ACC: ES-TM_6 | SYMBOL: ESH26 | RAW: 31 | FILLS: 15
DEBUG: Running _parse_file_nitro on C:\Model-\TradeActivityLogs-tm_6\TradeActivityLog_2026-01-23_UTC.IPS_TM_6.data with Adaptive Ghost logic...
FILE: TRADEACTIVITYLOG_2026-03-09_UTC.ES-TM_6.DATA | ACC: ES-TM_6 | SYMBOL: ESH26 | RAW: 96 | FILLS: 48
DEBUG: Running _parse_file_nitro on C:\Model-\TradeActivityLogs-tm_6\TradeActivityLog_2026-03-09_UTC.IPS_TM_6.data with Adaptive Ghost logic...
FILE: TRADEACTIVITYLOG_2025-12-06_UTC.ES-TM_6.DATA | ACC: ES-TM_6 | SYMBOL: ES | RAW: 0 | FILLS: 0
DEBUG: Running _parse_file_nitro on C:\Model-\TradeActivityLogs-tm_6\TradeActivityLog_2025-12-06_UTC.IPS_TM_6.data with Adaptive Ghost logic...
FILE: TRADEACTIVITYLOG_2026-06-18_UTC.ES-TM_6.DATA | ACC: ES-TM_6 | SYMBOL: ES | RAW: 0 | FILLS: 0
DEBUG: Running _parse_file_nitro on C:\Model-\TradeActivityLogs-tm_6\TradeActivityLog_2026-06-18_UTC.IPS_TM_6.data with Adaptive Ghost logic...
FILE: TRADEACTIVITYLOG_2026-07-27_UTC.ES-IPS_TM_6.DATA | ACC: ES-IPS_TM_6 | SYMBOL: ESU26 | RAW: 34 | FILLS: 17
DEBUG: Running _parse_file_nitro on C:\Model-\TradeActivityLogs-tm_6\TradeActivityLog_2026-07-27_UTC.ES-TM_6.data with Adaptive Ghost logic...
FILE: TRADEACTIVITYLOG_2026-05-18_UTC.ES-TM_6.DATA | ACC: ES-TM_6 | SYMBOL: ESM26 | RAW: 111 | FILLS: 56
DEBUG: Running _parse_file_nitro on C:\Model-\TradeActivityLogs-tm_6\TradeActivityLog_2026-05-18_UTC.IPS_TM_6.data with Adaptive Ghost logic...
FILE: TRADEACTIVITYLOG_2026-04-28_UTC.ES-IPS_TM_6.DATA | ACC: ES-IPS_TM_6 | SYMBOL: ESM26 | RAW: 80 | FILLS: 40
DEBUG: Running _parse_file_nitro on C:\Model-\TradeActivityLogs-tm_6\TradeActivityLog_2026-04-28_UTC.ES-TM_6.data with Adaptive Ghost logic...
FILE: TRADEACTIVITYLOG_2026-04-02_UTC.IPS_TM_6.DATA | ACC: IPS_TM_6 | SYMBOL: NQM26 | RAW: 416 | FILLS: 208
DEBUG: Running _parse_file_nitro on C:\Model-\TradeActivityLogs-tm_6\TradeActivityLog_2026-04-02_UTC.TM_6.data with Adaptive Ghost logic...
FILE: TRADEACTIVITYLOG_2025-12-06_UTC.IPS_TM_6.DATA | ACC: IPS_TM_6 | SYMBOL: Unknown | RAW: 0 | FILLS: 0
DEBUG: Running _parse_file_nitro on C:\Model-\TradeActivityLogs-tm_6\TradeActivityLog_2025-12-06_UTC.TM_6.data with Adaptive Ghost logic...
FILE: TRADEACTIVITYLOG_2026-02-16_UTC.ES-IPS_TM_6.DATA | ACC: ES-IPS_TM_6 | SYMBOL: ESH26 | RAW: 20 | FILLS: 10
DEBUG: Running _parse_file_nitro on C:\Model-\TradeActivityLogs-tm_6\TradeActivityLog_2026-02-16_UTC.ES-TM_6.data with Adaptive Ghost logic...
FILE: TRADEACTIVITYLOG_2026-06-18_UTC.IPS_TM_6.DATA | ACC: IPS_TM_6 | SYMBOL: Unknown | RAW: 0 | FILLS: 0
DEBUG: Running _parse_file_nitro on C:\Model-\TradeActivityLogs-tm_6\TradeActivityLog_2026-06-18_UTC.TM_6.data with Adaptive Ghost logic...
FILE: TRADEACTIVITYLOG_2026-07-27_UTC.ES-TM_6.DATA | ACC: ES-TM_6 | SYMBOL: ESU26 | RAW: 34 | FILLS: 17
FILE: TRADEACTIVITYLOG_2026-07-07_UTC.TM_6.DATA | ACC: TM_6 | SYMBOL: NQU26 | RAW: 246 | FILLS: 123
DEBUG: Running _parse_file_nitro on C:\Model-\TradeActivityLogs-tm_6\TradeActivityLog_2026-07-08_UTC.ES-IPS_TM_6.data with Adaptive Ghost logic...
DEBUG: Running _parse_file_nitro on C:\Model-\TradeActivityLogs-tm_6\TradeActivityLog_2026-07-27_UTC.IPS_TM_6.data with Adaptive Ghost logic...
FILE: TRADEACTIVITYLOG_2026-01-23_UTC.IPS_TM_6.DATA | ACC: IPS_TM_6 | SYMBOL: NQH26 | RAW: 128 | FILLS: 63
DEBUG: Running _parse_file_nitro on C:\Model-\TradeActivityLogs-tm_6\TradeActivityLog_2026-01-23_UTC.TM_6.data with Adaptive Ghost logic...
FILE: TRADEACTIVITYLOG_2025-12-06_UTC.TM_6.DATA | ACC: TM_6 | SYMBOL: Unknown | RAW: 0 | FILLS: 0
DEBUG: Running _parse_file_nitro on C:\Model-\TradeActivityLogs-tm_6\TradeActivityLog_2025-12-07_UTC.IPS_TM_6.data with Adaptive Ghost logic...
FILE: TRADEACTIVITYLOG_2026-04-28_UTC.ES-TM_6.DATA | ACC: ES-TM_6 | SYMBOL: ESM26 | RAW: 80 | FILLS: 40
DEBUG: Running _parse_file_nitro on C:\Model-\TradeActivityLogs-tm_6\TradeActivityLog_2026-04-28_UTC.IPS_TM_6.data with Adaptive Ghost logic...
FILE: TRADEACTIVITYLOG_2026-02-16_UTC.ES-TM_6.DATA | ACC: ES-TM_6 | SYMBOL: ESH26 | RAW: 20 | FILLS: 10
DEBUG: Running _parse_file_nitro on C:\Model-\TradeActivityLogs-tm_6\TradeActivityLog_2026-02-16_UTC.IPS_TM_6.data with Adaptive Ghost logic...
FILE: TRADEACTIVITYLOG_2026-06-18_UTC.TM_6.DATA | ACC: TM_6 | SYMBOL: Unknown | RAW: 0 | FILLS: 0
DEBUG: Running _parse_file_nitro on C:\Model-\TradeActivityLogs-tm_6\TradeActivityLog_2026-06-22_UTC.ES-IPS_TM_6.data with Adaptive Ghost logic...
FILE: TRADEACTIVITYLOG_2025-12-07_UTC.IPS_TM_6.DATA | ACC: IPS_TM_6 | SYMBOL: NQZ25 | RAW: 8 | FILLS: 4
FILE: TRADEACTIVITYLOG_2026-05-18_UTC.IPS_TM_6.DATA | ACC: IPS_TM_6 | SYMBOL: NQM26 | RAW: 260 | FILLS: 130
DEBUG: Running _parse_file_nitro on C:\Model-\TradeActivityLogs-tm_6\TradeActivityLog_2025-12-07_UTC.TM_6.data with Adaptive Ghost logic...
DEBUG: Running _parse_file_nitro on C:\Model-\TradeActivityLogs-tm_6\TradeActivityLog_2026-05-18_UTC.TM_6.data with Adaptive Ghost logic...
FILE: TRADEACTIVITYLOG_2026-07-08_UTC.ES-IPS_TM_6.DATA | ACC: ES-IPS_TM_6 | SYMBOL: ESU26 | RAW: 60 | FILLS: 30
DEBUG: Running _parse_file_nitro on C:\Model-\TradeActivityLogs-tm_6\TradeActivityLog_2026-07-08_UTC.ES-TM_6.data with Adaptive Ghost logic...
FILE: TRADEACTIVITYLOG_2026-01-23_UTC.TM_6.DATA | ACC: TM_6 | SYMBOL: NQH26 | RAW: 130 | FILLS: 64
DEBUG: Running _parse_file_nitro on C:\Model-\TradeActivityLogs-tm_6\TradeActivityLog_2026-01-24_UTC.ES-IPS_TM_6.data with Adaptive Ghost logic...
FILE: TRADEACTIVITYLOG_2026-06-22_UTC.ES-IPS_TM_6.DATA | ACC: ES-IPS_TM_6 | SYMBOL: ESU26 | RAW: 0 | FILLS: 0
DEBUG: Running _parse_file_nitro on C:\Model-\TradeActivityLogs-tm_6\TradeActivityLog_2026-06-22_UTC.ES-TM_6.data with Adaptive Ghost logic...
FILE: TRADEACTIVITYLOG_2025-12-07_UTC.TM_6.DATA | ACC: TM_6 | SYMBOL: NQZ25 | RAW: 0 | FILLS: 0
FILE: TRADEACTIVITYLOG_2026-02-16_UTC.IPS_TM_6.DATA | ACC: IPS_TM_6 | SYMBOL: NQH26 | RAW: 58 | FILLS: 29
DEBUG: Running _parse_file_nitro on C:\Model-\TradeActivityLogs-tm_6\TradeActivityLog_2026-08-19_UTC.ES-TM_6.data with Adaptive Ghost logic...
DEBUG: Running _parse_file_nitro on C:\Model-\TradeActivityLogs-tm_6\TradeActivityLog_2026-02-16_UTC.TM_6.data with Adaptive Ghost logic...
FILE: TRADEACTIVITYLOG_2026-04-02_UTC.TM_6.DATA | ACC: TM_6 | SYMBOL: NQM26 | RAW: 392 | FILLS: 196
FILE: TRADEACTIVITYLOG_2026-07-27_UTC.IPS_TM_6.DATA | ACC: IPS_TM_6 | SYMBOL: CLU26 | RAW: 263 | FILLS: 132
DEBUG: Running _parse_file_nitro on C:\Model-\TradeActivityLogs-tm_6\TradeActivityLog_2026-04-03_UTC.ES-IPS_TM_6.data with Adaptive Ghost logic...
DEBUG: Running _parse_file_nitro on C:\Model-\TradeActivityLogs-tm_6\TradeActivityLog_2026-07-27_UTC.TM_6.data with Adaptive Ghost logic...
FILE: TRADEACTIVITYLOG_2026-04-28_UTC.IPS_TM_6.DATA | ACC: IPS_TM_6 | SYMBOL: NQM26 | RAW: 206 | FILLS: 103
DEBUG: Running _parse_file_nitro on C:\Model-\TradeActivityLogs-tm_6\TradeActivityLog_2026-04-28_UTC.TM_6.data with Adaptive Ghost logic...
FILE: TRADEACTIVITYLOG_2026-01-24_UTC.ES-IPS_TM_6.DATA | ACC: ES-IPS_TM_6 | SYMBOL: ES | RAW: 0 | FILLS: 0
DEBUG: Running _parse_file_nitro on C:\Model-\TradeActivityLogs-tm_6\TradeActivityLog_2026-01-24_UTC.ES-TM_6.data with Adaptive Ghost logic...
FILE: TRADEACTIVITYLOG_2026-06-22_UTC.ES-TM_6.DATA | ACC: ES-TM_6 | SYMBOL: ESU26 | RAW: 0 | FILLS: 0
 356
DEBUG: Running _parse_file_nitro on C:\Model-\TradeActivityLogs-tm_6\TradeActivityLog_2026-06-22_UTC.IPS_TM_6.data with Adaptive Ghost logic...
FILE: TRADEACTIVITYLOG_2026-07-08_UTC.ES-TM_6.DATA | ACC: ES-TM_6 | SYMBOL: ESU26 | RAW: 60 | FILLS: 30
DEBUG: Running _parse_file_nitro on C:\Model-\TradeActivityLogs-tm_6\TradeActivityLog_2026-03-09_UTC.TM_6.data with Adaptive Ghost logic...
DEBUG: Running _parse_file_nitro on C:\Model-\TradeActivityLogs-tm_6\TradeActivityLog_2026-07-08_UTC.IPS_TM_6.data with Adaptive Ghost logic...
FILE: TRADEACTIVITYLOG_2026-08-19_UTC.ES-TM_6.DATA | ACC: ES-TM_6 | SYMBOL: ESU26 | RAW: 62 | FILLS: 31
DEBUG: Running _parse_file_nitro on C:\Model-\TradeActivityLogs-tm_6\TradeActivityLog_2026-08-19_UTC.IPS_TM_6.data with Adaptive Ghost logic...
FILE: TRADEACTIVITYLOG_2026-05-18_UTC.TM_6.DATA | ACC: TM_6 | SYMBOL: NQM26 | RAW: 256 | FILLS: 128
DEBUG: Running _parse_file_nitro on C:\Model-\TradeActivityLogs-tm_6\TradeActivityLog_2026-05-19_UTC.ES-IPS_TM_6.data with Adaptive Ghost logic...
FILE: TRADEACTIVITYLOG_2026-04-03_UTC.ES-IPS_TM_6.DATA | ACC: ES-IPS_TM_6 | SYMBOL: ESM26 | RAW: 4 | FILLS: 2
FILE: TRADEACTIVITYLOG_2026-02-16_UTC.TM_6.DATA | ACC: TM_6 | SYMBOL: NQH26 | RAW: 58 | FILLS: 29
DEBUG: Running _parse_file_nitro on C:\Model-\TradeActivityLogs-tm_6\TradeActivityLog_2026-04-03_UTC.ES-TM_6.data with Adaptive Ghost logic...
DEBUG: Running _parse_file_nitro on C:\Model-\TradeActivityLogs-tm_6\TradeActivityLog_2026-02-17_UTC.ES-IPS_TM_6.data with Adaptive Ghost logic...
FILE: TRADEACTIVITYLOG_2026-01-24_UTC.ES-TM_6.DATA | ACC: ES-TM_6 | SYMBOL: ES | RAW: 0 | FILLS: 0
DEBUG: Running _parse_file_nitro on C:\Model-\TradeActivityLogs-tm_6\TradeActivityLog_2026-01-24_UTC.IPS_TM_6.data with Adaptive Ghost logic...
FILE: TRADEACTIVITYLOG_2026-06-22_UTC.IPS_TM_6.DATA | ACC: IPS_TM_6 | SYMBOL: NQU26 | RAW: 0 | FILLS: 0
DEBUG: Running _parse_file_nitro on C:\Model-\TradeActivityLogs-tm_6\TradeActivityLog_2026-06-22_UTC.TM_6.data with Adaptive Ghost logic...
FILE: TRADEACTIVITYLOG_2026-04-28_UTC.TM_6.DATA | ACC: TM_6 | SYMBOL: NQM26 | RAW: 206 | FILLS: 103
DEBUG: Running _parse_file_nitro on C:\Model-\TradeActivityLogs-tm_6\TradeActivityLog_2026-04-29_UTC.ES-IPS_TM_6.data with Adaptive Ghost logic...
FILE: TRADEACTIVITYLOG_2026-01-24_UTC.IPS_TM_6.DATA | ACC: IPS_TM_6 | SYMBOL: Unknown | RAW: 0 | FILLS: 0
DEBUG: Running _parse_file_nitro on C:\Model-\TradeActivityLogs-tm_6\TradeActivityLog_2026-01-24_UTC.TM_6.data with Adaptive Ghost logic...
FILE: TRADEACTIVITYLOG_2026-04-03_UTC.ES-TM_6.DATA | ACC: ES-TM_6 | SYMBOL: ESM26 | RAW: 4 | FILLS: 2
DEBUG: Running _parse_file_nitro on C:\Model-\TradeActivityLogs-tm_6\TradeActivityLog_2026-04-03_UTC.IPS_TM_6.data with Adaptive Ghost logic...
FILE: TRADEACTIVITYLOG_2026-06-22_UTC.TM_6.DATA | ACC: TM_6 | SYMBOL: NQU26 | RAW: 0 | FILLS: 0
FILE: TRADEACTIVITYLOG_2026-02-17_UTC.ES-IPS_TM_6.DATA | ACC: ES-IPS_TM_6 | SYMBOL: ESH26 | RAW: 56 | FILLS: 28
FILE: TRADEACTIVITYLOG_2026-05-19_UTC.ES-IPS_TM_6.DATA | ACC: ES-IPS_TM_6 | SYMBOL: ESM26 | RAW: 88 | FILLS: 44
DEBUG: Running _parse_file_nitro on C:\Model-\TradeActivityLogs-tm_6\TradeActivityLog_2026-06-23_UTC.ES-IPS_TM_6.data with Adaptive Ghost logic...
DEBUG: Running _parse_file_nitro on C:\Model-\TradeActivityLogs-tm_6\TradeActivityLog_2026-02-17_UTC.ES-TM_6.data with Adaptive Ghost logic...
DEBUG: Running _parse_file_nitro on C:\Model-\TradeActivityLogs-tm_6\TradeActivityLog_2026-05-19_UTC.ES-TM_6.data with Adaptive Ghost logic...
FILE: TRADEACTIVITYLOG_2026-07-27_UTC.TM_6.DATA | ACC: TM_6 | SYMBOL: NQU26 | RAW: 263 | FILLS: 132
DEBUG: Running _parse_file_nitro on C:\Model-\TradeActivityLogs-tm_6\TradeActivityLog_2026-07-28_UTC.ES-IPS_TM_6.data with Adaptive Ghost logic...
FILE: TRADEACTIVITYLOG_2026-08-19_UTC.IPS_TM_6.DATA | ACC: IPS_TM_6 | SYMBOL: NQU26 | RAW: 182 | FILLS: 91
DEBUG: Running _parse_file_nitro on C:\Model-\TradeActivityLogs-tm_6\TradeActivityLog_2026-08-19_UTC.TM_6.data with Adaptive Ghost logic...
FILE: TRADEACTIVITYLOG_2026-01-24_UTC.TM_6.DATA | ACC: TM_6 | SYMBOL: Unknown | RAW: 0 | FILLS: 0
FILE: TRADEACTIVITYLOG_2026-04-03_UTC.IPS_TM_6.DATA | ACC: IPS_TM_6 | SYMBOL: NQM26 | RAW: 14 | FILLS: 7
DEBUG: Running _parse_file_nitro on C:\Model-\TradeActivityLogs-tm_6\TradeActivityLog_2026-04-03_UTC.TM_6.data with Adaptive Ghost logic...
FILE: TRADEACTIVITYLOG_2026-04-29_UTC.ES-IPS_TM_6.DATA | ACC: ES-IPS_TM_6 | SYMBOL: ESM26 | RAW: 83 | FILLS: 42
DEBUG: Running _parse_file_nitro on C:\Model-\TradeActivityLogs-tm_6\TradeActivityLog_2026-04-29_UTC.ES-TM_6.data with Adaptive Ghost logic...
FILE: TRADEACTIVITYLOG_2026-07-08_UTC.IPS_TM_6.DATA | ACC: IPS_TM_6 | SYMBOL: NQU26 | RAW: 344 | FILLS: 172
DEBUG: Running _parse_file_nitro on C:\Model-\TradeActivityLogs-tm_6\TradeActivityLog_2026-07-08_UTC.TM_6.data with Adaptive Ghost logic...
FILE: TRADEACTIVITYLOG_2026-02-17_UTC.ES-TM_6.DATA | ACC: ES-TM_6 | SYMBOL: ESH26 | RAW: 56 | FILLS: 28
DEBUG: Running _parse_file_nitro on C:\Model-\TradeActivityLogs-tm_6\TradeActivityLog_2026-02-17_UTC.IPS_TM_6.data with Adaptive Ghost logic...
FILE: TRADEACTIVITYLOG_2026-05-19_UTC.ES-TM_6.DATA | ACC: ES-TM_6 | SYMBOL: ESM26 | RAW: 88 | FILLS: 44
FILE: TRADEACTIVITYLOG_2026-06-23_UTC.ES-IPS_TM_6.DATA | ACC: ES-IPS_TM_6 | SYMBOL: ESU26 | RAW: 26 | FILLS: 13
DEBUG: Running _parse_file_nitro on C:\Model-\TradeActivityLogs-tm_6\TradeActivityLog_2026-06-23_UTC.ES-TM_6.data with Adaptive Ghost logic...
DEBUG: Running _parse_file_nitro on C:\Model-\TradeActivityLogs-tm_6\TradeActivityLog_2026-05-19_UTC.IPS_TM_6.data with Adaptive Ghost logic...
FILE: TRADEACTIVITYLOG_2026-07-28_UTC.ES-IPS_TM_6.DATA | ACC: ES-IPS_TM_6 | SYMBOL: ESU26 | RAW: 109 | FILLS: 53
DEBUG: Running _parse_file_nitro on C:\Model-\TradeActivityLogs-tm_6\TradeActivityLog_2026-07-28_UTC.ES-TM_6.data with Adaptive Ghost logic...
FILE: TRADEACTIVITYLOG_2026-04-03_UTC.TM_6.DATA | ACC: TM_6 | SYMBOL: NQM26 | RAW: 14 | FILLS: 7
DEBUG: Running _parse_file_nitro on C:\Model-\TradeActivityLogs-tm_6\TradeActivityLog_2026-04-05_UTC.ES-IPS_TM_6.data with Adaptive Ghost logic...
FILE: TRADEACTIVITYLOG_2026-04-29_UTC.ES-TM_6.DATA | ACC: ES-TM_6 | SYMBOL: ESM26 | RAW: 91 | FILLS: 46
DEBUG: Running _parse_file_nitro on C:\Model-\TradeActivityLogs-tm_6\TradeActivityLog_2026-04-29_UTC.IPS_TM_6.data with Adaptive Ghost logic...
FILE: TRADEACTIVITYLOG_2026-06-23_UTC.ES-TM_6.DATA | ACC: ES-TM_6 | SYMBOL: ESU26 | RAW: 26 | FILLS: 13
FILE: TRADEACTIVITYLOG_2026-08-19_UTC.TM_6.DATA | ACC: TM_6 | SYMBOL: NQU26 | RAW: 182 | FILLS: 91
DEBUG: Running _parse_file_nitro on C:\Model-\TradeActivityLogs-tm_6\TradeActivityLog_2026-06-23_UTC.IPS_TM_6.data with Adaptive Ghost logic...
DEBUG: Running _parse_file_nitro on C:\Model-\TradeActivityLogs-tm_6\TradeActivityLog_2026-08-20_UTC.ES-IPS_TM_6.data with Adaptive Ghost logic...
FILE: TRADEACTIVITYLOG_2026-03-09_UTC.TM_6.DATA | ACC: TM_6 | SYMBOL: CLJ26 | RAW: 704 | FILLS: 352
FILE: TRADEACTIVITYLOG_2026-04-05_UTC.ES-IPS_TM_6.DATA | ACC: ES-IPS_TM_6 | SYMBOL: ESM26 | RAW: 8 | FILLS: 4
DEBUG: Running _parse_file_nitro on C:\Model-\TradeActivityLogs-tm_6\TradeActivityLog_2026-04-05_UTC.ES-TM_6.data with Adaptive Ghost logic...
DEBUG: Running _parse_file_nitro on C:\Model-\TradeActivityLogs-tm_6\TradeActivityLog_2026-03-10_UTC.ES-IPS_TM_6.data with Adaptive Ghost logic...
FILE: TRADEACTIVITYLOG_2026-07-28_UTC.ES-TM_6.DATA | ACC: ES-TM_6 | SYMBOL: ESU26 | RAW: 92 | FILLS: 46
FILE: TRADEACTIVITYLOG_2026-05-19_UTC.IPS_TM_6.DATA | ACC: IPS_TM_6 | SYMBOL: NQM26 | RAW: 190 | FILLS: 95
DEBUG: Running _parse_file_nitro on C:\Model-\TradeActivityLogs-tm_6\TradeActivityLog_2026-07-28_UTC.IPS_TM_6.data with Adaptive Ghost logic...
DEBUG: Running _parse_file_nitro on C:\Model-\TradeActivityLogs-tm_6\TradeActivityLog_2026-05-19_UTC.TM_6.data with Adaptive Ghost logic...
FILE: TRADEACTIVITYLOG_2026-02-17_UTC.IPS_TM_6.DATA | ACC: IPS_TM_6 | SYMBOL: NQH26 | RAW: 266 | FILLS: 133
DEBUG: Running _parse_file_nitro on C:\Model-\TradeActivityLogs-tm_6\TradeActivityLog_2026-02-17_UTC.TM_6.data with Adaptive Ghost logic...
FILE: TRADEACTIVITYLOG_2026-08-20_UTC.ES-IPS_TM_6.DATA | ACC: ES-IPS_TM_6 | SYMBOL: ESU26 | RAW: 58 | FILLS: 29
DEBUG: Running _parse_file_nitro on C:\Model-\TradeActivityLogs-tm_6\TradeActivityLog_2026-08-20_UTC.ES-TM_6.data with Adaptive Ghost logic...
FILE: TRADEACTIVITYLOG_2026-04-05_UTC.ES-TM_6.DATA | ACC: ES-TM_6 | SYMBOL: ESM26 | RAW: 8 | FILLS: 4
DEBUG: Running _parse_file_nitro on C:\Model-\TradeActivityLogs-tm_6\TradeActivityLog_2026-04-05_UTC.IPS_TM_6.data with Adaptive Ghost logic...
FILE: TRADEACTIVITYLOG_2026-03-10_UTC.ES-IPS_TM_6.DATA | ACC: ES-IPS_TM_6 | SYMBOL: ESH26 | RAW: 82 | FILLS: 41
DEBUG: Running _parse_file_nitro on C:\Model-\TradeActivityLogs-tm_6\TradeActivityLog_2026-03-10_UTC.ES-TM_6.data with Adaptive Ghost logic...
FILE: TRADEACTIVITYLOG_2026-07-08_UTC.TM_6.DATA | ACC: TM_6 | SYMBOL: NQU26 | RAW: 336 | FILLS: 168
FILE: TRADEACTIVITYLOG_2026-06-23_UTC.IPS_TM_6.DATA | ACC: IPS_TM_6 | SYMBOL: NQU26 | RAW: 138 | FILLS: 69
DEBUG: Running _parse_file_nitro on C:\Model-\TradeActivityLogs-tm_6\TradeActivityLog_2026-07-09_UTC.ES-IPS_TM_6.data with Adaptive Ghost logic...
DEBUG: Running _parse_file_nitro on C:\Model-\TradeActivityLogs-tm_6\TradeActivityLog_2026-06-23_UTC.TM_6.data with Adaptive Ghost logic...
FILE: TRADEACTIVITYLOG_2026-04-29_UTC.IPS_TM_6.DATA | ACC: IPS_TM_6 | SYMBOL: NQM26 | RAW: 285 | FILLS: 143
DEBUG: Running _parse_file_nitro on C:\Model-\TradeActivityLogs-tm_6\TradeActivityLog_2026-04-29_UTC.TM_6.data with Adaptive Ghost logic...
FILE: TRADEACTIVITYLOG_2026-04-05_UTC.IPS_TM_6.DATA | ACC: IPS_TM_6 | SYMBOL: NQM26 | RAW: 6 | FILLS: 3
DEBUG: Running _parse_file_nitro on C:\Model-\TradeActivityLogs-tm_6\TradeActivityLog_2026-04-05_UTC.TM_6.data with Adaptive Ghost logic...
FILE: TRADEACTIVITYLOG_2026-08-20_UTC.ES-TM_6.DATA | ACC: ES-TM_6 | SYMBOL: ESU26 | RAW: 58 | FILLS: 29
DEBUG: Running _parse_file_nitro on C:\Model-\TradeActivityLogs-tm_6\TradeActivityLog_2026-08-20_UTC.IPS_TM_6.data with Adaptive Ghost logic...
FILE: TRADEACTIVITYLOG_2026-07-09_UTC.ES-IPS_TM_6.DATA | ACC: ES-IPS_TM_6 | SYMBOL: ESU26 | RAW: 40 | FILLS: 20
DEBUG: Running _parse_file_nitro on C:\Model-\TradeActivityLogs-tm_6\TradeActivityLog_2026-07-09_UTC.ES-TM_6.data with Adaptive Ghost logic...
FILE: TRADEACTIVITYLOG_2026-05-19_UTC.TM_6.DATA | ACC: TM_6 | SYMBOL: NQM26 | RAW: 188 | FILLS: 94
DEBUG: Running _parse_file_nitro on C:\Model-\TradeActivityLogs-tm_6\TradeActivityLog_2026-05-20_UTC.ES-IPS_TM_6.data with Adaptive Ghost logic...
FILE: TRADEACTIVITYLOG_2026-03-10_UTC.ES-TM_6.DATA | ACC: ES-TM_6 | SYMBOL: ESH26 | RAW: 78 | FILLS: 39
DEBUG: Running _parse_file_nitro on C:\Model-\TradeActivityLogs-tm_6\TradeActivityLog_2026-03-10_UTC.IPS_TM_6.data with Adaptive Ghost logic...
FILE: TRADEACTIVITYLOG_2026-04-05_UTC.TM_6.DATA | ACC: TM_6 | SYMBOL: NQM26 | RAW: 6 | FILLS: 3
FILE: TRADEACTIVITYLOG_2026-02-17_UTC.TM_6.DATA | ACC: TM_6 | SYMBOL: NQH26 | RAW: 226 | FILLS: 113
DEBUG: Running _parse_file_nitro on C:\Model-\TradeActivityLogs-tm_6\TradeActivityLog_2026-04-06_UTC.ES-IPS_TM_6.data with Adaptive Ghost logic...
DEBUG: Running _parse_file_nitro on C:\Model-\TradeActivityLogs-tm_6\TradeActivityLog_2026-02-18_UTC.ES-IPS_TM_6.data with Adaptive Ghost logic...
FILE: TRADEACTIVITYLOG_2026-06-23_UTC.TM_6.DATA | ACC: TM_6 | SYMBOL: NQU26 | RAW: 140 | FILLS: 70
DEBUG: Running _parse_file_nitro on C:\Model-\TradeActivityLogs-tm_6\TradeActivityLog_2026-06-24_UTC.ES-IPS_TM_6.data with Adaptive Ghost logic...
FILE: TRADEACTIVITYLOG_2026-07-28_UTC.IPS_TM_6.DATA | ACC: IPS_TM_6 | SYMBOL: CLU26 | RAW: 347 | FILLS: 177
DEBUG: Running _parse_file_nitro on C:\Model-\TradeActivityLogs-tm_6\TradeActivityLog_2026-07-28_UTC.TM_6.data with Adaptive Ghost logic...
FILE: TRADEACTIVITYLOG_2026-07-09_UTC.ES-TM_6.DATA | ACC: ES-TM_6 | SYMBOL: ESU26 | RAW: 36 | FILLS: 18
DEBUG: Running _parse_file_nitro on C:\Model-\TradeActivityLogs-tm_6\TradeActivityLog_2026-07-09_UTC.IPS_TM_6.data with Adaptive Ghost logic...
FILE: TRADEACTIVITYLOG_2026-08-20_UTC.IPS_TM_6.DATA | ACC: IPS_TM_6 | SYMBOL: NQU26 | RAW: 128 | FILLS: 64
DEBUG: Running _parse_file_nitro on C:\Model-\TradeActivityLogs-tm_6\TradeActivityLog_2026-08-20_UTC.TM_6.data with Adaptive Ghost logic...
FILE: TRADEACTIVITYLOG_2026-05-20_UTC.ES-IPS_TM_6.DATA | ACC: ES-IPS_TM_6 | SYMBOL: ESM26 | RAW: 80 | FILLS: 40
DEBUG: Running _parse_file_nitro on C:\Model-\TradeActivityLogs-tm_6\TradeActivityLog_2026-05-20_UTC.ES-TM_6.data with Adaptive Ghost logic...
FILE: TRADEACTIVITYLOG_2026-04-06_UTC.ES-IPS_TM_6.DATA | ACC: ES-IPS_TM_6 | SYMBOL: ESM26 | RAW: 24 | FILLS: 12
DEBUG: Running _parse_file_nitro on C:\Model-\TradeActivityLogs-tm_6\TradeActivityLog_2026-04-06_UTC.ES-TM_6.data with Adaptive Ghost logic...
FILE: TRADEACTIVITYLOG_2026-02-18_UTC.ES-IPS_TM_6.DATA | ACC: ES-IPS_TM_6 | SYMBOL: ESH26 | RAW: 52 | FILLS: 26
DEBUG: Running _parse_file_nitro on C:\Model-\TradeActivityLogs-tm_6\TradeActivityLog_2026-02-18_UTC.ES-TM_6.data with Adaptive Ghost logic...
FILE: TRADEACTIVITYLOG_2026-04-29_UTC.TM_6.DATA | ACC: TM_6 | SYMBOL: NQM26 | RAW: 285 | FILLS: 143
FILE: TRADEACTIVITYLOG_2026-06-24_UTC.ES-IPS_TM_6.DATA | ACC: ES-IPS_TM_6 | SYMBOL: ESU26 | RAW: 82 | FILLS: 41
DEBUG: Running _parse_file_nitro on C:\Model-\TradeActivityLogs-tm_6\TradeActivityLog_2026-04-30_UTC.ES-IPS_TM_6.data with Adaptive Ghost logic...
DEBUG: Running _parse_file_nitro on C:\Model-\TradeActivityLogs-tm_6\TradeActivityLog_2026-06-24_UTC.ES-TM_6.data with Adaptive Ghost logic...
FILE: TRADEACTIVITYLOG_2026-04-06_UTC.ES-TM_6.DATA | ACC: ES-TM_6 | SYMBOL: ESM26 | RAW: 24 | FILLS: 12
DEBUG: Running _parse_file_nitro on C:\Model-\TradeActivityLogs-tm_6\TradeActivityLog_2026-04-06_UTC.IPS_TM_6.data with Adaptive Ghost logic...
FILE: TRADEACTIVITYLOG_2026-07-09_UTC.IPS_TM_6.DATA | ACC: IPS_TM_6 | SYMBOL: NQU26 | RAW: 154 | FILLS: 77
DEBUG: Running _parse_file_nitro on C:\Model-\TradeActivityLogs-tm_6\TradeActivityLog_2026-07-09_UTC.TM_6.data with Adaptive Ghost logic...
FILE: TRADEACTIVITYLOG_2026-05-20_UTC.ES-TM_6.DATA | ACC: ES-TM_6 | SYMBOL: ESM26 | RAW: 80 | FILLS: 40
DEBUG: Running _parse_file_nitro on C:\Model-\TradeActivityLogs-tm_6\TradeActivityLog_2026-05-20_UTC.IPS_TM_6.data with Adaptive Ghost logic...
FILE: TRADEACTIVITYLOG_2026-08-20_UTC.TM_6.DATA | ACC: TM_6 | SYMBOL: NQU26 | RAW: 128 | FILLS: 64
DEBUG: Running _parse_file_nitro on C:\Model-\TradeActivityLogs-tm_6\TradeActivityLog_2026-08-21_UTC.ES-IPS_TM_6.data with Adaptive Ghost logic...
FILE: TRADEACTIVITYLOG_2026-02-18_UTC.ES-TM_6.DATA | ACC: ES-TM_6 | SYMBOL: ESH26 | RAW: 52 | FILLS: 26
DEBUG: Running _parse_file_nitro on C:\Model-\TradeActivityLogs-tm_6\TradeActivityLog_2026-02-18_UTC.IPS_TM_6.data with Adaptive Ghost logic...
FILE: TRADEACTIVITYLOG_2026-06-24_UTC.ES-TM_6.DATA | ACC: ES-TM_6 | SYMBOL: ESU26 | RAW: 82 | FILLS: 41
FILE: TRADEACTIVITYLOG_2026-04-30_UTC.ES-IPS_TM_6.DATA | ACC: ES-IPS_TM_6 | SYMBOL: ESM26 | RAW: 76 | FILLS: 38
DEBUG: Running _parse_file_nitro on C:\Model-\TradeActivityLogs-tm_6\TradeActivityLog_2026-06-24_UTC.IPS_TM_6.data with Adaptive Ghost logic...
DEBUG: Running _parse_file_nitro on C:\Model-\TradeActivityLogs-tm_6\TradeActivityLog_2026-04-30_UTC.ES-TM_6.data with Adaptive Ghost logic...
FILE: TRADEACTIVITYLOG_2026-03-10_UTC.IPS_TM_6.DATA | ACC: IPS_TM_6 | SYMBOL: CLJ26 | RAW: 493 | FILLS: 247
DEBUG: Running _parse_file_nitro on C:\Model-\TradeActivityLogs-tm_6\TradeActivityLog_2026-03-10_UTC.TM_6.data with Adaptive Ghost logic...
FILE: TRADEACTIVITYLOG_2026-07-28_UTC.TM_6.DATA | ACC: TM_6 | SYMBOL: CLU26 | RAW: 331 | FILLS: 171
DEBUG: Running _parse_file_nitro on C:\Model-\TradeActivityLogs-tm_6\TradeActivityLog_2026-07-29_UTC.ES-IPS_TM_6.data with Adaptive Ghost logic...
FILE: TRADEACTIVITYLOG_2026-08-21_UTC.ES-IPS_TM_6.DATA | ACC: ES-IPS_TM_6 | SYMBOL: ESU26 | RAW: 36 | FILLS: 18
DEBUG: Running _parse_file_nitro on C:\Model-\TradeActivityLogs-tm_6\TradeActivityLog_2026-08-21_UTC.ES-TM_6.data with Adaptive Ghost logic...
FILE: TRADEACTIVITYLOG_2026-07-09_UTC.TM_6.DATA | ACC: TM_6 | SYMBOL: NQU26 | RAW: 150 | FILLS: 75
DEBUG: Running _parse_file_nitro on C:\Model-\TradeActivityLogs-tm_6\TradeActivityLog_2026-07-10_UTC.ES-IPS_TM_6.data with Adaptive Ghost logic...
FILE: TRADEACTIVITYLOG_2026-05-20_UTC.IPS_TM_6.DATA | ACC: IPS_TM_6 | SYMBOL: NQM26 | RAW: 170 | FILLS: 85
FILE: TRADEACTIVITYLOG_2026-04-06_UTC.IPS_TM_6.DATA | ACC: IPS_TM_6 | SYMBOL: CLK26 | RAW: 208 | FILLS: 104
DEBUG: Running _parse_file_nitro on C:\Model-\TradeActivityLogs-tm_6\TradeActivityLog_2026-05-20_UTC.TM_6.data with Adaptive Ghost logic...
DEBUG: Running _parse_file_nitro on C:\Model-\TradeActivityLogs-tm_6\TradeActivityLog_2026-04-06_UTC.TM_6.data with Adaptive Ghost logic...
FILE: TRADEACTIVITYLOG_2026-04-30_UTC.ES-TM_6.DATA | ACC: ES-TM_6 | SYMBOL: ESM26 | RAW: 76 | FILLS: 38
DEBUG: Running _parse_file_nitro on C:\Model-\TradeActivityLogs-tm_6\TradeActivityLog_2026-04-30_UTC.IPS_TM_6.data with Adaptive Ghost logic...
FILE: TRADEACTIVITYLOG_2026-07-29_UTC.ES-IPS_TM_6.DATA | ACC: ES-IPS_TM_6 | SYMBOL: ESU26 | RAW: 88 | FILLS: 44
DEBUG: Running _parse_file_nitro on C:\Model-\TradeActivityLogs-tm_6\TradeActivityLog_2026-07-29_UTC.ES-TM_6.data with Adaptive Ghost logic...
FILE: TRADEACTIVITYLOG_2026-08-21_UTC.ES-TM_6.DATA | ACC: ES-TM_6 | SYMBOL: ESU26 | RAW: 36 | FILLS: 18
DEBUG: Running _parse_file_nitro on C:\Model-\TradeActivityLogs-tm_6\TradeActivityLog_2026-08-21_UTC.IPS_TM_6.data with Adaptive Ghost logic...
FILE: TRADEACTIVITYLOG_2026-02-18_UTC.IPS_TM_6.DATA | ACC: IPS_TM_6 | SYMBOL: CLJ26 | RAW: 238 | FILLS: 119
DEBUG: Running _parse_file_nitro on C:\Model-\TradeActivityLogs-tm_6\TradeActivityLog_2026-02-18_UTC.TM_6.data with Adaptive Ghost logic...
FILE: TRADEACTIVITYLOG_2026-07-10_UTC.ES-IPS_TM_6.DATA | ACC: ES-IPS_TM_6 | SYMBOL: ESU26 | RAW: 52 | FILLS: 26
DEBUG: Running _parse_file_nitro on C:\Model-\TradeActivityLogs-tm_6\TradeActivityLog_2026-07-10_UTC.ES-TM_6.data with Adaptive Ghost logic...
FILE: TRADEACTIVITYLOG_2026-06-24_UTC.IPS_TM_6.DATA | ACC: IPS_TM_6 | SYMBOL: NQU26 | RAW: 280 | FILLS: 140
DEBUG: Running _parse_file_nitro on C:\Model-\TradeActivityLogs-tm_6\TradeActivityLog_2026-06-24_UTC.TM_6.data with Adaptive Ghost logic...
FILE: TRADEACTIVITYLOG_2026-07-29_UTC.ES-TM_6.DATA | ACC: ES-TM_6 | SYMBOL: ESU26 | RAW: 86 | FILLS: 43
DEBUG: Running _parse_file_nitro on C:\Model-\TradeActivityLogs-tm_6\TradeActivityLog_2026-07-29_UTC.IPS_TM_6.data with Adaptive Ghost logic...
FILE: TRADEACTIVITYLOG_2026-05-20_UTC.TM_6.DATA | ACC: TM_6 | SYMBOL: NQM26 | RAW: 170 | FILLS: 85
DEBUG: Running _parse_file_nitro on C:\Model-\TradeActivityLogs-tm_6\TradeActivityLog_2026-05-21_UTC.ES-IPS_TM_6.data with Adaptive Ghost logic...
FILE: TRADEACTIVITYLOG_2026-04-06_UTC.TM_6.DATA | ACC: TM_6 | SYMBOL: CLK26 | RAW: 216 | FILLS: 108
DEBUG: Running _parse_file_nitro on C:\Model-\TradeActivityLogs-tm_6\TradeActivityLog_2026-04-07_UTC.ES-IPS_TM_6.data with Adaptive Ghost logic...
FILE: TRADEACTIVITYLOG_2026-08-21_UTC.IPS_TM_6.DATA | ACC: IPS_TM_6 | SYMBOL: NQU26 | RAW: 96 | FILLS: 48
DEBUG: Running _parse_file_nitro on C:\Model-\TradeActivityLogs-tm_6\TradeActivityLog_2026-08-21_UTC.TM_6.data with Adaptive Ghost logic...
FILE: TRADEACTIVITYLOG_2026-03-10_UTC.TM_6.DATA | ACC: TM_6 | SYMBOL: CLJ26 | RAW: 503 | FILLS: 252
DEBUG: Running _parse_file_nitro on C:\Model-\TradeActivityLogs-tm_6\TradeActivityLog_2026-03-11_UTC.ES-IPS_TM_6.data with Adaptive Ghost logic...
FILE: TRADEACTIVITYLOG_2026-04-30_UTC.IPS_TM_6.DATA | ACC: IPS_TM_6 | SYMBOL: CLM26 | RAW: 268 | FILLS: 134
DEBUG: Running _parse_file_nitro on C:\Model-\TradeActivityLogs-tm_6\TradeActivityLog_2026-04-30_UTC.TM_6.data with Adaptive Ghost logic...
FILE: TRADEACTIVITYLOG_2026-07-10_UTC.ES-TM_6.DATA | ACC: ES-TM_6 | SYMBOL: ESU26 | RAW: 52 | FILLS: 26
DEBUG: Running _parse_file_nitro on C:\Model-\TradeActivityLogs-tm_6\TradeActivityLog_2026-07-10_UTC.IPS_TM_6.data with Adaptive Ghost logic...
FILE: TRADEACTIVITYLOG_2026-05-21_UTC.ES-IPS_TM_6.DATA | ACC: ES-IPS_TM_6 | SYMBOL: ESM26 | RAW: 78 | FILLS: 39
DEBUG: Running _parse_file_nitro on C:\Model-\TradeActivityLogs-tm_6\TradeActivityLog_2026-05-21_UTC.ES-TM_6.data with Adaptive Ghost logic...
FILE: TRADEACTIVITYLOG_2026-02-18_UTC.TM_6.DATA | ACC: TM_6 | SYMBOL: CLJ26 | RAW: 234 | FILLS: 117
DEBUG: Running _parse_file_nitro on C:\Model-\TradeActivityLogs-tm_6\TradeActivityLog_2026-02-19_UTC.ES-IPS_TM_6.data with Adaptive Ghost logic...
FILE: TRADEACTIVITYLOG_2026-06-24_UTC.TM_6.DATA | ACC: TM_6 | SYMBOL: NQU26 | RAW: 278 | FILLS: 139
DEBUG: Running _parse_file_nitro on C:\Model-\TradeActivityLogs-tm_6\TradeActivityLog_2026-06-25_UTC.ES-IPS_TM_6.data with Adaptive Ghost logic...
FILE: TRADEACTIVITYLOG_2026-04-07_UTC.ES-IPS_TM_6.DATA | ACC: ES-IPS_TM_6 | SYMBOL: ESM26 | RAW: 86 | FILLS: 43
FILE: TRADEACTIVITYLOG_2026-08-21_UTC.TM_6.DATA | ACC: TM_6 | SYMBOL: NQU26 | RAW: 96 | FILLS: 48
DEBUG: Running _parse_file_nitro on C:\Model-\TradeActivityLogs-tm_6\TradeActivityLog_2026-04-07_UTC.ES-TM_6.data with Adaptive Ghost logic...
DEBUG: Running _parse_file_nitro on C:\Model-\TradeActivityLogs-tm_6\TradeActivityLog_2026-08-22_UTC.ES-IPS_TM_6.data with Adaptive Ghost logic...
FILE: TRADEACTIVITYLOG_2026-03-11_UTC.ES-IPS_TM_6.DATA | ACC: ES-IPS_TM_6 | SYMBOL: ESH26 | RAW: 72 | FILLS: 36
DEBUG: Running _parse_file_nitro on C:\Model-\TradeActivityLogs-tm_6\TradeActivityLog_2026-03-11_UTC.ES-TM_6.data with Adaptive Ghost logic...
FILE: TRADEACTIVITYLOG_2026-07-29_UTC.IPS_TM_6.DATA | ACC: IPS_TM_6 | SYMBOL: NQU26 | RAW: 314 | FILLS: 157
DEBUG: Running _parse_file_nitro on C:\Model-\TradeActivityLogs-tm_6\TradeActivityLog_2026-07-29_UTC.TM_6.data with Adaptive Ghost logic...
FILE: TRADEACTIVITYLOG_2026-08-22_UTC.ES-IPS_TM_6.DATA | ACC: ES-IPS_TM_6 | SYMBOL: ES | RAW: 0 | FILLS: 0
FILE: TRADEACTIVITYLOG_2026-06-25_UTC.ES-IPS_TM_6.DATA | ACC: ES-IPS_TM_6 | SYMBOL: ESU26 | RAW: 34 | FILLS: 17
DEBUG: Running _parse_file_nitro on C:\Model-\TradeActivityLogs-tm_6\TradeActivityLog_2026-08-22_UTC.ES-TM_6.data with Adaptive Ghost logic...
DEBUG: Running _parse_file_nitro on C:\Model-\TradeActivityLogs-tm_6\TradeActivityLog_2026-06-25_UTC.ES-TM_6.data with Adaptive Ghost logic...
FILE: TRADEACTIVITYLOG_2026-02-19_UTC.ES-IPS_TM_6.DATA | ACC: ES-IPS_TM_6 | SYMBOL: ESH26 | RAW: 54 | FILLS: 27
FILE: TRADEACTIVITYLOG_2026-05-21_UTC.ES-TM_6.DATA | ACC: ES-TM_6 | SYMBOL: ESM26 | RAW: 78 | FILLS: 39
FILE: TRADEACTIVITYLOG_2026-07-10_UTC.IPS_TM_6.DATA | ACC: IPS_TM_6 | SYMBOL: NQU26 | RAW: 148 | FILLS: 74
DEBUG: Running _parse_file_nitro on C:\Model-\TradeActivityLogs-tm_6\TradeActivityLog_2026-05-21_UTC.IPS_TM_6.data with Adaptive Ghost logic...
DEBUG: Running _parse_file_nitro on C:\Model-\TradeActivityLogs-tm_6\TradeActivityLog_2026-07-10_UTC.TM_6.data with Adaptive Ghost logic...
FILE: TRADEACTIVITYLOG_2026-04-07_UTC.ES-TM_6.DATA | ACC: ES-TM_6 | SYMBOL: ESM26 | RAW: 78 | FILLS: 39
DEBUG: Running _parse_file_nitro on C:\Model-\TradeActivityLogs-tm_6\TradeActivityLog_2026-04-07_UTC.IPS_TM_6.data with Adaptive Ghost logic...
FILE: TRADEACTIVITYLOG_2026-03-11_UTC.ES-TM_6.DATA | ACC: ES-TM_6 | SYMBOL: ESH26 | RAW: 72 | FILLS: 36
DEBUG: Running _parse_file_nitro on C:\Model-\TradeActivityLogs-tm_6\TradeActivityLog_2026-03-11_UTC.IPS_TM_6.data with Adaptive Ghost logic...
FILE: TRADEACTIVITYLOG_2026-04-30_UTC.TM_6.DATA | ACC: TM_6 | SYMBOL: CLM26 | RAW: 268 | FILLS: 134
DEBUG: Running _parse_file_nitro on C:\Model-\TradeActivityLogs-tm_6\TradeActivityLog_2026-05-01_UTC.ES-IPS_TM_6.data with Adaptive Ghost logic...
FILE: TRADEACTIVITYLOG_2026-08-22_UTC.ES-TM_6.DATA | ACC: ES-TM_6 | SYMBOL: ES | RAW: 0 | FILLS: 0
DEBUG: Running _parse_file_nitro on C:\Model-\TradeActivityLogs-tm_6\TradeActivityLog_2026-08-22_UTC.IPS_TM_6.data with Adaptive Ghost logic...
FILE: TRADEACTIVITYLOG_2026-06-25_UTC.ES-TM_6.DATA | ACC: ES-TM_6 | SYMBOL: ESU26 | RAW: 34 | FILLS: 17
DEBUG: Running _parse_file_nitro on C:\Model-\TradeActivityLogs-tm_6\TradeActivityLog_2026-06-25_UTC.IPS_TM_6.data with Adaptive Ghost logic...
FILE: TRADEACTIVITYLOG_2026-05-01_UTC.ES-IPS_TM_6.DATA | ACC: ES-IPS_TM_6 | SYMBOL: ESM26 | RAW: 36 | FILLS: 18
DEBUG: Running _parse_file_nitro on C:\Model-\TradeActivityLogs-tm_6\TradeActivityLog_2026-05-01_UTC.ES-TM_6.data with Adaptive Ghost logic...
FILE: TRADEACTIVITYLOG_2026-08-22_UTC.IPS_TM_6.DATA | ACC: IPS_TM_6 | SYMBOL: Unknown | RAW: 0 | FILLS: 0
FILE: TRADEACTIVITYLOG_2026-07-10_UTC.TM_6.DATA | ACC: TM_6 | SYMBOL: NQU26 | RAW: 148 | FILLS: 74
DEBUG: Running _parse_file_nitro on C:\Model-\TradeActivityLogs-tm_6\TradeActivityLog_2026-08-22_UTC.TM_6.data with Adaptive Ghost logic...
DEBUG: Running _parse_file_nitro on C:\Model-\TradeActivityLogs-tm_6\TradeActivityLog_2026-07-12_UTC.IPS_TM_6.data with Adaptive Ghost logic...
FILE: TRADEACTIVITYLOG_2026-03-11_UTC.IPS_TM_6.DATA | ACC: IPS_TM_6 | SYMBOL: CLJ26 | RAW: 176 | FILLS: 88
DEBUG: Running _parse_file_nitro on C:\Model-\TradeActivityLogs-tm_6\TradeActivityLog_2026-03-11_UTC.TM_6.data with Adaptive Ghost logic...
FILE: TRADEACTIVITYLOG_2026-07-29_UTC.TM_6.DATA | ACC: TM_6 | SYMBOL: CLU26 | RAW: 318 | FILLS: 159
DEBUG: Running _parse_file_nitro on C:\Model-\TradeActivityLogs-tm_6\TradeActivityLog_2026-07-30_UTC.ES-IPS_TM_6.data with Adaptive Ghost logic...
FILE: TRADEACTIVITYLOG_2026-05-21_UTC.IPS_TM_6.DATA | ACC: IPS_TM_6 | SYMBOL: NQM26 | RAW: 300 | FILLS: 150
DEBUG: Running _parse_file_nitro on C:\Model-\TradeActivityLogs-tm_6\TradeActivityLog_2026-05-21_UTC.TM_6.data with Adaptive Ghost logic...
FILE: TRADEACTIVITYLOG_2026-05-01_UTC.ES-TM_6.DATA | ACC: ES-TM_6 | SYMBOL: ESM26 | RAW: 36 | FILLS: 18
DEBUG: Running _parse_file_nitro on C:\Model-\TradeActivityLogs-tm_6\TradeActivityLog_2026-05-01_UTC.IPS_TM_6.data with Adaptive Ghost logic...
FILE: TRADEACTIVITYLOG_2026-08-22_UTC.TM_6.DATA | ACC: TM_6 | SYMBOL: Unknown | RAW: 0 | FILLS: 0
FILE: TRADEACTIVITYLOG_2026-07-12_UTC.IPS_TM_6.DATA | ACC: IPS_TM_6 | SYMBOL: NQU26 | RAW: 12 | FILLS: 6
DEBUG: Running _parse_file_nitro on C:\Model-\TradeActivityLogs-tm_6\TradeActivityLog_2026-07-12_UTC.TM_6.data with Adaptive Ghost logic...
DEBUG: Running _parse_file_nitro on C:\Model-\TradeActivityLogs-tm_6\TradeActivityLog_2026-08-24_UTC.ES-IPS_TM_6.data with Adaptive Ghost logic...
FILE: TRADEACTIVITYLOG_2026-04-07_UTC.IPS_TM_6.DATA | ACC: IPS_TM_6 | SYMBOL: CLK26 | RAW: 372 | FILLS: 186
DEBUG: Running _parse_file_nitro on C:\Model-\TradeActivityLogs-tm_6\TradeActivityLog_2026-04-07_UTC.TM_6.data with Adaptive Ghost logic...
FILE: TRADEACTIVITYLOG_2026-06-25_UTC.IPS_TM_6.DATA | ACC: IPS_TM_6 | SYMBOL: NQU26 | RAW: 310 | FILLS: 155
DEBUG: Running _parse_file_nitro on C:\Model-\TradeActivityLogs-tm_6\TradeActivityLog_2026-06-25_UTC.TM_6.data with Adaptive Ghost logic...
FILE: TRADEACTIVITYLOG_2026-07-12_UTC.TM_6.DATA | ACC: TM_6 | SYMBOL: NQU26 | RAW: 12 | FILLS: 6
DEBUG: Running _parse_file_nitro on C:\Model-\TradeActivityLogs-tm_6\TradeActivityLog_2026-07-13_UTC.ES-IPS_TM_6.data with Adaptive Ghost logic...
FILE: TRADEACTIVITYLOG_2026-07-30_UTC.ES-IPS_TM_6.DATA | ACC: ES-IPS_TM_6 | SYMBOL: ESU26 | RAW: 88 | FILLS: 44
DEBUG: Running _parse_file_nitro on C:\Model-\TradeActivityLogs-tm_6\TradeActivityLog_2026-07-30_UTC.ES-TM_6.data with Adaptive Ghost logic...
FILE: TRADEACTIVITYLOG_2026-08-24_UTC.ES-IPS_TM_6.DATA | ACC: ES-IPS_TM_6 | SYMBOL: ESU26 | RAW: 36 | FILLS: 18
DEBUG: Running _parse_file_nitro on C:\Model-\TradeActivityLogs-tm_6\TradeActivityLog_2026-08-24_UTC.ES-TM_6.data with Adaptive Ghost logic...
FILE: TRADEACTIVITYLOG_2026-03-11_UTC.TM_6.DATA | ACC: TM_6 | SYMBOL: CLJ26 | RAW: 184 | FILLS: 92
DEBUG: Running _parse_file_nitro on C:\Model-\TradeActivityLogs-tm_6\TradeActivityLog_2026-03-12_UTC.ES-IPS_TM_6.data with Adaptive Ghost logic...
FILE: TRADEACTIVITYLOG_2026-05-01_UTC.IPS_TM_6.DATA | ACC: IPS_TM_6 | SYMBOL: NQM26 | RAW: 190 | FILLS: 95
DEBUG: Running _parse_file_nitro on C:\Model-\TradeActivityLogs-tm_6\TradeActivityLog_2026-05-01_UTC.TM_6.data with Adaptive Ghost logic...
FILE: TRADEACTIVITYLOG_2026-08-24_UTC.ES-TM_6.DATA | ACC: ES-TM_6 | SYMBOL: ESU26 | RAW: 36 | FILLS: 19
FILE: TRADEACTIVITYLOG_2026-07-13_UTC.ES-IPS_TM_6.DATA | ACC: ES-IPS_TM_6 | SYMBOL: ESU26 | RAW: 42 | FILLS: 21
DEBUG: Running _parse_file_nitro on C:\Model-\TradeActivityLogs-tm_6\TradeActivityLog_2026-08-24_UTC.IPS_TM_6.data with Adaptive Ghost logic...
DEBUG: Running _parse_file_nitro on C:\Model-\TradeActivityLogs-tm_6\TradeActivityLog_2026-07-13_UTC.ES-TM_6.data with Adaptive Ghost logic...
FILE: TRADEACTIVITYLOG_2026-05-21_UTC.TM_6.DATA | ACC: TM_6 | SYMBOL: NQM26 | RAW: 290 | FILLS: 145
FILE: TRADEACTIVITYLOG_2026-07-30_UTC.ES-TM_6.DATA | ACC: ES-TM_6 | SYMBOL: ESU26 | RAW: 88 | FILLS: 44
DEBUG: Running _parse_file_nitro on C:\Model-\TradeActivityLogs-tm_6\TradeActivityLog_2026-05-22_UTC.ES-IPS_TM_6.data with Adaptive Ghost logic...
DEBUG: Running _parse_file_nitro on C:\Model-\TradeActivityLogs-tm_6\TradeActivityLog_2026-07-30_UTC.IPS_TM_6.data with Adaptive Ghost logic...
FILE: TRADEACTIVITYLOG_2026-03-12_UTC.ES-IPS_TM_6.DATA | ACC: ES-IPS_TM_6 | SYMBOL: ESH26 | RAW: 120 | FILLS: 60
DEBUG: Running _parse_file_nitro on C:\Model-\TradeActivityLogs-tm_6\TradeActivityLog_2026-03-12_UTC.ES-TM_6.data with Adaptive Ghost logic...
FILE: TRADEACTIVITYLOG_2026-07-13_UTC.ES-TM_6.DATA | ACC: ES-TM_6 | SYMBOL: ESU26 | RAW: 32 | FILLS: 16
DEBUG: Running _parse_file_nitro on C:\Model-\TradeActivityLogs-tm_6\TradeActivityLog_2026-07-13_UTC.IPS_TM_6.data with Adaptive Ghost logic...
FILE: TRADEACTIVITYLOG_2026-04-07_UTC.TM_6.DATA | ACC: TM_6 | SYMBOL: CLK26 | RAW: 358 | FILLS: 179
DEBUG: Running _parse_file_nitro on C:\Model-\TradeActivityLogs-tm_6\TradeActivityLog_2026-04-08_UTC.ES-IPS_TM_6.data with Adaptive Ghost logic...
FILE: TRADEACTIVITYLOG_2026-06-25_UTC.TM_6.DATA | ACC: TM_6 | SYMBOL: NQU26 | RAW: 302 | FILLS: 151
DEBUG: Running _parse_file_nitro on C:\Model-\TradeActivityLogs-tm_6\TradeActivityLog_2026-06-26_UTC.ES-IPS_TM_6.data with Adaptive Ghost logic...
FILE: TRADEACTIVITYLOG_2026-05-01_UTC.TM_6.DATA | ACC: TM_6 | SYMBOL: NQM26 | RAW: 184 | FILLS: 92
FILE: TRADEACTIVITYLOG_2026-05-22_UTC.ES-IPS_TM_6.DATA | ACC: ES-IPS_TM_6 | SYMBOL: ESM26 | RAW: 42 | FILLS: 21
DEBUG: Running _parse_file_nitro on C:\Model-\TradeActivityLogs-tm_6\TradeActivityLog_2026-05-03_UTC.IPS_TM_6.data with Adaptive Ghost logic...
DEBUG: Running _parse_file_nitro on C:\Model-\TradeActivityLogs-tm_6\TradeActivityLog_2026-05-22_UTC.ES-TM_6.data with Adaptive Ghost logic...
FILE: TRADEACTIVITYLOG_2026-07-30_UTC.IPS_TM_6.DATA | ACC: IPS_TM_6 | SYMBOL: NQU26 | RAW: 192 | FILLS: 96
FILE: TRADEACTIVITYLOG_2026-08-24_UTC.IPS_TM_6.DATA | ACC: IPS_TM_6 | SYMBOL: CLV26 | RAW: 176 | FILLS: 88
DEBUG: Running _parse_file_nitro on C:\Model-\TradeActivityLogs-tm_6\TradeActivityLog_2026-07-30_UTC.TM_6.data with Adaptive Ghost logic...
DEBUG: Running _parse_file_nitro on C:\Model-\TradeActivityLogs-tm_6\TradeActivityLog_2026-08-24_UTC.TM_6.data with Adaptive Ghost logic...
FILE: TRADEACTIVITYLOG_2026-03-12_UTC.ES-TM_6.DATA | ACC: ES-TM_6 | SYMBOL: ESH26 | RAW: 126 | FILLS: 63
DEBUG: Running _parse_file_nitro on C:\Model-\TradeActivityLogs-tm_6\TradeActivityLog_2026-03-12_UTC.IPS_TM_6.data with Adaptive Ghost logic...
FILE: TRADEACTIVITYLOG_2026-05-03_UTC.IPS_TM_6.DATA | ACC: IPS_TM_6 | SYMBOL: NQM26 | RAW: 18 | FILLS: 9
DEBUG: Running _parse_file_nitro on C:\Model-\TradeActivityLogs-tm_6\TradeActivityLog_2026-05-03_UTC.TM_6.data with Adaptive Ghost logic...
FILE: TRADEACTIVITYLOG_2026-04-08_UTC.ES-IPS_TM_6.DATA | ACC: ES-IPS_TM_6 | SYMBOL: ESM26 | RAW: 70 | FILLS: 35
DEBUG: Running _parse_file_nitro on C:\Model-\TradeActivityLogs-tm_6\TradeActivityLog_2026-04-08_UTC.ES-TM_6.data with Adaptive Ghost logic...
FILE: TRADEACTIVITYLOG_2026-06-26_UTC.ES-IPS_TM_6.DATA | ACC: ES-IPS_TM_6 | SYMBOL: ESU26 | RAW: 58 | FILLS: 29
DEBUG: Running _parse_file_nitro on C:\Model-\TradeActivityLogs-tm_6\TradeActivityLog_2026-06-26_UTC.ES-TM_6.data with Adaptive Ghost logic...
FILE: TRADEACTIVITYLOG_2026-05-22_UTC.ES-TM_6.DATA | ACC: ES-TM_6 | SYMBOL: ESM26 | RAW: 40 | FILLS: 20
DEBUG: Running _parse_file_nitro on C:\Model-\TradeActivityLogs-tm_6\TradeActivityLog_2026-05-22_UTC.IPS_TM_6.data with Adaptive Ghost logic...
FILE: TRADEACTIVITYLOG_2026-05-03_UTC.TM_6.DATA | ACC: TM_6 | SYMBOL: NQM26 | RAW: 18 | FILLS: 9
DEBUG: Running _parse_file_nitro on C:\Model-\TradeActivityLogs-tm_6\TradeActivityLog_2026-05-04_UTC.ES-IPS_TM_6.data with Adaptive Ghost logic...
FILE: TRADEACTIVITYLOG_2026-07-13_UTC.IPS_TM_6.DATA | ACC: IPS_TM_6 | SYMBOL: CLQ26 | RAW: 322 | FILLS: 161
DEBUG: Running _parse_file_nitro on C:\Model-\TradeActivityLogs-tm_6\TradeActivityLog_2026-07-13_UTC.TM_6.data with Adaptive Ghost logic...
FILE: TRADEACTIVITYLOG_2026-06-26_UTC.ES-TM_6.DATA | ACC: ES-TM_6 | SYMBOL: ESU26 | RAW: 58 | FILLS: 29
DEBUG: Running _parse_file_nitro on C:\Model-\TradeActivityLogs-tm_6\TradeActivityLog_2026-06-26_UTC.IPS_TM_6.data with Adaptive Ghost logic...
FILE: TRADEACTIVITYLOG_2026-04-08_UTC.ES-TM_6.DATA | ACC: ES-TM_6 | SYMBOL: ESM26 | RAW: 70 | FILLS: 35
DEBUG: Running _parse_file_nitro on C:\Model-\TradeActivityLogs-tm_6\TradeActivityLog_2026-04-08_UTC.IPS_TM_6.data with Adaptive Ghost logic...
FILE: TRADEACTIVITYLOG_2026-08-24_UTC.TM_6.DATA | ACC: TM_6 | SYMBOL: CLV26 | RAW: 176 | FILLS: 88
FILE: TRADEACTIVITYLOG_2026-07-30_UTC.TM_6.DATA | ACC: TM_6 | SYMBOL: NQU26 | RAW: 191 | FILLS: 96
DEBUG: Running _parse_file_nitro on C:\Model-\TradeActivityLogs-tm_6\TradeActivityLog_2026-08-25_UTC.ES-IPS_TM_6.data with Adaptive Ghost logic...
DEBUG: Running _parse_file_nitro on C:\Model-\TradeActivityLogs-tm_6\TradeActivityLog_2026-07-31_UTC.ES-IPS_TM_6.data with Adaptive Ghost logic...
FILE: TRADEACTIVITYLOG_2026-05-04_UTC.ES-IPS_TM_6.DATA | ACC: ES-IPS_TM_6 | SYMBOL: ESM26 | RAW: 42 | FILLS: 21
DEBUG: Running _parse_file_nitro on C:\Model-\TradeActivityLogs-tm_6\TradeActivityLog_2026-05-04_UTC.ES-TM_6.data with Adaptive Ghost logic...
FILE: TRADEACTIVITYLOG_2026-03-12_UTC.IPS_TM_6.DATA | ACC: IPS_TM_6 | SYMBOL: CLJ26 | RAW: 294 | FILLS: 147
DEBUG: Running _parse_file_nitro on C:\Model-\TradeActivityLogs-tm_6\TradeActivityLog_2026-03-12_UTC.TM_6.data with Adaptive Ghost logic...
FILE: TRADEACTIVITYLOG_2026-05-22_UTC.IPS_TM_6.DATA | ACC: IPS_TM_6 | SYMBOL: NQM26 | RAW: 231 | FILLS: 116
DEBUG: Running _parse_file_nitro on C:\Model-\TradeActivityLogs-tm_6\TradeActivityLog_2026-05-22_UTC.TM_6.data with Adaptive Ghost logic...
FILE: TRADEACTIVITYLOG_2026-08-25_UTC.ES-IPS_TM_6.DATA | ACC: ES-IPS_TM_6 | SYMBOL: ESU26 | RAW: 24 | FILLS: 12
DEBUG: Running _parse_file_nitro on C:\Model-\TradeActivityLogs-tm_6\TradeActivityLog_2026-08-25_UTC.ES-TM_6.data with Adaptive Ghost logic...
FILE: TRADEACTIVITYLOG_2026-07-31_UTC.ES-IPS_TM_6.DATA | ACC: ES-IPS_TM_6 | SYMBOL: ESU26 | RAW: 58 | FILLS: 29
DEBUG: Running _parse_file_nitro on C:\Model-\TradeActivityLogs-tm_6\TradeActivityLog_2026-07-31_UTC.ES-TM_6.data with Adaptive Ghost logic...
FILE: TRADEACTIVITYLOG_2026-05-04_UTC.ES-TM_6.DATA | ACC: ES-TM_6 | SYMBOL: ESM26 | RAW: 42 | FILLS: 21
DEBUG: Running _parse_file_nitro on C:\Model-\TradeActivityLogs-tm_6\TradeActivityLog_2026-05-04_UTC.IPS_TM_6.data with Adaptive Ghost logic...
FILE: TRADEACTIVITYLOG_2026-08-25_UTC.ES-TM_6.DATA | ACC: ES-TM_6 | SYMBOL: ESU26 | RAW: 24 | FILLS: 12
DEBUG: Running _parse_file_nitro on C:\Model-\TradeActivityLogs-tm_6\TradeActivityLog_2026-08-25_UTC.IPS_TM_6.data with Adaptive Ghost logic...
FILE: TRADEACTIVITYLOG_2026-07-13_UTC.TM_6.DATA | ACC: TM_6 | SYMBOL: NQU26 | RAW: 300 | FILLS: 150
DEBUG: Running _parse_file_nitro on C:\Model-\TradeActivityLogs-tm_6\TradeActivityLog_2026-07-14_UTC.ES-IPS_TM_6.data with Adaptive Ghost logic...
FILE: TRADEACTIVITYLOG_2026-06-26_UTC.IPS_TM_6.DATA | ACC: IPS_TM_6 | SYMBOL: NQU26 | RAW: 278 | FILLS: 139
DEBUG: Running _parse_file_nitro on C:\Model-\TradeActivityLogs-tm_6\TradeActivityLog_2026-06-26_UTC.TM_6.data with Adaptive Ghost logic...
FILE: TRADEACTIVITYLOG_2026-04-08_UTC.IPS_TM_6.DATA | ACC: IPS_TM_6 | SYMBOL: NQM26 | RAW: 310 | FILLS: 155
DEBUG: Running _parse_file_nitro on C:\Model-\TradeActivityLogs-tm_6\TradeActivityLog_2026-04-08_UTC.TM_6.data with Adaptive Ghost logic...
FILE: TRADEACTIVITYLOG_2026-07-31_UTC.ES-TM_6.DATA | ACC: ES-TM_6 | SYMBOL: ESU26 | RAW: 58 | FILLS: 29
DEBUG: Running _parse_file_nitro on C:\Model-\TradeActivityLogs-tm_6\TradeActivityLog_2026-07-31_UTC.IPS_TM_6.data with Adaptive Ghost logic...
FILE: TRADEACTIVITYLOG_2026-05-22_UTC.TM_6.DATA | ACC: TM_6 | SYMBOL: NQM26 | RAW: 237 | FILLS: 119
DEBUG: Running _parse_file_nitro on C:\Model-\TradeActivityLogs-tm_6\TradeActivityLog_2026-05-24_UTC.IPS_TM_6.data with Adaptive Ghost logic...
FILE: TRADEACTIVITYLOG_2026-03-12_UTC.TM_6.DATA | ACC: TM_6 | SYMBOL: CLJ26 | RAW: 296 | FILLS: 148
DEBUG: Running _parse_file_nitro on C:\Model-\TradeActivityLogs-tm_6\TradeActivityLog_2026-03-13_UTC.ES-IPS_TM_6.data with Adaptive Ghost logic...
FILE: TRADEACTIVITYLOG_2026-07-14_UTC.ES-IPS_TM_6.DATA | ACC: ES-IPS_TM_6 | SYMBOL: ESU26 | RAW: 72 | FILLS: 36
DEBUG: Running _parse_file_nitro on C:\Model-\TradeActivityLogs-tm_6\TradeActivityLog_2026-07-14_UTC.ES-TM_6.data with Adaptive Ghost logic...
FILE: TRADEACTIVITYLOG_2026-05-24_UTC.IPS_TM_6.DATA | ACC: IPS_TM_6 | SYMBOL: CLN26 | RAW: 16 | FILLS: 8
DEBUG: Running _parse_file_nitro on C:\Model-\TradeActivityLogs-tm_6\TradeActivityLog_2026-05-24_UTC.TM_6.data with Adaptive Ghost logic...
FILE: TRADEACTIVITYLOG_2026-08-25_UTC.IPS_TM_6.DATA | ACC: IPS_TM_6 | SYMBOL: CLV26 | RAW: 192 | FILLS: 96
DEBUG: Running _parse_file_nitro on C:\Model-\TradeActivityLogs-tm_6\TradeActivityLog_2026-08-25_UTC.TM_6.data with Adaptive Ghost logic...
FILE: TRADEACTIVITYLOG_2026-05-04_UTC.IPS_TM_6.DATA | ACC: IPS_TM_6 | SYMBOL: NQM26 | RAW: 296 | FILLS: 148
DEBUG: Running _parse_file_nitro on C:\Model-\TradeActivityLogs-tm_6\TradeActivityLog_2026-05-04_UTC.TM_6.data with Adaptive Ghost logic...
FILE: TRADEACTIVITYLOG_2026-07-31_UTC.IPS_TM_6.DATA | ACC: IPS_TM_6 | SYMBOL: CLU26 | RAW: 173 | FILLS: 88
DEBUG: Running _parse_file_nitro on C:\Model-\TradeActivityLogs-tm_6\TradeActivityLog_2026-07-31_UTC.TM_6.data with Adaptive Ghost logic...
FILE: TRADEACTIVITYLOG_2026-03-13_UTC.ES-IPS_TM_6.DATA | ACC: ES-IPS_TM_6 | SYMBOL: ESH26 | RAW: 78 | FILLS: 39
DEBUG: Running _parse_file_nitro on C:\Model-\TradeActivityLogs-tm_6\TradeActivityLog_2026-03-13_UTC.ES-TM_6.data with Adaptive Ghost logic...
FILE: TRADEACTIVITYLOG_2026-06-26_UTC.TM_6.DATA | ACC: TM_6 | SYMBOL: NQU26 | RAW: 278 | FILLS: 139
DEBUG: Running _parse_file_nitro on C:\Model-\TradeActivityLogs-tm_6\TradeActivityLog_2026-06-27_UTC.ES-IPS_TM_6.data with Adaptive Ghost logic...
FILE: TRADEACTIVITYLOG_2026-05-24_UTC.TM_6.DATA | ACC: TM_6 | SYMBOL: CLN26 | RAW: 16 | FILLS: 8
DEBUG: Running _parse_file_nitro on C:\Model-\TradeActivityLogs-tm_6\TradeActivityLog_2026-05-25_UTC.IPS_TM_6.data with Adaptive Ghost logic...
FILE: TRADEACTIVITYLOG_2026-07-14_UTC.ES-TM_6.DATA | ACC: ES-TM_6 | SYMBOL: ESU26 | RAW: 72 | FILLS: 36
DEBUG: Running _parse_file_nitro on C:\Model-\TradeActivityLogs-tm_6\TradeActivityLog_2026-07-14_UTC.IPS_TM_6.data with Adaptive Ghost logic...
FILE: TRADEACTIVITYLOG_2026-04-08_UTC.TM_6.DATA | ACC: TM_6 | SYMBOL: NQM26 | RAW: 326 | FILLS: 163
DEBUG: Running _parse_file_nitro on C:\Model-\TradeActivityLogs-tm_6\TradeActivityLog_2026-04-09_UTC.ES-IPS_TM_6.data with Adaptive Ghost logic...
FILE: TRADEACTIVITYLOG_2026-06-27_UTC.ES-IPS_TM_6.DATA | ACC: ES-IPS_TM_6 | SYMBOL: ES | RAW: 0 | FILLS: 0
DEBUG: Running _parse_file_nitro on C:\Model-\TradeActivityLogs-tm_6\TradeActivityLog_2026-06-27_UTC.ES-TM_6.data with Adaptive Ghost logic...
FILE: TRADEACTIVITYLOG_2026-03-13_UTC.ES-TM_6.DATA | ACC: ES-TM_6 | SYMBOL: ESH26 | RAW: 78 | FILLS: 39
DEBUG: Running _parse_file_nitro on C:\Model-\TradeActivityLogs-tm_6\TradeActivityLog_2026-03-13_UTC.IPS_TM_6.data with Adaptive Ghost logic...
FILE: TRADEACTIVITYLOG_2026-05-25_UTC.IPS_TM_6.DATA | ACC: IPS_TM_6 | SYMBOL: CLN26 | RAW: 40 | FILLS: 20
DEBUG: Running _parse_file_nitro on C:\Model-\TradeActivityLogs-tm_6\TradeActivityLog_2026-05-25_UTC.TM_6.data with Adaptive Ghost logic...
FILE: TRADEACTIVITYLOG_2026-04-09_UTC.ES-IPS_TM_6.DATA | ACC: ES-IPS_TM_6 | SYMBOL: ESM26 | RAW: 72 | FILLS: 36
DEBUG: Running _parse_file_nitro on C:\Model-\TradeActivityLogs-tm_6\TradeActivityLog_2026-04-09_UTC.ES-TM_6.data with Adaptive Ghost logic...
FILE: TRADEACTIVITYLOG_2026-06-27_UTC.ES-TM_6.DATA | ACC: ES-TM_6 | SYMBOL: ES | RAW: 0 | FILLS: 0
DEBUG: Running _parse_file_nitro on C:\Model-\TradeActivityLogs-tm_6\TradeActivityLog_2026-06-27_UTC.IPS_TM_6.data with Adaptive Ghost logic...
FILE: TRADEACTIVITYLOG_2026-08-25_UTC.TM_6.DATA | ACC: TM_6 | SYMBOL: CLV26 | RAW: 184 | FILLS: 92
FILE: TRADEACTIVITYLOG_2026-07-31_UTC.TM_6.DATA | ACC: TM_6 | SYMBOL: CLU26 | RAW: 165 | FILLS: 84
DEBUG: Running _parse_file_nitro on C:\Model-\TradeActivityLogs-tm_6\TradeActivityLog_2026-08-26_UTC.ES-IPS_TM_6.data with Adaptive Ghost logic...
DEBUG: Running _parse_file_nitro on C:\Model-\TradeActivityLogs-tm_6\TradeActivityLog_2026-08-01_UTC.ES-IPS_TM_6.data with Adaptive Ghost logic...
FILE: TRADEACTIVITYLOG_2026-05-04_UTC.TM_6.DATA | ACC: TM_6 | SYMBOL: NQM26 | RAW: 272 | FILLS: 136
DEBUG: Running _parse_file_nitro on C:\Model-\TradeActivityLogs-tm_6\TradeActivityLog_2026-05-05_UTC.ES-IPS_TM_6.data with Adaptive Ghost logic...
FILE: TRADEACTIVITYLOG_2026-07-14_UTC.IPS_TM_6.DATA | ACC: IPS_TM_6 | SYMBOL: NQU26 | RAW: 236 | FILLS: 118
DEBUG: Running _parse_file_nitro on C:\Model-\TradeActivityLogs-tm_6\TradeActivityLog_2026-07-14_UTC.TM_6.data with Adaptive Ghost logic...
FILE: TRADEACTIVITYLOG_2026-05-25_UTC.TM_6.DATA | ACC: TM_6 | SYMBOL: CLN26 | RAW: 40 | FILLS: 20
DEBUG: Running _parse_file_nitro on C:\Model-\TradeActivityLogs-tm_6\TradeActivityLog_2026-05-26_UTC.ES-IPS_TM_6.data with Adaptive Ghost logic...
FILE: TRADEACTIVITYLOG_2026-08-01_UTC.ES-IPS_TM_6.DATA | ACC: ES-IPS_TM_6 | SYMBOL: ES | RAW: 0 | FILLS: 0
DEBUG: Running _parse_file_nitro on C:\Model-\TradeActivityLogs-tm_6\TradeActivityLog_2026-08-01_UTC.ES-TM_6.data with Adaptive Ghost logic...
FILE: TRADEACTIVITYLOG_2026-06-27_UTC.IPS_TM_6.DATA | ACC: IPS_TM_6 | SYMBOL: Unknown | RAW: 0 | FILLS: 0
FILE: TRADEACTIVITYLOG_2026-08-26_UTC.ES-IPS_TM_6.DATA | ACC: ES-IPS_TM_6 | SYMBOL: ESU26 | RAW: 18 | FILLS: 9
DEBUG: Running _parse_file_nitro on C:\Model-\TradeActivityLogs-tm_6\TradeActivityLog_2026-08-26_UTC.ES-TM_6.data with Adaptive Ghost logic...
FILE: TRADEACTIVITYLOG_2026-04-09_UTC.ES-TM_6.DATA | ACC: ES-TM_6 | SYMBOL: ESM26 | RAW: 72 | FILLS: 36
DEBUG: Running _parse_file_nitro on C:\Model-\TradeActivityLogs-tm_6\TradeActivityLog_2026-04-09_UTC.IPS_TM_6.data with Adaptive Ghost logic...
FILE: TRADEACTIVITYLOG_2026-05-05_UTC.ES-IPS_TM_6.DATA | ACC: ES-IPS_TM_6 | SYMBOL: ESM26 | RAW: 44 | FILLS: 22
DEBUG: Running _parse_file_nitro on C:\Model-\TradeActivityLogs-tm_6\TradeActivityLog_2026-05-05_UTC.ES-TM_6.data with Adaptive Ghost logic...
FILE: TRADEACTIVITYLOG_2026-03-13_UTC.IPS_TM_6.DATA | ACC: IPS_TM_6 | SYMBOL: NQH26 | RAW: 272 | FILLS: 136
FILE: TRADEACTIVITYLOG_2026-05-26_UTC.ES-IPS_TM_6.DATA | ACC: ES-IPS_TM_6 | SYMBOL: ESM26 | RAW: 60 | FILLS: 30
DEBUG: Running _parse_file_nitro on C:\Model-\TradeActivityLogs-tm_6\TradeActivityLog_2026-05-26_UTC.ES-TM_6.data with Adaptive Ghost logic...
DEBUG: Running _parse_file_nitro on C:\Model-\TradeActivityLogs-tm_6\TradeActivityLog_2026-03-13_UTC.TM_6.data with Adaptive Ghost logic...
FILE: TRADEACTIVITYLOG_2026-08-01_UTC.ES-TM_6.DATA | ACC: ES-TM_6 | SYMBOL: ES | RAW: 0 | FILLS: 0
DEBUG: Running _parse_file_nitro on C:\Model-\TradeActivityLogs-tm_6\TradeActivityLog_2026-08-01_UTC.IPS_TM_6.data with Adaptive Ghost logic...
FILE: TRADEACTIVITYLOG_2026-08-26_UTC.ES-TM_6.DATA | ACC: ES-TM_6 | SYMBOL: ESU26 | RAW: 18 | FILLS: 9
DEBUG: Running _parse_file_nitro on C:\Model-\TradeActivityLogs-tm_6\TradeActivityLog_2026-08-26_UTC.IPS_TM_6.data with Adaptive Ghost logic...
FILE: TRADEACTIVITYLOG_2026-07-14_UTC.TM_6.DATA | ACC: TM_6 | SYMBOL: NQU26 | RAW: 186 | FILLS: 93
DEBUG: Running _parse_file_nitro on C:\Model-\TradeActivityLogs-tm_6\TradeActivityLog_2026-07-15_UTC.ES-IPS_TM_6.data with Adaptive Ghost logic...
FILE: TRADEACTIVITYLOG_2026-05-05_UTC.ES-TM_6.DATA | ACC: ES-TM_6 | SYMBOL: ESM26 | RAW: 48 | FILLS: 24
FILE: TRADEACTIVITYLOG_2026-08-01_UTC.IPS_TM_6.DATA | ACC: IPS_TM_6 | SYMBOL: Unknown | RAW: 0 | FILLS: 0
DEBUG: Running _parse_file_nitro on C:\Model-\TradeActivityLogs-tm_6\TradeActivityLog_2026-08-01_UTC.TM_6.data with Adaptive Ghost logic...
FILE: TRADEACTIVITYLOG_2026-05-26_UTC.ES-TM_6.DATA | ACC: ES-TM_6 | SYMBOL: ESM26 | RAW: 60 | FILLS: 30
DEBUG: Running _parse_file_nitro on C:\Model-\TradeActivityLogs-tm_6\TradeActivityLog_2026-05-26_UTC.IPS_TM_6.data with Adaptive Ghost logic...
FILE: TRADEACTIVITYLOG_2026-07-15_UTC.ES-IPS_TM_6.DATA | ACC: ES-IPS_TM_6 | SYMBOL: ESU26 | RAW: 84 | FILLS: 42
DEBUG: Running _parse_file_nitro on C:\Model-\TradeActivityLogs-tm_6\TradeActivityLog_2026-07-15_UTC.ES-TM_6.data with Adaptive Ghost logic...
FILE: TRADEACTIVITYLOG_2026-08-01_UTC.TM_6.DATA | ACC: TM_6 | SYMBOL: Unknown | RAW: 0 | FILLS: 0
DEBUG: Running _parse_file_nitro on C:\Model-\TradeActivityLogs-tm_6\TradeActivityLog_2026-08-02_UTC.ES-IPS_TM_6.data with Adaptive Ghost logic...
FILE: TRADEACTIVITYLOG_2026-04-09_UTC.IPS_TM_6.DATA | ACC: IPS_TM_6 | SYMBOL: CLK26 | RAW: 284 | FILLS: 142
DEBUG: Running _parse_file_nitro on C:\Model-\TradeActivityLogs-tm_6\TradeActivityLog_2026-04-09_UTC.TM_6.data with Adaptive Ghost logic...
FILE: TRADEACTIVITYLOG_2026-03-13_UTC.TM_6.DATA | ACC: TM_6 | SYMBOL: NQH26 | RAW: 274 | FILLS: 137
DEBUG: Running _parse_file_nitro on C:\Model-\TradeActivityLogs-tm_6\TradeActivityLog_2026-03-15_UTC.ES-IPS_TM_6.data with Adaptive Ghost logic...
FILE: TRADEACTIVITYLOG_2026-08-26_UTC.IPS_TM_6.DATA | ACC: IPS_TM_6 | SYMBOL: NQU26 | RAW: 202 | FILLS: 101
DEBUG: Running _parse_file_nitro on C:\Model-\TradeActivityLogs-tm_6\TradeActivityLog_2026-08-26_UTC.TM_6.data with Adaptive Ghost logic...
FILE: TRADEACTIVITYLOG_2026-08-02_UTC.ES-IPS_TM_6.DATA | ACC: ES-IPS_TM_6 | SYMBOL: ES | RAW: 0 | FILLS: 0
DEBUG: Running _parse_file_nitro on C:\Model-\TradeActivityLogs-tm_6\TradeActivityLog_2026-08-02_UTC.ES-TM_6.data with Adaptive Ghost logic...
FILE: TRADEACTIVITYLOG_2026-03-15_UTC.ES-IPS_TM_6.DATA | ACC: ES-IPS_TM_6 | SYMBOL: ES | RAW: 0 | FILLS: 0
FILE: TRADEACTIVITYLOG_2026-07-15_UTC.ES-TM_6.DATA | ACC: ES-TM_6 | SYMBOL: ESU26 | RAW: 86 | FILLS: 43
DEBUG: Running _parse_file_nitro on C:\Model-\TradeActivityLogs-tm_6\TradeActivityLog_2026-03-15_UTC.ES-TM_6.data with Adaptive Ghost logic...
DEBUG: Running _parse_file_nitro on C:\Model-\TradeActivityLogs-tm_6\TradeActivityLog_2026-07-15_UTC.IPS_TM_6.data with Adaptive Ghost logic...
FILE: TRADEACTIVITYLOG_2026-05-26_UTC.IPS_TM_6.DATA | ACC: IPS_TM_6 | SYMBOL: NQM26 | RAW: 268 | FILLS: 134
FILE: TRADEACTIVITYLOG_2026-08-02_UTC.ES-TM_6.DATA | ACC: ES-TM_6 | SYMBOL: ES | RAW: 0 | FILLS: 0
DEBUG: Running _parse_file_nitro on C:\Model-\TradeActivityLogs-tm_6\TradeActivityLog_2026-05-26_UTC.TM_6.data with Adaptive Ghost logic...
DEBUG: Running _parse_file_nitro on C:\Model-\TradeActivityLogs-tm_6\TradeActivityLog_2026-08-02_UTC.IPS_TM_6.data with Adaptive Ghost logic...
FILE: TRADEACTIVITYLOG_2026-03-15_UTC.ES-TM_6.DATA | ACC: ES-TM_6 | SYMBOL: ES | RAW: 0 | FILLS: 0
DEBUG: Running _parse_file_nitro on C:\Model-\TradeActivityLogs-tm_6\TradeActivityLog_2026-03-15_UTC.IPS_TM_6.data with Adaptive Ghost logic...
FILE: TRADEACTIVITYLOG_2026-08-26_UTC.TM_6.DATA | ACC: TM_6 | SYMBOL: NQU26 | RAW: 206 | FILLS: 103
DEBUG: Running _parse_file_nitro on C:\Model-\TradeActivityLogs-tm_6\TradeActivityLog_2026-08-27_UTC.ES-IPS_TM_6.data with Adaptive Ghost logic...
FILE: TRADEACTIVITYLOG_2026-04-09_UTC.TM_6.DATA | ACC: TM_6 | SYMBOL: CLK26 | RAW: 282 | FILLS: 141
FILE: TRADEACTIVITYLOG_2026-08-02_UTC.IPS_TM_6.DATA | ACC: IPS_TM_6 | SYMBOL: CLU26 | RAW: 10 | FILLS: 5
DEBUG: Running _parse_file_nitro on C:\Model-\TradeActivityLogs-tm_6\TradeActivityLog_2026-08-02_UTC.TM_6.data with Adaptive Ghost logic...
DEBUG: Running _parse_file_nitro on C:\Model-\TradeActivityLogs-tm_6\TradeActivityLog_2026-04-10_UTC.ES-IPS_TM_6.data with Adaptive Ghost logic...
FILE: TRADEACTIVITYLOG_2026-03-15_UTC.IPS_TM_6.DATA | ACC: IPS_TM_6 | SYMBOL: CLJ26 | RAW: 22 | FILLS: 11
DEBUG: Running _parse_file_nitro on C:\Model-\TradeActivityLogs-tm_6\TradeActivityLog_2026-03-15_UTC.TM_6.data with Adaptive Ghost logic...
FILE: TRADEACTIVITYLOG_2026-07-15_UTC.IPS_TM_6.DATA | ACC: IPS_TM_6 | SYMBOL: NQU26 | RAW: 206 | FILLS: 103
DEBUG: Running _parse_file_nitro on C:\Model-\TradeActivityLogs-tm_6\TradeActivityLog_2026-07-15_UTC.TM_6.data with Adaptive Ghost logic...
FILE: TRADEACTIVITYLOG_2026-08-02_UTC.TM_6.DATA | ACC: TM_6 | SYMBOL: CLU26 | RAW: 10 | FILLS: 5
DEBUG: Running _parse_file_nitro on C:\Model-\TradeActivityLogs-tm_6\TradeActivityLog_2026-08-03_UTC.ES-IPS_TM_6.data with Adaptive Ghost logic...
FILE: TRADEACTIVITYLOG_2026-08-27_UTC.ES-IPS_TM_6.DATA | ACC: ES-IPS_TM_6 | SYMBOL: ESU26 | RAW: 44 | FILLS: 22
FILE: TRADEACTIVITYLOG_2026-04-10_UTC.ES-IPS_TM_6.DATA | ACC: ES-IPS_TM_6 | SYMBOL: ESM26 | RAW: 34 | FILLS: 17
DEBUG: Running _parse_file_nitro on C:\Model-\TradeActivityLogs-tm_6\TradeActivityLog_2026-08-27_UTC.ES-TM_6.data with Adaptive Ghost logic...
DEBUG: Running _parse_file_nitro on C:\Model-\TradeActivityLogs-tm_6\TradeActivityLog_2026-04-10_UTC.ES-TM_6.data with Adaptive Ghost logic...
FILE: TRADEACTIVITYLOG_2026-03-15_UTC.TM_6.DATA | ACC: TM_6 | SYMBOL: CLJ26 | RAW: 22 | FILLS: 11
DEBUG: Running _parse_file_nitro on C:\Model-\TradeActivityLogs-tm_6\TradeActivityLog_2026-03-16_UTC.ES-IPS_TM_6.data with Adaptive Ghost logic...
FILE: TRADEACTIVITYLOG_2026-05-26_UTC.TM_6.DATA | ACC: TM_6 | SYMBOL: NQM26 | RAW: 256 | FILLS: 128
DEBUG: Running _parse_file_nitro on C:\Model-\TradeActivityLogs-tm_6\TradeActivityLog_2026-05-27_UTC.ES-IPS_TM_6.data with Adaptive Ghost logic...
FILE: TRADEACTIVITYLOG_2026-04-10_UTC.ES-TM_6.DATA | ACC: ES-TM_6 | SYMBOL: ESM26 | RAW: 36 | FILLS: 18
DEBUG: Running _parse_file_nitro on C:\Model-\TradeActivityLogs-tm_6\TradeActivityLog_2026-04-10_UTC.IPS_TM_6.data with Adaptive Ghost logic...
FILE: TRADEACTIVITYLOG_2026-08-27_UTC.ES-TM_6.DATA | ACC: ES-TM_6 | SYMBOL: ESU26 | RAW: 40 | FILLS: 20
DEBUG: Running _parse_file_nitro on C:\Model-\TradeActivityLogs-tm_6\TradeActivityLog_2026-08-27_UTC.IPS_TM_6.data with Adaptive Ghost logic...
FILE: TRADEACTIVITYLOG_2026-08-03_UTC.ES-IPS_TM_6.DATA | ACC: ES-IPS_TM_6 | SYMBOL: ESU26 | RAW: 68 | FILLS: 34
DEBUG: Running _parse_file_nitro on C:\Model-\TradeActivityLogs-tm_6\TradeActivityLog_2026-08-03_UTC.ES-TM_6.data with Adaptive Ghost logic...
FILE: TRADEACTIVITYLOG_2026-03-16_UTC.ES-IPS_TM_6.DATA | ACC: ES-IPS_TM_6 | SYMBOL: ESM26 | RAW: 42 | FILLS: 21
DEBUG: Running _parse_file_nitro on C:\Model-\TradeActivityLogs-tm_6\TradeActivityLog_2026-03-16_UTC.ES-TM_6.data with Adaptive Ghost logic...
FILE: TRADEACTIVITYLOG_2026-07-15_UTC.TM_6.DATA | ACC: TM_6 | SYMBOL: NQU26 | RAW: 194 | FILLS: 97
DEBUG: Running _parse_file_nitro on C:\Model-\TradeActivityLogs-tm_6\TradeActivityLog_2026-07-16_UTC.ES-IPS_TM_6.data with Adaptive Ghost logic...
FILE: TRADEACTIVITYLOG_2026-05-27_UTC.ES-IPS_TM_6.DATA | ACC: ES-IPS_TM_6 | SYMBOL: ESM26 | RAW: 64 | FILLS: 32
DEBUG: Running _parse_file_nitro on C:\Model-\TradeActivityLogs-tm_6\TradeActivityLog_2026-05-27_UTC.ES-TM_6.data with Adaptive Ghost logic...
FILE: TRADEACTIVITYLOG_2026-03-16_UTC.ES-TM_6.DATA | ACC: ES-TM_6 | SYMBOL: ESM26 | RAW: 42 | FILLS: 21
DEBUG: Running _parse_file_nitro on C:\Model-\TradeActivityLogs-tm_6\TradeActivityLog_2026-03-16_UTC.IPS_TM_6.data with Adaptive Ghost logic...
FILE: TRADEACTIVITYLOG_2026-08-03_UTC.ES-TM_6.DATA | ACC: ES-TM_6 | SYMBOL: ESU26 | RAW: 68 | FILLS: 34
DEBUG: Running _parse_file_nitro on C:\Model-\TradeActivityLogs-tm_6\TradeActivityLog_2026-08-03_UTC.IPS_TM_6.data with Adaptive Ghost logic...
FILE: TRADEACTIVITYLOG_2026-07-16_UTC.ES-IPS_TM_6.DATA | ACC: ES-IPS_TM_6 | SYMBOL: ESU26 | RAW: 74 | FILLS: 37
DEBUG: Running _parse_file_nitro on C:\Model-\TradeActivityLogs-tm_6\TradeActivityLog_2026-07-16_UTC.ES-TM_6.data with Adaptive Ghost logic...
FILE: TRADEACTIVITYLOG_2026-05-27_UTC.ES-TM_6.DATA | ACC: ES-TM_6 | SYMBOL: ESM26 | RAW: 64 | FILLS: 32
DEBUG: Running _parse_file_nitro on C:\Model-\TradeActivityLogs-tm_6\TradeActivityLog_2026-05-27_UTC.IPS_TM_6.data with Adaptive Ghost logic...
FILE: TRADEACTIVITYLOG_2026-08-27_UTC.IPS_TM_6.DATA | ACC: IPS_TM_6 | SYMBOL: NQU26 | RAW: 158 | FILLS: 79
DEBUG: Running _parse_file_nitro on C:\Model-\TradeActivityLogs-tm_6\TradeActivityLog_2026-08-27_UTC.TM_6.data with Adaptive Ghost logic...
FILE: TRADEACTIVITYLOG_2026-04-10_UTC.IPS_TM_6.DATA | ACC: IPS_TM_6 | SYMBOL: NQM26 | RAW: 207 | FILLS: 104
FILE: TRADEACTIVITYLOG_2026-03-16_UTC.IPS_TM_6.DATA | ACC: IPS_TM_6 | SYMBOL: NQM26 | RAW: 164 | FILLS: 82
DEBUG: Running _parse_file_nitro on C:\Model-\TradeActivityLogs-tm_6\TradeActivityLog_2026-03-16_UTC.TM_6.data with Adaptive Ghost logic...
FILE: TRADEACTIVITYLOG_2026-07-16_UTC.ES-TM_6.DATA | ACC: ES-TM_6 | SYMBOL: ESU26 | RAW: 74 | FILLS: 37
DEBUG: Running _parse_file_nitro on C:\Model-\TradeActivityLogs-tm_6\TradeActivityLog_2026-07-16_UTC.IPS_TM_6.data with Adaptive Ghost logic...
FILE: TRADEACTIVITYLOG_2026-08-03_UTC.IPS_TM_6.DATA | ACC: IPS_TM_6 | SYMBOL: CLU26 | RAW: 172 | FILLS: 86
DEBUG: Running _parse_file_nitro on C:\Model-\TradeActivityLogs-tm_6\TradeActivityLog_2026-08-03_UTC.TM_6.data with Adaptive Ghost logic...
FILE: TRADEACTIVITYLOG_2026-08-27_UTC.TM_6.DATA | ACC: TM_6 | SYMBOL: NQU26 | RAW: 158 | FILLS: 79
DEBUG: Running _parse_file_nitro on C:\Model-\TradeActivityLogs-tm_6\TradeActivityLog_2026-08-28_UTC.ES-IPS_TM_6.data with Adaptive Ghost logic...
FILE: TRADEACTIVITYLOG_2026-05-27_UTC.IPS_TM_6.DATA | ACC: IPS_TM_6 | SYMBOL: NQM26 | RAW: 336 | FILLS: 168
FILE: TRADEACTIVITYLOG_2026-03-16_UTC.TM_6.DATA | ACC: TM_6 | SYMBOL: NQM26 | RAW: 164 | FILLS: 82
DEBUG: Running _parse_file_nitro on C:\Model-\TradeActivityLogs-tm_6\TradeActivityLog_2026-05-27_UTC.TM_6.data with Adaptive Ghost logic...
DEBUG: Running _parse_file_nitro on C:\Model-\TradeActivityLogs-tm_6\TradeActivityLog_2026-03-17_UTC.ES-IPS_TM_6.data with Adaptive Ghost logic...
FILE: TRADEACTIVITYLOG_2026-08-28_UTC.ES-IPS_TM_6.DATA | ACC: ES-IPS_TM_6 | SYMBOL: ESU26 | RAW: 52 | FILLS: 26
DEBUG: Running _parse_file_nitro on C:\Model-\TradeActivityLogs-tm_6\TradeActivityLog_2026-08-28_UTC.ES-TM_6.data with Adaptive Ghost logic...
FILE: TRADEACTIVITYLOG_2026-07-16_UTC.IPS_TM_6.DATA | ACC: IPS_TM_6 | SYMBOL: CLQ26 | RAW: 234 | FILLS: 117
FILE: TRADEACTIVITYLOG_2026-08-03_UTC.TM_6.DATA | ACC: TM_6 | SYMBOL: CLU26 | RAW: 174 | FILLS: 87
DEBUG: Running _parse_file_nitro on C:\Model-\TradeActivityLogs-tm_6\TradeActivityLog_2026-07-16_UTC.TM_6.data with Adaptive Ghost logic...
DEBUG: Running _parse_file_nitro on C:\Model-\TradeActivityLogs-tm_6\TradeActivityLog_2026-08-04_UTC.ES-IPS_TM_6.data with Adaptive Ghost logic...
FILE: TRADEACTIVITYLOG_2026-03-17_UTC.ES-IPS_TM_6.DATA | ACC: ES-IPS_TM_6 | SYMBOL: ESM26 | RAW: 48 | FILLS: 24
DEBUG: Running _parse_file_nitro on C:\Model-\TradeActivityLogs-tm_6\TradeActivityLog_2026-03-17_UTC.ES-TM_6.data with Adaptive Ghost logic...
FILE: TRADEACTIVITYLOG_2026-08-28_UTC.ES-TM_6.DATA | ACC: ES-TM_6 | SYMBOL: ESU26 | RAW: 52 | FILLS: 26
DEBUG: Running _parse_file_nitro on C:\Model-\TradeActivityLogs-tm_6\TradeActivityLog_2026-08-28_UTC.IPS_TM_6.data with Adaptive Ghost logic...
FILE: TRADEACTIVITYLOG_2026-08-04_UTC.ES-IPS_TM_6.DATA | ACC: ES-IPS_TM_6 | SYMBOL: ESU26 | RAW: 78 | FILLS: 39
DEBUG: Running _parse_file_nitro on C:\Model-\TradeActivityLogs-tm_6\TradeActivityLog_2026-08-04_UTC.ES-TM_6.data with Adaptive Ghost logic...
FILE: TRADEACTIVITYLOG_2026-03-17_UTC.ES-TM_6.DATA | ACC: ES-TM_6 | SYMBOL: ESM26 | RAW: 48 | FILLS: 24
DEBUG: Running _parse_file_nitro on C:\Model-\TradeActivityLogs-tm_6\TradeActivityLog_2026-03-17_UTC.IPS_TM_6.data with Adaptive Ghost logic...
FILE: TRADEACTIVITYLOG_2026-07-16_UTC.TM_6.DATA | ACC: TM_6 | SYMBOL: CLQ26 | RAW: 230 | FILLS: 115
DEBUG: Running _parse_file_nitro on C:\Model-\TradeActivityLogs-tm_6\TradeActivityLog_2026-07-17_UTC.ES-IPS_TM_6.data with Adaptive Ghost logic...
FILE: TRADEACTIVITYLOG_2026-05-27_UTC.TM_6.DATA | ACC: TM_6 | SYMBOL: NQM26 | RAW: 332 | FILLS: 166
DEBUG: Running _parse_file_nitro on C:\Model-\TradeActivityLogs-tm_6\TradeActivityLog_2026-05-28_UTC.ES-IPS_TM_6.data with Adaptive Ghost logic...
FILE: TRADEACTIVITYLOG_2026-08-04_UTC.ES-TM_6.DATA | ACC: ES-TM_6 | SYMBOL: ESU26 | RAW: 58 | FILLS: 29
DEBUG: Running _parse_file_nitro on C:\Model-\TradeActivityLogs-tm_6\TradeActivityLog_2026-08-04_UTC.IPS_TM_6.data with Adaptive Ghost logic...
FILE: TRADEACTIVITYLOG_2026-08-28_UTC.IPS_TM_6.DATA | ACC: IPS_TM_6 | SYMBOL: CLV26 | RAW: 189 | FILLS: 95
DEBUG: Running _parse_file_nitro on C:\Model-\TradeActivityLogs-tm_6\TradeActivityLog_2026-08-28_UTC.TM_6.data with Adaptive Ghost logic...
FILE: TRADEACTIVITYLOG_2026-05-28_UTC.ES-IPS_TM_6.DATA | ACC: ES-IPS_TM_6 | SYMBOL: ESM26 | RAW: 26 | FILLS: 13
DEBUG: Running _parse_file_nitro on C:\Model-\TradeActivityLogs-tm_6\TradeActivityLog_2026-05-28_UTC.ES-TM_6.data with Adaptive Ghost logic...
FILE: TRADEACTIVITYLOG_2026-03-17_UTC.IPS_TM_6.DATA | ACC: IPS_TM_6 | SYMBOL: CLJ26 | RAW: 134 | FILLS: 67
DEBUG: Running _parse_file_nitro on C:\Model-\TradeActivityLogs-tm_6\TradeActivityLog_2026-03-17_UTC.TM_6.data with Adaptive Ghost logic...
FILE: TRADEACTIVITYLOG_2026-07-17_UTC.ES-IPS_TM_6.DATA | ACC: ES-IPS_TM_6 | SYMBOL: ESU26 | RAW: 78 | FILLS: 39
DEBUG: Running _parse_file_nitro on C:\Model-\TradeActivityLogs-tm_6\TradeActivityLog_2026-07-17_UTC.ES-TM_6.data with Adaptive Ghost logic...
FILE: TRADEACTIVITYLOG_2026-08-28_UTC.TM_6.DATA | ACC: TM_6 | SYMBOL: CLV26 | RAW: 152 | FILLS: 77
FILE: TRADEACTIVITYLOG_2026-05-28_UTC.ES-TM_6.DATA | ACC: ES-TM_6 | SYMBOL: ESM26 | RAW: 56 | FILLS: 28
DEBUG: Running _parse_file_nitro on C:\Model-\TradeActivityLogs-tm_6\TradeActivityLog_2026-08-29_UTC.ES-IPS_TM_6.data with Adaptive Ghost logic...
DEBUG: Running _parse_file_nitro on C:\Model-\TradeActivityLogs-tm_6\TradeActivityLog_2026-05-28_UTC.IPS_TM_6.data with Adaptive Ghost logic...
FILE: TRADEACTIVITYLOG_2026-07-17_UTC.ES-TM_6.DATA | ACC: ES-TM_6 | SYMBOL: ESU26 | RAW: 78 | FILLS: 39
DEBUG: Running _parse_file_nitro on C:\Model-\TradeActivityLogs-tm_6\TradeActivityLog_2026-07-17_UTC.IPS_TM_6.data with Adaptive Ghost logic...
FILE: TRADEACTIVITYLOG_2026-08-04_UTC.IPS_TM_6.DATA | ACC: IPS_TM_6 | SYMBOL: CLU26 | RAW: 324 | FILLS: 162
DEBUG: Running _parse_file_nitro on C:\Model-\TradeActivityLogs-tm_6\TradeActivityLog_2026-08-04_UTC.TM_6.data with Adaptive Ghost logic...
FILE: TRADEACTIVITYLOG_2026-03-17_UTC.TM_6.DATA | ACC: TM_6 | SYMBOL: CLJ26 | RAW: 134 | FILLS: 67
FILE: TRADEACTIVITYLOG_2026-08-29_UTC.ES-IPS_TM_6.DATA | ACC: ES-IPS_TM_6 | SYMBOL: ES | RAW: 0 | FILLS: 0
DEBUG: Running _parse_file_nitro on C:\Model-\TradeActivityLogs-tm_6\TradeActivityLog_2026-08-29_UTC.ES-TM_6.data with Adaptive Ghost logic...
FILE: TRADEACTIVITYLOG_2026-08-29_UTC.ES-TM_6.DATA | ACC: ES-TM_6 | SYMBOL: ES | RAW: 0 | FILLS: 0
DEBUG: Running _parse_file_nitro on C:\Model-\TradeActivityLogs-tm_6\TradeActivityLog_2026-08-29_UTC.IPS_TM_6.data with Adaptive Ghost logic...
FILE: TRADEACTIVITYLOG_2026-05-28_UTC.IPS_TM_6.DATA | ACC: IPS_TM_6 | SYMBOL: NQM26 | RAW: 238 | FILLS: 119
DEBUG: Running _parse_file_nitro on C:\Model-\TradeActivityLogs-tm_6\TradeActivityLog_2026-05-28_UTC.TM_6.data with Adaptive Ghost logic...
FILE: TRADEACTIVITYLOG_2026-07-17_UTC.IPS_TM_6.DATA | ACC: IPS_TM_6 | SYMBOL: NQU26 | RAW: 213 | FILLS: 107
DEBUG: Running _parse_file_nitro on C:\Model-\TradeActivityLogs-tm_6\TradeActivityLog_2026-07-17_UTC.TM_6.data with Adaptive Ghost logic...
FILE: TRADEACTIVITYLOG_2026-08-29_UTC.IPS_TM_6.DATA | ACC: IPS_TM_6 | SYMBOL: Unknown | RAW: 0 | FILLS: 0
DEBUG: Running _parse_file_nitro on C:\Model-\TradeActivityLogs-tm_6\TradeActivityLog_2026-08-29_UTC.TM_6.data with Adaptive Ghost logic...
FILE: TRADEACTIVITYLOG_2026-08-04_UTC.TM_6.DATA | ACC: TM_6 | SYMBOL: CLU26 | RAW: 222 | FILLS: 111
DEBUG: Running _parse_file_nitro on C:\Model-\TradeActivityLogs-tm_6\TradeActivityLog_2026-08-05_UTC.ES-IPS_TM_6.data with Adaptive Ghost logic...
FILE: TRADEACTIVITYLOG_2026-08-29_UTC.TM_6.DATA | ACC: TM_6 | SYMBOL: Unknown | RAW: 0 | FILLS: 0
DEBUG: Running _parse_file_nitro on C:\Model-\TradeActivityLogs-tm_6\TradeActivityLog_2026-08-30_UTC.ES-IPS_TM_6.data with Adaptive Ghost logic...
FILE: TRADEACTIVITYLOG_2026-08-05_UTC.ES-IPS_TM_6.DATA | ACC: ES-IPS_TM_6 | SYMBOL: ESU26 | RAW: 46 | FILLS: 23
DEBUG: Running _parse_file_nitro on C:\Model-\TradeActivityLogs-tm_6\TradeActivityLog_2026-08-05_UTC.ES-TM_6.data with Adaptive Ghost logic...
FILE: TRADEACTIVITYLOG_2026-05-28_UTC.TM_6.DATA | ACC: TM_6 | SYMBOL: NQM26 | RAW: 228 | FILLS: 114
DEBUG: Running _parse_file_nitro on C:\Model-\TradeActivityLogs-tm_6\TradeActivityLog_2026-05-29_UTC.ES-IPS_TM_6.data with Adaptive Ghost logic...
FILE: TRADEACTIVITYLOG_2026-07-17_UTC.TM_6.DATA | ACC: TM_6 | SYMBOL: NQU26 | RAW: 209 | FILLS: 105
DEBUG: Running _parse_file_nitro on C:\Model-\TradeActivityLogs-tm_6\TradeActivityLog_2026-07-19_UTC.ES-IPS_TM_6.data with Adaptive Ghost logic...
FILE: TRADEACTIVITYLOG_2026-08-30_UTC.ES-IPS_TM_6.DATA | ACC: ES-IPS_TM_6 | SYMBOL: ESU26 | RAW: 6 | FILLS: 3
DEBUG: Running _parse_file_nitro on C:\Model-\TradeActivityLogs-tm_6\TradeActivityLog_2026-08-30_UTC.ES-TM_6.data with Adaptive Ghost logic...
FILE: TRADEACTIVITYLOG_2026-08-05_UTC.ES-TM_6.DATA | ACC: ES-TM_6 | SYMBOL: ESU26 | RAW: 40 | FILLS: 20
DEBUG: Running _parse_file_nitro on C:\Model-\TradeActivityLogs-tm_6\TradeActivityLog_2026-08-05_UTC.IPS_TM_6.data with Adaptive Ghost logic...
FILE: TRADEACTIVITYLOG_2026-07-19_UTC.ES-IPS_TM_6.DATA | ACC: ES-IPS_TM_6 | SYMBOL: ES | RAW: 0 | FILLS: 0
DEBUG: Running _parse_file_nitro on C:\Model-\TradeActivityLogs-tm_6\TradeActivityLog_2026-07-19_UTC.ES-TM_6.data with Adaptive Ghost logic...
FILE: TRADEACTIVITYLOG_2026-08-30_UTC.ES-TM_6.DATA | ACC: ES-TM_6 | SYMBOL: ESU26 | RAW: 6 | FILLS: 3
DEBUG: Running _parse_file_nitro on C:\Model-\TradeActivityLogs-tm_6\TradeActivityLog_2026-08-30_UTC.IPS_TM_6.data with Adaptive Ghost logic...
FILE: TRADEACTIVITYLOG_2026-05-29_UTC.ES-IPS_TM_6.DATA | ACC: ES-IPS_TM_6 | SYMBOL: ESM26 | RAW: 79 | FILLS: 40
DEBUG: Running _parse_file_nitro on C:\Model-\TradeActivityLogs-tm_6\TradeActivityLog_2026-05-29_UTC.ES-TM_6.data with Adaptive Ghost logic...
FILE: TRADEACTIVITYLOG_2026-07-19_UTC.ES-TM_6.DATA | ACC: ES-TM_6 | SYMBOL: ES | RAW: 0 | FILLS: 0
DEBUG: Running _parse_file_nitro on C:\Model-\TradeActivityLogs-tm_6\TradeActivityLog_2026-07-19_UTC.IPS_TM_6.data with Adaptive Ghost logic...
FILE: TRADEACTIVITYLOG_2026-08-30_UTC.IPS_TM_6.DATA | ACC: IPS_TM_6 | SYMBOL: NQU26 | RAW: 8 | FILLS: 4
DEBUG: Running _parse_file_nitro on C:\Model-\TradeActivityLogs-tm_6\TradeActivityLog_2026-08-30_UTC.TM_6.data with Adaptive Ghost logic...
FILE: TRADEACTIVITYLOG_2026-08-05_UTC.IPS_TM_6.DATA | ACC: IPS_TM_6 | SYMBOL: CLU26 | RAW: 187 | FILLS: 94
DEBUG: Running _parse_file_nitro on C:\Model-\TradeActivityLogs-tm_6\TradeActivityLog_2026-08-05_UTC.TM_6.data with Adaptive Ghost logic...
FILE: TRADEACTIVITYLOG_2026-05-29_UTC.ES-TM_6.DATA | ACC: ES-TM_6 | SYMBOL: ESM26 | RAW: 79 | FILLS: 40
DEBUG: Running _parse_file_nitro on C:\Model-\TradeActivityLogs-tm_6\TradeActivityLog_2026-05-29_UTC.IPS_TM_6.data with Adaptive Ghost logic...
FILE: TRADEACTIVITYLOG_2026-07-19_UTC.IPS_TM_6.DATA | ACC: IPS_TM_6 | SYMBOL: CLU26 | RAW: 16 | FILLS: 8
DEBUG: Running _parse_file_nitro on C:\Model-\TradeActivityLogs-tm_6\TradeActivityLog_2026-07-19_UTC.TM_6.data with Adaptive Ghost logic...
FILE: TRADEACTIVITYLOG_2026-08-30_UTC.TM_6.DATA | ACC: TM_6 | SYMBOL: NQU26 | RAW: 8 | FILLS: 4
DEBUG: Running _parse_file_nitro on C:\Model-\TradeActivityLogs-tm_6\TradeActivityLog_2026-08-31_UTC.ES-IPS_TM_6.data with Adaptive Ghost logic...
FILE: TRADEACTIVITYLOG_2026-08-31_UTC.ES-IPS_TM_6.DATA | ACC: ES-IPS_TM_6 | SYMBOL: ESU26 | RAW: 4 | FILLS: 2
DEBUG: Running _parse_file_nitro on C:\Model-\TradeActivityLogs-tm_6\TradeActivityLog_2026-08-31_UTC.ES-TM_6.data with Adaptive Ghost logic...
FILE: TRADEACTIVITYLOG_2026-07-19_UTC.TM_6.DATA | ACC: TM_6 | SYMBOL: CLU26 | RAW: 16 | FILLS: 8
DEBUG: Running _parse_file_nitro on C:\Model-\TradeActivityLogs-tm_6\TradeActivityLog_2026-07-20_UTC.ES-IPS_TM_6.data with Adaptive Ghost logic...
FILE: TRADEACTIVITYLOG_2026-05-29_UTC.IPS_TM_6.DATA | ACC: IPS_TM_6 | SYMBOL: NQM26 | RAW: 222 | FILLS: 111
DEBUG: Running _parse_file_nitro on C:\Model-\TradeActivityLogs-tm_6\TradeActivityLog_2026-05-29_UTC.TM_6.data with Adaptive Ghost logic...
FILE: TRADEACTIVITYLOG_2026-08-05_UTC.TM_6.DATA | ACC: TM_6 | SYMBOL: CLU26 | RAW: 191 | FILLS: 96
DEBUG: Running _parse_file_nitro on C:\Model-\TradeActivityLogs-tm_6\TradeActivityLog_2026-08-06_UTC.ES-IPS_TM_6.data with Adaptive Ghost logic...
FILE: TRADEACTIVITYLOG_2026-08-31_UTC.ES-TM_6.DATA | ACC: ES-TM_6 | SYMBOL: ESU26 | RAW: 4 | FILLS: 2
DEBUG: Running _parse_file_nitro on C:\Model-\TradeActivityLogs-tm_6\TradeActivityLog_2026-08-31_UTC.IPS_TM_6.data with Adaptive Ghost logic...
FILE: TRADEACTIVITYLOG_2026-07-20_UTC.ES-IPS_TM_6.DATA | ACC: ES-IPS_TM_6 | SYMBOL: ESU26 | RAW: 42 | FILLS: 21
DEBUG: Running _parse_file_nitro on C:\Model-\TradeActivityLogs-tm_6\TradeActivityLog_2026-07-20_UTC.ES-TM_6.data with Adaptive Ghost logic...
FILE: TRADEACTIVITYLOG_2026-08-06_UTC.ES-IPS_TM_6.DATA | ACC: ES-IPS_TM_6 | SYMBOL: ESU26 | RAW: 58 | FILLS: 29
DEBUG: Running _parse_file_nitro on C:\Model-\TradeActivityLogs-tm_6\TradeActivityLog_2026-08-06_UTC.ES-TM_6.data with Adaptive Ghost logic...
FILE: TRADEACTIVITYLOG_2026-08-31_UTC.IPS_TM_6.DATA | ACC: IPS_TM_6 | SYMBOL: CLV26 | RAW: 49 | FILLS: 25
DEBUG: Running _parse_file_nitro on C:\Model-\TradeActivityLogs-tm_6\TradeActivityLog_2026-08-31_UTC.TM_6.data with Adaptive Ghost logic...
FILE: TRADEACTIVITYLOG_2026-07-20_UTC.ES-TM_6.DATA | ACC: ES-TM_6 | SYMBOL: ESU26 | RAW: 42 | FILLS: 21
DEBUG: Running _parse_file_nitro on C:\Model-\TradeActivityLogs-tm_6\TradeActivityLog_2026-07-20_UTC.IPS_TM_6.data with Adaptive Ghost logic...
FILE: TRADEACTIVITYLOG_2026-05-29_UTC.TM_6.DATA | ACC: TM_6 | SYMBOL: NQM26 | RAW: 232 | FILLS: 116
DEBUG: Running _parse_file_nitro on C:\Model-\TradeActivityLogs-tm_6\TradeActivityLog_2026-05-30_UTC.ES-IPS_TM_6.data with Adaptive Ghost logic...
FILE: TRADEACTIVITYLOG_2026-08-06_UTC.ES-TM_6.DATA | ACC: ES-TM_6 | SYMBOL: ESU26 | RAW: 58 | FILLS: 29
DEBUG: Running _parse_file_nitro on C:\Model-\TradeActivityLogs-tm_6\TradeActivityLog_2026-08-06_UTC.IPS_TM_6.data with Adaptive Ghost logic...
FILE: TRADEACTIVITYLOG_2026-08-31_UTC.TM_6.DATA | ACC: TM_6 | SYMBOL: CLV26 | RAW: 49 | FILLS: 25
DEBUG: Running _parse_file_nitro on C:\Model-\TradeActivityLogs-tm_6\TradeActivityLog_23676-04-27_UTC.ES-IPS_TM_6.data with Adaptive Ghost logic...
FILE: TRADEACTIVITYLOG_2026-05-30_UTC.ES-IPS_TM_6.DATA | ACC: ES-IPS_TM_6 | SYMBOL: ES | RAW: 0 | FILLS: 0
ERROR: TradeActivityLog_23676-04-27_UTC.ES-IPS_TM_6.data -> [Errno 22] Invalid argument
DEBUG: Running _parse_file_nitro on C:\Model-\TradeActivityLogs-tm_6\TradeActivityLog_23676-04-27_UTC.ES-TM_6.data with Adaptive Ghost logic...
FILE: TRADEACTIVITYLOG_2026-08-06_UTC.IPS_TM_6.DATA | ACC: IPS_TM_6 | SYMBOL: CLU26 | RAW: 188 | FILLS: 94
DEBUG: Running _parse_file_nitro on C:\Model-\TradeActivityLogs-tm_6\TradeActivityLog_2026-08-06_UTC.TM_6.data with Adaptive Ghost logic...
FILE: TRADEACTIVITYLOG_2026-07-20_UTC.IPS_TM_6.DATA | ACC: IPS_TM_6 | SYMBOL: NQU26 | RAW: 194 | FILLS: 97
DEBUG: Running _parse_file_nitro on C:\Model-\TradeActivityLogs-tm_6\TradeActivityLog_2026-07-20_UTC.TM_6.data with Adaptive Ghost logic...
ERROR: TradeActivityLog_23676-04-27_UTC.ES-TM_6.data -> [Errno 22] Invalid argument
DEBUG: Running _parse_file_nitro on C:\Model-\TradeActivityLogs-tm_6\TradeActivityLog_23677-07-17_UTC.IPS_TM_6.data with Adaptive Ghost logic...
ERROR: TradeActivityLog_23677-07-17_UTC.IPS_TM_6.data -> [Errno 22] Invalid argument
DEBUG: Running _parse_file_nitro on C:\Model-\TradeActivityLogs-tm_6\TradeActivityLog_23677-07-17_UTC.TM_6.data with Adaptive Ghost logic...
ERROR: TradeActivityLog_23677-07-17_UTC.TM_6.data -> [Errno 22] Invalid argument
FILE: TRADEACTIVITYLOG_2026-08-06_UTC.TM_6.DATA | ACC: TM_6 | SYMBOL: CLU26 | RAW: 188 | FILLS: 94
DEBUG: Running _parse_file_nitro on C:\Model-\TradeActivityLogs-tm_6\TradeActivityLog_2026-08-07_UTC.ES-IPS_TM_6.data with Adaptive Ghost logic...
FILE: TRADEACTIVITYLOG_2026-07-20_UTC.TM_6.DATA | ACC: TM_6 | SYMBOL: NQU26 | RAW: 194 | FILLS: 97
DEBUG: Running _parse_file_nitro on C:\Model-\TradeActivityLogs-tm_6\TradeActivityLog_2026-07-21_UTC.ES-IPS_TM_6.data with Adaptive Ghost logic...
FILE: TRADEACTIVITYLOG_2026-08-07_UTC.ES-IPS_TM_6.DATA | ACC: ES-IPS_TM_6 | SYMBOL: ESU26 | RAW: 42 | FILLS: 21
DEBUG: Running _parse_file_nitro on C:\Model-\TradeActivityLogs-tm_6\TradeActivityLog_2026-08-07_UTC.ES-TM_6.data with Adaptive Ghost logic...
FILE: TRADEACTIVITYLOG_2026-07-21_UTC.ES-IPS_TM_6.DATA | ACC: ES-IPS_TM_6 | SYMBOL: ESU26 | RAW: 46 | FILLS: 23
DEBUG: Running _parse_file_nitro on C:\Model-\TradeActivityLogs-tm_6\TradeActivityLog_2026-07-21_UTC.ES-TM_6.data with Adaptive Ghost logic...
FILE: TRADEACTIVITYLOG_2026-08-07_UTC.ES-TM_6.DATA | ACC: ES-TM_6 | SYMBOL: ESU26 | RAW: 42 | FILLS: 21
DEBUG: Running _parse_file_nitro on C:\Model-\TradeActivityLogs-tm_6\TradeActivityLog_2026-08-07_UTC.IPS_TM_6.data with Adaptive Ghost logic...
FILE: TRADEACTIVITYLOG_2026-07-21_UTC.ES-TM_6.DATA | ACC: ES-TM_6 | SYMBOL: ESU26 | RAW: 46 | FILLS: 23
DEBUG: Running _parse_file_nitro on C:\Model-\TradeActivityLogs-tm_6\TradeActivityLog_2026-07-21_UTC.IPS_TM_6.data with Adaptive Ghost logic...
FILE: TRADEACTIVITYLOG_2026-08-07_UTC.IPS_TM_6.DATA | ACC: IPS_TM_6 | SYMBOL: NQU26 | RAW: 196 | FILLS: 98
DEBUG: Running _parse_file_nitro on C:\Model-\TradeActivityLogs-tm_6\TradeActivityLog_2026-08-07_UTC.TM_6.data with Adaptive Ghost logic...
FILE: TRADEACTIVITYLOG_2026-07-21_UTC.IPS_TM_6.DATA | ACC: IPS_TM_6 | SYMBOL: NQU26 | RAW: 180 | FILLS: 90
DEBUG: Running _parse_file_nitro on C:\Model-\TradeActivityLogs-tm_6\TradeActivityLog_2026-07-21_UTC.TM_6.data with Adaptive Ghost logic...
FILE: TRADEACTIVITYLOG_2026-07-21_UTC.TM_6.DATA | ACC: TM_6 | SYMBOL: NQU26 | RAW: 180 | FILLS: 90
FILE: TRADEACTIVITYLOG_2026-08-07_UTC.TM_6.DATA | ACC: TM_6 | SYMBOL: NQU26 | RAW: 190 | FILLS: 95
DEBUG: Running _parse_file_nitro on C:\Model-\TradeActivityLogs-tm_6\TradeActivityLog_2026-07-22_UTC.ES-IPS_TM_6.data with Adaptive Ghost logic...
DEBUG: Running _parse_file_nitro on C:\Model-\TradeActivityLogs-tm_6\TradeActivityLog_2026-08-09_UTC.IPS_TM_6.data with Adaptive Ghost logic...
FILE: TRADEACTIVITYLOG_2026-08-09_UTC.IPS_TM_6.DATA | ACC: IPS_TM_6 | SYMBOL: NQU26 | RAW: 2 | FILLS: 1
DEBUG: Running _parse_file_nitro on C:\Model-\TradeActivityLogs-tm_6\TradeActivityLog_2026-08-09_UTC.TM_6.data with Adaptive Ghost logic...
FILE: TRADEACTIVITYLOG_2026-07-22_UTC.ES-IPS_TM_6.DATA | ACC: ES-IPS_TM_6 | SYMBOL: ESU26 | RAW: 50 | FILLS: 25
DEBUG: Running _parse_file_nitro on C:\Model-\TradeActivityLogs-tm_6\TradeActivityLog_2026-07-22_UTC.ES-TM_6.data with Adaptive Ghost logic...
FILE: TRADEACTIVITYLOG_2026-08-09_UTC.TM_6.DATA | ACC: TM_6 | SYMBOL: NQU26 | RAW: 2 | FILLS: 1
DEBUG: Running _parse_file_nitro on C:\Model-\TradeActivityLogs-tm_6\TradeActivityLog_2026-08-10_UTC.ES-IPS_TM_6.data with Adaptive Ghost logic...
FILE: TRADEACTIVITYLOG_2026-07-22_UTC.ES-TM_6.DATA | ACC: ES-TM_6 | SYMBOL: ESU26 | RAW: 50 | FILLS: 25
DEBUG: Running _parse_file_nitro on C:\Model-\TradeActivityLogs-tm_6\TradeActivityLog_2026-07-22_UTC.IPS_TM_6.data with Adaptive Ghost logic...
FILE: TRADEACTIVITYLOG_2026-08-10_UTC.ES-IPS_TM_6.DATA | ACC: ES-IPS_TM_6 | SYMBOL: ESU26 | RAW: 50 | FILLS: 25
DEBUG: Running _parse_file_nitro on C:\Model-\TradeActivityLogs-tm_6\TradeActivityLog_2026-08-10_UTC.ES-TM_6.data with Adaptive Ghost logic...
FILE: TRADEACTIVITYLOG_2026-08-10_UTC.ES-TM_6.DATA | ACC: ES-TM_6 | SYMBOL: ESU26 | RAW: 50 | FILLS: 25
DEBUG: Running _parse_file_nitro on C:\Model-\TradeActivityLogs-tm_6\TradeActivityLog_2026-08-10_UTC.IPS_TM_6.data with Adaptive Ghost logic...
FILE: TRADEACTIVITYLOG_2026-07-22_UTC.IPS_TM_6.DATA | ACC: IPS_TM_6 | SYMBOL: NQU26 | RAW: 214 | FILLS: 107
DEBUG: Running _parse_file_nitro on C:\Model-\TradeActivityLogs-tm_6\TradeActivityLog_2026-07-22_UTC.TM_6.data with Adaptive Ghost logic...
FILE: TRADEACTIVITYLOG_2026-08-10_UTC.IPS_TM_6.DATA | ACC: IPS_TM_6 | SYMBOL: CLU26 | RAW: 132 | FILLS: 66
DEBUG: Running _parse_file_nitro on C:\Model-\TradeActivityLogs-tm_6\TradeActivityLog_2026-08-10_UTC.TM_6.data with Adaptive Ghost logic...
FILE: TRADEACTIVITYLOG_2026-07-22_UTC.TM_6.DATA | ACC: TM_6 | SYMBOL: NQU26 | RAW: 214 | FILLS: 107
DEBUG: Running _parse_file_nitro on C:\Model-\TradeActivityLogs-tm_6\TradeActivityLog_2026-07-23_UTC.ES-IPS_TM_6.data with Adaptive Ghost logic...
FILE: TRADEACTIVITYLOG_2026-08-10_UTC.TM_6.DATA | ACC: TM_6 | SYMBOL: CLU26 | RAW: 132 | FILLS: 66
DEBUG: Running _parse_file_nitro on C:\Model-\TradeActivityLogs-tm_6\TradeActivityLog_2026-08-11_UTC.ES-IPS_TM_6.data with Adaptive Ghost logic...
FILE: TRADEACTIVITYLOG_2026-07-23_UTC.ES-IPS_TM_6.DATA | ACC: ES-IPS_TM_6 | SYMBOL: ESU26 | RAW: 82 | FILLS: 41
DEBUG: Running _parse_file_nitro on C:\Model-\TradeActivityLogs-tm_6\TradeActivityLog_2026-07-23_UTC.ES-TM_6.data with Adaptive Ghost logic...
FILE: TRADEACTIVITYLOG_2026-08-11_UTC.ES-IPS_TM_6.DATA | ACC: ES-IPS_TM_6 | SYMBOL: ESU26 | RAW: 30 | FILLS: 15
DEBUG: Running _parse_file_nitro on C:\Model-\TradeActivityLogs-tm_6\TradeActivityLog_2026-08-11_UTC.ES-TM_6.data with Adaptive Ghost logic...
FILE: TRADEACTIVITYLOG_2026-08-11_UTC.ES-TM_6.DATA | ACC: ES-TM_6 | SYMBOL: ESU26 | RAW: 30 | FILLS: 15
DEBUG: Running _parse_file_nitro on C:\Model-\TradeActivityLogs-tm_6\TradeActivityLog_2026-08-11_UTC.IPS_TM_6.data with Adaptive Ghost logic...
FILE: TRADEACTIVITYLOG_2026-07-23_UTC.ES-TM_6.DATA | ACC: ES-TM_6 | SYMBOL: ESU26 | RAW: 98 | FILLS: 49
DEBUG: Running _parse_file_nitro on C:\Model-\TradeActivityLogs-tm_6\TradeActivityLog_2026-07-23_UTC.IPS_TM_6.data with Adaptive Ghost logic...
FILE: TRADEACTIVITYLOG_2026-08-11_UTC.IPS_TM_6.DATA | ACC: IPS_TM_6 | SYMBOL: NQU26 | RAW: 170 | FILLS: 85
DEBUG: Running _parse_file_nitro on C:\Model-\TradeActivityLogs-tm_6\TradeActivityLog_2026-08-11_UTC.TM_6.data with Adaptive Ghost logic...
FILE: TRADEACTIVITYLOG_2026-07-23_UTC.IPS_TM_6.DATA | ACC: IPS_TM_6 | SYMBOL: CLU26 | RAW: 254 | FILLS: 127
DEBUG: Running _parse_file_nitro on C:\Model-\TradeActivityLogs-tm_6\TradeActivityLog_2026-07-23_UTC.TM_6.data with Adaptive Ghost logic...
FILE: TRADEACTIVITYLOG_2026-08-11_UTC.TM_6.DATA | ACC: TM_6 | SYMBOL: NQU26 | RAW: 166 | FILLS: 83
DEBUG: Running _parse_file_nitro on C:\Model-\TradeActivityLogs-tm_6\TradeActivityLog_2026-08-12_UTC.ES-IPS_TM_6.data with Adaptive Ghost logic...
FILE: TRADEACTIVITYLOG_2026-07-23_UTC.TM_6.DATA | ACC: TM_6 | SYMBOL: CLU26 | RAW: 254 | FILLS: 127
FILE: TRADEACTIVITYLOG_2026-08-12_UTC.ES-IPS_TM_6.DATA | ACC: ES-IPS_TM_6 | SYMBOL: ESU26 | RAW: 48 | FILLS: 24
DEBUG: Running _parse_file_nitro on C:\Model-\TradeActivityLogs-tm_6\TradeActivityLog_2026-08-12_UTC.ES-TM_6.data with Adaptive Ghost logic...
FILE: TRADEACTIVITYLOG_2026-08-12_UTC.ES-TM_6.DATA | ACC: ES-TM_6 | SYMBOL: ESU26 | RAW: 48 | FILLS: 24
DEBUG: Running _parse_file_nitro on C:\Model-\TradeActivityLogs-tm_6\TradeActivityLog_2026-08-12_UTC.IPS_TM_6.data with Adaptive Ghost logic...
FILE: TRADEACTIVITYLOG_2026-08-12_UTC.IPS_TM_6.DATA | ACC: IPS_TM_6 | SYMBOL: CLU26 | RAW: 156 | FILLS: 78
DEBUG: Running _parse_file_nitro on C:\Model-\TradeActivityLogs-tm_6\TradeActivityLog_2026-08-12_UTC.TM_6.data with Adaptive Ghost logic...
FILE: TRADEACTIVITYLOG_2026-08-12_UTC.TM_6.DATA | ACC: TM_6 | SYMBOL: CLU26 | RAW: 158 | FILLS: 79
DEBUG: Running _parse_file_nitro on C:\Model-\TradeActivityLogs-tm_6\TradeActivityLog_2026-08-13_UTC.ES-IPS_TM_6.data with Adaptive Ghost logic...
FILE: TRADEACTIVITYLOG_2026-08-13_UTC.ES-IPS_TM_6.DATA | ACC: ES-IPS_TM_6 | SYMBOL: ESU26 | RAW: 44 | FILLS: 22
DEBUG: Running _parse_file_nitro on C:\Model-\TradeActivityLogs-tm_6\TradeActivityLog_2026-08-13_UTC.ES-TM_6.data with Adaptive Ghost logic...
FILE: TRADEACTIVITYLOG_2026-08-13_UTC.ES-TM_6.DATA | ACC: ES-TM_6 | SYMBOL: ESU26 | RAW: 40 | FILLS: 20
DEBUG: Running _parse_file_nitro on C:\Model-\TradeActivityLogs-tm_6\TradeActivityLog_2026-08-13_UTC.IPS_TM_6.data with Adaptive Ghost logic...
FILE: TRADEACTIVITYLOG_2026-08-13_UTC.IPS_TM_6.DATA | ACC: IPS_TM_6 | SYMBOL: NQU26 | RAW: 167 | FILLS: 84
DEBUG: Running _parse_file_nitro on C:\Model-\TradeActivityLogs-tm_6\TradeActivityLog_2026-08-13_UTC.TM_6.data with Adaptive Ghost logic...
FILE: TRADEACTIVITYLOG_2026-08-13_UTC.TM_6.DATA | ACC: TM_6 | SYMBOL: NQU26 | RAW: 83 | FILLS: 42
DEBUG: Running _parse_file_nitro on C:\Model-\TradeActivityLogs-tm_6\TradeActivityLog_2026-08-14_UTC.ES-IPS_TM_6.data with Adaptive Ghost logic...
FILE: TRADEACTIVITYLOG_2026-08-14_UTC.ES-IPS_TM_6.DATA | ACC: ES-IPS_TM_6 | SYMBOL: ESU26 | RAW: 36 | FILLS: 18
DEBUG: Running _parse_file_nitro on C:\Model-\TradeActivityLogs-tm_6\TradeActivityLog_2026-08-14_UTC.ES-TM_6.data with Adaptive Ghost logic...
FILE: TRADEACTIVITYLOG_2026-08-14_UTC.ES-TM_6.DATA | ACC: ES-TM_6 | SYMBOL: ESU26 | RAW: 36 | FILLS: 18
DEBUG: Running _parse_file_nitro on C:\Model-\TradeActivityLogs-tm_6\TradeActivityLog_2026-08-14_UTC.IPS_TM_6.data with Adaptive Ghost logic...
FILE: TRADEACTIVITYLOG_2026-08-14_UTC.IPS_TM_6.DATA | ACC: IPS_TM_6 | SYMBOL: NQU26 | RAW: 106 | FILLS: 53
DEBUG: Running _parse_file_nitro on C:\Model-\TradeActivityLogs-tm_6\TradeActivityLog_2026-08-14_UTC.TM_6.data with Adaptive Ghost logic...
FILE: TRADEACTIVITYLOG_2026-08-14_UTC.TM_6.DATA | ACC: TM_6 | SYMBOL: NQU26 | RAW: 106 | FILLS: 53
DEBUG: Running _parse_file_nitro on C:\Model-\TradeActivityLogs-tm_6\TradeActivityLog_2026-08-16_UTC.IPS_TM_6.data with Adaptive Ghost logic...
FILE: TRADEACTIVITYLOG_2026-08-16_UTC.IPS_TM_6.DATA | ACC: IPS_TM_6 | SYMBOL: NQU26 | RAW: 2 | FILLS: 1
DEBUG: Running _parse_file_nitro on C:\Model-\TradeActivityLogs-tm_6\TradeActivityLog_2026-08-16_UTC.TM_6.data with Adaptive Ghost logic...
FILE: TRADEACTIVITYLOG_2026-08-16_UTC.TM_6.DATA | ACC: TM_6 | SYMBOL: NQU26 | RAW: 2 | FILLS: 1
DEBUG: Running _parse_file_nitro on C:\Model-\TradeActivityLogs-tm_6\TradeActivityLog_2026-08-17_UTC.ES-IPS_TM_6.data with Adaptive Ghost logic...
FILE: TRADEACTIVITYLOG_2026-08-17_UTC.ES-IPS_TM_6.DATA | ACC: ES-IPS_TM_6 | SYMBOL: ESU26 | RAW: 36 | FILLS: 18
DEBUG: Running _parse_file_nitro on C:\Model-\TradeActivityLogs-tm_6\TradeActivityLog_2026-08-17_UTC.ES-TM_6.data with Adaptive Ghost logic...
FILE: TRADEACTIVITYLOG_2026-08-17_UTC.ES-TM_6.DATA | ACC: ES-TM_6 | SYMBOL: ESU26 | RAW: 36 | FILLS: 18
DEBUG: Running _parse_file_nitro on C:\Model-\TradeActivityLogs-tm_6\TradeActivityLog_2026-08-17_UTC.IPS_TM_6.data with Adaptive Ghost logic...
FILE: TRADEACTIVITYLOG_2026-08-17_UTC.IPS_TM_6.DATA | ACC: IPS_TM_6 | SYMBOL: NQU26 | RAW: 178 | FILLS: 89
DEBUG: Running _parse_file_nitro on C:\Model-\TradeActivityLogs-tm_6\TradeActivityLog_2026-08-17_UTC.TM_6.data with Adaptive Ghost logic...
FILE: TRADEACTIVITYLOG_2026-08-17_UTC.TM_6.DATA | ACC: TM_6 | SYMBOL: NQU26 | RAW: 176 | FILLS: 88
DEBUG: Running _parse_file_nitro on C:\Model-\TradeActivityLogs-tm_6\TradeActivityLog_2026-08-18_UTC.ES-IPS_TM_6.data with Adaptive Ghost logic...
FILE: TRADEACTIVITYLOG_2026-08-18_UTC.ES-IPS_TM_6.DATA | ACC: ES-IPS_TM_6 | SYMBOL: ESU26 | RAW: 8 | FILLS: 4
DEBUG: Running _parse_file_nitro on C:\Model-\TradeActivityLogs-tm_6\TradeActivityLog_2026-08-18_UTC.ES-TM_6.data with Adaptive Ghost logic...
FILE: TRADEACTIVITYLOG_2026-08-18_UTC.ES-TM_6.DATA | ACC: ES-TM_6 | SYMBOL: ESU26 | RAW: 8 | FILLS: 4
DEBUG: Running _parse_file_nitro on C:\Model-\TradeActivityLogs-tm_6\TradeActivityLog_2026-08-18_UTC.IPS_TM_6.data with Adaptive Ghost logic...
FILE: TRADEACTIVITYLOG_2026-08-18_UTC.IPS_TM_6.DATA | ACC: IPS_TM_6 | SYMBOL: NQU26 | RAW: 258 | FILLS: 129
DEBUG: Running _parse_file_nitro on C:\Model-\TradeActivityLogs-tm_6\TradeActivityLog_2026-08-18_UTC.TM_6.data with Adaptive Ghost logic...
FILE: TRADEACTIVITYLOG_2026-08-18_UTC.TM_6.DATA | ACC: TM_6 | SYMBOL: NQU26 | RAW: 262 | FILLS: 131
DEBUG: Running _parse_file_nitro on C:\Model-\TradeActivityLogs-tm_6\TradeActivityLog_2026-08-19_UTC.ES-IPS_TM_6.data with Adaptive Ghost logic...
FILE: TRADEACTIVITYLOG_2026-08-19_UTC.ES-IPS_TM_6.DATA | ACC: ES-IPS_TM_6 | SYMBOL: ESU26 | RAW: 62 | FILLS: 31
