slot_id,symbol,day_name,bucket_label,period,entry_time,entry_time_et,side,entry_price,profit_loss,macro_blackout_pass,prior_day_vix,vix_pass_under_20
223,CL,Sun,18:00,In-Sample,2024-05-26T22:00:00.322330,2024-05-26 18:00:00,LONG,77.81999826058745,-209.99999530613422,True,,True
223,CL,Sun,18:00,In-Sample,2024-05-26T22:00:00.521724,2024-05-26 18:00:00,LONG,77.81999826058745,-209.99999530613422,True,,True
223,CL,Sun,18:00,In-Sample,2024-05-26T22:00:00.521886,2024-05-26 18:00:00,LONG,77.81999826058745,-299.99999329447746,True,,True
223,CL,Sun,18:00,In-Sample,2024-06-02T22:00:11.222328,2024-06-02 18:00:11,SHORT,76.83999828249216,79.99999821186066,True,,True
223,CL,Sun,18:00,In-Sample,2024-06-02T22:00:11.222328,2024-06-02 18:00:11,SHORT,76.83999828249216,149.99999664723873,True,,True
223,CL,Sun,18:00,In-Sample,2024-06-02T22:00:11.222328,2024-06-02 18:00:11,SHORT,76.83999828249216,189.99999575316906,True,,True
223,CL,Sun,18:00,In-Sample,2024-06-02T22:00:25.254807,2024-06-02 18:00:25,SHORT,76.57999828830361,89.99999798834324,True,,True
223,CL,Sun,18:00,In-Sample,2024-06-02T22:00:25.254807,2024-06-02 18:00:25,SHORT,76.57999828830361,169.9999962002039,True,,True
223,CL,Sun,18:00,In-Sample,2024-06-02T22:00:25.254807,2024-06-02 18:00:25,SHORT,76.57999828830361,159.9999964237213,True,,True
223,CL,Sun,18:00,In-Sample,2024-06-02T22:00:25.868305,2024-06-02 18:00:25,LONG,76.63999828696251,79.99999821186066,True,,True
223,CL,Sun,18:00,In-Sample,2024-06-02T22:00:25.868305,2024-06-02 18:00:25,LONG,76.63999828696251,399.9999910593033,True,,True
223,CL,Sun,18:00,In-Sample,2024-06-02T22:00:26.024261,2024-06-02 18:00:26,LONG,76.63999828696251,-89.99999798834324,True,,True
223,CL,Sun,18:00,In-Sample,2024-06-02T22:00:28.249855,2024-06-02 18:00:28,LONG,76.62999828718603,59.99999865889549,True,,True
223,CL,Sun,18:00,In-Sample,2024-06-02T22:00:28.249855,2024-06-02 18:00:28,LONG,76.62999828718603,-39.99999910593033,True,,True
223,CL,Sun,18:00,In-Sample,2024-06-02T22:00:28.337319,2024-06-02 18:00:28,LONG,76.62999828718603,59.99999865889549,True,,True
223,CL,Sun,18:00,In-Sample,2024-06-02T22:00:28.337319,2024-06-02 18:00:28,LONG,76.62999828718603,-179.99999597668648,True,,True
223,CL,Sun,18:00,In-Sample,2024-06-02T22:00:28.463369,2024-06-02 18:00:28,LONG,76.63999828696251,59.99999865889549,True,,True
223,CL,Sun,18:00,In-Sample,2024-06-02T22:00:28.463369,2024-06-02 18:00:28,LONG,76.63999828696251,-59.99999865889549,True,,True
223,CL,Sun,18:00,In-Sample,2024-06-02T22:00:28.463449,2024-06-02 18:00:28,LONG,76.63999828696251,59.99999865889549,True,,True
223,CL,Sun,18:00,In-Sample,2024-06-02T22:00:28.463449,2024-06-02 18:00:28,LONG,76.63999828696251,-189.99999575316906,True,,True
223,CL,Sun,18:00,In-Sample,2024-06-02T22:00:28.463589,2024-06-02 18:00:28,LONG,76.63999828696251,59.99999865889549,True,,True
223,CL,Sun,18:00,In-Sample,2024-06-02T22:00:28.463589,2024-06-02 18:00:28,LONG,76.63999828696251,-189.99999575316906,True,,True
223,CL,Sun,18:00,In-Sample,2024-06-02T22:00:29.305817,2024-06-02 18:00:29,SHORT,76.59999828785658,-79.99999821186066,True,,True
223,CL,Sun,18:00,In-Sample,2024-06-02T22:00:29.430885,2024-06-02 18:00:29,SHORT,76.59999828785658,-79.99999821186066,True,,True
223,CL,Sun,18:00,In-Sample,2024-06-02T22:00:32.354044,2024-06-02 18:00:32,LONG,76.66999828629196,-119.99999731779099,True,,True
223,CL,Sun,18:00,In-Sample,2024-06-02T22:00:32.431567,2024-06-02 18:00:32,LONG,76.66999828629196,-39.99999910593033,True,,True
223,CL,Sun,18:00,In-Sample,2024-06-02T22:01:15.855924,2024-06-02 18:01:15,SHORT,76.44999829120934,-719.9999839067459,True,,True
223,CL,Sun,18:00,In-Sample,2024-06-02T22:01:15.947279,2024-06-02 18:01:15,SHORT,76.44999829120934,-719.9999839067459,True,,True
223,CL,Sun,18:00,In-Sample,2024-06-02T22:01:50.828361,2024-06-02 18:01:50,LONG,76.51999828964472,1439.9999678134918,True,,True
223,CL,Sun,18:00,In-Sample,2024-06-02T22:01:51.019346,2024-06-02 18:01:51,LONG,76.51999828964472,79.99999821186066,True,,True
223,CL,Sun,18:00,In-Sample,2024-06-02T22:01:51.019346,2024-06-02 18:01:51,LONG,76.51999828964472,249.99999441206455,True,,True
223,CL,Sun,18:00,In-Sample,2024-06-02T22:01:51.019423,2024-06-02 18:01:51,LONG,76.51999828964472,79.99999821186066,True,,True
223,CL,Sun,18:00,In-Sample,2024-06-02T22:01:51.019423,2024-06-02 18:01:51,LONG,76.51999828964472,79.99999821186066,True,,True
223,CL,Sun,18:00,In-Sample,2024-06-02T22:02:27.905999,2024-06-02 18:02:27,LONG,76.53999828919768,279.9999937415123,True,,True
223,CL,Sun,18:00,In-Sample,2024-06-02T22:02:27.905999,2024-06-02 18:02:27,LONG,76.53999828919768,419.99999061226845,True,,True
223,CL,Sun,18:00,In-Sample,2024-06-02T22:02:27.906078,2024-06-02 18:02:27,LONG,76.53999828919768,429.99999038875103,True,,True
223,CL,Sun,18:00,In-Sample,2024-06-02T22:02:27.906078,2024-06-02 18:02:27,LONG,76.53999828919768,419.99999061226845,True,,True
223,CL,Sun,18:00,In-Sample,2024-06-02T22:02:27.906078,2024-06-02 18:02:27,LONG,76.53999828919768,419.99999061226845,True,,True
223,CL,Sun,18:00,In-Sample,2024-06-02T22:02:28.031616,2024-06-02 18:02:28,LONG,76.53999828919768,89.99999798834324,True,,True
223,CL,Sun,18:00,In-Sample,2024-06-02T22:02:28.031616,2024-06-02 18:02:28,LONG,76.53999828919768,189.99999575316906,True,,True
223,CL,Sun,18:00,In-Sample,2024-06-02T22:02:28.031616,2024-06-02 18:02:28,LONG,76.53999828919768,429.99999038875103,True,,True
223,CL,Sun,18:00,In-Sample,2024-06-02T22:03:54.349990,2024-06-02 18:03:54,LONG,76.56999828852713,69.99999843537807,True,,True
223,CL,Sun,18:00,In-Sample,2024-06-02T22:03:54.349990,2024-06-02 18:03:54,LONG,76.56999828852713,139.99999687075615,True,,True
223,CL,Sun,18:00,In-Sample,2024-06-02T22:03:54.395737,2024-06-02 18:03:54,LONG,76.56999828852713,69.99999843537807,True,,True
223,CL,Sun,18:00,In-Sample,2024-06-02T22:03:54.552130,2024-06-02 18:03:54,LONG,76.56999828852713,69.99999843537807,True,,True
223,CL,Sun,18:00,In-Sample,2024-06-02T22:03:54.552130,2024-06-02 18:03:54,LONG,76.56999828852713,139.99999687075615,True,,True
223,CL,Sun,18:00,In-Sample,2024-06-02T22:03:54.552206,2024-06-02 18:03:54,LONG,76.56999828852713,69.99999843537807,True,,True
223,CL,Sun,18:00,In-Sample,2024-06-02T22:03:54.552264,2024-06-02 18:03:54,LONG,76.56999828852713,69.99999843537807,True,,True
223,CL,Sun,18:00,In-Sample,2024-06-02T22:13:33.613054,2024-06-02 18:13:33,SHORT,76.82999828271568,-179.99999597668648,True,,True
223,CL,Sun,18:00,In-Sample,2024-06-02T22:13:33.613131,2024-06-02 18:13:33,SHORT,76.82999828271568,-179.99999597668648,True,,True
223,CL,Sun,18:00,In-Sample,2024-06-02T22:17:42.126283,2024-06-02 18:17:42,SHORT,76.99999827891588,-239.99999463558197,True,,True
223,CL,Sun,18:00,In-Sample,2024-06-02T22:17:42.126359,2024-06-02 18:17:42,SHORT,76.99999827891588,-239.99999463558197,True,,True
223,CL,Sun,18:00,In-Sample,2024-06-02T22:18:54.555142,2024-06-02 18:18:54,LONG,77.07999827712774,-119.99999731779099,True,,True
223,CL,Sun,18:00,In-Sample,2024-06-02T22:22:07.070927,2024-06-02 18:22:07,SHORT,76.95999827980995,109.9999975413084,True,,True
223,CL,Sun,18:00,In-Sample,2024-06-02T22:22:07.070927,2024-06-02 18:22:07,SHORT,76.95999827980995,219.9999950826168,True,,True
223,CL,Sun,18:00,In-Sample,2024-06-02T22:22:07.222178,2024-06-02 18:22:07,SHORT,76.95999827980995,109.9999975413084,True,,True
223,CL,Sun,18:00,In-Sample,2024-06-02T22:22:07.222253,2024-06-02 18:22:07,SHORT,76.95999827980995,219.9999950826168,True,,True
223,CL,Sun,18:00,In-Sample,2024-06-02T22:22:07.222253,2024-06-02 18:22:07,SHORT,76.95999827980995,209.99999530613422,True,,True
223,CL,Sun,18:00,In-Sample,2024-06-02T22:22:07.222253,2024-06-02 18:22:07,SHORT,76.95999827980995,199.99999552965164,True,,True
223,CL,Sun,18:00,In-Sample,2024-06-02T22:22:07.231927,2024-06-02 18:22:07,SHORT,76.95999827980995,109.9999975413084,True,,True
223,CL,Sun,18:00,In-Sample,2024-06-02T22:22:07.231927,2024-06-02 18:22:07,SHORT,76.95999827980995,109.9999975413084,True,,True
223,CL,Sun,18:00,In-Sample,2024-06-02T22:22:07.232026,2024-06-02 18:22:07,SHORT,76.95999827980995,109.9999975413084,True,,True
223,CL,Sun,18:00,In-Sample,2024-06-02T22:22:07.232026,2024-06-02 18:22:07,SHORT,76.95999827980995,169.9999962002039,True,,True
223,CL,Sun,18:00,In-Sample,2024-06-02T22:22:07.544512,2024-06-02 18:22:07,SHORT,76.95999827980995,109.9999975413084,True,,True
223,CL,Sun,18:00,In-Sample,2024-06-02T22:26:10.177904,2024-06-02 18:26:10,LONG,76.83999828249216,-59.99999865889549,True,,True
223,CL,Sun,18:00,In-Sample,2024-06-09T22:00:05.636754,2024-06-09 18:00:05,LONG,75.32999831624329,-59.99999865889549,True,,True
223,CL,Sun,18:00,In-Sample,2024-06-09T22:00:05.636808,2024-06-09 18:00:05,LONG,75.32999831624329,-59.99999865889549,True,,True
223,CL,Sun,18:00,In-Sample,2024-06-09T22:00:05.729933,2024-06-09 18:00:05,LONG,75.32999831624329,139.99999687075615,True,,True
223,CL,Sun,18:00,In-Sample,2024-06-09T22:00:27.920853,2024-06-09 18:00:27,LONG,75.38999831490219,239.99999463558197,True,,True
223,CL,Sun,18:00,In-Sample,2024-06-09T22:00:27.920917,2024-06-09 18:00:27,LONG,75.38999831490219,159.9999964237213,True,,True
223,CL,Sun,18:00,In-Sample,2024-06-09T22:00:33.454072,2024-06-09 18:00:33,LONG,75.42999831400812,-329.9999926239252,True,,True
223,CL,Sun,18:00,In-Sample,2024-06-09T22:00:33.454130,2024-06-09 18:00:33,LONG,75.42999831400812,-329.9999926239252,True,,True
223,CL,Sun,18:00,In-Sample,2024-06-09T22:02:05.704247,2024-06-09 18:02:05,SHORT,75.31999831646681,-209.99999530613422,True,,True
223,CL,Sun,18:00,In-Sample,2024-06-09T22:03:57.806875,2024-06-09 18:03:57,LONG,75.38999831490219,29.999999329447746,True,,True
223,CL,Sun,18:00,In-Sample,2024-06-09T22:10:21.424334,2024-06-09 18:10:21,LONG,75.45999831333756,-119.99999731779099,True,,True
223,CL,Sun,18:00,In-Sample,2024-06-09T22:10:21.497921,2024-06-09 18:10:21,LONG,75.45999831333756,-19.999999552965164,True,,True
223,CL,Sun,18:00,In-Sample,2024-06-09T22:13:45.576693,2024-06-09 18:13:45,LONG,75.4999983124435,-389.9999912828207,True,,True
223,CL,Sun,18:00,In-Sample,2024-06-09T22:13:45.663570,2024-06-09 18:13:45,LONG,75.4999983124435,-389.9999912828207,True,,True
223,CL,Sun,18:00,In-Sample,2024-06-09T22:13:45.789741,2024-06-09 18:13:45,LONG,75.4999983124435,-139.99999687075615,True,,True
223,CL,Sun,18:00,In-Sample,2024-06-09T22:27:38.199004,2024-06-09 18:27:38,SHORT,75.39999831467867,-119.99999731779099,True,,True
223,CL,Sun,18:00,In-Sample,2024-06-09T22:27:38.199078,2024-06-09 18:27:38,SHORT,75.39999831467867,-119.99999731779099,True,,True
223,CL,Sun,18:00,In-Sample,2024-06-23T22:00:27.221962,2024-06-23 18:00:27,LONG,80.59999819844961,0.0,True,,True
223,CL,Sun,18:00,In-Sample,2024-06-23T22:00:48.743120,2024-06-23 18:00:48,LONG,80.63999819755554,-19.999999552965164,True,,True
223,CL,Sun,18:00,In-Sample,2024-06-23T22:00:48.808814,2024-06-23 18:00:48,LONG,80.63999819755554,49.99999888241291,True,,True
223,CL,Sun,18:00,In-Sample,2024-06-23T22:00:48.808814,2024-06-23 18:00:48,LONG,80.63999819755554,-59.99999865889549,True,,True
223,CL,Sun,18:00,In-Sample,2024-06-23T22:01:39.846166,2024-06-23 18:01:39,LONG,80.64999819733202,19.999999552965164,True,,True
223,CL,Sun,18:00,In-Sample,2024-06-23T22:07:25.633355,2024-06-23 18:07:25,LONG,80.70999819599092,-389.9999912828207,True,,True
223,CL,Sun,18:00,In-Sample,2024-06-23T22:07:25.633506,2024-06-23 18:07:25,LONG,80.70999819599092,-389.9999912828207,True,,True
223,CL,Sun,18:00,In-Sample,2024-06-23T22:07:25.633703,2024-06-23 18:07:25,LONG,80.70999819599092,-139.99999687075615,True,,True
223,CL,Sun,18:00,In-Sample,2024-06-23T22:16:13.008447,2024-06-23 18:16:13,SHORT,80.59999819844961,199.99999552965164,True,,True
223,CL,Sun,18:00,In-Sample,2024-06-23T22:16:13.008447,2024-06-23 18:16:13,SHORT,80.59999819844961,279.9999937415123,True,,True
223,CL,Sun,18:00,In-Sample,2024-06-30T22:00:00.524064,2024-06-30 18:00:00,SHORT,81.39999818056822,-239.99999463558197,True,,True
223,CL,Sun,18:00,In-Sample,2024-06-30T22:00:26.462700,2024-06-30 18:00:26,LONG,81.55999817699194,109.9999975413084,True,,True
223,CL,Sun,18:00,In-Sample,2024-06-30T22:00:26.462700,2024-06-30 18:00:26,LONG,81.55999817699194,459.9999897181988,True,,True
223,CL,Sun,18:00,In-Sample,2024-06-30T22:00:26.529407,2024-06-30 18:00:26,LONG,81.55999817699194,179.99999597668648,True,,True
223,CL,Sun,18:00,In-Sample,2024-06-30T22:00:26.529407,2024-06-30 18:00:26,LONG,81.55999817699194,459.9999897181988,True,,True
223,CL,Sun,18:00,In-Sample,2024-06-30T22:08:20.792014,2024-06-30 18:08:20,LONG,81.58999817632139,59.99999865889549,True,,True
223,CL,Sun,18:00,In-Sample,2024-06-30T22:08:20.792014,2024-06-30 18:08:20,LONG,81.58999817632139,-109.9999975413084,True,,True
223,CL,Sun,18:00,In-Sample,2024-07-07T22:00:59.185810,2024-07-07 18:00:59,LONG,82.93999814614654,199.99999552965164,True,,True
223,CL,Sun,18:00,In-Sample,2024-07-07T22:00:59.185810,2024-07-07 18:00:59,LONG,82.93999814614654,299.99999329447746,True,,True
223,CL,Sun,18:00,In-Sample,2024-07-07T22:03:32.520355,2024-07-07 18:03:32,LONG,82.94999814592302,99.99999776482582,True,,True
223,CL,Sun,18:00,In-Sample,2024-07-07T22:03:32.520355,2024-07-07 18:03:32,LONG,82.94999814592302,199.99999552965164,True,,True
223,CL,Sun,18:00,In-Sample,2024-07-07T22:03:32.520355,2024-07-07 18:03:32,LONG,82.94999814592302,29.999999329447746,True,,True
223,CL,Sun,18:00,In-Sample,2024-07-07T22:03:32.645565,2024-07-07 18:03:32,LONG,82.94999814592302,99.99999776482582,True,,True
223,CL,Sun,18:00,In-Sample,2024-07-07T22:03:32.645565,2024-07-07 18:03:32,LONG,82.94999814592302,199.99999552965164,True,,True
223,CL,Sun,18:00,In-Sample,2024-07-07T22:03:32.645565,2024-07-07 18:03:32,LONG,82.94999814592302,29.999999329447746,True,,True
223,CL,Sun,18:00,In-Sample,2024-07-07T22:03:32.645629,2024-07-07 18:03:32,LONG,82.94999814592302,99.99999776482582,True,,True
223,CL,Sun,18:00,In-Sample,2024-07-07T22:03:32.645629,2024-07-07 18:03:32,LONG,82.94999814592302,299.99999329447746,True,,True
223,CL,Sun,18:00,In-Sample,2024-07-07T22:06:58.055202,2024-07-07 18:06:58,LONG,83.06999814324081,199.99999552965164,True,,True
223,CL,Sun,18:00,In-Sample,2024-07-07T22:06:58.055202,2024-07-07 18:06:58,LONG,83.06999814324081,259.99999418854713,True,,True
223,CL,Sun,18:00,In-Sample,2024-07-07T22:08:59.889959,2024-07-07 18:08:59,SHORT,83.07999814301729,-359.99999195337296,True,,True
223,CL,Sun,18:00,In-Sample,2024-07-07T22:09:19.318679,2024-07-07 18:09:19,SHORT,83.02999814413488,-39.99999910593033,True,,True
223,CL,Sun,18:00,In-Sample,2024-07-07T22:09:19.401246,2024-07-07 18:09:19,SHORT,83.02999814413488,-139.99999687075615,True,,True
223,CL,Sun,18:00,In-Sample,2024-07-07T22:23:50.333999,2024-07-07 18:23:50,LONG,83.09999814257026,109.9999975413084,True,,True
223,CL,Sun,18:00,In-Sample,2024-07-07T22:23:50.333999,2024-07-07 18:23:50,LONG,83.09999814257026,219.9999950826168,True,,True
223,CL,Sun,18:00,In-Sample,2024-07-07T22:23:50.410109,2024-07-07 18:23:50,LONG,83.09999814257026,-159.9999964237213,True,,True
223,CL,Sun,18:00,In-Sample,2024-07-07T22:23:50.410217,2024-07-07 18:23:50,LONG,83.09999814257026,109.9999975413084,True,,True
223,CL,Sun,18:00,In-Sample,2024-07-07T22:23:50.410217,2024-07-07 18:23:50,LONG,83.09999814257026,219.9999950826168,True,,True
223,CL,Sun,18:00,In-Sample,2024-07-07T22:23:50.597879,2024-07-07 18:23:50,LONG,83.09999814257026,99.99999776482582,True,,True
223,CL,Sun,18:00,In-Sample,2024-07-07T22:23:50.597879,2024-07-07 18:23:50,LONG,83.09999814257026,99.99999776482582,True,,True
223,CL,Sun,18:00,In-Sample,2024-07-14T22:00:01.770419,2024-07-14 18:00:01,LONG,82.19999816268682,199.99999552965164,True,,True
223,CL,Sun,18:00,In-Sample,2024-07-14T22:00:01.770419,2024-07-14 18:00:01,LONG,82.19999816268682,599.9999865889549,True,,True
223,CL,Sun,18:00,In-Sample,2024-07-14T22:00:15.805009,2024-07-14 18:00:15,LONG,82.30999816022813,59.99999865889549,True,,True
223,CL,Sun,18:00,In-Sample,2024-07-14T22:00:15.805009,2024-07-14 18:00:15,LONG,82.30999816022813,39.99999910593033,True,,True
223,CL,Sun,18:00,In-Sample,2024-07-14T22:00:15.805149,2024-07-14 18:00:15,LONG,82.30999816022813,49.99999888241291,True,,True
223,CL,Sun,18:00,In-Sample,2024-07-14T22:00:15.805149,2024-07-14 18:00:15,LONG,82.30999816022813,-79.99999821186066,True,,True
223,CL,Sun,18:00,In-Sample,2024-07-14T22:02:06.377912,2024-07-14 18:02:06,LONG,82.45999815687537,-49.99999888241291,True,,True
223,CL,Sun,18:00,In-Sample,2024-07-14T22:02:06.454726,2024-07-14 18:02:06,LONG,82.45999815687537,69.99999843537807,True,,True
223,CL,Sun,18:00,In-Sample,2024-07-14T22:02:06.454726,2024-07-14 18:02:06,LONG,82.45999815687537,-79.99999821186066,True,,True
223,CL,Sun,18:00,In-Sample,2024-07-14T22:02:06.454924,2024-07-14 18:02:06,LONG,82.45999815687537,69.99999843537807,True,,True
223,CL,Sun,18:00,In-Sample,2024-07-14T22:02:06.454924,2024-07-14 18:02:06,LONG,82.45999815687537,-99.99999776482582,True,,True
223,CL,Sun,18:00,In-Sample,2024-07-14T22:04:35.147230,2024-07-14 18:04:35,SHORT,82.4999981559813,299.99999329447746,True,,True
223,CL,Sun,18:00,In-Sample,2024-07-21T22:00:00.211404,2024-07-21 18:00:00,SHORT,78.79999823868275,-449.9999899417162,True,,True
223,CL,Sun,18:00,In-Sample,2024-07-21T22:00:00.294338,2024-07-21 18:00:00,SHORT,78.79999823868275,-449.9999899417162,True,,True
223,CL,Sun,18:00,In-Sample,2024-07-21T22:00:00.294408,2024-07-21 18:00:00,SHORT,78.79999823868275,-199.99999552965164,True,,True
223,CL,Sun,18:00,In-Sample,2024-07-21T22:00:00.294450,2024-07-21 18:00:00,SHORT,78.79999823868275,-199.99999552965164,True,,True
223,CL,Sun,18:00,In-Sample,2024-07-21T22:00:00.294548,2024-07-21 18:00:00,SHORT,78.79999823868275,-199.99999552965164,True,,True
223,CL,Sun,18:00,In-Sample,2024-07-21T22:00:24.797472,2024-07-21 18:00:24,LONG,78.94999823532999,59.99999865889549,True,,True
223,CL,Sun,18:00,In-Sample,2024-07-21T22:00:24.797472,2024-07-21 18:00:24,LONG,78.94999823532999,-69.99999843537807,True,,True
223,CL,Sun,18:00,In-Sample,2024-07-21T22:00:24.952527,2024-07-21 18:00:24,LONG,78.94999823532999,59.99999865889549,True,,True
223,CL,Sun,18:00,In-Sample,2024-07-21T22:00:24.952527,2024-07-21 18:00:24,LONG,78.94999823532999,0.0,True,,True
223,CL,Sun,18:00,In-Sample,2024-07-21T22:01:09.901261,2024-07-21 18:01:09,SHORT,78.89999823644757,-389.9999912828207,True,,True
223,CL,Sun,18:00,In-Sample,2024-07-21T22:01:32.858274,2024-07-21 18:01:32,LONG,78.97999823465943,79.99999821186066,True,,True
223,CL,Sun,18:00,In-Sample,2024-07-21T22:05:15.860923,2024-07-21 18:05:15,SHORT,78.84999823756516,-449.9999899417162,True,,True
223,CL,Sun,18:00,In-Sample,2024-07-21T22:05:15.939793,2024-07-21 18:05:15,SHORT,78.84999823756516,-449.9999899417162,True,,True
223,CL,Sun,18:00,In-Sample,2024-07-21T22:05:15.939899,2024-07-21 18:05:15,SHORT,78.84999823756516,-159.9999964237213,True,,True
223,CL,Sun,18:00,In-Sample,2024-08-04T22:00:11.187850,2024-08-04 18:00:11,SHORT,74.09999834373593,-319.9999928474426,True,,True
223,CL,Sun,18:00,In-Sample,2024-08-04T22:00:11.188048,2024-08-04 18:00:11,SHORT,74.09999834373593,-479.99998927116394,True,,True
223,CL,Sun,18:00,In-Sample,2024-08-04T22:00:11.188248,2024-08-04 18:00:11,SHORT,74.09999834373593,-479.99998927116394,True,,True
223,CL,Sun,18:00,In-Sample,2024-08-04T22:00:11.188305,2024-08-04 18:00:11,SHORT,74.09999834373593,-299.99999329447746,True,,True
223,CL,Sun,18:00,In-Sample,2024-08-04T22:00:11.188364,2024-08-04 18:00:11,SHORT,74.09999834373593,-719.9999839067459,True,,True
223,CL,Sun,18:00,In-Sample,2024-08-04T22:00:11.188416,2024-08-04 18:00:11,SHORT,74.09999834373593,-279.9999937415123,True,,True
223,CL,Sun,18:00,In-Sample,2024-08-04T22:00:11.188469,2024-08-04 18:00:11,SHORT,74.09999834373593,-479.99998927116394,True,,True
223,CL,Sun,18:00,In-Sample,2024-08-04T22:00:11.469012,2024-08-04 18:00:11,SHORT,74.1199983432889,-419.99999061226845,True,,True
223,CL,Sun,18:00,In-Sample,2024-08-04T22:00:11.535569,2024-08-04 18:00:11,SHORT,74.1199983432889,-279.9999937415123,True,,True
223,CL,Sun,18:00,In-Sample,2024-08-04T22:00:21.565996,2024-08-04 18:00:21,SHORT,74.2299983408302,-29.999999329447746,True,,True
223,CL,Sun,18:00,In-Sample,2024-08-04T22:00:22.567163,2024-08-04 18:00:22,SHORT,74.24999834038317,-9.999999776482582,True,,True
223,CL,Sun,18:00,In-Sample,2024-08-04T22:01:43.622901,2024-08-04 18:01:43,SHORT,74.349998338148,0.0,True,,True
223,CL,Sun,18:00,In-Sample,2024-08-04T22:03:24.086825,2024-08-04 18:03:24,SHORT,74.31999833881855,89.99999798834324,True,,True
223,CL,Sun,18:00,In-Sample,2024-08-04T22:03:24.086825,2024-08-04 18:03:24,SHORT,74.31999833881855,9.999999776482582,True,,True
223,CL,Sun,18:00,In-Sample,2024-08-04T22:03:24.548823,2024-08-04 18:03:24,SHORT,74.31999833881855,199.99999552965164,True,,True
223,CL,Sun,18:00,In-Sample,2024-08-04T22:03:24.548823,2024-08-04 18:03:24,SHORT,74.31999833881855,599.9999865889549,True,,True
223,CL,Sun,18:00,In-Sample,2024-08-04T22:03:24.548823,2024-08-04 18:03:24,SHORT,74.31999833881855,449.9999899417162,True,,True
223,CL,Sun,18:00,In-Sample,2024-08-04T22:04:39.876066,2024-08-04 18:04:39,LONG,74.349998338148,-29.999999329447746,True,,True
223,CL,Sun,18:00,In-Sample,2024-08-04T22:05:01.698931,2024-08-04 18:05:01,LONG,74.38999833725393,-379.9999915063381,True,,True
223,CL,Sun,18:00,In-Sample,2024-08-04T22:05:54.329134,2024-08-04 18:05:54,SHORT,74.33999833837152,199.99999552965164,True,,True
223,CL,Sun,18:00,In-Sample,2024-08-04T22:05:54.329134,2024-08-04 18:05:54,SHORT,74.33999833837152,359.99999195337296,True,,True
223,CL,Sun,18:00,In-Sample,2024-08-04T22:06:00.388914,2024-08-04 18:06:00,SHORT,74.32999833859503,89.99999798834324,True,,True
223,CL,Sun,18:00,In-Sample,2024-08-04T22:06:00.388914,2024-08-04 18:06:00,SHORT,74.32999833859503,139.99999687075615,True,,True
223,CL,Sun,18:00,In-Sample,2024-08-04T22:07:43.873924,2024-08-04 18:07:43,LONG,74.16999834217131,-239.99999463558197,True,,True
223,CL,Sun,18:00,In-Sample,2024-08-04T22:07:43.874071,2024-08-04 18:07:43,LONG,74.16999834217131,-239.99999463558197,True,,True
223,CL,Sun,18:00,In-Sample,2024-08-04T22:09:39.346789,2024-08-04 18:09:39,SHORT,74.03999834507704,99.99999776482582,True,,True
223,CL,Sun,18:00,In-Sample,2024-08-04T22:09:39.346789,2024-08-04 18:09:39,SHORT,74.03999834507704,199.99999552965164,True,,True
223,CL,Sun,18:00,In-Sample,2024-08-04T22:09:39.346789,2024-08-04 18:09:39,SHORT,74.03999834507704,149.99999664723873,True,,True
223,CL,Sun,18:00,In-Sample,2024-08-04T22:09:39.413766,2024-08-04 18:09:39,SHORT,74.03999834507704,99.99999776482582,True,,True
223,CL,Sun,18:00,In-Sample,2024-08-04T22:09:39.413766,2024-08-04 18:09:39,SHORT,74.03999834507704,199.99999552965164,True,,True
223,CL,Sun,18:00,In-Sample,2024-08-04T22:09:39.413766,2024-08-04 18:09:39,SHORT,74.03999834507704,149.99999664723873,True,,True
223,CL,Sun,18:00,In-Sample,2024-08-04T22:10:56.378157,2024-08-04 18:10:56,LONG,74.1199983432889,-59.99999865889549,True,,True
223,CL,Sun,18:00,In-Sample,2024-08-04T22:11:31.875894,2024-08-04 18:11:31,SHORT,74.07999834418297,199.99999552965164,True,,True
223,CL,Sun,18:00,In-Sample,2024-08-04T22:11:31.875894,2024-08-04 18:11:31,SHORT,74.07999834418297,339.9999924004078,True,,True
223,CL,Sun,18:00,In-Sample,2024-08-04T22:12:18.399822,2024-08-04 18:12:18,SHORT,73.9499983470887,0.0,True,,True
223,CL,Sun,18:00,In-Sample,2024-08-04T22:12:37.150222,2024-08-04 18:12:37,SHORT,73.89999834820628,129.99999709427357,True,,True
223,CL,Sun,18:00,In-Sample,2024-08-04T22:12:37.150222,2024-08-04 18:12:37,SHORT,73.89999834820628,79.99999821186066,True,,True
223,CL,Sun,18:00,In-Sample,2024-08-04T22:12:37.150432,2024-08-04 18:12:37,SHORT,73.89999834820628,129.99999709427357,True,,True
223,CL,Sun,18:00,In-Sample,2024-08-04T22:12:37.150432,2024-08-04 18:12:37,SHORT,73.89999834820628,79.99999821186066,True,,True
223,CL,Sun,18:00,In-Sample,2024-08-04T22:13:32.041182,2024-08-04 18:13:32,LONG,73.9499983470887,-149.99999664723873,True,,True
223,CL,Sun,18:00,In-Sample,2024-08-04T22:13:32.041379,2024-08-04 18:13:32,LONG,73.9499983470887,-39.99999910593033,True,,True
223,CL,Sun,18:00,In-Sample,2024-08-04T22:13:32.041434,2024-08-04 18:13:32,LONG,73.9499983470887,-149.99999664723873,True,,True
223,CL,Sun,18:00,In-Sample,2024-08-04T22:13:32.134943,2024-08-04 18:13:32,LONG,73.9499983470887,-269.9999939650297,True,,True
223,CL,Sun,18:00,In-Sample,2024-08-04T22:16:22.622539,2024-08-04 18:16:22,SHORT,73.89999834820628,199.99999552965164,True,,True
223,CL,Sun,18:00,In-Sample,2024-08-04T22:16:22.622539,2024-08-04 18:16:22,SHORT,73.89999834820628,239.99999463558197,True,,True
223,CL,Sun,18:00,In-Sample,2024-08-04T22:16:22.622735,2024-08-04 18:16:22,SHORT,73.89999834820628,199.99999552965164,True,,True
223,CL,Sun,18:00,In-Sample,2024-08-04T22:16:22.622735,2024-08-04 18:16:22,SHORT,73.89999834820628,-299.99999329447746,True,,True
223,CL,Sun,18:00,In-Sample,2024-08-04T22:17:18.147715,2024-08-04 18:17:18,SHORT,73.75999835133553,-389.9999912828207,True,,True
223,CL,Sun,18:00,In-Sample,2024-08-04T22:18:04.092864,2024-08-04 18:18:04,LONG,73.81999834999442,-99.99999776482582,True,,True
223,CL,Sun,18:00,In-Sample,2024-08-04T22:18:12.573749,2024-08-04 18:18:12,LONG,73.8299983497709,-149.99999664723873,True,,True
223,CL,Sun,18:00,In-Sample,2024-08-04T22:19:09.694631,2024-08-04 18:19:09,SHORT,73.77999835088849,-239.99999463558197,True,,True
223,CL,Sun,18:00,In-Sample,2024-08-04T22:20:19.883024,2024-08-04 18:20:19,SHORT,73.76999835111201,-199.99999552965164,True,,True
223,CL,Sun,18:00,In-Sample,2024-08-11T22:00:00.928310,2024-08-11 18:00:00,SHORT,77.02999827824533,99.99999776482582,True,,True
223,CL,Sun,18:00,In-Sample,2024-08-11T22:00:00.928310,2024-08-11 18:00:00,SHORT,77.02999827824533,-19.999999552965164,True,,True
223,CL,Sun,18:00,In-Sample,2024-08-18T22:00:00.025980,2024-08-18 18:00:00,SHORT,76.5299982894212,199.99999552965164,True,,True
223,CL,Sun,18:00,In-Sample,2024-08-18T22:00:00.026119,2024-08-18 18:00:00,SHORT,76.5299982894212,239.99999463558197,True,,True
223,CL,Sun,18:00,In-Sample,2024-08-25T22:01:56.566731,2024-08-25 18:01:56,SHORT,75.15999832004309,-329.9999926239252,True,,True
223,CL,Sun,18:00,In-Sample,2024-09-15T22:00:16.579228,2024-09-15 18:00:16,LONG,69.27999845147133,69.99999843537807,True,,True
223,CL,Sun,18:00,In-Sample,2024-09-15T22:00:16.579228,2024-09-15 18:00:16,LONG,69.27999845147133,-259.99999418854713,True,,True
223,CL,Sun,18:00,In-Sample,2024-09-15T22:00:16.664638,2024-09-15 18:00:16,LONG,69.27999845147133,69.99999843537807,True,,True
223,CL,Sun,18:00,In-Sample,2024-09-15T22:00:16.664638,2024-09-15 18:00:16,LONG,69.27999845147133,-259.99999418854713,True,,True
223,CL,Sun,18:00,In-Sample,2024-09-15T22:00:16.664725,2024-09-15 18:00:16,LONG,69.27999845147133,69.99999843537807,True,,True
223,CL,Sun,18:00,In-Sample,2024-09-15T22:00:16.664725,2024-09-15 18:00:16,LONG,69.27999845147133,-29.999999329447746,True,,True
223,CL,Sun,18:00,In-Sample,2024-09-15T22:01:12.123529,2024-09-15 18:01:12,SHORT,69.2999984510243,199.99999552965164,True,,True
223,CL,Sun,18:00,In-Sample,2024-09-15T22:01:12.123529,2024-09-15 18:01:12,SHORT,69.2999984510243,679.9999848008156,True,,True
223,CL,Sun,18:00,In-Sample,2024-09-15T22:01:12.182595,2024-09-15 18:01:12,SHORT,69.2999984510243,199.99999552965164,True,,True
223,CL,Sun,18:00,In-Sample,2024-09-15T22:01:12.182595,2024-09-15 18:01:12,SHORT,69.2999984510243,679.9999848008156,True,,True
223,CL,Sun,18:00,In-Sample,2024-09-15T22:01:12.182708,2024-09-15 18:01:12,SHORT,69.2999984510243,199.99999552965164,True,,True
223,CL,Sun,18:00,In-Sample,2024-09-15T22:01:12.182708,2024-09-15 18:01:12,SHORT,69.2999984510243,679.9999848008156,True,,True
223,CL,Sun,18:00,In-Sample,2024-09-15T22:01:12.369787,2024-09-15 18:01:12,SHORT,69.2999984510243,199.99999552965164,True,,True
223,CL,Sun,18:00,In-Sample,2024-09-15T22:01:12.369787,2024-09-15 18:01:12,SHORT,69.2999984510243,399.9999910593033,True,,True
223,CL,Sun,18:00,In-Sample,2024-09-15T22:09:10.970836,2024-09-15 18:09:10,SHORT,69.10999845527112,79.99999821186066,True,,True
223,CL,Sun,18:00,In-Sample,2024-09-15T22:09:10.970836,2024-09-15 18:09:10,SHORT,69.10999845527112,229.9999948590994,True,,True
223,CL,Sun,18:00,In-Sample,2024-09-22T22:05:29.217636,2024-09-22 18:05:29,SHORT,71.1899984087795,199.99999552965164,True,,True
223,CL,Sun,18:00,In-Sample,2024-09-22T22:05:29.217636,2024-09-22 18:05:29,SHORT,71.1899984087795,299.99999329447746,True,,True
223,CL,Sun,18:00,In-Sample,2024-09-22T22:09:12.280456,2024-09-22 18:09:12,SHORT,71.08999841101468,199.99999552965164,True,,True
223,CL,Sun,18:00,In-Sample,2024-09-22T22:09:12.280456,2024-09-22 18:09:12,SHORT,71.08999841101468,59.99999865889549,True,,True
223,CL,Sun,18:00,In-Sample,2024-09-29T22:00:23.866764,2024-09-29 18:00:23,LONG,68.55999846756458,-209.99999530613422,True,,True
223,CL,Sun,18:00,In-Sample,2024-09-29T22:00:23.944836,2024-09-29 18:00:23,LONG,68.55999846756458,-209.99999530613422,True,,True
223,CL,Sun,18:00,In-Sample,2024-09-29T22:01:06.021168,2024-09-29 18:01:06,LONG,68.61999846622348,-59.99999865889549,True,,True
223,CL,Sun,18:00,In-Sample,2024-09-29T22:03:45.606052,2024-09-29 18:03:45,SHORT,68.24999847449362,99.99999776482582,True,,True
223,CL,Sun,18:00,In-Sample,2024-09-29T22:03:45.606052,2024-09-29 18:03:45,SHORT,68.24999847449362,199.99999552965164,True,,True
223,CL,Sun,18:00,In-Sample,2024-09-29T22:03:45.606052,2024-09-29 18:03:45,SHORT,68.24999847449362,-9.999999776482582,True,,True
223,CL,Sun,18:00,In-Sample,2024-09-29T22:03:45.762034,2024-09-29 18:03:45,SHORT,68.24999847449362,99.99999776482582,True,,True
223,CL,Sun,18:00,In-Sample,2024-09-29T22:03:45.762087,2024-09-29 18:03:45,SHORT,68.24999847449362,269.9999939650297,True,,True
223,CL,Sun,18:00,In-Sample,2024-09-29T22:06:59.105467,2024-09-29 18:06:59,LONG,68.30999847315252,-299.99999329447746,True,,True
223,CL,Sun,18:00,In-Sample,2024-09-29T22:06:59.307742,2024-09-29 18:06:59,LONG,68.30999847315252,-299.99999329447746,True,,True
223,CL,Sun,18:00,In-Sample,2024-09-29T22:11:49.417747,2024-09-29 18:11:49,LONG,68.20999847538769,-419.99999061226845,True,,True
223,CL,Sun,18:00,In-Sample,2024-09-29T22:11:49.795239,2024-09-29 18:11:49,LONG,68.20999847538769,-119.99999731779099,True,,True
223,CL,Sun,18:00,In-Sample,2024-09-29T22:11:50.002628,2024-09-29 18:11:50,LONG,68.20999847538769,-419.99999061226845,True,,True
223,CL,Sun,18:00,In-Sample,2024-09-29T22:14:26.926404,2024-09-29 18:14:26,SHORT,68.16999847628176,199.99999552965164,True,,True
223,CL,Sun,18:00,In-Sample,2024-09-29T22:14:26.926404,2024-09-29 18:14:26,SHORT,68.16999847628176,259.99999418854713,True,,True
223,CL,Sun,18:00,In-Sample,2024-09-29T22:16:21.461949,2024-09-29 18:16:21,SHORT,68.029998479411,69.99999843537807,True,,True
223,CL,Sun,18:00,In-Sample,2024-09-29T22:16:21.461949,2024-09-29 18:16:21,SHORT,68.029998479411,149.99999664723873,True,,True
223,CL,Sun,18:00,In-Sample,2024-09-29T22:16:21.461949,2024-09-29 18:16:21,SHORT,68.029998479411,-49.99999888241291,True,,True
223,CL,Sun,18:00,In-Sample,2024-09-29T22:16:21.617504,2024-09-29 18:16:21,SHORT,68.01999847963452,69.99999843537807,True,,True
223,CL,Sun,18:00,In-Sample,2024-09-29T22:16:21.617504,2024-09-29 18:16:21,SHORT,68.01999847963452,149.99999664723873,True,,True
223,CL,Sun,18:00,In-Sample,2024-09-29T22:16:21.617504,2024-09-29 18:16:21,SHORT,68.01999847963452,-49.99999888241291,True,,True
223,CL,Sun,18:00,In-Sample,2024-09-29T22:17:50.742253,2024-09-29 18:17:50,LONG,68.03999847918749,-179.99999597668648,True,,True
223,CL,Sun,18:00,In-Sample,2024-09-29T22:19:41.071131,2024-09-29 18:19:41,LONG,68.05999847874045,-239.99999463558197,True,,True
223,CL,Sun,18:00,In-Sample,2024-09-29T22:27:10.473023,2024-09-29 18:27:10,LONG,67.98999848030508,199.99999552965164,True,,True
223,CL,Sun,18:00,In-Sample,2024-09-29T22:27:10.473236,2024-09-29 18:27:10,LONG,67.98999848030508,299.99999329447746,True,,True
223,CL,Sun,18:00,In-Sample,2024-10-06T22:00:00.977037,2024-10-06 18:00:00,SHORT,74.35999833792448,109.9999975413084,True,,True
223,CL,Sun,18:00,In-Sample,2024-10-06T22:00:00.977037,2024-10-06 18:00:00,SHORT,74.35999833792448,389.9999912828207,True,,True
223,CL,Sun,18:00,In-Sample,2024-10-06T22:00:01.184826,2024-10-06 18:00:01,SHORT,74.35999833792448,109.9999975413084,True,,True
223,CL,Sun,18:00,In-Sample,2024-10-06T22:00:01.184826,2024-10-06 18:00:01,SHORT,74.35999833792448,219.9999950826168,True,,True
223,CL,Sun,18:00,In-Sample,2024-10-06T22:00:01.184826,2024-10-06 18:00:01,SHORT,74.35999833792448,159.9999964237213,True,,True
223,CL,Sun,18:00,In-Sample,2024-10-06T22:00:01.278713,2024-10-06 18:00:01,SHORT,74.36999833770096,109.9999975413084,True,,True
223,CL,Sun,18:00,In-Sample,2024-10-06T22:00:01.278713,2024-10-06 18:00:01,SHORT,74.36999833770096,219.9999950826168,True,,True
223,CL,Sun,18:00,In-Sample,2024-10-06T22:00:01.278713,2024-10-06 18:00:01,SHORT,74.36999833770096,299.99999329447746,True,,True
223,CL,Sun,18:00,In-Sample,2024-10-06T22:00:02.720141,2024-10-06 18:00:02,LONG,74.37999833747745,-279.9999937415123,True,,True
223,CL,Sun,18:00,In-Sample,2024-10-06T22:00:08.982077,2024-10-06 18:00:08,SHORT,74.2899983394891,79.99999821186066,True,,True
223,CL,Sun,18:00,In-Sample,2024-10-06T22:00:08.982077,2024-10-06 18:00:08,SHORT,74.2899983394891,159.9999964237213,True,,True
223,CL,Sun,18:00,In-Sample,2024-10-06T22:00:08.982077,2024-10-06 18:00:08,SHORT,74.2899983394891,89.99999798834324,True,,True
223,CL,Sun,18:00,In-Sample,2024-10-06T22:00:09.062739,2024-10-06 18:00:09,SHORT,74.29999833926558,79.99999821186066,True,,True
223,CL,Sun,18:00,In-Sample,2024-10-06T22:00:09.062739,2024-10-06 18:00:09,SHORT,74.29999833926558,159.9999964237213,True,,True
223,CL,Sun,18:00,In-Sample,2024-10-06T22:00:09.062739,2024-10-06 18:00:09,SHORT,74.29999833926558,99.99999776482582,True,,True
223,CL,Sun,18:00,In-Sample,2024-10-06T22:00:15.033414,2024-10-06 18:00:15,SHORT,73.91999834775925,-559.9999874830246,True,,True
223,CL,Sun,18:00,In-Sample,2024-10-06T22:00:16.584149,2024-10-06 18:00:16,LONG,74.02999834530056,139.99999687075615,True,,True
223,CL,Sun,18:00,In-Sample,2024-10-06T22:00:16.584149,2024-10-06 18:00:16,LONG,74.02999834530056,69.99999843537807,True,,True
223,CL,Sun,18:00,In-Sample,2024-10-06T22:00:24.066068,2024-10-06 18:00:24,LONG,74.19999834150076,-119.99999731779099,True,,True
223,CL,Sun,18:00,In-Sample,2024-10-06T22:00:37.162479,2024-10-06 18:00:37,SHORT,74.09999834373593,-119.99999731779099,True,,True
223,CL,Sun,18:00,In-Sample,2024-10-06T22:00:50.067957,2024-10-06 18:00:50,SHORT,74.05999834463,-79.99999821186066,True,,True
223,CL,Sun,18:00,In-Sample,2024-10-06T22:01:06.589176,2024-10-06 18:01:06,LONG,74.15999834239483,-449.9999899417162,True,,True
223,CL,Sun,18:00,In-Sample,2024-10-06T22:01:06.605998,2024-10-06 18:01:06,LONG,74.15999834239483,-149.99999664723873,True,,True
223,CL,Sun,18:00,In-Sample,2024-10-06T22:01:06.606157,2024-10-06 18:01:06,LONG,74.15999834239483,-299.99999329447746,True,,True
223,CL,Sun,18:00,In-Sample,2024-10-06T22:01:06.606157,2024-10-06 18:01:06,LONG,74.15999834239483,-229.9999948590994,True,,True
223,CL,Sun,18:00,In-Sample,2024-10-06T22:01:07.076077,2024-10-06 18:01:07,LONG,74.15999834239483,-449.9999899417162,True,,True
223,CL,Sun,18:00,In-Sample,2024-10-06T22:01:48.126964,2024-10-06 18:01:48,SHORT,73.99999834597111,129.99999709427357,True,,True
223,CL,Sun,18:00,In-Sample,2024-10-06T22:01:48.126964,2024-10-06 18:01:48,SHORT,73.99999834597111,259.99999418854713,True,,True
223,CL,Sun,18:00,In-Sample,2024-10-06T22:01:48.126964,2024-10-06 18:01:48,SHORT,73.99999834597111,109.9999975413084,True,,True
223,CL,Sun,18:00,In-Sample,2024-10-06T22:01:48.147536,2024-10-06 18:01:48,SHORT,73.99999834597111,129.99999709427357,True,,True
223,CL,Sun,18:00,In-Sample,2024-10-06T22:01:48.147536,2024-10-06 18:01:48,SHORT,73.99999834597111,259.99999418854713,True,,True
223,CL,Sun,18:00,In-Sample,2024-10-06T22:01:48.147536,2024-10-06 18:01:48,SHORT,73.99999834597111,109.9999975413084,True,,True
223,CL,Sun,18:00,In-Sample,2024-10-06T22:01:48.303448,2024-10-06 18:01:48,SHORT,74.00999834574759,199.99999552965164,True,,True
223,CL,Sun,18:00,In-Sample,2024-10-06T22:01:48.303448,2024-10-06 18:01:48,SHORT,74.00999834574759,59.99999865889549,True,,True
223,CL,Sun,18:00,In-Sample,2024-10-06T22:01:48.303586,2024-10-06 18:01:48,SHORT,74.00999834574759,129.99999709427357,True,,True
223,CL,Sun,18:00,In-Sample,2024-10-06T22:01:48.303586,2024-10-06 18:01:48,SHORT,74.00999834574759,259.99999418854713,True,,True
223,CL,Sun,18:00,In-Sample,2024-10-06T22:01:48.303586,2024-10-06 18:01:48,SHORT,74.00999834574759,89.99999798834324,True,,True
223,CL,Sun,18:00,In-Sample,2024-10-06T22:01:48.303640,2024-10-06 18:01:48,SHORT,74.00999834574759,129.99999709427357,True,,True
223,CL,Sun,18:00,In-Sample,2024-10-06T22:01:48.303640,2024-10-06 18:01:48,SHORT,74.00999834574759,259.99999418854713,True,,True
223,CL,Sun,18:00,In-Sample,2024-10-06T22:01:48.303640,2024-10-06 18:01:48,SHORT,74.00999834574759,89.99999798834324,True,,True
223,CL,Sun,18:00,In-Sample,2024-10-06T22:02:11.138122,2024-10-06 18:02:11,LONG,74.04999834485352,-239.99999463558197,True,,True
223,CL,Sun,18:00,In-Sample,2024-10-06T22:02:11.138122,2024-10-06 18:02:11,LONG,74.04999834485352,-199.99999552965164,True,,True
223,CL,Sun,18:00,In-Sample,2024-10-06T22:03:05.132211,2024-10-06 18:03:05,LONG,73.96999834664166,-59.99999865889549,True,,True
223,CL,Sun,18:00,In-Sample,2024-10-06T22:03:05.203839,2024-10-06 18:03:05,LONG,73.97999834641814,-259.99999418854713,True,,True
223,CL,Sun,18:00,In-Sample,2024-10-06T22:03:05.203839,2024-10-06 18:03:05,LONG,73.97999834641814,-129.99999709427357,True,,True
223,CL,Sun,18:00,In-Sample,2024-10-06T22:03:18.620838,2024-10-06 18:03:18,SHORT,73.84999834932387,199.99999552965164,True,,True
223,CL,Sun,18:00,In-Sample,2024-10-06T22:03:18.620838,2024-10-06 18:03:18,SHORT,73.84999834932387,279.9999937415123,True,,True
223,CL,Sun,18:00,In-Sample,2024-10-06T22:03:18.748376,2024-10-06 18:03:18,SHORT,73.84999834932387,-359.99999195337296,True,,True
223,CL,Sun,18:00,In-Sample,2024-10-06T22:03:18.871786,2024-10-06 18:03:18,SHORT,73.84999834932387,-239.99999463558197,True,,True
223,CL,Sun,18:00,In-Sample,2024-10-06T22:03:31.753080,2024-10-06 18:03:31,LONG,73.96999834664166,-179.99999597668648,True,,True
223,CL,Sun,18:00,In-Sample,2024-10-06T22:03:31.908170,2024-10-06 18:03:31,LONG,73.96999834664166,-49.99999888241291,True,,True
223,CL,Sun,18:00,In-Sample,2024-10-06T22:03:31.908313,2024-10-06 18:03:31,LONG,73.96999834664166,-99.99999776482582,True,,True
223,CL,Sun,18:00,In-Sample,2024-10-06T22:03:31.908313,2024-10-06 18:03:31,LONG,73.96999834664166,-49.99999888241291,True,,True
223,CL,Sun,18:00,In-Sample,2024-10-06T22:03:36.690907,2024-10-06 18:03:36,LONG,73.98999834619462,-119.99999731779099,True,,True
223,CL,Sun,18:00,In-Sample,2024-10-06T22:05:07.916926,2024-10-06 18:05:07,SHORT,73.92999834753573,109.9999975413084,True,,True
223,CL,Sun,18:00,In-Sample,2024-10-06T22:05:07.916926,2024-10-06 18:05:07,SHORT,73.92999834753573,69.99999843537807,True,,True
223,CL,Sun,18:00,In-Sample,2024-10-06T22:05:10.354867,2024-10-06 18:05:10,SHORT,73.91999834775925,159.9999964237213,True,,True
223,CL,Sun,18:00,In-Sample,2024-10-06T22:06:02.343295,2024-10-06 18:06:02,SHORT,73.90999834798276,199.99999552965164,True,,True
223,CL,Sun,18:00,In-Sample,2024-10-06T22:06:02.343295,2024-10-06 18:06:02,SHORT,73.90999834798276,359.99999195337296,True,,True
223,CL,Sun,18:00,In-Sample,2024-10-06T22:07:18.364929,2024-10-06 18:07:18,SHORT,73.81999834999442,199.99999552965164,True,,True
223,CL,Sun,18:00,In-Sample,2024-10-06T22:07:18.364929,2024-10-06 18:07:18,SHORT,73.81999834999442,-99.99999776482582,True,,True
223,CL,Sun,18:00,In-Sample,2024-10-06T22:08:54.944106,2024-10-06 18:08:54,LONG,73.83999834954739,9.999999776482582,True,,True
223,CL,Sun,18:00,In-Sample,2024-10-06T22:08:54.944279,2024-10-06 18:08:54,LONG,73.83999834954739,19.999999552965164,True,,True
223,CL,Sun,18:00,In-Sample,2024-10-06T22:08:54.944279,2024-10-06 18:08:54,LONG,73.83999834954739,9.999999776482582,True,,True
223,CL,Sun,18:00,In-Sample,2024-10-06T22:09:47.928386,2024-10-06 18:09:47,LONG,73.92999834753573,-199.99999552965164,True,,True
223,CL,Sun,18:00,In-Sample,2024-10-06T22:10:01.026191,2024-10-06 18:10:01,SHORT,73.84999834932387,-239.99999463558197,True,,True
223,CL,Sun,18:00,In-Sample,2024-10-06T22:11:53.275711,2024-10-06 18:11:53,LONG,73.96999834664166,-89.99999798834324,True,,True
223,CL,Sun,18:00,In-Sample,2024-10-06T22:11:53.561442,2024-10-06 18:11:53,LONG,73.97999834641814,-419.99999061226845,True,,True
223,CL,Sun,18:00,In-Sample,2024-10-06T22:11:53.688667,2024-10-06 18:11:53,LONG,73.97999834641814,-419.99999061226845,True,,True
223,CL,Sun,18:00,In-Sample,2024-10-06T22:11:53.689006,2024-10-06 18:11:53,LONG,73.97999834641814,-419.99999061226845,True,,True
223,CL,Sun,18:00,In-Sample,2024-10-06T22:12:15.529127,2024-10-06 18:12:15,SHORT,73.87999834865332,199.99999552965164,True,,True
223,CL,Sun,18:00,In-Sample,2024-10-06T22:12:15.529127,2024-10-06 18:12:15,SHORT,73.87999834865332,169.9999962002039,True,,True
223,CL,Sun,18:00,In-Sample,2024-10-06T22:13:17.046461,2024-10-06 18:13:17,SHORT,73.84999834932387,119.99999731779099,True,,True
223,CL,Sun,18:00,In-Sample,2024-10-06T22:13:17.046461,2024-10-06 18:13:17,SHORT,73.84999834932387,109.9999975413084,True,,True
223,CL,Sun,18:00,In-Sample,2024-10-06T22:13:38.166738,2024-10-06 18:13:38,SHORT,73.83999834954739,199.99999552965164,True,,True
223,CL,Sun,18:00,In-Sample,2024-10-06T22:13:38.166738,2024-10-06 18:13:38,SHORT,73.83999834954739,79.99999821186066,True,,True
223,CL,Sun,18:00,In-Sample,2024-10-06T22:13:38.289224,2024-10-06 18:13:38,SHORT,73.83999834954739,149.99999664723873,True,,True
223,CL,Sun,18:00,In-Sample,2024-10-06T22:13:38.289224,2024-10-06 18:13:38,SHORT,73.83999834954739,79.99999821186066,True,,True
223,CL,Sun,18:00,In-Sample,2024-10-06T22:13:38.289651,2024-10-06 18:13:38,SHORT,73.83999834954739,149.99999664723873,True,,True
223,CL,Sun,18:00,In-Sample,2024-10-06T22:13:38.289651,2024-10-06 18:13:38,SHORT,73.83999834954739,79.99999821186066,True,,True
223,CL,Sun,18:00,In-Sample,2024-10-06T22:13:38.289731,2024-10-06 18:13:38,SHORT,73.83999834954739,149.99999664723873,True,,True
223,CL,Sun,18:00,In-Sample,2024-10-06T22:13:38.289731,2024-10-06 18:13:38,SHORT,73.83999834954739,-299.99999329447746,True,,True
223,CL,Sun,18:00,In-Sample,2024-10-06T22:14:17.205302,2024-10-06 18:14:17,SHORT,73.77999835088849,-299.99999329447746,True,,True
223,CL,Sun,18:00,In-Sample,2024-10-06T22:14:44.804897,2024-10-06 18:14:44,SHORT,73.66999835334718,-899.9999798834324,True,,True
223,CL,Sun,18:00,In-Sample,2024-10-06T22:14:44.805040,2024-10-06 18:14:44,SHORT,73.66999835334718,-899.9999798834324,True,,True
223,CL,Sun,18:00,In-Sample,2024-10-06T22:14:56.570153,2024-10-06 18:14:56,SHORT,73.61999835446477,-359.99999195337296,True,,True
223,CL,Sun,18:00,In-Sample,2024-10-06T22:14:56.808529,2024-10-06 18:14:56,SHORT,73.61999835446477,-779.9999825656414,True,,True
223,CL,Sun,18:00,In-Sample,2024-10-06T22:15:08.374327,2024-10-06 18:15:08,LONG,73.70999835245311,-29.999999329447746,True,,True
223,CL,Sun,18:00,In-Sample,2024-10-06T22:17:46.774392,2024-10-06 18:17:46,LONG,73.77999835088849,-239.99999463558197,True,,True
223,CL,Sun,18:00,In-Sample,2024-10-06T22:17:55.403675,2024-10-06 18:17:55,LONG,73.79999835044146,-509.9999886006117,True,,True
223,CL,Sun,18:00,In-Sample,2024-10-06T22:18:25.334385,2024-10-06 18:18:25,SHORT,73.67999835312366,-239.99999463558197,True,,True
223,CL,Sun,18:00,In-Sample,2024-10-06T22:22:09.610004,2024-10-06 18:22:09,LONG,73.79999835044146,-49.99999888241291,True,,True
223,CL,Sun,18:00,In-Sample,2024-10-06T22:23:21.942781,2024-10-06 18:23:21,SHORT,73.74999835155904,39.99999910593033,True,,True
223,CL,Sun,18:00,In-Sample,2024-10-06T22:24:25.001097,2024-10-06 18:24:25,SHORT,73.68999835290015,-99.99999776482582,True,,True
223,CL,Sun,18:00,In-Sample,2024-10-06T22:25:15.570887,2024-10-06 18:25:15,SHORT,73.62999835424125,-419.99999061226845,True,,True
223,CL,Sun,18:00,In-Sample,2024-10-06T22:25:15.695556,2024-10-06 18:25:15,SHORT,73.62999835424125,-419.99999061226845,True,,True
223,CL,Sun,18:00,In-Sample,2024-10-06T22:25:15.695707,2024-10-06 18:25:15,SHORT,73.62999835424125,-419.99999061226845,True,,True
223,CL,Sun,18:00,In-Sample,2024-10-06T22:26:28.441552,2024-10-06 18:26:28,LONG,73.72999835200608,199.99999552965164,True,,True
223,CL,Sun,18:00,In-Sample,2024-10-06T22:26:28.441552,2024-10-06 18:26:28,LONG,73.72999835200608,439.9999901652336,True,,True
223,CL,Sun,18:00,In-Sample,2024-10-06T22:26:28.527409,2024-10-06 18:26:28,LONG,73.72999835200608,199.99999552965164,True,,True
223,CL,Sun,18:00,In-Sample,2024-10-06T22:26:28.715673,2024-10-06 18:26:28,LONG,73.72999835200608,199.99999552965164,True,,True
223,CL,Sun,18:00,In-Sample,2024-10-06T22:26:28.715870,2024-10-06 18:26:28,LONG,73.72999835200608,439.9999901652336,True,,True
223,CL,Sun,18:00,In-Sample,2024-10-06T22:26:28.715870,2024-10-06 18:26:28,LONG,73.72999835200608,299.99999329447746,True,,True
223,CL,Sun,18:00,In-Sample,2024-10-06T22:26:51.031976,2024-10-06 18:26:51,LONG,73.73999835178256,129.99999709427357,True,,True
223,CL,Sun,18:00,In-Sample,2024-10-06T22:26:51.031976,2024-10-06 18:26:51,LONG,73.73999835178256,159.9999964237213,True,,True
223,CL,Sun,18:00,In-Sample,2024-10-06T22:28:31.209628,2024-10-06 18:28:31,LONG,73.76999835111201,199.99999552965164,True,,True
223,CL,Sun,18:00,In-Sample,2024-10-06T22:28:31.209628,2024-10-06 18:28:31,LONG,73.76999835111201,199.99999552965164,True,,True
223,CL,Sun,18:00,In-Sample,2024-10-06T22:28:31.337619,2024-10-06 18:28:31,LONG,73.76999835111201,159.9999964237213,True,,True
223,CL,Sun,18:00,In-Sample,2024-10-06T22:28:31.337619,2024-10-06 18:28:31,LONG,73.76999835111201,199.99999552965164,True,,True
223,CL,Sun,18:00,In-Sample,2024-10-06T22:28:31.337822,2024-10-06 18:28:31,LONG,73.76999835111201,159.9999964237213,True,,True
223,CL,Sun,18:00,In-Sample,2024-10-06T22:28:31.337822,2024-10-06 18:28:31,LONG,73.76999835111201,199.99999552965164,True,,True
223,CL,Sun,18:00,In-Sample,2024-10-13T22:00:00.857564,2024-10-13 18:00:00,SHORT,74.9799983240664,99.99999776482582,True,,True
223,CL,Sun,18:00,In-Sample,2024-10-13T22:00:00.857564,2024-10-13 18:00:00,SHORT,74.9799983240664,199.99999552965164,True,,True
223,CL,Sun,18:00,In-Sample,2024-10-13T22:00:00.857564,2024-10-13 18:00:00,SHORT,74.9799983240664,469.99998949468136,True,,True
223,CL,Sun,18:00,In-Sample,2024-10-13T22:10:21.516008,2024-10-13 18:10:21,LONG,74.7499983292073,-419.99999061226845,True,,True
223,CL,Sun,18:00,In-Sample,2024-10-13T22:15:44.315280,2024-10-13 18:15:44,SHORT,74.60999833233654,199.99999552965164,True,,True
223,CL,Sun,18:00,In-Sample,2024-10-13T22:15:44.315280,2024-10-13 18:15:44,SHORT,74.60999833233654,59.99999865889549,True,,True
223,CL,Sun,18:00,In-Sample,2024-10-13T22:25:41.101033,2024-10-13 18:25:41,SHORT,74.39999833703041,99.99999776482582,True,,True
223,CL,Sun,18:00,In-Sample,2024-10-13T22:25:41.101033,2024-10-13 18:25:41,SHORT,74.39999833703041,199.99999552965164,True,,True
223,CL,Sun,18:00,In-Sample,2024-10-13T22:25:41.101420,2024-10-13 18:25:41,SHORT,74.39999833703041,199.99999552965164,True,,True
223,CL,Sun,18:00,In-Sample,2024-10-13T22:25:41.194005,2024-10-13 18:25:41,SHORT,74.39999833703041,99.99999776482582,True,,True
223,CL,Sun,18:00,In-Sample,2024-10-13T22:25:41.194005,2024-10-13 18:25:41,SHORT,74.39999833703041,199.99999552965164,True,,True
223,CL,Sun,18:00,In-Sample,2024-10-13T22:25:41.319992,2024-10-13 18:25:41,SHORT,74.38999833725393,99.99999776482582,True,,True
223,CL,Sun,18:00,In-Sample,2024-10-13T22:25:41.319992,2024-10-13 18:25:41,SHORT,74.38999833725393,199.99999552965164,True,,True
223,CL,Sun,18:00,In-Sample,2024-10-13T22:29:39.999228,2024-10-13 18:29:39,LONG,74.5799983330071,-509.9999886006117,True,,True
223,CL,Sun,18:00,In-Sample,2024-10-20T22:14:06.189454,2024-10-20 18:14:06,SHORT,68.84999846108258,199.99999552965164,True,,True
223,CL,Sun,18:00,In-Sample,2024-10-20T22:14:06.189454,2024-10-20 18:14:06,SHORT,68.84999846108258,379.9999915063381,True,,True
223,CL,Sun,18:00,In-Sample,2024-10-20T22:23:39.341469,2024-10-20 18:23:39,SHORT,68.63999846577644,-449.9999899417162,True,,True
223,CL,Sun,18:00,In-Sample,2024-10-20T22:28:54.347267,2024-10-20 18:28:54,SHORT,68.52999846823514,-929.9999792128801,True,,True
223,CL,Sun,18:00,In-Sample,2024-10-27T22:00:00.216908,2024-10-27 18:00:00,SHORT,68.76999846287072,-219.9999950826168,True,,True
223,CL,Sun,18:00,In-Sample,2024-10-27T22:00:00.810927,2024-10-27 18:00:00,SHORT,68.80999846197665,-329.9999926239252,True,,True
223,CL,Sun,18:00,In-Sample,2024-10-27T22:00:01.810726,2024-10-27 18:00:01,LONG,68.91999845951796,-719.9999839067459,True,,True
223,CL,Sun,18:00,In-Sample,2024-10-27T22:00:05.716978,2024-10-27 18:00:05,SHORT,68.67999846488237,109.9999975413084,True,,True
223,CL,Sun,18:00,In-Sample,2024-10-27T22:00:05.716978,2024-10-27 18:00:05,SHORT,68.67999846488237,229.9999948590994,True,,True
223,CL,Sun,18:00,In-Sample,2024-10-27T22:00:05.716978,2024-10-27 18:00:05,SHORT,68.67999846488237,669.999985024333,True,,True
223,CL,Sun,18:00,In-Sample,2024-10-27T22:00:05.811675,2024-10-27 18:00:05,SHORT,68.67999846488237,199.99999552965164,True,,True
223,CL,Sun,18:00,In-Sample,2024-10-27T22:00:05.811675,2024-10-27 18:00:05,SHORT,68.67999846488237,359.99999195337296,True,,True
223,CL,Sun,18:00,In-Sample,2024-10-27T22:00:05.811728,2024-10-27 18:00:05,SHORT,68.67999846488237,189.99999575316906,True,,True
223,CL,Sun,18:00,In-Sample,2024-10-27T22:00:05.811728,2024-10-27 18:00:05,SHORT,68.67999846488237,369.99999172985554,True,,True
223,CL,Sun,18:00,In-Sample,2024-10-27T22:00:05.811728,2024-10-27 18:00:05,SHORT,68.67999846488237,729.9999836832285,True,,True
223,CL,Sun,18:00,In-Sample,2024-10-27T22:00:06.613091,2024-10-27 18:00:06,LONG,68.59999846667051,69.99999843537807,True,,True
223,CL,Sun,18:00,In-Sample,2024-10-27T22:00:09.657329,2024-10-27 18:00:09,LONG,68.65999846532941,59.99999865889549,True,,True
223,CL,Sun,18:00,In-Sample,2024-10-27T22:00:10.511989,2024-10-27 18:00:10,SHORT,68.67999846488237,59.99999865889549,True,,True
223,CL,Sun,18:00,In-Sample,2024-10-27T22:00:10.721445,2024-10-27 18:00:10,SHORT,68.59999846667051,199.99999552965164,True,,True
223,CL,Sun,18:00,In-Sample,2024-10-27T22:00:10.721445,2024-10-27 18:00:10,SHORT,68.59999846667051,599.9999865889549,True,,True
223,CL,Sun,18:00,In-Sample,2024-10-27T22:00:10.721445,2024-10-27 18:00:10,SHORT,68.59999846667051,349.9999921768904,True,,True
223,CL,Sun,18:00,In-Sample,2024-10-27T22:00:11.917889,2024-10-27 18:00:11,SHORT,68.609998466447,119.99999731779099,True,,True
223,CL,Sun,18:00,In-Sample,2024-10-27T22:00:12.637293,2024-10-27 18:00:12,SHORT,68.53999846801162,219.9999950826168,True,,True
223,CL,Sun,18:00,In-Sample,2024-10-27T22:00:12.637293,2024-10-27 18:00:12,SHORT,68.53999846801162,539.9999879300594,True,,True
223,CL,Sun,18:00,In-Sample,2024-10-27T22:00:19.219682,2024-10-27 18:00:19,SHORT,68.35999847203493,299.99999329447746,True,,True
223,CL,Sun,18:00,In-Sample,2024-10-27T22:00:19.219682,2024-10-27 18:00:19,SHORT,68.35999847203493,39.99999910593033,True,,True
223,CL,Sun,18:00,In-Sample,2024-10-27T22:00:19.219848,2024-10-27 18:00:19,SHORT,68.35999847203493,149.99999664723873,True,,True
223,CL,Sun,18:00,In-Sample,2024-10-27T22:00:19.219848,2024-10-27 18:00:19,SHORT,68.35999847203493,299.99999329447746,True,,True
223,CL,Sun,18:00,In-Sample,2024-10-27T22:00:19.219848,2024-10-27 18:00:19,SHORT,68.35999847203493,359.99999195337296,True,,True
223,CL,Sun,18:00,In-Sample,2024-10-27T22:00:19.814014,2024-10-27 18:00:19,SHORT,68.35999847203493,99.99999776482582,True,,True
223,CL,Sun,18:00,In-Sample,2024-10-27T22:00:19.814014,2024-10-27 18:00:19,SHORT,68.35999847203493,199.99999552965164,True,,True
223,CL,Sun,18:00,In-Sample,2024-10-27T22:00:19.814014,2024-10-27 18:00:19,SHORT,68.35999847203493,449.9999899417162,True,,True
223,CL,Sun,18:00,In-Sample,2024-10-27T22:00:22.635049,2024-10-27 18:00:22,SHORT,68.319998472929,149.99999664723873,True,,True
223,CL,Sun,18:00,In-Sample,2024-10-27T22:00:22.635049,2024-10-27 18:00:22,SHORT,68.319998472929,299.99999329447746,True,,True
223,CL,Sun,18:00,In-Sample,2024-10-27T22:00:22.635049,2024-10-27 18:00:22,SHORT,68.319998472929,339.9999924004078,True,,True
223,CL,Sun,18:00,In-Sample,2024-10-27T22:00:23.814515,2024-10-27 18:00:23,SHORT,68.30999847315252,-209.99999530613422,True,,True
223,CL,Sun,18:00,In-Sample,2024-10-27T22:00:30.222100,2024-10-27 18:00:30,LONG,68.36999847181141,-299.99999329447746,True,,True
223,CL,Sun,18:00,In-Sample,2024-10-27T22:00:30.377811,2024-10-27 18:00:30,LONG,68.3799984715879,-329.9999926239252,True,,True
223,CL,Sun,18:00,In-Sample,2024-10-27T22:00:37.348481,2024-10-27 18:00:37,SHORT,68.2599984742701,199.99999552965164,True,,True
223,CL,Sun,18:00,In-Sample,2024-10-27T22:00:37.348481,2024-10-27 18:00:37,SHORT,68.2599984742701,-259.99999418854713,True,,True
223,CL,Sun,18:00,In-Sample,2024-10-27T22:00:50.855254,2024-10-27 18:00:50,LONG,67.99999848008156,-79.99999821186066,True,,True
223,CL,Sun,18:00,In-Sample,2024-10-27T22:01:02.855996,2024-10-27 18:01:02,SHORT,67.80999848432839,-509.9999886006117,True,,True
223,CL,Sun,18:00,In-Sample,2024-10-27T22:01:13.731630,2024-10-27 18:01:13,SHORT,67.95999848097563,-79.99999821186066,True,,True
223,CL,Sun,18:00,In-Sample,2024-10-27T22:01:13.827588,2024-10-27 18:01:13,SHORT,67.96999848075211,-239.99999463558197,True,,True
223,CL,Sun,18:00,In-Sample,2024-10-27T22:01:21.734736,2024-10-27 18:01:21,LONG,67.99999848008156,239.99999463558197,True,,True
223,CL,Sun,18:00,In-Sample,2024-10-27T22:01:21.828458,2024-10-27 18:01:21,LONG,68.04999847896397,179.99999597668648,True,,True
223,CL,Sun,18:00,In-Sample,2024-10-27T22:01:22.734262,2024-10-27 18:01:22,LONG,68.07999847829342,-29.999999329447746,True,,True
223,CL,Sun,18:00,In-Sample,2024-10-27T22:01:42.154964,2024-10-27 18:01:42,SHORT,68.09999847784638,-269.9999939650297,True,,True
223,CL,Sun,18:00,In-Sample,2024-10-27T22:01:42.238132,2024-10-27 18:01:42,SHORT,68.09999847784638,-269.9999939650297,True,,True
223,CL,Sun,18:00,In-Sample,2024-10-27T22:02:23.276978,2024-10-27 18:02:23,SHORT,68.10999847762287,-209.99999530613422,True,,True
223,CL,Sun,18:00,In-Sample,2024-10-27T22:03:04.259459,2024-10-27 18:03:04,SHORT,68.11999847739935,189.99999575316906,True,,True
223,CL,Sun,18:00,In-Sample,2024-10-27T22:03:04.259459,2024-10-27 18:03:04,SHORT,68.11999847739935,79.99999821186066,True,,True
223,CL,Sun,18:00,In-Sample,2024-10-27T22:03:06.755481,2024-10-27 18:03:06,SHORT,68.09999847784638,199.99999552965164,True,,True
223,CL,Sun,18:00,In-Sample,2024-10-27T22:03:06.755481,2024-10-27 18:03:06,SHORT,68.09999847784638,239.99999463558197,True,,True
223,CL,Sun,18:00,In-Sample,2024-10-27T22:03:06.755643,2024-10-27 18:03:06,SHORT,68.09999847784638,199.99999552965164,True,,True
223,CL,Sun,18:00,In-Sample,2024-10-27T22:03:06.755643,2024-10-27 18:03:06,SHORT,68.09999847784638,239.99999463558197,True,,True
223,CL,Sun,18:00,In-Sample,2024-10-27T22:03:07.256147,2024-10-27 18:03:07,SHORT,68.06999847851694,-29.999999329447746,True,,True
223,CL,Sun,18:00,In-Sample,2024-10-27T22:03:07.256266,2024-10-27 18:03:07,SHORT,68.06999847851694,-419.99999061226845,True,,True
223,CL,Sun,18:00,In-Sample,2024-10-27T22:03:07.256424,2024-10-27 18:03:07,SHORT,68.06999847851694,-29.999999329447746,True,,True
223,CL,Sun,18:00,In-Sample,2024-10-27T22:04:00.196206,2024-10-27 18:04:00,SHORT,68.03999847918749,-209.99999530613422,True,,True
223,CL,Sun,18:00,In-Sample,2024-10-27T22:04:00.393572,2024-10-27 18:04:00,SHORT,68.03999847918749,-209.99999530613422,True,,True
223,CL,Sun,18:00,In-Sample,2024-10-27T22:04:07.682899,2024-10-27 18:04:07,LONG,68.10999847762287,-239.99999463558197,True,,True
223,CL,Sun,18:00,In-Sample,2024-10-27T22:04:07.769518,2024-10-27 18:04:07,LONG,68.10999847762287,-239.99999463558197,True,,True
223,CL,Sun,18:00,In-Sample,2024-10-27T22:04:07.894690,2024-10-27 18:04:07,LONG,68.10999847762287,-239.99999463558197,True,,True
223,CL,Sun,18:00,In-Sample,2024-10-27T22:05:59.222972,2024-10-27 18:05:59,LONG,67.98999848030508,199.99999552965164,True,,True
223,CL,Sun,18:00,In-Sample,2024-10-27T22:05:59.222972,2024-10-27 18:05:59,LONG,67.98999848030508,439.9999901652336,True,,True
223,CL,Sun,18:00,In-Sample,2024-10-27T22:05:59.424674,2024-10-27 18:05:59,LONG,67.98999848030508,199.99999552965164,True,,True
223,CL,Sun,18:00,In-Sample,2024-10-27T22:05:59.424674,2024-10-27 18:05:59,LONG,67.98999848030508,439.9999901652336,True,,True
223,CL,Sun,18:00,In-Sample,2024-10-27T22:06:13.711045,2024-10-27 18:06:13,LONG,68.07999847829342,-99.99999776482582,True,,True
223,CL,Sun,18:00,In-Sample,2024-10-27T22:06:13.930522,2024-10-27 18:06:13,LONG,68.07999847829342,-179.99999597668648,True,,True
223,CL,Sun,18:00,In-Sample,2024-10-27T22:06:13.930664,2024-10-27 18:06:13,LONG,68.07999847829342,-179.99999597668648,True,,True
223,CL,Sun,18:00,In-Sample,2024-10-27T22:06:13.930901,2024-10-27 18:06:13,LONG,68.07999847829342,-179.99999597668648,True,,True
223,CL,Sun,18:00,In-Sample,2024-10-27T22:07:04.846428,2024-10-27 18:07:04,SHORT,68.029998479411,-119.99999731779099,True,,True
223,CL,Sun,18:00,In-Sample,2024-10-27T22:07:23.975688,2024-10-27 18:07:23,SHORT,68.01999847963452,-119.99999731779099,True,,True
223,CL,Sun,18:00,In-Sample,2024-10-27T22:07:23.975827,2024-10-27 18:07:23,SHORT,68.01999847963452,-119.99999731779099,True,,True
223,CL,Sun,18:00,In-Sample,2024-10-27T22:07:23.975977,2024-10-27 18:07:23,SHORT,68.01999847963452,-119.99999731779099,True,,True
223,CL,Sun,18:00,In-Sample,2024-10-27T22:09:58.825640,2024-10-27 18:09:58,LONG,68.029998479411,109.9999975413084,True,,True
223,CL,Sun,18:00,In-Sample,2024-10-27T22:09:58.825640,2024-10-27 18:09:58,LONG,68.029998479411,339.9999924004078,True,,True
223,CL,Sun,18:00,In-Sample,2024-10-27T22:10:22.431038,2024-10-27 18:10:22,LONG,68.05999847874045,269.9999939650297,True,,True
223,CL,Sun,18:00,In-Sample,2024-10-27T22:10:22.431038,2024-10-27 18:10:22,LONG,68.05999847874045,279.9999937415123,True,,True
223,CL,Sun,18:00,In-Sample,2024-10-27T22:10:22.431174,2024-10-27 18:10:22,LONG,68.05999847874045,269.9999939650297,True,,True
223,CL,Sun,18:00,In-Sample,2024-10-27T22:10:22.431174,2024-10-27 18:10:22,LONG,68.05999847874045,279.9999937415123,True,,True
223,CL,Sun,18:00,In-Sample,2024-10-27T22:10:22.431312,2024-10-27 18:10:22,LONG,68.05999847874045,199.99999552965164,True,,True
223,CL,Sun,18:00,In-Sample,2024-10-27T22:10:22.431312,2024-10-27 18:10:22,LONG,68.05999847874045,299.99999329447746,True,,True
223,CL,Sun,18:00,In-Sample,2024-10-27T22:10:38.342423,2024-10-27 18:10:38,LONG,68.0899984780699,159.9999964237213,True,,True
223,CL,Sun,18:00,In-Sample,2024-10-27T22:10:38.342423,2024-10-27 18:10:38,LONG,68.0899984780699,309.99999307096004,True,,True
223,CL,Sun,18:00,In-Sample,2024-10-27T22:10:38.342423,2024-10-27 18:10:38,LONG,68.0899984780699,129.99999709427357,True,,True
223,CL,Sun,18:00,In-Sample,2024-10-27T22:10:38.434039,2024-10-27 18:10:38,LONG,68.0899984780699,159.9999964237213,True,,True
223,CL,Sun,18:00,In-Sample,2024-10-27T22:10:38.434039,2024-10-27 18:10:38,LONG,68.0899984780699,109.9999975413084,True,,True
223,CL,Sun,18:00,In-Sample,2024-10-27T22:10:38.558852,2024-10-27 18:10:38,LONG,68.0899984780699,159.9999964237213,True,,True
223,CL,Sun,18:00,In-Sample,2024-10-27T22:10:38.558852,2024-10-27 18:10:38,LONG,68.0899984780699,109.9999975413084,True,,True
223,CL,Sun,18:00,In-Sample,2024-10-27T22:10:38.558966,2024-10-27 18:10:38,LONG,68.0899984780699,159.9999964237213,True,,True
223,CL,Sun,18:00,In-Sample,2024-10-27T22:10:38.558966,2024-10-27 18:10:38,LONG,68.0899984780699,109.9999975413084,True,,True
223,CL,Sun,18:00,In-Sample,2024-10-27T22:10:38.559031,2024-10-27 18:10:38,LONG,68.0899984780699,159.9999964237213,True,,True
223,CL,Sun,18:00,In-Sample,2024-10-27T22:10:38.559031,2024-10-27 18:10:38,LONG,68.0899984780699,309.99999307096004,True,,True
223,CL,Sun,18:00,In-Sample,2024-10-27T22:10:38.559031,2024-10-27 18:10:38,LONG,68.0899984780699,129.99999709427357,True,,True
223,CL,Sun,18:00,In-Sample,2024-10-27T22:11:51.451176,2024-10-27 18:11:51,SHORT,68.17999847605824,-299.99999329447746,True,,True
223,CL,Sun,18:00,In-Sample,2024-10-27T22:12:12.361478,2024-10-27 18:12:12,LONG,68.38999847136438,379.9999915063381,True,,True
223,CL,Sun,18:00,In-Sample,2024-10-27T22:12:26.931311,2024-10-27 18:12:26,SHORT,68.28999847359955,89.99999798834324,True,,True
223,CL,Sun,18:00,In-Sample,2024-10-27T22:12:27.837052,2024-10-27 18:12:27,SHORT,68.26999847404659,19.999999552965164,True,,True
223,CL,Sun,18:00,In-Sample,2024-10-27T22:12:46.087970,2024-10-27 18:12:46,SHORT,68.20999847538769,-659.9999852478504,True,,True
223,CL,Sun,18:00,In-Sample,2024-10-27T22:13:35.946036,2024-10-27 18:13:35,LONG,68.2599984742701,99.99999776482582,True,,True
223,CL,Sun,18:00,In-Sample,2024-10-27T22:13:35.946036,2024-10-27 18:13:35,LONG,68.2599984742701,89.99999798834324,True,,True
223,CL,Sun,18:00,In-Sample,2024-10-27T22:13:35.946087,2024-10-27 18:13:35,LONG,68.2599984742701,179.99999597668648,True,,True
223,CL,Sun,18:00,In-Sample,2024-10-27T22:13:35.946237,2024-10-27 18:13:35,LONG,68.2599984742701,269.9999939650297,True,,True
223,CL,Sun,18:00,In-Sample,2024-10-27T22:14:11.482242,2024-10-27 18:14:11,LONG,68.2599984742701,199.99999552965164,True,,True
223,CL,Sun,18:00,In-Sample,2024-10-27T22:14:28.893887,2024-10-27 18:14:28,LONG,68.319998472929,189.99999575316906,True,,True
223,CL,Sun,18:00,In-Sample,2024-10-27T22:14:28.893887,2024-10-27 18:14:28,LONG,68.319998472929,119.99999731779099,True,,True
223,CL,Sun,18:00,In-Sample,2024-10-27T22:14:29.358120,2024-10-27 18:14:29,LONG,68.319998472929,199.99999552965164,True,,True
223,CL,Sun,18:00,In-Sample,2024-10-27T22:14:29.358120,2024-10-27 18:14:29,LONG,68.319998472929,159.9999964237213,True,,True
223,CL,Sun,18:00,In-Sample,2024-10-27T22:14:29.424495,2024-10-27 18:14:29,LONG,68.319998472929,189.99999575316906,True,,True
223,CL,Sun,18:00,In-Sample,2024-10-27T22:14:29.424495,2024-10-27 18:14:29,LONG,68.319998472929,59.99999865889549,True,,True
223,CL,Sun,18:00,In-Sample,2024-10-27T22:14:42.878687,2024-10-27 18:14:42,LONG,68.35999847203493,199.99999552965164,True,,True
223,CL,Sun,18:00,In-Sample,2024-10-27T22:14:42.928693,2024-10-27 18:14:42,LONG,68.35999847203493,99.99999776482582,True,,True
223,CL,Sun,18:00,In-Sample,2024-10-27T22:14:42.928693,2024-10-27 18:14:42,LONG,68.35999847203493,199.99999552965164,True,,True
223,CL,Sun,18:00,In-Sample,2024-10-27T22:14:42.928693,2024-10-27 18:14:42,LONG,68.35999847203493,19.999999552965164,True,,True
223,CL,Sun,18:00,In-Sample,2024-10-27T22:14:43.034661,2024-10-27 18:14:43,LONG,68.35999847203493,99.99999776482582,True,,True
223,CL,Sun,18:00,In-Sample,2024-10-27T22:14:43.034661,2024-10-27 18:14:43,LONG,68.35999847203493,39.99999910593033,True,,True
223,CL,Sun,18:00,In-Sample,2024-10-27T22:15:35.973439,2024-10-27 18:15:35,SHORT,68.34999847225845,-239.99999463558197,True,,True
223,CL,Sun,18:00,In-Sample,2024-10-27T22:15:36.973899,2024-10-27 18:15:36,SHORT,68.319998472929,-329.9999926239252,True,,True
223,CL,Sun,18:00,In-Sample,2024-10-27T22:15:37.098633,2024-10-27 18:15:37,SHORT,68.319998472929,-329.9999926239252,True,,True
223,CL,Sun,18:00,In-Sample,2024-10-27T22:16:59.122034,2024-10-27 18:16:59,LONG,68.45999846979976,99.99999776482582,True,,True
223,CL,Sun,18:00,In-Sample,2024-10-27T22:16:59.122034,2024-10-27 18:16:59,LONG,68.45999846979976,0.0,True,,True
223,CL,Sun,18:00,In-Sample,2024-10-27T22:18:35.938582,2024-10-27 18:18:35,SHORT,68.41999847069383,-209.99999530613422,True,,True
223,CL,Sun,18:00,In-Sample,2024-10-27T22:18:37.440914,2024-10-27 18:18:37,SHORT,68.41999847069383,-119.99999731779099,True,,True
223,CL,Sun,18:00,In-Sample,2024-10-27T22:18:41.516634,2024-10-27 18:18:41,SHORT,68.36999847181141,-449.9999899417162,True,,True
223,CL,Sun,18:00,In-Sample,2024-10-27T22:18:41.516684,2024-10-27 18:18:41,SHORT,68.36999847181141,-449.9999899417162,True,,True
223,CL,Sun,18:00,In-Sample,2024-10-27T22:18:42.172687,2024-10-27 18:18:42,SHORT,68.36999847181141,-449.9999899417162,True,,True
223,CL,Sun,18:00,In-Sample,2024-10-27T22:18:42.172922,2024-10-27 18:18:42,SHORT,68.36999847181141,-449.9999899417162,True,,True
223,CL,Sun,18:00,In-Sample,2024-10-27T22:18:42.172982,2024-10-27 18:18:42,SHORT,68.36999847181141,-479.99998927116394,True,,True
223,CL,Sun,18:00,In-Sample,2024-10-27T22:18:43.516634,2024-10-27 18:18:43,LONG,68.4899984691292,-419.99999061226845,True,,True
223,CL,Sun,18:00,In-Sample,2024-10-27T22:22:54.529876,2024-10-27 18:22:54,SHORT,68.51999846845865,199.99999552965164,True,,True
223,CL,Sun,18:00,In-Sample,2024-10-27T22:22:54.529876,2024-10-27 18:22:54,SHORT,68.51999846845865,239.99999463558197,True,,True
223,CL,Sun,18:00,In-Sample,2024-10-27T22:23:01.602687,2024-10-27 18:23:01,SHORT,68.4899984691292,99.99999776482582,True,,True
223,CL,Sun,18:00,In-Sample,2024-10-27T22:23:01.602687,2024-10-27 18:23:01,SHORT,68.4899984691292,89.99999798834324,True,,True
223,CL,Sun,18:00,In-Sample,2024-10-27T22:23:03.725439,2024-10-27 18:23:03,SHORT,68.46999846957624,149.99999664723873,True,,True
223,CL,Sun,18:00,In-Sample,2024-10-27T22:23:03.725439,2024-10-27 18:23:03,SHORT,68.46999846957624,-39.99999910593033,True,,True
223,CL,Sun,18:00,In-Sample,2024-10-27T22:23:03.725528,2024-10-27 18:23:03,SHORT,68.46999846957624,149.99999664723873,True,,True
223,CL,Sun,18:00,In-Sample,2024-10-27T22:23:03.725528,2024-10-27 18:23:03,SHORT,68.46999846957624,-39.99999910593033,True,,True
223,CL,Sun,18:00,In-Sample,2024-10-27T22:23:03.725683,2024-10-27 18:23:03,SHORT,68.46999846957624,-119.99999731779099,True,,True
223,CL,Sun,18:00,In-Sample,2024-10-27T22:25:13.634152,2024-10-27 18:25:13,LONG,68.43999847024679,29.999999329447746,True,,True
223,CL,Sun,18:00,In-Sample,2024-10-27T22:27:04.802248,2024-10-27 18:27:04,LONG,68.50999846868217,59.99999865889549,True,,True
223,CL,Sun,18:00,In-Sample,2024-10-27T22:28:53.159550,2024-10-27 18:28:53,SHORT,68.47999846935272,109.9999975413084,True,,True
223,CL,Sun,18:00,In-Sample,2024-10-27T22:28:53.159550,2024-10-27 18:28:53,SHORT,68.47999846935272,19.999999552965164,True,,True
223,CL,Sun,18:00,In-Sample,2024-11-03T23:01:56.938604,2024-11-03 18:01:56,SHORT,70.34999842755497,-659.9999852478504,True,,True
223,CL,Sun,18:00,In-Sample,2024-11-03T23:02:12.021095,2024-11-03 18:02:12,LONG,70.41999842599034,-299.99999329447746,True,,True
223,CL,Sun,18:00,In-Sample,2024-11-03T23:02:12.204829,2024-11-03 18:02:12,LONG,70.41999842599034,-299.99999329447746,True,,True
223,CL,Sun,18:00,In-Sample,2024-11-03T23:02:24.643460,2024-11-03 18:02:24,LONG,70.41999842599034,-159.9999964237213,True,,True
223,CL,Sun,18:00,In-Sample,2024-11-03T23:08:45.234434,2024-11-03 18:08:45,LONG,70.33999842777848,179.99999597668648,True,,True
223,CL,Sun,18:00,In-Sample,2024-11-03T23:08:45.406559,2024-11-03 18:08:45,LONG,70.33999842777848,199.99999552965164,True,,True
223,CL,Sun,18:00,In-Sample,2024-11-03T23:08:45.406766,2024-11-03 18:08:45,LONG,70.33999842777848,199.99999552965164,True,,True
223,CL,Sun,18:00,In-Sample,2024-11-03T23:08:45.406766,2024-11-03 18:08:45,LONG,70.33999842777848,379.9999915063381,True,,True
223,CL,Sun,18:00,In-Sample,2024-11-03T23:09:25.378140,2024-11-03 18:09:25,LONG,70.41999842599034,139.99999687075615,True,,True
223,CL,Sun,18:00,In-Sample,2024-11-03T23:09:25.378140,2024-11-03 18:09:25,LONG,70.41999842599034,29.999999329447746,True,,True
223,CL,Sun,18:00,In-Sample,2024-11-03T23:09:26.751301,2024-11-03 18:09:26,LONG,70.42999842576683,149.99999664723873,True,,True
223,CL,Sun,18:00,In-Sample,2024-11-03T23:09:26.751301,2024-11-03 18:09:26,LONG,70.42999842576683,0.0,True,,True
223,CL,Sun,18:00,In-Sample,2024-11-03T23:09:26.977341,2024-11-03 18:09:26,LONG,70.42999842576683,149.99999664723873,True,,True
223,CL,Sun,18:00,In-Sample,2024-11-03T23:09:26.977341,2024-11-03 18:09:26,LONG,70.42999842576683,0.0,True,,True
223,CL,Sun,18:00,In-Sample,2024-11-03T23:11:53.351997,2024-11-03 18:11:53,SHORT,70.39999842643738,-239.99999463558197,True,,True
223,CL,Sun,18:00,In-Sample,2024-11-03T23:13:25.858873,2024-11-03 18:13:25,SHORT,70.39999842643738,-239.99999463558197,True,,True
223,CL,Sun,18:00,In-Sample,2024-11-03T23:29:33.529811,2024-11-03 18:29:33,SHORT,70.50999842397869,59.99999865889549,True,,True
223,CL,Sun,18:00,In-Sample,2024-11-17T23:00:00.088403,2024-11-17 18:00:00,SHORT,66.64999851025641,-449.9999899417162,True,,True
223,CL,Sun,18:00,In-Sample,2024-11-17T23:00:00.088524,2024-11-17 18:00:00,SHORT,66.64999851025641,-359.99999195337296,True,,True
223,CL,Sun,18:00,In-Sample,2024-11-17T23:00:00.088677,2024-11-17 18:00:00,SHORT,66.64999851025641,-449.9999899417162,True,,True
223,CL,Sun,18:00,In-Sample,2024-11-17T23:00:00.395302,2024-11-17 18:00:00,SHORT,66.65999851003289,-149.99999664723873,True,,True
223,CL,Sun,18:00,In-Sample,2024-11-17T23:00:23.389533,2024-11-17 18:00:23,LONG,66.80999850668013,-419.99999061226845,True,,True
223,CL,Sun,18:00,In-Sample,2024-11-17T23:00:23.389658,2024-11-17 18:00:23,LONG,66.80999850668013,-419.99999061226845,True,,True
223,CL,Sun,18:00,In-Sample,2024-11-17T23:00:23.551265,2024-11-17 18:00:23,LONG,66.80999850668013,-569.9999872595072,True,,True
223,CL,Sun,18:00,In-Sample,2024-11-17T23:00:44.902821,2024-11-17 18:00:44,SHORT,66.73999850824475,199.99999552965164,True,,True
223,CL,Sun,18:00,In-Sample,2024-11-17T23:00:44.902821,2024-11-17 18:00:44,SHORT,66.73999850824475,139.99999687075615,True,,True
223,CL,Sun,18:00,In-Sample,2024-11-17T23:01:08.442099,2024-11-17 18:01:08,SHORT,66.67999850958586,-39.99999910593033,True,,True
223,CL,Sun,18:00,In-Sample,2024-11-17T23:03:20.011528,2024-11-17 18:03:20,SHORT,66.61999851092696,79.99999821186066,True,,True
223,CL,Sun,18:00,In-Sample,2024-11-17T23:03:20.011528,2024-11-17 18:03:20,SHORT,66.61999851092696,-179.99999597668648,True,,True
223,CL,Sun,18:00,In-Sample,2024-11-17T23:03:20.011582,2024-11-17 18:03:20,SHORT,66.61999851092696,79.99999821186066,True,,True
223,CL,Sun,18:00,In-Sample,2024-11-17T23:03:20.011582,2024-11-17 18:03:20,SHORT,66.61999851092696,-179.99999597668648,True,,True
223,CL,Sun,18:00,In-Sample,2024-11-17T23:05:30.093041,2024-11-17 18:05:30,LONG,66.599998511374,59.99999865889549,True,,True
223,CL,Sun,18:00,In-Sample,2024-11-17T23:05:30.111612,2024-11-17 18:05:30,SHORT,66.57999851182103,-389.9999912828207,True,,True
223,CL,Sun,18:00,In-Sample,2024-11-17T23:05:35.573641,2024-11-17 18:05:35,LONG,66.5399985127151,119.99999731779099,True,,True
223,CL,Sun,18:00,In-Sample,2024-11-17T23:07:00.592300,2024-11-17 18:07:00,LONG,66.66999850980937,-59.99999865889549,True,,True
223,CL,Sun,18:00,In-Sample,2024-11-17T23:08:27.647206,2024-11-17 18:08:27,LONG,66.7099985089153,-119.99999731779099,True,,True
223,CL,Sun,18:00,In-Sample,2024-11-17T23:09:51.694118,2024-11-17 18:09:51,SHORT,66.62999851070344,-59.99999865889549,True,,True
223,CL,Sun,18:00,In-Sample,2024-11-17T23:13:42.876027,2024-11-17 18:13:42,LONG,66.64999851025641,209.99999530613422,True,,True
223,CL,Sun,18:00,In-Sample,2024-11-17T23:16:24.965579,2024-11-17 18:16:24,LONG,66.7099985089153,-19.999999552965164,True,,True
223,CL,Sun,18:00,In-Sample,2024-11-17T23:20:23.613041,2024-11-17 18:20:23,SHORT,66.71999850869179,-179.99999597668648,True,,True
223,CL,Sun,18:00,In-Sample,2024-11-24T23:00:11.621139,2024-11-24 18:00:11,SHORT,71.28999840654433,199.99999552965164,True,,True
223,CL,Sun,18:00,In-Sample,2024-11-24T23:00:11.621139,2024-11-24 18:00:11,SHORT,71.28999840654433,-139.99999687075615,True,,True
223,CL,Sun,18:00,In-Sample,2024-11-24T23:00:15.577960,2024-11-24 18:00:15,SHORT,71.10999841056764,-599.9999865889549,True,,True
223,CL,Sun,18:00,In-Sample,2024-11-24T23:00:17.714411,2024-11-24 18:00:17,SHORT,71.09999841079116,19.999999552965164,True,,True
223,CL,Sun,18:00,In-Sample,2024-11-24T23:26:51.274007,2024-11-24 18:26:51,LONG,71.40999840386212,-389.9999912828207,True,,True
223,CL,Sun,18:00,In-Sample,2024-12-01T23:00:12.099910,2024-12-01 18:00:12,SHORT,68.05999847874045,-579.9999870359898,True,,True
223,CL,Sun,18:00,In-Sample,2024-12-01T23:06:29.290189,2024-12-01 18:06:29,SHORT,68.0899984780699,-839.9999812245369,True,,True
223,CL,Sun,18:00,In-Sample,2024-12-08T23:00:05.928282,2024-12-08 18:00:05,LONG,67.20999849773943,-389.9999912828207,True,,True
223,CL,Sun,18:00,In-Sample,2024-12-08T23:00:27.999143,2024-12-08 18:00:27,SHORT,67.15999849885702,-209.99999530613422,True,,True
223,CL,Sun,18:00,In-Sample,2024-12-08T23:00:45.064444,2024-12-08 18:00:45,SHORT,67.08999850042164,-59.99999865889549,True,,True
223,CL,Sun,18:00,In-Sample,2024-12-08T23:00:45.159147,2024-12-08 18:00:45,SHORT,67.08999850042164,-269.9999939650297,True,,True
223,CL,Sun,18:00,In-Sample,2024-12-08T23:18:29.937766,2024-12-08 18:18:29,LONG,67.20999849773943,49.99999888241291,True,,True
223,CL,Sun,18:00,In-Sample,2024-12-08T23:18:29.937766,2024-12-08 18:18:29,LONG,67.20999849773943,99.99999776482582,True,,True
223,CL,Sun,18:00,In-Sample,2024-12-15T23:03:55.459261,2024-12-15 18:03:55,SHORT,71.06999841146171,-359.99999195337296,True,,True
223,CL,Sun,18:00,In-Sample,2024-12-22T23:00:09.370673,2024-12-22 18:00:09,LONG,69.4699984472245,59.99999865889549,True,,True
223,CL,Sun,18:00,In-Sample,2024-12-22T23:01:32.475496,2024-12-22 18:01:32,LONG,69.49999844655395,59.99999865889549,True,,True
223,CL,Sun,18:00,In-Sample,2024-12-22T23:01:32.475496,2024-12-22 18:01:32,LONG,69.49999844655395,0.0,True,,True
223,CL,Sun,18:00,In-Sample,2024-12-22T23:06:06.117396,2024-12-22 18:06:06,LONG,69.53999844565988,69.99999843537807,True,,True
223,CL,Sun,18:00,In-Sample,2024-12-22T23:06:06.191801,2024-12-22 18:06:06,LONG,69.53999844565988,69.99999843537807,True,,True
223,CL,Sun,18:00,In-Sample,2024-12-22T23:10:53.341115,2024-12-22 18:10:53,SHORT,69.48999844677746,-239.99999463558197,True,,True
223,CL,Sun,18:00,In-Sample,2024-12-22T23:24:58.776016,2024-12-22 18:24:58,SHORT,69.51999844610691,-209.99999530613422,True,,True
223,CL,Sun,18:00,In-Sample,2024-12-29T23:07:28.414858,2024-12-29 18:07:28,LONG,70.28999842889607,199.99999552965164,True,,True
223,CL,Sun,18:00,In-Sample,2025-01-05T23:01:12.065489,2025-01-05 18:01:12,SHORT,74.00999834574759,-209.99999530613422,True,,True
223,CL,Sun,18:00,In-Sample,2025-01-05T23:03:06.144035,2025-01-05 18:03:06,LONG,74.10999834351242,269.9999939650297,True,,True
223,CL,Sun,18:00,In-Sample,2025-01-05T23:07:43.648989,2025-01-05 18:07:43,LONG,74.14999834261835,59.99999865889549,True,,True
223,CL,Sun,18:00,In-Sample,2025-01-05T23:07:43.648989,2025-01-05 18:07:43,LONG,74.14999834261835,109.9999975413084,True,,True
223,CL,Sun,18:00,In-Sample,2025-01-05T23:07:43.648989,2025-01-05 18:07:43,LONG,74.14999834261835,9.999999776482582,True,,True
223,CL,Sun,18:00,In-Sample,2025-01-05T23:07:43.728954,2025-01-05 18:07:43,LONG,74.14999834261835,29.999999329447746,True,,True
223,CL,Sun,18:00,In-Sample,2025-01-05T23:07:43.854221,2025-01-05 18:07:43,LONG,74.14999834261835,59.99999865889549,True,,True
223,CL,Sun,18:00,In-Sample,2025-01-05T23:07:43.854221,2025-01-05 18:07:43,LONG,74.14999834261835,109.9999975413084,True,,True
223,CL,Sun,18:00,In-Sample,2025-01-05T23:07:43.854221,2025-01-05 18:07:43,LONG,74.14999834261835,9.999999776482582,True,,True
223,CL,Sun,18:00,In-Sample,2025-01-05T23:07:43.854269,2025-01-05 18:07:43,LONG,74.14999834261835,-19.999999552965164,True,,True
223,CL,Sun,18:00,In-Sample,2025-01-05T23:28:06.415447,2025-01-05 18:28:06,SHORT,74.19999834150076,-209.99999530613422,True,,True
223,CL,Sun,18:00,In-Sample,2025-01-12T23:00:21.155186,2025-01-12 18:00:21,LONG,76.97999827936292,99.99999776482582,True,,True
223,CL,Sun,18:00,In-Sample,2025-01-12T23:00:21.155186,2025-01-12 18:00:21,LONG,76.97999827936292,199.99999552965164,True,,True
223,CL,Sun,18:00,In-Sample,2025-01-12T23:00:21.155186,2025-01-12 18:00:21,LONG,76.97999827936292,449.9999899417162,True,,True
223,CL,Sun,18:00,In-Sample,2025-01-12T23:00:21.359469,2025-01-12 18:00:21,LONG,76.97999827936292,99.99999776482582,True,,True
223,CL,Sun,18:00,In-Sample,2025-01-12T23:00:21.359469,2025-01-12 18:00:21,LONG,76.97999827936292,199.99999552965164,True,,True
223,CL,Sun,18:00,In-Sample,2025-01-12T23:00:21.359469,2025-01-12 18:00:21,LONG,76.97999827936292,449.9999899417162,True,,True
223,CL,Sun,18:00,In-Sample,2025-01-12T23:00:21.359560,2025-01-12 18:00:21,LONG,76.97999827936292,99.99999776482582,True,,True
223,CL,Sun,18:00,In-Sample,2025-01-12T23:00:21.359560,2025-01-12 18:00:21,LONG,76.97999827936292,199.99999552965164,True,,True
223,CL,Sun,18:00,In-Sample,2025-01-12T23:00:21.359560,2025-01-12 18:00:21,LONG,76.97999827936292,449.9999899417162,True,,True
223,CL,Sun,18:00,In-Sample,2025-01-12T23:02:56.859979,2025-01-12 18:02:56,LONG,77.43999826908112,99.99999776482582,True,,True
223,CL,Sun,18:00,In-Sample,2025-01-12T23:02:56.859979,2025-01-12 18:02:56,LONG,77.43999826908112,199.99999552965164,True,,True
223,CL,Sun,18:00,In-Sample,2025-01-12T23:02:56.859979,2025-01-12 18:02:56,LONG,77.43999826908112,449.9999899417162,True,,True
223,CL,Sun,18:00,In-Sample,2025-01-12T23:06:05.117159,2025-01-12 18:06:05,SHORT,77.36999827064574,-479.99998927116394,True,,True
223,CL,Sun,18:00,In-Sample,2025-01-12T23:13:29.239286,2025-01-12 18:13:29,SHORT,77.63999826461077,-149.99999664723873,True,,True
223,CL,Sun,18:00,In-Sample,2025-01-12T23:17:33.882085,2025-01-12 18:17:33,LONG,77.68999826349318,199.99999552965164,True,,True
223,CL,Sun,18:00,In-Sample,2025-01-12T23:17:33.882085,2025-01-12 18:17:33,LONG,77.68999826349318,239.99999463558197,True,,True
223,CL,Sun,18:00,In-Sample,2025-01-12T23:20:08.419673,2025-01-12 18:20:08,LONG,77.76999826170504,199.99999552965164,True,,True
223,CL,Sun,18:00,In-Sample,2025-01-12T23:20:08.419673,2025-01-12 18:20:08,LONG,77.76999826170504,-19.999999552965164,True,,True
223,CL,Sun,18:00,In-Sample,2025-01-12T23:20:53.982416,2025-01-12 18:20:53,LONG,77.87999825924635,99.99999776482582,True,,True
223,CL,Sun,18:00,In-Sample,2025-01-12T23:20:53.982416,2025-01-12 18:20:53,LONG,77.87999825924635,-19.999999552965164,True,,True
223,CL,Sun,18:00,In-Sample,2025-01-12T23:26:43.808285,2025-01-12 18:26:43,SHORT,77.80999826081097,-749.9999832361937,True,,True
223,CL,Sun,18:00,In-Sample,2025-01-19T23:00:01.061217,2025-01-19 18:00:01,LONG,77.54999826662242,-569.9999872595072,True,,True
223,CL,Sun,18:00,In-Sample,2025-01-19T23:00:01.061306,2025-01-19 18:00:01,LONG,77.54999826662242,-749.9999832361937,True,,True
223,CL,Sun,18:00,In-Sample,2025-01-19T23:00:01.187297,2025-01-19 18:00:01,LONG,77.54999826662242,-179.99999597668648,True,,True
223,CL,Sun,18:00,In-Sample,2025-01-19T23:00:01.187630,2025-01-19 18:00:01,LONG,77.54999826662242,-569.9999872595072,True,,True
223,CL,Sun,18:00,In-Sample,2025-01-19T23:00:04.752148,2025-01-19 18:00:04,SHORT,77.36999827064574,-749.9999832361937,True,,True
223,CL,Sun,18:00,In-Sample,2025-01-19T23:00:04.997446,2025-01-19 18:00:04,SHORT,77.36999827064574,89.99999798834324,True,,True
223,CL,Sun,18:00,In-Sample,2025-01-19T23:00:04.997446,2025-01-19 18:00:04,SHORT,77.36999827064574,-499.9999888241291,True,,True
223,CL,Sun,18:00,In-Sample,2025-01-19T23:00:36.101463,2025-01-19 18:00:36,SHORT,77.30999827198684,-79.99999821186066,True,,True
223,CL,Sun,18:00,In-Sample,2025-01-19T23:00:36.101628,2025-01-19 18:00:36,SHORT,77.30999827198684,-269.9999939650297,True,,True
223,CL,Sun,18:00,In-Sample,2025-01-19T23:02:03.836480,2025-01-19 18:02:03,LONG,77.34999827109277,199.99999552965164,True,,True
223,CL,Sun,18:00,In-Sample,2025-01-19T23:02:03.836480,2025-01-19 18:02:03,LONG,77.34999827109277,619.9999861419201,True,,True
223,CL,Sun,18:00,In-Sample,2025-01-19T23:11:50.994711,2025-01-19 18:11:50,LONG,77.60999826528132,79.99999821186066,True,,True
223,CL,Sun,18:00,In-Sample,2025-01-19T23:11:50.994711,2025-01-19 18:11:50,LONG,77.60999826528132,-19.999999552965164,True,,True
223,CL,Sun,18:00,In-Sample,2025-01-19T23:11:50.994802,2025-01-19 18:11:50,LONG,77.60999826528132,-59.99999865889549,True,,True
223,CL,Sun,18:00,In-Sample,2025-01-19T23:11:51.125140,2025-01-19 18:11:51,LONG,77.60999826528132,79.99999821186066,True,,True
223,CL,Sun,18:00,In-Sample,2025-01-19T23:11:51.125140,2025-01-19 18:11:51,LONG,77.60999826528132,-19.999999552965164,True,,True
223,CL,Sun,18:00,In-Sample,2025-01-19T23:18:21.279842,2025-01-19 18:18:21,SHORT,77.58999826572835,-209.99999530613422,True,,True
223,CL,Sun,18:00,In-Sample,2025-01-19T23:18:21.280112,2025-01-19 18:18:21,SHORT,77.58999826572835,-209.99999530613422,True,,True
223,CL,Sun,18:00,In-Sample,2025-01-26T23:00:00.915163,2025-01-26 18:00:00,SHORT,74.50999833457172,59.99999865889549,True,,True
223,CL,Sun,18:00,In-Sample,2025-01-26T23:00:00.915163,2025-01-26 18:00:00,SHORT,74.50999833457172,119.99999731779099,True,,True
223,CL,Sun,18:00,In-Sample,2025-01-26T23:02:09.857867,2025-01-26 18:02:09,LONG,74.50999833457172,-299.99999329447746,True,,True
223,CL,Sun,18:00,In-Sample,2025-01-26T23:09:21.204205,2025-01-26 18:09:21,SHORT,74.30999833904207,59.99999865889549,True,,True
223,CL,Sun,18:00,In-Sample,2025-01-26T23:09:21.204205,2025-01-26 18:09:21,SHORT,74.30999833904207,119.99999731779099,True,,True
223,CL,Sun,18:00,In-Sample,2025-01-26T23:09:21.276522,2025-01-26 18:09:21,SHORT,74.30999833904207,59.99999865889549,True,,True
223,CL,Sun,18:00,In-Sample,2025-01-26T23:09:21.276522,2025-01-26 18:09:21,SHORT,74.30999833904207,59.99999865889549,True,,True
223,CL,Sun,18:00,In-Sample,2025-01-26T23:10:34.283766,2025-01-26 18:10:34,LONG,74.349998338148,-209.99999530613422,True,,True
223,CL,Sun,18:00,In-Sample,2025-01-26T23:12:52.285052,2025-01-26 18:12:52,SHORT,74.23999834060669,69.99999843537807,True,,True
223,CL,Sun,18:00,In-Sample,2025-01-26T23:12:52.285052,2025-01-26 18:12:52,SHORT,74.23999834060669,139.99999687075615,True,,True
223,CL,Sun,18:00,In-Sample,2025-01-26T23:16:05.863115,2025-01-26 18:16:05,LONG,74.29999833926558,-239.99999463558197,True,,True
223,CL,Sun,18:00,In-Sample,2025-02-02T23:00:01.193227,2025-02-02 18:00:01,LONG,74.4599983356893,-219.9999950826168,True,,True
223,CL,Sun,18:00,In-Sample,2025-02-02T23:00:01.193294,2025-02-02 18:00:01,LONG,74.4599983356893,249.99999441206455,True,,True
223,CL,Sun,18:00,In-Sample,2025-02-02T23:00:01.193294,2025-02-02 18:00:01,LONG,74.4599983356893,449.9999899417162,True,,True
223,CL,Sun,18:00,In-Sample,2025-02-02T23:00:01.193294,2025-02-02 18:00:01,LONG,74.4599983356893,469.99998949468136,True,,True
223,CL,Sun,18:00,In-Sample,2025-02-02T23:00:01.417631,2025-02-02 18:00:01,LONG,74.46999833546579,299.99999329447746,True,,True
223,CL,Sun,18:00,In-Sample,2025-02-02T23:00:01.417631,2025-02-02 18:00:01,LONG,74.46999833546579,699.9999843537807,True,,True
223,CL,Sun,18:00,In-Sample,2025-02-02T23:00:01.417631,2025-02-02 18:00:01,LONG,74.46999833546579,529.9999881535769,True,,True
223,CL,Sun,18:00,In-Sample,2025-02-02T23:00:01.417709,2025-02-02 18:00:01,LONG,74.46999833546579,149.99999664723873,True,,True
223,CL,Sun,18:00,In-Sample,2025-02-02T23:00:01.417709,2025-02-02 18:00:01,LONG,74.46999833546579,299.99999329447746,True,,True
223,CL,Sun,18:00,In-Sample,2025-02-02T23:00:01.417709,2025-02-02 18:00:01,LONG,74.46999833546579,299.99999329447746,True,,True
223,CL,Sun,18:00,In-Sample,2025-02-02T23:00:01.417754,2025-02-02 18:00:01,LONG,74.46999833546579,149.99999664723873,True,,True
223,CL,Sun,18:00,In-Sample,2025-02-02T23:00:01.417754,2025-02-02 18:00:01,LONG,74.46999833546579,299.99999329447746,True,,True
223,CL,Sun,18:00,In-Sample,2025-02-02T23:00:01.417754,2025-02-02 18:00:01,LONG,74.46999833546579,299.99999329447746,True,,True
223,CL,Sun,18:00,In-Sample,2025-02-02T23:00:01.695059,2025-02-02 18:00:01,LONG,74.50999833457172,249.99999441206455,True,,True
223,CL,Sun,18:00,In-Sample,2025-02-02T23:00:01.695059,2025-02-02 18:00:01,LONG,74.50999833457172,469.99998949468136,True,,True
223,CL,Sun,18:00,In-Sample,2025-02-02T23:00:01.695059,2025-02-02 18:00:01,LONG,74.50999833457172,509.9999886006117,True,,True
223,CL,Sun,18:00,In-Sample,2025-02-02T23:00:01.695424,2025-02-02 18:00:01,LONG,74.50999833457172,239.99999463558197,True,,True
223,CL,Sun,18:00,In-Sample,2025-02-02T23:00:01.695424,2025-02-02 18:00:01,LONG,74.50999833457172,249.99999441206455,True,,True
223,CL,Sun,18:00,In-Sample,2025-02-02T23:00:01.695424,2025-02-02 18:00:01,LONG,74.50999833457172,249.99999441206455,True,,True
223,CL,Sun,18:00,In-Sample,2025-02-02T23:00:02.475620,2025-02-02 18:00:02,LONG,74.73999832943082,-59.99999865889549,True,,True
223,CL,Sun,18:00,In-Sample,2025-02-02T23:00:31.416517,2025-02-02 18:00:31,SHORT,74.92999832518399,-29.999999329447746,True,,True
223,CL,Sun,18:00,In-Sample,2025-02-02T23:00:31.416652,2025-02-02 18:00:31,SHORT,74.92999832518399,-239.99999463558197,True,,True
223,CL,Sun,18:00,In-Sample,2025-02-02T23:00:36.907107,2025-02-02 18:00:36,SHORT,74.87999832630157,119.99999731779099,True,,True
223,CL,Sun,18:00,In-Sample,2025-02-02T23:00:54.386387,2025-02-02 18:00:54,LONG,74.81999832764268,59.99999865889549,True,,True
223,CL,Sun,18:00,In-Sample,2025-02-02T23:00:54.612070,2025-02-02 18:00:54,SHORT,74.81999832764268,-329.9999926239252,True,,True
223,CL,Sun,18:00,In-Sample,2025-02-02T23:00:54.612184,2025-02-02 18:00:54,SHORT,74.81999832764268,-569.9999872595072,True,,True
223,CL,Sun,18:00,In-Sample,2025-02-02T23:01:01.670806,2025-02-02 18:01:01,LONG,74.93999832496047,-119.99999731779099,True,,True
223,CL,Sun,18:00,In-Sample,2025-02-02T23:01:06.176240,2025-02-02 18:01:06,LONG,74.92999832518399,139.99999687075615,True,,True
223,CL,Sun,18:00,In-Sample,2025-02-02T23:01:06.176240,2025-02-02 18:01:06,LONG,74.92999832518399,179.99999597668648,True,,True
223,CL,Sun,18:00,In-Sample,2025-02-02T23:01:06.176429,2025-02-02 18:01:06,LONG,74.92999832518399,119.99999731779099,True,,True
223,CL,Sun,18:00,In-Sample,2025-02-02T23:01:06.176429,2025-02-02 18:01:06,LONG,74.92999832518399,0.0,True,,True
223,CL,Sun,18:00,In-Sample,2025-02-02T23:01:19.158567,2025-02-02 18:01:19,SHORT,74.92999832518399,-139.99999687075615,True,,True
223,CL,Sun,18:00,In-Sample,2025-02-02T23:01:38.054550,2025-02-02 18:01:38,LONG,75.08999832160771,-59.99999865889549,True,,True
223,CL,Sun,18:00,In-Sample,2025-02-02T23:02:49.153031,2025-02-02 18:02:49,SHORT,75.02999832294881,149.99999664723873,True,,True
223,CL,Sun,18:00,In-Sample,2025-02-02T23:02:49.153031,2025-02-02 18:02:49,SHORT,75.02999832294881,299.99999329447746,True,,True
223,CL,Sun,18:00,In-Sample,2025-02-02T23:02:49.153031,2025-02-02 18:02:49,SHORT,75.02999832294881,569.9999872595072,True,,True
223,CL,Sun,18:00,In-Sample,2025-02-02T23:02:49.172813,2025-02-02 18:02:49,SHORT,75.01999832317233,149.99999664723873,True,,True
223,CL,Sun,18:00,In-Sample,2025-02-02T23:02:49.172813,2025-02-02 18:02:49,SHORT,75.01999832317233,299.99999329447746,True,,True
223,CL,Sun,18:00,In-Sample,2025-02-02T23:02:49.172813,2025-02-02 18:02:49,SHORT,75.01999832317233,559.9999874830246,True,,True
223,CL,Sun,18:00,In-Sample,2025-02-02T23:02:49.173047,2025-02-02 18:02:49,SHORT,75.01999832317233,199.99999552965164,True,,True
223,CL,Sun,18:00,In-Sample,2025-02-02T23:02:49.173047,2025-02-02 18:02:49,SHORT,75.01999832317233,599.9999865889549,True,,True
223,CL,Sun,18:00,In-Sample,2025-02-02T23:02:49.173047,2025-02-02 18:02:49,SHORT,75.01999832317233,519.9999883770943,True,,True
223,CL,Sun,18:00,In-Sample,2025-02-02T23:03:28.607065,2025-02-02 18:03:28,LONG,75.09999832138419,-159.9999964237213,True,,True
223,CL,Sun,18:00,In-Sample,2025-02-02T23:05:55.717339,2025-02-02 18:05:55,LONG,74.5799983330071,-119.99999731779099,True,,True
223,CL,Sun,18:00,In-Sample,2025-02-02T23:06:46.280005,2025-02-02 18:06:46,LONG,74.48999833501875,159.9999964237213,True,,True
223,CL,Sun,18:00,In-Sample,2025-02-02T23:06:46.280005,2025-02-02 18:06:46,LONG,74.48999833501875,-219.9999950826168,True,,True
223,CL,Sun,18:00,In-Sample,2025-02-02T23:06:46.487127,2025-02-02 18:06:46,LONG,74.47999833524227,159.9999964237213,True,,True
223,CL,Sun,18:00,In-Sample,2025-02-02T23:06:46.487184,2025-02-02 18:06:46,LONG,74.47999833524227,-199.99999552965164,True,,True
223,CL,Sun,18:00,In-Sample,2025-02-02T23:06:46.487184,2025-02-02 18:06:46,LONG,74.47999833524227,-89.99999798834324,True,,True
223,CL,Sun,18:00,In-Sample,2025-02-02T23:06:46.487372,2025-02-02 18:06:46,LONG,74.47999833524227,149.99999664723873,True,,True
223,CL,Sun,18:00,In-Sample,2025-02-02T23:06:46.487372,2025-02-02 18:06:46,LONG,74.47999833524227,89.99999798834324,True,,True
223,CL,Sun,18:00,In-Sample,2025-02-02T23:06:47.216137,2025-02-02 18:06:47,LONG,74.49999833479524,199.99999552965164,True,,True
223,CL,Sun,18:00,In-Sample,2025-02-02T23:06:47.216137,2025-02-02 18:06:47,LONG,74.49999833479524,-129.99999709427357,True,,True
223,CL,Sun,18:00,In-Sample,2025-02-02T23:08:45.465378,2025-02-02 18:08:45,SHORT,74.56999833323061,139.99999687075615,True,,True
223,CL,Sun,18:00,In-Sample,2025-02-02T23:08:45.465378,2025-02-02 18:08:45,SHORT,74.56999833323061,69.99999843537807,True,,True
223,CL,Sun,18:00,In-Sample,2025-02-02T23:08:49.537911,2025-02-02 18:08:49,SHORT,74.36999833770096,-59.99999865889549,True,,True
223,CL,Sun,18:00,In-Sample,2025-02-02T23:08:49.604493,2025-02-02 18:08:49,SHORT,74.38999833725393,-39.99999910593033,True,,True
223,CL,Sun,18:00,In-Sample,2025-02-02T23:08:49.628145,2025-02-02 18:08:49,SHORT,74.38999833725393,-119.99999731779099,True,,True
223,CL,Sun,18:00,In-Sample,2025-02-02T23:08:49.628378,2025-02-02 18:08:49,SHORT,74.38999833725393,-119.99999731779099,True,,True
223,CL,Sun,18:00,In-Sample,2025-02-02T23:08:49.628542,2025-02-02 18:08:49,SHORT,74.38999833725393,-79.99999821186066,True,,True
223,CL,Sun,18:00,In-Sample,2025-02-02T23:08:49.628593,2025-02-02 18:08:49,SHORT,74.38999833725393,-119.99999731779099,True,,True
223,CL,Sun,18:00,In-Sample,2025-02-02T23:09:30.873749,2025-02-02 18:09:30,SHORT,74.39999833703041,-59.99999865889549,True,,True
223,CL,Sun,18:00,In-Sample,2025-02-02T23:11:13.057112,2025-02-02 18:11:13,LONG,74.42999833635986,-199.99999552965164,True,,True
223,CL,Sun,18:00,In-Sample,2025-02-02T23:11:13.057293,2025-02-02 18:11:13,LONG,74.42999833635986,-99.99999776482582,True,,True
223,CL,Sun,18:00,In-Sample,2025-02-02T23:11:13.057293,2025-02-02 18:11:13,LONG,74.42999833635986,-499.9999888241291,True,,True
223,CL,Sun,18:00,In-Sample,2025-02-02T23:11:13.057856,2025-02-02 18:11:13,LONG,74.42999833635986,-299.99999329447746,True,,True
223,CL,Sun,18:00,In-Sample,2025-02-02T23:11:13.058019,2025-02-02 18:11:13,LONG,74.42999833635986,-359.99999195337296,True,,True
223,CL,Sun,18:00,In-Sample,2025-02-02T23:11:13.058072,2025-02-02 18:11:13,LONG,74.42999833635986,-79.99999821186066,True,,True
223,CL,Sun,18:00,In-Sample,2025-02-02T23:11:13.058174,2025-02-02 18:11:13,LONG,74.42999833635986,-259.99999418854713,True,,True
223,CL,Sun,18:00,In-Sample,2025-02-02T23:11:33.066908,2025-02-02 18:11:33,SHORT,74.31999833881855,139.99999687075615,True,,True
223,CL,Sun,18:00,In-Sample,2025-02-02T23:11:33.066908,2025-02-02 18:11:33,SHORT,74.31999833881855,289.9999935179949,True,,True
223,CL,Sun,18:00,In-Sample,2025-02-02T23:11:33.066908,2025-02-02 18:11:33,SHORT,74.31999833881855,189.99999575316906,True,,True
223,CL,Sun,18:00,In-Sample,2025-02-02T23:11:33.066973,2025-02-02 18:11:33,SHORT,74.31999833881855,139.99999687075615,True,,True
223,CL,Sun,18:00,In-Sample,2025-02-02T23:11:33.066973,2025-02-02 18:11:33,SHORT,74.31999833881855,-19.999999552965164,True,,True
223,CL,Sun,18:00,In-Sample,2025-02-02T23:11:33.067038,2025-02-02 18:11:33,SHORT,74.31999833881855,139.99999687075615,True,,True
223,CL,Sun,18:00,In-Sample,2025-02-02T23:11:33.067038,2025-02-02 18:11:33,SHORT,74.31999833881855,-19.999999552965164,True,,True
223,CL,Sun,18:00,In-Sample,2025-02-02T23:11:33.067099,2025-02-02 18:11:33,SHORT,74.31999833881855,139.99999687075615,True,,True
223,CL,Sun,18:00,In-Sample,2025-02-02T23:11:33.067099,2025-02-02 18:11:33,SHORT,74.31999833881855,289.9999935179949,True,,True
223,CL,Sun,18:00,In-Sample,2025-02-02T23:11:33.067099,2025-02-02 18:11:33,SHORT,74.31999833881855,189.99999575316906,True,,True
223,CL,Sun,18:00,In-Sample,2025-02-02T23:11:33.067212,2025-02-02 18:11:33,SHORT,74.31999833881855,139.99999687075615,True,,True
223,CL,Sun,18:00,In-Sample,2025-02-02T23:11:33.067212,2025-02-02 18:11:33,SHORT,74.31999833881855,-19.999999552965164,True,,True
223,CL,Sun,18:00,In-Sample,2025-02-02T23:12:07.006315,2025-02-02 18:12:07,LONG,74.41999833658338,-329.9999926239252,True,,True
223,CL,Sun,18:00,In-Sample,2025-02-02T23:12:48.542766,2025-02-02 18:12:48,SHORT,74.29999833926558,-59.99999865889549,True,,True
223,CL,Sun,18:00,In-Sample,2025-02-02T23:14:40.012645,2025-02-02 18:14:40,LONG,74.27999833971262,-179.99999597668648,True,,True
223,CL,Sun,18:00,In-Sample,2025-02-02T23:21:11.198937,2025-02-02 18:21:11,SHORT,74.2299983408302,449.9999899417162,True,,True
223,CL,Sun,18:00,In-Sample,2025-02-02T23:21:53.259910,2025-02-02 18:21:53,SHORT,74.20999834127724,119.99999731779099,True,,True
223,CL,Sun,18:00,In-Sample,2025-02-02T23:21:53.259910,2025-02-02 18:21:53,SHORT,74.20999834127724,159.9999964237213,True,,True
223,CL,Sun,18:00,In-Sample,2025-02-02T23:23:57.319056,2025-02-02 18:23:57,SHORT,74.1799983419478,189.99999575316906,True,,True
223,CL,Sun,18:00,In-Sample,2025-02-02T23:23:57.319056,2025-02-02 18:23:57,SHORT,74.1799983419478,239.99999463558197,True,,True
223,CL,Sun,18:00,In-Sample,2025-02-02T23:23:57.319143,2025-02-02 18:23:57,SHORT,74.1799983419478,199.99999552965164,True,,True
223,CL,Sun,18:00,In-Sample,2025-02-02T23:23:57.319143,2025-02-02 18:23:57,SHORT,74.1799983419478,239.99999463558197,True,,True
223,CL,Sun,18:00,In-Sample,2025-02-02T23:23:57.472965,2025-02-02 18:23:57,SHORT,74.1799983419478,189.99999575316906,True,,True
223,CL,Sun,18:00,In-Sample,2025-02-02T23:25:08.295561,2025-02-02 18:25:08,LONG,74.07999834418297,-119.99999731779099,True,,True
223,CL,Sun,18:00,In-Sample,2025-02-02T23:25:08.528035,2025-02-02 18:25:08,LONG,74.08999834395945,-149.99999664723873,True,,True
223,CL,Sun,18:00,In-Sample,2025-02-02T23:25:08.528139,2025-02-02 18:25:08,LONG,74.08999834395945,-179.99999597668648,True,,True
223,CL,Sun,18:00,In-Sample,2025-02-02T23:25:57.814231,2025-02-02 18:25:57,SHORT,74.02999834530056,99.99999776482582,True,,True
223,CL,Sun,18:00,In-Sample,2025-02-02T23:25:57.814231,2025-02-02 18:25:57,SHORT,74.02999834530056,199.99999552965164,True,,True
223,CL,Sun,18:00,In-Sample,2025-02-02T23:25:57.937368,2025-02-02 18:25:57,SHORT,74.02999834530056,199.99999552965164,True,,True
223,CL,Sun,18:00,In-Sample,2025-02-02T23:25:57.937368,2025-02-02 18:25:57,SHORT,74.02999834530056,-239.99999463558197,True,,True
223,CL,Sun,18:00,In-Sample,2025-02-02T23:26:15.322958,2025-02-02 18:26:15,SHORT,73.97999834641814,-509.9999886006117,True,,True
223,CL,Sun,18:00,In-Sample,2025-02-02T23:26:15.409752,2025-02-02 18:26:15,SHORT,73.97999834641814,-419.99999061226845,True,,True
223,CL,Sun,18:00,In-Sample,2025-02-02T23:26:15.409921,2025-02-02 18:26:15,SHORT,73.97999834641814,-419.99999061226845,True,,True
223,CL,Sun,18:00,In-Sample,2025-02-02T23:26:15.410168,2025-02-02 18:26:15,SHORT,73.97999834641814,-419.99999061226845,True,,True
223,CL,Sun,18:00,In-Sample,2025-02-02T23:26:50.865149,2025-02-02 18:26:50,SHORT,73.93999834731221,-539.9999879300594,True,,True
223,CL,Sun,18:00,In-Sample,2025-02-02T23:26:51.010747,2025-02-02 18:26:51,SHORT,73.93999834731221,-539.9999879300594,True,,True
223,CL,Sun,18:00,In-Sample,2025-02-02T23:26:51.010957,2025-02-02 18:26:51,SHORT,73.93999834731221,-539.9999879300594,True,,True
223,CL,Sun,18:00,In-Sample,2025-02-02T23:27:20.061616,2025-02-02 18:27:20,LONG,74.02999834530056,-299.99999329447746,True,,True
223,CL,Sun,18:00,In-Sample,2025-02-02T23:27:59.242613,2025-02-02 18:27:59,LONG,74.04999834485352,-39.99999910593033,True,,True
223,CL,Sun,18:00,In-Sample,2025-02-02T23:28:07.467451,2025-02-02 18:28:07,LONG,74.08999834395945,-479.99998927116394,True,,True
223,CL,Sun,18:00,In-Sample,2025-02-02T23:28:07.468587,2025-02-02 18:28:07,LONG,74.08999834395945,-509.9999886006117,True,,True
223,CL,Sun,18:00,In-Sample,2025-02-02T23:29:55.749250,2025-02-02 18:29:55,SHORT,74.02999834530056,119.99999731779099,True,,True
223,CL,Sun,18:00,In-Sample,2025-02-02T23:29:55.749250,2025-02-02 18:29:55,SHORT,74.02999834530056,89.99999798834324,True,,True
223,CL,Sun,18:00,In-Sample,2025-02-09T23:00:32.215159,2025-02-09 18:00:32,LONG,70.98999841324985,-389.9999912828207,True,,True
223,CL,Sun,18:00,In-Sample,2025-02-09T23:06:50.037085,2025-02-09 18:06:50,LONG,70.9599984139204,199.99999552965164,True,,True
223,CL,Sun,18:00,In-Sample,2025-02-09T23:06:50.037198,2025-02-09 18:06:50,LONG,70.9599984139204,199.99999552965164,True,,True
223,CL,Sun,18:00,In-Sample,2025-02-09T23:06:50.037198,2025-02-09 18:06:50,LONG,70.9599984139204,299.99999329447746,True,,True
223,CL,Sun,18:00,In-Sample,2025-02-09T23:07:24.509801,2025-02-09 18:07:24,LONG,70.9599984139204,199.99999552965164,True,,True
223,CL,Sun,18:00,In-Sample,2025-02-09T23:07:24.509801,2025-02-09 18:07:24,LONG,70.9599984139204,319.9999928474426,True,,True
223,CL,Sun,18:00,In-Sample,2025-02-09T23:07:55.179482,2025-02-09 18:07:55,LONG,70.99999841302633,59.99999865889549,True,,True
223,CL,Sun,18:00,In-Sample,2025-02-09T23:07:55.179482,2025-02-09 18:07:55,LONG,70.99999841302633,-9.999999776482582,True,,True
223,CL,Sun,18:00,In-Sample,2025-02-09T23:08:11.930133,2025-02-09 18:08:11,LONG,71.05999841168523,59.99999865889549,True,,True
223,CL,Sun,18:00,In-Sample,2025-02-09T23:08:12.019904,2025-02-09 18:08:12,LONG,71.05999841168523,59.99999865889549,True,,True
223,CL,Sun,18:00,In-Sample,2025-02-09T23:08:12.019904,2025-02-09 18:08:12,LONG,71.05999841168523,39.99999910593033,True,,True
223,CL,Sun,18:00,In-Sample,2025-02-09T23:08:12.019977,2025-02-09 18:08:12,LONG,71.05999841168523,59.99999865889549,True,,True
223,CL,Sun,18:00,In-Sample,2025-02-09T23:08:12.019977,2025-02-09 18:08:12,LONG,71.05999841168523,39.99999910593033,True,,True
223,CL,Sun,18:00,In-Sample,2025-02-16T23:00:00.968758,2025-02-16 18:00:00,LONG,70.71999841928482,-449.9999899417162,True,,True
223,CL,Sun,18:00,In-Sample,2025-02-16T23:00:01.236983,2025-02-16 18:00:01,LONG,70.68999841995537,-389.9999912828207,True,,True
223,CL,Sun,18:00,In-Sample,2025-02-16T23:00:01.237124,2025-02-16 18:00:01,LONG,70.68999841995537,-359.99999195337296,True,,True
223,CL,Sun,18:00,In-Sample,2025-02-16T23:00:38.988815,2025-02-16 18:00:38,SHORT,70.52999842353165,69.99999843537807,True,,True
223,CL,Sun,18:00,In-Sample,2025-02-16T23:00:38.988815,2025-02-16 18:00:38,SHORT,70.52999842353165,149.99999664723873,True,,True
223,CL,Sun,18:00,In-Sample,2025-02-16T23:00:38.988815,2025-02-16 18:00:38,SHORT,70.52999842353165,189.99999575316906,True,,True
223,CL,Sun,18:00,In-Sample,2025-02-16T23:00:38.988989,2025-02-16 18:00:38,SHORT,70.52999842353165,69.99999843537807,True,,True
223,CL,Sun,18:00,In-Sample,2025-02-16T23:00:38.988989,2025-02-16 18:00:38,SHORT,70.52999842353165,149.99999664723873,True,,True
223,CL,Sun,18:00,In-Sample,2025-02-16T23:00:38.988989,2025-02-16 18:00:38,SHORT,70.52999842353165,189.99999575316906,True,,True
223,CL,Sun,18:00,In-Sample,2025-02-16T23:00:45.021028,2025-02-16 18:00:45,SHORT,70.47999842464924,199.99999552965164,True,,True
223,CL,Sun,18:00,In-Sample,2025-02-16T23:00:45.021028,2025-02-16 18:00:45,SHORT,70.47999842464924,519.9999883770943,True,,True
223,CL,Sun,18:00,In-Sample,2025-02-16T23:00:45.021171,2025-02-16 18:00:45,SHORT,70.47999842464924,99.99999776482582,True,,True
223,CL,Sun,18:00,In-Sample,2025-02-16T23:00:45.021171,2025-02-16 18:00:45,SHORT,70.47999842464924,139.99999687075615,True,,True
223,CL,Sun,18:00,In-Sample,2025-02-16T23:00:45.021171,2025-02-16 18:00:45,SHORT,70.47999842464924,149.99999664723873,True,,True
223,CL,Sun,18:00,In-Sample,2025-02-16T23:00:45.021302,2025-02-16 18:00:45,SHORT,70.47999842464924,99.99999776482582,True,,True
223,CL,Sun,18:00,In-Sample,2025-02-16T23:00:45.182428,2025-02-16 18:00:45,SHORT,70.46999842487276,59.99999865889549,True,,True
223,CL,Sun,18:00,In-Sample,2025-02-16T23:00:45.182575,2025-02-16 18:00:45,SHORT,70.46999842487276,89.99999798834324,True,,True
223,CL,Sun,18:00,In-Sample,2025-02-16T23:00:45.182575,2025-02-16 18:00:45,SHORT,70.46999842487276,119.99999731779099,True,,True
223,CL,Sun,18:00,In-Sample,2025-02-16T23:00:45.182634,2025-02-16 18:00:45,SHORT,70.46999842487276,199.99999552965164,True,,True
223,CL,Sun,18:00,In-Sample,2025-02-16T23:00:45.182634,2025-02-16 18:00:45,SHORT,70.46999842487276,499.9999888241291,True,,True
223,CL,Sun,18:00,In-Sample,2025-02-16T23:00:45.182810,2025-02-16 18:00:45,SHORT,70.46999842487276,89.99999798834324,True,,True
223,CL,Sun,18:00,In-Sample,2025-02-16T23:00:45.182810,2025-02-16 18:00:45,SHORT,70.46999842487276,139.99999687075615,True,,True
223,CL,Sun,18:00,In-Sample,2025-02-16T23:00:45.182810,2025-02-16 18:00:45,SHORT,70.46999842487276,129.99999709427357,True,,True
223,CL,Sun,18:00,In-Sample,2025-02-16T23:00:45.182920,2025-02-16 18:00:45,SHORT,70.46999842487276,89.99999798834324,True,,True
223,CL,Sun,18:00,In-Sample,2025-02-16T23:00:45.182920,2025-02-16 18:00:45,SHORT,70.46999842487276,119.99999731779099,True,,True
223,CL,Sun,18:00,In-Sample,2025-02-16T23:02:37.765076,2025-02-16 18:02:37,SHORT,70.3899984266609,199.99999552965164,True,,True
223,CL,Sun,18:00,In-Sample,2025-02-16T23:02:37.765076,2025-02-16 18:02:37,SHORT,70.3899984266609,179.99999597668648,True,,True
223,CL,Sun,18:00,In-Sample,2025-02-16T23:02:37.919269,2025-02-16 18:02:37,SHORT,70.3899984266609,69.99999843537807,True,,True
223,CL,Sun,18:00,In-Sample,2025-02-16T23:02:37.919269,2025-02-16 18:02:37,SHORT,70.3899984266609,149.99999664723873,True,,True
223,CL,Sun,18:00,In-Sample,2025-02-16T23:02:37.919269,2025-02-16 18:02:37,SHORT,70.3899984266609,89.99999798834324,True,,True
223,CL,Sun,18:00,In-Sample,2025-02-16T23:02:37.919341,2025-02-16 18:02:37,SHORT,70.3899984266609,69.99999843537807,True,,True
223,CL,Sun,18:00,In-Sample,2025-02-16T23:02:37.919341,2025-02-16 18:02:37,SHORT,70.3899984266609,149.99999664723873,True,,True
223,CL,Sun,18:00,In-Sample,2025-02-16T23:02:37.919341,2025-02-16 18:02:37,SHORT,70.3899984266609,89.99999798834324,True,,True
223,CL,Sun,18:00,In-Sample,2025-02-16T23:02:37.919391,2025-02-16 18:02:37,SHORT,70.3899984266609,69.99999843537807,True,,True
223,CL,Sun,18:00,In-Sample,2025-02-16T23:02:37.919391,2025-02-16 18:02:37,SHORT,70.3899984266609,149.99999664723873,True,,True
223,CL,Sun,18:00,In-Sample,2025-02-16T23:02:37.919391,2025-02-16 18:02:37,SHORT,70.3899984266609,39.99999910593033,True,,True
223,CL,Sun,18:00,In-Sample,2025-02-16T23:08:49.716379,2025-02-16 18:08:49,LONG,70.44999842531979,-329.9999926239252,True,,True
223,CL,Sun,18:00,In-Sample,2025-02-16T23:14:21.274032,2025-02-16 18:14:21,SHORT,70.34999842755497,69.99999843537807,True,,True
223,CL,Sun,18:00,In-Sample,2025-02-16T23:14:21.274032,2025-02-16 18:14:21,SHORT,70.34999842755497,139.99999687075615,True,,True
223,CL,Sun,18:00,In-Sample,2025-02-16T23:14:21.274032,2025-02-16 18:14:21,SHORT,70.34999842755497,19.999999552965164,True,,True
223,CL,Sun,18:00,In-Sample,2025-02-16T23:14:21.358783,2025-02-16 18:14:21,SHORT,70.34999842755497,69.99999843537807,True,,True
223,CL,Sun,18:00,In-Sample,2025-02-16T23:14:21.358783,2025-02-16 18:14:21,SHORT,70.34999842755497,139.99999687075615,True,,True
223,CL,Sun,18:00,In-Sample,2025-02-16T23:14:21.358783,2025-02-16 18:14:21,SHORT,70.34999842755497,19.999999552965164,True,,True
223,CL,Sun,18:00,In-Sample,2025-02-16T23:15:26.739225,2025-02-16 18:15:26,SHORT,70.33999842777848,199.99999552965164,True,,True
223,CL,Sun,18:00,In-Sample,2025-03-09T22:00:21.171570,2025-03-09 18:00:21,SHORT,67.0599985010922,199.99999552965164,True,,True
223,CL,Sun,18:00,In-Sample,2025-03-09T22:00:21.171570,2025-03-09 18:00:21,SHORT,67.0599985010922,499.9999888241291,True,,True
223,CL,Sun,18:00,In-Sample,2025-03-09T22:01:59.221617,2025-03-09 18:01:59,SHORT,67.03999850153923,69.99999843537807,True,,True
223,CL,Sun,18:00,In-Sample,2025-03-09T22:01:59.221617,2025-03-09 18:01:59,SHORT,67.03999850153923,199.99999552965164,True,,True
223,CL,Sun,18:00,In-Sample,2025-03-09T22:06:10.833900,2025-03-09 18:06:10,SHORT,66.89999850466847,0.0,True,,True
223,CL,Sun,18:00,In-Sample,2025-03-09T22:07:34.252109,2025-03-09 18:07:34,SHORT,66.8299985062331,79.99999821186066,True,,True
223,CL,Sun,18:00,In-Sample,2025-03-09T22:07:34.252109,2025-03-09 18:07:34,SHORT,66.8299985062331,-79.99999821186066,True,,True
223,CL,Sun,18:00,In-Sample,2025-03-09T22:07:34.252224,2025-03-09 18:07:34,SHORT,66.8299985062331,-119.99999731779099,True,,True
223,CL,Sun,18:00,In-Sample,2025-03-09T22:07:34.289187,2025-03-09 18:07:34,SHORT,66.8299985062331,79.99999821186066,True,,True
223,CL,Sun,18:00,In-Sample,2025-03-09T22:07:34.289187,2025-03-09 18:07:34,SHORT,66.8299985062331,-79.99999821186066,True,,True
223,CL,Sun,18:00,In-Sample,2025-03-09T22:10:31.503085,2025-03-09 18:10:31,SHORT,66.73999850824475,149.99999664723873,True,,True
223,CL,Sun,18:00,In-Sample,2025-03-09T22:14:03.088242,2025-03-09 18:14:03,LONG,66.86999850533903,-119.99999731779099,True,,True
223,CL,Sun,18:00,In-Sample,2025-03-09T22:14:23.666732,2025-03-09 18:14:23,LONG,66.86999850533903,-449.9999899417162,True,,True
223,CL,Sun,18:00,In-Sample,2025-03-09T22:14:23.749199,2025-03-09 18:14:23,LONG,66.86999850533903,-509.9999886006117,True,,True
223,CL,Sun,18:00,In-Sample,2025-03-09T22:17:01.124822,2025-03-09 18:17:01,SHORT,66.81999850645661,29.999999329447746,True,,True
223,CL,Sun,18:00,In-Sample,2025-03-09T22:24:36.977692,2025-03-09 18:24:36,SHORT,66.79999850690365,0.0,True,,True
223,CL,Sun,18:00,In-Sample,2025-03-16T22:00:32.147936,2025-03-16 18:00:32,LONG,67.52999849058688,89.99999798834324,True,,True
223,CL,Sun,18:00,In-Sample,2025-03-16T22:08:33.899550,2025-03-16 18:08:33,SHORT,67.55999848991632,-179.99999597668648,True,,True
223,CL,Sun,18:00,In-Sample,2025-03-16T22:17:04.699191,2025-03-16 18:17:04,SHORT,67.61999848857522,-269.9999939650297,True,,True
223,CL,Sun,18:00,In-Sample,2025-03-16T22:28:56.095993,2025-03-16 18:28:56,SHORT,67.67999848723412,-269.9999939650297,True,,True
223,CL,Sun,18:00,In-Sample,2025-03-23T22:15:08.835991,2025-03-23 18:15:08,SHORT,68.28999847359955,-59.99999865889549,True,,True
223,CL,Sun,18:00,In-Sample,2025-03-30T22:00:00.403949,2025-03-30 18:00:00,SHORT,69.3499984499067,109.9999975413084,True,,True
223,CL,Sun,18:00,In-Sample,2025-03-30T22:00:00.403949,2025-03-30 18:00:00,SHORT,69.3499984499067,39.99999910593033,True,,True
223,CL,Sun,18:00,In-Sample,2025-03-30T22:00:05.511338,2025-03-30 18:00:05,LONG,69.44999844767153,479.99998927116394,True,,True
223,CL,Sun,18:00,In-Sample,2025-03-30T22:01:13.872476,2025-03-30 18:01:13,LONG,69.58999844454229,-179.99999597668648,True,,True
223,CL,Sun,18:00,In-Sample,2025-03-30T22:01:14.024863,2025-03-30 18:01:14,LONG,69.58999844454229,-179.99999597668648,True,,True
223,CL,Sun,18:00,In-Sample,2025-03-30T22:01:14.025561,2025-03-30 18:01:14,LONG,69.58999844454229,-179.99999597668648,True,,True
223,CL,Sun,18:00,In-Sample,2025-03-30T22:02:10.504008,2025-03-30 18:02:10,SHORT,69.53999844565988,-159.9999964237213,True,,True
223,CL,Sun,18:00,In-Sample,2025-03-30T22:02:49.083163,2025-03-30 18:02:49,SHORT,69.5299984458834,-269.9999939650297,True,,True
223,CL,Sun,18:00,In-Sample,2025-03-30T22:02:49.083414,2025-03-30 18:02:49,SHORT,69.5299984458834,-269.9999939650297,True,,True
223,CL,Sun,18:00,In-Sample,2025-03-30T22:02:49.083610,2025-03-30 18:02:49,SHORT,69.5299984458834,-269.9999939650297,True,,True
223,CL,Sun,18:00,In-Sample,2025-03-30T22:02:49.083786,2025-03-30 18:02:49,SHORT,69.5299984458834,-269.9999939650297,True,,True
223,CL,Sun,18:00,In-Sample,2025-03-30T22:02:49.083925,2025-03-30 18:02:49,SHORT,69.5299984458834,-39.99999910593033,True,,True
223,CL,Sun,18:00,In-Sample,2025-03-30T22:05:30.674775,2025-03-30 18:05:30,SHORT,69.60999844409525,-89.99999798834324,True,,True
223,CL,Sun,18:00,In-Sample,2025-03-30T22:05:30.675012,2025-03-30 18:05:30,SHORT,69.60999844409525,-89.99999798834324,True,,True
223,CL,Sun,18:00,In-Sample,2025-03-30T22:05:54.107371,2025-03-30 18:05:54,SHORT,69.5799984447658,-99.99999776482582,True,,True
223,CL,Sun,18:00,In-Sample,2025-03-30T22:16:27.235135,2025-03-30 18:16:27,SHORT,69.59999844431877,89.99999798834324,True,,True
223,CL,Sun,18:00,In-Sample,2025-03-30T22:16:27.235135,2025-03-30 18:16:27,SHORT,69.59999844431877,89.99999798834324,True,,True
223,CL,Sun,18:00,In-Sample,2025-03-30T22:17:50.754780,2025-03-30 18:17:50,SHORT,69.5299984458834,199.99999552965164,True,,True
223,CL,Sun,18:00,In-Sample,2025-03-30T22:17:50.754780,2025-03-30 18:17:50,SHORT,69.5299984458834,99.99999776482582,True,,True
223,CL,Sun,18:00,In-Sample,2025-03-30T22:17:50.754928,2025-03-30 18:17:50,SHORT,69.5299984458834,199.99999552965164,True,,True
223,CL,Sun,18:00,In-Sample,2025-03-30T22:17:50.873614,2025-03-30 18:17:50,SHORT,69.5299984458834,89.99999798834324,True,,True
223,CL,Sun,18:00,In-Sample,2025-03-30T22:17:50.873614,2025-03-30 18:17:50,SHORT,69.5299984458834,179.99999597668648,True,,True
223,CL,Sun,18:00,In-Sample,2025-03-30T22:17:50.873614,2025-03-30 18:17:50,SHORT,69.5299984458834,49.99999888241291,True,,True
223,CL,Sun,18:00,In-Sample,2025-03-30T22:17:50.873699,2025-03-30 18:17:50,SHORT,69.5299984458834,89.99999798834324,True,,True
223,CL,Sun,18:00,In-Sample,2025-03-30T22:17:50.873699,2025-03-30 18:17:50,SHORT,69.5299984458834,179.99999597668648,True,,True
223,CL,Sun,18:00,In-Sample,2025-03-30T22:17:50.873699,2025-03-30 18:17:50,SHORT,69.5299984458834,49.99999888241291,True,,True
223,CL,Sun,18:00,In-Sample,2025-03-30T22:26:02.039625,2025-03-30 18:26:02,LONG,69.54999844543636,-269.9999939650297,True,,True
223,CL,Sun,18:00,In-Sample,2025-03-30T22:26:02.119790,2025-03-30 18:26:02,LONG,69.54999844543636,-269.9999939650297,True,,True
223,CL,Sun,18:00,In-Sample,2025-04-06T22:00:04.826343,2025-04-06 18:00:04,SHORT,60.76999864168465,159.9999964237213,True,,True
223,CL,Sun,18:00,In-Sample,2025-04-06T22:00:04.826343,2025-04-06 18:00:04,SHORT,60.76999864168465,309.99999307096004,True,,True
223,CL,Sun,18:00,In-Sample,2025-04-06T22:00:04.826343,2025-04-06 18:00:04,SHORT,60.76999864168465,479.99998927116394,True,,True
223,CL,Sun,18:00,In-Sample,2025-04-06T22:00:05.290987,2025-04-06 18:00:05,SHORT,60.709998643025756,299.99999329447746,True,,True
223,CL,Sun,18:00,In-Sample,2025-04-06T22:00:05.290987,2025-04-06 18:00:05,SHORT,60.709998643025756,699.9999843537807,True,,True
223,CL,Sun,18:00,In-Sample,2025-04-06T22:00:05.290987,2025-04-06 18:00:05,SHORT,60.709998643025756,609.9999863654375,True,,True
223,CL,Sun,18:00,In-Sample,2025-04-06T22:00:05.337029,2025-04-06 18:00:05,SHORT,60.709998643025756,149.99999664723873,True,,True
223,CL,Sun,18:00,In-Sample,2025-04-06T22:00:05.337029,2025-04-06 18:00:05,SHORT,60.709998643025756,299.99999329447746,True,,True
223,CL,Sun,18:00,In-Sample,2025-04-06T22:00:05.337029,2025-04-06 18:00:05,SHORT,60.709998643025756,229.9999948590994,True,,True
223,CL,Sun,18:00,In-Sample,2025-04-06T22:00:05.337122,2025-04-06 18:00:05,SHORT,60.709998643025756,149.99999664723873,True,,True
223,CL,Sun,18:00,In-Sample,2025-04-06T22:00:05.337122,2025-04-06 18:00:05,SHORT,60.709998643025756,299.99999329447746,True,,True
223,CL,Sun,18:00,In-Sample,2025-04-06T22:00:05.337122,2025-04-06 18:00:05,SHORT,60.709998643025756,539.9999879300594,True,,True
223,CL,Sun,18:00,In-Sample,2025-04-06T22:00:19.383381,2025-04-06 18:00:19,SHORT,60.53999864682555,-299.99999329447746,True,,True
223,CL,Sun,18:00,In-Sample,2025-04-06T22:00:37.371216,2025-04-06 18:00:37,SHORT,60.45999864861369,169.9999962002039,True,,True
223,CL,Sun,18:00,In-Sample,2025-04-06T22:00:37.371216,2025-04-06 18:00:37,SHORT,60.45999864861369,329.9999926239252,True,,True
223,CL,Sun,18:00,In-Sample,2025-04-06T22:00:37.371216,2025-04-06 18:00:37,SHORT,60.45999864861369,169.9999962002039,True,,True
223,CL,Sun,18:00,In-Sample,2025-04-06T22:01:33.650449,2025-04-06 18:01:33,SHORT,60.1099986564368,-659.9999852478504,True,,True
223,CL,Sun,18:00,In-Sample,2025-04-06T22:01:33.978502,2025-04-06 18:01:33,SHORT,60.11999865621328,99.99999776482582,True,,True
223,CL,Sun,18:00,In-Sample,2025-04-06T22:01:33.978502,2025-04-06 18:01:33,SHORT,60.11999865621328,199.99999552965164,True,,True
223,CL,Sun,18:00,In-Sample,2025-04-06T22:01:33.978502,2025-04-06 18:01:33,SHORT,60.11999865621328,-69.99999843537807,True,,True
223,CL,Sun,18:00,In-Sample,2025-04-06T22:02:27.772704,2025-04-06 18:02:27,LONG,60.30999865196645,-509.9999886006117,True,,True
223,CL,Sun,18:00,In-Sample,2025-04-06T22:02:27.992298,2025-04-06 18:02:27,LONG,60.30999865196645,-509.9999886006117,True,,True
223,CL,Sun,18:00,In-Sample,2025-04-06T22:02:27.992476,2025-04-06 18:02:27,LONG,60.30999865196645,-419.99999061226845,True,,True
223,CL,Sun,18:00,In-Sample,2025-04-06T22:03:01.897646,2025-04-06 18:03:01,SHORT,60.199998654425144,159.9999964237213,True,,True
223,CL,Sun,18:00,In-Sample,2025-04-06T22:03:01.897646,2025-04-06 18:03:01,SHORT,60.199998654425144,159.9999964237213,True,,True
223,CL,Sun,18:00,In-Sample,2025-04-06T22:03:27.594503,2025-04-06 18:03:27,SHORT,60.1699986550957,199.99999552965164,True,,True
223,CL,Sun,18:00,In-Sample,2025-04-06T22:03:27.594503,2025-04-06 18:03:27,SHORT,60.1699986550957,179.9973101913963,True,,True
223,CL,Sun,18:00,In-Sample,2025-04-06T22:03:41.315239,2025-04-06 18:03:41,SHORT,60.129998655989766,209.99999530613422,True,,True
223,CL,Sun,18:00,In-Sample,2025-04-06T22:03:41.315239,2025-04-06 18:03:41,SHORT,60.129998655989766,59.99999865889549,True,,True
223,CL,Sun,18:00,In-Sample,2025-04-06T22:03:41.315372,2025-04-06 18:03:41,SHORT,60.129998655989766,209.99999530613422,True,,True
223,CL,Sun,18:00,In-Sample,2025-04-06T22:03:41.315372,2025-04-06 18:03:41,SHORT,60.129998655989766,59.99999865889549,True,,True
223,CL,Sun,18:00,In-Sample,2025-04-06T22:03:48.348417,2025-04-06 18:03:48,SHORT,60.05999865755439,139.99999687075615,True,,True
223,CL,Sun,18:00,In-Sample,2025-04-06T22:03:48.348417,2025-04-06 18:03:48,SHORT,60.05999865755439,-79.99999821186066,True,,True
223,CL,Sun,18:00,In-Sample,2025-04-06T22:03:48.442499,2025-04-06 18:03:48,SHORT,60.05999865755439,139.99999687075615,True,,True
223,CL,Sun,18:00,In-Sample,2025-04-06T22:03:48.442499,2025-04-06 18:03:48,SHORT,60.05999865755439,-79.99999821186066,True,,True
223,CL,Sun,18:00,In-Sample,2025-04-06T22:03:51.870163,2025-04-06 18:03:51,SHORT,60.01999865844846,189.99999575316906,True,,True
223,CL,Sun,18:00,In-Sample,2025-04-06T22:03:51.870163,2025-04-06 18:03:51,SHORT,60.01999865844846,119.99999731779099,True,,True
223,CL,Sun,18:00,In-Sample,2025-04-06T22:03:51.943063,2025-04-06 18:03:51,SHORT,60.01999865844846,189.99999575316906,True,,True
223,CL,Sun,18:00,In-Sample,2025-04-06T22:03:51.943063,2025-04-06 18:03:51,SHORT,60.01999865844846,-699.9999843537807,True,,True
223,CL,Sun,18:00,In-Sample,2025-04-06T22:03:52.093727,2025-04-06 18:03:52,SHORT,60.01999865844846,-239.99999463558197,True,,True
223,CL,Sun,18:00,In-Sample,2025-04-06T22:03:52.098995,2025-04-06 18:03:52,SHORT,60.01999865844846,169.9999962002039,True,,True
223,CL,Sun,18:00,In-Sample,2025-04-06T22:03:52.098995,2025-04-06 18:03:52,SHORT,60.01999865844846,-59.99999865889549,True,,True
223,CL,Sun,18:00,In-Sample,2025-04-06T22:04:10.446733,2025-04-06 18:04:10,SHORT,59.98999865911901,-269.9999939650297,True,,True
223,CL,Sun,18:00,In-Sample,2025-04-06T22:04:10.571180,2025-04-06 18:04:10,SHORT,59.98999865911901,-269.9999939650297,True,,True
223,CL,Sun,18:00,In-Sample,2025-04-06T22:04:38.826412,2025-04-06 18:04:38,LONG,60.07999865710735,-659.9999852478504,True,,True
223,CL,Sun,18:00,In-Sample,2025-04-06T22:04:38.951786,2025-04-06 18:04:38,LONG,60.07999865710735,-659.9999852478504,True,,True
223,CL,Sun,18:00,In-Sample,2025-04-06T22:04:38.951953,2025-04-06 18:04:38,LONG,60.07999865710735,-659.9999852478504,True,,True
223,CL,Sun,18:00,In-Sample,2025-04-06T22:05:59.498612,2025-04-06 18:05:59,SHORT,59.83999866247177,-19.999999552965164,True,,True
223,CL,Sun,18:00,In-Sample,2025-04-06T22:06:54.013497,2025-04-06 18:06:54,SHORT,59.71999866515398,-989.9999778717756,True,,True
223,CL,Sun,18:00,In-Sample,2025-04-06T22:06:54.040080,2025-04-06 18:06:54,SHORT,59.71999866515398,-989.9999778717756,True,,True
223,CL,Sun,18:00,In-Sample,2025-04-06T22:06:54.196281,2025-04-06 18:06:54,SHORT,59.71999866515398,-989.9999778717756,True,,True
223,CL,Sun,18:00,In-Sample,2025-04-06T22:07:28.053215,2025-04-06 18:07:28,LONG,59.849998662248254,199.99999552965164,True,,True
223,CL,Sun,18:00,In-Sample,2025-04-06T22:07:28.053215,2025-04-06 18:07:28,LONG,59.849998662248254,599.9999865889549,True,,True
223,CL,Sun,18:00,In-Sample,2025-04-06T22:07:28.053215,2025-04-06 18:07:28,LONG,59.849998662248254,519.9999883770943,True,,True
223,CL,Sun,18:00,In-Sample,2025-04-06T22:07:28.297652,2025-04-06 18:07:28,LONG,59.849998662248254,189.99999575316906,True,,True
223,CL,Sun,18:00,In-Sample,2025-04-06T22:07:28.297652,2025-04-06 18:07:28,LONG,59.849998662248254,579.9999870359898,True,,True
223,CL,Sun,18:00,In-Sample,2025-04-06T22:07:59.456049,2025-04-06 18:07:59,LONG,59.98999865911901,199.99999552965164,True,,True
223,CL,Sun,18:00,In-Sample,2025-04-06T22:07:59.456049,2025-04-06 18:07:59,LONG,59.98999865911901,599.9999865889549,True,,True
223,CL,Sun,18:00,In-Sample,2025-04-06T22:07:59.456049,2025-04-06 18:07:59,LONG,59.98999865911901,219.9999950826168,True,,True
223,CL,Sun,18:00,In-Sample,2025-04-06T22:07:59.580060,2025-04-06 18:07:59,LONG,59.98999865911901,209.99999530613422,True,,True
223,CL,Sun,18:00,In-Sample,2025-04-06T22:07:59.580060,2025-04-06 18:07:59,LONG,59.98999865911901,409.99999083578587,True,,True
223,CL,Sun,18:00,In-Sample,2025-04-06T22:07:59.580060,2025-04-06 18:07:59,LONG,59.98999865911901,329.9999926239252,True,,True
223,CL,Sun,18:00,In-Sample,2025-04-06T22:07:59.580193,2025-04-06 18:07:59,LONG,59.98999865911901,209.99999530613422,True,,True
223,CL,Sun,18:00,In-Sample,2025-04-06T22:07:59.580193,2025-04-06 18:07:59,LONG,59.98999865911901,409.99999083578587,True,,True
223,CL,Sun,18:00,In-Sample,2025-04-06T22:07:59.580193,2025-04-06 18:07:59,LONG,59.98999865911901,329.9999926239252,True,,True
223,CL,Sun,18:00,In-Sample,2025-04-06T22:10:36.958877,2025-04-06 18:10:36,LONG,60.549998646602035,-479.99998927116394,True,,True
223,CL,Sun,18:00,In-Sample,2025-04-06T22:10:37.024261,2025-04-06 18:10:37,LONG,60.549998646602035,-479.99998927116394,True,,True
223,CL,Sun,18:00,In-Sample,2025-04-06T22:10:37.024344,2025-04-06 18:10:37,LONG,60.549998646602035,-479.99998927116394,True,,True
223,CL,Sun,18:00,In-Sample,2025-04-06T22:11:40.156254,2025-04-06 18:11:40,SHORT,60.36999865062535,-389.9999912828207,True,,True
223,CL,Sun,18:00,In-Sample,2025-04-06T22:11:40.345059,2025-04-06 18:11:40,SHORT,60.36999865062535,-389.9999912828207,True,,True
223,CL,Sun,18:00,In-Sample,2025-04-06T22:11:40.345129,2025-04-06 18:11:40,SHORT,60.36999865062535,-209.99999530613422,True,,True
223,CL,Sun,18:00,In-Sample,2025-04-06T22:12:27.448311,2025-04-06 18:12:27,LONG,60.439998649060726,-419.99999061226845,True,,True
223,CL,Sun,18:00,In-Sample,2025-04-06T22:12:59.798581,2025-04-06 18:12:59,SHORT,60.24999865330756,199.99999552965164,True,,True
223,CL,Sun,18:00,In-Sample,2025-04-06T22:12:59.798581,2025-04-06 18:12:59,SHORT,60.24999865330756,399.9999910593033,True,,True
223,CL,Sun,18:00,In-Sample,2025-04-06T22:12:59.798581,2025-04-06 18:12:59,SHORT,60.24999865330756,489.9999890476465,True,,True
223,CL,Sun,18:00,In-Sample,2025-04-06T22:12:59.798678,2025-04-06 18:12:59,SHORT,60.24999865330756,229.9999948590994,True,,True
223,CL,Sun,18:00,In-Sample,2025-04-06T22:12:59.798678,2025-04-06 18:12:59,SHORT,60.24999865330756,449.9999899417162,True,,True
223,CL,Sun,18:00,In-Sample,2025-04-06T22:12:59.798678,2025-04-06 18:12:59,SHORT,60.24999865330756,559.9999874830246,True,,True
223,CL,Sun,18:00,In-Sample,2025-04-06T22:12:59.798774,2025-04-06 18:12:59,SHORT,60.24999865330756,229.9999948590994,True,,True
223,CL,Sun,18:00,In-Sample,2025-04-06T22:12:59.798774,2025-04-06 18:12:59,SHORT,60.24999865330756,449.9999899417162,True,,True
223,CL,Sun,18:00,In-Sample,2025-04-06T22:12:59.798774,2025-04-06 18:12:59,SHORT,60.24999865330756,559.9999874830246,True,,True
223,CL,Sun,18:00,In-Sample,2025-04-06T22:12:59.891479,2025-04-06 18:12:59,SHORT,60.24999865330756,229.9999948590994,True,,True
223,CL,Sun,18:00,In-Sample,2025-04-06T22:12:59.891479,2025-04-06 18:12:59,SHORT,60.24999865330756,449.9999899417162,True,,True
223,CL,Sun,18:00,In-Sample,2025-04-06T22:12:59.891479,2025-04-06 18:12:59,SHORT,60.24999865330756,559.9999874830246,True,,True
223,CL,Sun,18:00,In-Sample,2025-04-06T22:12:59.891594,2025-04-06 18:12:59,SHORT,60.24999865330756,199.99999552965164,True,,True
223,CL,Sun,18:00,In-Sample,2025-04-06T22:12:59.891594,2025-04-06 18:12:59,SHORT,60.24999865330756,379.9999915063381,True,,True
223,CL,Sun,18:00,In-Sample,2025-04-06T22:15:36.281177,2025-04-06 18:15:36,SHORT,60.049998657777905,199.99999552965164,True,,True
223,CL,Sun,18:00,In-Sample,2025-04-06T22:15:36.281177,2025-04-06 18:15:36,SHORT,60.049998657777905,479.99998927116394,True,,True
223,CL,Sun,18:00,In-Sample,2025-04-06T22:15:49.281384,2025-04-06 18:15:49,SHORT,59.969998659566045,159.9999964237213,True,,True
223,CL,Sun,18:00,In-Sample,2025-04-06T22:15:49.281384,2025-04-06 18:15:49,SHORT,59.969998659566045,209.99999530613422,True,,True
223,CL,Sun,18:00,In-Sample,2025-04-06T22:15:49.362191,2025-04-06 18:15:49,SHORT,59.969998659566045,159.9999964237213,True,,True
223,CL,Sun,18:00,In-Sample,2025-04-06T22:15:49.362191,2025-04-06 18:15:49,SHORT,59.969998659566045,209.99999530613422,True,,True
223,CL,Sun,18:00,In-Sample,2025-04-06T22:15:49.362275,2025-04-06 18:15:49,SHORT,59.969998659566045,159.9999964237213,True,,True
223,CL,Sun,18:00,In-Sample,2025-04-06T22:15:49.362275,2025-04-06 18:15:49,SHORT,59.969998659566045,209.99999530613422,True,,True
223,CL,Sun,18:00,In-Sample,2025-04-06T22:15:49.362324,2025-04-06 18:15:49,SHORT,59.969998659566045,159.9999964237213,True,,True
223,CL,Sun,18:00,In-Sample,2025-04-06T22:15:49.362324,2025-04-06 18:15:49,SHORT,59.969998659566045,329.9999926239252,True,,True
223,CL,Sun,18:00,In-Sample,2025-04-06T22:15:49.362324,2025-04-06 18:15:49,SHORT,59.969998659566045,219.9999950826168,True,,True
223,CL,Sun,18:00,In-Sample,2025-04-06T22:15:49.516895,2025-04-06 18:15:49,SHORT,59.969998659566045,159.9999964237213,True,,True
223,CL,Sun,18:00,In-Sample,2025-04-06T22:15:49.516895,2025-04-06 18:15:49,SHORT,59.969998659566045,329.9999926239252,True,,True
223,CL,Sun,18:00,In-Sample,2025-04-06T22:15:49.516895,2025-04-06 18:15:49,SHORT,59.969998659566045,219.9999950826168,True,,True
223,CL,Sun,18:00,In-Sample,2025-04-06T22:16:55.404342,2025-04-06 18:16:55,LONG,60.089998656883836,-419.99999061226845,True,,True
223,CL,Sun,18:00,In-Sample,2025-04-06T22:17:39.956056,2025-04-06 18:17:39,SHORT,59.94999866001308,-389.9999912828207,True,,True
223,CL,Sun,18:00,In-Sample,2025-04-06T22:18:00.042009,2025-04-06 18:18:00,LONG,60.07999865710735,-509.9999886006117,True,,True
223,CL,Sun,18:00,In-Sample,2025-04-06T22:18:37.506340,2025-04-06 18:18:37,SHORT,59.90999866090715,239.99999463558197,True,,True
223,CL,Sun,18:00,In-Sample,2025-04-06T22:18:37.506340,2025-04-06 18:18:37,SHORT,59.90999866090715,459.9999897181988,True,,True
223,CL,Sun,18:00,In-Sample,2025-04-06T22:18:37.506518,2025-04-06 18:18:37,SHORT,59.90999866090715,239.99999463558197,True,,True
223,CL,Sun,18:00,In-Sample,2025-04-06T22:19:01.996396,2025-04-06 18:19:01,SHORT,59.80999866314232,149.99999664723873,True,,True
223,CL,Sun,18:00,In-Sample,2025-04-06T22:19:01.996396,2025-04-06 18:19:01,SHORT,59.80999866314232,0.0,True,,True
223,CL,Sun,18:00,In-Sample,2025-04-06T22:19:01.996635,2025-04-06 18:19:01,SHORT,59.80999866314232,149.99999664723873,True,,True
223,CL,Sun,18:00,In-Sample,2025-04-06T22:19:01.996635,2025-04-06 18:19:01,SHORT,59.80999866314232,0.0,True,,True
223,CL,Sun,18:00,In-Sample,2025-04-06T22:19:02.049056,2025-04-06 18:19:02,SHORT,59.80999866314232,-869.9999805539846,True,,True
223,CL,Sun,18:00,In-Sample,2025-04-06T22:22:54.196019,2025-04-06 18:22:54,LONG,59.66999866627157,199.99999552965164,True,,True
223,CL,Sun,18:00,In-Sample,2025-04-06T22:22:54.196217,2025-04-06 18:22:54,LONG,59.66999866627157,-359.99999195337296,True,,True
223,CL,Sun,18:00,In-Sample,2025-04-06T22:22:54.196291,2025-04-06 18:22:54,LONG,59.66999866627157,-359.99999195337296,True,,True
223,CL,Sun,18:00,In-Sample,2025-04-06T22:24:20.609100,2025-04-06 18:24:20,LONG,59.63999866694212,209.99999530613422,True,,True
223,CL,Sun,18:00,In-Sample,2025-04-06T22:24:20.609100,2025-04-06 18:24:20,LONG,59.63999866694212,519.9999883770943,True,,True
223,CL,Sun,18:00,In-Sample,2025-04-06T22:24:29.609991,2025-04-06 18:24:29,LONG,59.63999866694212,209.99999530613422,True,,True
223,CL,Sun,18:00,In-Sample,2025-04-06T22:24:29.609991,2025-04-06 18:24:29,LONG,59.63999866694212,519.9999883770943,True,,True
223,CL,Sun,18:00,In-Sample,2025-04-06T22:24:29.868566,2025-04-06 18:24:29,LONG,59.63999866694212,209.99999530613422,True,,True
223,CL,Sun,18:00,In-Sample,2025-04-06T22:24:52.146420,2025-04-06 18:24:52,LONG,59.68999866582453,169.9999962002039,True,,True
223,CL,Sun,18:00,In-Sample,2025-04-06T22:24:52.146420,2025-04-06 18:24:52,LONG,59.68999866582453,109.9999975413084,True,,True
223,CL,Sun,18:00,In-Sample,2025-04-06T22:24:52.146690,2025-04-06 18:24:52,LONG,59.68999866582453,199.99999552965164,True,,True
223,CL,Sun,18:00,In-Sample,2025-04-06T22:24:52.146690,2025-04-06 18:24:52,LONG,59.68999866582453,599.9999865889549,True,,True
223,CL,Sun,18:00,In-Sample,2025-04-06T22:24:52.159289,2025-04-06 18:24:52,LONG,59.68999866582453,249.99999441206455,True,,True
223,CL,Sun,18:00,In-Sample,2025-04-06T22:24:52.159289,2025-04-06 18:24:52,LONG,59.68999866582453,599.9999865889549,True,,True
223,CL,Sun,18:00,In-Sample,2025-04-06T22:24:52.377141,2025-04-06 18:24:52,LONG,59.68999866582453,249.99999441206455,True,,True
223,CL,Sun,18:00,In-Sample,2025-04-06T22:24:52.377141,2025-04-06 18:24:52,LONG,59.68999866582453,599.9999865889549,True,,True
223,CL,Sun,18:00,In-Sample,2025-04-06T22:24:52.377382,2025-04-06 18:24:52,LONG,59.68999866582453,249.99999441206455,True,,True
223,CL,Sun,18:00,In-Sample,2025-04-06T22:26:23.458938,2025-04-06 18:26:23,SHORT,59.889998661354184,-59.99999865889549,True,,True
223,CL,Sun,18:00,In-Sample,2025-04-06T22:27:43.334311,2025-04-06 18:27:43,SHORT,59.79999866336584,-29.999999329447746,True,,True
223,CL,Sun,18:00,In-Sample,2025-04-06T22:28:29.162032,2025-04-06 18:28:29,LONG,59.90999866090715,199.99999552965164,True,,True
223,CL,Sun,18:00,In-Sample,2025-04-06T22:28:29.162032,2025-04-06 18:28:29,LONG,59.90999866090715,-219.9999950826168,True,,True
223,CL,Sun,18:00,In-Sample,2025-04-06T22:28:29.422180,2025-04-06 18:28:29,LONG,59.90999866090715,-39.99999910593033,True,,True
223,CL,Sun,18:00,In-Sample,2025-04-06T22:28:29.422310,2025-04-06 18:28:29,LONG,59.90999866090715,-19.999999552965164,True,,True
223,CL,Sun,18:00,In-Sample,2025-04-06T22:28:29.422310,2025-04-06 18:28:29,LONG,59.90999866090715,-39.99999910593033,True,,True
223,CL,Sun,18:00,In-Sample,2025-04-06T22:28:29.422376,2025-04-06 18:28:29,LONG,59.90999866090715,0.0,True,,True
223,CL,Sun,18:00,In-Sample,2025-04-06T22:28:45.212087,2025-04-06 18:28:45,LONG,59.929998660460114,-39.99999910593033,True,,True
223,CL,Sun,18:00,In-Sample,2025-04-13T22:00:05.933195,2025-04-13 18:00:05,SHORT,61.58999862335622,-119.99999731779099,True,,True
223,CL,Sun,18:00,In-Sample,2025-04-13T22:00:19.715378,2025-04-13 18:00:19,LONG,61.87999861687422,149.99999664723873,True,,True
223,CL,Sun,18:00,In-Sample,2025-04-13T22:00:19.715378,2025-04-13 18:00:19,LONG,61.87999861687422,0.0,True,,True
223,CL,Sun,18:00,In-Sample,2025-04-13T22:00:21.443922,2025-04-13 18:00:21,LONG,61.909998616203666,149.99999664723873,True,,True
223,CL,Sun,18:00,In-Sample,2025-04-13T22:00:21.443922,2025-04-13 18:00:21,LONG,61.909998616203666,19.999999552965164,True,,True
223,CL,Sun,18:00,In-Sample,2025-04-13T22:00:23.110774,2025-04-13 18:00:23,LONG,61.93999861553311,199.99999552965164,True,,True
223,CL,Sun,18:00,In-Sample,2025-04-13T22:00:23.110774,2025-04-13 18:00:23,LONG,61.93999861553311,-599.9999865889549,True,,True
223,CL,Sun,18:00,In-Sample,2025-04-13T22:00:26.662054,2025-04-13 18:00:26,LONG,62.07999861240387,-119.99999731779099,True,,True
223,CL,Sun,18:00,In-Sample,2025-04-13T22:00:42.345169,2025-04-13 18:00:42,LONG,62.139998611062765,-1019.9999772012234,True,,True
223,CL,Sun,18:00,In-Sample,2025-04-13T22:00:42.345244,2025-04-13 18:00:42,LONG,62.139998611062765,-1019.9999772012234,True,,True
223,CL,Sun,18:00,In-Sample,2025-04-13T22:02:12.678175,2025-04-13 18:02:12,SHORT,61.96999861486256,99.99999776482582,True,,True
223,CL,Sun,18:00,In-Sample,2025-04-13T22:02:12.678175,2025-04-13 18:02:12,SHORT,61.96999861486256,159.9999964237213,True,,True
223,CL,Sun,18:00,In-Sample,2025-04-13T22:02:12.744564,2025-04-13 18:02:12,SHORT,61.96999861486256,199.99999552965164,True,,True
223,CL,Sun,18:00,In-Sample,2025-04-13T22:02:12.744564,2025-04-13 18:02:12,SHORT,61.96999861486256,599.9999865889549,True,,True
223,CL,Sun,18:00,In-Sample,2025-04-13T22:02:12.744564,2025-04-13 18:02:12,SHORT,61.96999861486256,529.9999881535769,True,,True
223,CL,Sun,18:00,In-Sample,2025-04-13T22:02:12.901418,2025-04-13 18:02:12,SHORT,61.96999861486256,99.99999776482582,True,,True
223,CL,Sun,18:00,In-Sample,2025-04-13T22:02:12.901418,2025-04-13 18:02:12,SHORT,61.96999861486256,209.99999530613422,True,,True
223,CL,Sun,18:00,In-Sample,2025-04-13T22:02:12.901418,2025-04-13 18:02:12,SHORT,61.96999861486256,159.9999964237213,True,,True
223,CL,Sun,18:00,In-Sample,2025-04-13T22:02:12.901732,2025-04-13 18:02:12,SHORT,61.96999861486256,99.99999776482582,True,,True
223,CL,Sun,18:00,In-Sample,2025-04-13T22:02:12.901732,2025-04-13 18:02:12,SHORT,61.96999861486256,209.99999530613422,True,,True
223,CL,Sun,18:00,In-Sample,2025-04-13T22:02:12.901732,2025-04-13 18:02:12,SHORT,61.96999861486256,159.9999964237213,True,,True
223,CL,Sun,18:00,In-Sample,2025-04-13T22:03:42.230339,2025-04-13 18:03:42,SHORT,61.639998622238636,149.99999664723873,True,,True
223,CL,Sun,18:00,In-Sample,2025-04-13T22:03:42.230339,2025-04-13 18:03:42,SHORT,61.639998622238636,299.99999329447746,True,,True
223,CL,Sun,18:00,In-Sample,2025-04-13T22:03:42.230339,2025-04-13 18:03:42,SHORT,61.639998622238636,359.99999195337296,True,,True
223,CL,Sun,18:00,In-Sample,2025-04-13T22:03:42.387199,2025-04-13 18:03:42,SHORT,61.639998622238636,149.99999664723873,True,,True
223,CL,Sun,18:00,In-Sample,2025-04-13T22:03:42.387199,2025-04-13 18:03:42,SHORT,61.639998622238636,299.99999329447746,True,,True
223,CL,Sun,18:00,In-Sample,2025-04-13T22:03:42.387199,2025-04-13 18:03:42,SHORT,61.639998622238636,359.99999195337296,True,,True
223,CL,Sun,18:00,In-Sample,2025-04-13T22:12:51.116506,2025-04-13 18:12:51,SHORT,61.58999862335622,119.99999731779099,True,,True
223,CL,Sun,18:00,In-Sample,2025-04-13T22:12:51.116506,2025-04-13 18:12:51,SHORT,61.58999862335622,139.99999687075615,True,,True
223,CL,Sun,18:00,In-Sample,2025-04-13T22:12:51.116711,2025-04-13 18:12:51,SHORT,61.58999862335622,129.99999709427357,True,,True
223,CL,Sun,18:00,In-Sample,2025-04-13T22:12:51.116711,2025-04-13 18:12:51,SHORT,61.58999862335622,249.99999441206455,True,,True
223,CL,Sun,18:00,In-Sample,2025-04-13T22:12:51.116711,2025-04-13 18:12:51,SHORT,61.58999862335622,309.99999307096004,True,,True
223,CL,Sun,18:00,In-Sample,2025-04-13T22:12:51.116802,2025-04-13 18:12:51,SHORT,61.58999862335622,129.99999709427357,True,,True
223,CL,Sun,18:00,In-Sample,2025-04-13T22:12:51.116802,2025-04-13 18:12:51,SHORT,61.58999862335622,249.99999441206455,True,,True
223,CL,Sun,18:00,In-Sample,2025-04-13T22:12:51.116802,2025-04-13 18:12:51,SHORT,61.58999862335622,309.99999307096004,True,,True
223,CL,Sun,18:00,In-Sample,2025-04-20T22:00:20.041155,2025-04-20 18:00:20,LONG,63.77999857440591,-539.9999879300594,True,,True
223,CL,Sun,18:00,In-Sample,2025-04-20T22:01:19.982796,2025-04-20 18:01:19,SHORT,63.529998579993844,59.99999865889549,True,,True
223,CL,Sun,18:00,In-Sample,2025-04-20T22:01:19.982796,2025-04-20 18:01:19,SHORT,63.529998579993844,149.99999664723873,True,,True
223,CL,Sun,18:00,In-Sample,2025-04-20T22:02:02.967297,2025-04-20 18:02:02,SHORT,63.489998580887914,199.99999552965164,True,,True
223,CL,Sun,18:00,In-Sample,2025-04-20T22:02:05.054278,2025-04-20 18:02:05,SHORT,63.40999858267605,69.99999843537807,True,,True
223,CL,Sun,18:00,In-Sample,2025-04-20T22:02:05.054278,2025-04-20 18:02:05,SHORT,63.40999858267605,129.99999709427357,True,,True
223,CL,Sun,18:00,In-Sample,2025-04-20T22:02:05.054278,2025-04-20 18:02:05,SHORT,63.40999858267605,19.999999552965164,True,,True
223,CL,Sun,18:00,In-Sample,2025-04-20T22:02:05.178759,2025-04-20 18:02:05,SHORT,63.40999858267605,69.99999843537807,True,,True
223,CL,Sun,18:00,In-Sample,2025-04-20T22:02:05.178759,2025-04-20 18:02:05,SHORT,63.40999858267605,129.99999709427357,True,,True
223,CL,Sun,18:00,In-Sample,2025-04-20T22:02:05.178759,2025-04-20 18:02:05,SHORT,63.40999858267605,19.999999552965164,True,,True
223,CL,Sun,18:00,In-Sample,2025-04-20T22:04:44.271907,2025-04-20 18:04:44,SHORT,63.28999858535826,89.99999798834324,True,,True
223,CL,Sun,18:00,In-Sample,2025-04-20T22:04:44.271907,2025-04-20 18:04:44,SHORT,63.28999858535826,-179.99999597668648,True,,True
223,CL,Sun,18:00,In-Sample,2025-04-20T22:07:33.310789,2025-04-20 18:07:33,LONG,63.31999858468771,-149.99999664723873,True,,True
223,CL,Sun,18:00,In-Sample,2025-04-20T22:08:26.788037,2025-04-20 18:08:26,SHORT,63.90999857150018,199.99999552965164,True,,True
223,CL,Sun,18:00,In-Sample,2025-04-20T22:09:00.416188,2025-04-20 18:09:00,SHORT,63.22999858669937,99.99999776482582,True,,True
223,CL,Sun,18:00,In-Sample,2025-04-20T22:09:00.416188,2025-04-20 18:09:00,SHORT,63.22999858669937,199.99999552965164,True,,True
223,CL,Sun,18:00,In-Sample,2025-04-20T22:11:49.949053,2025-04-20 18:11:49,LONG,63.2699985858053,69.99999843537807,True,,True
223,CL,Sun,18:00,In-Sample,2025-04-20T22:11:49.949053,2025-04-20 18:11:49,LONG,63.2699985858053,49.99999888241291,True,,True
223,CL,Sun,18:00,In-Sample,2025-04-27T22:01:02.336650,2025-04-27 18:01:02,SHORT,63.36999858357012,199.99999552965164,True,,True
223,CL,Sun,18:00,In-Sample,2025-04-27T22:01:02.336650,2025-04-27 18:01:02,SHORT,63.36999858357012,59.99999865889549,True,,True
223,CL,Sun,18:00,In-Sample,2025-04-27T22:04:39.628213,2025-04-27 18:04:39,SHORT,63.069998590275645,-839.9999812245369,True,,True
223,CL,Sun,18:00,In-Sample,2025-04-27T22:04:39.628466,2025-04-27 18:04:39,SHORT,63.069998590275645,-839.9999812245369,True,,True
223,CL,Sun,18:00,In-Sample,2025-04-27T22:04:39.721901,2025-04-27 18:04:39,SHORT,63.069998590275645,-839.9999812245369,True,,True
223,CL,Sun,18:00,In-Sample,2025-05-04T22:00:03.668090,2025-05-04 18:00:03,SHORT,56.43999873846769,189.99999575316906,True,,True
223,CL,Sun,18:00,In-Sample,2025-05-04T22:00:03.668090,2025-05-04 18:00:03,SHORT,56.43999873846769,339.9999924004078,True,,True
223,CL,Sun,18:00,In-Sample,2025-05-04T22:00:03.668090,2025-05-04 18:00:03,SHORT,56.43999873846769,869.9999805539846,True,,True
223,CL,Sun,18:00,In-Sample,2025-05-04T22:00:17.550902,2025-05-04 18:00:17,SHORT,56.15999874472618,199.99999552965164,True,,True
223,CL,Sun,18:00,In-Sample,2025-05-04T22:00:17.550902,2025-05-04 18:00:17,SHORT,56.15999874472618,599.9999865889549,True,,True
223,CL,Sun,18:00,In-Sample,2025-05-04T22:00:17.550902,2025-05-04 18:00:17,SHORT,56.15999874472618,269.9999939650297,True,,True
223,CL,Sun,18:00,In-Sample,2025-05-04T22:00:45.381127,2025-05-04 18:00:45,SHORT,55.749998753890395,99.99999776482582,True,,True
223,CL,Sun,18:00,In-Sample,2025-05-04T22:00:45.381127,2025-05-04 18:00:45,SHORT,55.749998753890395,199.99999552965164,True,,True
223,CL,Sun,18:00,In-Sample,2025-05-04T22:00:45.381127,2025-05-04 18:00:45,SHORT,55.749998753890395,9.999999776482582,True,,True
223,CL,Sun,18:00,In-Sample,2025-05-04T22:01:00.462804,2025-05-04 18:01:00,SHORT,55.599998757243156,199.99999552965164,True,,True
223,CL,Sun,18:00,In-Sample,2025-05-04T22:01:00.462804,2025-05-04 18:01:00,SHORT,55.599998757243156,49.99999888241291,True,,True
223,CL,Sun,18:00,In-Sample,2025-05-04T22:01:12.799627,2025-05-04 18:01:12,LONG,55.53999875858426,139.99999687075615,True,,True
223,CL,Sun,18:00,In-Sample,2025-05-04T22:01:12.799627,2025-05-04 18:01:12,LONG,55.53999875858426,9.999999776482582,True,,True
223,CL,Sun,18:00,In-Sample,2025-05-04T22:01:12.872124,2025-05-04 18:01:12,LONG,55.53999875858426,139.99999687075615,True,,True
223,CL,Sun,18:00,In-Sample,2025-05-04T22:01:12.872124,2025-05-04 18:01:12,LONG,55.53999875858426,269.9999939650297,True,,True
223,CL,Sun,18:00,In-Sample,2025-05-04T22:01:12.872124,2025-05-04 18:01:12,LONG,55.53999875858426,179.99999597668648,True,,True
223,CL,Sun,18:00,In-Sample,2025-05-04T22:01:13.000782,2025-05-04 18:01:13,LONG,55.53999875858426,139.99999687075615,True,,True
223,CL,Sun,18:00,In-Sample,2025-05-04T22:01:13.000782,2025-05-04 18:01:13,LONG,55.53999875858426,269.9999939650297,True,,True
223,CL,Sun,18:00,In-Sample,2025-05-04T22:01:13.000782,2025-05-04 18:01:13,LONG,55.53999875858426,179.99999597668648,True,,True
223,CL,Sun,18:00,In-Sample,2025-05-04T22:01:13.000930,2025-05-04 18:01:13,LONG,55.53999875858426,139.99999687075615,True,,True
223,CL,Sun,18:00,In-Sample,2025-05-04T22:01:13.000930,2025-05-04 18:01:13,LONG,55.53999875858426,9.999999776482582,True,,True
223,CL,Sun,18:00,In-Sample,2025-05-04T22:01:13.085750,2025-05-04 18:01:13,LONG,55.54999875836074,-99.99999776482582,True,,True
223,CL,Sun,18:00,In-Sample,2025-05-04T22:01:13.085809,2025-05-04 18:01:13,LONG,55.54999875836074,139.99999687075615,True,,True
223,CL,Sun,18:00,In-Sample,2025-05-04T22:01:13.085809,2025-05-04 18:01:13,LONG,55.54999875836074,-49.99999888241291,True,,True
223,CL,Sun,18:00,In-Sample,2025-05-04T22:01:13.085933,2025-05-04 18:01:13,LONG,55.54999875836074,199.99999552965164,True,,True
223,CL,Sun,18:00,In-Sample,2025-05-04T22:01:13.085933,2025-05-04 18:01:13,LONG,55.54999875836074,599.9999865889549,True,,True
223,CL,Sun,18:00,In-Sample,2025-05-04T22:01:13.085933,2025-05-04 18:01:13,LONG,55.54999875836074,579.9999870359898,True,,True
223,CL,Sun,18:00,In-Sample,2025-05-04T22:01:14.402019,2025-05-04 18:01:14,LONG,55.629998756572604,-419.99999061226845,True,,True
223,CL,Sun,18:00,In-Sample,2025-05-04T22:01:28.048024,2025-05-04 18:01:28,LONG,55.73999875411391,159.9999964237213,True,,True
223,CL,Sun,18:00,In-Sample,2025-05-04T22:01:28.436065,2025-05-04 18:01:28,LONG,55.72999875433743,-539.9999879300594,True,,True
223,CL,Sun,18:00,In-Sample,2025-05-04T22:01:38.775070,2025-05-04 18:01:38,SHORT,55.479998759925365,-779.9999825656414,True,,True
223,CL,Sun,18:00,In-Sample,2025-05-04T22:01:38.846546,2025-05-04 18:01:38,SHORT,55.48999875970185,-689.9999845772982,True,,True
223,CL,Sun,18:00,In-Sample,2025-05-04T22:01:38.846793,2025-05-04 18:01:38,SHORT,55.48999875970185,-229.9999948590994,True,,True
223,CL,Sun,18:00,In-Sample,2025-05-04T22:01:38.846958,2025-05-04 18:01:38,SHORT,55.48999875970185,-459.9999897181988,True,,True
223,CL,Sun,18:00,In-Sample,2025-05-04T22:01:38.846958,2025-05-04 18:01:38,SHORT,55.48999875970185,-229.9999948590994,True,,True
223,CL,Sun,18:00,In-Sample,2025-05-04T22:02:04.937834,2025-05-04 18:02:04,LONG,55.6899987552315,229.9999948590994,True,,True
223,CL,Sun,18:00,In-Sample,2025-05-04T22:02:04.937834,2025-05-04 18:02:04,LONG,55.6899987552315,269.9999939650297,True,,True
223,CL,Sun,18:00,In-Sample,2025-05-04T22:02:06.852759,2025-05-04 18:02:06,LONG,55.73999875411391,199.99999552965164,True,,True
223,CL,Sun,18:00,In-Sample,2025-05-04T22:02:06.852759,2025-05-04 18:02:06,LONG,55.73999875411391,-79.99999821186066,True,,True
223,CL,Sun,18:00,In-Sample,2025-05-04T22:02:07.006747,2025-05-04 18:02:07,LONG,55.71999875456095,-59.99999865889549,True,,True
223,CL,Sun,18:00,In-Sample,2025-05-04T22:02:07.006895,2025-05-04 18:02:07,LONG,55.71999875456095,-39.99999910593033,True,,True
223,CL,Sun,18:00,In-Sample,2025-05-04T22:02:31.037408,2025-05-04 18:02:31,LONG,55.84999875165522,49.99999888241291,True,,True
223,CL,Sun,18:00,In-Sample,2025-05-04T22:02:53.986080,2025-05-04 18:02:53,SHORT,55.69999875500798,-659.9999852478504,True,,True
223,CL,Sun,18:00,In-Sample,2025-05-04T22:02:53.986212,2025-05-04 18:02:53,SHORT,55.69999875500798,-219.9999950826168,True,,True
223,CL,Sun,18:00,In-Sample,2025-05-04T22:02:53.986281,2025-05-04 18:02:53,SHORT,55.69999875500798,-439.9999901652336,True,,True
223,CL,Sun,18:00,In-Sample,2025-05-04T22:02:53.986281,2025-05-04 18:02:53,SHORT,55.69999875500798,-219.9999950826168,True,,True
223,CL,Sun,18:00,In-Sample,2025-05-04T22:02:54.171001,2025-05-04 18:02:54,SHORT,55.69999875500798,-659.9999852478504,True,,True
223,CL,Sun,18:00,In-Sample,2025-05-04T22:02:54.171173,2025-05-04 18:02:54,SHORT,55.69999875500798,-779.9999825656414,True,,True
223,CL,Sun,18:00,In-Sample,2025-05-04T22:03:20.386495,2025-05-04 18:03:20,LONG,55.84999875165522,139.99999687075615,True,,True
223,CL,Sun,18:00,In-Sample,2025-05-04T22:03:20.386495,2025-05-04 18:03:20,LONG,55.84999875165522,279.9999937415123,True,,True
223,CL,Sun,18:00,In-Sample,2025-05-04T22:03:20.459678,2025-05-04 18:03:20,LONG,55.84999875165522,139.99999687075615,True,,True
223,CL,Sun,18:00,In-Sample,2025-05-04T22:03:20.459678,2025-05-04 18:03:20,LONG,55.84999875165522,289.9999935179949,True,,True
223,CL,Sun,18:00,In-Sample,2025-05-04T22:03:20.459678,2025-05-04 18:03:20,LONG,55.84999875165522,279.9999937415123,True,,True
223,CL,Sun,18:00,In-Sample,2025-05-04T22:03:20.459794,2025-05-04 18:03:20,LONG,55.84999875165522,139.99999687075615,True,,True
223,CL,Sun,18:00,In-Sample,2025-05-04T22:03:20.459794,2025-05-04 18:03:20,LONG,55.84999875165522,289.9999935179949,True,,True
223,CL,Sun,18:00,In-Sample,2025-05-04T22:03:20.459794,2025-05-04 18:03:20,LONG,55.84999875165522,279.9999937415123,True,,True
223,CL,Sun,18:00,In-Sample,2025-05-04T22:03:20.459862,2025-05-04 18:03:20,LONG,55.84999875165522,139.99999687075615,True,,True
223,CL,Sun,18:00,In-Sample,2025-05-04T22:03:20.459862,2025-05-04 18:03:20,LONG,55.84999875165522,279.9999937415123,True,,True
223,CL,Sun,18:00,In-Sample,2025-05-04T22:03:20.646363,2025-05-04 18:03:20,LONG,55.859998751431704,139.99999687075615,True,,True
223,CL,Sun,18:00,In-Sample,2025-05-04T22:03:20.646363,2025-05-04 18:03:20,LONG,55.859998751431704,269.9999939650297,True,,True
223,CL,Sun,18:00,In-Sample,2025-05-04T22:04:02.465344,2025-05-04 18:04:02,LONG,55.9199987500906,199.99999552965164,True,,True
223,CL,Sun,18:00,In-Sample,2025-05-04T22:04:02.465344,2025-05-04 18:04:02,LONG,55.9199987500906,299.99999329447746,True,,True
223,CL,Sun,18:00,In-Sample,2025-05-04T22:04:02.653497,2025-05-04 18:04:02,LONG,55.9199987500906,239.99999463558197,True,,True
223,CL,Sun,18:00,In-Sample,2025-05-04T22:04:02.653497,2025-05-04 18:04:02,LONG,55.9199987500906,169.9999962002039,True,,True
223,CL,Sun,18:00,In-Sample,2025-05-04T22:04:02.653932,2025-05-04 18:04:02,LONG,55.9199987500906,239.99999463558197,True,,True
223,CL,Sun,18:00,In-Sample,2025-05-04T22:04:02.653932,2025-05-04 18:04:02,LONG,55.9199987500906,339.9999924004078,True,,True
223,CL,Sun,18:00,In-Sample,2025-05-04T22:04:44.452403,2025-05-04 18:04:44,SHORT,55.979998748749495,-239.99999463558197,True,,True
223,CL,Sun,18:00,In-Sample,2025-05-04T22:04:44.688624,2025-05-04 18:04:44,SHORT,55.979998748749495,-239.99999463558197,True,,True
223,CL,Sun,18:00,In-Sample,2025-05-04T22:05:22.606057,2025-05-04 18:05:22,SHORT,56.02999874763191,-209.99999530613422,True,,True
223,CL,Sun,18:00,In-Sample,2025-05-04T22:05:40.045891,2025-05-04 18:05:40,SHORT,55.95999874919653,-359.99999195337296,True,,True
223,CL,Sun,18:00,In-Sample,2025-05-04T22:05:40.237698,2025-05-04 18:05:40,SHORT,55.95999874919653,-319.9999928474426,True,,True
223,CL,Sun,18:00,In-Sample,2025-05-04T22:05:52.843031,2025-05-04 18:05:52,LONG,56.07999874651432,199.99999552965164,True,,True
223,CL,Sun,18:00,In-Sample,2025-05-04T22:05:52.843031,2025-05-04 18:05:52,LONG,56.07999874651432,-279.9999937415123,True,,True
223,CL,Sun,18:00,In-Sample,2025-05-04T22:06:03.641884,2025-05-04 18:06:03,LONG,56.1499987449497,169.9999962002039,True,,True
223,CL,Sun,18:00,In-Sample,2025-05-04T22:06:03.641884,2025-05-04 18:06:03,LONG,56.1499987449497,0.0,True,,True
223,CL,Sun,18:00,In-Sample,2025-05-04T22:07:08.232277,2025-05-04 18:07:08,LONG,56.25999874249101,-929.9999792128801,True,,True
223,CL,Sun,18:00,In-Sample,2025-05-04T22:07:21.430440,2025-05-04 18:07:21,SHORT,56.18999874405563,199.99999552965164,True,,True
223,CL,Sun,18:00,In-Sample,2025-05-04T22:07:21.430440,2025-05-04 18:07:21,SHORT,56.18999874405563,599.9999865889549,True,,True
223,CL,Sun,18:00,In-Sample,2025-05-04T22:07:21.430440,2025-05-04 18:07:21,SHORT,56.18999874405563,199.99999552965164,True,,True
223,CL,Sun,18:00,In-Sample,2025-05-04T22:07:22.723771,2025-05-04 18:07:22,SHORT,56.1499987449497,159.9999964237213,True,,True
223,CL,Sun,18:00,In-Sample,2025-05-04T22:07:22.723771,2025-05-04 18:07:22,SHORT,56.1499987449497,269.9999939650297,True,,True
223,CL,Sun,18:00,In-Sample,2025-05-04T22:08:18.200547,2025-05-04 18:08:18,SHORT,56.0899987462908,79.99999821186066,True,,True
223,CL,Sun,18:00,In-Sample,2025-05-04T22:08:18.200821,2025-05-04 18:08:18,SHORT,56.0899987462908,509.9999886006117,True,,True
223,CL,Sun,18:00,In-Sample,2025-05-04T22:08:19.888796,2025-05-04 18:08:19,SHORT,56.06999874673784,199.99999552965164,True,,True
223,CL,Sun,18:00,In-Sample,2025-05-04T22:08:19.888796,2025-05-04 18:08:19,SHORT,56.06999874673784,279.9999937415123,True,,True
223,CL,Sun,18:00,In-Sample,2025-05-04T22:09:28.743236,2025-05-04 18:09:28,LONG,55.9199987500906,-199.99999552965164,True,,True
223,CL,Sun,18:00,In-Sample,2025-05-04T22:12:01.024145,2025-05-04 18:12:01,LONG,55.87999875098467,-19.999999552965164,True,,True
223,CL,Sun,18:00,In-Sample,2025-05-04T22:12:01.132099,2025-05-04 18:12:01,LONG,55.87999875098467,-19.999999552965164,True,,True
223,CL,Sun,18:00,In-Sample,2025-05-04T22:12:01.132099,2025-05-04 18:12:01,LONG,55.87999875098467,-29.999999329447746,True,,True
223,CL,Sun,18:00,In-Sample,2025-05-04T22:13:02.320032,2025-05-04 18:13:02,LONG,56.00999874807894,-189.99999575316906,True,,True
223,CL,Sun,18:00,In-Sample,2025-05-04T22:13:02.320032,2025-05-04 18:13:02,LONG,56.00999874807894,-379.9999915063381,True,,True
223,CL,Sun,18:00,In-Sample,2025-05-04T22:13:02.320196,2025-05-04 18:13:02,LONG,56.00999874807894,-379.9999915063381,True,,True
223,CL,Sun,18:00,In-Sample,2025-05-04T22:13:02.320275,2025-05-04 18:13:02,LONG,56.00999874807894,-869.9999805539846,True,,True
223,CL,Sun,18:00,In-Sample,2025-05-04T22:17:51.006628,2025-05-04 18:17:51,SHORT,55.81999875232577,199.99999552965164,True,,True
223,CL,Sun,18:00,In-Sample,2025-05-04T22:17:51.006628,2025-05-04 18:17:51,SHORT,55.81999875232577,139.99999687075615,True,,True
223,CL,Sun,18:00,In-Sample,2025-05-04T22:17:51.094792,2025-05-04 18:17:51,SHORT,55.81999875232577,69.99999843537807,True,,True
223,CL,Sun,18:00,In-Sample,2025-05-04T22:17:51.219188,2025-05-04 18:17:51,SHORT,55.81999875232577,139.99999687075615,True,,True
223,CL,Sun,18:00,In-Sample,2025-05-04T22:17:51.219188,2025-05-04 18:17:51,SHORT,55.81999875232577,69.99999843537807,True,,True
223,CL,Sun,18:00,In-Sample,2025-05-04T22:17:51.330054,2025-05-04 18:17:51,SHORT,55.81999875232577,69.99999843537807,True,,True
223,CL,Sun,18:00,In-Sample,2025-05-04T22:21:47.936585,2025-05-04 18:21:47,SHORT,55.61999875679612,-929.9999792128801,True,,True
223,CL,Sun,18:00,In-Sample,2025-05-04T22:23:13.738084,2025-05-04 18:23:13,LONG,55.71999875456095,219.9999950826168,True,,True
223,CL,Sun,18:00,In-Sample,2025-05-04T22:23:13.738084,2025-05-04 18:23:13,LONG,55.71999875456095,219.9999950826168,True,,True
223,CL,Sun,18:00,In-Sample,2025-05-04T22:23:44.730734,2025-05-04 18:23:44,LONG,55.749998753890395,199.99999552965164,True,,True
223,CL,Sun,18:00,In-Sample,2025-05-04T22:23:44.730734,2025-05-04 18:23:44,LONG,55.749998753890395,759.9999830126762,True,,True
223,CL,Sun,18:00,In-Sample,2025-05-04T22:23:44.920293,2025-05-04 18:23:44,LONG,55.749998753890395,269.9999939650297,True,,True
223,CL,Sun,18:00,In-Sample,2025-05-04T22:23:44.920293,2025-05-04 18:23:44,LONG,55.749998753890395,379.9999915063381,True,,True
223,CL,Sun,18:00,In-Sample,2025-05-04T22:23:44.920413,2025-05-04 18:23:44,LONG,55.749998753890395,269.9999939650297,True,,True
223,CL,Sun,18:00,In-Sample,2025-05-04T22:23:44.920413,2025-05-04 18:23:44,LONG,55.749998753890395,379.9999915063381,True,,True
223,CL,Sun,18:00,In-Sample,2025-05-04T22:23:44.920474,2025-05-04 18:23:44,LONG,55.749998753890395,379.9999915063381,True,,True
223,CL,Sun,18:00,In-Sample,2025-05-04T22:23:44.920474,2025-05-04 18:23:44,LONG,55.749998753890395,759.9999830126762,True,,True
223,CL,Sun,18:00,In-Sample,2025-05-04T22:27:48.032538,2025-05-04 18:27:48,SHORT,55.939998749643564,-89.99999798834324,True,,True
223,CL,Sun,18:00,In-Sample,2025-05-04T22:28:51.155788,2025-05-04 18:28:51,LONG,56.02999874763191,0.0,True,,True
223,CL,Sun,18:00,In-Sample,2025-05-04T22:28:51.941585,2025-05-04 18:28:51,LONG,56.03999874740839,-9.999999776482582,True,,True
223,CL,Sun,18:00,In-Sample,2025-05-04T22:28:51.941585,2025-05-04 18:28:51,LONG,56.03999874740839,49.99999888241291,True,,True
223,CL,Sun,18:00,In-Sample,2025-05-18T22:00:00.254277,2025-05-18 18:00:00,LONG,61.949998615309596,-119.99999731779099,True,,True
223,CL,Sun,18:00,In-Sample,2025-05-18T22:00:00.306409,2025-05-18 18:00:00,LONG,61.87999861687422,-49.99999888241291,True,,True
223,CL,Sun,18:00,In-Sample,2025-05-18T22:00:19.876721,2025-05-18 18:00:19,LONG,61.909998616203666,-129.99999709427357,True,,True
223,CL,Sun,18:00,In-Sample,2025-05-18T22:02:15.207084,2025-05-18 18:02:15,SHORT,61.73999862000346,89.99999798834324,True,,True
223,CL,Sun,18:00,In-Sample,2025-05-18T22:02:15.207084,2025-05-18 18:02:15,SHORT,61.73999862000346,119.99999731779099,True,,True
223,CL,Sun,18:00,In-Sample,2025-05-18T22:09:43.919752,2025-05-18 18:09:43,SHORT,61.29999862983823,-99.99999776482582,True,,True
223,CL,Sun,18:00,In-Sample,2025-05-18T22:10:13.499756,2025-05-18 18:10:13,SHORT,61.289998630061746,-929.9999792128801,True,,True
223,CL,Sun,18:00,In-Sample,2025-05-18T22:10:17.266359,2025-05-18 18:10:17,SHORT,61.21999863162637,-659.9999852478504,True,,True
223,CL,Sun,18:00,In-Sample,2025-05-18T22:10:17.266503,2025-05-18 18:10:17,SHORT,61.21999863162637,-659.9999852478504,True,,True
223,CL,Sun,18:00,In-Sample,2025-05-18T22:11:00.040644,2025-05-18 18:11:00,LONG,61.31999862939119,199.99999552965164,True,,True
223,CL,Sun,18:00,In-Sample,2025-05-18T22:11:00.040644,2025-05-18 18:11:00,LONG,61.31999862939119,399.9999910593033,True,,True
223,CL,Sun,18:00,In-Sample,2025-05-18T22:11:00.040644,2025-05-18 18:11:00,LONG,61.31999862939119,639.9999856948853,True,,True
223,CL,Sun,18:00,In-Sample,2025-05-18T22:18:33.793682,2025-05-18 18:18:33,LONG,61.52999862469733,109.9999975413084,True,,True
223,CL,Sun,18:00,In-Sample,2025-05-18T22:18:33.793682,2025-05-18 18:18:33,LONG,61.52999862469733,209.99999530613422,True,,True
223,CL,Sun,18:00,In-Sample,2025-05-18T22:18:33.793682,2025-05-18 18:18:33,LONG,61.52999862469733,399.9999910593033,True,,True
223,CL,Sun,18:00,In-Sample,2025-05-18T22:18:33.793883,2025-05-18 18:18:33,LONG,61.52999862469733,109.9999975413084,True,,True
223,CL,Sun,18:00,In-Sample,2025-05-18T22:18:33.793883,2025-05-18 18:18:33,LONG,61.52999862469733,209.99999530613422,True,,True
223,CL,Sun,18:00,In-Sample,2025-05-18T22:18:33.793883,2025-05-18 18:18:33,LONG,61.52999862469733,399.9999910593033,True,,True
223,CL,Sun,18:00,In-Sample,2025-05-18T22:18:33.949063,2025-05-18 18:18:33,LONG,61.52999862469733,199.99999552965164,True,,True
223,CL,Sun,18:00,In-Sample,2025-05-18T22:18:33.949063,2025-05-18 18:18:33,LONG,61.52999862469733,779.9999825656414,True,,True
223,CL,Sun,18:00,In-Sample,2025-05-18T22:28:00.072886,2025-05-18 18:28:00,LONG,61.709998620674014,199.99999552965164,True,,True
223,CL,Sun,18:00,In-Sample,2025-05-18T22:28:00.072886,2025-05-18 18:28:00,LONG,61.709998620674014,339.9999924004078,True,,True
223,CL,Sun,18:00,In-Sample,2025-06-01T22:00:02.331349,2025-06-01 18:00:02,LONG,61.21999863162637,79.99999821186066,True,,True
223,CL,Sun,18:00,In-Sample,2025-06-01T22:00:02.331349,2025-06-01 18:00:02,LONG,61.21999863162637,159.9999964237213,True,,True
223,CL,Sun,18:00,In-Sample,2025-06-01T22:00:02.331349,2025-06-01 18:00:02,LONG,61.21999863162637,159.9999964237213,True,,True
223,CL,Sun,18:00,In-Sample,2025-06-01T22:00:02.331465,2025-06-01 18:00:02,LONG,61.21999863162637,79.99999821186066,True,,True
223,CL,Sun,18:00,In-Sample,2025-06-01T22:00:02.331465,2025-06-01 18:00:02,LONG,61.21999863162637,159.9999964237213,True,,True
223,CL,Sun,18:00,In-Sample,2025-06-01T22:00:02.331465,2025-06-01 18:00:02,LONG,61.21999863162637,159.9999964237213,True,,True
223,CL,Sun,18:00,In-Sample,2025-06-01T22:00:02.457016,2025-06-01 18:00:02,LONG,61.22999863140285,79.99999821186066,True,,True
223,CL,Sun,18:00,In-Sample,2025-06-01T22:00:02.457016,2025-06-01 18:00:02,LONG,61.22999863140285,159.9999964237213,True,,True
223,CL,Sun,18:00,In-Sample,2025-06-01T22:00:02.457016,2025-06-01 18:00:02,LONG,61.22999863140285,189.99999575316906,True,,True
223,CL,Sun,18:00,In-Sample,2025-06-01T22:00:19.649063,2025-06-01 18:00:19,LONG,61.599998623132706,199.99999552965164,True,,True
223,CL,Sun,18:00,In-Sample,2025-06-01T22:00:19.649063,2025-06-01 18:00:19,LONG,61.599998623132706,99.99999776482582,True,,True
223,CL,Sun,18:00,In-Sample,2025-06-01T22:00:19.649063,2025-06-01 18:00:19,LONG,61.599998623132706,449.9999899417162,True,,True
223,CL,Sun,18:00,In-Sample,2025-06-01T22:00:25.932772,2025-06-01 18:00:25,SHORT,61.41999862715602,-109.9999975413084,True,,True
223,CL,Sun,18:00,In-Sample,2025-06-01T22:00:26.147968,2025-06-01 18:00:26,SHORT,61.37999862805009,-149.99999664723873,True,,True
223,CL,Sun,18:00,In-Sample,2025-06-01T22:00:26.148198,2025-06-01 18:00:26,SHORT,61.37999862805009,-149.99999664723873,True,,True
223,CL,Sun,18:00,In-Sample,2025-06-01T22:01:18.135771,2025-06-01 18:01:18,LONG,61.75999861955643,199.99999552965164,True,,True
223,CL,Sun,18:00,In-Sample,2025-06-01T22:01:18.135771,2025-06-01 18:01:18,LONG,61.75999861955643,299.99999329447746,True,,True
223,CL,Sun,18:00,In-Sample,2025-06-01T22:01:18.135955,2025-06-01 18:01:18,LONG,61.75999861955643,199.99999552965164,True,,True
223,CL,Sun,18:00,In-Sample,2025-06-01T22:01:18.135955,2025-06-01 18:01:18,LONG,61.75999861955643,299.99999329447746,True,,True
223,CL,Sun,18:00,In-Sample,2025-06-01T22:01:21.380868,2025-06-01 18:01:21,LONG,61.83999861776829,99.99999776482582,True,,True
223,CL,Sun,18:00,In-Sample,2025-06-01T22:01:21.380868,2025-06-01 18:01:21,LONG,61.83999861776829,199.99999552965164,True,,True
223,CL,Sun,18:00,In-Sample,2025-06-01T22:01:21.380868,2025-06-01 18:01:21,LONG,61.83999861776829,449.9999899417162,True,,True
223,CL,Sun,18:00,In-Sample,2025-06-01T22:01:23.880552,2025-06-01 18:01:23,LONG,61.85999861732125,99.99999776482582,True,,True
223,CL,Sun,18:00,In-Sample,2025-06-01T22:01:23.880552,2025-06-01 18:01:23,LONG,61.85999861732125,199.99999552965164,True,,True
223,CL,Sun,18:00,In-Sample,2025-06-01T22:01:23.880552,2025-06-01 18:01:23,LONG,61.85999861732125,79.99999821186066,True,,True
223,CL,Sun,18:00,In-Sample,2025-06-01T22:01:23.880644,2025-06-01 18:01:23,LONG,61.85999861732125,99.99999776482582,True,,True
223,CL,Sun,18:00,In-Sample,2025-06-01T22:01:23.880644,2025-06-01 18:01:23,LONG,61.85999861732125,199.99999552965164,True,,True
223,CL,Sun,18:00,In-Sample,2025-06-01T22:01:23.880644,2025-06-01 18:01:23,LONG,61.85999861732125,79.99999821186066,True,,True
223,CL,Sun,18:00,In-Sample,2025-06-01T22:01:23.880713,2025-06-01 18:01:23,LONG,61.85999861732125,99.99999776482582,True,,True
223,CL,Sun,18:00,In-Sample,2025-06-01T22:01:23.880713,2025-06-01 18:01:23,LONG,61.85999861732125,199.99999552965164,True,,True
223,CL,Sun,18:00,In-Sample,2025-06-01T22:01:23.880713,2025-06-01 18:01:23,LONG,61.85999861732125,79.99999821186066,True,,True
223,CL,Sun,18:00,In-Sample,2025-06-01T22:01:41.302926,2025-06-01 18:01:41,SHORT,61.79999861866236,-209.99999530613422,True,,True
223,CL,Sun,18:00,In-Sample,2025-06-01T22:01:56.264598,2025-06-01 18:01:56,LONG,62.1199986115098,-929.9999792128801,True,,True
223,CL,Sun,18:00,In-Sample,2025-06-01T22:02:19.268212,2025-06-01 18:02:19,SHORT,61.869998617097735,-239.99999463558197,True,,True
223,CL,Sun,18:00,In-Sample,2025-06-01T22:02:19.392937,2025-06-01 18:02:19,SHORT,61.869998617097735,-239.99999463558197,True,,True
223,CL,Sun,18:00,In-Sample,2025-06-01T22:08:41.897518,2025-06-01 18:08:41,LONG,61.89999861642718,119.99999731779099,True,,True
223,CL,Sun,18:00,In-Sample,2025-06-01T22:08:41.897518,2025-06-01 18:08:41,LONG,61.89999861642718,359.99999195337296,True,,True
223,CL,Sun,18:00,In-Sample,2025-06-01T22:08:41.971345,2025-06-01 18:08:41,LONG,61.89999861642718,119.99999731779099,True,,True
223,CL,Sun,18:00,In-Sample,2025-06-01T22:08:41.971345,2025-06-01 18:08:41,LONG,61.89999861642718,359.99999195337296,True,,True
223,CL,Sun,18:00,In-Sample,2025-06-01T22:09:00.434691,2025-06-01 18:09:00,LONG,62.00999861396849,149.99999664723873,True,,True
223,CL,Sun,18:00,In-Sample,2025-06-01T22:09:00.434691,2025-06-01 18:09:00,LONG,62.00999861396849,269.9999939650297,True,,True
223,CL,Sun,18:00,In-Sample,2025-06-01T22:09:00.434691,2025-06-01 18:09:00,LONG,62.00999861396849,79.99999821186066,True,,True
223,CL,Sun,18:00,In-Sample,2025-06-01T22:09:00.512098,2025-06-01 18:09:00,LONG,62.00999861396849,149.99999664723873,True,,True
223,CL,Sun,18:00,In-Sample,2025-06-01T22:09:00.512098,2025-06-01 18:09:00,LONG,62.00999861396849,269.9999939650297,True,,True
223,CL,Sun,18:00,In-Sample,2025-06-01T22:09:00.512098,2025-06-01 18:09:00,LONG,62.00999861396849,79.99999821186066,True,,True
223,CL,Sun,18:00,In-Sample,2025-06-01T22:09:00.512187,2025-06-01 18:09:00,LONG,62.00999861396849,149.99999664723873,True,,True
223,CL,Sun,18:00,In-Sample,2025-06-01T22:09:00.512187,2025-06-01 18:09:00,LONG,62.00999861396849,79.99999821186066,True,,True
223,CL,Sun,18:00,In-Sample,2025-06-01T22:09:00.512244,2025-06-01 18:09:00,LONG,62.00999861396849,199.99999552965164,True,,True
223,CL,Sun,18:00,In-Sample,2025-06-01T22:09:00.512244,2025-06-01 18:09:00,LONG,62.00999861396849,159.9999964237213,True,,True
223,CL,Sun,18:00,In-Sample,2025-06-01T22:09:00.512411,2025-06-01 18:09:00,LONG,62.00999861396849,149.99999664723873,True,,True
223,CL,Sun,18:00,In-Sample,2025-06-01T22:09:00.512411,2025-06-01 18:09:00,LONG,62.00999861396849,269.9999939650297,True,,True
223,CL,Sun,18:00,In-Sample,2025-06-01T22:09:00.512411,2025-06-01 18:09:00,LONG,62.00999861396849,79.99999821186066,True,,True
223,CL,Sun,18:00,In-Sample,2025-06-01T22:09:04.169397,2025-06-01 18:09:04,LONG,62.02999861352146,199.99999552965164,True,,True
223,CL,Sun,18:00,In-Sample,2025-06-01T22:09:04.169397,2025-06-01 18:09:04,LONG,62.02999861352146,359.99999195337296,True,,True
223,CL,Sun,18:00,In-Sample,2025-06-01T22:09:04.169486,2025-06-01 18:09:04,LONG,62.02999861352146,199.99999552965164,True,,True
223,CL,Sun,18:00,In-Sample,2025-06-01T22:09:04.169486,2025-06-01 18:09:04,LONG,62.02999861352146,359.99999195337296,True,,True
223,CL,Sun,18:00,In-Sample,2025-06-01T22:10:04.067197,2025-06-01 18:10:04,LONG,62.30999860726297,-899.9999798834324,True,,True
223,CL,Sun,18:00,In-Sample,2025-06-01T22:10:25.423858,2025-06-01 18:10:25,SHORT,62.16999861039221,129.99999709427357,True,,True
223,CL,Sun,18:00,In-Sample,2025-06-01T22:10:25.423858,2025-06-01 18:10:25,SHORT,62.16999861039221,129.99999709427357,True,,True
223,CL,Sun,18:00,In-Sample,2025-06-01T22:10:25.495701,2025-06-01 18:10:25,SHORT,62.16999861039221,129.99999709427357,True,,True
223,CL,Sun,18:00,In-Sample,2025-06-01T22:10:25.495701,2025-06-01 18:10:25,SHORT,62.16999861039221,99.99999776482582,True,,True
223,CL,Sun,18:00,In-Sample,2025-06-01T22:10:42.032359,2025-06-01 18:10:42,SHORT,62.08999861218035,139.99999687075615,True,,True
223,CL,Sun,18:00,In-Sample,2025-06-01T22:10:42.032359,2025-06-01 18:10:42,SHORT,62.08999861218035,159.9999964237213,True,,True
223,CL,Sun,18:00,In-Sample,2025-06-01T22:10:42.032571,2025-06-01 18:10:42,SHORT,62.08999861218035,139.99999687075615,True,,True
223,CL,Sun,18:00,In-Sample,2025-06-01T22:10:42.032571,2025-06-01 18:10:42,SHORT,62.08999861218035,159.9999964237213,True,,True
223,CL,Sun,18:00,In-Sample,2025-06-01T22:10:42.155563,2025-06-01 18:10:42,SHORT,62.08999861218035,139.99999687075615,True,,True
223,CL,Sun,18:00,In-Sample,2025-06-01T22:10:42.155563,2025-06-01 18:10:42,SHORT,62.08999861218035,59.99999865889549,True,,True
223,CL,Sun,18:00,In-Sample,2025-06-01T22:10:42.155721,2025-06-01 18:10:42,SHORT,62.08999861218035,199.99999552965164,True,,True
223,CL,Sun,18:00,In-Sample,2025-06-01T22:10:42.155721,2025-06-01 18:10:42,SHORT,62.08999861218035,139.99999687075615,True,,True
223,CL,Sun,18:00,In-Sample,2025-06-01T22:17:48.105026,2025-06-01 18:17:48,SHORT,61.909998616203666,-279.9999937415123,True,,True
223,CL,Sun,18:00,In-Sample,2025-06-01T22:26:58.337579,2025-06-01 18:26:58,SHORT,61.909998616203666,-119.99999731779099,True,,True
223,CL,Sun,18:00,In-Sample,2025-06-01T22:27:26.807694,2025-06-01 18:27:26,SHORT,61.89999861642718,-299.99999329447746,True,,True
223,CL,Sun,18:00,In-Sample,2025-06-01T22:29:38.771179,2025-06-01 18:29:38,LONG,62.00999861396849,-269.9999939650297,True,,True
223,CL,Sun,18:00,In-Sample,2025-06-08T22:01:10.203508,2025-06-08 18:01:10,SHORT,64.70999855361879,-159.9999964237213,True,,True
223,CL,Sun,18:00,In-Sample,2025-06-08T22:05:03.798094,2025-06-08 18:05:03,SHORT,64.68999855406582,-59.99999865889549,True,,True
223,CL,Sun,18:00,In-Sample,2025-06-08T22:05:03.954195,2025-06-08 18:05:03,SHORT,64.68999855406582,49.99999888241291,True,,True
223,CL,Sun,18:00,In-Sample,2025-06-08T22:05:03.954195,2025-06-08 18:05:03,SHORT,64.68999855406582,109.9999975413084,True,,True
223,CL,Sun,18:00,In-Sample,2025-06-08T22:05:03.954195,2025-06-08 18:05:03,SHORT,64.68999855406582,-39.99999910593033,True,,True
223,CL,Sun,18:00,In-Sample,2025-06-08T22:05:03.954330,2025-06-08 18:05:03,SHORT,64.68999855406582,49.99999888241291,True,,True
223,CL,Sun,18:00,In-Sample,2025-06-08T22:05:03.954330,2025-06-08 18:05:03,SHORT,64.68999855406582,109.9999975413084,True,,True
223,CL,Sun,18:00,In-Sample,2025-06-08T22:05:03.954330,2025-06-08 18:05:03,SHORT,64.68999855406582,-39.99999910593033,True,,True
223,CL,Sun,18:00,In-Sample,2025-06-15T22:02:07.392608,2025-06-15 18:02:07,SHORT,76.2999982945621,219.9999950826168,True,,True
223,CL,Sun,18:00,In-Sample,2025-06-15T22:02:07.392608,2025-06-15 18:02:07,SHORT,76.2999982945621,599.9999865889549,True,,True
223,CL,Sun,18:00,In-Sample,2025-06-15T22:02:07.392608,2025-06-15 18:02:07,SHORT,76.2999982945621,899.9999798834324,True,,True
223,CL,Sun,18:00,In-Sample,2025-06-15T22:03:00.843009,2025-06-15 18:03:00,SHORT,75.8399983048439,99.99999776482582,True,,True
223,CL,Sun,18:00,In-Sample,2025-06-15T22:03:00.843009,2025-06-15 18:03:00,SHORT,75.8399983048439,199.99999552965164,True,,True
223,CL,Sun,18:00,In-Sample,2025-06-15T22:03:00.843009,2025-06-15 18:03:00,SHORT,75.8399983048439,449.9999899417162,True,,True
223,CL,Sun,18:00,In-Sample,2025-06-15T22:03:00.843055,2025-06-15 18:03:00,SHORT,75.8399983048439,99.99999776482582,True,,True
223,CL,Sun,18:00,In-Sample,2025-06-15T22:03:00.843055,2025-06-15 18:03:00,SHORT,75.8399983048439,199.99999552965164,True,,True
223,CL,Sun,18:00,In-Sample,2025-06-15T22:03:00.843055,2025-06-15 18:03:00,SHORT,75.8399983048439,449.9999899417162,True,,True
223,CL,Sun,18:00,In-Sample,2025-06-15T22:04:11.074328,2025-06-15 18:04:11,LONG,74.99999832361937,89.99999798834324,True,,True
223,CL,Sun,18:00,In-Sample,2025-06-15T22:04:16.919947,2025-06-15 18:04:16,LONG,75.10999832116067,-39.99999910593033,True,,True
223,CL,Sun,18:00,In-Sample,2025-06-15T22:04:53.364578,2025-06-15 18:04:53,LONG,75.39999831467867,199.99999552965164,True,,True
223,CL,Sun,18:00,In-Sample,2025-06-15T22:04:53.364578,2025-06-15 18:04:53,LONG,75.39999831467867,599.9999865889549,True,,True
223,CL,Sun,18:00,In-Sample,2025-06-15T22:04:53.364578,2025-06-15 18:04:53,LONG,75.39999831467867,209.99999530613422,True,,True
223,CL,Sun,18:00,In-Sample,2025-06-15T22:07:57.561996,2025-06-15 18:07:57,SHORT,75.80999830551445,199.99999552965164,True,,True
223,CL,Sun,18:00,In-Sample,2025-06-15T22:07:57.561996,2025-06-15 18:07:57,SHORT,75.80999830551445,599.9999865889549,True,,True
223,CL,Sun,18:00,In-Sample,2025-06-15T22:07:57.561996,2025-06-15 18:07:57,SHORT,75.80999830551445,739.9999834597111,True,,True
223,CL,Sun,18:00,In-Sample,2025-06-15T22:12:35.463145,2025-06-15 18:12:35,SHORT,75.30999831669033,199.99999552965164,True,,True
223,CL,Sun,18:00,In-Sample,2025-06-15T22:12:35.463145,2025-06-15 18:12:35,SHORT,75.30999831669033,259.99999418854713,True,,True
223,CL,Sun,18:00,In-Sample,2025-06-15T22:13:38.912454,2025-06-15 18:13:38,SHORT,74.92999832518399,99.99999776482582,True,,True
223,CL,Sun,18:00,In-Sample,2025-06-15T22:13:38.912454,2025-06-15 18:13:38,SHORT,74.92999832518399,79.99999821186066,True,,True
223,CL,Sun,18:00,In-Sample,2025-06-15T22:13:45.008855,2025-06-15 18:13:45,LONG,75.06999832205474,-449.9999899417162,True,,True
223,CL,Sun,18:00,In-Sample,2025-06-15T22:17:07.115415,2025-06-15 18:17:07,LONG,75.17999831959605,-869.9999805539846,True,,True
223,CL,Sun,18:00,In-Sample,2025-06-15T22:21:52.349025,2025-06-15 18:21:52,SHORT,74.88999832607806,-259.99999418854713,True,,True
223,CL,Sun,18:00,In-Sample,2025-06-15T22:21:52.349101,2025-06-15 18:21:52,SHORT,74.88999832607806,-129.99999709427357,True,,True
223,CL,Sun,18:00,In-Sample,2025-06-15T22:21:52.349101,2025-06-15 18:21:52,SHORT,74.88999832607806,-259.99999418854713,True,,True
223,CL,Sun,18:00,In-Sample,2025-06-15T22:24:17.107155,2025-06-15 18:24:17,LONG,75.01999832317233,-309.99999307096004,True,,True
223,CL,Sun,18:00,In-Sample,2025-06-29T22:00:03.456963,2025-06-29 18:00:03,SHORT,65.00999854691327,59.99999865889549,True,,True
223,CL,Sun,18:00,In-Sample,2025-06-29T22:00:03.456963,2025-06-29 18:00:03,SHORT,65.00999854691327,19.999999552965164,True,,True
223,CL,Sun,18:00,In-Sample,2025-06-29T22:00:03.521463,2025-06-29 18:00:03,SHORT,65.00999854691327,69.99999843537807,True,,True
223,CL,Sun,18:00,In-Sample,2025-06-29T22:00:03.521463,2025-06-29 18:00:03,SHORT,65.00999854691327,-219.9999950826168,True,,True
223,CL,Sun,18:00,In-Sample,2025-06-29T22:00:03.679019,2025-06-29 18:00:03,SHORT,65.00999854691327,69.99999843537807,True,,True
223,CL,Sun,18:00,In-Sample,2025-06-29T22:00:03.679019,2025-06-29 18:00:03,SHORT,65.00999854691327,-219.9999950826168,True,,True
223,CL,Sun,18:00,In-Sample,2025-06-29T22:00:03.679117,2025-06-29 18:00:03,SHORT,65.00999854691327,59.99999865889549,True,,True
223,CL,Sun,18:00,In-Sample,2025-06-29T22:00:03.679117,2025-06-29 18:00:03,SHORT,65.00999854691327,119.99999731779099,True,,True
223,CL,Sun,18:00,In-Sample,2025-06-29T22:00:03.679117,2025-06-29 18:00:03,SHORT,65.00999854691327,-79.99999821186066,True,,True
223,CL,Sun,18:00,In-Sample,2025-06-29T22:00:03.679185,2025-06-29 18:00:03,SHORT,65.00999854691327,59.99999865889549,True,,True
223,CL,Sun,18:00,In-Sample,2025-06-29T22:00:03.679185,2025-06-29 18:00:03,SHORT,65.00999854691327,-99.99999776482582,True,,True
223,CL,Sun,18:00,In-Sample,2025-06-29T22:09:14.192671,2025-06-29 18:09:14,SHORT,64.91999854892492,-159.9999964237213,True,,True
223,CL,Sun,18:00,In-Sample,2025-06-29T22:09:14.271842,2025-06-29 18:09:14,SHORT,64.91999854892492,-139.99999687075615,True,,True
223,CL,Sun,18:00,In-Sample,2025-06-29T22:15:32.653035,2025-06-29 18:15:32,LONG,65.00999854691327,-79.99999821186066,True,,True
223,CL,Sun,18:00,In-Sample,2025-06-29T22:26:29.255973,2025-06-29 18:26:29,SHORT,64.9299985487014,79.99999821186066,True,,True
223,CL,Sun,18:00,In-Sample,2025-06-29T22:26:29.255973,2025-06-29 18:26:29,SHORT,64.9299985487014,79.99999821186066,True,,True
223,CL,Sun,18:00,In-Sample,2025-06-29T22:26:29.256114,2025-06-29 18:26:29,SHORT,64.9299985487014,79.99999821186066,True,,True
223,CL,Sun,18:00,In-Sample,2025-06-29T22:26:29.256114,2025-06-29 18:26:29,SHORT,64.9299985487014,109.9999975413084,True,,True
223,CL,Sun,18:00,Out-of-Sample,2025-07-06T22:00:36.487194,2025-07-06 18:00:36,LONG,65.79999852925539,179.99999597668648,True,,True
223,CL,Sun,18:00,Out-of-Sample,2025-07-06T22:01:50.040718,2025-07-06 18:01:50,LONG,65.89999852702022,-179.99999597668648,True,,True
223,CL,Sun,18:00,Out-of-Sample,2025-07-06T22:03:04.422606,2025-07-06 18:03:04,SHORT,65.76999852992594,-59.99999865889549,True,,True
223,CL,Sun,18:00,Out-of-Sample,2025-07-06T22:11:56.876045,2025-07-06 18:11:56,SHORT,65.81999852880836,-179.99999597668648,True,,True
223,CL,Sun,18:00,Out-of-Sample,2025-07-06T22:12:33.572177,2025-07-06 18:12:33,LONG,65.9099985267967,199.99999552965164,True,,True
223,CL,Sun,18:00,Out-of-Sample,2025-07-06T22:12:33.572177,2025-07-06 18:12:33,LONG,65.9099985267967,-19.999999552965164,True,,True
223,CL,Sun,18:00,Out-of-Sample,2025-07-06T22:15:36.898995,2025-07-06 18:15:36,SHORT,65.80999852903187,-219.9999950826168,True,,True
223,CL,Sun,18:00,Out-of-Sample,2025-07-06T22:16:43.374382,2025-07-06 18:16:43,LONG,65.91999852657318,-479.99998927116394,True,,True
223,CL,Sun,18:00,Out-of-Sample,2025-07-06T22:16:43.569741,2025-07-06 18:16:43,LONG,65.91999852657318,-279.9999937415123,True,,True
223,CL,Sun,18:00,Out-of-Sample,2025-07-06T22:20:38.025661,2025-07-06 18:20:38,SHORT,65.75999853014946,-539.9999879300594,True,,True
223,CL,Sun,18:00,Out-of-Sample,2025-07-06T22:20:38.025847,2025-07-06 18:20:38,SHORT,65.75999853014946,-539.9999879300594,True,,True
223,CL,Sun,18:00,Out-of-Sample,2025-07-06T22:20:38.026293,2025-07-06 18:20:38,SHORT,65.75999853014946,-179.99999597668648,True,,True
223,CL,Sun,18:00,Out-of-Sample,2025-07-06T22:25:12.132435,2025-07-06 18:25:12,LONG,65.8499985281378,139.99999687075615,True,,True
223,CL,Sun,18:00,Out-of-Sample,2025-07-06T22:25:12.132435,2025-07-06 18:25:12,LONG,65.8499985281378,209.99999530613422,True,,True
223,CL,Sun,18:00,Out-of-Sample,2025-07-13T22:12:18.102112,2025-07-13 18:12:18,SHORT,68.69999846443534,199.99999552965164,True,,True
223,CL,Sun,18:00,Out-of-Sample,2025-07-13T22:15:06.186877,2025-07-13 18:15:06,SHORT,68.70999846421182,-19.999999552965164,True,,True
223,CL,Sun,18:00,Out-of-Sample,2025-08-03T22:18:50.828708,2025-08-03 18:18:50,LONG,65.78999852947891,129.99999709427357,True,,True
223,CL,Sun,18:00,Out-of-Sample,2025-08-03T22:18:50.828708,2025-08-03 18:18:50,LONG,65.78999852947891,9.999999776482582,True,,True
223,CL,Sun,18:00,Out-of-Sample,2025-08-17T22:01:13.016306,2025-08-17 18:01:13,SHORT,61.64999862201512,-539.9999879300594,True,,True
223,CL,Sun,18:00,Out-of-Sample,2025-08-17T22:01:13.016459,2025-08-17 18:01:13,SHORT,61.64999862201512,-569.9999872595072,True,,True
223,CL,Sun,18:00,Out-of-Sample,2025-08-17T22:03:17.356030,2025-08-17 18:03:17,LONG,61.789998618885875,-179.99999597668648,True,,True
223,CL,Sun,18:00,Out-of-Sample,2025-09-07T22:00:01.849641,2025-09-07 18:00:01,LONG,62.14999861083925,49.99999888241291,True,,True
223,CL,Sun,18:00,Out-of-Sample,2025-09-07T22:00:01.849641,2025-09-07 18:00:01,LONG,62.14999861083925,109.9999975413084,True,,True
223,CL,Sun,18:00,Out-of-Sample,2025-09-07T22:00:01.849641,2025-09-07 18:00:01,LONG,62.14999861083925,59.99999865889549,True,,True
223,CL,Sun,18:00,Out-of-Sample,2025-09-07T22:00:01.849967,2025-09-07 18:00:01,LONG,62.14999861083925,49.99999888241291,True,,True
223,CL,Sun,18:00,Out-of-Sample,2025-09-07T22:00:01.849967,2025-09-07 18:00:01,LONG,62.14999861083925,119.99999731779099,True,,True
223,CL,Sun,18:00,Out-of-Sample,2025-09-07T22:00:01.849967,2025-09-07 18:00:01,LONG,62.14999861083925,59.99999865889549,True,,True
223,CL,Sun,18:00,Out-of-Sample,2025-09-07T22:01:13.996608,2025-09-07 18:01:13,SHORT,62.299998607486486,59.99999865889549,True,,True
223,CL,Sun,18:00,Out-of-Sample,2025-09-07T22:01:13.996608,2025-09-07 18:01:13,SHORT,62.299998607486486,89.99999798834324,True,,True
223,CL,Sun,18:00,Out-of-Sample,2025-09-07T22:02:21.888175,2025-09-07 18:02:21,SHORT,62.1199986115098,199.99999552965164,True,,True
223,CL,Sun,18:00,Out-of-Sample,2025-09-07T22:02:21.888175,2025-09-07 18:02:21,SHORT,62.1199986115098,259.99999418854713,True,,True
223,CL,Sun,18:00,Out-of-Sample,2025-09-07T22:03:45.431866,2025-09-07 18:03:45,SHORT,61.89999861642718,-449.9999899417162,True,,True
223,CL,Sun,18:00,Out-of-Sample,2025-09-07T22:03:45.465332,2025-09-07 18:03:45,SHORT,61.89999861642718,-509.9999886006117,True,,True
223,CL,Sun,18:00,Out-of-Sample,2025-09-07T22:05:35.958708,2025-09-07 18:05:35,LONG,62.15999861061573,-179.99999597668648,True,,True
223,CL,Sun,18:00,Out-of-Sample,2025-09-07T22:08:33.001775,2025-09-07 18:08:33,SHORT,62.03999861329794,-39.99999910593033,True,,True
223,CL,Sun,18:00,Out-of-Sample,2025-09-07T22:11:32.755962,2025-09-07 18:11:32,LONG,62.07999861240387,-329.9999926239252,True,,True
223,CL,Sun,18:00,Out-of-Sample,2025-09-07T22:23:57.178683,2025-09-07 18:23:57,SHORT,61.96999861486256,-149.99999664723873,True,,True
223,CL,Sun,18:00,Out-of-Sample,2025-09-14T22:00:11.619250,2025-09-14 18:00:11,SHORT,62.70999859832227,49.99999888241291,True,,True
223,CL,Sun,18:00,Out-of-Sample,2025-09-14T22:00:11.619250,2025-09-14 18:00:11,SHORT,62.70999859832227,49.99999888241291,True,,True
223,CL,Sun,18:00,Out-of-Sample,2025-09-14T22:20:04.721268,2025-09-14 18:20:04,LONG,62.60999860055745,-119.99999731779099,True,,True
223,CL,Sun,18:00,Out-of-Sample,2025-09-21T22:09:29.847082,2025-09-21 18:09:29,LONG,62.5199986025691,-79.99999821186066,True,,True
223,CL,Sun,18:00,Out-of-Sample,2025-11-02T23:00:21.681976,2025-11-02 18:00:21,SHORT,61.1999986320734,-569.9999872595072,True,,True
223,CL,Sun,18:00,Out-of-Sample,2025-11-02T23:00:39.217801,2025-11-02 18:00:39,LONG,61.33999862894416,69.99999843537807,True,,True
223,CL,Sun,18:00,Out-of-Sample,2025-11-02T23:00:39.217801,2025-11-02 18:00:39,LONG,61.33999862894416,29.999999329447746,True,,True
223,CL,Sun,18:00,Out-of-Sample,2025-11-02T23:01:24.191857,2025-11-02 18:01:24,LONG,61.40999862737954,-299.99999329447746,True,,True
223,CL,Sun,18:00,Out-of-Sample,2025-11-02T23:01:24.258048,2025-11-02 18:01:24,LONG,61.40999862737954,-159.9999964237213,True,,True
223,CL,Sun,18:00,Out-of-Sample,2025-11-02T23:08:51.297056,2025-11-02 18:08:51,LONG,61.4299986269325,-329.9999926239252,True,,True
223,CL,Sun,18:00,Out-of-Sample,2025-11-02T23:16:55.509341,2025-11-02 18:16:55,SHORT,61.31999862939119,-359.99999195337296,True,,True
223,CL,Sun,18:00,Out-of-Sample,2025-11-23T23:00:07.502126,2025-11-23 18:00:07,LONG,58.069998702034354,-59.99999865889549,True,,True
223,CL,Sun,18:00,Out-of-Sample,2025-11-23T23:00:07.715147,2025-11-23 18:00:07,LONG,58.069998702034354,-59.99999865889549,True,,True
223,CL,Sun,18:00,Out-of-Sample,2025-11-23T23:01:00.009784,2025-11-23 18:01:00,SHORT,57.90999870561063,79.99999821186066,True,,True
223,CL,Sun,18:00,Out-of-Sample,2025-11-23T23:01:00.009784,2025-11-23 18:01:00,SHORT,57.90999870561063,149.99999664723873,True,,True
223,CL,Sun,18:00,Out-of-Sample,2025-11-23T23:01:00.009784,2025-11-23 18:01:00,SHORT,57.90999870561063,39.99999910593033,True,,True
223,CL,Sun,18:00,Out-of-Sample,2025-11-23T23:01:00.010104,2025-11-23 18:01:00,SHORT,57.90999870561063,79.99999821186066,True,,True
223,CL,Sun,18:00,Out-of-Sample,2025-11-23T23:01:00.010104,2025-11-23 18:01:00,SHORT,57.90999870561063,149.99999664723873,True,,True
223,CL,Sun,18:00,Out-of-Sample,2025-11-23T23:01:00.010104,2025-11-23 18:01:00,SHORT,57.90999870561063,39.99999910593033,True,,True
223,CL,Sun,18:00,Out-of-Sample,2025-11-23T23:01:00.198872,2025-11-23 18:01:00,SHORT,57.90999870561063,79.99999821186066,True,,True
223,CL,Sun,18:00,Out-of-Sample,2025-11-23T23:01:00.198872,2025-11-23 18:01:00,SHORT,57.90999870561063,39.99999910593033,True,,True
223,CL,Sun,18:00,Out-of-Sample,2025-11-23T23:01:00.198990,2025-11-23 18:01:00,SHORT,57.90999870561063,79.99999821186066,True,,True
223,CL,Sun,18:00,Out-of-Sample,2025-11-23T23:01:00.198990,2025-11-23 18:01:00,SHORT,57.90999870561063,39.99999910593033,True,,True
223,CL,Sun,18:00,Out-of-Sample,2025-11-23T23:01:00.199046,2025-11-23 18:01:00,SHORT,57.90999870561063,79.99999821186066,True,,True
223,CL,Sun,18:00,Out-of-Sample,2025-11-23T23:01:00.199046,2025-11-23 18:01:00,SHORT,57.90999870561063,39.99999910593033,True,,True
223,CL,Sun,18:00,Out-of-Sample,2025-11-23T23:01:00.199188,2025-11-23 18:01:00,SHORT,57.90999870561063,-19.999999552965164,True,,True
223,CL,Sun,18:00,Out-of-Sample,2025-11-23T23:01:00.199234,2025-11-23 18:01:00,SHORT,57.90999870561063,-209.99999530613422,True,,True
223,CL,Sun,18:00,Out-of-Sample,2025-11-23T23:02:49.386274,2025-11-23 18:02:49,LONG,57.85999870672822,59.99999865889549,True,,True
223,CL,Sun,18:00,Out-of-Sample,2025-11-23T23:04:23.459378,2025-11-23 18:04:23,LONG,57.88999870605767,69.99999843537807,True,,True
223,CL,Sun,18:00,Out-of-Sample,2025-11-23T23:04:23.459378,2025-11-23 18:04:23,LONG,57.88999870605767,59.99999865889549,True,,True
223,CL,Sun,18:00,Out-of-Sample,2025-11-23T23:06:57.029591,2025-11-23 18:06:57,LONG,57.97999870404601,-509.9999886006117,True,,True
223,CL,Sun,18:00,Out-of-Sample,2025-11-23T23:08:30.069773,2025-11-23 18:08:30,SHORT,57.879998706281185,199.99999552965164,True,,True
223,CL,Sun,18:00,Out-of-Sample,2025-11-23T23:08:30.069773,2025-11-23 18:08:30,SHORT,57.879998706281185,359.99999195337296,True,,True
223,CL,Sun,18:00,Out-of-Sample,2025-11-23T23:08:33.579496,2025-11-23 18:08:33,SHORT,57.879998706281185,-19.999999552965164,True,,True
223,CL,Sun,18:00,Out-of-Sample,2025-11-23T23:16:14.159093,2025-11-23 18:16:14,SHORT,57.80999870784581,179.99999597668648,True,,True
223,CL,Sun,18:00,Out-of-Sample,2025-11-23T23:20:44.181316,2025-11-23 18:20:44,LONG,57.74999870918691,-99.99999776482582,True,,True
223,CL,Sun,18:00,Out-of-Sample,2025-11-30T23:00:09.818541,2025-11-30 18:00:09,SHORT,58.87999868392944,-319.9999928474426,True,,True
223,CL,Sun,18:00,Out-of-Sample,2025-11-30T23:00:11.194574,2025-11-30 18:00:11,LONG,59.10999867878854,9.999999776482582,True,,True
223,CL,Sun,18:00,Out-of-Sample,2025-11-30T23:00:19.946985,2025-11-30 18:00:19,LONG,59.10999867878854,199.99999552965164,True,,True
223,CL,Sun,18:00,Out-of-Sample,2025-11-30T23:00:19.946985,2025-11-30 18:00:19,LONG,59.10999867878854,139.99999687075615,True,,True
223,CL,Sun,18:00,Out-of-Sample,2025-11-30T23:00:41.535396,2025-11-30 18:00:41,LONG,59.20999867655337,109.9999975413084,True,,True
223,CL,Sun,18:00,Out-of-Sample,2025-11-30T23:00:41.535396,2025-11-30 18:00:41,LONG,59.20999867655337,19.999999552965164,True,,True
223,CL,Sun,18:00,Out-of-Sample,2025-11-30T23:00:48.946393,2025-11-30 18:00:48,SHORT,59.27999867498875,-9.999999776482582,True,,True
223,CL,Sun,18:00,Out-of-Sample,2025-11-30T23:01:49.527205,2025-11-30 18:01:49,SHORT,59.16999867744744,-539.9999879300594,True,,True
223,CL,Sun,18:00,Out-of-Sample,2025-11-30T23:04:16.524624,2025-11-30 18:04:16,LONG,59.29999867454171,129.99999709427357,True,,True
223,CL,Sun,18:00,Out-of-Sample,2025-11-30T23:04:16.524624,2025-11-30 18:04:16,LONG,59.29999867454171,169.9999962002039,True,,True
223,CL,Sun,18:00,Out-of-Sample,2025-11-30T23:04:58.835198,2025-11-30 18:04:58,LONG,59.349998673424125,199.99999552965164,True,,True
223,CL,Sun,18:00,Out-of-Sample,2025-11-30T23:04:58.835198,2025-11-30 18:04:58,LONG,59.349998673424125,89.99999798834324,True,,True
223,CL,Sun,18:00,Out-of-Sample,2025-11-30T23:04:58.835944,2025-11-30 18:04:58,LONG,59.349998673424125,89.99999798834324,True,,True
223,CL,Sun,18:00,Out-of-Sample,2025-11-30T23:04:58.835944,2025-11-30 18:04:58,LONG,59.349998673424125,179.99999597668648,True,,True
223,CL,Sun,18:00,Out-of-Sample,2025-11-30T23:04:59.567434,2025-11-30 18:04:59,LONG,59.37999867275357,199.99999552965164,True,,True
223,CL,Sun,18:00,Out-of-Sample,2025-11-30T23:05:21.922792,2025-11-30 18:05:21,SHORT,59.39999867230654,-119.99999731779099,True,,True
223,CL,Sun,18:00,Out-of-Sample,2025-11-30T23:07:05.565710,2025-11-30 18:07:05,LONG,59.48999867029488,-269.9999939650297,True,,True
223,CL,Sun,18:00,Out-of-Sample,2025-11-30T23:07:05.724583,2025-11-30 18:07:05,LONG,59.48999867029488,-299.99999329447746,True,,True
223,CL,Sun,18:00,Out-of-Sample,2025-11-30T23:08:06.624123,2025-11-30 18:08:06,SHORT,59.59999866783619,79.99999821186066,True,,True
223,CL,Sun,18:00,Out-of-Sample,2025-11-30T23:08:15.057095,2025-11-30 18:08:15,SHORT,59.469998670741916,-79.99999821186066,True,,True
223,CL,Sun,18:00,Out-of-Sample,2025-11-30T23:14:38.545469,2025-11-30 18:14:38,SHORT,59.40999867208302,-109.9999975413084,True,,True
223,CL,Sun,18:00,Out-of-Sample,2025-11-30T23:16:40.265432,2025-11-30 18:16:40,LONG,59.51999866962433,-19.999999552965164,True,,True
223,CL,Sun,18:00,Out-of-Sample,2025-11-30T23:17:59.208143,2025-11-30 18:17:59,LONG,59.579998668283224,-139.99999687075615,True,,True
223,CL,Sun,18:00,Out-of-Sample,2025-11-30T23:17:59.208143,2025-11-30 18:17:59,LONG,59.579998668283224,-279.9999937415123,True,,True
223,CL,Sun,18:00,Out-of-Sample,2025-11-30T23:21:40.663924,2025-11-30 18:21:40,SHORT,59.4799986705184,-19.999999552965164,True,,True
223,CL,Sun,18:00,Out-of-Sample,2025-12-07T23:01:29.263490,2025-12-07 18:01:29,SHORT,60.09999865666032,-359.99999195337296,True,,True
223,CL,Sun,18:00,Out-of-Sample,2025-12-07T23:01:29.359555,2025-12-07 18:01:29,SHORT,60.09999865666032,-329.9999926239252,True,,True
223,CL,Sun,18:00,Out-of-Sample,2025-12-14T23:00:48.026513,2025-12-14 18:00:48,SHORT,57.43999871611595,-359.99999195337296,True,,True
223,CL,Sun,18:00,Out-of-Sample,2025-12-14T23:00:56.069915,2025-12-14 18:00:56,SHORT,57.379998717457056,-99.99999776482582,True,,True
223,CL,Sun,18:00,Out-of-Sample,2025-12-14T23:13:13.473365,2025-12-14 18:13:13,LONG,57.53999871388078,49.99999888241291,True,,True
223,CL,Sun,18:00,Out-of-Sample,2025-12-14T23:13:13.473365,2025-12-14 18:13:13,LONG,57.53999871388078,19.999999552965164,True,,True
223,CL,Sun,18:00,Out-of-Sample,2025-12-14T23:14:57.996107,2025-12-14 18:14:57,LONG,57.55999871343374,99.99999776482582,True,,True
223,CL,Sun,18:00,Out-of-Sample,2025-12-14T23:14:57.996327,2025-12-14 18:14:57,LONG,57.55999871343374,99.99999776482582,True,,True
223,CL,Sun,18:00,Out-of-Sample,2026-01-04T23:00:20.824087,2026-01-04 18:00:20,SHORT,56.62999873422086,-269.9999939650297,True,,True
223,CL,Sun,18:00,Out-of-Sample,2026-01-04T23:00:20.824160,2026-01-04 18:00:20,SHORT,56.62999873422086,-449.9999899417162,True,,True
223,CL,Sun,18:00,Out-of-Sample,2026-01-04T23:00:23.604853,2026-01-04 18:00:23,LONG,56.66999873332679,79.99999821186066,True,,True
223,CL,Sun,18:00,Out-of-Sample,2026-01-04T23:00:23.604853,2026-01-04 18:00:23,LONG,56.66999873332679,239.99999463558197,True,,True
223,CL,Sun,18:00,Out-of-Sample,2026-01-04T23:00:34.483186,2026-01-04 18:00:34,LONG,56.719998732209206,199.99999552965164,True,,True
223,CL,Sun,18:00,Out-of-Sample,2026-01-04T23:00:34.483186,2026-01-04 18:00:34,LONG,56.719998732209206,359.99999195337296,True,,True
223,CL,Sun,18:00,Out-of-Sample,2026-01-04T23:01:10.544855,2026-01-04 18:01:10,SHORT,56.949998727068305,-629.9999859184027,True,,True
223,CL,Sun,18:00,Out-of-Sample,2026-01-04T23:01:10.613098,2026-01-04 18:01:10,SHORT,56.949998727068305,99.99999776482582,True,,True
223,CL,Sun,18:00,Out-of-Sample,2026-01-04T23:01:10.613098,2026-01-04 18:01:10,SHORT,56.949998727068305,49.99999888241291,True,,True
223,CL,Sun,18:00,Out-of-Sample,2026-01-04T23:02:20.347857,2026-01-04 18:02:20,LONG,56.989998726174235,-209.99999530613422,True,,True
223,CL,Sun,18:00,Out-of-Sample,2026-01-04T23:03:13.987132,2026-01-04 18:03:13,SHORT,56.91999872773886,-359.99999195337296,True,,True
223,CL,Sun,18:00,Out-of-Sample,2026-01-04T23:03:13.987374,2026-01-04 18:03:13,SHORT,56.91999872773886,-199.99999552965164,True,,True
223,CL,Sun,18:00,Out-of-Sample,2026-01-04T23:04:56.443003,2026-01-04 18:04:56,LONG,57.03999872505665,119.99999731779099,True,,True
223,CL,Sun,18:00,Out-of-Sample,2026-01-04T23:04:56.443003,2026-01-04 18:04:56,LONG,57.03999872505665,-299.99999329447746,True,,True
223,CL,Sun,18:00,Out-of-Sample,2026-01-04T23:04:56.443413,2026-01-04 18:04:56,LONG,57.03999872505665,-419.99999061226845,True,,True
223,CL,Sun,18:00,Out-of-Sample,2026-01-04T23:04:56.443631,2026-01-04 18:04:56,LONG,57.03999872505665,129.99999709427357,True,,True
223,CL,Sun,18:00,Out-of-Sample,2026-01-04T23:04:56.443631,2026-01-04 18:04:56,LONG,57.03999872505665,0.0,True,,True
223,CL,Sun,18:00,Out-of-Sample,2026-01-04T23:08:04.297759,2026-01-04 18:08:04,SHORT,56.95999872684479,-119.99999731779099,True,,True
223,CL,Sun,18:00,Out-of-Sample,2026-01-04T23:08:48.527453,2026-01-04 18:08:48,SHORT,56.89999872818589,-329.9999926239252,True,,True
223,CL,Sun,18:00,Out-of-Sample,2026-01-04T23:15:15.979425,2026-01-04 18:15:15,LONG,57.0099987257272,199.99999552965164,True,,True
223,CL,Sun,18:00,Out-of-Sample,2026-01-04T23:15:15.979956,2026-01-04 18:15:15,LONG,57.0099987257272,59.99999865889549,True,,True
223,CL,Sun,18:00,Out-of-Sample,2026-01-04T23:24:37.955449,2026-01-04 18:24:37,SHORT,57.03999872505665,-79.99999821186066,True,,True
223,CL,Sun,18:00,Out-of-Sample,2026-01-11T23:00:54.876457,2026-01-11 18:00:54,LONG,59.199998676776886,199.99999552965164,True,,True
223,CL,Sun,18:00,Out-of-Sample,2026-01-11T23:00:54.876457,2026-01-11 18:00:54,LONG,59.199998676776886,539.9999879300594,True,,True
223,CL,Sun,18:00,Out-of-Sample,2026-01-11T23:07:19.484000,2026-01-11 18:07:19,LONG,59.4199986718595,99.99999776482582,True,,True
223,CL,Sun,18:00,Out-of-Sample,2026-01-11T23:07:19.484000,2026-01-11 18:07:19,LONG,59.4199986718595,199.99999552965164,True,,True
223,CL,Sun,18:00,Out-of-Sample,2026-01-11T23:11:09.462089,2026-01-11 18:11:09,SHORT,59.469998670741916,-389.9999912828207,True,,True
223,CL,Sun,18:00,Out-of-Sample,2026-02-01T23:02:46.133416,2026-02-01 18:02:46,SHORT,63.69999857619405,199.99999552965164,True,,True
223,CL,Sun,18:00,Out-of-Sample,2026-02-01T23:02:46.133416,2026-02-01 18:02:46,SHORT,63.69999857619405,-39.99999910593033,True,,True
223,CL,Sun,18:00,Out-of-Sample,2026-02-01T23:05:21.576407,2026-02-01 18:05:21,SHORT,63.57999857887626,199.99999552965164,True,,True
223,CL,Sun,18:00,Out-of-Sample,2026-02-01T23:05:21.576407,2026-02-01 18:05:21,SHORT,63.57999857887626,599.9999865889549,True,,True
223,CL,Sun,18:00,Out-of-Sample,2026-02-01T23:05:21.576407,2026-02-01 18:05:21,SHORT,63.57999857887626,219.9999950826168,True,,True
223,CL,Sun,18:00,Out-of-Sample,2026-02-01T23:05:54.986214,2026-02-01 18:05:54,LONG,63.69999857619405,-539.9999879300594,True,,True
223,CL,Sun,18:00,Out-of-Sample,2026-02-01T23:06:49.778734,2026-02-01 18:06:49,SHORT,63.51999858021736,199.99999552965164,True,,True
223,CL,Sun,18:00,Out-of-Sample,2026-02-01T23:06:49.778734,2026-02-01 18:06:49,SHORT,63.51999858021736,179.99999597668648,True,,True
223,CL,Sun,18:00,Out-of-Sample,2026-02-01T23:06:49.778953,2026-02-01 18:06:49,SHORT,63.51999858021736,179.99999597668648,True,,True
223,CL,Sun,18:00,Out-of-Sample,2026-02-01T23:06:49.778953,2026-02-01 18:06:49,SHORT,63.51999858021736,479.99998927116394,True,,True
223,CL,Sun,18:00,Out-of-Sample,2026-02-01T23:10:06.324172,2026-02-01 18:10:06,LONG,63.27999858558178,199.99999552965164,True,,True
223,CL,Sun,18:00,Out-of-Sample,2026-02-01T23:15:50.198535,2026-02-01 18:15:50,SHORT,63.34999858401716,199.99999552965164,True,,True
223,CL,Sun,18:00,Out-of-Sample,2026-02-01T23:15:50.198535,2026-02-01 18:15:50,SHORT,63.34999858401716,99.99999776482582,True,,True
223,CL,Sun,18:00,Out-of-Sample,2026-02-01T23:21:14.642097,2026-02-01 18:21:14,SHORT,63.12999858893454,-659.9999852478504,True,,True
223,CL,Sun,18:00,Out-of-Sample,2026-02-01T23:21:14.642415,2026-02-01 18:21:14,SHORT,63.12999858893454,-659.9999852478504,True,,True
223,CL,Sun,18:00,Out-of-Sample,2026-02-01T23:23:24.208182,2026-02-01 18:23:24,LONG,63.379998583346605,-269.9999939650297,True,,True
223,CL,Sun,18:00,Out-of-Sample,2026-02-01T23:27:30.228332,2026-02-01 18:27:30,SHORT,63.28999858535826,-329.9999926239252,True,,True
223,CL,Sun,18:00,Out-of-Sample,2026-02-08T23:09:25.587020,2026-02-08 18:09:25,LONG,62.76999859698117,199.99999552965164,True,,True
223,CL,Sun,18:00,Out-of-Sample,2026-02-08T23:09:25.587020,2026-02-08 18:09:25,LONG,62.76999859698117,379.9999915063381,True,,True
223,CL,Sun,18:00,Out-of-Sample,2026-02-08T23:15:34.790130,2026-02-08 18:15:34,LONG,62.879998594522476,199.99999552965164,True,,True
223,CL,Sun,18:00,Out-of-Sample,2026-02-15T23:00:42.016272,2026-02-15 18:00:42,LONG,62.949998592957854,79.99999821186066,True,,True
223,CL,Sun,18:00,Out-of-Sample,2026-02-15T23:00:52.918321,2026-02-15 18:00:52,LONG,63.01999859139323,9.999999776482582,True,,True
223,CL,Sun,18:00,Out-of-Sample,2026-02-15T23:02:06.160163,2026-02-15 18:02:06,SHORT,62.89999859407544,99.99999776482582,True,,True
223,CL,Sun,18:00,Out-of-Sample,2026-02-15T23:02:06.160163,2026-02-15 18:02:06,SHORT,62.89999859407544,-19.999999552965164,True,,True
223,CL,Sun,18:00,Out-of-Sample,2026-02-22T23:00:45.565621,2026-02-22 18:00:45,LONG,65.59999853372574,109.9999975413084,True,,True
223,CL,Sun,18:00,Out-of-Sample,2026-02-22T23:00:45.565621,2026-02-22 18:00:45,LONG,65.59999853372574,0.0,True,,True
223,CL,Sun,18:00,Out-of-Sample,2026-02-22T23:03:20.990401,2026-02-22 18:03:20,LONG,65.70999853126705,119.99999731779099,True,,True
223,CL,Sun,18:00,Out-of-Sample,2026-02-22T23:03:20.990401,2026-02-22 18:03:20,LONG,65.70999853126705,69.99999843537807,True,,True
223,CL,Sun,18:00,Out-of-Sample,2026-02-22T23:03:22.689022,2026-02-22 18:03:22,LONG,65.69999853149056,199.99999552965164,True,,True
223,CL,Sun,18:00,Out-of-Sample,2026-02-22T23:03:22.689022,2026-02-22 18:03:22,LONG,65.69999853149056,399.9999910593033,True,,True
223,CL,Sun,18:00,Out-of-Sample,2026-02-22T23:09:26.570784,2026-02-22 18:09:26,SHORT,65.76999852992594,-239.99999463558197,True,,True
223,CL,Sun,18:00,Out-of-Sample,2026-02-22T23:12:07.702851,2026-02-22 18:12:07,LONG,65.88999852724373,139.99999687075615,True,,True
223,CL,Sun,18:00,Out-of-Sample,2026-02-22T23:12:07.702851,2026-02-22 18:12:07,LONG,65.88999852724373,109.9999975413084,True,,True
223,CL,Sun,18:00,Out-of-Sample,2026-02-22T23:18:56.075876,2026-02-22 18:18:56,SHORT,65.99999852478504,0.0,True,,True
223,CL,Sun,18:00,Out-of-Sample,2026-03-01T23:01:52.561258,2026-03-01 18:01:52,SHORT,74.9199983254075,539.9999879300594,True,,True
223,CL,Sun,18:00,Out-of-Sample,2026-03-01T23:01:52.561258,2026-03-01 18:01:52,SHORT,74.9199983254075,1229.9999725073576,True,,True
223,CL,Sun,18:00,Out-of-Sample,2026-03-01T23:01:52.561258,2026-03-01 18:01:52,SHORT,74.9199983254075,1999.9999552965164,True,,True
223,CL,Sun,18:00,Out-of-Sample,2026-03-01T23:02:24.321527,2026-03-01 18:02:24,SHORT,73.40999835915864,119.99999731779099,True,,True
223,CL,Sun,18:00,Out-of-Sample,2026-03-01T23:02:24.321527,2026-03-01 18:02:24,SHORT,73.40999835915864,399.9999910593033,True,,True
223,CL,Sun,18:00,Out-of-Sample,2026-03-01T23:02:24.321527,2026-03-01 18:02:24,SHORT,73.40999835915864,599.9999865889549,True,,True
223,CL,Sun,18:00,Out-of-Sample,2026-03-01T23:02:43.729459,2026-03-01 18:02:43,SHORT,72.91999837011099,279.9999937415123,True,,True
223,CL,Sun,18:00,Out-of-Sample,2026-03-01T23:02:43.729459,2026-03-01 18:02:43,SHORT,72.91999837011099,729.9999836832285,True,,True
223,CL,Sun,18:00,Out-of-Sample,2026-03-01T23:02:43.729459,2026-03-01 18:02:43,SHORT,72.91999837011099,229.9999948590994,True,,True
223,CL,Sun,18:00,Out-of-Sample,2026-03-01T23:03:27.709067,2026-03-01 18:03:27,SHORT,72.5099983792752,199.99999552965164,True,,True
223,CL,Sun,18:00,Out-of-Sample,2026-03-01T23:03:27.709067,2026-03-01 18:03:27,SHORT,72.5099983792752,279.9999937415123,True,,True
223,CL,Sun,18:00,Out-of-Sample,2026-03-01T23:03:47.896545,2026-03-01 18:03:47,LONG,72.36999838240445,-809.9999818950891,True,,True
223,CL,Sun,18:00,Out-of-Sample,2026-03-01T23:04:06.363809,2026-03-01 18:04:06,LONG,72.36999838240445,-89.99999798834324,True,,True
223,CL,Sun,18:00,Out-of-Sample,2026-03-01T23:04:14.778284,2026-03-01 18:04:14,SHORT,72.2799983844161,479.99998927116394,True,,True
223,CL,Sun,18:00,Out-of-Sample,2026-03-01T23:04:14.778284,2026-03-01 18:04:14,SHORT,72.2799983844161,19.999999552965164,True,,True
223,CL,Sun,18:00,Out-of-Sample,2026-03-01T23:04:17.872982,2026-03-01 18:04:17,LONG,72.22999838553369,219.9999950826168,True,,True
223,CL,Sun,18:00,Out-of-Sample,2026-03-01T23:04:17.872982,2026-03-01 18:04:17,LONG,72.22999838553369,599.9999865889549,True,,True
223,CL,Sun,18:00,Out-of-Sample,2026-03-01T23:04:17.872982,2026-03-01 18:04:17,LONG,72.22999838553369,549.999987706542,True,,True
223,CL,Sun,18:00,Out-of-Sample,2026-03-01T23:04:23.062756,2026-03-01 18:04:23,LONG,72.25999838486314,289.9999935179949,True,,True
223,CL,Sun,18:00,Out-of-Sample,2026-03-01T23:04:23.062756,2026-03-01 18:04:23,LONG,72.25999838486314,429.99999038875103,True,,True
223,CL,Sun,18:00,Out-of-Sample,2026-03-01T23:04:29.140002,2026-03-01 18:04:29,LONG,72.11999838799238,569.9999872595072,True,,True
223,CL,Sun,18:00,Out-of-Sample,2026-03-01T23:04:48.848081,2026-03-01 18:04:48,LONG,72.34999838285148,1019.9999772012234,True,,True
223,CL,Sun,18:00,Out-of-Sample,2026-03-01T23:05:30.634264,2026-03-01 18:05:30,LONG,72.7399983741343,99.99999776482582,True,,True
223,CL,Sun,18:00,Out-of-Sample,2026-03-01T23:05:30.634264,2026-03-01 18:05:30,LONG,72.7399983741343,19.999999552965164,True,,True
223,CL,Sun,18:00,Out-of-Sample,2026-03-01T23:05:39.986364,2026-03-01 18:05:39,SHORT,72.77999837324023,199.99999552965164,True,,True
223,CL,Sun,18:00,Out-of-Sample,2026-03-01T23:05:39.986364,2026-03-01 18:05:39,SHORT,72.77999837324023,59.99999865889549,True,,True
223,CL,Sun,18:00,Out-of-Sample,2026-03-01T23:05:58.921180,2026-03-01 18:05:58,LONG,72.71999837458134,199.99999552965164,True,,True
223,CL,Sun,18:00,Out-of-Sample,2026-03-01T23:05:58.921180,2026-03-01 18:05:58,LONG,72.71999837458134,39.99999910593033,True,,True
223,CL,Sun,18:00,Out-of-Sample,2026-03-01T23:06:54.158112,2026-03-01 18:06:54,LONG,72.83999837189913,-299.99999329447746,True,,True
223,CL,Sun,18:00,Out-of-Sample,2026-03-01T23:07:20.102365,2026-03-01 18:07:20,SHORT,72.47999837994576,-629.9999859184027,True,,True
223,CL,Sun,18:00,Out-of-Sample,2026-03-01T23:07:41.618062,2026-03-01 18:07:41,SHORT,72.44999838061631,199.99999552965164,True,,True
223,CL,Sun,18:00,Out-of-Sample,2026-03-01T23:07:41.618062,2026-03-01 18:07:41,SHORT,72.44999838061631,859.9999807775021,True,,True
223,CL,Sun,18:00,Out-of-Sample,2026-03-01T23:08:53.400949,2026-03-01 18:08:53,LONG,72.15999838709831,-809.9999818950891,True,,True
223,CL,Sun,18:00,Out-of-Sample,2026-03-01T23:08:56.786074,2026-03-01 18:08:56,SHORT,72.01999839022756,259.99999418854713,True,,True
223,CL,Sun,18:00,Out-of-Sample,2026-03-01T23:08:56.786074,2026-03-01 18:08:56,SHORT,72.01999839022756,599.9999865889549,True,,True
223,CL,Sun,18:00,Out-of-Sample,2026-03-01T23:08:56.786074,2026-03-01 18:08:56,SHORT,72.01999839022756,399.9999910593033,True,,True
223,CL,Sun,18:00,Out-of-Sample,2026-03-01T23:10:28.484037,2026-03-01 18:10:28,SHORT,71.61999839916825,199.99999552965164,True,,True
223,CL,Sun,18:00,Out-of-Sample,2026-03-01T23:10:28.484037,2026-03-01 18:10:28,SHORT,71.61999839916825,179.99999597668648,True,,True
223,CL,Sun,18:00,Out-of-Sample,2026-03-01T23:11:31.842479,2026-03-01 18:11:31,LONG,71.61999839916825,39.99999910593033,True,,True
223,CL,Sun,18:00,Out-of-Sample,2026-03-01T23:11:44.441450,2026-03-01 18:11:44,LONG,71.80999839492142,-149.99999664723873,True,,True
223,CL,Sun,18:00,Out-of-Sample,2026-03-01T23:12:19.102530,2026-03-01 18:12:19,LONG,71.98999839089811,-419.99999061226845,True,,True
223,CL,Sun,18:00,Out-of-Sample,2026-03-01T23:12:36.976365,2026-03-01 18:12:36,SHORT,71.95999839156866,-629.9999859184027,True,,True
223,CL,Sun,18:00,Out-of-Sample,2026-03-01T23:13:01.720398,2026-03-01 18:13:01,SHORT,71.84999839402735,-839.9999812245369,True,,True
223,CL,Sun,18:00,Out-of-Sample,2026-03-01T23:13:31.114662,2026-03-01 18:13:31,LONG,72.12999838776886,-149.99999664723873,True,,True
223,CL,Sun,18:00,Out-of-Sample,2026-03-01T23:14:04.066988,2026-03-01 18:14:04,SHORT,72.06999838910997,-179.99999597668648,True,,True
223,CL,Sun,18:00,Out-of-Sample,2026-03-01T23:14:04.211434,2026-03-01 18:14:04,SHORT,72.07999838888645,-449.9999899417162,True,,True
223,CL,Sun,18:00,Out-of-Sample,2026-03-01T23:15:04.547020,2026-03-01 18:15:04,LONG,72.70999837480485,99.99999776482582,True,,True
223,CL,Sun,18:00,Out-of-Sample,2026-03-01T23:15:04.547020,2026-03-01 18:15:04,LONG,72.70999837480485,199.99999552965164,True,,True
223,CL,Sun,18:00,Out-of-Sample,2026-03-01T23:15:04.547020,2026-03-01 18:15:04,LONG,72.70999837480485,39.99999910593033,True,,True
223,CL,Sun,18:00,Out-of-Sample,2026-03-01T23:15:54.614232,2026-03-01 18:15:54,LONG,72.82999837212265,-239.99999463558197,True,,True
223,CL,Sun,18:00,Out-of-Sample,2026-03-01T23:16:00.239791,2026-03-01 18:16:00,SHORT,72.72999837435782,199.99999552965164,True,,True
223,CL,Sun,18:00,Out-of-Sample,2026-03-01T23:16:00.239791,2026-03-01 18:16:00,SHORT,72.72999837435782,419.99999061226845,True,,True
223,CL,Sun,18:00,Out-of-Sample,2026-03-01T23:20:55.769013,2026-03-01 18:20:55,SHORT,72.25999838486314,-449.9999899417162,True,,True
223,CL,Sun,18:00,Out-of-Sample,2026-03-01T23:22:15.760434,2026-03-01 18:22:15,LONG,72.40999838151038,-509.9999886006117,True,,True
223,CL,Sun,18:00,Out-of-Sample,2026-03-01T23:24:53.483395,2026-03-01 18:24:53,SHORT,72.23999838531017,-59.99999865889549,True,,True
223,CL,Sun,18:00,Out-of-Sample,2026-03-01T23:26:33.715761,2026-03-01 18:26:33,LONG,72.25999838486314,199.99999552965164,True,,True
223,CL,Sun,18:00,Out-of-Sample,2026-03-01T23:26:33.715761,2026-03-01 18:26:33,LONG,72.25999838486314,339.9999924004078,True,,True
223,CL,Sun,18:00,Out-of-Sample,2026-03-08T22:00:05.946924,2026-03-08 18:00:05,SHORT,98.89999778941274,-779.9999825656414,True,,True
223,CL,Sun,18:00,Out-of-Sample,2026-03-08T22:00:07.524955,2026-03-08 18:00:07,SHORT,99.04999778605998,-629.9999859184027,True,,True
223,CL,Sun,18:00,Out-of-Sample,2026-03-08T22:00:07.525317,2026-03-08 18:00:07,SHORT,99.02999778650701,-1029.999976977706,True,,True
223,CL,Sun,18:00,Out-of-Sample,2026-03-08T22:00:08.435429,2026-03-08 18:00:08,SHORT,99.42999777756631,-629.9999859184027,True,,True
223,CL,Sun,18:00,Out-of-Sample,2026-03-08T22:00:11.288006,2026-03-08 18:00:11,SHORT,99.00999778695405,-959.9999785423279,True,,True
223,CL,Sun,18:00,Out-of-Sample,2026-03-08T22:00:12.603163,2026-03-08 18:00:12,LONG,100.16999776102602,579.9999870359898,True,,True
223,CL,Sun,18:00,Out-of-Sample,2026-03-08T22:00:12.603163,2026-03-08 18:00:12,LONG,100.16999776102602,999.9999776482582,True,,True
223,CL,Sun,18:00,Out-of-Sample,2026-03-08T22:00:12.603163,2026-03-08 18:00:12,LONG,100.16999776102602,589.9999868124723,True,,True
223,CL,Sun,18:00,Out-of-Sample,2026-03-08T22:00:19.167807,2026-03-08 18:00:19,LONG,100.05999776348472,669.999985024333,True,,True
223,CL,Sun,18:00,Out-of-Sample,2026-03-08T22:00:23.408752,2026-03-08 18:00:23,LONG,100.5899977516383,399.9999910593033,True,,True
223,CL,Sun,18:00,Out-of-Sample,2026-03-08T22:00:23.408752,2026-03-08 18:00:23,LONG,100.5899977516383,209.99999530613422,True,,True
223,CL,Sun,18:00,Out-of-Sample,2026-03-08T22:00:23.408752,2026-03-08 18:00:23,LONG,100.5899977516383,39.99999910593033,True,,True
223,CL,Sun,18:00,Out-of-Sample,2026-03-08T22:00:23.420745,2026-03-08 18:00:23,LONG,100.5899977516383,509.9999886006117,True,,True
223,CL,Sun,18:00,Out-of-Sample,2026-03-08T22:00:23.420745,2026-03-08 18:00:23,LONG,100.5899977516383,139.99999687075615,True,,True
223,CL,Sun,18:00,Out-of-Sample,2026-03-08T22:00:42.237280,2026-03-08 18:00:42,LONG,100.91999774426222,-569.9999872595072,True,,True
223,CL,Sun,18:00,Out-of-Sample,2026-03-08T22:00:43.749113,2026-03-08 18:00:43,SHORT,100.72999774850905,-139.99999687075615,True,,True
223,CL,Sun,18:00,Out-of-Sample,2026-03-08T22:00:43.749361,2026-03-08 18:00:43,SHORT,100.50999775342643,-359.99999195337296,True,,True
223,CL,Sun,18:00,Out-of-Sample,2026-03-08T22:00:43.749436,2026-03-08 18:00:43,SHORT,100.50999775342643,-939.9999789893627,True,,True
223,CL,Sun,18:00,Out-of-Sample,2026-03-08T22:01:01.490687,2026-03-08 18:01:01,LONG,101.74999772571027,-479.99998927116394,True,,True
223,CL,Sun,18:00,Out-of-Sample,2026-03-08T22:01:01.759897,2026-03-08 18:01:01,LONG,101.74999772571027,-1199.9999731779099,True,,True
223,CL,Sun,18:00,Out-of-Sample,2026-03-08T22:01:02.088201,2026-03-08 18:01:02,LONG,101.74999772571027,-1739.9999611079693,True,,True
223,CL,Sun,18:00,Out-of-Sample,2026-03-08T22:01:02.422645,2026-03-08 18:01:02,LONG,101.74999772571027,529.9999881535769,True,,True
223,CL,Sun,18:00,Out-of-Sample,2026-03-08T22:01:02.422645,2026-03-08 18:01:02,LONG,101.74999772571027,519.9999883770943,True,,True
223,CL,Sun,18:00,Out-of-Sample,2026-03-08T22:01:02.422645,2026-03-08 18:01:02,LONG,101.74999772571027,829.9999814480543,True,,True
223,CL,Sun,18:00,Out-of-Sample,2026-03-08T22:01:21.278063,2026-03-08 18:01:21,LONG,102.80999770201743,149.99999664723873,True,,True
223,CL,Sun,18:00,Out-of-Sample,2026-03-08T22:01:21.278063,2026-03-08 18:01:21,LONG,102.80999770201743,299.99999329447746,True,,True
223,CL,Sun,18:00,Out-of-Sample,2026-03-08T22:01:21.278063,2026-03-08 18:01:21,LONG,102.80999770201743,359.99999195337296,True,,True
223,CL,Sun,18:00,Out-of-Sample,2026-03-08T22:01:24.121126,2026-03-08 18:01:24,LONG,103.42999768815935,-1039.9999767541885,True,,True
223,CL,Sun,18:00,Out-of-Sample,2026-03-08T22:01:24.122832,2026-03-08 18:01:24,LONG,103.42999768815935,419.99999061226845,True,,True
223,CL,Sun,18:00,Out-of-Sample,2026-03-08T22:01:31.320839,2026-03-08 18:01:31,LONG,103.84999767877162,199.99999552965164,True,,True
223,CL,Sun,18:00,Out-of-Sample,2026-03-08T22:01:31.320839,2026-03-08 18:01:31,LONG,103.84999767877162,429.99999038875103,True,,True
223,CL,Sun,18:00,Out-of-Sample,2026-03-08T22:01:31.320839,2026-03-08 18:01:31,LONG,103.84999767877162,319.9999928474426,True,,True
223,CL,Sun,18:00,Out-of-Sample,2026-03-08T22:01:32.307096,2026-03-08 18:01:32,SHORT,103.75999768078327,-359.99999195337296,True,,True
223,CL,Sun,18:00,Out-of-Sample,2026-03-08T22:01:34.178044,2026-03-08 18:01:34,SHORT,103.90999767743051,-509.9999886006117,True,,True
223,CL,Sun,18:00,Out-of-Sample,2026-03-08T22:01:35.266942,2026-03-08 18:01:35,LONG,104.06999767385423,-819.9999816715717,True,,True
223,CL,Sun,18:00,Out-of-Sample,2026-03-08T22:01:46.709369,2026-03-08 18:01:46,SHORT,103.70999768190086,979.999978095293,True,,True
223,CL,Sun,18:00,Out-of-Sample,2026-03-08T22:01:46.709369,2026-03-08 18:01:46,SHORT,103.70999768190086,979.999978095293,True,,True
223,CL,Sun,18:00,Out-of-Sample,2026-03-08T22:01:46.709369,2026-03-08 18:01:46,SHORT,103.70999768190086,2169.9999514967203,True,,True
223,CL,Sun,18:00,Out-of-Sample,2026-03-08T22:01:46.709499,2026-03-08 18:01:46,SHORT,103.70999768190086,979.999978095293,True,,True
223,CL,Sun,18:00,Out-of-Sample,2026-03-08T22:01:46.709499,2026-03-08 18:01:46,SHORT,103.70999768190086,979.999978095293,True,,True
223,CL,Sun,18:00,Out-of-Sample,2026-03-08T22:01:46.709499,2026-03-08 18:01:46,SHORT,103.70999768190086,2169.9999514967203,True,,True
223,CL,Sun,18:00,Out-of-Sample,2026-03-08T22:02:03.359630,2026-03-08 18:02:03,SHORT,102.17999771609902,359.99999195337296,True,,True
223,CL,Sun,18:00,Out-of-Sample,2026-03-08T22:02:03.359630,2026-03-08 18:02:03,SHORT,102.17999771609902,359.99999195337296,True,,True
223,CL,Sun,18:00,Out-of-Sample,2026-03-08T22:02:03.359630,2026-03-08 18:02:03,SHORT,102.17999771609902,449.9999899417162,True,,True
223,CL,Sun,18:00,Out-of-Sample,2026-03-08T22:02:03.360323,2026-03-08 18:02:03,SHORT,102.17999771609902,639.9999856948853,True,,True
223,CL,Sun,18:00,Out-of-Sample,2026-03-08T22:02:03.360323,2026-03-08 18:02:03,SHORT,102.17999771609902,1069.9999760836363,True,,True
223,CL,Sun,18:00,Out-of-Sample,2026-03-08T22:02:03.360323,2026-03-08 18:02:03,SHORT,102.17999771609902,359.99999195337296,True,,True
223,CL,Sun,18:00,Out-of-Sample,2026-03-08T22:02:03.360779,2026-03-08 18:02:03,SHORT,102.17999771609902,639.9999856948853,True,,True
223,CL,Sun,18:00,Out-of-Sample,2026-03-08T22:02:03.360779,2026-03-08 18:02:03,SHORT,102.17999771609902,319.9999928474426,True,,True
223,CL,Sun,18:00,Out-of-Sample,2026-03-08T22:02:03.360942,2026-03-08 18:02:03,SHORT,102.17999771609902,639.9999856948853,True,,True
223,CL,Sun,18:00,Out-of-Sample,2026-03-08T22:02:03.360942,2026-03-08 18:02:03,SHORT,102.17999771609902,1069.9999760836363,True,,True
223,CL,Sun,18:00,Out-of-Sample,2026-03-08T22:02:03.360942,2026-03-08 18:02:03,SHORT,102.17999771609902,559.9999874830246,True,,True
223,CL,Sun,18:00,Out-of-Sample,2026-03-08T22:02:03.360994,2026-03-08 18:02:03,SHORT,102.17999771609902,639.9999856948853,True,,True
223,CL,Sun,18:00,Out-of-Sample,2026-03-08T22:02:03.360994,2026-03-08 18:02:03,SHORT,102.17999771609902,319.9999928474426,True,,True
223,CL,Sun,18:00,Out-of-Sample,2026-03-08T22:02:03.591180,2026-03-08 18:02:03,SHORT,102.17999771609902,639.9999856948853,True,,True
223,CL,Sun,18:00,Out-of-Sample,2026-03-08T22:02:03.591180,2026-03-08 18:02:03,SHORT,102.17999771609902,319.9999928474426,True,,True
223,CL,Sun,18:00,Out-of-Sample,2026-03-08T22:02:18.405281,2026-03-08 18:02:18,LONG,101.619997728616,-229.9999948590994,True,,True
223,CL,Sun,18:00,Out-of-Sample,2026-03-08T22:02:23.047376,2026-03-08 18:02:23,LONG,101.8499977234751,-339.9999924004078,True,,True
223,CL,Sun,18:00,Out-of-Sample,2026-03-08T22:02:30.736589,2026-03-08 18:02:30,SHORT,101.26999773643911,-779.9999825656414,True,,True
223,CL,Sun,18:00,Out-of-Sample,2026-03-08T22:02:30.892063,2026-03-08 18:02:30,SHORT,101.26999773643911,-1859.9999584257603,True,,True
223,CL,Sun,18:00,Out-of-Sample,2026-03-08T22:02:41.137765,2026-03-08 18:02:41,LONG,102.0799977183342,619.9999861419201,True,,True
223,CL,Sun,18:00,Out-of-Sample,2026-03-08T22:02:42.773482,2026-03-08 18:02:42,LONG,102.43999771028757,299.99999329447746,True,,True
223,CL,Sun,18:00,Out-of-Sample,2026-03-08T22:02:42.773482,2026-03-08 18:02:42,LONG,102.43999771028757,19.999999552965164,True,,True
223,CL,Sun,18:00,Out-of-Sample,2026-03-08T22:02:42.773738,2026-03-08 18:02:42,LONG,102.43999771028757,149.99999664723873,True,,True
223,CL,Sun,18:00,Out-of-Sample,2026-03-08T22:02:42.773738,2026-03-08 18:02:42,LONG,102.43999771028757,299.99999329447746,True,,True
223,CL,Sun,18:00,Out-of-Sample,2026-03-08T22:02:42.773738,2026-03-08 18:02:42,LONG,102.43999771028757,169.9999962002039,True,,True
223,CL,Sun,18:00,Out-of-Sample,2026-03-08T22:02:42.773841,2026-03-08 18:02:42,LONG,102.43999771028757,279.9999937415123,True,,True
223,CL,Sun,18:00,Out-of-Sample,2026-03-08T22:02:42.773841,2026-03-08 18:02:42,LONG,102.43999771028757,-419.99999061226845,True,,True
223,CL,Sun,18:00,Out-of-Sample,2026-03-08T22:02:43.212354,2026-03-08 18:02:43,LONG,102.59999770671129,-929.9999792128801,True,,True
223,CL,Sun,18:00,Out-of-Sample,2026-03-08T22:02:43.212504,2026-03-08 18:02:43,LONG,102.59999770671129,-929.9999792128801,True,,True
223,CL,Sun,18:00,Out-of-Sample,2026-03-08T22:02:43.212595,2026-03-08 18:02:43,LONG,102.59999770671129,-929.9999792128801,True,,True
223,CL,Sun,18:00,Out-of-Sample,2026-03-08T22:02:53.801074,2026-03-08 18:02:53,SHORT,102.3099977131933,-539.9999879300594,True,,True
223,CL,Sun,18:00,Out-of-Sample,2026-03-08T22:02:53.801714,2026-03-08 18:02:53,SHORT,102.3099977131933,149.99999664723873,True,,True
223,CL,Sun,18:00,Out-of-Sample,2026-03-08T22:02:53.801714,2026-03-08 18:02:53,SHORT,102.3099977131933,139.99999687075615,True,,True
223,CL,Sun,18:00,Out-of-Sample,2026-03-08T22:02:54.133790,2026-03-08 18:02:54,SHORT,102.22999771498144,-809.9999818950891,True,,True
223,CL,Sun,18:00,Out-of-Sample,2026-03-08T22:03:10.460591,2026-03-08 18:03:10,LONG,102.66999770514667,169.9999962002039,True,,True
223,CL,Sun,18:00,Out-of-Sample,2026-03-08T22:03:10.460591,2026-03-08 18:03:10,LONG,102.66999770514667,299.99999329447746,True,,True
223,CL,Sun,18:00,Out-of-Sample,2026-03-08T22:03:10.460591,2026-03-08 18:03:10,LONG,102.66999770514667,339.9999924004078,True,,True
223,CL,Sun,18:00,Out-of-Sample,2026-03-08T22:03:11.596649,2026-03-08 18:03:11,LONG,102.73999770358205,199.99999552965164,True,,True
223,CL,Sun,18:00,Out-of-Sample,2026-03-08T22:03:11.596649,2026-03-08 18:03:11,LONG,102.73999770358205,599.9999865889549,True,,True
223,CL,Sun,18:00,Out-of-Sample,2026-03-08T22:03:11.596649,2026-03-08 18:03:11,LONG,102.73999770358205,409.99999083578587,True,,True
223,CL,Sun,18:00,Out-of-Sample,2026-03-08T22:03:11.744096,2026-03-08 18:03:11,LONG,102.74999770335853,-119.99999731779099,True,,True
223,CL,Sun,18:00,Out-of-Sample,2026-03-08T22:03:18.360956,2026-03-08 18:03:18,LONG,102.8799977004528,279.9999937415123,True,,True
223,CL,Sun,18:00,Out-of-Sample,2026-03-08T22:03:18.431497,2026-03-08 18:03:18,LONG,102.8799977004528,299.99999329447746,True,,True
223,CL,Sun,18:00,Out-of-Sample,2026-03-08T22:03:18.431497,2026-03-08 18:03:18,LONG,102.8799977004528,179.99999597668648,True,,True
223,CL,Sun,18:00,Out-of-Sample,2026-03-08T22:03:18.599351,2026-03-08 18:03:18,LONG,102.85999770089984,199.99999552965164,True,,True
223,CL,Sun,18:00,Out-of-Sample,2026-03-08T22:03:18.599351,2026-03-08 18:03:18,LONG,102.85999770089984,639.9999856948853,True,,True
223,CL,Sun,18:00,Out-of-Sample,2026-03-08T22:03:18.599351,2026-03-08 18:03:18,LONG,102.85999770089984,269.9999939650297,True,,True
223,CL,Sun,18:00,Out-of-Sample,2026-03-08T22:03:22.395820,2026-03-08 18:03:22,SHORT,103.03999769687653,0.0,True,,True
223,CL,Sun,18:00,Out-of-Sample,2026-03-08T22:03:46.773108,2026-03-08 18:03:46,SHORT,103.1699976939708,199.99999552965164,True,,True
223,CL,Sun,18:00,Out-of-Sample,2026-03-08T22:03:46.773108,2026-03-08 18:03:46,SHORT,103.1699976939708,399.9999910593033,True,,True
223,CL,Sun,18:00,Out-of-Sample,2026-03-08T22:03:46.773108,2026-03-08 18:03:46,SHORT,103.1699976939708,199.99999552965164,True,,True
223,CL,Sun,18:00,Out-of-Sample,2026-03-08T22:03:46.773203,2026-03-08 18:03:46,SHORT,103.1699976939708,199.99999552965164,True,,True
223,CL,Sun,18:00,Out-of-Sample,2026-03-08T22:03:46.773203,2026-03-08 18:03:46,SHORT,103.1699976939708,-239.99999463558197,True,,True
223,CL,Sun,18:00,Out-of-Sample,2026-03-08T22:03:47.499769,2026-03-08 18:03:47,SHORT,103.01999769732356,-19.999999552965164,True,,True
223,CL,Sun,18:00,Out-of-Sample,2026-03-08T22:03:47.713441,2026-03-08 18:03:47,SHORT,102.95999769866467,-219.9999950826168,True,,True
223,CL,Sun,18:00,Out-of-Sample,2026-03-08T22:03:52.312927,2026-03-08 18:03:52,SHORT,102.83999770134687,-1109.9999751895666,True,,True
223,CL,Sun,18:00,Out-of-Sample,2026-03-08T22:03:52.451947,2026-03-08 18:03:52,SHORT,102.86999770067632,-269.9999939650297,True,,True
223,CL,Sun,18:00,Out-of-Sample,2026-03-08T22:04:02.469158,2026-03-08 18:04:02,SHORT,102.7099977042526,-1079.9999758601189,True,,True
223,CL,Sun,18:00,Out-of-Sample,2026-03-08T22:04:17.816415,2026-03-08 18:04:17,LONG,103.21999769285321,-199.99999552965164,True,,True
223,CL,Sun,18:00,Out-of-Sample,2026-03-08T22:04:17.816538,2026-03-08 18:04:17,LONG,103.21999769285321,-659.9999852478504,True,,True
223,CL,Sun,18:00,Out-of-Sample,2026-03-08T22:04:17.968637,2026-03-08 18:04:17,LONG,103.20999769307673,-629.9999859184027,True,,True
223,CL,Sun,18:00,Out-of-Sample,2026-03-08T22:04:39.168114,2026-03-08 18:04:39,LONG,103.14999769441783,349.9999921768904,True,,True
223,CL,Sun,18:00,Out-of-Sample,2026-03-08T22:04:39.168114,2026-03-08 18:04:39,LONG,103.14999769441783,599.9999865889549,True,,True
223,CL,Sun,18:00,Out-of-Sample,2026-03-08T22:04:39.168114,2026-03-08 18:04:39,LONG,103.14999769441783,239.99999463558197,True,,True
223,CL,Sun,18:00,Out-of-Sample,2026-03-08T22:04:40.731497,2026-03-08 18:04:40,LONG,103.48999768681824,-179.99999597668648,True,,True
223,CL,Sun,18:00,Out-of-Sample,2026-03-08T22:05:15.828095,2026-03-08 18:05:15,SHORT,102.89999770000577,-99.99999776482582,True,,True
223,CL,Sun,18:00,Out-of-Sample,2026-03-08T22:05:32.395629,2026-03-08 18:05:32,LONG,103.05999769642949,639.9999856948853,True,,True
223,CL,Sun,18:00,Out-of-Sample,2026-03-08T22:05:32.395629,2026-03-08 18:05:32,LONG,103.05999769642949,1239.9999722838402,True,,True
223,CL,Sun,18:00,Out-of-Sample,2026-03-08T22:05:57.522306,2026-03-08 18:05:57,LONG,103.72999768145382,199.99999552965164,True,,True
223,CL,Sun,18:00,Out-of-Sample,2026-03-08T22:05:57.522306,2026-03-08 18:05:57,LONG,103.72999768145382,599.9999865889549,True,,True
223,CL,Sun,18:00,Out-of-Sample,2026-03-08T22:05:57.522306,2026-03-08 18:05:57,LONG,103.72999768145382,289.9999935179949,True,,True
223,CL,Sun,18:00,Out-of-Sample,2026-03-08T22:06:16.567787,2026-03-08 18:06:16,LONG,104.17999767139554,239.99999463558197,True,,True
223,CL,Sun,18:00,Out-of-Sample,2026-03-08T22:06:16.567787,2026-03-08 18:06:16,LONG,104.17999767139554,219.9999950826168,True,,True
223,CL,Sun,18:00,Out-of-Sample,2026-03-08T22:06:26.934039,2026-03-08 18:06:26,SHORT,104.29999766871333,199.99999552965164,True,,True
223,CL,Sun,18:00,Out-of-Sample,2026-03-08T22:06:26.934039,2026-03-08 18:06:26,SHORT,104.29999766871333,-39.99999910593033,True,,True
223,CL,Sun,18:00,Out-of-Sample,2026-03-08T22:06:26.934199,2026-03-08 18:06:26,SHORT,104.29999766871333,199.99999552965164,True,,True
223,CL,Sun,18:00,Out-of-Sample,2026-03-08T22:06:26.934199,2026-03-08 18:06:26,SHORT,104.29999766871333,609.9999863654375,True,,True
223,CL,Sun,18:00,Out-of-Sample,2026-03-08T22:06:26.934199,2026-03-08 18:06:26,SHORT,104.29999766871333,199.99999552965164,True,,True
223,CL,Sun,18:00,Out-of-Sample,2026-03-08T22:06:27.055406,2026-03-08 18:06:27,SHORT,104.29999766871333,-339.9999924004078,True,,True
223,CL,Sun,18:00,Out-of-Sample,2026-03-08T22:06:27.152360,2026-03-08 18:06:27,SHORT,104.28999766893685,-359.99999195337296,True,,True
223,CL,Sun,18:00,Out-of-Sample,2026-03-08T22:06:51.973046,2026-03-08 18:06:51,LONG,104.38999766670167,-539.9999879300594,True,,True
223,CL,Sun,18:00,Out-of-Sample,2026-03-08T22:07:03.593303,2026-03-08 18:07:03,SHORT,104.10999767296016,-579.9999870359898,True,,True
223,CL,Sun,18:00,Out-of-Sample,2026-03-08T22:07:09.475754,2026-03-08 18:07:09,LONG,104.3199976682663,-869.9999805539846,True,,True
223,CL,Sun,18:00,Out-of-Sample,2026-03-08T22:07:10.203894,2026-03-08 18:07:10,LONG,104.39999766647816,-739.9999834597111,True,,True
223,CL,Sun,18:00,Out-of-Sample,2026-03-08T22:07:43.203443,2026-03-08 18:07:43,SHORT,103.81999767944217,-1469.9999671429396,True,,True
223,CL,Sun,18:00,Out-of-Sample,2026-03-08T22:07:43.203557,2026-03-08 18:07:43,SHORT,103.81999767944217,149.99999664723873,True,,True
223,CL,Sun,18:00,Out-of-Sample,2026-03-08T22:07:43.203557,2026-03-08 18:07:43,SHORT,103.81999767944217,-59.99999865889549,True,,True
223,CL,Sun,18:00,Out-of-Sample,2026-03-08T22:07:43.361250,2026-03-08 18:07:43,SHORT,103.81999767944217,-1469.9999671429396,True,,True
223,CL,Sun,18:00,Out-of-Sample,2026-03-08T22:07:54.981668,2026-03-08 18:07:54,LONG,104.22999767027795,479.99998927116394,True,,True
223,CL,Sun,18:00,Out-of-Sample,2026-03-08T22:07:54.981668,2026-03-08 18:07:54,LONG,104.22999767027795,1109.9999751895666,True,,True
223,CL,Sun,18:00,Out-of-Sample,2026-03-08T22:07:57.822865,2026-03-08 18:07:57,LONG,104.39999766647816,-59.99999865889549,True,,True
223,CL,Sun,18:00,Out-of-Sample,2026-03-08T22:08:00.516259,2026-03-08 18:08:00,LONG,104.4899976644665,199.99999552965164,True,,True
223,CL,Sun,18:00,Out-of-Sample,2026-03-08T22:08:00.516259,2026-03-08 18:08:00,LONG,104.4899976644665,699.9999843537807,True,,True
223,CL,Sun,18:00,Out-of-Sample,2026-03-08T22:08:00.516259,2026-03-08 18:08:00,LONG,104.4899976644665,2249.999949708581,True,,True
223,CL,Sun,18:00,Out-of-Sample,2026-03-08T22:08:08.621719,2026-03-08 18:08:08,LONG,105.07999765127897,129.99999709427357,True,,True
223,CL,Sun,18:00,Out-of-Sample,2026-03-08T22:08:08.621719,2026-03-08 18:08:08,LONG,105.07999765127897,199.99999552965164,True,,True
223,CL,Sun,18:00,Out-of-Sample,2026-03-08T22:08:08.621719,2026-03-08 18:08:08,LONG,105.07999765127897,919.9999794363976,True,,True
223,CL,Sun,18:00,Out-of-Sample,2026-03-08T22:08:08.712706,2026-03-08 18:08:08,LONG,105.07999765127897,129.99999709427357,True,,True
223,CL,Sun,18:00,Out-of-Sample,2026-03-08T22:08:08.712706,2026-03-08 18:08:08,LONG,105.07999765127897,199.99999552965164,True,,True
223,CL,Sun,18:00,Out-of-Sample,2026-03-08T22:08:08.712706,2026-03-08 18:08:08,LONG,105.07999765127897,919.9999794363976,True,,True
223,CL,Sun,18:00,Out-of-Sample,2026-03-08T22:08:09.941046,2026-03-08 18:08:09,LONG,105.27999764680862,849.9999810010195,True,,True
223,CL,Sun,18:00,Out-of-Sample,2026-03-08T22:08:09.941046,2026-03-08 18:08:09,LONG,105.27999764680862,719.9999839067459,True,,True
223,CL,Sun,18:00,Out-of-Sample,2026-03-08T22:08:09.941046,2026-03-08 18:08:09,LONG,105.27999764680862,379.9999915063381,True,,True
223,CL,Sun,18:00,Out-of-Sample,2026-03-08T22:08:09.956760,2026-03-08 18:08:09,LONG,105.27999764680862,179.99999597668648,True,,True
223,CL,Sun,18:00,Out-of-Sample,2026-03-08T22:08:30.166488,2026-03-08 18:08:30,LONG,105.99999763071537,479.99998927116394,True,,True
223,CL,Sun,18:00,Out-of-Sample,2026-03-08T22:08:30.166488,2026-03-08 18:08:30,LONG,105.99999763071537,1009.9999774247408,True,,True
223,CL,Sun,18:00,Out-of-Sample,2026-03-08T22:08:30.166488,2026-03-08 18:08:30,LONG,105.99999763071537,909.999979659915,True,,True
223,CL,Sun,18:00,Out-of-Sample,2026-03-08T22:08:30.561149,2026-03-08 18:08:30,LONG,105.99999763071537,479.99998927116394,True,,True
223,CL,Sun,18:00,Out-of-Sample,2026-03-08T22:08:30.561149,2026-03-08 18:08:30,LONG,105.99999763071537,1009.9999774247408,True,,True
223,CL,Sun,18:00,Out-of-Sample,2026-03-08T22:08:30.561149,2026-03-08 18:08:30,LONG,105.99999763071537,909.999979659915,True,,True
223,CL,Sun,18:00,Out-of-Sample,2026-03-08T22:08:30.561955,2026-03-08 18:08:30,LONG,105.99999763071537,739.9999834597111,True,,True
223,CL,Sun,18:00,Out-of-Sample,2026-03-08T22:08:30.561955,2026-03-08 18:08:30,LONG,105.99999763071537,1339.999970048666,True,,True
223,CL,Sun,18:00,Out-of-Sample,2026-03-08T22:08:46.596623,2026-03-08 18:08:46,SHORT,107.08999760635197,149.99999664723873,True,,True
223,CL,Sun,18:00,Out-of-Sample,2026-03-08T22:08:46.596623,2026-03-08 18:08:46,SHORT,107.08999760635197,299.99999329447746,True,,True
223,CL,Sun,18:00,Out-of-Sample,2026-03-08T22:08:46.596623,2026-03-08 18:08:46,SHORT,107.08999760635197,269.9999939650297,True,,True
223,CL,Sun,18:00,Out-of-Sample,2026-03-08T22:08:46.925619,2026-03-08 18:08:46,LONG,107.37999759986997,-1439.9999678134918,True,,True
223,CL,Sun,18:00,Out-of-Sample,2026-03-08T22:08:48.843373,2026-03-08 18:08:48,SHORT,106.69999761506915,-719.9999839067459,True,,True
223,CL,Sun,18:00,Out-of-Sample,2026-03-08T22:08:50.653237,2026-03-08 18:08:50,SHORT,106.63999761641026,-999.9999776482582,True,,True
223,CL,Sun,18:00,Out-of-Sample,2026-03-08T22:08:50.653499,2026-03-08 18:08:50,SHORT,106.63999761641026,-719.9999839067459,True,,True
223,CL,Sun,18:00,Out-of-Sample,2026-03-08T22:09:14.441215,2026-03-08 18:09:14,LONG,107.54999759607017,199.99999552965164,True,,True
223,CL,Sun,18:00,Out-of-Sample,2026-03-08T22:09:14.441215,2026-03-08 18:09:14,LONG,107.54999759607017,599.9999865889549,True,,True
223,CL,Sun,18:00,Out-of-Sample,2026-03-08T22:09:14.441215,2026-03-08 18:09:14,LONG,107.54999759607017,1259.9999718368053,True,,True
223,CL,Sun,18:00,Out-of-Sample,2026-03-08T22:09:23.313054,2026-03-08 18:09:23,LONG,108.35999757796526,269.9999939650297,True,,True
223,CL,Sun,18:00,Out-of-Sample,2026-03-08T22:09:23.313054,2026-03-08 18:09:23,LONG,108.35999757796526,599.9999865889549,True,,True
223,CL,Sun,18:00,Out-of-Sample,2026-03-08T22:09:23.313054,2026-03-08 18:09:23,LONG,108.35999757796526,1999.9999552965164,True,,True
223,CL,Sun,18:00,Out-of-Sample,2026-03-08T22:09:27.449971,2026-03-08 18:09:27,SHORT,109.00999756343663,-509.9999886006117,True,,True
223,CL,Sun,18:00,Out-of-Sample,2026-03-08T22:09:27.504927,2026-03-08 18:09:27,SHORT,109.00999756343663,-509.9999886006117,True,,True
223,CL,Sun,18:00,Out-of-Sample,2026-03-08T22:09:28.205132,2026-03-08 18:09:28,LONG,108.85999756678939,309.99999307096004,True,,True
223,CL,Sun,18:00,Out-of-Sample,2026-03-08T22:09:30.750352,2026-03-08 18:09:30,SHORT,109.31999755650759,-449.9999899417162,True,,True
223,CL,Sun,18:00,Out-of-Sample,2026-03-08T22:09:30.839755,2026-03-08 18:09:30,LONG,109.50999755226076,119.99999731779099,True,,True
223,CL,Sun,18:00,Out-of-Sample,2026-03-08T22:09:30.839755,2026-03-08 18:09:30,LONG,109.50999755226076,199.99999552965164,True,,True
223,CL,Sun,18:00,Out-of-Sample,2026-03-08T22:09:30.839755,2026-03-08 18:09:30,LONG,109.50999755226076,449.9999899417162,True,,True
223,CL,Sun,18:00,Out-of-Sample,2026-03-08T22:09:30.840010,2026-03-08 18:09:30,LONG,109.50999755226076,199.99999552965164,True,,True
223,CL,Sun,18:00,Out-of-Sample,2026-03-08T22:09:30.840010,2026-03-08 18:09:30,LONG,109.50999755226076,119.99999731779099,True,,True
223,CL,Sun,18:00,Out-of-Sample,2026-03-08T22:09:30.840010,2026-03-08 18:09:30,LONG,109.50999755226076,449.9999899417162,True,,True
223,CL,Sun,18:00,Out-of-Sample,2026-03-08T22:09:30.840204,2026-03-08 18:09:30,LONG,109.50999755226076,119.99999731779099,True,,True
223,CL,Sun,18:00,Out-of-Sample,2026-03-08T22:09:30.840204,2026-03-08 18:09:30,LONG,109.50999755226076,199.99999552965164,True,,True
223,CL,Sun,18:00,Out-of-Sample,2026-03-08T22:09:30.840204,2026-03-08 18:09:30,LONG,109.50999755226076,449.9999899417162,True,,True
223,CL,Sun,18:00,Out-of-Sample,2026-03-08T22:09:31.045503,2026-03-08 18:09:31,SHORT,109.3099975567311,-1469.9999671429396,True,,True
223,CL,Sun,18:00,Out-of-Sample,2026-03-08T22:09:32.156160,2026-03-08 18:09:32,LONG,109.77999754622579,8039.999820291996,True,,True
223,CL,Sun,18:00,Out-of-Sample,2026-03-08T22:09:33.973327,2026-03-08 18:09:33,LONG,109.92999754287302,1169.999973848462,True,,True
223,CL,Sun,18:00,Out-of-Sample,2026-03-08T22:09:33.973327,2026-03-08 18:09:33,LONG,109.92999754287302,429.99999038875103,True,,True
223,CL,Sun,18:00,Out-of-Sample,2026-03-08T22:09:48.547541,2026-03-08 18:09:48,LONG,111.19999751448631,-5309.999881312251,True,,True
223,CL,Sun,18:00,Out-of-Sample,2026-03-08T22:09:51.402604,2026-03-08 18:09:51,SHORT,110.82999752275646,249.99999441206455,True,,True
223,CL,Sun,18:00,Out-of-Sample,2026-03-08T22:09:51.402604,2026-03-08 18:09:51,SHORT,110.82999752275646,639.9999856948853,True,,True
223,CL,Sun,18:00,Out-of-Sample,2026-03-08T22:09:51.402604,2026-03-08 18:09:51,SHORT,110.82999752275646,1129.9999747425318,True,,True
223,CL,Sun,18:00,Out-of-Sample,2026-03-08T22:09:51.689868,2026-03-08 18:09:51,SHORT,110.20999753661454,199.99999552965164,True,,True
223,CL,Sun,18:00,Out-of-Sample,2026-03-08T22:09:51.689868,2026-03-08 18:09:51,SHORT,110.20999753661454,469.99998949468136,True,,True
223,CL,Sun,18:00,Out-of-Sample,2026-03-08T22:09:51.689868,2026-03-08 18:09:51,SHORT,110.20999753661454,2089.9999532848597,True,,True
223,CL,Sun,18:00,Out-of-Sample,2026-03-08T22:09:51.780608,2026-03-08 18:09:51,SHORT,110.35999753326178,-99.99999776482582,True,,True
223,CL,Sun,18:00,Out-of-Sample,2026-03-08T22:09:51.908073,2026-03-08 18:09:51,SHORT,110.14999753795564,-1079.9999758601189,True,,True
223,CL,Sun,18:00,Out-of-Sample,2026-03-08T22:09:51.908838,2026-03-08 18:09:51,SHORT,110.14999753795564,-1079.9999758601189,True,,True
223,CL,Sun,18:00,Out-of-Sample,2026-03-08T22:10:02.483287,2026-03-08 18:10:02,LONG,109.8899975437671,-1589.9999644607306,True,,True
223,CL,Sun,18:00,Out-of-Sample,2026-03-08T22:10:17.508919,2026-03-08 18:10:17,SHORT,108.24999758042395,209.99999530613422,True,,True
223,CL,Sun,18:00,Out-of-Sample,2026-03-08T22:10:17.508919,2026-03-08 18:10:17,SHORT,108.24999758042395,399.9999910593033,True,,True
223,CL,Sun,18:00,Out-of-Sample,2026-03-08T22:10:17.508919,2026-03-08 18:10:17,SHORT,108.24999758042395,629.9999859184027,True,,True
223,CL,Sun,18:00,Out-of-Sample,2026-03-08T22:10:22.819025,2026-03-08 18:10:22,SHORT,107.8199975900352,119.99999731779099,True,,True
223,CL,Sun,18:00,Out-of-Sample,2026-03-08T22:10:22.819025,2026-03-08 18:10:22,SHORT,107.8199975900352,199.99999552965164,True,,True
223,CL,Sun,18:00,Out-of-Sample,2026-03-08T22:10:22.819025,2026-03-08 18:10:22,SHORT,107.8199975900352,449.9999899417162,True,,True
223,CL,Sun,18:00,Out-of-Sample,2026-03-08T22:10:23.199881,2026-03-08 18:10:23,SHORT,107.80999759025872,99.99999776482582,True,,True
223,CL,Sun,18:00,Out-of-Sample,2026-03-08T22:10:23.199881,2026-03-08 18:10:23,SHORT,107.80999759025872,239.99999463558197,True,,True
223,CL,Sun,18:00,Out-of-Sample,2026-03-08T22:10:23.199881,2026-03-08 18:10:23,SHORT,107.80999759025872,449.9999899417162,True,,True
223,CL,Sun,18:00,Out-of-Sample,2026-03-08T22:10:23.348942,2026-03-08 18:10:23,SHORT,107.79999759048223,99.99999776482582,True,,True
223,CL,Sun,18:00,Out-of-Sample,2026-03-08T22:10:23.348942,2026-03-08 18:10:23,SHORT,107.79999759048223,229.9999948590994,True,,True
223,CL,Sun,18:00,Out-of-Sample,2026-03-08T22:10:23.348942,2026-03-08 18:10:23,SHORT,107.79999759048223,479.99998927116394,True,,True
223,CL,Sun,18:00,Out-of-Sample,2026-03-08T22:10:54.428009,2026-03-08 18:10:54,LONG,109.95999754220247,119.99999731779099,True,,True
223,CL,Sun,18:00,Out-of-Sample,2026-03-08T22:10:54.428009,2026-03-08 18:10:54,LONG,109.95999754220247,199.99999552965164,True,,True
223,CL,Sun,18:00,Out-of-Sample,2026-03-08T22:10:54.428009,2026-03-08 18:10:54,LONG,109.95999754220247,449.9999899417162,True,,True
223,CL,Sun,18:00,Out-of-Sample,2026-03-08T22:10:55.451481,2026-03-08 18:10:55,LONG,110.38999753259122,99.99999776482582,True,,True
223,CL,Sun,18:00,Out-of-Sample,2026-03-08T22:10:55.451481,2026-03-08 18:10:55,LONG,110.38999753259122,199.99999552965164,True,,True
223,CL,Sun,18:00,Out-of-Sample,2026-03-08T22:10:55.451481,2026-03-08 18:10:55,LONG,110.38999753259122,449.9999899417162,True,,True
223,CL,Sun,18:00,Out-of-Sample,2026-03-08T22:10:55.451678,2026-03-08 18:10:55,LONG,110.38999753259122,99.99999776482582,True,,True
223,CL,Sun,18:00,Out-of-Sample,2026-03-08T22:10:55.451678,2026-03-08 18:10:55,LONG,110.38999753259122,199.99999552965164,True,,True
223,CL,Sun,18:00,Out-of-Sample,2026-03-08T22:10:55.451678,2026-03-08 18:10:55,LONG,110.38999753259122,449.9999899417162,True,,True
223,CL,Sun,18:00,Out-of-Sample,2026-03-08T22:11:00.551834,2026-03-08 18:11:00,LONG,110.50999752990901,199.99999552965164,True,,True
223,CL,Sun,18:00,Out-of-Sample,2026-03-08T22:11:00.551834,2026-03-08 18:11:00,LONG,110.50999752990901,-759.9999830126762,True,,True
223,CL,Sun,18:00,Out-of-Sample,2026-03-08T22:11:00.650726,2026-03-08 18:11:00,LONG,110.50999752990901,299.99999329447746,True,,True
223,CL,Sun,18:00,Out-of-Sample,2026-03-08T22:11:00.650726,2026-03-08 18:11:00,LONG,110.50999752990901,19.999999552965164,True,,True
223,CL,Sun,18:00,Out-of-Sample,2026-03-08T22:11:00.651038,2026-03-08 18:11:00,LONG,110.50999752990901,149.99999664723873,True,,True
223,CL,Sun,18:00,Out-of-Sample,2026-03-08T22:11:00.651038,2026-03-08 18:11:00,LONG,110.50999752990901,299.99999329447746,True,,True
223,CL,Sun,18:00,Out-of-Sample,2026-03-08T22:11:00.651038,2026-03-08 18:11:00,LONG,110.50999752990901,189.99999575316906,True,,True
223,CL,Sun,18:00,Out-of-Sample,2026-03-08T22:11:08.390674,2026-03-08 18:11:08,SHORT,110.12999753840268,519.9999883770943,True,,True
223,CL,Sun,18:00,Out-of-Sample,2026-03-08T22:11:08.615847,2026-03-08 18:11:08,SHORT,110.09999753907323,779.9999825656414,True,,True
223,CL,Sun,18:00,Out-of-Sample,2026-03-08T22:11:24.525352,2026-03-08 18:11:24,SHORT,109.00999756343663,299.99999329447746,True,,True
223,CL,Sun,18:00,Out-of-Sample,2026-03-08T22:11:24.525352,2026-03-08 18:11:24,SHORT,109.00999756343663,699.9999843537807,True,,True
223,CL,Sun,18:00,Out-of-Sample,2026-03-08T22:11:24.525352,2026-03-08 18:11:24,SHORT,109.00999756343663,1019.9999772012234,True,,True
223,CL,Sun,18:00,Out-of-Sample,2026-03-08T22:11:24.525596,2026-03-08 18:11:24,SHORT,109.00999756343663,169.9999962002039,True,,True
223,CL,Sun,18:00,Out-of-Sample,2026-03-08T22:11:24.525596,2026-03-08 18:11:24,SHORT,109.00999756343663,299.99999329447746,True,,True
223,CL,Sun,18:00,Out-of-Sample,2026-03-08T22:11:24.525596,2026-03-08 18:11:24,SHORT,109.00999756343663,669.999985024333,True,,True
223,CL,Sun,18:00,Out-of-Sample,2026-03-08T22:11:24.967967,2026-03-08 18:11:24,SHORT,108.74999756924808,789.999982342124,True,,True
223,CL,Sun,18:00,Out-of-Sample,2026-03-08T22:11:24.967967,2026-03-08 18:11:24,SHORT,108.74999756924808,789.999982342124,True,,True
223,CL,Sun,18:00,Out-of-Sample,2026-03-08T22:11:24.967967,2026-03-08 18:11:24,SHORT,108.74999756924808,789.999982342124,True,,True
223,CL,Sun,18:00,Out-of-Sample,2026-03-08T22:11:25.134856,2026-03-08 18:11:25,SHORT,108.65999757125974,709.9999841302633,True,,True
223,CL,Sun,18:00,Out-of-Sample,2026-03-08T22:11:25.134856,2026-03-08 18:11:25,SHORT,108.65999757125974,709.9999841302633,True,,True
223,CL,Sun,18:00,Out-of-Sample,2026-03-08T22:11:25.134856,2026-03-08 18:11:25,SHORT,108.65999757125974,-459.9999897181988,True,,True
223,CL,Sun,18:00,Out-of-Sample,2026-03-08T22:11:36.844886,2026-03-08 18:11:36,SHORT,107.80999759025872,-629.9999859184027,True,,True
223,CL,Sun,18:00,Out-of-Sample,2026-03-08T22:11:36.987546,2026-03-08 18:11:36,SHORT,107.80999759025872,-5279.999881982803,True,,True
223,CL,Sun,18:00,Out-of-Sample,2026-03-08T22:11:36.987797,2026-03-08 18:11:36,SHORT,107.80999759025872,-299.99999329447746,True,,True
223,CL,Sun,18:00,Out-of-Sample,2026-03-08T22:11:36.987910,2026-03-08 18:11:36,SHORT,107.8199975900352,-1559.9999651312828,True,,True
223,CL,Sun,18:00,Out-of-Sample,2026-03-08T22:11:37.094684,2026-03-08 18:11:37,SHORT,107.8199975900352,-559.9999874830246,True,,True
223,CL,Sun,18:00,Out-of-Sample,2026-03-08T22:11:41.284027,2026-03-08 18:11:41,LONG,108.49999757483602,439.9999901652336,True,,True
223,CL,Sun,18:00,Out-of-Sample,2026-03-08T22:11:41.457340,2026-03-08 18:11:41,LONG,108.46999757550657,469.99998949468136,True,,True
223,CL,Sun,18:00,Out-of-Sample,2026-03-08T22:11:41.457340,2026-03-08 18:11:41,LONG,108.46999757550657,729.9999836832285,True,,True
223,CL,Sun,18:00,Out-of-Sample,2026-03-08T22:11:41.457340,2026-03-08 18:11:41,LONG,108.46999757550657,579.9999870359898,True,,True
223,CL,Sun,18:00,Out-of-Sample,2026-03-08T22:11:41.457500,2026-03-08 18:11:41,LONG,108.46999757550657,469.99998949468136,True,,True
223,CL,Sun,18:00,Out-of-Sample,2026-03-08T22:11:41.457572,2026-03-08 18:11:41,LONG,108.46999757550657,469.99998949468136,True,,True
223,CL,Sun,18:00,Out-of-Sample,2026-03-08T22:11:41.457572,2026-03-08 18:11:41,LONG,108.46999757550657,579.9999870359898,True,,True
223,CL,Sun,18:00,Out-of-Sample,2026-03-08T22:11:41.457572,2026-03-08 18:11:41,LONG,108.46999757550657,259.99999418854713,True,,True
223,CL,Sun,18:00,Out-of-Sample,2026-03-08T22:11:43.217688,2026-03-08 18:11:43,LONG,109.11999756097794,-179.99999597668648,True,,True
223,CL,Sun,18:00,Out-of-Sample,2026-03-08T22:11:43.217688,2026-03-08 18:11:43,LONG,109.11999756097794,-179.99999597668648,True,,True
223,CL,Sun,18:00,Out-of-Sample,2026-03-08T22:11:59.036968,2026-03-08 18:11:59,LONG,109.11999756097794,-1169.999973848462,True,,True
223,CL,Sun,18:00,Out-of-Sample,2026-03-08T22:12:22.960362,2026-03-08 18:12:22,SHORT,108.38999757729471,399.9999910593033,True,,True
223,CL,Sun,18:00,Out-of-Sample,2026-03-08T22:12:22.961995,2026-03-08 18:12:22,SHORT,108.38999757729471,-299.99999329447746,True,,True
223,CL,Sun,18:00,Out-of-Sample,2026-03-08T22:12:40.933173,2026-03-08 18:12:40,LONG,108.34999757818878,199.99999552965164,True,,True
223,CL,Sun,18:00,Out-of-Sample,2026-03-08T22:12:40.933173,2026-03-08 18:12:40,LONG,108.34999757818878,599.9999865889549,True,,True
223,CL,Sun,18:00,Out-of-Sample,2026-03-08T22:12:40.933173,2026-03-08 18:12:40,LONG,108.34999757818878,439.9999901652336,True,,True
223,CL,Sun,18:00,Out-of-Sample,2026-03-08T22:12:43.342940,2026-03-08 18:12:43,LONG,108.69999757036567,99.99999776482582,True,,True
223,CL,Sun,18:00,Out-of-Sample,2026-03-08T22:12:43.342940,2026-03-08 18:12:43,LONG,108.69999757036567,239.99999463558197,True,,True
223,CL,Sun,18:00,Out-of-Sample,2026-03-08T22:12:43.342940,2026-03-08 18:12:43,LONG,108.69999757036567,449.9999899417162,True,,True
223,CL,Sun,18:00,Out-of-Sample,2026-03-08T22:12:43.444913,2026-03-08 18:12:43,LONG,108.69999757036567,99.99999776482582,True,,True
223,CL,Sun,18:00,Out-of-Sample,2026-03-08T22:12:43.444913,2026-03-08 18:12:43,LONG,108.69999757036567,239.99999463558197,True,,True
223,CL,Sun,18:00,Out-of-Sample,2026-03-08T22:12:43.444913,2026-03-08 18:12:43,LONG,108.69999757036567,449.9999899417162,True,,True
223,CL,Sun,18:00,Out-of-Sample,2026-03-08T22:12:49.421662,2026-03-08 18:12:49,LONG,109.11999756097794,-659.9999852478504,True,,True
223,CL,Sun,18:00,Out-of-Sample,2026-03-08T22:13:09.458915,2026-03-08 18:13:09,LONG,109.09999756142497,-989.9999778717756,True,,True
223,CL,Sun,18:00,Out-of-Sample,2026-03-08T22:13:09.559950,2026-03-08 18:13:09,LONG,109.09999756142497,-989.9999778717756,True,,True
223,CL,Sun,18:00,Out-of-Sample,2026-03-08T22:13:36.986909,2026-03-08 18:13:36,SHORT,108.43999757617712,-99.99999776482582,True,,True
223,CL,Sun,18:00,Out-of-Sample,2026-03-08T22:13:36.987169,2026-03-08 18:13:36,SHORT,108.43999757617712,299.99999329447746,True,,True
223,CL,Sun,18:00,Out-of-Sample,2026-03-08T22:13:36.987169,2026-03-08 18:13:36,SHORT,108.43999757617712,-99.99999776482582,True,,True
223,CL,Sun,18:00,Out-of-Sample,2026-03-08T22:13:37.092665,2026-03-08 18:13:37,SHORT,108.43999757617712,159.9999964237213,True,,True
223,CL,Sun,18:00,Out-of-Sample,2026-03-08T22:13:37.092665,2026-03-08 18:13:37,SHORT,108.43999757617712,299.99999329447746,True,,True
223,CL,Sun,18:00,Out-of-Sample,2026-03-08T22:13:37.092665,2026-03-08 18:13:37,SHORT,108.43999757617712,199.99999552965164,True,,True
223,CL,Sun,18:00,Out-of-Sample,2026-03-08T22:13:58.908648,2026-03-08 18:13:58,LONG,109.1399975605309,-659.9999852478504,True,,True
223,CL,Sun,18:00,Out-of-Sample,2026-03-08T22:13:59.760237,2026-03-08 18:13:59,LONG,109.26999755762517,-1229.9999725073576,True,,True
223,CL,Sun,18:00,Out-of-Sample,2026-03-08T22:13:59.884776,2026-03-08 18:13:59,LONG,109.26999755762517,99.99999776482582,True,,True
223,CL,Sun,18:00,Out-of-Sample,2026-03-08T22:13:59.884776,2026-03-08 18:13:59,LONG,109.26999755762517,-819.9999816715717,True,,True
223,CL,Sun,18:00,Out-of-Sample,2026-03-08T22:13:59.884917,2026-03-08 18:13:59,LONG,109.26999755762517,99.99999776482582,True,,True
223,CL,Sun,18:00,Out-of-Sample,2026-03-08T22:13:59.884917,2026-03-08 18:13:59,LONG,109.26999755762517,-819.9999816715717,True,,True
223,CL,Sun,18:00,Out-of-Sample,2026-03-08T22:14:14.841146,2026-03-08 18:14:14,SHORT,109.06999756209552,-809.9999818950891,True,,True
223,CL,Sun,18:00,Out-of-Sample,2026-03-08T22:14:16.516377,2026-03-08 18:14:16,SHORT,108.85999756678939,-239.99999463558197,True,,True
223,CL,Sun,18:00,Out-of-Sample,2026-03-08T22:14:16.595164,2026-03-08 18:14:16,SHORT,108.85999756678939,-239.99999463558197,True,,True
223,CL,Sun,18:00,Out-of-Sample,2026-03-08T22:14:16.874156,2026-03-08 18:14:16,SHORT,108.86999756656587,-1109.9999751895666,True,,True
223,CL,Sun,18:00,Out-of-Sample,2026-03-08T22:14:16.874525,2026-03-08 18:14:16,SHORT,108.86999756656587,-1109.9999751895666,True,,True
223,CL,Sun,18:00,Out-of-Sample,2026-03-08T22:14:17.184904,2026-03-08 18:14:17,SHORT,108.97999756410718,-619.9999861419201,True,,True
223,CL,Sun,18:00,Out-of-Sample,2026-03-08T22:14:26.351195,2026-03-08 18:14:26,LONG,109.34999755583704,339.9999924004078,True,,True
223,CL,Sun,18:00,Out-of-Sample,2026-03-08T22:14:26.351195,2026-03-08 18:14:26,LONG,109.34999755583704,39.99999910593033,True,,True
223,CL,Sun,18:00,Out-of-Sample,2026-03-08T22:14:26.351549,2026-03-08 18:14:26,LONG,109.34999755583704,149.99999664723873,True,,True
223,CL,Sun,18:00,Out-of-Sample,2026-03-08T22:14:26.351549,2026-03-08 18:14:26,LONG,109.34999755583704,339.9999924004078,True,,True
223,CL,Sun,18:00,Out-of-Sample,2026-03-08T22:14:26.351549,2026-03-08 18:14:26,LONG,109.34999755583704,339.9999924004078,True,,True
223,CL,Sun,18:00,Out-of-Sample,2026-03-08T22:14:26.528442,2026-03-08 18:14:26,LONG,109.34999755583704,199.99999552965164,True,,True
223,CL,Sun,18:00,Out-of-Sample,2026-03-08T22:14:26.528442,2026-03-08 18:14:26,LONG,109.34999755583704,399.9999910593033,True,,True
223,CL,Sun,18:00,Out-of-Sample,2026-03-08T22:14:26.528442,2026-03-08 18:14:26,LONG,109.34999755583704,459.9999897181988,True,,True
223,CL,Sun,18:00,Out-of-Sample,2026-03-08T22:14:27.483021,2026-03-08 18:14:27,LONG,109.45999755337834,2759.9999383091927,True,,True
223,CL,Sun,18:00,Out-of-Sample,2026-03-08T22:14:27.483163,2026-03-08 18:14:27,LONG,109.5399975515902,149.99999664723873,True,,True
223,CL,Sun,18:00,Out-of-Sample,2026-03-08T22:14:27.483163,2026-03-08 18:14:27,LONG,109.5399975515902,199.99999552965164,True,,True
223,CL,Sun,18:00,Out-of-Sample,2026-03-08T22:14:27.483163,2026-03-08 18:14:27,LONG,109.5399975515902,-169.9999962002039,True,,True
223,CL,Sun,18:00,Out-of-Sample,2026-03-08T22:14:40.701086,2026-03-08 18:14:40,SHORT,109.63999754935503,199.99999552965164,True,,True
223,CL,Sun,18:00,Out-of-Sample,2026-03-08T22:14:40.701086,2026-03-08 18:14:40,SHORT,109.63999754935503,599.9999865889549,True,,True
223,CL,Sun,18:00,Out-of-Sample,2026-03-08T22:14:40.701086,2026-03-08 18:14:40,SHORT,109.63999754935503,399.9999910593033,True,,True
223,CL,Sun,18:00,Out-of-Sample,2026-03-08T22:14:47.658839,2026-03-08 18:14:47,SHORT,109.36999755539,-79.99999821186066,True,,True
223,CL,Sun,18:00,Out-of-Sample,2026-03-08T22:15:05.709822,2026-03-08 18:15:05,LONG,109.48999755270779,-809.9999818950891,True,,True
223,CL,Sun,18:00,Out-of-Sample,2026-03-08T22:15:05.710182,2026-03-08 18:15:05,LONG,109.48999755270779,-809.9999818950891,True,,True
223,CL,Sun,18:00,Out-of-Sample,2026-03-08T22:15:13.894281,2026-03-08 18:15:13,SHORT,109.15999756008387,199.99999552965164,True,,True
223,CL,Sun,18:00,Out-of-Sample,2026-03-08T22:15:13.894281,2026-03-08 18:15:13,SHORT,109.15999756008387,-819.9999816715717,True,,True
223,CL,Sun,18:00,Out-of-Sample,2026-03-08T22:15:32.725698,2026-03-08 18:15:32,SHORT,108.91999756544828,-1949.9999564141035,True,,True
223,CL,Sun,18:00,Out-of-Sample,2026-03-08T22:15:32.725944,2026-03-08 18:15:32,SHORT,108.91999756544828,-559.9999874830246,True,,True
223,CL,Sun,18:00,Out-of-Sample,2026-03-08T22:15:58.618291,2026-03-08 18:15:58,LONG,109.41999755427241,-1019.9999772012234,True,,True
223,CL,Sun,18:00,Out-of-Sample,2026-03-08T22:16:01.962181,2026-03-08 18:16:01,SHORT,108.86999756656587,-329.9999926239252,True,,True
223,CL,Sun,18:00,Out-of-Sample,2026-03-08T22:16:01.992773,2026-03-08 18:16:01,SHORT,108.86999756656587,-329.9999926239252,True,,True
223,CL,Sun,18:00,Out-of-Sample,2026-03-08T22:16:04.937471,2026-03-08 18:16:04,LONG,108.85999756678939,-599.9999865889549,True,,True
223,CL,Sun,18:00,Out-of-Sample,2026-03-08T22:16:12.058809,2026-03-08 18:16:12,LONG,109.15999756008387,-1229.9999725073576,True,,True
223,CL,Sun,18:00,Out-of-Sample,2026-03-08T22:16:16.932750,2026-03-08 18:16:16,SHORT,108.59999757260084,199.99999552965164,True,,True
223,CL,Sun,18:00,Out-of-Sample,2026-03-08T22:16:16.932750,2026-03-08 18:16:16,SHORT,108.59999757260084,399.9999910593033,True,,True
223,CL,Sun,18:00,Out-of-Sample,2026-03-08T22:16:16.932750,2026-03-08 18:16:16,SHORT,108.59999757260084,569.9999872595072,True,,True
223,CL,Sun,18:00,Out-of-Sample,2026-03-08T22:16:22.155933,2026-03-08 18:16:22,SHORT,108.60999757237732,759.9999830126762,True,,True
223,CL,Sun,18:00,Out-of-Sample,2026-03-08T22:16:22.155933,2026-03-08 18:16:22,SHORT,108.60999757237732,1649.999963119626,True,,True
223,CL,Sun,18:00,Out-of-Sample,2026-03-08T22:16:22.278517,2026-03-08 18:16:22,SHORT,108.64999757148325,-89.99999798834324,True,,True
223,CL,Sun,18:00,Out-of-Sample,2026-03-08T22:16:22.278834,2026-03-08 18:16:22,SHORT,108.64999757148325,-89.99999798834324,True,,True
223,CL,Sun,18:00,Out-of-Sample,2026-03-08T22:16:22.279027,2026-03-08 18:16:22,SHORT,108.64999757148325,759.9999830126762,True,,True
223,CL,Sun,18:00,Out-of-Sample,2026-03-08T22:16:22.279027,2026-03-08 18:16:22,SHORT,108.64999757148325,1519.9999660253525,True,,True
223,CL,Sun,18:00,Out-of-Sample,2026-03-08T22:16:22.279027,2026-03-08 18:16:22,SHORT,108.64999757148325,1689.9999622255564,True,,True
223,CL,Sun,18:00,Out-of-Sample,2026-03-08T22:16:22.279252,2026-03-08 18:16:22,SHORT,108.64999757148325,759.9999830126762,True,,True
223,CL,Sun,18:00,Out-of-Sample,2026-03-08T22:16:22.279252,2026-03-08 18:16:22,SHORT,108.64999757148325,1239.9999722838402,True,,True
223,CL,Sun,18:00,Out-of-Sample,2026-03-08T22:16:48.821465,2026-03-08 18:16:48,SHORT,107.88999758847058,199.99999552965164,True,,True
223,CL,Sun,18:00,Out-of-Sample,2026-03-08T22:16:48.821465,2026-03-08 18:16:48,SHORT,107.88999758847058,599.9999865889549,True,,True
223,CL,Sun,18:00,Out-of-Sample,2026-03-08T22:16:48.821465,2026-03-08 18:16:48,SHORT,107.88999758847058,719.9999839067459,True,,True
223,CL,Sun,18:00,Out-of-Sample,2026-03-08T22:16:55.086441,2026-03-08 18:16:55,LONG,108.08999758400023,-269.9999939650297,True,,True
223,CL,Sun,18:00,Out-of-Sample,2026-03-08T22:16:55.154862,2026-03-08 18:16:55,LONG,108.08999758400023,-779.9999825656414,True,,True
223,CL,Sun,18:00,Out-of-Sample,2026-03-08T22:16:58.365813,2026-03-08 18:16:58,SHORT,107.7599975913763,99.99999776482582,True,,True
223,CL,Sun,18:00,Out-of-Sample,2026-03-08T22:16:58.365813,2026-03-08 18:16:58,SHORT,107.7599975913763,199.99999552965164,True,,True
223,CL,Sun,18:00,Out-of-Sample,2026-03-08T22:16:58.365813,2026-03-08 18:16:58,SHORT,107.7599975913763,449.9999899417162,True,,True
223,CL,Sun,18:00,Out-of-Sample,2026-03-08T22:16:58.365998,2026-03-08 18:16:58,SHORT,107.7599975913763,99.99999776482582,True,,True
223,CL,Sun,18:00,Out-of-Sample,2026-03-08T22:16:58.365998,2026-03-08 18:16:58,SHORT,107.7599975913763,199.99999552965164,True,,True
223,CL,Sun,18:00,Out-of-Sample,2026-03-08T22:16:58.365998,2026-03-08 18:16:58,SHORT,107.7599975913763,449.9999899417162,True,,True
223,CL,Sun,18:00,Out-of-Sample,2026-03-08T22:16:59.131844,2026-03-08 18:16:59,SHORT,107.61999759450555,299.99999329447746,True,,True
223,CL,Sun,18:00,Out-of-Sample,2026-03-08T22:16:59.131844,2026-03-08 18:16:59,SHORT,107.61999759450555,699.9999843537807,True,,True
223,CL,Sun,18:00,Out-of-Sample,2026-03-08T22:16:59.131844,2026-03-08 18:16:59,SHORT,107.61999759450555,819.9999816715717,True,,True
223,CL,Sun,18:00,Out-of-Sample,2026-03-08T22:16:59.132444,2026-03-08 18:16:59,SHORT,107.61999759450555,149.99999664723873,True,,True
223,CL,Sun,18:00,Out-of-Sample,2026-03-08T22:16:59.132444,2026-03-08 18:16:59,SHORT,107.61999759450555,299.99999329447746,True,,True
223,CL,Sun,18:00,Out-of-Sample,2026-03-08T22:16:59.132444,2026-03-08 18:16:59,SHORT,107.61999759450555,749.9999832361937,True,,True
223,CL,Sun,18:00,Out-of-Sample,2026-03-08T22:16:59.921742,2026-03-08 18:16:59,SHORT,107.61999759450555,689.9999845772982,True,,True
223,CL,Sun,18:00,Out-of-Sample,2026-03-08T22:16:59.921742,2026-03-08 18:16:59,SHORT,107.61999759450555,1639.9999633431435,True,,True
223,CL,Sun,18:00,Out-of-Sample,2026-03-08T22:16:59.921964,2026-03-08 18:16:59,SHORT,107.61999759450555,199.99999552965164,True,,True
223,CL,Sun,18:00,Out-of-Sample,2026-03-08T22:16:59.921964,2026-03-08 18:16:59,SHORT,107.61999759450555,399.9999910593033,True,,True
223,CL,Sun,18:00,Out-of-Sample,2026-03-08T22:16:59.921964,2026-03-08 18:16:59,SHORT,107.61999759450555,719.9999839067459,True,,True
223,CL,Sun,18:00,Out-of-Sample,2026-03-08T22:17:09.829871,2026-03-08 18:17:09,SHORT,106.8999976105988,149.99999664723873,True,,True
223,CL,Sun,18:00,Out-of-Sample,2026-03-08T22:17:09.829871,2026-03-08 18:17:09,SHORT,106.8999976105988,199.99999552965164,True,,True
223,CL,Sun,18:00,Out-of-Sample,2026-03-08T22:17:09.829871,2026-03-08 18:17:09,SHORT,106.8999976105988,449.9999899417162,True,,True
223,CL,Sun,18:00,Out-of-Sample,2026-03-08T22:17:15.933182,2026-03-08 18:17:15,SHORT,106.39999762177467,-1109.9999751895666,True,,True
223,CL,Sun,18:00,Out-of-Sample,2026-03-08T22:17:28.272875,2026-03-08 18:17:28,LONG,107.16999760456383,0.0,True,,True
223,CL,Sun,18:00,Out-of-Sample,2026-03-08T22:17:57.364908,2026-03-08 18:17:57,SHORT,107.05999760702252,299.99999329447746,True,,True
223,CL,Sun,18:00,Out-of-Sample,2026-03-08T22:17:57.364908,2026-03-08 18:17:57,SHORT,107.05999760702252,699.9999843537807,True,,True
223,CL,Sun,18:00,Out-of-Sample,2026-03-08T22:17:57.364908,2026-03-08 18:17:57,SHORT,107.05999760702252,489.9999890476465,True,,True
223,CL,Sun,18:00,Out-of-Sample,2026-03-08T22:17:57.365155,2026-03-08 18:17:57,SHORT,107.05999760702252,159.9999964237213,True,,True
223,CL,Sun,18:00,Out-of-Sample,2026-03-08T22:17:57.365155,2026-03-08 18:17:57,SHORT,107.05999760702252,0.0,True,,True
223,CL,Sun,18:00,Out-of-Sample,2026-03-08T22:17:57.365354,2026-03-08 18:17:57,SHORT,107.05999760702252,-419.99999061226845,True,,True
223,CL,Sun,18:00,Out-of-Sample,2026-03-08T22:18:23.467451,2026-03-08 18:18:23,SHORT,106.40999762155116,-739.9999834597111,True,,True
223,CL,Sun,18:00,Out-of-Sample,2026-03-08T22:18:23.559086,2026-03-08 18:18:23,SHORT,106.40999762155116,-539.9999879300594,True,,True
223,CL,Sun,18:00,Out-of-Sample,2026-03-08T22:18:23.559356,2026-03-08 18:18:23,SHORT,106.40999762155116,619.9999861419201,True,,True
223,CL,Sun,18:00,Out-of-Sample,2026-03-08T22:18:23.559356,2026-03-08 18:18:23,SHORT,106.40999762155116,0.0,True,,True
223,CL,Sun,18:00,Out-of-Sample,2026-03-08T22:18:43.059243,2026-03-08 18:18:43,SHORT,106.29999762400985,-719.9999839067459,True,,True
223,CL,Sun,18:00,Out-of-Sample,2026-03-08T22:18:43.451835,2026-03-08 18:18:43,SHORT,106.29999762400985,-1199.9999731779099,True,,True
223,CL,Sun,18:00,Out-of-Sample,2026-03-08T22:18:58.068924,2026-03-08 18:18:58,SHORT,106.31999762356281,589.9999868124723,True,,True
223,CL,Sun,18:00,Out-of-Sample,2026-03-08T22:18:58.068924,2026-03-08 18:18:58,SHORT,106.31999762356281,509.9999886006117,True,,True
223,CL,Sun,18:00,Out-of-Sample,2026-03-08T22:18:58.281067,2026-03-08 18:18:58,SHORT,106.31999762356281,1139.9999745190144,True,,True
223,CL,Sun,18:00,Out-of-Sample,2026-03-08T22:19:18.538967,2026-03-08 18:19:18,SHORT,105.7499976363033,199.99999552965164,True,,True
223,CL,Sun,18:00,Out-of-Sample,2026-03-08T22:19:18.538967,2026-03-08 18:19:18,SHORT,105.7499976363033,-539.9999879300594,True,,True
223,CL,Sun,18:00,Out-of-Sample,2026-03-08T22:19:18.539211,2026-03-08 18:19:18,SHORT,105.7499976363033,-509.9999886006117,True,,True
223,CL,Sun,18:00,Out-of-Sample,2026-03-08T22:19:24.010645,2026-03-08 18:19:24,SHORT,105.71999763697386,389.9999912828207,True,,True
223,CL,Sun,18:00,Out-of-Sample,2026-03-08T22:19:42.510307,2026-03-08 18:19:42,LONG,105.67999763786793,199.99999552965164,True,,True
223,CL,Sun,18:00,Out-of-Sample,2026-03-08T22:19:42.510307,2026-03-08 18:19:42,LONG,105.67999763786793,599.9999865889549,True,,True
223,CL,Sun,18:00,Out-of-Sample,2026-03-08T22:19:42.510307,2026-03-08 18:19:42,LONG,105.67999763786793,429.99999038875103,True,,True
223,CL,Sun,18:00,Out-of-Sample,2026-03-08T22:19:48.998750,2026-03-08 18:19:48,LONG,105.82999763451517,159.9999964237213,True,,True
223,CL,Sun,18:00,Out-of-Sample,2026-03-08T22:19:50.315642,2026-03-08 18:19:50,LONG,105.82999763451517,299.99999329447746,True,,True
223,CL,Sun,18:00,Out-of-Sample,2026-03-08T22:19:50.315642,2026-03-08 18:19:50,LONG,105.82999763451517,59.99999865889549,True,,True
223,CL,Sun,18:00,Out-of-Sample,2026-03-08T22:19:50.315895,2026-03-08 18:19:50,LONG,105.82999763451517,169.9999962002039,True,,True
223,CL,Sun,18:00,Out-of-Sample,2026-03-08T22:19:50.315895,2026-03-08 18:19:50,LONG,105.82999763451517,299.99999329447746,True,,True
223,CL,Sun,18:00,Out-of-Sample,2026-03-08T22:19:50.315895,2026-03-08 18:19:50,LONG,105.82999763451517,269.9999939650297,True,,True
223,CL,Sun,18:00,Out-of-Sample,2026-03-08T22:20:19.885532,2026-03-08 18:20:19,SHORT,105.85999763384461,299.99999329447746,True,,True
223,CL,Sun,18:00,Out-of-Sample,2026-03-08T22:20:19.885532,2026-03-08 18:20:19,SHORT,105.85999763384461,19.999999552965164,True,,True
223,CL,Sun,18:00,Out-of-Sample,2026-03-08T22:20:19.885674,2026-03-08 18:20:19,SHORT,105.85999763384461,149.99999664723873,True,,True
223,CL,Sun,18:00,Out-of-Sample,2026-03-08T22:20:19.885674,2026-03-08 18:20:19,SHORT,105.85999763384461,299.99999329447746,True,,True
223,CL,Sun,18:00,Out-of-Sample,2026-03-08T22:20:19.885674,2026-03-08 18:20:19,SHORT,105.85999763384461,9.999999776482582,True,,True
223,CL,Sun,18:00,Out-of-Sample,2026-03-08T22:20:27.561458,2026-03-08 18:20:27,LONG,105.84999763406813,79.99999821186066,True,,True
223,CL,Sun,18:00,Out-of-Sample,2026-03-08T22:20:27.797664,2026-03-08 18:20:27,LONG,105.8699976336211,59.99999865889549,True,,True
223,CL,Sun,18:00,Out-of-Sample,2026-03-08T22:20:42.833234,2026-03-08 18:20:42,LONG,106.30999762378633,-599.9999865889549,True,,True
223,CL,Sun,18:00,Out-of-Sample,2026-03-08T22:20:42.833387,2026-03-08 18:20:42,LONG,106.30999762378633,-599.9999865889549,True,,True
223,CL,Sun,18:00,Out-of-Sample,2026-03-08T22:20:43.096404,2026-03-08 18:20:43,LONG,106.25999762490392,589.9999868124723,True,,True
223,CL,Sun,18:00,Out-of-Sample,2026-03-08T22:20:43.096404,2026-03-08 18:20:43,LONG,106.25999762490392,619.9999861419201,True,,True
223,CL,Sun,18:00,Out-of-Sample,2026-03-08T22:20:45.038885,2026-03-08 18:20:45,SHORT,105.95999763160944,-119.99999731779099,True,,True
223,CL,Sun,18:00,Out-of-Sample,2026-03-08T22:21:21.446903,2026-03-08 18:21:21,LONG,106.18999762646854,209.99999530613422,True,,True
223,CL,Sun,18:00,Out-of-Sample,2026-03-08T22:21:21.446903,2026-03-08 18:21:21,LONG,106.18999762646854,599.9999865889549,True,,True
223,CL,Sun,18:00,Out-of-Sample,2026-03-08T22:21:21.446903,2026-03-08 18:21:21,LONG,106.18999762646854,859.9999807775021,True,,True
223,CL,Sun,18:00,Out-of-Sample,2026-03-08T22:21:22.371115,2026-03-08 18:21:22,LONG,106.33999762311578,299.99999329447746,True,,True
223,CL,Sun,18:00,Out-of-Sample,2026-03-08T22:21:22.371115,2026-03-08 18:21:22,LONG,106.33999762311578,699.9999843537807,True,,True
223,CL,Sun,18:00,Out-of-Sample,2026-03-08T22:21:22.371115,2026-03-08 18:21:22,LONG,106.33999762311578,699.9999843537807,True,,True
223,CL,Sun,18:00,Out-of-Sample,2026-03-08T22:21:22.371383,2026-03-08 18:21:22,LONG,106.33999762311578,149.99999664723873,True,,True
223,CL,Sun,18:00,Out-of-Sample,2026-03-08T22:21:22.371383,2026-03-08 18:21:22,LONG,106.33999762311578,19.999999552965164,True,,True
223,CL,Sun,18:00,Out-of-Sample,2026-03-08T22:21:30.811071,2026-03-08 18:21:30,LONG,106.60999761708081,99.99999776482582,True,,True
223,CL,Sun,18:00,Out-of-Sample,2026-03-08T22:21:30.811071,2026-03-08 18:21:30,LONG,106.60999761708081,19.999999552965164,True,,True
223,CL,Sun,18:00,Out-of-Sample,2026-03-08T22:22:02.727311,2026-03-08 18:22:02,LONG,107.25999760255218,219.9999950826168,True,,True
223,CL,Sun,18:00,Out-of-Sample,2026-03-08T22:22:02.727311,2026-03-08 18:22:02,LONG,107.25999760255218,399.9999910593033,True,,True
223,CL,Sun,18:00,Out-of-Sample,2026-03-08T22:22:02.727311,2026-03-08 18:22:02,LONG,107.25999760255218,239.99999463558197,True,,True
223,CL,Sun,18:00,Out-of-Sample,2026-03-08T22:22:11.992339,2026-03-08 18:22:11,LONG,107.53999759629369,-39.99999910593033,True,,True
223,CL,Sun,18:00,Out-of-Sample,2026-03-08T22:22:38.120467,2026-03-08 18:22:38,LONG,107.8199975900352,-899.9999798834324,True,,True
223,CL,Sun,18:00,Out-of-Sample,2026-03-08T22:22:38.121586,2026-03-08 18:22:38,LONG,107.8199975900352,149.99999664723873,True,,True
223,CL,Sun,18:00,Out-of-Sample,2026-03-08T22:22:38.121586,2026-03-08 18:22:38,LONG,107.8199975900352,-39.99999910593033,True,,True
223,CL,Sun,18:00,Out-of-Sample,2026-03-08T22:22:51.153671,2026-03-08 18:22:51,SHORT,107.62999759428203,299.99999329447746,True,,True
223,CL,Sun,18:00,Out-of-Sample,2026-03-08T22:22:51.153671,2026-03-08 18:22:51,SHORT,107.62999759428203,19.999999552965164,True,,True
223,CL,Sun,18:00,Out-of-Sample,2026-03-08T22:22:51.611280,2026-03-08 18:22:51,SHORT,107.28999760188162,-389.9999912828207,True,,True
223,CL,Sun,18:00,Out-of-Sample,2026-03-08T22:22:51.611486,2026-03-08 18:22:51,SHORT,107.28999760188162,-719.9999839067459,True,,True
223,CL,Sun,18:00,Out-of-Sample,2026-03-08T22:22:51.611729,2026-03-08 18:22:51,SHORT,107.28999760188162,169.9999962002039,True,,True
223,CL,Sun,18:00,Out-of-Sample,2026-03-08T22:22:51.611729,2026-03-08 18:22:51,SHORT,107.28999760188162,239.99999463558197,True,,True
223,CL,Sun,18:00,Out-of-Sample,2026-03-08T22:22:51.813086,2026-03-08 18:22:51,SHORT,107.2999976016581,-379.9999915063381,True,,True
223,CL,Sun,18:00,Out-of-Sample,2026-03-08T22:23:07.456993,2026-03-08 18:23:07,LONG,107.5299975965172,-89.99999798834324,True,,True
223,CL,Sun,18:00,Out-of-Sample,2026-03-08T22:23:10.323565,2026-03-08 18:23:10,LONG,107.61999759450555,-89.99999798834324,True,,True
223,CL,Sun,18:00,Out-of-Sample,2026-03-08T22:23:15.216613,2026-03-08 18:23:15,LONG,107.72999759204686,509.9999886006117,True,,True
223,CL,Sun,18:00,Out-of-Sample,2026-03-08T22:23:15.216613,2026-03-08 18:23:15,LONG,107.72999759204686,1529.999965801835,True,,True
223,CL,Sun,18:00,Out-of-Sample,2026-03-08T22:23:43.454656,2026-03-08 18:23:43,LONG,108.25999758020043,99.99999776482582,True,,True
223,CL,Sun,18:00,Out-of-Sample,2026-03-08T22:23:43.454656,2026-03-08 18:23:43,LONG,108.25999758020043,199.99999552965164,True,,True
223,CL,Sun,18:00,Out-of-Sample,2026-03-08T22:23:43.454656,2026-03-08 18:23:43,LONG,108.25999758020043,479.99998927116394,True,,True
223,CL,Sun,18:00,Out-of-Sample,2026-03-08T22:23:43.534315,2026-03-08 18:23:43,LONG,108.25999758020043,99.99999776482582,True,,True
223,CL,Sun,18:00,Out-of-Sample,2026-03-08T22:23:43.534315,2026-03-08 18:23:43,LONG,108.25999758020043,199.99999552965164,True,,True
223,CL,Sun,18:00,Out-of-Sample,2026-03-08T22:23:43.534315,2026-03-08 18:23:43,LONG,108.25999758020043,489.9999890476465,True,,True
223,CL,Sun,18:00,Out-of-Sample,2026-03-08T22:23:52.158302,2026-03-08 18:23:52,LONG,108.8499975670129,149.99999664723873,True,,True
223,CL,Sun,18:00,Out-of-Sample,2026-03-08T22:23:52.158302,2026-03-08 18:23:52,LONG,108.8499975670129,299.99999329447746,True,,True
223,CL,Sun,18:00,Out-of-Sample,2026-03-08T22:23:52.158302,2026-03-08 18:23:52,LONG,108.8499975670129,209.99999530613422,True,,True
223,CL,Sun,18:00,Out-of-Sample,2026-03-08T22:23:52.249256,2026-03-08 18:23:52,LONG,108.82999756745994,199.99999552965164,True,,True
223,CL,Sun,18:00,Out-of-Sample,2026-03-08T22:23:52.249256,2026-03-08 18:23:52,LONG,108.82999756745994,229.9999948590994,True,,True
223,CL,Sun,18:00,Out-of-Sample,2026-03-08T22:23:52.249256,2026-03-08 18:23:52,LONG,108.82999756745994,-39.99999910593033,True,,True
223,CL,Sun,18:00,Out-of-Sample,2026-03-08T22:23:52.340930,2026-03-08 18:23:52,LONG,108.83999756723642,339.9999924004078,True,,True
223,CL,Sun,18:00,Out-of-Sample,2026-03-08T22:23:52.340930,2026-03-08 18:23:52,LONG,108.83999756723642,59.99999865889549,True,,True
223,CL,Sun,18:00,Out-of-Sample,2026-03-08T22:23:52.514789,2026-03-08 18:23:52,LONG,108.82999756745994,239.99999463558197,True,,True
223,CL,Sun,18:00,Out-of-Sample,2026-03-08T22:23:52.514789,2026-03-08 18:23:52,LONG,108.82999756745994,249.99999441206455,True,,True
223,CL,Sun,18:00,Out-of-Sample,2026-03-08T22:23:52.514789,2026-03-08 18:23:52,LONG,108.82999756745994,-109.9999975413084,True,,True
223,CL,Sun,18:00,Out-of-Sample,2026-03-08T22:23:52.514972,2026-03-08 18:23:52,LONG,108.82999756745994,129.99999709427357,True,,True
223,CL,Sun,18:00,Out-of-Sample,2026-03-08T22:23:52.514972,2026-03-08 18:23:52,LONG,108.82999756745994,199.99999552965164,True,,True
223,CL,Sun,18:00,Out-of-Sample,2026-03-08T22:23:52.514972,2026-03-08 18:23:52,LONG,108.82999756745994,39.99999910593033,True,,True
223,CL,Sun,18:00,Out-of-Sample,2026-03-08T22:24:07.029329,2026-03-08 18:24:07,SHORT,108.93999756500125,199.99999552965164,True,,True
223,CL,Sun,18:00,Out-of-Sample,2026-03-08T22:24:07.029329,2026-03-08 18:24:07,SHORT,108.93999756500125,399.9999910593033,True,,True
223,CL,Sun,18:00,Out-of-Sample,2026-03-08T22:24:07.029329,2026-03-08 18:24:07,SHORT,108.93999756500125,299.99999329447746,True,,True
223,CL,Sun,18:00,Out-of-Sample,2026-03-08T22:24:07.097696,2026-03-08 18:24:07,SHORT,108.93999756500125,199.99999552965164,True,,True
223,CL,Sun,18:00,Out-of-Sample,2026-03-08T22:24:07.097696,2026-03-08 18:24:07,SHORT,108.93999756500125,599.9999865889549,True,,True
223,CL,Sun,18:00,Out-of-Sample,2026-03-08T22:24:07.097696,2026-03-08 18:24:07,SHORT,108.93999756500125,129.99999709427357,True,,True
223,CL,Sun,18:00,Out-of-Sample,2026-03-08T22:24:07.407852,2026-03-08 18:24:07,SHORT,108.93999756500125,489.9999890476465,True,,True
223,CL,Sun,18:00,Out-of-Sample,2026-03-08T22:24:07.407852,2026-03-08 18:24:07,SHORT,108.93999756500125,219.9999950826168,True,,True
223,CL,Sun,18:00,Out-of-Sample,2026-03-08T22:24:08.474641,2026-03-08 18:24:08,SHORT,108.86999756656587,739.9999834597111,True,,True
223,CL,Sun,18:00,Out-of-Sample,2026-03-08T22:24:08.474941,2026-03-08 18:24:08,SHORT,108.86999756656587,19.999999552965164,True,,True
223,CL,Sun,18:00,Out-of-Sample,2026-03-08T22:24:08.691976,2026-03-08 18:24:08,SHORT,108.71999756991863,589.9999868124723,True,,True
223,CL,Sun,18:00,Out-of-Sample,2026-03-08T22:24:10.368476,2026-03-08 18:24:10,SHORT,108.51999757438898,509.9999886006117,True,,True
223,CL,Sun,18:00,Out-of-Sample,2026-03-08T22:24:10.368754,2026-03-08 18:24:10,SHORT,108.51999757438898,149.99999664723873,True,,True
223,CL,Sun,18:00,Out-of-Sample,2026-03-08T22:24:10.368754,2026-03-08 18:24:10,SHORT,108.51999757438898,-179.99999597668648,True,,True
223,CL,Sun,18:00,Out-of-Sample,2026-03-08T22:24:18.489405,2026-03-08 18:24:18,LONG,108.94999756477773,-449.9999899417162,True,,True
223,CL,Sun,18:00,Out-of-Sample,2026-03-08T22:24:18.489721,2026-03-08 18:24:18,LONG,108.94999756477773,-749.9999832361937,True,,True
223,CL,Sun,18:00,Out-of-Sample,2026-03-08T22:24:35.279800,2026-03-08 18:24:35,SHORT,108.32999757863581,499.9999888241291,True,,True
223,CL,Sun,18:00,Out-of-Sample,2026-03-08T22:24:35.279800,2026-03-08 18:24:35,SHORT,108.32999757863581,269.9999939650297,True,,True
223,CL,Sun,18:00,Out-of-Sample,2026-03-08T22:24:43.201533,2026-03-08 18:24:43,SHORT,107.71999759227037,-839.9999812245369,True,,True
223,CL,Sun,18:00,Out-of-Sample,2026-03-08T22:24:43.201906,2026-03-08 18:24:43,SHORT,107.71999759227037,-839.9999812245369,True,,True
223,CL,Sun,18:00,Out-of-Sample,2026-03-08T22:24:43.202165,2026-03-08 18:24:43,SHORT,107.71999759227037,-1049.9999765306711,True,,True
223,CL,Sun,18:00,Out-of-Sample,2026-03-08T22:24:43.202362,2026-03-08 18:24:43,SHORT,107.71999759227037,-1049.9999765306711,True,,True
223,CL,Sun,18:00,Out-of-Sample,2026-03-08T22:24:43.204030,2026-03-08 18:24:43,SHORT,107.7599975913763,499.9999888241291,True,,True
223,CL,Sun,18:00,Out-of-Sample,2026-03-08T22:24:43.204030,2026-03-08 18:24:43,SHORT,107.7599975913763,989.9999778717756,True,,True
223,CL,Sun,18:00,Out-of-Sample,2026-03-08T22:24:43.204030,2026-03-08 18:24:43,SHORT,107.7599975913763,1169.999973848462,True,,True
223,CL,Sun,18:00,Out-of-Sample,2026-03-08T22:24:43.204413,2026-03-08 18:24:43,SHORT,107.7599975913763,-329.9999926239252,True,,True
223,CL,Sun,18:00,Out-of-Sample,2026-03-08T22:24:52.760148,2026-03-08 18:24:52,LONG,108.18999758176506,199.99999552965164,True,,True
223,CL,Sun,18:00,Out-of-Sample,2026-03-08T22:24:52.760148,2026-03-08 18:24:52,LONG,108.18999758176506,-739.9999834597111,True,,True
223,CL,Sun,18:00,Out-of-Sample,2026-03-08T22:24:56.042023,2026-03-08 18:24:56,LONG,108.3399975784123,-739.9999834597111,True,,True
223,CL,Sun,18:00,Out-of-Sample,2026-03-08T22:25:26.056302,2026-03-08 18:25:26,SHORT,107.88999758847058,-919.9999794363976,True,,True
223,CL,Sun,18:00,Out-of-Sample,2026-03-08T22:25:48.066292,2026-03-08 18:25:48,LONG,108.34999757818878,39.99999910593033,True,,True
223,CL,Sun,18:00,Out-of-Sample,2026-03-08T22:25:48.372607,2026-03-08 18:25:48,LONG,108.34999757818878,59.99999865889549,True,,True
223,CL,Sun,18:00,Out-of-Sample,2026-03-08T22:25:53.589671,2026-03-08 18:25:53,LONG,108.45999757573009,-269.9999939650297,True,,True
223,CL,Sun,18:00,Out-of-Sample,2026-03-08T22:25:53.743880,2026-03-08 18:25:53,LONG,108.45999757573009,-269.9999939650297,True,,True
223,CL,Sun,18:00,Out-of-Sample,2026-03-08T22:25:57.088733,2026-03-08 18:25:57,SHORT,107.68999759294093,-219.9999950826168,True,,True
223,CL,Sun,18:00,Out-of-Sample,2026-03-08T22:25:57.507663,2026-03-08 18:25:57,LONG,107.7599975913763,-779.9999825656414,True,,True
223,CL,Sun,18:00,Out-of-Sample,2026-03-08T22:26:11.969038,2026-03-08 18:26:11,LONG,107.82999758981168,199.99999552965164,True,,True
223,CL,Sun,18:00,Out-of-Sample,2026-03-08T22:26:11.969038,2026-03-08 18:26:11,LONG,107.82999758981168,-719.9999839067459,True,,True
223,CL,Sun,18:00,Out-of-Sample,2026-03-08T22:26:15.245799,2026-03-08 18:26:15,LONG,108.06999758444726,-599.9999865889549,True,,True
223,CL,Sun,18:00,Out-of-Sample,2026-03-08T22:26:32.720162,2026-03-08 18:26:32,SHORT,107.76999759115279,-799.9999821186066,True,,True
223,CL,Sun,18:00,Out-of-Sample,2026-03-08T22:27:02.137857,2026-03-08 18:27:02,LONG,108.16999758221209,-899.9999798834324,True,,True
223,CL,Sun,18:00,Out-of-Sample,2026-03-08T22:27:20.480631,2026-03-08 18:27:20,LONG,108.1099975835532,-749.9999832361937,True,,True
223,CL,Sun,18:00,Out-of-Sample,2026-03-08T22:27:33.898521,2026-03-08 18:27:33,SHORT,107.71999759227037,479.99998927116394,True,,True
223,CL,Sun,18:00,Out-of-Sample,2026-03-08T22:27:33.898521,2026-03-08 18:27:33,SHORT,107.71999759227037,1439.9999678134918,True,,True
223,CL,Sun,18:00,Out-of-Sample,2026-03-08T22:27:33.899226,2026-03-08 18:27:33,SHORT,107.71999759227037,1999.9999552965164,True,,True
223,CL,Sun,18:00,Out-of-Sample,2026-03-08T22:27:36.062392,2026-03-08 18:27:36,SHORT,107.649997593835,299.99999329447746,True,,True
223,CL,Sun,18:00,Out-of-Sample,2026-03-08T22:27:36.062392,2026-03-08 18:27:36,SHORT,107.649997593835,699.9999843537807,True,,True
223,CL,Sun,18:00,Out-of-Sample,2026-03-08T22:27:36.062392,2026-03-08 18:27:36,SHORT,107.649997593835,1059.9999763071537,True,,True
223,CL,Sun,18:00,Out-of-Sample,2026-03-08T22:27:36.073353,2026-03-08 18:27:36,SHORT,107.649997593835,149.99999664723873,True,,True
223,CL,Sun,18:00,Out-of-Sample,2026-03-08T22:27:36.073353,2026-03-08 18:27:36,SHORT,107.649997593835,299.99999329447746,True,,True
223,CL,Sun,18:00,Out-of-Sample,2026-03-08T22:27:36.073353,2026-03-08 18:27:36,SHORT,107.649997593835,419.99999061226845,True,,True
223,CL,Sun,18:00,Out-of-Sample,2026-03-08T22:28:04.143856,2026-03-08 18:28:04,SHORT,107.08999760635197,959.9999785423279,True,,True
223,CL,Sun,18:00,Out-of-Sample,2026-03-08T22:28:04.143856,2026-03-08 18:28:04,SHORT,107.08999760635197,779.9999825656414,True,,True
223,CL,Sun,18:00,Out-of-Sample,2026-03-08T22:28:04.143989,2026-03-08 18:28:04,SHORT,107.1299976054579,979.999978095293,True,,True
223,CL,Sun,18:00,Out-of-Sample,2026-03-08T22:28:04.143989,2026-03-08 18:28:04,SHORT,107.1299976054579,-2299.999948590994,True,,True
223,CL,Sun,18:00,Out-of-Sample,2026-03-08T22:28:04.207927,2026-03-08 18:28:04,SHORT,107.1299976054579,979.999978095293,True,,True
223,CL,Sun,18:00,Out-of-Sample,2026-03-08T22:28:04.207927,2026-03-08 18:28:04,SHORT,107.1299976054579,899.9999798834324,True,,True
223,CL,Sun,18:00,Out-of-Sample,2026-03-08T22:28:04.208568,2026-03-08 18:28:04,SHORT,107.1299976054579,979.999978095293,True,,True
223,CL,Sun,18:00,Out-of-Sample,2026-03-08T22:28:04.208568,2026-03-08 18:28:04,SHORT,107.1299976054579,-2299.999948590994,True,,True
223,CL,Sun,18:00,Out-of-Sample,2026-03-08T22:28:04.458954,2026-03-08 18:28:04,SHORT,107.1299976054579,979.999978095293,True,,True
223,CL,Sun,18:00,Out-of-Sample,2026-03-08T22:28:04.458954,2026-03-08 18:28:04,SHORT,107.1299976054579,859.9999807775021,True,,True
223,CL,Sun,18:00,Out-of-Sample,2026-03-08T22:28:08.175067,2026-03-08 18:28:08,SHORT,106.92999760992825,489.9999890476465,True,,True
223,CL,Sun,18:00,Out-of-Sample,2026-03-08T22:28:08.175067,2026-03-08 18:28:08,SHORT,106.92999760992825,819.9999816715717,True,,True
223,CL,Sun,18:00,Out-of-Sample,2026-03-08T22:28:08.388951,2026-03-08 18:28:08,SHORT,106.88999761082232,149.99999664723873,True,,True
223,CL,Sun,18:00,Out-of-Sample,2026-03-08T22:28:08.388951,2026-03-08 18:28:08,SHORT,106.88999761082232,299.99999329447746,True,,True
223,CL,Sun,18:00,Out-of-Sample,2026-03-08T22:28:08.388951,2026-03-08 18:28:08,SHORT,106.88999761082232,169.9999962002039,True,,True
223,CL,Sun,18:00,Out-of-Sample,2026-03-08T22:28:15.502724,2026-03-08 18:28:15,SHORT,106.33999762311578,99.99999776482582,True,,True
223,CL,Sun,18:00,Out-of-Sample,2026-03-08T22:28:15.502724,2026-03-08 18:28:15,SHORT,106.33999762311578,-799.9999821186066,True,,True
223,CL,Sun,18:00,Out-of-Sample,2026-03-08T22:28:15.665599,2026-03-08 18:28:15,SHORT,106.34999762289226,99.99999776482582,True,,True
223,CL,Sun,18:00,Out-of-Sample,2026-03-08T22:28:15.665599,2026-03-08 18:28:15,SHORT,106.34999762289226,-779.9999825656414,True,,True
223,CL,Sun,18:00,Out-of-Sample,2026-03-08T22:28:15.665897,2026-03-08 18:28:15,SHORT,106.34999762289226,99.99999776482582,True,,True
223,CL,Sun,18:00,Out-of-Sample,2026-03-08T22:28:15.665897,2026-03-08 18:28:15,SHORT,106.34999762289226,-779.9999825656414,True,,True
223,CL,Sun,18:00,Out-of-Sample,2026-03-08T22:28:57.078867,2026-03-08 18:28:57,LONG,106.69999761506915,299.99999329447746,True,,True
223,CL,Sun,18:00,Out-of-Sample,2026-03-08T22:28:57.078867,2026-03-08 18:28:57,LONG,106.69999761506915,0.0,True,,True
223,CL,Sun,18:00,Out-of-Sample,2026-03-08T22:28:57.218461,2026-03-08 18:28:57,LONG,106.71999761462212,149.99999664723873,True,,True
223,CL,Sun,18:00,Out-of-Sample,2026-03-08T22:28:57.218461,2026-03-08 18:28:57,LONG,106.71999761462212,299.99999329447746,True,,True
223,CL,Sun,18:00,Out-of-Sample,2026-03-08T22:28:57.218461,2026-03-08 18:28:57,LONG,106.71999761462212,189.99999575316906,True,,True
223,CL,Sun,18:00,Out-of-Sample,2026-03-08T22:28:59.915852,2026-03-08 18:28:59,LONG,106.73999761417508,-39.99999910593033,True,,True
223,CL,Sun,18:00,Out-of-Sample,2026-03-08T22:28:59.916419,2026-03-08 18:28:59,LONG,106.73999761417508,-39.99999910593033,True,,True
223,CL,Sun,18:00,Out-of-Sample,2026-03-08T22:28:59.916551,2026-03-08 18:28:59,LONG,106.73999761417508,-19.999999552965164,True,,True
223,CL,Sun,18:00,Out-of-Sample,2026-03-08T22:29:32.701128,2026-03-08 18:29:32,SHORT,106.56999761797488,489.9999890476465,True,,True
223,CL,Sun,18:00,Out-of-Sample,2026-03-08T22:29:32.701128,2026-03-08 18:29:32,SHORT,106.56999761797488,89.99999798834324,True,,True
223,CL,Sun,18:00,Out-of-Sample,2026-03-08T22:29:51.595663,2026-03-08 18:29:51,SHORT,106.02999763004482,-3059.99993160367,True,,True
223,CL,Sun,18:00,Out-of-Sample,2026-03-08T22:29:57.631945,2026-03-08 18:29:57,LONG,106.29999762400985,199.99999552965164,True,,True
223,CL,Sun,18:00,Out-of-Sample,2026-03-08T22:29:57.631945,2026-03-08 18:29:57,LONG,106.29999762400985,599.9999865889549,True,,True
223,CL,Sun,18:00,Out-of-Sample,2026-03-08T22:29:57.631945,2026-03-08 18:29:57,LONG,106.29999762400985,849.9999810010195,True,,True
223,CL,Sun,18:00,Out-of-Sample,2026-03-15T22:00:10.209696,2026-03-15 18:00:10,LONG,102.15999771654606,-339.9999924004078,True,,True
223,CL,Sun,18:00,Out-of-Sample,2026-03-15T22:00:20.787779,2026-03-15 18:00:20,SHORT,101.98999772034585,-219.9999950826168,True,,True
223,CL,Sun,18:00,Out-of-Sample,2026-03-15T22:00:21.084921,2026-03-15 18:00:21,SHORT,101.70999772660434,-1169.999973848462,True,,True
223,CL,Sun,18:00,Out-of-Sample,2026-03-15T22:00:21.273148,2026-03-15 18:00:21,SHORT,101.69999772682786,199.99999552965164,True,,True
223,CL,Sun,18:00,Out-of-Sample,2026-03-15T22:00:21.273148,2026-03-15 18:00:21,SHORT,101.69999772682786,599.9999865889549,True,,True
223,CL,Sun,18:00,Out-of-Sample,2026-03-15T22:00:21.273148,2026-03-15 18:00:21,SHORT,101.69999772682786,1409.999968484044,True,,True
223,CL,Sun,18:00,Out-of-Sample,2026-03-15T22:00:35.793063,2026-03-15 18:00:35,SHORT,101.60999772883952,199.99999552965164,True,,True
223,CL,Sun,18:00,Out-of-Sample,2026-03-15T22:00:35.793063,2026-03-15 18:00:35,SHORT,101.60999772883952,399.9999910593033,True,,True
223,CL,Sun,18:00,Out-of-Sample,2026-03-15T22:00:35.793063,2026-03-15 18:00:35,SHORT,101.60999772883952,189.99999575316906,True,,True
223,CL,Sun,18:00,Out-of-Sample,2026-03-15T22:00:39.747778,2026-03-15 18:00:39,SHORT,101.4499977324158,39.99999910593033,True,,True
223,CL,Sun,18:00,Out-of-Sample,2026-03-15T22:00:40.128123,2026-03-15 18:00:40,SHORT,101.1599977388978,-809.9999818950891,True,,True
223,CL,Sun,18:00,Out-of-Sample,2026-03-15T22:00:40.128740,2026-03-15 18:00:40,SHORT,101.1599977388978,-809.9999818950891,True,,True
223,CL,Sun,18:00,Out-of-Sample,2026-03-15T22:00:40.128879,2026-03-15 18:00:40,SHORT,101.19999773800373,-689.9999845772982,True,,True
223,CL,Sun,18:00,Out-of-Sample,2026-03-15T22:00:59.470078,2026-03-15 18:00:59,SHORT,100.85999774560332,309.99999307096004,True,,True
223,CL,Sun,18:00,Out-of-Sample,2026-03-15T22:00:59.470078,2026-03-15 18:00:59,SHORT,100.85999774560332,599.9999865889549,True,,True
223,CL,Sun,18:00,Out-of-Sample,2026-03-15T22:00:59.470078,2026-03-15 18:00:59,SHORT,100.85999774560332,369.99999172985554,True,,True
223,CL,Sun,18:00,Out-of-Sample,2026-03-15T22:00:59.878673,2026-03-15 18:00:59,SHORT,100.78999774716794,239.99999463558197,True,,True
223,CL,Sun,18:00,Out-of-Sample,2026-03-15T22:00:59.878673,2026-03-15 18:00:59,SHORT,100.78999774716794,199.99999552965164,True,,True
223,CL,Sun,18:00,Out-of-Sample,2026-03-15T22:00:59.878673,2026-03-15 18:00:59,SHORT,100.78999774716794,449.9999899417162,True,,True
223,CL,Sun,18:00,Out-of-Sample,2026-03-15T22:01:01.782930,2026-03-15 18:01:01,SHORT,100.57999775186181,349.9999921768904,True,,True
223,CL,Sun,18:00,Out-of-Sample,2026-03-15T22:01:01.782930,2026-03-15 18:01:01,SHORT,100.57999775186181,299.99999329447746,True,,True
223,CL,Sun,18:00,Out-of-Sample,2026-03-15T22:01:01.783021,2026-03-15 18:01:01,SHORT,100.54999775253236,349.9999921768904,True,,True
223,CL,Sun,18:00,Out-of-Sample,2026-03-15T22:01:01.783021,2026-03-15 18:01:01,SHORT,100.54999775253236,829.9999814480543,True,,True
223,CL,Sun,18:00,Out-of-Sample,2026-03-15T22:01:01.783021,2026-03-15 18:01:01,SHORT,100.54999775253236,529.9999881535769,True,,True
223,CL,Sun,18:00,Out-of-Sample,2026-03-15T22:01:01.783077,2026-03-15 18:01:01,SHORT,100.54999775253236,349.9999921768904,True,,True
223,CL,Sun,18:00,Out-of-Sample,2026-03-15T22:01:01.783077,2026-03-15 18:01:01,SHORT,100.54999775253236,259.99999418854713,True,,True
223,CL,Sun,18:00,Out-of-Sample,2026-03-15T22:01:01.936506,2026-03-15 18:01:01,SHORT,100.54999775253236,349.9999921768904,True,,True
223,CL,Sun,18:00,Out-of-Sample,2026-03-15T22:01:01.936506,2026-03-15 18:01:01,SHORT,100.54999775253236,829.9999814480543,True,,True
223,CL,Sun,18:00,Out-of-Sample,2026-03-15T22:01:01.936506,2026-03-15 18:01:01,SHORT,100.54999775253236,529.9999881535769,True,,True
223,CL,Sun,18:00,Out-of-Sample,2026-03-15T22:01:01.936701,2026-03-15 18:01:01,SHORT,100.54999775253236,349.9999921768904,True,,True
223,CL,Sun,18:00,Out-of-Sample,2026-03-15T22:01:01.936701,2026-03-15 18:01:01,SHORT,100.54999775253236,269.9999939650297,True,,True
223,CL,Sun,18:00,Out-of-Sample,2026-03-15T22:01:18.004080,2026-03-15 18:01:18,SHORT,100.11999776214361,-899.9999798834324,True,,True
223,CL,Sun,18:00,Out-of-Sample,2026-03-15T22:02:04.327411,2026-03-15 18:02:04,SHORT,100.19999776035547,-439.9999901652336,True,,True
223,CL,Sun,18:00,Out-of-Sample,2026-03-15T22:02:44.896229,2026-03-15 18:02:44,LONG,100.41999775543809,-399.9999910593033,True,,True
223,CL,Sun,18:00,Out-of-Sample,2026-03-15T22:02:58.313655,2026-03-15 18:02:58,SHORT,100.21999775990844,-439.9999901652336,True,,True
223,CL,Sun,18:00,Out-of-Sample,2026-03-15T22:03:09.772475,2026-03-15 18:03:09,LONG,100.41999775543809,199.99999552965164,True,,True
223,CL,Sun,18:00,Out-of-Sample,2026-03-15T22:03:09.772475,2026-03-15 18:03:09,LONG,100.41999775543809,399.9999910593033,True,,True
223,CL,Sun,18:00,Out-of-Sample,2026-03-15T22:03:09.772475,2026-03-15 18:03:09,LONG,100.41999775543809,469.99998949468136,True,,True
223,CL,Sun,18:00,Out-of-Sample,2026-03-15T22:03:21.347309,2026-03-15 18:03:21,LONG,100.43999775499105,409.99999083578587,True,,True
223,CL,Sun,18:00,Out-of-Sample,2026-03-15T22:03:21.347309,2026-03-15 18:03:21,LONG,100.43999775499105,299.99999329447746,True,,True
223,CL,Sun,18:00,Out-of-Sample,2026-03-15T22:03:23.934176,2026-03-15 18:03:23,LONG,100.4699977543205,199.99999552965164,True,,True
223,CL,Sun,18:00,Out-of-Sample,2026-03-15T22:03:23.934176,2026-03-15 18:03:23,LONG,100.4699977543205,599.9999865889549,True,,True
223,CL,Sun,18:00,Out-of-Sample,2026-03-15T22:03:23.934176,2026-03-15 18:03:23,LONG,100.4699977543205,219.9999950826168,True,,True
223,CL,Sun,18:00,Out-of-Sample,2026-03-15T22:04:11.042184,2026-03-15 18:04:11,LONG,100.68999774940312,299.99999329447746,True,,True
223,CL,Sun,18:00,Out-of-Sample,2026-03-15T22:04:11.042184,2026-03-15 18:04:11,LONG,100.68999774940312,19.999999552965164,True,,True
223,CL,Sun,18:00,Out-of-Sample,2026-03-15T22:04:11.217983,2026-03-15 18:04:11,LONG,100.73999774828553,149.99999664723873,True,,True
223,CL,Sun,18:00,Out-of-Sample,2026-03-15T22:04:11.217983,2026-03-15 18:04:11,LONG,100.73999774828553,299.99999329447746,True,,True
223,CL,Sun,18:00,Out-of-Sample,2026-03-15T22:04:11.217983,2026-03-15 18:04:11,LONG,100.73999774828553,219.9999950826168,True,,True
223,CL,Sun,18:00,Out-of-Sample,2026-03-15T22:04:29.921623,2026-03-15 18:04:29,LONG,100.9899977426976,-809.9999818950891,True,,True
223,CL,Sun,18:00,Out-of-Sample,2026-03-15T22:04:58.327881,2026-03-15 18:04:58,SHORT,100.73999774828553,-119.99999731779099,True,,True
223,CL,Sun,18:00,Out-of-Sample,2026-03-15T22:05:40.993509,2026-03-15 18:05:40,SHORT,100.68999774940312,199.99999552965164,True,,True
223,CL,Sun,18:00,Out-of-Sample,2026-03-15T22:05:40.993509,2026-03-15 18:05:40,SHORT,100.68999774940312,-499.9999888241291,True,,True
223,CL,Sun,18:00,Out-of-Sample,2026-03-15T22:05:43.460783,2026-03-15 18:05:43,SHORT,100.54999775253236,-1199.9999731779099,True,,True
223,CL,Sun,18:00,Out-of-Sample,2026-03-15T22:05:43.553685,2026-03-15 18:05:43,SHORT,100.54999775253236,-1199.9999731779099,True,,True
223,CL,Sun,18:00,Out-of-Sample,2026-03-15T22:06:02.901144,2026-03-15 18:06:02,LONG,100.79999774694443,409.99999083578587,True,,True
223,CL,Sun,18:00,Out-of-Sample,2026-03-15T22:06:02.901144,2026-03-15 18:06:02,LONG,100.79999774694443,599.9999865889549,True,,True
223,CL,Sun,18:00,Out-of-Sample,2026-03-15T22:07:06.070813,2026-03-15 18:07:06,LONG,100.99999774247408,299.99999329447746,True,,True
223,CL,Sun,18:00,Out-of-Sample,2026-03-15T22:07:06.070813,2026-03-15 18:07:06,LONG,100.99999774247408,39.99999910593033,True,,True
223,CL,Sun,18:00,Out-of-Sample,2026-03-15T22:07:06.232017,2026-03-15 18:07:06,LONG,101.00999774225056,149.99999664723873,True,,True
223,CL,Sun,18:00,Out-of-Sample,2026-03-15T22:07:06.232017,2026-03-15 18:07:06,LONG,101.00999774225056,299.99999329447746,True,,True
223,CL,Sun,18:00,Out-of-Sample,2026-03-15T22:07:06.232017,2026-03-15 18:07:06,LONG,101.00999774225056,359.99999195337296,True,,True
223,CL,Sun,18:00,Out-of-Sample,2026-03-15T22:07:27.351266,2026-03-15 18:07:27,LONG,101.2199977375567,299.99999329447746,True,,True
223,CL,Sun,18:00,Out-of-Sample,2026-03-15T22:08:42.024277,2026-03-15 18:08:42,LONG,101.48999773152173,-749.9999832361937,True,,True
223,CL,Sun,18:00,Out-of-Sample,2026-03-15T22:10:28.215379,2026-03-15 18:10:28,SHORT,101.39999773353338,429.99999038875103,True,,True
223,CL,Sun,18:00,Out-of-Sample,2026-03-15T22:10:28.215379,2026-03-15 18:10:28,SHORT,101.39999773353338,739.9999834597111,True,,True
223,CL,Sun,18:00,Out-of-Sample,2026-03-15T22:10:28.735614,2026-03-15 18:10:28,SHORT,101.33999773487449,199.99999552965164,True,,True
223,CL,Sun,18:00,Out-of-Sample,2026-03-15T22:10:28.735614,2026-03-15 18:10:28,SHORT,101.33999773487449,599.9999865889549,True,,True
223,CL,Sun,18:00,Out-of-Sample,2026-03-15T22:10:28.735614,2026-03-15 18:10:28,SHORT,101.33999773487449,679.9999848008156,True,,True
223,CL,Sun,18:00,Out-of-Sample,2026-03-15T22:11:59.595128,2026-03-15 18:11:59,SHORT,100.79999774694443,-1679.9999624490738,True,,True
223,CL,Sun,18:00,Out-of-Sample,2026-03-15T22:11:59.750548,2026-03-15 18:11:59,SHORT,100.79999774694443,-1679.9999624490738,True,,True
223,CL,Sun,18:00,Out-of-Sample,2026-03-15T22:11:59.750665,2026-03-15 18:11:59,SHORT,100.79999774694443,-1679.9999624490738,True,,True
223,CL,Sun,18:00,Out-of-Sample,2026-03-15T22:12:28.352018,2026-03-15 18:12:28,SHORT,100.51999775320292,-419.99999061226845,True,,True
223,CL,Sun,18:00,Out-of-Sample,2026-03-15T22:12:43.640213,2026-03-15 18:12:43,LONG,101.06999774090946,-139.99999687075615,True,,True
223,CL,Sun,18:00,Out-of-Sample,2026-03-15T22:12:48.477682,2026-03-15 18:12:48,LONG,101.46999773196876,-869.9999805539846,True,,True
223,CL,Sun,18:00,Out-of-Sample,2026-03-15T22:12:50.238983,2026-03-15 18:12:50,SHORT,101.30999773554504,-29.999999329447746,True,,True
223,CL,Sun,18:00,Out-of-Sample,2026-03-15T22:13:55.123067,2026-03-15 18:13:55,SHORT,101.17999773845077,-1019.9999772012234,True,,True
223,CL,Sun,18:00,Out-of-Sample,2026-03-15T22:14:02.993219,2026-03-15 18:14:02,SHORT,101.13999773934484,-99.99999776482582,True,,True
223,CL,Sun,18:00,Out-of-Sample,2026-03-15T22:14:55.139331,2026-03-15 18:14:55,LONG,101.30999773554504,-59.99999865889549,True,,True
223,CL,Sun,18:00,Out-of-Sample,2026-03-15T22:14:55.225014,2026-03-15 18:14:55,LONG,101.30999773554504,199.99999552965164,True,,True
223,CL,Sun,18:00,Out-of-Sample,2026-03-15T22:14:55.225014,2026-03-15 18:14:55,LONG,101.30999773554504,399.9999910593033,True,,True
223,CL,Sun,18:00,Out-of-Sample,2026-03-15T22:14:55.225014,2026-03-15 18:14:55,LONG,101.30999773554504,239.99999463558197,True,,True
223,CL,Sun,18:00,Out-of-Sample,2026-03-15T22:16:50.861377,2026-03-15 18:16:50,LONG,101.63999772816896,-989.9999778717756,True,,True
223,CL,Sun,18:00,Out-of-Sample,2026-03-15T22:16:51.037921,2026-03-15 18:16:51,LONG,101.63999772816896,-989.9999778717756,True,,True
223,CL,Sun,18:00,Out-of-Sample,2026-03-15T22:17:24.140158,2026-03-15 18:17:24,SHORT,101.57999772951007,199.99999552965164,True,,True
223,CL,Sun,18:00,Out-of-Sample,2026-03-15T22:17:24.140158,2026-03-15 18:17:24,SHORT,101.57999772951007,599.9999865889549,True,,True
223,CL,Sun,18:00,Out-of-Sample,2026-03-15T22:17:24.140158,2026-03-15 18:17:24,SHORT,101.57999772951007,469.99998949468136,True,,True
223,CL,Sun,18:00,Out-of-Sample,2026-03-15T22:22:04.568744,2026-03-15 18:22:04,SHORT,101.23999773710966,309.99999307096004,True,,True
223,CL,Sun,18:00,Out-of-Sample,2026-03-15T22:22:04.568744,2026-03-15 18:22:04,SHORT,101.23999773710966,209.99999530613422,True,,True
223,CL,Sun,18:00,Out-of-Sample,2026-03-15T22:22:05.104713,2026-03-15 18:22:05,SHORT,101.19999773800373,199.99999552965164,True,,True
223,CL,Sun,18:00,Out-of-Sample,2026-03-15T22:22:05.104713,2026-03-15 18:22:05,SHORT,101.19999773800373,399.9999910593033,True,,True
223,CL,Sun,18:00,Out-of-Sample,2026-03-15T22:22:05.104713,2026-03-15 18:22:05,SHORT,101.19999773800373,269.9999939650297,True,,True
223,CL,Sun,18:00,Out-of-Sample,2026-03-15T22:23:58.131509,2026-03-15 18:23:58,SHORT,101.07999774068594,199.99999552965164,True,,True
223,CL,Sun,18:00,Out-of-Sample,2026-03-15T22:23:58.131509,2026-03-15 18:23:58,SHORT,101.07999774068594,-200.00451862813406,True,,True
223,CL,Sun,18:00,Out-of-Sample,2026-03-15T22:27:31.569143,2026-03-15 18:27:31,LONG,101.22999773733318,-199.99999552965164,True,,True
223,CL,Sun,18:00,Out-of-Sample,2026-03-15T22:29:52.136977,2026-03-15 18:29:52,SHORT,101.12999773956835,199.99999552965164,True,,True
223,CL,Sun,18:00,Out-of-Sample,2026-03-15T22:29:52.136977,2026-03-15 18:29:52,SHORT,101.12999773956835,399.9999910593033,True,,True
223,CL,Sun,18:00,Out-of-Sample,2026-03-15T22:29:52.136977,2026-03-15 18:29:52,SHORT,101.12999773956835,529.9999881535769,True,,True
223,CL,Sun,18:00,Out-of-Sample,2026-03-15T22:29:52.316707,2026-03-15 18:29:52,SHORT,101.12999773956835,-299.99999329447746,True,,True
223,CL,Sun,18:00,Out-of-Sample,2026-03-29T22:00:19.380761,2026-03-29 18:00:19,SHORT,102.12999771721661,99.99999776482582,True,,True
223,CL,Sun,18:00,Out-of-Sample,2026-03-29T22:00:19.380761,2026-03-29 18:00:19,SHORT,102.12999771721661,-139.99999687075615,True,,True
223,CL,Sun,18:00,Out-of-Sample,2026-03-29T22:00:19.505877,2026-03-29 18:00:19,SHORT,102.11999771744013,-659.9999852478504,True,,True
223,CL,Sun,18:00,Out-of-Sample,2026-03-29T22:00:32.599654,2026-03-29 18:00:32,LONG,102.51999770849943,-449.9999899417162,True,,True
223,CL,Sun,18:00,Out-of-Sample,2026-03-29T22:00:32.601359,2026-03-29 18:00:32,LONG,102.49999770894647,-389.9999912828207,True,,True
223,CL,Sun,18:00,Out-of-Sample,2026-03-29T22:01:03.807948,2026-03-29 18:01:03,SHORT,101.93999772146344,319.9999928474426,True,,True
223,CL,Sun,18:00,Out-of-Sample,2026-03-29T22:01:03.807948,2026-03-29 18:01:03,SHORT,101.93999772146344,599.9999865889549,True,,True
223,CL,Sun,18:00,Out-of-Sample,2026-03-29T22:01:04.013358,2026-03-29 18:01:04,SHORT,101.92999772168696,319.9999928474426,True,,True
223,CL,Sun,18:00,Out-of-Sample,2026-03-29T22:01:04.013358,2026-03-29 18:01:04,SHORT,101.92999772168696,629.9999859184027,True,,True
223,CL,Sun,18:00,Out-of-Sample,2026-03-29T22:01:04.013358,2026-03-29 18:01:04,SHORT,101.92999772168696,529.9999881535769,True,,True
223,CL,Sun,18:00,Out-of-Sample,2026-03-29T22:01:04.013518,2026-03-29 18:01:04,SHORT,101.92999772168696,199.99999552965164,True,,True
223,CL,Sun,18:00,Out-of-Sample,2026-03-29T22:01:04.013518,2026-03-29 18:01:04,SHORT,101.92999772168696,599.9999865889549,True,,True
223,CL,Sun,18:00,Out-of-Sample,2026-03-29T22:01:04.013518,2026-03-29 18:01:04,SHORT,101.92999772168696,239.99999463558197,True,,True
223,CL,Sun,18:00,Out-of-Sample,2026-03-29T22:01:04.888816,2026-03-29 18:01:04,SHORT,101.81999772414565,99.99999776482582,True,,True
223,CL,Sun,18:00,Out-of-Sample,2026-03-29T22:01:04.888816,2026-03-29 18:01:04,SHORT,101.81999772414565,199.99999552965164,True,,True
223,CL,Sun,18:00,Out-of-Sample,2026-03-29T22:01:04.888816,2026-03-29 18:01:04,SHORT,101.81999772414565,449.9999899417162,True,,True
223,CL,Sun,18:00,Out-of-Sample,2026-03-29T22:01:44.896517,2026-03-29 18:01:44,SHORT,101.3899977337569,-119.99999731779099,True,,True
223,CL,Sun,18:00,Out-of-Sample,2026-03-29T22:01:44.990394,2026-03-29 18:01:44,SHORT,101.40999773330986,-239.99999463558197,True,,True
223,CL,Sun,18:00,Out-of-Sample,2026-03-29T22:01:44.990611,2026-03-29 18:01:44,SHORT,101.40999773330986,199.99999552965164,True,,True
223,CL,Sun,18:00,Out-of-Sample,2026-03-29T22:01:44.990611,2026-03-29 18:01:44,SHORT,101.40999773330986,-579.9999870359898,True,,True
223,CL,Sun,18:00,Out-of-Sample,2026-03-29T22:02:46.324593,2026-03-29 18:02:46,LONG,101.49999773129821,359.99999195337296,True,,True
223,CL,Sun,18:00,Out-of-Sample,2026-03-29T22:02:46.324593,2026-03-29 18:02:46,LONG,101.49999773129821,1159.9999740719795,True,,True
223,CL,Sun,18:00,Out-of-Sample,2026-03-29T22:02:59.163441,2026-03-29 18:02:59,LONG,101.68999772705138,319.9999928474426,True,,True
223,CL,Sun,18:00,Out-of-Sample,2026-03-29T22:02:59.163441,2026-03-29 18:02:59,LONG,101.68999772705138,609.9999863654375,True,,True
223,CL,Sun,18:00,Out-of-Sample,2026-03-29T22:02:59.163441,2026-03-29 18:02:59,LONG,101.68999772705138,969.9999783188105,True,,True
223,CL,Sun,18:00,Out-of-Sample,2026-03-29T22:03:38.813786,2026-03-29 18:03:38,LONG,102.39999771118164,259.99999418854713,True,,True
223,CL,Sun,18:00,Out-of-Sample,2026-03-29T22:03:38.813786,2026-03-29 18:03:38,LONG,102.39999771118164,599.9999865889549,True,,True
223,CL,Sun,18:00,Out-of-Sample,2026-03-29T22:03:38.813786,2026-03-29 18:03:38,LONG,102.39999771118164,239.99999463558197,True,,True
223,CL,Sun,18:00,Out-of-Sample,2026-03-29T22:04:19.303083,2026-03-29 18:04:19,LONG,102.83999770134687,149.99999664723873,True,,True
223,CL,Sun,18:00,Out-of-Sample,2026-03-29T22:04:19.303083,2026-03-29 18:04:19,LONG,102.83999770134687,499.9999888241291,True,,True
223,CL,Sun,18:00,Out-of-Sample,2026-03-29T22:04:19.303083,2026-03-29 18:04:19,LONG,102.83999770134687,139.99999687075615,True,,True
223,CL,Sun,18:00,Out-of-Sample,2026-03-29T22:04:19.400875,2026-03-29 18:04:19,LONG,102.83999770134687,499.9999888241291,True,,True
223,CL,Sun,18:00,Out-of-Sample,2026-03-29T22:04:19.400875,2026-03-29 18:04:19,LONG,102.83999770134687,19.999999552965164,True,,True
223,CL,Sun,18:00,Out-of-Sample,2026-03-29T22:04:35.400849,2026-03-29 18:04:35,LONG,103.339997690171,-659.9999852478504,True,,True
223,CL,Sun,18:00,Out-of-Sample,2026-03-29T22:04:40.814584,2026-03-29 18:04:40,SHORT,103.06999769620597,399.9999910593033,True,,True
223,CL,Sun,18:00,Out-of-Sample,2026-03-29T22:04:40.814584,2026-03-29 18:04:40,SHORT,103.06999769620597,679.9999848008156,True,,True
223,CL,Sun,18:00,Out-of-Sample,2026-03-29T22:04:40.902081,2026-03-29 18:04:40,SHORT,103.06999769620597,399.9999910593033,True,,True
223,CL,Sun,18:00,Out-of-Sample,2026-03-29T22:04:40.902081,2026-03-29 18:04:40,SHORT,103.06999769620597,679.9999848008156,True,,True
223,CL,Sun,18:00,Out-of-Sample,2026-03-29T22:04:40.902295,2026-03-29 18:04:40,SHORT,103.02999769710004,399.9999910593033,True,,True
223,CL,Sun,18:00,Out-of-Sample,2026-03-29T22:04:40.902295,2026-03-29 18:04:40,SHORT,103.02999769710004,789.999982342124,True,,True
223,CL,Sun,18:00,Out-of-Sample,2026-03-29T22:04:40.902295,2026-03-29 18:04:40,SHORT,103.02999769710004,599.9999865889549,True,,True
223,CL,Sun,18:00,Out-of-Sample,2026-03-29T22:04:41.058086,2026-03-29 18:04:41,SHORT,103.02999769710004,399.9999910593033,True,,True
223,CL,Sun,18:00,Out-of-Sample,2026-03-29T22:04:41.058086,2026-03-29 18:04:41,SHORT,103.02999769710004,789.999982342124,True,,True
223,CL,Sun,18:00,Out-of-Sample,2026-03-29T22:04:41.058086,2026-03-29 18:04:41,SHORT,103.02999769710004,599.9999865889549,True,,True
223,CL,Sun,18:00,Out-of-Sample,2026-03-29T22:04:41.058432,2026-03-29 18:04:41,SHORT,103.02999769710004,399.9999910593033,True,,True
223,CL,Sun,18:00,Out-of-Sample,2026-03-29T22:04:41.058432,2026-03-29 18:04:41,SHORT,103.02999769710004,639.9999856948853,True,,True
223,CL,Sun,18:00,Out-of-Sample,2026-03-29T22:04:44.058997,2026-03-29 18:04:44,SHORT,103.00999769754708,409.99999083578587,True,,True
223,CL,Sun,18:00,Out-of-Sample,2026-03-29T22:04:44.058997,2026-03-29 18:04:44,SHORT,103.00999769754708,339.9999924004078,True,,True
223,CL,Sun,18:00,Out-of-Sample,2026-03-29T22:04:57.654715,2026-03-29 18:04:57,SHORT,102.44999771006405,99.99999776482582,True,,True
223,CL,Sun,18:00,Out-of-Sample,2026-03-29T22:04:57.654715,2026-03-29 18:04:57,SHORT,102.44999771006405,119.99999731779099,True,,True
223,CL,Sun,18:00,Out-of-Sample,2026-03-29T22:05:11.827558,2026-03-29 18:05:11,LONG,102.96999769844115,-339.9999924004078,True,,True
223,CL,Sun,18:00,Out-of-Sample,2026-03-29T22:05:31.411608,2026-03-29 18:05:31,LONG,103.1099976953119,199.99999552965164,True,,True
223,CL,Sun,18:00,Out-of-Sample,2026-03-29T22:05:31.411608,2026-03-29 18:05:31,LONG,103.1099976953119,-259.99999418854713,True,,True
223,CL,Sun,18:00,Out-of-Sample,2026-03-29T22:06:37.999501,2026-03-29 18:06:37,LONG,103.14999769441783,199.99999552965164,True,,True
223,CL,Sun,18:00,Out-of-Sample,2026-03-29T22:06:37.999501,2026-03-29 18:06:37,LONG,103.14999769441783,-639.9999856948853,True,,True
223,CL,Sun,18:00,Out-of-Sample,2026-03-29T22:07:17.828950,2026-03-29 18:07:17,LONG,103.15999769419432,-359.99999195337296,True,,True
223,CL,Sun,18:00,Out-of-Sample,2026-03-29T22:09:06.987902,2026-03-29 18:09:06,SHORT,102.94999769888818,199.99999552965164,True,,True
223,CL,Sun,18:00,Out-of-Sample,2026-03-29T22:09:06.987902,2026-03-29 18:09:06,SHORT,102.94999769888818,599.9999865889549,True,,True
223,CL,Sun,18:00,Out-of-Sample,2026-03-29T22:09:06.987902,2026-03-29 18:09:06,SHORT,102.94999769888818,519.9999883770943,True,,True
223,CL,Sun,18:00,Out-of-Sample,2026-03-29T22:09:06.988025,2026-03-29 18:09:06,SHORT,102.94999769888818,469.99998949468136,True,,True
223,CL,Sun,18:00,Out-of-Sample,2026-03-29T22:09:06.988025,2026-03-29 18:09:06,SHORT,102.94999769888818,939.9999789893627,True,,True
223,CL,Sun,18:00,Out-of-Sample,2026-03-29T22:09:06.988025,2026-03-29 18:09:06,SHORT,102.94999769888818,869.9999805539846,True,,True
223,CL,Sun,18:00,Out-of-Sample,2026-03-29T22:12:27.401382,2026-03-29 18:12:27,SHORT,102.67999770492315,439.9999901652336,True,,True
223,CL,Sun,18:00,Out-of-Sample,2026-03-29T22:12:27.401382,2026-03-29 18:12:27,SHORT,102.67999770492315,9.999999776482582,True,,True
223,CL,Sun,18:00,Out-of-Sample,2026-03-29T22:14:37.630423,2026-03-29 18:14:37,SHORT,102.37999771162868,99.99999776482582,True,,True
223,CL,Sun,18:00,Out-of-Sample,2026-03-29T22:14:37.630423,2026-03-29 18:14:37,SHORT,102.37999771162868,19.999999552965164,True,,True
223,CL,Sun,18:00,Out-of-Sample,2026-03-29T22:14:49.084228,2026-03-29 18:14:49,SHORT,102.23999771475792,-839.9999812245369,True,,True
223,CL,Sun,18:00,Out-of-Sample,2026-03-29T22:14:49.084417,2026-03-29 18:14:49,SHORT,102.23999771475792,-839.9999812245369,True,,True
223,CL,Sun,18:00,Out-of-Sample,2026-03-29T22:16:13.128967,2026-03-29 18:16:13,LONG,102.81999770179391,-929.9999792128801,True,,True
223,CL,Sun,18:00,Out-of-Sample,2026-03-29T22:16:13.321687,2026-03-29 18:16:13,LONG,102.81999770179391,-639.9999856948853,True,,True
223,CL,Sun,18:00,Out-of-Sample,2026-03-29T22:17:06.017875,2026-03-29 18:17:06,SHORT,102.49999770894647,-79.99999821186066,True,,True
223,CL,Sun,18:00,Out-of-Sample,2026-03-29T22:20:54.409963,2026-03-29 18:20:54,SHORT,102.4799977093935,-899.9999798834324,True,,True
223,CL,Sun,18:00,Out-of-Sample,2026-03-29T22:20:58.410252,2026-03-29 18:20:58,SHORT,102.44999771006405,-989.9999778717756,True,,True
223,CL,Sun,18:00,Out-of-Sample,2026-03-29T22:21:08.319650,2026-03-29 18:21:08,SHORT,102.39999771118164,-809.9999818950891,True,,True
223,CL,Sun,18:00,Out-of-Sample,2026-03-29T22:21:08.536979,2026-03-29 18:21:08,SHORT,102.39999771118164,-809.9999818950891,True,,True
223,CL,Sun,18:00,Out-of-Sample,2026-03-29T22:23:41.917545,2026-03-29 18:23:41,LONG,102.5399977080524,19.999999552965164,True,,True
223,CL,Sun,18:00,Out-of-Sample,2026-03-29T22:26:15.392817,2026-03-29 18:26:15,LONG,102.82999770157039,-929.9999792128801,True,,True
223,CL,Sun,18:00,Out-of-Sample,2026-03-29T22:26:15.393287,2026-03-29 18:26:15,LONG,102.82999770157039,-89.99999798834324,True,,True
223,CL,Sun,18:00,Out-of-Sample,2026-03-29T22:26:15.487274,2026-03-29 18:26:15,LONG,102.83999770134687,-959.9999785423279,True,,True
223,CL,Sun,18:00,Out-of-Sample,2026-04-05T22:00:03.391435,2026-04-05 18:00:03,LONG,113.03999747335911,119.99999731779099,True,,True
223,CL,Sun,18:00,Out-of-Sample,2026-04-05T22:00:03.466697,2026-04-05 18:00:03,LONG,113.03999747335911,119.99999731779099,True,,True
223,CL,Sun,18:00,Out-of-Sample,2026-04-05T22:00:21.432996,2026-04-05 18:00:21,LONG,113.13999747112393,349.9999921768904,True,,True
223,CL,Sun,18:00,Out-of-Sample,2026-04-05T22:00:21.432996,2026-04-05 18:00:21,LONG,113.13999747112393,399.9999910593033,True,,True
223,CL,Sun,18:00,Out-of-Sample,2026-04-05T22:00:21.432996,2026-04-05 18:00:21,LONG,113.13999747112393,529.9999881535769,True,,True
223,CL,Sun,18:00,Out-of-Sample,2026-04-05T22:00:27.690125,2026-04-05 18:00:27,SHORT,113.19999746978283,-1259.9999718368053,True,,True
223,CL,Sun,18:00,Out-of-Sample,2026-04-05T22:00:35.599128,2026-04-05 18:00:35,LONG,113.62999746017158,169.9999962002039,True,,True
223,CL,Sun,18:00,Out-of-Sample,2026-04-05T22:00:35.599128,2026-04-05 18:00:35,LONG,113.62999746017158,199.99999552965164,True,,True
223,CL,Sun,18:00,Out-of-Sample,2026-04-05T22:00:35.599128,2026-04-05 18:00:35,LONG,113.62999746017158,449.9999899417162,True,,True
223,CL,Sun,18:00,Out-of-Sample,2026-04-05T22:00:35.628224,2026-04-05 18:00:35,LONG,113.69999745860696,289.9999935179949,True,,True
223,CL,Sun,18:00,Out-of-Sample,2026-04-05T22:00:35.628224,2026-04-05 18:00:35,LONG,113.69999745860696,739.9999834597111,True,,True
223,CL,Sun,18:00,Out-of-Sample,2026-04-05T22:00:35.628224,2026-04-05 18:00:35,LONG,113.69999745860696,829.9999814480543,True,,True
223,CL,Sun,18:00,Out-of-Sample,2026-04-05T22:00:41.300001,2026-04-05 18:00:41,LONG,114.73999743536115,-1619.9999637901783,True,,True
223,CL,Sun,18:00,Out-of-Sample,2026-04-05T22:00:50.132259,2026-04-05 18:00:50,SHORT,113.92999745346606,349.9999921768904,True,,True
223,CL,Sun,18:00,Out-of-Sample,2026-04-05T22:00:50.132259,2026-04-05 18:00:50,SHORT,113.92999745346606,129.99999709427357,True,,True
223,CL,Sun,18:00,Out-of-Sample,2026-04-05T22:01:08.527467,2026-04-05 18:01:08,SHORT,113.34999746643007,99.99999776482582,True,,True
223,CL,Sun,18:00,Out-of-Sample,2026-04-05T22:01:08.527467,2026-04-05 18:01:08,SHORT,113.34999746643007,-79.99999821186066,True,,True
223,CL,Sun,18:00,Out-of-Sample,2026-04-05T22:01:36.408196,2026-04-05 18:01:36,SHORT,113.01999747380614,-539.9999879300594,True,,True
223,CL,Sun,18:00,Out-of-Sample,2026-04-05T22:01:36.672945,2026-04-05 18:01:36,SHORT,112.99999747425318,-399.9999910593033,True,,True
223,CL,Sun,18:00,Out-of-Sample,2026-04-05T22:02:11.116779,2026-04-05 18:02:11,LONG,113.37999746575952,-179.99999597668648,True,,True
223,CL,Sun,18:00,Out-of-Sample,2026-04-05T22:03:31.979656,2026-04-05 18:03:31,LONG,113.69999745860696,-959.9999785423279,True,,True
223,CL,Sun,18:00,Out-of-Sample,2026-04-05T22:03:32.170299,2026-04-05 18:03:32,LONG,113.69999745860696,-659.9999852478504,True,,True
223,CL,Sun,18:00,Out-of-Sample,2026-04-05T22:04:49.937903,2026-04-05 18:04:49,LONG,113.54999746195972,199.99999552965164,True,,True
223,CL,Sun,18:00,Out-of-Sample,2026-04-05T22:04:49.937903,2026-04-05 18:04:49,LONG,113.54999746195972,399.9999910593033,True,,True
223,CL,Sun,18:00,Out-of-Sample,2026-04-05T22:04:49.937903,2026-04-05 18:04:49,LONG,113.54999746195972,379.9999915063381,True,,True
223,CL,Sun,18:00,Out-of-Sample,2026-04-05T22:05:17.096485,2026-04-05 18:05:17,LONG,113.679997459054,419.99999061226845,True,,True
223,CL,Sun,18:00,Out-of-Sample,2026-04-05T22:05:17.096485,2026-04-05 18:05:17,LONG,113.679997459054,1319.9999704957008,True,,True
223,CL,Sun,18:00,Out-of-Sample,2026-04-05T22:06:33.923303,2026-04-05 18:06:33,LONG,113.80999745614827,199.99999552965164,True,,True
223,CL,Sun,18:00,Out-of-Sample,2026-04-05T22:06:33.923303,2026-04-05 18:06:33,LONG,113.80999745614827,599.9999865889549,True,,True
223,CL,Sun,18:00,Out-of-Sample,2026-04-05T22:06:33.923303,2026-04-05 18:06:33,LONG,113.80999745614827,1139.9999745190144,True,,True
223,CL,Sun,18:00,Out-of-Sample,2026-04-05T22:06:54.620794,2026-04-05 18:06:54,LONG,113.92999745346606,149.99999664723873,True,,True
223,CL,Sun,18:00,Out-of-Sample,2026-04-05T22:06:54.620794,2026-04-05 18:06:54,LONG,113.92999745346606,299.99999329447746,True,,True
223,CL,Sun,18:00,Out-of-Sample,2026-04-05T22:06:54.620794,2026-04-05 18:06:54,LONG,113.92999745346606,299.99999329447746,True,,True
223,CL,Sun,18:00,Out-of-Sample,2026-04-05T22:06:54.621050,2026-04-05 18:06:54,LONG,113.92999745346606,299.99999329447746,True,,True
223,CL,Sun,18:00,Out-of-Sample,2026-04-05T22:06:54.621050,2026-04-05 18:06:54,LONG,113.92999745346606,769.9999827891588,True,,True
223,CL,Sun,18:00,Out-of-Sample,2026-04-05T22:06:54.621050,2026-04-05 18:06:54,LONG,113.92999745346606,659.9999852478504,True,,True
223,CL,Sun,18:00,Out-of-Sample,2026-04-05T22:09:22.562901,2026-04-05 18:09:22,LONG,114.69999743625522,299.99999329447746,True,,True
223,CL,Sun,18:00,Out-of-Sample,2026-04-05T22:09:22.562901,2026-04-05 18:09:22,LONG,114.69999743625522,599.9999865889549,True,,True
223,CL,Sun,18:00,Out-of-Sample,2026-04-05T22:09:22.562901,2026-04-05 18:09:22,LONG,114.69999743625522,409.99999083578587,True,,True
223,CL,Sun,18:00,Out-of-Sample,2026-04-05T22:09:22.687562,2026-04-05 18:09:22,LONG,114.7099974360317,169.9999962002039,True,,True
223,CL,Sun,18:00,Out-of-Sample,2026-04-05T22:09:22.687562,2026-04-05 18:09:22,LONG,114.7099974360317,119.99999731779099,True,,True
223,CL,Sun,18:00,Out-of-Sample,2026-04-05T22:09:34.316340,2026-04-05 18:09:34,LONG,114.89999743178487,-929.9999792128801,True,,True
223,CL,Sun,18:00,Out-of-Sample,2026-04-05T22:09:55.508713,2026-04-05 18:09:55,LONG,114.89999743178487,199.99999552965164,True,,True
223,CL,Sun,18:00,Out-of-Sample,2026-04-05T22:09:55.508713,2026-04-05 18:09:55,LONG,114.89999743178487,399.9999910593033,True,,True
223,CL,Sun,18:00,Out-of-Sample,2026-04-05T22:09:55.508713,2026-04-05 18:09:55,LONG,114.89999743178487,209.99999530613422,True,,True
223,CL,Sun,18:00,Out-of-Sample,2026-04-05T22:10:30.110009,2026-04-05 18:10:30,LONG,115.03999742865562,659.9999852478504,True,,True
223,CL,Sun,18:00,Out-of-Sample,2026-04-05T22:10:30.110117,2026-04-05 18:10:30,LONG,115.03999742865562,-719.9999839067459,True,,True
223,CL,Sun,18:00,Out-of-Sample,2026-04-05T22:10:30.779915,2026-04-05 18:10:30,LONG,115.44999741949141,-899.9999798834324,True,,True
223,CL,Sun,18:00,Out-of-Sample,2026-04-05T22:10:30.780089,2026-04-05 18:10:30,LONG,115.44999741949141,-899.9999798834324,True,,True
223,CL,Sun,18:00,Out-of-Sample,2026-04-05T22:10:30.926272,2026-04-05 18:10:30,LONG,115.41999742016196,-809.9999818950891,True,,True
223,CL,Sun,18:00,Out-of-Sample,2026-04-05T22:10:30.984564,2026-04-05 18:10:30,LONG,115.399997420609,-749.9999832361937,True,,True
223,CL,Sun,18:00,Out-of-Sample,2026-04-05T22:10:30.984822,2026-04-05 18:10:30,LONG,115.399997420609,-809.9999818950891,True,,True
223,CL,Sun,18:00,Out-of-Sample,2026-04-05T22:11:02.115747,2026-04-05 18:11:02,SHORT,115.06999742798507,459.9999897181988,True,,True
223,CL,Sun,18:00,Out-of-Sample,2026-04-05T22:11:02.115747,2026-04-05 18:11:02,SHORT,115.06999742798507,139.99999687075615,True,,True
223,CL,Sun,18:00,Out-of-Sample,2026-04-05T22:12:08.821961,2026-04-05 18:12:08,SHORT,114.81999743357301,199.99999552965164,True,,True
223,CL,Sun,18:00,Out-of-Sample,2026-04-05T22:12:08.821961,2026-04-05 18:12:08,SHORT,114.81999743357301,519.9999883770943,True,,True
223,CL,Sun,18:00,Out-of-Sample,2026-04-05T22:12:08.821961,2026-04-05 18:12:08,SHORT,114.81999743357301,399.9999910593033,True,,True
223,CL,Sun,18:00,Out-of-Sample,2026-04-05T22:12:08.918409,2026-04-05 18:12:08,SHORT,114.81999743357301,149.99999664723873,True,,True
223,CL,Sun,18:00,Out-of-Sample,2026-04-05T22:12:08.918409,2026-04-05 18:12:08,SHORT,114.81999743357301,-39.99999910593033,True,,True
223,CL,Sun,18:00,Out-of-Sample,2026-04-05T22:12:09.038012,2026-04-05 18:12:09,SHORT,114.81999743357301,519.9999883770943,True,,True
223,CL,Sun,18:00,Out-of-Sample,2026-04-05T22:12:09.038012,2026-04-05 18:12:09,SHORT,114.81999743357301,19.999999552965164,True,,True
223,CL,Sun,18:00,Out-of-Sample,2026-04-05T22:14:04.180690,2026-04-05 18:14:04,SHORT,114.36999744363129,149.99999664723873,True,,True
223,CL,Sun,18:00,Out-of-Sample,2026-04-05T22:14:04.180690,2026-04-05 18:14:04,SHORT,114.36999744363129,19.999999552965164,True,,True
223,CL,Sun,18:00,Out-of-Sample,2026-04-05T22:14:26.478946,2026-04-05 18:14:26,SHORT,114.20999744720757,-929.9999792128801,True,,True
223,CL,Sun,18:00,Out-of-Sample,2026-04-05T22:14:26.566042,2026-04-05 18:14:26,SHORT,114.20999744720757,-929.9999792128801,True,,True
223,CL,Sun,18:00,Out-of-Sample,2026-04-05T22:14:26.815752,2026-04-05 18:14:26,SHORT,114.20999744720757,-2249.999949708581,True,,True
223,CL,Sun,18:00,Out-of-Sample,2026-04-05T22:15:59.147116,2026-04-05 18:15:59,LONG,114.7699974346906,-899.9999798834324,True,,True
223,CL,Sun,18:00,Out-of-Sample,2026-04-05T22:18:08.077965,2026-04-05 18:18:08,LONG,114.82999743334949,149.99999664723873,True,,True
223,CL,Sun,18:00,Out-of-Sample,2026-04-05T22:18:08.077965,2026-04-05 18:18:08,LONG,114.82999743334949,-39.99999910593033,True,,True
223,CL,Sun,18:00,Out-of-Sample,2026-04-05T22:18:08.078316,2026-04-05 18:18:08,LONG,114.82999743334949,199.99999552965164,True,,True
223,CL,Sun,18:00,Out-of-Sample,2026-04-05T22:18:08.078316,2026-04-05 18:18:08,LONG,114.82999743334949,-539.9999879300594,True,,True
223,CL,Sun,18:00,Out-of-Sample,2026-04-05T22:18:08.078485,2026-04-05 18:18:08,LONG,114.82999743334949,-179.99999597668648,True,,True
223,CL,Sun,18:00,Out-of-Sample,2026-04-05T22:22:31.908092,2026-04-05 18:22:31,SHORT,114.62999743781984,-699.9999843537807,True,,True
223,CL,Sun,18:00,Out-of-Sample,2026-04-05T22:25:23.801998,2026-04-05 18:25:23,LONG,114.97999742999673,-679.9999848008156,True,,True
223,CL,Sun,18:00,Out-of-Sample,2026-04-12T22:00:22.492504,2026-04-12 18:00:22,LONG,104.72999765910208,-929.9999792128801,True,,True
223,CL,Sun,18:00,Out-of-Sample,2026-04-12T22:00:22.492624,2026-04-12 18:00:22,LONG,104.72999765910208,-929.9999792128801,True,,True
223,CL,Sun,18:00,Out-of-Sample,2026-04-12T22:01:23.388665,2026-04-12 18:01:23,SHORT,103.95999767631292,-659.9999852478504,True,,True
223,CL,Sun,18:00,Out-of-Sample,2026-04-12T22:01:36.074034,2026-04-12 18:01:36,LONG,104.28999766893685,-49.99999888241291,True,,True
223,CL,Sun,18:00,Out-of-Sample,2026-04-12T22:03:37.284985,2026-04-12 18:03:37,LONG,104.24999766983092,199.99999552965164,True,,True
223,CL,Sun,18:00,Out-of-Sample,2026-04-12T22:03:37.284985,2026-04-12 18:03:37,LONG,104.24999766983092,599.9999865889549,True,,True
223,CL,Sun,18:00,Out-of-Sample,2026-04-12T22:03:37.284985,2026-04-12 18:03:37,LONG,104.24999766983092,709.9999841302633,True,,True
223,CL,Sun,18:00,Out-of-Sample,2026-04-12T22:03:42.377443,2026-04-12 18:03:42,LONG,104.32999766804278,289.9999935179949,True,,True
223,CL,Sun,18:00,Out-of-Sample,2026-04-12T22:03:42.377443,2026-04-12 18:03:42,LONG,104.32999766804278,599.9999865889549,True,,True
223,CL,Sun,18:00,Out-of-Sample,2026-04-12T22:03:42.377443,2026-04-12 18:03:42,LONG,104.32999766804278,559.9999874830246,True,,True
223,CL,Sun,18:00,Out-of-Sample,2026-04-12T22:07:22.866767,2026-04-12 18:07:22,SHORT,104.95999765396118,199.99999552965164,True,,True
223,CL,Sun,18:00,Out-of-Sample,2026-04-12T22:07:22.866767,2026-04-12 18:07:22,SHORT,104.95999765396118,599.9999865889549,True,,True
223,CL,Sun,18:00,Out-of-Sample,2026-04-12T22:07:22.866767,2026-04-12 18:07:22,SHORT,104.95999765396118,609.9999863654375,True,,True
223,CL,Sun,18:00,Out-of-Sample,2026-04-12T22:12:20.494948,2026-04-12 18:12:20,SHORT,104.29999766871333,99.99999776482582,True,,True
223,CL,Sun,18:00,Out-of-Sample,2026-04-12T22:12:20.494948,2026-04-12 18:12:20,SHORT,104.29999766871333,199.99999552965164,True,,True
223,CL,Sun,18:00,Out-of-Sample,2026-04-12T22:12:20.494948,2026-04-12 18:12:20,SHORT,104.29999766871333,-49.99999888241291,True,,True
223,CL,Sun,18:00,Out-of-Sample,2026-04-12T22:12:20.576732,2026-04-12 18:12:20,SHORT,104.29999766871333,99.99999776482582,True,,True
223,CL,Sun,18:00,Out-of-Sample,2026-04-12T22:12:20.576732,2026-04-12 18:12:20,SHORT,104.29999766871333,199.99999552965164,True,,True
223,CL,Sun,18:00,Out-of-Sample,2026-04-12T22:12:20.576732,2026-04-12 18:12:20,SHORT,104.29999766871333,-39.99999910593033,True,,True
223,CL,Sun,18:00,Out-of-Sample,2026-04-12T22:12:20.576948,2026-04-12 18:12:20,SHORT,104.29999766871333,99.99999776482582,True,,True
223,CL,Sun,18:00,Out-of-Sample,2026-04-12T22:12:20.576948,2026-04-12 18:12:20,SHORT,104.29999766871333,199.99999552965164,True,,True
223,CL,Sun,18:00,Out-of-Sample,2026-04-12T22:12:20.576948,2026-04-12 18:12:20,SHORT,104.29999766871333,-39.99999910593033,True,,True
223,CL,Sun,18:00,Out-of-Sample,2026-04-12T22:17:36.975104,2026-04-12 18:17:36,SHORT,103.82999767921865,-959.9999785423279,True,,True
223,CL,Sun,18:00,Out-of-Sample,2026-04-12T22:21:45.595061,2026-04-12 18:21:45,LONG,104.44999766536057,209.99999530613422,True,,True
223,CL,Sun,18:00,Out-of-Sample,2026-04-12T22:21:45.595061,2026-04-12 18:21:45,LONG,104.44999766536057,399.9999910593033,True,,True
223,CL,Sun,18:00,Out-of-Sample,2026-04-19T22:00:03.676272,2026-04-19 18:00:03,SHORT,90.34999798052013,-519.9999883770943,True,,True
223,CL,Sun,18:00,Out-of-Sample,2026-04-19T22:00:03.676413,2026-04-19 18:00:03,SHORT,90.19999798387289,-669.999985024333,True,,True
223,CL,Sun,18:00,Out-of-Sample,2026-04-19T22:01:12.750352,2026-04-19 18:01:12,SHORT,90.69999797269702,99.99999776482582,True,,True
223,CL,Sun,18:00,Out-of-Sample,2026-04-19T22:01:12.750352,2026-04-19 18:01:12,SHORT,90.69999797269702,199.99999552965164,True,,True
223,CL,Sun,18:00,Out-of-Sample,2026-04-19T22:01:12.750352,2026-04-19 18:01:12,SHORT,90.69999797269702,449.9999899417162,True,,True
223,CL,Sun,18:00,Out-of-Sample,2026-04-19T22:01:12.750477,2026-04-19 18:01:12,SHORT,90.69999797269702,99.99999776482582,True,,True
223,CL,Sun,18:00,Out-of-Sample,2026-04-19T22:01:12.750477,2026-04-19 18:01:12,SHORT,90.69999797269702,199.99999552965164,True,,True
223,CL,Sun,18:00,Out-of-Sample,2026-04-19T22:01:12.750477,2026-04-19 18:01:12,SHORT,90.69999797269702,449.9999899417162,True,,True
223,CL,Sun,18:00,Out-of-Sample,2026-04-19T22:01:15.446786,2026-04-19 18:01:15,SHORT,90.35999798029661,-989.9999778717756,True,,True
223,CL,Sun,18:00,Out-of-Sample,2026-04-19T22:01:40.219017,2026-04-19 18:01:40,SHORT,90.45999797806144,199.99999552965164,True,,True
223,CL,Sun,18:00,Out-of-Sample,2026-04-19T22:01:40.219017,2026-04-19 18:01:40,SHORT,90.45999797806144,399.9999910593033,True,,True
223,CL,Sun,18:00,Out-of-Sample,2026-04-19T22:01:40.219017,2026-04-19 18:01:40,SHORT,90.45999797806144,749.9999832361937,True,,True
223,CL,Sun,18:00,Out-of-Sample,2026-04-19T22:01:41.255376,2026-04-19 18:01:41,SHORT,90.42999797873199,799.9999821186066,True,,True
223,CL,Sun,18:00,Out-of-Sample,2026-04-19T22:01:41.255376,2026-04-19 18:01:41,SHORT,90.42999797873199,649.9999854713678,True,,True
223,CL,Sun,18:00,Out-of-Sample,2026-04-19T22:01:41.255648,2026-04-19 18:01:41,SHORT,90.42999797873199,799.9999821186066,True,,True
223,CL,Sun,18:00,Out-of-Sample,2026-04-19T22:01:41.255648,2026-04-19 18:01:41,SHORT,90.42999797873199,649.9999854713678,True,,True
223,CL,Sun,18:00,Out-of-Sample,2026-04-19T22:01:41.443814,2026-04-19 18:01:41,SHORT,90.43999797850847,799.9999821186066,True,,True
223,CL,Sun,18:00,Out-of-Sample,2026-04-19T22:01:41.443814,2026-04-19 18:01:41,SHORT,90.43999797850847,779.9999825656414,True,,True
223,CL,Sun,18:00,Out-of-Sample,2026-04-19T22:01:49.194825,2026-04-19 18:01:49,SHORT,90.37999797984958,99.99999776482582,True,,True
223,CL,Sun,18:00,Out-of-Sample,2026-04-19T22:01:49.194825,2026-04-19 18:01:49,SHORT,90.37999797984958,-59.99999865889549,True,,True
223,CL,Sun,18:00,Out-of-Sample,2026-04-19T22:01:49.320591,2026-04-19 18:01:49,SHORT,90.3699979800731,99.99999776482582,True,,True
223,CL,Sun,18:00,Out-of-Sample,2026-04-19T22:01:49.320591,2026-04-19 18:01:49,SHORT,90.3699979800731,-119.99999731779099,True,,True
223,CL,Sun,18:00,Out-of-Sample,2026-04-19T22:02:42.769334,2026-04-19 18:02:42,SHORT,90.14999798499048,609.9999863654375,True,,True
223,CL,Sun,18:00,Out-of-Sample,2026-04-19T22:02:42.769334,2026-04-19 18:02:42,SHORT,90.14999798499048,369.99999172985554,True,,True
223,CL,Sun,18:00,Out-of-Sample,2026-04-19T22:02:44.238445,2026-04-19 18:02:44,SHORT,90.0199979878962,99.99999776482582,True,,True
223,CL,Sun,18:00,Out-of-Sample,2026-04-19T22:02:44.238445,2026-04-19 18:02:44,SHORT,90.0199979878962,199.99999552965164,True,,True
223,CL,Sun,18:00,Out-of-Sample,2026-04-19T22:02:44.238445,2026-04-19 18:02:44,SHORT,90.0199979878962,449.9999899417162,True,,True
223,CL,Sun,18:00,Out-of-Sample,2026-04-19T22:02:44.238634,2026-04-19 18:02:44,SHORT,90.0199979878962,99.99999776482582,True,,True
223,CL,Sun,18:00,Out-of-Sample,2026-04-19T22:02:44.238634,2026-04-19 18:02:44,SHORT,90.0199979878962,199.99999552965164,True,,True
223,CL,Sun,18:00,Out-of-Sample,2026-04-19T22:02:44.238634,2026-04-19 18:02:44,SHORT,90.0199979878962,449.9999899417162,True,,True
223,CL,Sun,18:00,Out-of-Sample,2026-04-19T22:02:44.332233,2026-04-19 18:02:44,SHORT,90.0199979878962,199.99999552965164,True,,True
223,CL,Sun,18:00,Out-of-Sample,2026-04-19T22:02:44.332233,2026-04-19 18:02:44,SHORT,90.0199979878962,599.9999865889549,True,,True
223,CL,Sun,18:00,Out-of-Sample,2026-04-19T22:02:44.332233,2026-04-19 18:02:44,SHORT,90.0199979878962,239.99999463558197,True,,True
223,CL,Sun,18:00,Out-of-Sample,2026-04-19T22:03:03.528409,2026-04-19 18:03:03,SHORT,89.51999799907207,-779.9999825656414,True,,True
223,CL,Sun,18:00,Out-of-Sample,2026-04-19T22:03:03.528563,2026-04-19 18:03:03,SHORT,89.51999799907207,99.99999776482582,True,,True
223,CL,Sun,18:00,Out-of-Sample,2026-04-19T22:03:03.528563,2026-04-19 18:03:03,SHORT,89.51999799907207,-59.99999865889549,True,,True
223,CL,Sun,18:00,Out-of-Sample,2026-04-19T22:03:03.616628,2026-04-19 18:03:03,SHORT,89.53999799862504,-359.99999195337296,True,,True
223,CL,Sun,18:00,Out-of-Sample,2026-04-19T22:03:03.616758,2026-04-19 18:03:03,SHORT,89.53999799862504,599.9999865889549,True,,True
223,CL,Sun,18:00,Out-of-Sample,2026-04-19T22:03:03.616758,2026-04-19 18:03:03,SHORT,89.53999799862504,59.99999865889549,True,,True
223,CL,Sun,18:00,Out-of-Sample,2026-04-19T22:06:51.666431,2026-04-19 18:06:51,SHORT,89.83999799191952,-899.9999798834324,True,,True
223,CL,Sun,18:00,Out-of-Sample,2026-04-19T22:08:18.201418,2026-04-19 18:08:18,SHORT,89.81999799236655,599.9999865889549,True,,True
223,CL,Sun,18:00,Out-of-Sample,2026-04-19T22:08:18.201418,2026-04-19 18:08:18,SHORT,89.81999799236655,459.9999897181988,True,,True
223,CL,Sun,18:00,Out-of-Sample,2026-04-19T22:09:03.394750,2026-04-19 18:09:03,SHORT,89.75999799370766,199.99999552965164,True,,True
223,CL,Sun,18:00,Out-of-Sample,2026-04-19T22:09:03.394750,2026-04-19 18:09:03,SHORT,89.75999799370766,599.9999865889549,True,,True
223,CL,Sun,18:00,Out-of-Sample,2026-04-19T22:09:03.394750,2026-04-19 18:09:03,SHORT,89.75999799370766,399.9999910593033,True,,True
223,CL,Sun,18:00,Out-of-Sample,2026-04-19T22:10:00.690080,2026-04-19 18:10:00,SHORT,89.34999800287187,-1499.9999664723873,True,,True
223,CL,Sun,18:00,Out-of-Sample,2026-04-19T22:10:00.755732,2026-04-19 18:10:00,SHORT,89.34999800287187,-2249.999949708581,True,,True
223,CL,Sun,18:00,Out-of-Sample,2026-04-19T22:10:00.756065,2026-04-19 18:10:00,SHORT,89.34999800287187,-1499.9999664723873,True,,True
223,CL,Sun,18:00,Out-of-Sample,2026-04-19T22:10:00.908398,2026-04-19 18:10:00,SHORT,89.34999800287187,-1499.9999664723873,True,,True
223,CL,Sun,18:00,Out-of-Sample,2026-04-19T22:10:00.911421,2026-04-19 18:10:00,SHORT,89.36999800242484,199.99999552965164,True,,True
223,CL,Sun,18:00,Out-of-Sample,2026-04-19T22:10:00.911421,2026-04-19 18:10:00,SHORT,89.36999800242484,609.9999863654375,True,,True
223,CL,Sun,18:00,Out-of-Sample,2026-04-19T22:10:00.911421,2026-04-19 18:10:00,SHORT,89.36999800242484,159.9999964237213,True,,True
223,CL,Sun,18:00,Out-of-Sample,2026-04-19T22:13:38.666813,2026-04-19 18:13:38,SHORT,89.20999800600111,-869.9999805539846,True,,True
223,CL,Sun,18:00,Out-of-Sample,2026-04-19T22:19:33.693133,2026-04-19 18:19:33,SHORT,89.1599980071187,-679.9999848008156,True,,True
223,CL,Sun,18:00,Out-of-Sample,2026-04-19T22:20:58.770874,2026-04-19 18:20:58,LONG,89.74999799393117,-1019.9999772012234,True,,True
223,CL,Sun,18:00,Out-of-Sample,2026-04-19T22:20:58.771005,2026-04-19 18:20:58,LONG,89.74999799393117,-1019.9999772012234,True,,True
223,CL,Sun,18:00,Out-of-Sample,2026-04-19T22:29:24.846739,2026-04-19 18:29:24,LONG,89.80999799259007,199.99999552965164,True,,True
223,CL,Sun,18:00,Out-of-Sample,2026-04-19T22:29:24.846739,2026-04-19 18:29:24,LONG,89.80999799259007,619.9999861419201,True,,True
223,CL,Sun,18:00,Out-of-Sample,2026-04-19T22:29:24.846739,2026-04-19 18:29:24,LONG,89.80999799259007,569.9999872595072,True,,True
223,CL,Sun,18:00,Out-of-Sample,2026-04-19T22:29:24.847711,2026-04-19 18:29:24,LONG,89.80999799259007,-79.99999821186066,True,,True
223,CL,Sun,18:00,Out-of-Sample,2026-04-19T22:29:26.910568,2026-04-19 18:29:26,LONG,89.92999798990786,199.99999552965164,True,,True
223,CL,Sun,18:00,Out-of-Sample,2026-04-19T22:29:26.910568,2026-04-19 18:29:26,LONG,89.92999798990786,-719.9999839067459,True,,True
223,CL,Sun,18:00,Out-of-Sample,2026-05-03T22:00:01.705302,2026-05-03 18:00:01,LONG,99.52999777533114,79.99999821186066,True,,True
223,CL,Sun,18:00,Out-of-Sample,2026-05-03T22:00:14.781066,2026-05-03 18:00:14,LONG,99.6699977722019,589.9999868124723,True,,True
223,CL,Sun,18:00,Out-of-Sample,2026-05-03T22:00:14.781066,2026-05-03 18:00:14,LONG,99.6699977722019,319.9999928474426,True,,True
223,CL,Sun,18:00,Out-of-Sample,2026-05-03T22:00:16.656771,2026-05-03 18:00:16,LONG,99.88999776728451,369.99999172985554,True,,True
223,CL,Sun,18:00,Out-of-Sample,2026-05-03T22:00:16.656771,2026-05-03 18:00:16,LONG,99.88999776728451,39.99999910593033,True,,True
223,CL,Sun,18:00,Out-of-Sample,2026-05-03T22:00:19.250774,2026-05-03 18:00:19,LONG,99.78999776951969,-299.99999329447746,True,,True
223,CL,Sun,18:00,Out-of-Sample,2026-05-03T22:00:20.844718,2026-05-03 18:00:20,SHORT,100.25999775901437,79.99999821186066,True,,True
223,CL,Sun,18:00,Out-of-Sample,2026-05-03T22:00:21.018727,2026-05-03 18:00:21,LONG,100.17999776080251,99.99999776482582,True,,True
223,CL,Sun,18:00,Out-of-Sample,2026-05-03T22:00:21.018727,2026-05-03 18:00:21,LONG,100.17999776080251,-759.9999830126762,True,,True
223,CL,Sun,18:00,Out-of-Sample,2026-05-03T22:00:21.095465,2026-05-03 18:00:21,LONG,100.17999776080251,-459.9999897181988,True,,True
223,CL,Sun,18:00,Out-of-Sample,2026-05-03T22:00:30.250370,2026-05-03 18:00:30,LONG,100.27999775856733,-539.9999879300594,True,,True
223,CL,Sun,18:00,Out-of-Sample,2026-05-03T22:00:30.383906,2026-05-03 18:00:30,LONG,100.27999775856733,-1319.9999704957008,True,,True
223,CL,Sun,18:00,Out-of-Sample,2026-05-03T22:00:30.384310,2026-05-03 18:00:30,LONG,100.27999775856733,-899.9999798834324,True,,True
223,CL,Sun,18:00,Out-of-Sample,2026-05-03T22:00:36.317092,2026-05-03 18:00:36,SHORT,99.899997767061,199.99999552965164,True,,True
223,CL,Sun,18:00,Out-of-Sample,2026-05-03T22:00:36.317092,2026-05-03 18:00:36,SHORT,99.899997767061,-819.9999816715717,True,,True
223,CL,Sun,18:00,Out-of-Sample,2026-05-03T22:01:25.140228,2026-05-03 18:01:25,SHORT,99.79999776929617,69.99999843537807,True,,True
223,CL,Sun,18:00,Out-of-Sample,2026-05-03T22:01:27.264849,2026-05-03 18:01:27,SHORT,99.65999777242541,-899.9999798834324,True,,True
223,CL,Sun,18:00,Out-of-Sample,2026-05-03T22:01:27.389716,2026-05-03 18:01:27,SHORT,99.73999777063727,-659.9999852478504,True,,True
223,CL,Sun,18:00,Out-of-Sample,2026-05-03T22:01:49.197184,2026-05-03 18:01:49,SHORT,99.79999776929617,-399.9999910593033,True,,True
223,CL,Sun,18:00,Out-of-Sample,2026-05-03T22:01:49.269300,2026-05-03 18:01:49,SHORT,99.79999776929617,-599.9999865889549,True,,True
223,CL,Sun,18:00,Out-of-Sample,2026-05-03T22:01:49.434759,2026-05-03 18:01:49,SHORT,99.79999776929617,-399.9999910593033,True,,True
223,CL,Sun,18:00,Out-of-Sample,2026-05-03T22:01:49.434878,2026-05-03 18:01:49,SHORT,99.79999776929617,-599.9999865889549,True,,True
223,CL,Sun,18:00,Out-of-Sample,2026-05-03T22:01:49.434998,2026-05-03 18:01:49,SHORT,99.79999776929617,-399.9999910593033,True,,True
223,CL,Sun,18:00,Out-of-Sample,2026-05-03T22:02:54.711865,2026-05-03 18:02:54,LONG,100.08999776281416,-179.99999597668648,True,,True
223,CL,Sun,18:00,Out-of-Sample,2026-05-03T22:02:54.784460,2026-05-03 18:02:54,LONG,100.08999776281416,199.99999552965164,True,,True
223,CL,Sun,18:00,Out-of-Sample,2026-05-03T22:02:54.784460,2026-05-03 18:02:54,LONG,100.08999776281416,-299.99999329447746,True,,True
223,CL,Sun,18:00,Out-of-Sample,2026-05-03T22:02:54.784644,2026-05-03 18:02:54,LONG,100.08999776281416,409.99999083578587,True,,True
223,CL,Sun,18:00,Out-of-Sample,2026-05-03T22:02:54.784644,2026-05-03 18:02:54,LONG,100.08999776281416,839.9999812245369,True,,True
223,CL,Sun,18:00,Out-of-Sample,2026-05-03T22:02:54.784644,2026-05-03 18:02:54,LONG,100.08999776281416,1309.9999707192183,True,,True
223,CL,Sun,18:00,Out-of-Sample,2026-05-03T22:02:54.784789,2026-05-03 18:02:54,LONG,100.08999776281416,199.99999552965164,True,,True
223,CL,Sun,18:00,Out-of-Sample,2026-05-03T22:02:54.784789,2026-05-03 18:02:54,LONG,100.08999776281416,-319.9999928474426,True,,True
223,CL,Sun,18:00,Out-of-Sample,2026-05-03T22:03:12.318795,2026-05-03 18:03:12,SHORT,100.19999776035547,199.99999552965164,True,,True
223,CL,Sun,18:00,Out-of-Sample,2026-05-03T22:03:12.318795,2026-05-03 18:03:12,SHORT,100.19999776035547,239.99999463558197,True,,True
223,CL,Sun,18:00,Out-of-Sample,2026-05-03T22:04:57.190939,2026-05-03 18:04:57,SHORT,99.92999776639044,-269.9999939650297,True,,True
223,CL,Sun,18:00,Out-of-Sample,2026-05-03T22:04:57.277425,2026-05-03 18:04:57,SHORT,99.92999776639044,-389.9999912828207,True,,True
223,CL,Sun,18:00,Out-of-Sample,2026-05-03T22:04:57.433603,2026-05-03 18:04:57,SHORT,99.92999776639044,-869.9999805539846,True,,True
223,CL,Sun,18:00,Out-of-Sample,2026-05-03T22:05:20.097595,2026-05-03 18:05:20,LONG,100.05999776348472,-179.99999597668648,True,,True
223,CL,Sun,18:00,Out-of-Sample,2026-05-03T22:06:02.916666,2026-05-03 18:06:02,SHORT,99.96999776549637,-219.9999950826168,True,,True
223,CL,Sun,18:00,Out-of-Sample,2026-05-03T22:06:07.201737,2026-05-03 18:06:07,SHORT,99.95999776571989,-719.9999839067459,True,,True
223,CL,Sun,18:00,Out-of-Sample,2026-05-03T22:09:06.796604,2026-05-03 18:09:06,LONG,100.07999776303768,199.99999552965164,True,,True
223,CL,Sun,18:00,Out-of-Sample,2026-05-03T22:09:06.796604,2026-05-03 18:09:06,LONG,100.07999776303768,399.9999910593033,True,,True
223,CL,Sun,18:00,Out-of-Sample,2026-05-03T22:09:06.796604,2026-05-03 18:09:06,LONG,100.07999776303768,379.9999915063381,True,,True
223,CL,Sun,18:00,Out-of-Sample,2026-05-03T22:09:06.796811,2026-05-03 18:09:06,LONG,100.07999776303768,-59.99999865889549,True,,True
223,CL,Sun,18:00,Out-of-Sample,2026-05-03T22:11:16.791924,2026-05-03 18:11:16,SHORT,100.04999776370823,-479.99998927116394,True,,True
223,CL,Sun,18:00,Out-of-Sample,2026-05-03T22:16:17.798287,2026-05-03 18:16:17,LONG,100.60999775119126,-329.9999926239252,True,,True
223,CL,Sun,18:00,Out-of-Sample,2026-05-03T22:16:17.891802,2026-05-03 18:16:17,LONG,100.6399977505207,-419.99999061226845,True,,True
223,CL,Sun,18:00,Out-of-Sample,2026-05-03T22:16:41.740599,2026-05-03 18:16:41,SHORT,100.4099977556616,-569.9999872595072,True,,True
223,CL,Sun,18:00,Out-of-Sample,2026-05-03T22:19:08.304545,2026-05-03 18:19:08,LONG,100.59999775141478,199.99999552965164,True,,True
223,CL,Sun,18:00,Out-of-Sample,2026-05-03T22:19:08.304545,2026-05-03 18:19:08,LONG,100.59999775141478,399.9999910593033,True,,True
223,CL,Sun,18:00,Out-of-Sample,2026-05-03T22:19:08.304545,2026-05-03 18:19:08,LONG,100.59999775141478,769.9999827891588,True,,True
223,CL,Sun,18:00,Out-of-Sample,2026-05-03T22:19:22.775244,2026-05-03 18:19:22,LONG,100.70999774895608,339.9999924004078,True,,True
223,CL,Sun,18:00,Out-of-Sample,2026-05-03T22:19:22.775244,2026-05-03 18:19:22,LONG,100.70999774895608,569.9999872595072,True,,True
223,CL,Sun,18:00,Out-of-Sample,2026-05-03T22:21:29.432424,2026-05-03 18:21:29,LONG,100.9899977426976,199.99999552965164,True,,True
223,CL,Sun,18:00,Out-of-Sample,2026-05-03T22:21:29.432424,2026-05-03 18:21:29,LONG,100.9899977426976,339.9999924004078,True,,True
223,CL,Sun,18:00,Out-of-Sample,2026-05-03T22:21:35.714050,2026-05-03 18:21:35,LONG,101.07999774068594,99.99999776482582,True,,True
223,CL,Sun,18:00,Out-of-Sample,2026-05-03T22:21:35.714050,2026-05-03 18:21:35,LONG,101.07999774068594,199.99999552965164,True,,True
223,CL,Sun,18:00,Out-of-Sample,2026-05-03T22:21:35.714050,2026-05-03 18:21:35,LONG,101.07999774068594,449.9999899417162,True,,True
223,CL,Sun,18:00,Out-of-Sample,2026-05-03T22:23:32.267879,2026-05-03 18:23:32,SHORT,101.2199977375567,-869.9999805539846,True,,True
223,CL,Sun,18:00,Out-of-Sample,2026-05-03T22:24:26.907425,2026-05-03 18:24:26,SHORT,101.19999773800373,-499.9999888241291,True,,True
223,CL,Sun,18:00,Out-of-Sample,2026-05-03T22:26:57.236660,2026-05-03 18:26:57,SHORT,101.20999773778021,-279.9999937415123,True,,True
223,CL,Sun,18:00,Out-of-Sample,2026-05-10T22:00:48.892340,2026-05-10 18:00:48,SHORT,98.00999780930579,-29.999999329447746,True,,True
223,CL,Sun,18:00,Out-of-Sample,2026-05-10T22:00:49.017523,2026-05-10 18:00:49,SHORT,97.95999781042337,209.99999530613422,True,,True
223,CL,Sun,18:00,Out-of-Sample,2026-05-10T22:00:49.017523,2026-05-10 18:00:49,SHORT,97.95999781042337,-659.9999852478504,True,,True
223,CL,Sun,18:00,Out-of-Sample,2026-05-10T22:00:49.018277,2026-05-10 18:00:49,SHORT,97.95999781042337,209.99999530613422,True,,True
223,CL,Sun,18:00,Out-of-Sample,2026-05-10T22:00:49.018277,2026-05-10 18:00:49,SHORT,97.95999781042337,-399.9999910593033,True,,True
223,CL,Sun,18:00,Out-of-Sample,2026-05-10T22:01:04.396926,2026-05-10 18:01:04,LONG,98.15999780595303,199.99999552965164,True,,True
223,CL,Sun,18:00,Out-of-Sample,2026-05-10T22:01:04.396926,2026-05-10 18:01:04,LONG,98.15999780595303,399.9999910593033,True,,True
223,CL,Sun,18:00,Out-of-Sample,2026-05-10T22:01:04.396926,2026-05-10 18:01:04,LONG,98.15999780595303,189.99999575316906,True,,True
223,CL,Sun,18:00,Out-of-Sample,2026-05-10T22:01:39.995634,2026-05-10 18:01:39,LONG,98.17999780550599,199.99999552965164,True,,True
223,CL,Sun,18:00,Out-of-Sample,2026-05-10T22:01:39.995634,2026-05-10 18:01:39,LONG,98.17999780550599,59.99999865889549,True,,True
223,CL,Sun,18:00,Out-of-Sample,2026-05-10T22:02:14.908965,2026-05-10 18:02:14,LONG,98.41999780014157,-119.99999731779099,True,,True
223,CL,Sun,18:00,Out-of-Sample,2026-05-10T22:02:15.033205,2026-05-10 18:02:15,LONG,98.41999780014157,-989.9999778717756,True,,True
223,CL,Sun,18:00,Out-of-Sample,2026-05-10T22:03:58.850510,2026-05-10 18:03:58,LONG,98.5199977979064,-599.9999865889549,True,,True
223,CL,Sun,18:00,Out-of-Sample,2026-05-10T22:04:41.129052,2026-05-10 18:04:41,SHORT,98.16999780572951,199.99999552965164,True,,True
223,CL,Sun,18:00,Out-of-Sample,2026-05-10T22:04:41.129052,2026-05-10 18:04:41,SHORT,98.16999780572951,399.9999910593033,True,,True
223,CL,Sun,18:00,Out-of-Sample,2026-05-10T22:04:41.129052,2026-05-10 18:04:41,SHORT,98.16999780572951,399.9999910593033,True,,True
223,CL,Sun,18:00,Out-of-Sample,2026-05-10T22:05:55.817890,2026-05-10 18:05:55,SHORT,98.07999780774117,199.99999552965164,True,,True
223,CL,Sun,18:00,Out-of-Sample,2026-05-10T22:05:55.817890,2026-05-10 18:05:55,SHORT,98.07999780774117,399.9999910593033,True,,True
223,CL,Sun,18:00,Out-of-Sample,2026-05-10T22:16:51.346470,2026-05-10 18:16:51,SHORT,97.78999781422317,-269.9999939650297,True,,True
223,CL,Sun,18:00,Out-of-Sample,2026-05-10T22:17:53.329078,2026-05-10 18:17:53,LONG,98.14999780617654,199.99999552965164,True,,True
223,CL,Sun,18:00,Out-of-Sample,2026-05-10T22:17:53.329078,2026-05-10 18:17:53,LONG,98.14999780617654,159.9999964237213,True,,True
223,CL,Sun,18:00,Out-of-Sample,2026-05-10T22:17:53.482845,2026-05-10 18:17:53,LONG,98.17999780550599,-839.9999812245369,True,,True
223,CL,Sun,18:00,Out-of-Sample,2026-05-24T22:00:03.408937,2026-05-24 18:00:03,SHORT,92.99999792128801,199.99999552965164,True,,True
223,CL,Sun,18:00,Out-of-Sample,2026-05-24T22:00:03.408937,2026-05-24 18:00:03,SHORT,92.99999792128801,599.9999865889549,True,,True
223,CL,Sun,18:00,Out-of-Sample,2026-05-24T22:00:03.408937,2026-05-24 18:00:03,SHORT,92.99999792128801,1149.999974295497,True,,True
223,CL,Sun,18:00,Out-of-Sample,2026-05-24T22:00:03.502682,2026-05-24 18:00:03,SHORT,92.99999792128801,-779.9999825656414,True,,True
223,CL,Sun,18:00,Out-of-Sample,2026-05-24T22:00:03.502980,2026-05-24 18:00:03,SHORT,92.99999792128801,199.99999552965164,True,,True
223,CL,Sun,18:00,Out-of-Sample,2026-05-24T22:00:03.502980,2026-05-24 18:00:03,SHORT,92.99999792128801,599.9999865889549,True,,True
223,CL,Sun,18:00,Out-of-Sample,2026-05-24T22:00:03.502980,2026-05-24 18:00:03,SHORT,92.99999792128801,409.99999083578587,True,,True
223,CL,Sun,18:00,Out-of-Sample,2026-05-24T22:00:03.503272,2026-05-24 18:00:03,SHORT,92.99999792128801,199.99999552965164,True,,True
223,CL,Sun,18:00,Out-of-Sample,2026-05-24T22:00:03.503272,2026-05-24 18:00:03,SHORT,92.99999792128801,599.9999865889549,True,,True
223,CL,Sun,18:00,Out-of-Sample,2026-05-24T22:00:03.503272,2026-05-24 18:00:03,SHORT,92.99999792128801,339.9999924004078,True,,True
223,CL,Sun,18:00,Out-of-Sample,2026-05-24T22:00:03.503450,2026-05-24 18:00:03,SHORT,92.99999792128801,-779.9999825656414,True,,True
223,CL,Sun,18:00,Out-of-Sample,2026-05-24T22:00:03.503596,2026-05-24 18:00:03,SHORT,92.99999792128801,-779.9999825656414,True,,True
223,CL,Sun,18:00,Out-of-Sample,2026-05-24T22:00:03.503636,2026-05-24 18:00:03,SHORT,92.99999792128801,-319.9999928474426,True,,True
223,CL,Sun,18:00,Out-of-Sample,2026-05-24T22:00:04.191412,2026-05-24 18:00:04,LONG,93.579997908324,-3149.9999295920134,True,,True
223,CL,Sun,18:00,Out-of-Sample,2026-05-24T22:00:25.946526,2026-05-24 18:00:25,SHORT,92.82999792508781,159.9999964237213,True,,True
223,CL,Sun,18:00,Out-of-Sample,2026-05-24T22:01:05.335727,2026-05-24 18:01:05,LONG,92.55999793112278,199.99999552965164,True,,True
223,CL,Sun,18:00,Out-of-Sample,2026-05-24T22:01:05.335727,2026-05-24 18:01:05,LONG,92.55999793112278,-459.9999897181988,True,,True
223,CL,Sun,18:00,Out-of-Sample,2026-05-24T22:01:19.862565,2026-05-24 18:01:19,LONG,92.6599979288876,-959.9999785423279,True,,True
223,CL,Sun,18:00,Out-of-Sample,2026-05-24T22:01:50.492724,2026-05-24 18:01:50,SHORT,92.49999793246388,119.99999731779099,True,,True
223,CL,Sun,18:00,Out-of-Sample,2026-05-24T22:02:26.374417,2026-05-24 18:02:26,LONG,92.43999793380499,-389.9999912828207,True,,True
223,CL,Sun,18:00,Out-of-Sample,2026-05-24T22:02:26.499288,2026-05-24 18:02:26,LONG,92.43999793380499,-579.9999870359898,True,,True
223,CL,Sun,18:00,Out-of-Sample,2026-05-24T22:02:55.691783,2026-05-24 18:02:55,SHORT,92.09999794140458,-239.99999463558197,True,,True
223,CL,Sun,18:00,Out-of-Sample,2026-05-24T22:03:38.909130,2026-05-24 18:03:38,LONG,92.38999793492258,-499.9999888241291,True,,True
223,CL,Sun,18:00,Out-of-Sample,2026-05-24T22:04:39.991772,2026-05-24 18:04:39,SHORT,92.13999794051051,-79.99999821186066,True,,True
223,CL,Sun,18:00,Out-of-Sample,2026-05-24T22:05:25.218334,2026-05-24 18:05:25,SHORT,91.92999794520438,-929.9999792128801,True,,True
223,CL,Sun,18:00,Out-of-Sample,2026-05-24T22:05:25.320443,2026-05-24 18:05:25,SHORT,91.93999794498086,-419.99999061226845,True,,True
223,CL,Sun,18:00,Out-of-Sample,2026-05-24T22:06:20.978529,2026-05-24 18:06:20,LONG,92.17999793961644,-319.9999928474426,True,,True
223,CL,Sun,18:00,Out-of-Sample,2026-05-24T22:07:08.992686,2026-05-24 18:07:08,SHORT,92.01999794319272,429.99999038875103,True,,True
223,CL,Sun,18:00,Out-of-Sample,2026-05-24T22:07:08.992686,2026-05-24 18:07:08,SHORT,92.01999794319272,369.99999172985554,True,,True
223,CL,Sun,18:00,Out-of-Sample,2026-05-24T22:09:24.523353,2026-05-24 18:09:24,SHORT,91.71999794989824,199.99999552965164,True,,True
223,CL,Sun,18:00,Out-of-Sample,2026-05-24T22:09:24.523353,2026-05-24 18:09:24,SHORT,91.71999794989824,-279.9999937415123,True,,True
223,CL,Sun,18:00,Out-of-Sample,2026-05-24T22:11:50.035402,2026-05-24 18:11:50,LONG,91.64999795146286,449.9999899417162,True,,True
223,CL,Sun,18:00,Out-of-Sample,2026-05-24T22:11:50.035402,2026-05-24 18:11:50,LONG,91.64999795146286,329.9999926239252,True,,True
223,CL,Sun,18:00,Out-of-Sample,2026-05-24T22:11:59.829816,2026-05-24 18:11:59,LONG,91.859997946769,199.99999552965164,True,,True
223,CL,Sun,18:00,Out-of-Sample,2026-05-24T22:11:59.829816,2026-05-24 18:11:59,LONG,91.859997946769,159.9999964237213,True,,True
223,CL,Sun,18:00,Out-of-Sample,2026-05-24T22:29:48.072030,2026-05-24 18:29:48,LONG,92.10999794118106,-569.9999872595072,True,,True
223,CL,Sun,18:00,Out-of-Sample,2026-05-24T22:29:48.340786,2026-05-24 18:29:48,LONG,92.10999794118106,-2069.9999537318945,True,,True
223,CL,Sun,18:00,Out-of-Sample,2026-05-24T22:29:48.419994,2026-05-24 18:29:48,LONG,92.10999794118106,-1379.9999691545963,True,,True
223,CL,Sun,18:00,Out-of-Sample,2026-05-24T22:29:48.420067,2026-05-24 18:29:48,LONG,92.10999794118106,-2069.9999537318945,True,,True
223,CL,Sun,18:00,Out-of-Sample,2026-05-24T22:29:48.550418,2026-05-24 18:29:48,LONG,92.10999794118106,-1379.9999691545963,True,,True
223,CL,Sun,18:00,Out-of-Sample,2026-05-24T22:29:48.550706,2026-05-24 18:29:48,LONG,92.10999794118106,-1379.9999691545963,True,,True
223,CL,Sun,18:00,Out-of-Sample,2026-05-24T22:29:54.137155,2026-05-24 18:29:54,LONG,92.12999794073403,-869.9999805539846,True,,True
223,CL,Sun,18:00,Out-of-Sample,2026-05-24T22:29:54.137440,2026-05-24 18:29:54,LONG,92.12999794073403,-869.9999805539846,True,,True
223,CL,Sun,18:00,Out-of-Sample,2026-05-31T22:01:20.056722,2026-05-31 18:01:20,SHORT,88.8199980147183,-629.9999859184027,True,,True
223,CL,Sun,18:00,Out-of-Sample,2026-05-31T22:01:20.132546,2026-05-31 18:01:20,SHORT,88.8199980147183,-569.9999872595072,True,,True
223,CL,Sun,18:00,Out-of-Sample,2026-05-31T22:01:20.257900,2026-05-31 18:01:20,SHORT,88.8199980147183,-569.9999872595072,True,,True
223,CL,Sun,18:00,Out-of-Sample,2026-05-31T22:01:31.576216,2026-05-31 18:01:31,SHORT,88.7599980160594,-399.9999910593033,True,,True
223,CL,Sun,18:00,Out-of-Sample,2026-05-31T22:03:22.666233,2026-05-31 18:03:22,LONG,89.17999800667167,199.99999552965164,True,,True
223,CL,Sun,18:00,Out-of-Sample,2026-05-31T22:03:22.666233,2026-05-31 18:03:22,LONG,89.17999800667167,519.9999883770943,True,,True
223,CL,Sun,18:00,Out-of-Sample,2026-05-31T22:03:22.666446,2026-05-31 18:03:22,LONG,89.17999800667167,199.99999552965164,True,,True
223,CL,Sun,18:00,Out-of-Sample,2026-05-31T22:03:22.666446,2026-05-31 18:03:22,LONG,89.17999800667167,519.9999883770943,True,,True
223,CL,Sun,18:00,Out-of-Sample,2026-05-31T22:04:40.306187,2026-05-31 18:04:40,LONG,89.51999799907207,99.99999776482582,True,,True
223,CL,Sun,18:00,Out-of-Sample,2026-05-31T22:04:40.306187,2026-05-31 18:04:40,LONG,89.51999799907207,199.99999552965164,True,,True
223,CL,Sun,18:00,Out-of-Sample,2026-05-31T22:04:40.306187,2026-05-31 18:04:40,LONG,89.51999799907207,449.9999899417162,True,,True
223,CL,Sun,18:00,Out-of-Sample,2026-05-31T22:05:10.430137,2026-05-31 18:05:10,SHORT,89.43999800086021,-449.9999899417162,True,,True
223,CL,Sun,18:00,Out-of-Sample,2026-05-31T22:05:49.636363,2026-05-31 18:05:49,SHORT,89.40999800153077,-509.9999886006117,True,,True
223,CL,Sun,18:00,Out-of-Sample,2026-05-31T22:05:49.636551,2026-05-31 18:05:49,SHORT,89.40999800153077,-509.9999886006117,True,,True
223,CL,Sun,18:00,Out-of-Sample,2026-05-31T22:06:07.164140,2026-05-31 18:06:07,LONG,89.58999799750745,199.99999552965164,True,,True
223,CL,Sun,18:00,Out-of-Sample,2026-05-31T22:06:07.164140,2026-05-31 18:06:07,LONG,89.58999799750745,339.9999924004078,True,,True
223,CL,Sun,18:00,Out-of-Sample,2026-05-31T22:06:07.168360,2026-05-31 18:06:07,LONG,89.58999799750745,199.99999552965164,True,,True
223,CL,Sun,18:00,Out-of-Sample,2026-05-31T22:06:07.168360,2026-05-31 18:06:07,LONG,89.58999799750745,439.9999901652336,True,,True
223,CL,Sun,18:00,Out-of-Sample,2026-05-31T22:06:07.168614,2026-05-31 18:06:07,LONG,89.58999799750745,199.99999552965164,True,,True
223,CL,Sun,18:00,Out-of-Sample,2026-05-31T22:06:07.168614,2026-05-31 18:06:07,LONG,89.58999799750745,339.9999924004078,True,,True
223,CL,Sun,18:00,Out-of-Sample,2026-05-31T22:07:47.587706,2026-05-31 18:07:47,SHORT,89.80999799259007,-449.9999899417162,True,,True
223,CL,Sun,18:00,Out-of-Sample,2026-05-31T22:07:47.670746,2026-05-31 18:07:47,SHORT,89.80999799259007,-389.9999912828207,True,,True
223,CL,Sun,18:00,Out-of-Sample,2026-05-31T22:07:47.675796,2026-05-31 18:07:47,SHORT,89.80999799259007,-389.9999912828207,True,,True
223,CL,Sun,18:00,Out-of-Sample,2026-05-31T22:07:47.675863,2026-05-31 18:07:47,SHORT,89.80999799259007,-389.9999912828207,True,,True
223,CL,Sun,18:00,Out-of-Sample,2026-05-31T22:08:19.654478,2026-05-31 18:08:19,LONG,89.93999798968434,-419.99999061226845,True,,True
223,CL,Sun,18:00,Out-of-Sample,2026-05-31T22:08:19.810441,2026-05-31 18:08:19,LONG,89.93999798968434,-389.9999912828207,True,,True
223,CL,Sun,18:00,Out-of-Sample,2026-05-31T22:08:19.810723,2026-05-31 18:08:19,LONG,89.93999798968434,-419.99999061226845,True,,True
223,CL,Sun,18:00,Out-of-Sample,2026-05-31T22:11:17.206327,2026-05-31 18:11:17,LONG,89.94999798946083,-419.99999061226845,True,,True
223,CL,Sun,18:00,Out-of-Sample,2026-05-31T22:12:09.162130,2026-05-31 18:12:09,SHORT,89.75999799370766,199.99999552965164,True,,True
223,CL,Sun,18:00,Out-of-Sample,2026-05-31T22:12:09.162130,2026-05-31 18:12:09,SHORT,89.75999799370766,599.9999865889549,True,,True
223,CL,Sun,18:00,Out-of-Sample,2026-05-31T22:12:09.162130,2026-05-31 18:12:09,SHORT,89.75999799370766,269.9999939650297,True,,True
223,CL,Sun,18:00,Out-of-Sample,2026-05-31T22:14:10.090904,2026-05-31 18:14:10,SHORT,89.70999799482524,219.9999950826168,True,,True
223,CL,Sun,18:00,Out-of-Sample,2026-05-31T22:14:10.090904,2026-05-31 18:14:10,SHORT,89.70999799482524,439.9999901652336,True,,True
223,CL,Sun,18:00,Out-of-Sample,2026-05-31T22:14:10.090904,2026-05-31 18:14:10,SHORT,89.70999799482524,359.99999195337296,True,,True
223,CL,Sun,18:00,Out-of-Sample,2026-05-31T22:14:10.182590,2026-05-31 18:14:10,SHORT,89.70999799482524,-119.99999731779099,True,,True
223,CL,Sun,18:00,Out-of-Sample,2026-05-31T22:14:10.182738,2026-05-31 18:14:10,SHORT,89.70999799482524,219.9999950826168,True,,True
223,CL,Sun,18:00,Out-of-Sample,2026-05-31T22:14:10.182738,2026-05-31 18:14:10,SHORT,89.70999799482524,439.9999901652336,True,,True
223,CL,Sun,18:00,Out-of-Sample,2026-05-31T22:14:10.182738,2026-05-31 18:14:10,SHORT,89.70999799482524,359.99999195337296,True,,True
223,CL,Sun,18:00,Out-of-Sample,2026-05-31T22:15:46.147677,2026-05-31 18:15:46,SHORT,89.6799979954958,-209.99999530613422,True,,True
223,CL,Sun,18:00,Out-of-Sample,2026-05-31T22:15:46.219849,2026-05-31 18:15:46,SHORT,89.6799979954958,-209.99999530613422,True,,True
223,CL,Sun,18:00,Out-of-Sample,2026-05-31T22:16:41.708163,2026-05-31 18:16:41,SHORT,89.64999799616635,-299.99999329447746,True,,True
223,CL,Sun,18:00,Out-of-Sample,2026-05-31T22:16:41.708381,2026-05-31 18:16:41,SHORT,89.64999799616635,-299.99999329447746,True,,True
223,CL,Sun,18:00,Out-of-Sample,2026-05-31T22:18:17.021701,2026-05-31 18:18:17,LONG,89.77999799326062,-449.9999899417162,True,,True
223,CL,Sun,18:00,Out-of-Sample,2026-05-31T22:20:47.697655,2026-05-31 18:20:47,LONG,89.74999799393117,-329.9999926239252,True,,True
223,CL,Sun,18:00,Out-of-Sample,2026-05-31T22:22:21.675626,2026-05-31 18:22:21,SHORT,89.65999799594283,199.99999552965164,True,,True
223,CL,Sun,18:00,Out-of-Sample,2026-05-31T22:22:21.675626,2026-05-31 18:22:21,SHORT,89.65999799594283,399.9999910593033,True,,True
223,CL,Sun,18:00,Out-of-Sample,2026-05-31T22:22:21.675626,2026-05-31 18:22:21,SHORT,89.65999799594283,319.9999928474426,True,,True
223,CL,Sun,18:00,Out-of-Sample,2026-06-28T22:00:08.720181,2026-06-28 18:00:08,SHORT,70.46999842487276,199.99999552965164,True,,True
223,CL,Sun,18:00,Out-of-Sample,2026-06-28T22:00:08.720181,2026-06-28 18:00:08,SHORT,70.46999842487276,599.9999865889549,True,,True
223,CL,Sun,18:00,Out-of-Sample,2026-06-28T22:00:08.720181,2026-06-28 18:00:08,SHORT,70.46999842487276,399.9999910593033,True,,True
223,CL,Sun,18:00,Out-of-Sample,2026-06-28T22:00:08.850568,2026-06-28 18:00:08,SHORT,70.44999842531979,199.99999552965164,True,,True
223,CL,Sun,18:00,Out-of-Sample,2026-06-28T22:00:08.850568,2026-06-28 18:00:08,SHORT,70.44999842531979,599.9999865889549,True,,True
223,CL,Sun,18:00,Out-of-Sample,2026-06-28T22:01:58.368040,2026-06-28 18:01:58,SHORT,70.17999843135476,199.99999552965164,True,,True
223,CL,Sun,18:00,Out-of-Sample,2026-06-28T22:01:58.368040,2026-06-28 18:01:58,SHORT,70.17999843135476,479.99998927116394,True,,True
223,CL,Sun,18:00,Out-of-Sample,2026-06-28T22:02:16.226104,2026-06-28 18:02:16,SHORT,70.00999843515456,149.99999664723873,True,,True
223,CL,Sun,18:00,Out-of-Sample,2026-06-28T22:02:16.226104,2026-06-28 18:02:16,SHORT,70.00999843515456,19.999999552965164,True,,True
223,CL,Sun,18:00,Out-of-Sample,2026-06-28T22:05:18.788238,2026-06-28 18:05:18,LONG,69.93999843671918,-389.9999912828207,True,,True
223,CL,Sun,18:00,Out-of-Sample,2026-06-28T22:05:40.696028,2026-06-28 18:05:40,SHORT,69.89999843761325,-99.99999776482582,True,,True
223,CL,Sun,18:00,Out-of-Sample,2026-06-28T22:05:40.763494,2026-06-28 18:05:40,SHORT,69.89999843761325,-159.9999964237213,True,,True
223,CL,Sun,18:00,Out-of-Sample,2026-06-28T22:07:32.488083,2026-06-28 18:07:32,SHORT,69.8099984396249,-629.9999859184027,True,,True
223,CL,Sun,18:00,Out-of-Sample,2026-06-28T22:08:29.881348,2026-06-28 18:08:29,LONG,69.97999843582511,-39.99999910593033,True,,True
223,CL,Sun,18:00,Out-of-Sample,2026-06-28T22:08:29.881808,2026-06-28 18:08:29,LONG,69.97999843582511,189.99999575316906,True,,True
223,CL,Sun,18:00,Out-of-Sample,2026-06-28T22:08:29.881808,2026-06-28 18:08:29,LONG,69.97999843582511,239.99999463558197,True,,True
223,CL,Sun,18:00,Out-of-Sample,2026-06-28T22:11:33.883585,2026-06-28 18:11:33,LONG,70.06999843381345,199.99999552965164,True,,True
223,CL,Sun,18:00,Out-of-Sample,2026-06-28T22:11:33.883585,2026-06-28 18:11:33,LONG,70.06999843381345,299.99999329447746,True,,True
223,CL,Sun,18:00,Out-of-Sample,2026-06-28T22:22:13.550392,2026-06-28 18:22:13,SHORT,70.21999843046069,-159.9999964237213,True,,True
223,CL,Sun,18:00,Out-of-Sample,2026-06-28T22:22:13.577475,2026-06-28 18:22:13,SHORT,70.21999843046069,-509.9999886006117,True,,True
223,CL,Sun,18:00,Out-of-Sample,2026-06-28T22:22:13.577561,2026-06-28 18:22:13,SHORT,70.21999843046069,-299.99999329447746,True,,True
223,CL,Sun,18:00,Out-of-Sample,2026-06-28T22:22:13.702648,2026-06-28 18:22:13,SHORT,70.21999843046069,-299.99999329447746,True,,True
223,CL,Sun,18:00,Out-of-Sample,2026-06-28T22:22:13.703081,2026-06-28 18:22:13,SHORT,70.21999843046069,-299.99999329447746,True,,True
223,CL,Sun,18:00,Out-of-Sample,2026-06-28T22:29:06.720008,2026-06-28 18:29:06,LONG,70.36999842710793,-749.9999832361937,True,,True
223,CL,Sun,18:00,Out-of-Sample,2026-06-28T22:29:06.772220,2026-06-28 18:29:06,LONG,70.36999842710793,-339.9999924004078,True,,True
223,CL,Sun,18:00,Out-of-Sample,2026-07-05T22:00:01.495696,2026-07-05 18:00:01,SHORT,68.59999846667051,19.999999552965164,True,,True
223,CL,Sun,18:00,Out-of-Sample,2026-07-05T22:10:15.608998,2026-07-05 18:10:15,SHORT,68.45999846979976,179.99999597668648,True,,True
223,CL,Sun,18:00,Out-of-Sample,2026-07-05T22:11:58.090946,2026-07-05 18:11:58,SHORT,68.44999847002327,19.999999552965164,True,,True
223,CL,Sun,18:00,Out-of-Sample,2026-07-05T22:11:58.091084,2026-07-05 18:11:58,SHORT,68.44999847002327,19.999999552965164,True,,True
223,CL,Sun,18:00,Out-of-Sample,2026-07-12T22:01:08.356535,2026-07-12 18:01:08,SHORT,73.21999836340547,-359.99999195337296,True,,True
223,CL,Sun,18:00,Out-of-Sample,2026-07-12T22:01:10.857172,2026-07-12 18:01:10,SHORT,73.1999983638525,-779.9999825656414,True,,True
223,CL,Sun,18:00,Out-of-Sample,2026-07-12T22:01:10.982405,2026-07-12 18:01:10,SHORT,73.1999983638525,-779.9999825656414,True,,True
223,CL,Sun,18:00,Out-of-Sample,2026-07-12T22:01:32.518344,2026-07-12 18:01:32,LONG,73.45999835804105,199.99999552965164,True,,True
223,CL,Sun,18:00,Out-of-Sample,2026-07-12T22:01:32.518344,2026-07-12 18:01:32,LONG,73.45999835804105,339.9999924004078,True,,True
223,CL,Sun,18:00,Out-of-Sample,2026-07-12T22:01:32.518833,2026-07-12 18:01:32,LONG,73.45999835804105,199.99999552965164,True,,True
223,CL,Sun,18:00,Out-of-Sample,2026-07-12T22:01:32.518833,2026-07-12 18:01:32,LONG,73.45999835804105,299.99999329447746,True,,True
223,CL,Sun,18:00,Out-of-Sample,2026-07-12T22:02:03.743246,2026-07-12 18:02:03,LONG,73.70999835245311,199.99999552965164,True,,True
223,CL,Sun,18:00,Out-of-Sample,2026-07-12T22:02:03.743246,2026-07-12 18:02:03,LONG,73.70999835245311,-79.99999821186066,True,,True
223,CL,Sun,18:00,Out-of-Sample,2026-07-12T22:03:57.362692,2026-07-12 18:03:57,SHORT,73.75999835133553,-179.99999597668648,True,,True
223,CL,Sun,18:00,Out-of-Sample,2026-07-12T22:05:11.351941,2026-07-12 18:05:11,LONG,73.84999834932387,229.9999948590994,True,,True
223,CL,Sun,18:00,Out-of-Sample,2026-07-12T22:05:11.351941,2026-07-12 18:05:11,LONG,73.84999834932387,209.99999530613422,True,,True
223,CL,Sun,18:00,Out-of-Sample,2026-07-12T22:05:11.598460,2026-07-12 18:05:11,LONG,73.84999834932387,229.9999948590994,True,,True
223,CL,Sun,18:00,Out-of-Sample,2026-07-12T22:05:11.598460,2026-07-12 18:05:11,LONG,73.84999834932387,209.99999530613422,True,,True
223,CL,Sun,18:00,Out-of-Sample,2026-07-12T22:06:23.870910,2026-07-12 18:06:23,LONG,73.99999834597111,-869.9999805539846,True,,True
223,CL,Sun,18:00,Out-of-Sample,2026-07-12T22:06:24.117189,2026-07-12 18:06:24,LONG,73.99999834597111,199.99999552965164,True,,True
223,CL,Sun,18:00,Out-of-Sample,2026-07-12T22:06:24.117189,2026-07-12 18:06:24,LONG,73.99999834597111,-119.99999731779099,True,,True
223,CL,Sun,18:00,Out-of-Sample,2026-07-12T22:09:56.437926,2026-07-12 18:09:56,LONG,74.1199983432889,-869.9999805539846,True,,True
223,CL,Sun,18:00,Out-of-Sample,2026-07-12T22:13:18.055972,2026-07-12 18:13:18,SHORT,74.05999834463,239.99999463558197,True,,True
223,CL,Sun,18:00,Out-of-Sample,2026-07-12T22:13:18.055972,2026-07-12 18:13:18,SHORT,74.05999834463,209.99999530613422,True,,True
223,CL,Sun,18:00,Out-of-Sample,2026-07-12T22:13:18.212444,2026-07-12 18:13:18,SHORT,74.05999834463,239.99999463558197,True,,True
223,CL,Sun,18:00,Out-of-Sample,2026-07-12T22:13:18.212444,2026-07-12 18:13:18,SHORT,74.05999834463,209.99999530613422,True,,True
223,CL,Sun,18:00,Out-of-Sample,2026-07-12T22:26:44.446322,2026-07-12 18:26:44,LONG,73.84999834932387,-379.9999915063381,True,,True
223,CL,Sun,18:00,Out-of-Sample,2026-07-12T22:26:44.633979,2026-07-12 18:26:44,LONG,73.84999834932387,-459.9999897181988,True,,True
