slot_id,symbol,day_name,bucket_label,period,entry_time,entry_time_et,side,entry_price,profit_loss,macro_blackout_pass,prior_day_vix,vix_pass_under_20
675,FDAX,Fri,12:30,In-Sample,2024-05-31T16:33:44.661334,2024-05-31 12:33:44,SHORT,18529.0,-150.0,True,14.47,True
675,FDAX,Fri,12:30,In-Sample,2024-05-31T16:38:05.493986,2024-05-31 12:38:05,SHORT,18525.0,-225.0,True,14.47,True
675,FDAX,Fri,12:30,In-Sample,2024-05-31T16:38:05.582868,2024-05-31 12:38:05,SHORT,18525.0,-75.0,True,14.47,True
675,FDAX,Fri,12:30,In-Sample,2024-05-31T16:38:05.643824,2024-05-31 12:38:05,SHORT,18525.0,-75.0,True,14.47,True
675,FDAX,Fri,12:30,In-Sample,2024-05-31T16:41:44.631847,2024-05-31 12:41:44,LONG,18532.0,500.0,True,14.47,True
675,FDAX,Fri,12:30,In-Sample,2024-05-31T16:41:44.631847,2024-05-31 12:41:44,LONG,18532.0,1050.0,True,14.47,True
675,FDAX,Fri,12:30,In-Sample,2024-05-31T16:43:08.667846,2024-05-31 12:43:08,LONG,18533.0,175.0,True,14.47,True
675,FDAX,Fri,12:30,In-Sample,2024-05-31T16:43:08.667846,2024-05-31 12:43:08,LONG,18533.0,525.0,True,14.47,True
675,FDAX,Fri,12:30,In-Sample,2024-05-31T16:43:58.707448,2024-05-31 12:43:58,LONG,18532.0,225.0,True,14.47,True
675,FDAX,Fri,12:30,In-Sample,2024-05-31T16:43:58.707448,2024-05-31 12:43:58,LONG,18532.0,650.0,True,14.47,True
675,FDAX,Fri,12:30,In-Sample,2024-05-31T16:43:58.708165,2024-05-31 12:43:58,LONG,18532.0,225.0,True,14.47,True
675,FDAX,Fri,12:30,In-Sample,2024-05-31T16:43:58.708165,2024-05-31 12:43:58,LONG,18532.0,425.0,True,14.47,True
675,FDAX,Fri,12:30,In-Sample,2024-05-31T16:43:58.708165,2024-05-31 12:43:58,LONG,18532.0,325.0,True,14.47,True
675,FDAX,Fri,12:30,In-Sample,2024-05-31T16:43:58.708381,2024-05-31 12:43:58,LONG,18532.0,225.0,True,14.47,True
675,FDAX,Fri,12:30,In-Sample,2024-05-31T16:43:58.708381,2024-05-31 12:43:58,LONG,18532.0,425.0,True,14.47,True
675,FDAX,Fri,12:30,In-Sample,2024-05-31T16:43:58.708381,2024-05-31 12:43:58,LONG,18532.0,325.0,True,14.47,True
675,FDAX,Fri,12:30,In-Sample,2024-06-07T16:54:02.352630,2024-06-07 12:54:02,SHORT,18600.0,250.0,True,12.58,True
675,FDAX,Fri,12:30,In-Sample,2024-06-07T16:54:02.352630,2024-06-07 12:54:02,SHORT,18600.0,525.0,True,12.58,True
675,FDAX,Fri,12:30,In-Sample,2024-06-07T16:54:02.352630,2024-06-07 12:54:02,SHORT,18600.0,425.0,True,12.58,True
675,FDAX,Fri,12:30,In-Sample,2024-06-14T16:32:44.935888,2024-06-14 12:32:44,SHORT,18016.0,0.0,True,11.94,True
675,FDAX,Fri,12:30,In-Sample,2024-06-14T16:32:44.936014,2024-06-14 12:32:44,SHORT,18016.0,0.0,True,11.94,True
675,FDAX,Fri,12:30,In-Sample,2024-06-14T16:32:44.936014,2024-06-14 12:32:44,SHORT,18016.0,0.0,True,11.94,True
675,FDAX,Fri,12:30,In-Sample,2024-06-14T16:32:46.104286,2024-06-14 12:32:46,SHORT,18016.0,0.0,True,11.94,True
675,FDAX,Fri,12:30,In-Sample,2024-06-14T16:32:46.146800,2024-06-14 12:32:46,SHORT,18016.0,0.0,True,11.94,True
675,FDAX,Fri,12:30,In-Sample,2024-06-14T16:32:46.146800,2024-06-14 12:32:46,SHORT,18016.0,0.0,True,11.94,True
675,FDAX,Fri,12:30,In-Sample,2024-06-14T16:41:01.703143,2024-06-14 12:41:01,SHORT,18009.0,200.0,True,11.94,True
675,FDAX,Fri,12:30,In-Sample,2024-06-14T16:41:01.703143,2024-06-14 12:41:01,SHORT,18009.0,100.0,True,11.94,True
675,FDAX,Fri,12:30,In-Sample,2024-06-14T16:41:02.967560,2024-06-14 12:41:02,SHORT,18009.0,75.0,True,11.94,True
675,FDAX,Fri,12:30,In-Sample,2024-06-14T16:44:17.514423,2024-06-14 12:44:17,LONG,18002.0,475.0,True,11.94,True
675,FDAX,Fri,12:30,In-Sample,2024-06-14T16:48:27.228422,2024-06-14 12:48:27,LONG,18004.0,850.0,True,11.94,True
675,FDAX,Fri,12:30,In-Sample,2024-06-14T16:52:20.977584,2024-06-14 12:52:20,LONG,18016.0,-250.0,True,11.94,True
675,FDAX,Fri,12:30,In-Sample,2024-06-14T16:52:20.977584,2024-06-14 12:52:20,LONG,18016.0,-125.0,True,11.94,True
675,FDAX,Fri,12:30,In-Sample,2024-06-14T16:52:22.272642,2024-06-14 12:52:22,LONG,18016.0,-250.0,True,11.94,True
675,FDAX,Fri,12:30,In-Sample,2024-06-14T16:52:22.273252,2024-06-14 12:52:22,LONG,18016.0,-100.0,True,11.94,True
675,FDAX,Fri,12:30,In-Sample,2024-06-14T16:56:35.398535,2024-06-14 12:56:35,SHORT,18016.0,525.0,True,11.94,True
675,FDAX,Fri,12:30,In-Sample,2024-06-14T16:56:35.398535,2024-06-14 12:56:35,SHORT,18016.0,525.0,True,11.94,True
675,FDAX,Fri,12:30,In-Sample,2024-06-14T16:56:36.769376,2024-06-14 12:56:36,SHORT,18016.0,525.0,True,11.94,True
675,FDAX,Fri,12:30,In-Sample,2024-06-14T16:57:37.260676,2024-06-14 12:57:37,SHORT,18014.0,-250.0,True,11.94,True
675,FDAX,Fri,12:30,In-Sample,2024-06-14T16:57:38.593114,2024-06-14 12:57:38,SHORT,18014.0,-500.0,True,11.94,True
675,FDAX,Fri,12:30,In-Sample,2024-06-14T16:57:38.593114,2024-06-14 12:57:38,SHORT,18014.0,-250.0,True,11.94,True
675,FDAX,Fri,12:30,In-Sample,2024-06-14T16:59:59.162359,2024-06-14 12:59:59,LONG,18024.0,-975.0,True,11.94,True
675,FDAX,Fri,12:30,In-Sample,2024-06-21T16:36:02.531903,2024-06-21 12:36:02,LONG,18372.0,-450.0,True,13.28,True
675,FDAX,Fri,12:30,In-Sample,2024-06-21T16:45:18.948150,2024-06-21 12:45:18,SHORT,18359.0,175.0,True,13.28,True
675,FDAX,Fri,12:30,In-Sample,2024-06-21T16:45:18.948150,2024-06-21 12:45:18,SHORT,18359.0,100.0,True,13.28,True
675,FDAX,Fri,12:30,In-Sample,2024-06-21T16:45:19.104566,2024-06-21 12:45:19,SHORT,18359.0,175.0,True,13.28,True
675,FDAX,Fri,12:30,In-Sample,2024-06-21T16:45:19.104566,2024-06-21 12:45:19,SHORT,18359.0,0.0,True,13.28,True
675,FDAX,Fri,12:30,In-Sample,2024-06-21T16:58:35.919466,2024-06-21 12:58:35,LONG,18364.0,-600.0,True,13.28,True
675,FDAX,Fri,12:30,In-Sample,2024-06-28T16:30:01.301340,2024-06-28 12:30:01,LONG,18408.0,-525.0,True,12.24,True
675,FDAX,Fri,12:30,In-Sample,2024-06-28T16:35:01.715811,2024-06-28 12:35:01,LONG,18402.0,-825.0,True,12.24,True
675,FDAX,Fri,12:30,In-Sample,2024-06-28T16:35:01.781548,2024-06-28 12:35:01,LONG,18402.0,-825.0,True,12.24,True
675,FDAX,Fri,12:30,In-Sample,2024-06-28T16:35:01.906087,2024-06-28 12:35:01,LONG,18402.0,-825.0,True,12.24,True
675,FDAX,Fri,12:30,In-Sample,2024-06-28T16:36:45.976330,2024-06-28 12:36:45,LONG,18403.0,-600.0,True,12.24,True
675,FDAX,Fri,12:30,In-Sample,2024-06-28T16:36:45.994199,2024-06-28 12:36:45,LONG,18403.0,-900.0,True,12.24,True
675,FDAX,Fri,12:30,In-Sample,2024-06-28T16:36:46.122277,2024-06-28 12:36:46,LONG,18403.0,-900.0,True,12.24,True
675,FDAX,Fri,12:30,In-Sample,2024-06-28T16:36:46.122386,2024-06-28 12:36:46,LONG,18403.0,-600.0,True,12.24,True
675,FDAX,Fri,12:30,In-Sample,2024-06-28T16:36:46.122443,2024-06-28 12:36:46,LONG,18403.0,-600.0,True,12.24,True
675,FDAX,Fri,12:30,In-Sample,2024-06-28T16:36:46.122502,2024-06-28 12:36:46,LONG,18403.0,-600.0,True,12.24,True
675,FDAX,Fri,12:30,In-Sample,2024-06-28T16:36:56.560653,2024-06-28 12:36:56,LONG,18405.0,-350.0,True,12.24,True
675,FDAX,Fri,12:30,In-Sample,2024-06-28T16:36:56.715422,2024-06-28 12:36:56,LONG,18405.0,-150.0,True,12.24,True
675,FDAX,Fri,12:30,In-Sample,2024-06-28T16:45:34.790311,2024-06-28 12:45:34,LONG,18411.0,-600.0,True,12.24,True
675,FDAX,Fri,12:30,In-Sample,2024-06-28T16:45:35.072453,2024-06-28 12:45:35,LONG,18411.0,-1500.0,True,12.24,True
675,FDAX,Fri,12:30,In-Sample,2024-06-28T16:45:35.165733,2024-06-28 12:45:35,LONG,18411.0,-1500.0,True,12.24,True
675,FDAX,Fri,12:30,In-Sample,2024-06-28T16:45:35.165855,2024-06-28 12:45:35,LONG,18411.0,-450.0,True,12.24,True
675,FDAX,Fri,12:30,In-Sample,2024-06-28T16:52:00.947084,2024-06-28 12:52:00,SHORT,18395.0,250.0,True,12.24,True
675,FDAX,Fri,12:30,In-Sample,2024-06-28T16:52:00.947084,2024-06-28 12:52:00,SHORT,18395.0,100.0,True,12.24,True
675,FDAX,Fri,12:30,In-Sample,2024-06-28T16:55:18.080346,2024-06-28 12:55:18,SHORT,18382.0,-900.0,True,12.24,True
675,FDAX,Fri,12:30,In-Sample,2024-07-05T16:46:23.817435,2024-07-05 12:46:23,SHORT,18616.0,-1050.0,True,12.09,True
675,FDAX,Fri,12:30,In-Sample,2024-07-05T16:50:58.264827,2024-07-05 12:50:58,SHORT,18607.0,-525.0,True,12.09,True
675,FDAX,Fri,12:30,In-Sample,2024-07-05T16:50:58.354860,2024-07-05 12:50:58,SHORT,18607.0,-975.0,True,12.09,True
675,FDAX,Fri,12:30,In-Sample,2024-07-12T16:31:13.733343,2024-07-12 12:31:13,LONG,18886.0,200.0,True,12.92,True
675,FDAX,Fri,12:30,In-Sample,2024-07-12T16:31:13.733343,2024-07-12 12:31:13,LONG,18886.0,625.0,True,12.92,True
675,FDAX,Fri,12:30,In-Sample,2024-07-12T16:38:50.125031,2024-07-12 12:38:50,SHORT,18880.0,-525.0,True,12.92,True
675,FDAX,Fri,12:30,In-Sample,2024-07-12T16:58:37.574529,2024-07-12 12:58:37,LONG,18892.0,225.0,True,12.92,True
675,FDAX,Fri,12:30,In-Sample,2024-07-12T16:58:37.788390,2024-07-12 12:58:37,LONG,18893.0,500.0,True,12.92,True
675,FDAX,Fri,12:30,In-Sample,2024-07-12T16:58:37.788390,2024-07-12 12:58:37,LONG,18893.0,1150.0,True,12.92,True
675,FDAX,Fri,12:30,In-Sample,2024-07-12T16:58:37.788563,2024-07-12 12:58:37,LONG,18893.0,500.0,True,12.92,True
675,FDAX,Fri,12:30,In-Sample,2024-07-12T16:58:37.788563,2024-07-12 12:58:37,LONG,18893.0,1150.0,True,12.92,True
675,FDAX,Fri,12:30,In-Sample,2024-07-12T16:59:02.356377,2024-07-12 12:59:02,LONG,18893.0,-500.0,True,12.92,True
675,FDAX,Fri,12:30,In-Sample,2024-07-19T16:35:09.239600,2024-07-19 12:35:09,SHORT,18322.0,500.0,True,15.93,True
675,FDAX,Fri,12:30,In-Sample,2024-07-19T16:35:09.239600,2024-07-19 12:35:09,SHORT,18322.0,650.0,True,15.93,True
675,FDAX,Fri,12:30,In-Sample,2024-07-19T16:35:23.199853,2024-07-19 12:35:23,SHORT,18321.0,200.0,True,15.93,True
675,FDAX,Fri,12:30,In-Sample,2024-07-19T16:35:23.199853,2024-07-19 12:35:23,SHORT,18321.0,375.0,True,15.93,True
675,FDAX,Fri,12:30,In-Sample,2024-07-19T16:35:23.199853,2024-07-19 12:35:23,SHORT,18321.0,250.0,True,15.93,True
675,FDAX,Fri,12:30,In-Sample,2024-07-19T16:35:23.274595,2024-07-19 12:35:23,SHORT,18321.0,200.0,True,15.93,True
675,FDAX,Fri,12:30,In-Sample,2024-07-19T16:35:23.274595,2024-07-19 12:35:23,SHORT,18321.0,375.0,True,15.93,True
675,FDAX,Fri,12:30,In-Sample,2024-07-19T16:35:23.274595,2024-07-19 12:35:23,SHORT,18321.0,250.0,True,15.93,True
675,FDAX,Fri,12:30,In-Sample,2024-07-19T16:35:23.399766,2024-07-19 12:35:23,SHORT,18321.0,200.0,True,15.93,True
675,FDAX,Fri,12:30,In-Sample,2024-07-19T16:35:23.399766,2024-07-19 12:35:23,SHORT,18321.0,375.0,True,15.93,True
675,FDAX,Fri,12:30,In-Sample,2024-07-19T16:35:23.399766,2024-07-19 12:35:23,SHORT,18321.0,250.0,True,15.93,True
675,FDAX,Fri,12:30,In-Sample,2024-07-19T16:39:42.809961,2024-07-19 12:39:42,SHORT,18312.0,500.0,True,15.93,True
675,FDAX,Fri,12:30,In-Sample,2024-07-19T16:39:42.809961,2024-07-19 12:39:42,SHORT,18312.0,400.0,True,15.93,True
675,FDAX,Fri,12:30,In-Sample,2024-07-19T16:40:37.264810,2024-07-19 12:40:37,LONG,18311.0,-575.0,True,15.93,True
675,FDAX,Fri,12:30,In-Sample,2024-07-19T16:43:00.728870,2024-07-19 12:43:00,LONG,18310.0,0.0,True,15.93,True
675,FDAX,Fri,12:30,In-Sample,2024-07-19T16:47:16.377071,2024-07-19 12:47:16,LONG,18301.0,-325.0,True,15.93,True
675,FDAX,Fri,12:30,In-Sample,2024-07-19T16:50:24.511146,2024-07-19 12:50:24,LONG,18309.0,-275.0,True,15.93,True
675,FDAX,Fri,12:30,In-Sample,2024-08-02T16:30:09.774777,2024-08-02 12:30:09,LONG,17781.0,800.0,True,18.59,True
675,FDAX,Fri,12:30,In-Sample,2024-08-02T16:30:09.954177,2024-08-02 12:30:09,LONG,17782.0,500.0,True,18.59,True
675,FDAX,Fri,12:30,In-Sample,2024-08-02T16:30:09.954177,2024-08-02 12:30:09,LONG,17782.0,900.0,True,18.59,True
675,FDAX,Fri,12:30,In-Sample,2024-08-02T16:30:09.954415,2024-08-02 12:30:09,LONG,17782.0,350.0,True,18.59,True
675,FDAX,Fri,12:30,In-Sample,2024-08-02T16:30:09.956109,2024-08-02 12:30:09,LONG,17782.0,150.0,True,18.59,True
675,FDAX,Fri,12:30,In-Sample,2024-08-02T16:30:09.956109,2024-08-02 12:30:09,LONG,17782.0,175.0,True,18.59,True
675,FDAX,Fri,12:30,In-Sample,2024-08-02T16:30:09.958495,2024-08-02 12:30:09,LONG,17782.0,375.0,True,18.59,True
675,FDAX,Fri,12:30,In-Sample,2024-08-02T16:30:09.958495,2024-08-02 12:30:09,LONG,17782.0,750.0,True,18.59,True
675,FDAX,Fri,12:30,In-Sample,2024-08-02T16:30:09.959335,2024-08-02 12:30:09,LONG,17782.0,0.0,True,18.59,True
675,FDAX,Fri,12:30,In-Sample,2024-08-02T16:30:10.856974,2024-08-02 12:30:10,LONG,17782.0,850.0,True,18.59,True
675,FDAX,Fri,12:30,In-Sample,2024-08-02T16:30:10.857103,2024-08-02 12:30:10,LONG,17782.0,850.0,True,18.59,True
675,FDAX,Fri,12:30,In-Sample,2024-08-02T16:30:10.857103,2024-08-02 12:30:10,LONG,17782.0,375.0,True,18.59,True
675,FDAX,Fri,12:30,In-Sample,2024-08-02T16:30:10.857339,2024-08-02 12:30:10,LONG,17782.0,175.0,True,18.59,True
675,FDAX,Fri,12:30,In-Sample,2024-08-02T16:30:10.857416,2024-08-02 12:30:10,LONG,17782.0,150.0,True,18.59,True
675,FDAX,Fri,12:30,In-Sample,2024-08-02T16:30:10.857416,2024-08-02 12:30:10,LONG,17782.0,175.0,True,18.59,True
675,FDAX,Fri,12:30,In-Sample,2024-08-02T16:30:10.857723,2024-08-02 12:30:10,LONG,17782.0,375.0,True,18.59,True
675,FDAX,Fri,12:30,In-Sample,2024-08-02T16:30:10.857723,2024-08-02 12:30:10,LONG,17782.0,225.0,True,18.59,True
675,FDAX,Fri,12:30,In-Sample,2024-08-02T16:30:10.857799,2024-08-02 12:30:10,LONG,17782.0,450.0,True,18.59,True
675,FDAX,Fri,12:30,In-Sample,2024-08-02T16:30:10.857799,2024-08-02 12:30:10,LONG,17782.0,225.0,True,18.59,True
675,FDAX,Fri,12:30,In-Sample,2024-08-02T16:30:10.857938,2024-08-02 12:30:10,LONG,17782.0,350.0,True,18.59,True
675,FDAX,Fri,12:30,In-Sample,2024-08-02T16:30:39.051341,2024-08-02 12:30:39,LONG,17785.0,-50.0,True,18.59,True
675,FDAX,Fri,12:30,In-Sample,2024-08-02T16:30:39.051341,2024-08-02 12:30:39,LONG,17785.0,-50.0,True,18.59,True
675,FDAX,Fri,12:30,In-Sample,2024-08-02T16:30:40.456818,2024-08-02 12:30:40,LONG,17787.0,-675.0,True,18.59,True
675,FDAX,Fri,12:30,In-Sample,2024-08-02T16:30:40.456818,2024-08-02 12:30:40,LONG,17787.0,375.0,True,18.59,True
675,FDAX,Fri,12:30,In-Sample,2024-08-02T16:30:40.456818,2024-08-02 12:30:40,LONG,17787.0,500.0,True,18.59,True
675,FDAX,Fri,12:30,In-Sample,2024-08-02T16:30:40.583506,2024-08-02 12:30:40,LONG,17787.0,500.0,True,18.59,True
675,FDAX,Fri,12:30,In-Sample,2024-08-02T16:30:40.583506,2024-08-02 12:30:40,LONG,17787.0,1000.0,True,18.59,True
675,FDAX,Fri,12:30,In-Sample,2024-08-02T16:30:40.583710,2024-08-02 12:30:40,LONG,17787.0,-100.0,True,18.59,True
675,FDAX,Fri,12:30,In-Sample,2024-08-02T16:30:40.583850,2024-08-02 12:30:40,LONG,17787.0,-600.0,True,18.59,True
675,FDAX,Fri,12:30,In-Sample,2024-08-02T16:30:41.301402,2024-08-02 12:30:41,LONG,17787.0,500.0,True,18.59,True
675,FDAX,Fri,12:30,In-Sample,2024-08-02T16:30:41.301402,2024-08-02 12:30:41,LONG,17787.0,1000.0,True,18.59,True
675,FDAX,Fri,12:30,In-Sample,2024-08-02T16:30:41.387348,2024-08-02 12:30:41,LONG,17787.0,1500.0,True,18.59,True
675,FDAX,Fri,12:30,In-Sample,2024-08-02T16:30:41.452510,2024-08-02 12:30:41,LONG,17787.0,-300.0,True,18.59,True
675,FDAX,Fri,12:30,In-Sample,2024-08-02T16:30:41.452742,2024-08-02 12:30:41,LONG,17787.0,-300.0,True,18.59,True
675,FDAX,Fri,12:30,In-Sample,2024-08-02T16:30:41.452742,2024-08-02 12:30:41,LONG,17787.0,-600.0,True,18.59,True
675,FDAX,Fri,12:30,In-Sample,2024-08-02T16:34:22.509002,2024-08-02 12:34:22,LONG,17792.0,375.0,True,18.59,True
675,FDAX,Fri,12:30,In-Sample,2024-08-02T16:37:06.507356,2024-08-02 12:37:06,SHORT,17797.0,-450.0,True,18.59,True
675,FDAX,Fri,12:30,In-Sample,2024-08-02T16:37:07.416727,2024-08-02 12:37:07,SHORT,17797.0,-225.0,True,18.59,True
675,FDAX,Fri,12:30,In-Sample,2024-08-02T16:37:07.416727,2024-08-02 12:37:07,SHORT,17797.0,-450.0,True,18.59,True
675,FDAX,Fri,12:30,In-Sample,2024-08-02T16:38:47.856876,2024-08-02 12:38:47,LONG,17799.0,-500.0,True,18.59,True
675,FDAX,Fri,12:30,In-Sample,2024-08-02T16:41:11.230429,2024-08-02 12:41:11,SHORT,17789.0,-525.0,True,18.59,True
675,FDAX,Fri,12:30,In-Sample,2024-08-02T16:41:11.335673,2024-08-02 12:41:11,SHORT,17789.0,-100.0,True,18.59,True
675,FDAX,Fri,12:30,In-Sample,2024-08-02T16:41:11.335673,2024-08-02 12:41:11,SHORT,17789.0,-325.0,True,18.59,True
675,FDAX,Fri,12:30,In-Sample,2024-08-02T16:41:11.335926,2024-08-02 12:41:11,SHORT,17789.0,-100.0,True,18.59,True
675,FDAX,Fri,12:30,In-Sample,2024-08-02T16:41:11.335926,2024-08-02 12:41:11,SHORT,17789.0,-325.0,True,18.59,True
675,FDAX,Fri,12:30,In-Sample,2024-08-02T16:41:12.161872,2024-08-02 12:41:12,SHORT,17789.0,75.0,True,18.59,True
675,FDAX,Fri,12:30,In-Sample,2024-08-02T16:41:12.260886,2024-08-02 12:41:12,SHORT,17789.0,-650.0,True,18.59,True
675,FDAX,Fri,12:30,In-Sample,2024-08-02T16:41:12.260886,2024-08-02 12:41:12,SHORT,17789.0,-325.0,True,18.59,True
675,FDAX,Fri,12:30,In-Sample,2024-08-02T16:41:12.261140,2024-08-02 12:41:12,SHORT,17789.0,-650.0,True,18.59,True
675,FDAX,Fri,12:30,In-Sample,2024-08-02T16:41:12.261140,2024-08-02 12:41:12,SHORT,17789.0,-325.0,True,18.59,True
675,FDAX,Fri,12:30,In-Sample,2024-08-02T16:41:45.693079,2024-08-02 12:41:45,LONG,17804.0,-1025.0,True,18.59,True
675,FDAX,Fri,12:30,In-Sample,2024-08-02T16:41:45.693079,2024-08-02 12:41:45,LONG,17804.0,-50.0,True,18.59,True
675,FDAX,Fri,12:30,In-Sample,2024-08-02T16:43:10.801005,2024-08-02 12:43:10,LONG,17806.0,-375.0,True,18.59,True
675,FDAX,Fri,12:30,In-Sample,2024-08-02T16:43:10.801241,2024-08-02 12:43:10,LONG,17806.0,-750.0,True,18.59,True
675,FDAX,Fri,12:30,In-Sample,2024-08-02T16:43:10.801241,2024-08-02 12:43:10,LONG,17806.0,-375.0,True,18.59,True
675,FDAX,Fri,12:30,In-Sample,2024-08-02T16:43:10.801792,2024-08-02 12:43:10,LONG,17806.0,-750.0,True,18.59,True
675,FDAX,Fri,12:30,In-Sample,2024-08-02T16:43:10.801792,2024-08-02 12:43:10,LONG,17806.0,-375.0,True,18.59,True
675,FDAX,Fri,12:30,In-Sample,2024-08-02T16:43:11.730360,2024-08-02 12:43:11,LONG,17806.0,-750.0,True,18.59,True
675,FDAX,Fri,12:30,In-Sample,2024-08-02T16:43:11.730360,2024-08-02 12:43:11,LONG,17806.0,-375.0,True,18.59,True
675,FDAX,Fri,12:30,In-Sample,2024-08-02T16:43:11.730831,2024-08-02 12:43:11,LONG,17806.0,-750.0,True,18.59,True
675,FDAX,Fri,12:30,In-Sample,2024-08-02T16:43:11.730831,2024-08-02 12:43:11,LONG,17806.0,-600.0,True,18.59,True
675,FDAX,Fri,12:30,In-Sample,2024-08-02T16:45:22.010111,2024-08-02 12:45:22,SHORT,17791.0,-800.0,True,18.59,True
675,FDAX,Fri,12:30,In-Sample,2024-08-02T16:45:22.823218,2024-08-02 12:45:22,SHORT,17791.0,-400.0,True,18.59,True
675,FDAX,Fri,12:30,In-Sample,2024-08-02T16:45:22.823218,2024-08-02 12:45:22,SHORT,17791.0,-1000.0,True,18.59,True
675,FDAX,Fri,12:30,In-Sample,2024-08-02T16:46:31.858408,2024-08-02 12:46:31,SHORT,17787.0,-1800.0,True,18.59,True
675,FDAX,Fri,12:30,In-Sample,2024-08-02T16:46:32.797703,2024-08-02 12:46:32,SHORT,17787.0,-1800.0,True,18.59,True
675,FDAX,Fri,12:30,In-Sample,2024-08-02T16:48:59.583227,2024-08-02 12:48:59,LONG,17801.0,-975.0,True,18.59,True
675,FDAX,Fri,12:30,In-Sample,2024-08-02T16:49:00.326089,2024-08-02 12:49:00,LONG,17801.0,-975.0,True,18.59,True
675,FDAX,Fri,12:30,In-Sample,2024-08-02T16:49:00.405743,2024-08-02 12:49:00,LONG,17801.0,-975.0,True,18.59,True
675,FDAX,Fri,12:30,In-Sample,2024-08-02T16:49:30.496970,2024-08-02 12:49:30,LONG,17807.0,-1250.0,True,18.59,True
675,FDAX,Fri,12:30,In-Sample,2024-08-02T16:49:30.496970,2024-08-02 12:49:30,LONG,17807.0,-625.0,True,18.59,True
675,FDAX,Fri,12:30,In-Sample,2024-08-02T16:56:12.960642,2024-08-02 12:56:12,LONG,17810.0,-525.0,True,18.59,True
675,FDAX,Fri,12:30,In-Sample,2024-08-02T16:56:12.960642,2024-08-02 12:56:12,LONG,17810.0,-1175.0,True,18.59,True
675,FDAX,Fri,12:30,In-Sample,2024-08-02T16:56:13.078517,2024-08-02 12:56:13,LONG,17810.0,-1350.0,True,18.59,True
675,FDAX,Fri,12:30,In-Sample,2024-08-02T16:56:13.078517,2024-08-02 12:56:13,LONG,17810.0,-875.0,True,18.59,True
675,FDAX,Fri,12:30,In-Sample,2024-08-02T16:58:53.293678,2024-08-02 12:58:53,LONG,17811.0,-1450.0,True,18.59,True
675,FDAX,Fri,12:30,In-Sample,2024-08-02T16:58:53.293678,2024-08-02 12:58:53,LONG,17811.0,-1125.0,True,18.59,True
675,FDAX,Fri,12:30,In-Sample,2024-08-02T16:58:53.779266,2024-08-02 12:58:53,LONG,17811.0,-500.0,True,18.59,True
675,FDAX,Fri,12:30,In-Sample,2024-08-02T16:58:54.239807,2024-08-02 12:58:54,LONG,17811.0,-2250.0,True,18.59,True
675,FDAX,Fri,12:30,In-Sample,2024-08-02T16:58:54.239807,2024-08-02 12:58:54,LONG,17811.0,-1125.0,True,18.59,True
675,FDAX,Fri,12:30,In-Sample,2024-08-02T16:58:54.720692,2024-08-02 12:58:54,LONG,17811.0,-1000.0,True,18.59,True
675,FDAX,Fri,12:30,In-Sample,2024-08-02T16:58:54.720692,2024-08-02 12:58:54,LONG,17811.0,-725.0,True,18.59,True
675,FDAX,Fri,12:30,In-Sample,2024-08-09T16:32:04.378489,2024-08-09 12:32:04,SHORT,17760.0,-450.0,True,23.79,False
675,FDAX,Fri,12:30,In-Sample,2024-08-09T16:32:04.855270,2024-08-09 12:32:04,SHORT,17760.0,-4300.0,True,23.79,False
675,FDAX,Fri,12:30,In-Sample,2024-08-09T16:32:05.719182,2024-08-09 12:32:05,SHORT,17760.0,-2150.0,True,23.79,False
675,FDAX,Fri,12:30,In-Sample,2024-08-09T16:32:05.719182,2024-08-09 12:32:05,SHORT,17760.0,-1450.0,True,23.79,False
675,FDAX,Fri,12:30,In-Sample,2024-08-09T16:33:24.713014,2024-08-09 12:33:24,SHORT,17758.0,-750.0,True,23.79,False
675,FDAX,Fri,12:30,In-Sample,2024-08-09T16:33:24.726811,2024-08-09 12:33:24,SHORT,17758.0,-1500.0,True,23.79,False
675,FDAX,Fri,12:30,In-Sample,2024-08-09T16:33:24.764823,2024-08-09 12:33:24,SHORT,17758.0,-750.0,True,23.79,False
675,FDAX,Fri,12:30,In-Sample,2024-08-09T16:37:47.821622,2024-08-09 12:37:47,SHORT,17754.0,-3200.0,True,23.79,False
675,FDAX,Fri,12:30,In-Sample,2024-08-09T16:37:47.821622,2024-08-09 12:37:47,SHORT,17754.0,-1600.0,True,23.79,False
675,FDAX,Fri,12:30,In-Sample,2024-08-09T16:37:47.912893,2024-08-09 12:37:47,SHORT,17754.0,-525.0,True,23.79,False
675,FDAX,Fri,12:30,In-Sample,2024-08-23T16:32:34.495518,2024-08-23 12:32:34,SHORT,18638.0,750.0,True,17.55,True
675,FDAX,Fri,12:30,In-Sample,2024-08-23T16:32:34.976445,2024-08-23 12:32:34,SHORT,18638.0,-2550.0,True,17.55,True
675,FDAX,Fri,12:30,In-Sample,2024-08-23T16:32:35.524626,2024-08-23 12:32:35,SHORT,18638.0,-1275.0,True,17.55,True
675,FDAX,Fri,12:30,In-Sample,2024-08-23T16:32:36.007372,2024-08-23 12:32:36,SHORT,18638.0,-2550.0,True,17.55,True
675,FDAX,Fri,12:30,In-Sample,2024-08-23T16:33:34.261559,2024-08-23 12:33:34,LONG,18642.0,-675.0,True,17.55,True
675,FDAX,Fri,12:30,In-Sample,2024-08-23T16:33:35.296823,2024-08-23 12:33:35,LONG,18642.0,-1350.0,True,17.55,True
675,FDAX,Fri,12:30,In-Sample,2024-08-23T16:40:04.774067,2024-08-23 12:40:04,SHORT,18632.0,-3000.0,True,17.55,True
675,FDAX,Fri,12:30,In-Sample,2024-08-23T16:40:05.748590,2024-08-23 12:40:05,SHORT,18632.0,-3000.0,True,17.55,True
675,FDAX,Fri,12:30,In-Sample,2024-08-23T16:41:59.592894,2024-08-23 12:41:59,LONG,18633.0,400.0,True,17.55,True
675,FDAX,Fri,12:30,In-Sample,2024-08-23T16:41:59.592894,2024-08-23 12:41:59,LONG,18633.0,600.0,True,17.55,True
675,FDAX,Fri,12:30,In-Sample,2024-08-23T16:42:00.636231,2024-08-23 12:42:00,LONG,18633.0,1200.0,True,17.55,True
675,FDAX,Fri,12:30,In-Sample,2024-08-23T16:45:47.277206,2024-08-23 12:45:47,LONG,18635.0,700.0,True,17.55,True
675,FDAX,Fri,12:30,In-Sample,2024-08-23T16:45:47.565350,2024-08-23 12:45:47,LONG,18636.0,650.0,True,17.55,True
675,FDAX,Fri,12:30,In-Sample,2024-08-23T16:45:48.324948,2024-08-23 12:45:48,LONG,18635.0,1550.0,True,17.55,True
675,FDAX,Fri,12:30,In-Sample,2024-08-23T16:45:48.519039,2024-08-23 12:45:48,LONG,18636.0,1500.0,True,17.55,True
675,FDAX,Fri,12:30,In-Sample,2024-08-23T16:45:55.318114,2024-08-23 12:45:55,LONG,18638.0,-375.0,True,17.55,True
675,FDAX,Fri,12:30,In-Sample,2024-08-23T16:45:55.318361,2024-08-23 12:45:55,LONG,18638.0,-750.0,True,17.55,True
675,FDAX,Fri,12:30,In-Sample,2024-08-23T16:45:55.318361,2024-08-23 12:45:55,LONG,18638.0,75.0,True,17.55,True
675,FDAX,Fri,12:30,In-Sample,2024-08-23T16:45:55.423204,2024-08-23 12:45:55,LONG,18638.0,-375.0,True,17.55,True
675,FDAX,Fri,12:30,In-Sample,2024-08-23T16:45:55.423341,2024-08-23 12:45:55,LONG,18638.0,-750.0,True,17.55,True
675,FDAX,Fri,12:30,In-Sample,2024-08-23T16:45:55.423341,2024-08-23 12:45:55,LONG,18638.0,75.0,True,17.55,True
675,FDAX,Fri,12:30,In-Sample,2024-08-23T16:50:23.999159,2024-08-23 12:50:23,LONG,18644.0,-975.0,True,17.55,True
675,FDAX,Fri,12:30,In-Sample,2024-08-23T16:50:24.345722,2024-08-23 12:50:24,LONG,18644.0,-975.0,True,17.55,True
675,FDAX,Fri,12:30,In-Sample,2024-08-23T16:50:25.044503,2024-08-23 12:50:25,LONG,18644.0,-975.0,True,17.55,True
675,FDAX,Fri,12:30,In-Sample,2024-08-23T16:50:25.299635,2024-08-23 12:50:25,LONG,18644.0,-975.0,True,17.55,True
675,FDAX,Fri,12:30,In-Sample,2024-08-23T16:53:26.558717,2024-08-23 12:53:26,SHORT,18641.0,-375.0,True,17.55,True
675,FDAX,Fri,12:30,In-Sample,2024-08-23T16:53:27.614796,2024-08-23 12:53:27,SHORT,18641.0,600.0,True,17.55,True
675,FDAX,Fri,12:30,In-Sample,2024-08-23T16:53:27.614796,2024-08-23 12:53:27,SHORT,18641.0,950.0,True,17.55,True
675,FDAX,Fri,12:30,In-Sample,2024-08-23T16:55:54.618541,2024-08-23 12:55:54,SHORT,18637.0,600.0,True,17.55,True
675,FDAX,Fri,12:30,In-Sample,2024-08-23T16:55:55.687230,2024-08-23 12:55:55,SHORT,18637.0,600.0,True,17.55,True
675,FDAX,Fri,12:30,In-Sample,2024-08-23T16:57:16.173469,2024-08-23 12:57:16,SHORT,18631.0,-300.0,True,17.55,True
675,FDAX,Fri,12:30,In-Sample,2024-08-23T16:57:41.603377,2024-08-23 12:57:41,SHORT,18625.0,-3050.0,True,17.55,True
675,FDAX,Fri,12:30,In-Sample,2024-08-23T16:57:42.256540,2024-08-23 12:57:42,SHORT,18625.0,-200.0,True,17.55,True
675,FDAX,Fri,12:30,In-Sample,2024-08-30T16:31:31.727115,2024-08-30 12:31:31,SHORT,18930.0,500.0,True,15.65,True
675,FDAX,Fri,12:30,In-Sample,2024-08-30T16:31:31.727115,2024-08-30 12:31:31,SHORT,18930.0,1150.0,True,15.65,True
675,FDAX,Fri,12:30,In-Sample,2024-08-30T16:31:31.727238,2024-08-30 12:31:31,SHORT,18930.0,-3000.0,True,15.65,True
675,FDAX,Fri,12:30,In-Sample,2024-08-30T16:31:32.576750,2024-08-30 12:31:32,SHORT,18930.0,1200.0,True,15.65,True
675,FDAX,Fri,12:30,In-Sample,2024-08-30T16:31:32.674411,2024-08-30 12:31:32,SHORT,18930.0,1200.0,True,15.65,True
675,FDAX,Fri,12:30,In-Sample,2024-08-30T16:31:32.674599,2024-08-30 12:31:32,SHORT,18930.0,-4875.0,True,15.65,True
675,FDAX,Fri,12:30,In-Sample,2024-08-30T16:41:32.542655,2024-08-30 12:41:32,SHORT,18924.0,-450.0,True,15.65,True
675,FDAX,Fri,12:30,In-Sample,2024-08-30T16:41:32.542753,2024-08-30 12:41:32,SHORT,18924.0,450.0,True,15.65,True
675,FDAX,Fri,12:30,In-Sample,2024-08-30T16:41:32.542837,2024-08-30 12:41:32,SHORT,18924.0,-1725.0,True,15.65,True
675,FDAX,Fri,12:30,In-Sample,2024-08-30T16:41:33.476897,2024-08-30 12:41:33,SHORT,18924.0,-1500.0,True,15.65,True
675,FDAX,Fri,12:30,In-Sample,2024-08-30T16:41:33.477084,2024-08-30 12:41:33,SHORT,18924.0,450.0,True,15.65,True
675,FDAX,Fri,12:30,In-Sample,2024-08-30T16:41:33.477199,2024-08-30 12:41:33,SHORT,18924.0,-1725.0,True,15.65,True
675,FDAX,Fri,12:30,In-Sample,2024-08-30T16:41:58.083389,2024-08-30 12:41:58,SHORT,18923.0,-1800.0,True,15.65,True
675,FDAX,Fri,12:30,In-Sample,2024-08-30T16:47:16.712197,2024-08-30 12:47:16,SHORT,18904.0,-3000.0,True,15.65,True
675,FDAX,Fri,12:30,In-Sample,2024-08-30T16:47:17.675150,2024-08-30 12:47:17,SHORT,18904.0,-6975.0,True,15.65,True
675,FDAX,Fri,12:30,In-Sample,2024-08-30T16:52:52.742373,2024-08-30 12:52:52,LONG,18907.0,3075.0,True,15.65,True
675,FDAX,Fri,12:30,In-Sample,2024-08-30T16:52:53.814653,2024-08-30 12:52:53,LONG,18907.0,3075.0,True,15.65,True
675,FDAX,Fri,12:30,In-Sample,2024-08-30T16:54:47.821601,2024-08-30 12:54:47,LONG,18912.0,2650.0,True,15.65,True
675,FDAX,Fri,12:30,In-Sample,2024-08-30T16:54:47.907492,2024-08-30 12:54:47,LONG,18912.0,1325.0,True,15.65,True
675,FDAX,Fri,12:30,In-Sample,2024-08-30T16:54:47.907492,2024-08-30 12:54:47,LONG,18912.0,1325.0,True,15.65,True
675,FDAX,Fri,12:30,In-Sample,2024-08-30T16:54:48.892460,2024-08-30 12:54:48,LONG,18912.0,2650.0,True,15.65,True
675,FDAX,Fri,12:30,In-Sample,2024-08-30T16:54:48.893060,2024-08-30 12:54:48,LONG,18912.0,1325.0,True,15.65,True
675,FDAX,Fri,12:30,In-Sample,2024-08-30T16:54:48.893060,2024-08-30 12:54:48,LONG,18912.0,1925.0,True,15.65,True
675,FDAX,Fri,12:30,In-Sample,2024-08-30T16:55:55.382475,2024-08-30 12:55:55,LONG,18914.0,200.0,True,15.65,True
675,FDAX,Fri,12:30,In-Sample,2024-08-30T16:55:55.382475,2024-08-30 12:55:55,LONG,18914.0,400.0,True,15.65,True
675,FDAX,Fri,12:30,In-Sample,2024-08-30T16:55:55.382561,2024-08-30 12:55:55,LONG,18914.0,1025.0,True,15.65,True
675,FDAX,Fri,12:30,In-Sample,2024-08-30T16:55:55.382561,2024-08-30 12:55:55,LONG,18914.0,2050.0,True,15.65,True
675,FDAX,Fri,12:30,In-Sample,2024-08-30T16:55:55.390190,2024-08-30 12:55:55,LONG,18914.0,2400.0,True,15.65,True
675,FDAX,Fri,12:30,In-Sample,2024-08-30T16:55:55.390266,2024-08-30 12:55:55,LONG,18914.0,1025.0,True,15.65,True
675,FDAX,Fri,12:30,In-Sample,2024-08-30T16:55:55.390266,2024-08-30 12:55:55,LONG,18914.0,2050.0,True,15.65,True
675,FDAX,Fri,12:30,In-Sample,2024-08-30T16:55:55.390327,2024-08-30 12:55:55,LONG,18914.0,200.0,True,15.65,True
675,FDAX,Fri,12:30,In-Sample,2024-08-30T16:55:55.390327,2024-08-30 12:55:55,LONG,18914.0,400.0,True,15.65,True
675,FDAX,Fri,12:30,In-Sample,2024-08-30T16:55:55.390393,2024-08-30 12:55:55,LONG,18914.0,1025.0,True,15.65,True
675,FDAX,Fri,12:30,In-Sample,2024-08-30T16:55:56.380475,2024-08-30 12:55:56,LONG,18914.0,1000.0,True,15.65,True
675,FDAX,Fri,12:30,In-Sample,2024-08-30T16:55:56.380475,2024-08-30 12:55:56,LONG,18914.0,2050.0,True,15.65,True
675,FDAX,Fri,12:30,In-Sample,2024-08-30T16:55:56.381190,2024-08-30 12:55:56,LONG,18914.0,1025.0,True,15.65,True
675,FDAX,Fri,12:30,In-Sample,2024-08-30T16:55:56.454322,2024-08-30 12:55:56,LONG,18914.0,2400.0,True,15.65,True
675,FDAX,Fri,12:30,In-Sample,2024-08-30T16:55:56.454509,2024-08-30 12:55:56,LONG,18914.0,1025.0,True,15.65,True
675,FDAX,Fri,12:30,In-Sample,2024-08-30T16:55:56.454777,2024-08-30 12:55:56,LONG,18914.0,1025.0,True,15.65,True
675,FDAX,Fri,12:30,In-Sample,2024-08-30T16:55:56.454777,2024-08-30 12:55:56,LONG,18914.0,2050.0,True,15.65,True
675,FDAX,Fri,12:30,In-Sample,2024-08-30T16:56:57.873185,2024-08-30 12:56:57,SHORT,18914.0,-2625.0,True,15.65,True
675,FDAX,Fri,12:30,In-Sample,2024-08-30T16:56:58.952566,2024-08-30 12:56:58,SHORT,18914.0,-2625.0,True,15.65,True
675,FDAX,Fri,12:30,In-Sample,2024-08-30T16:57:24.310956,2024-08-30 12:57:24,SHORT,18910.0,-6375.0,True,15.65,True
675,FDAX,Fri,12:30,In-Sample,2024-08-30T16:59:12.461861,2024-08-30 12:59:12,LONG,18921.0,200.0,True,15.65,True
675,FDAX,Fri,12:30,In-Sample,2024-08-30T16:59:12.461861,2024-08-30 12:59:12,LONG,18921.0,75.0,True,15.65,True
675,FDAX,Fri,12:30,In-Sample,2024-08-30T16:59:13.487430,2024-08-30 12:59:13,LONG,18921.0,3700.0,True,15.65,True
675,FDAX,Fri,12:30,In-Sample,2024-09-06T16:42:56.949756,2024-09-06 12:42:56,SHORT,18303.0,-475.0,True,19.9,True
675,FDAX,Fri,12:30,In-Sample,2024-09-06T16:42:58.142809,2024-09-06 12:42:58,SHORT,18303.0,-950.0,True,19.9,True
675,FDAX,Fri,12:30,In-Sample,2024-09-06T16:42:58.142809,2024-09-06 12:42:58,SHORT,18303.0,-600.0,True,19.9,True
675,FDAX,Fri,12:30,In-Sample,2024-09-06T16:43:05.500839,2024-09-06 12:43:05,SHORT,18302.0,-1300.0,True,19.9,True
675,FDAX,Fri,12:30,In-Sample,2024-09-06T16:43:06.612630,2024-09-06 12:43:06,SHORT,18302.0,-1950.0,True,19.9,True
675,FDAX,Fri,12:30,In-Sample,2024-09-06T16:43:06.625182,2024-09-06 12:43:06,SHORT,18302.0,-650.0,True,19.9,True
675,FDAX,Fri,12:30,In-Sample,2024-09-06T16:43:06.625182,2024-09-06 12:43:06,SHORT,18302.0,-1550.0,True,19.9,True
675,FDAX,Fri,12:30,In-Sample,2024-09-06T16:43:13.404508,2024-09-06 12:43:13,SHORT,18299.0,-1500.0,True,19.9,True
675,FDAX,Fri,12:30,In-Sample,2024-09-06T16:43:13.465194,2024-09-06 12:43:13,SHORT,18299.0,-1500.0,True,19.9,True
675,FDAX,Fri,12:30,In-Sample,2024-09-06T16:43:14.591959,2024-09-06 12:43:14,SHORT,18299.0,-2250.0,True,19.9,True
675,FDAX,Fri,12:30,In-Sample,2024-09-06T16:43:14.617470,2024-09-06 12:43:14,SHORT,18299.0,-2250.0,True,19.9,True
675,FDAX,Fri,12:30,In-Sample,2024-09-06T16:48:16.644597,2024-09-06 12:48:16,LONG,18309.0,-1350.0,True,19.9,True
675,FDAX,Fri,12:30,In-Sample,2024-09-06T16:48:36.726570,2024-09-06 12:48:36,LONG,18313.0,-825.0,True,19.9,True
675,FDAX,Fri,12:30,In-Sample,2024-09-06T16:48:36.726744,2024-09-06 12:48:36,LONG,18313.0,-275.0,True,19.9,True
675,FDAX,Fri,12:30,In-Sample,2024-09-06T16:48:36.726744,2024-09-06 12:48:36,LONG,18313.0,-275.0,True,19.9,True
675,FDAX,Fri,12:30,In-Sample,2024-09-06T16:48:36.726834,2024-09-06 12:48:36,LONG,18313.0,-825.0,True,19.9,True
675,FDAX,Fri,12:30,In-Sample,2024-09-06T16:48:37.887944,2024-09-06 12:48:37,LONG,18313.0,-275.0,True,19.9,True
675,FDAX,Fri,12:30,In-Sample,2024-09-06T16:50:09.125862,2024-09-06 12:50:09,LONG,18328.0,-775.0,True,19.9,True
675,FDAX,Fri,12:30,In-Sample,2024-09-06T16:50:09.125862,2024-09-06 12:50:09,LONG,18328.0,-1650.0,True,19.9,True
675,FDAX,Fri,12:30,In-Sample,2024-09-06T16:50:10.392896,2024-09-06 12:50:10,LONG,18329.0,-1500.0,True,19.9,True
675,FDAX,Fri,12:30,In-Sample,2024-09-06T16:50:10.417736,2024-09-06 12:50:10,LONG,18329.0,-1500.0,True,19.9,True
675,FDAX,Fri,12:30,In-Sample,2024-09-06T16:50:13.197773,2024-09-06 12:50:13,LONG,18333.0,-900.0,True,19.9,True
675,FDAX,Fri,12:30,In-Sample,2024-09-06T16:50:13.278927,2024-09-06 12:50:13,LONG,18333.0,-300.0,True,19.9,True
675,FDAX,Fri,12:30,In-Sample,2024-09-06T16:50:14.400306,2024-09-06 12:50:14,LONG,18333.0,-75.0,True,19.9,True
675,FDAX,Fri,12:30,In-Sample,2024-09-06T16:50:14.412745,2024-09-06 12:50:14,LONG,18333.0,-600.0,True,19.9,True
675,FDAX,Fri,12:30,In-Sample,2024-09-06T16:50:14.412745,2024-09-06 12:50:14,LONG,18333.0,-25.0,True,19.9,True
675,FDAX,Fri,12:30,In-Sample,2024-09-06T16:55:56.572946,2024-09-06 12:55:56,SHORT,18309.0,-150.0,True,19.9,True
675,FDAX,Fri,12:30,In-Sample,2024-09-06T16:55:56.573261,2024-09-06 12:55:56,SHORT,18309.0,-150.0,True,19.9,True
675,FDAX,Fri,12:30,In-Sample,2024-09-06T16:55:57.590308,2024-09-06 12:55:57,SHORT,18309.0,-150.0,True,19.9,True
675,FDAX,Fri,12:30,In-Sample,2024-09-06T16:55:57.677424,2024-09-06 12:55:57,SHORT,18309.0,-150.0,True,19.9,True
675,FDAX,Fri,12:30,In-Sample,2024-09-06T16:55:57.678219,2024-09-06 12:55:57,SHORT,18309.0,-150.0,True,19.9,True
675,FDAX,Fri,12:30,In-Sample,2024-09-13T16:30:53.900204,2024-09-13 12:30:53,SHORT,18693.0,150.0,True,17.07,True
675,FDAX,Fri,12:30,In-Sample,2024-09-13T16:30:53.900204,2024-09-13 12:30:53,SHORT,18693.0,325.0,True,17.07,True
675,FDAX,Fri,12:30,In-Sample,2024-09-13T16:30:53.900204,2024-09-13 12:30:53,SHORT,18693.0,300.0,True,17.07,True
675,FDAX,Fri,12:30,In-Sample,2024-09-13T16:34:45.447466,2024-09-13 12:34:45,LONG,18700.0,-525.0,True,17.07,True
675,FDAX,Fri,12:30,In-Sample,2024-09-13T16:34:45.516263,2024-09-13 12:34:45,LONG,18700.0,-525.0,True,17.07,True
675,FDAX,Fri,12:30,In-Sample,2024-09-13T16:34:45.516332,2024-09-13 12:34:45,LONG,18700.0,-525.0,True,17.07,True
675,FDAX,Fri,12:30,In-Sample,2024-09-13T16:37:49.645433,2024-09-13 12:37:49,SHORT,18691.0,975.0,True,17.07,True
675,FDAX,Fri,12:30,In-Sample,2024-09-13T16:41:22.230556,2024-09-13 12:41:22,SHORT,18683.0,250.0,True,17.07,True
675,FDAX,Fri,12:30,In-Sample,2024-09-13T16:41:22.230556,2024-09-13 12:41:22,SHORT,18683.0,-1000.0,True,17.07,True
675,FDAX,Fri,12:30,In-Sample,2024-09-13T16:41:22.475814,2024-09-13 12:41:22,SHORT,18683.0,250.0,True,17.07,True
675,FDAX,Fri,12:30,In-Sample,2024-09-13T16:41:22.475814,2024-09-13 12:41:22,SHORT,18683.0,-50.0,True,17.07,True
675,FDAX,Fri,12:30,In-Sample,2024-09-13T16:42:14.292086,2024-09-13 12:42:14,SHORT,18679.0,-525.0,True,17.07,True
675,FDAX,Fri,12:30,In-Sample,2024-09-13T16:43:09.337940,2024-09-13 12:43:09,SHORT,18675.0,-825.0,True,17.07,True
675,FDAX,Fri,12:30,In-Sample,2024-09-13T16:43:09.561202,2024-09-13 12:43:09,SHORT,18675.0,-825.0,True,17.07,True
675,FDAX,Fri,12:30,In-Sample,2024-09-13T16:45:25.473446,2024-09-13 12:45:25,LONG,18677.0,500.0,True,17.07,True
675,FDAX,Fri,12:30,In-Sample,2024-09-13T16:45:25.473446,2024-09-13 12:45:25,LONG,18677.0,950.0,True,17.07,True
675,FDAX,Fri,12:30,In-Sample,2024-09-13T16:46:03.165823,2024-09-13 12:46:03,LONG,18678.0,500.0,True,17.07,True
675,FDAX,Fri,12:30,In-Sample,2024-09-13T16:46:03.165823,2024-09-13 12:46:03,LONG,18678.0,1200.0,True,17.07,True
675,FDAX,Fri,12:30,In-Sample,2024-09-13T16:46:03.165928,2024-09-13 12:46:03,LONG,18678.0,500.0,True,17.07,True
675,FDAX,Fri,12:30,In-Sample,2024-09-13T16:46:03.165928,2024-09-13 12:46:03,LONG,18678.0,-450.0,True,17.07,True
675,FDAX,Fri,12:30,In-Sample,2024-09-13T16:48:56.142287,2024-09-13 12:48:56,LONG,18682.0,-400.0,True,17.07,True
675,FDAX,Fri,12:30,In-Sample,2024-09-13T16:48:56.267236,2024-09-13 12:48:56,LONG,18682.0,-200.0,True,17.07,True
675,FDAX,Fri,12:30,In-Sample,2024-09-20T16:30:43.674358,2024-09-20 12:30:43,LONG,18899.0,50.0,True,16.33,True
675,FDAX,Fri,12:30,In-Sample,2024-09-20T16:39:17.829492,2024-09-20 12:39:17,LONG,18908.0,-450.0,True,16.33,True
675,FDAX,Fri,12:30,In-Sample,2024-09-20T16:39:17.829594,2024-09-20 12:39:17,LONG,18908.0,-525.0,True,16.33,True
675,FDAX,Fri,12:30,In-Sample,2024-09-20T16:39:17.829779,2024-09-20 12:39:17,LONG,18908.0,-350.0,True,16.33,True
675,FDAX,Fri,12:30,In-Sample,2024-09-20T16:39:17.829834,2024-09-20 12:39:17,LONG,18908.0,-175.0,True,16.33,True
675,FDAX,Fri,12:30,In-Sample,2024-09-20T16:39:17.829834,2024-09-20 12:39:17,LONG,18908.0,-350.0,True,16.33,True
675,FDAX,Fri,12:30,In-Sample,2024-09-20T16:39:19.026563,2024-09-20 12:39:19,LONG,18908.0,-450.0,True,16.33,True
675,FDAX,Fri,12:30,In-Sample,2024-09-20T16:39:19.026563,2024-09-20 12:39:19,LONG,18908.0,-525.0,True,16.33,True
675,FDAX,Fri,12:30,In-Sample,2024-09-20T16:39:19.026695,2024-09-20 12:39:19,LONG,18908.0,-300.0,True,16.33,True
675,FDAX,Fri,12:30,In-Sample,2024-09-20T16:39:19.027108,2024-09-20 12:39:19,LONG,18908.0,-175.0,True,16.33,True
675,FDAX,Fri,12:30,In-Sample,2024-09-20T16:39:19.027108,2024-09-20 12:39:19,LONG,18908.0,-525.0,True,16.33,True
675,FDAX,Fri,12:30,In-Sample,2024-09-20T16:39:19.027108,2024-09-20 12:39:19,LONG,18908.0,-200.0,True,16.33,True
675,FDAX,Fri,12:30,In-Sample,2024-09-20T16:39:19.027223,2024-09-20 12:39:19,LONG,18908.0,-100.0,True,16.33,True
675,FDAX,Fri,12:30,In-Sample,2024-09-20T16:39:19.027223,2024-09-20 12:39:19,LONG,18908.0,-200.0,True,16.33,True
675,FDAX,Fri,12:30,In-Sample,2024-09-27T16:30:00.323475,2024-09-27 12:30:00,LONG,19608.0,675.0,True,15.37,True
675,FDAX,Fri,12:30,In-Sample,2024-09-27T16:30:00.324274,2024-09-27 12:30:00,LONG,19608.0,-750.0,True,15.37,True
675,FDAX,Fri,12:30,In-Sample,2024-09-27T16:30:00.324274,2024-09-27 12:30:00,LONG,19608.0,-1075.0,True,15.37,True
675,FDAX,Fri,12:30,In-Sample,2024-09-27T16:30:00.383619,2024-09-27 12:30:00,LONG,19608.0,-1125.0,True,15.37,True
675,FDAX,Fri,12:30,In-Sample,2024-09-27T16:30:16.456556,2024-09-27 12:30:16,LONG,19611.0,225.0,True,15.37,True
675,FDAX,Fri,12:30,In-Sample,2024-09-27T16:30:16.456556,2024-09-27 12:30:16,LONG,19611.0,-350.0,True,15.37,True
675,FDAX,Fri,12:30,In-Sample,2024-09-27T16:30:16.456597,2024-09-27 12:30:16,LONG,19611.0,225.0,True,15.37,True
675,FDAX,Fri,12:30,In-Sample,2024-09-27T16:30:16.456597,2024-09-27 12:30:16,LONG,19611.0,-350.0,True,15.37,True
675,FDAX,Fri,12:30,In-Sample,2024-09-27T16:30:17.479069,2024-09-27 12:30:17,LONG,19611.0,-525.0,True,15.37,True
675,FDAX,Fri,12:30,In-Sample,2024-09-27T16:30:17.480279,2024-09-27 12:30:17,LONG,19611.0,200.0,True,15.37,True
675,FDAX,Fri,12:30,In-Sample,2024-09-27T16:32:22.063001,2024-09-27 12:32:22,SHORT,19616.0,425.0,True,15.37,True
675,FDAX,Fri,12:30,In-Sample,2024-09-27T16:32:28.001436,2024-09-27 12:32:28,SHORT,19617.0,450.0,True,15.37,True
675,FDAX,Fri,12:30,In-Sample,2024-09-27T16:33:12.695569,2024-09-27 12:33:12,SHORT,19619.0,450.0,True,15.37,True
675,FDAX,Fri,12:30,In-Sample,2024-09-27T16:33:12.775665,2024-09-27 12:33:12,SHORT,19619.0,450.0,True,15.37,True
675,FDAX,Fri,12:30,In-Sample,2024-09-27T16:34:26.790053,2024-09-27 12:34:26,SHORT,19614.0,375.0,True,15.37,True
675,FDAX,Fri,12:30,In-Sample,2024-09-27T16:43:04.373696,2024-09-27 12:43:04,SHORT,19620.0,475.0,True,15.37,True
675,FDAX,Fri,12:30,In-Sample,2024-09-27T16:43:05.628704,2024-09-27 12:43:05,LONG,19621.0,-2250.0,True,15.37,True
675,FDAX,Fri,12:30,In-Sample,2024-09-27T16:47:24.022638,2024-09-27 12:47:24,SHORT,19615.0,100.0,True,15.37,True
675,FDAX,Fri,12:30,In-Sample,2024-09-27T16:47:24.178958,2024-09-27 12:47:24,SHORT,19614.0,150.0,True,15.37,True
675,FDAX,Fri,12:30,In-Sample,2024-09-27T16:47:24.178958,2024-09-27 12:47:24,SHORT,19614.0,75.0,True,15.37,True
675,FDAX,Fri,12:30,In-Sample,2024-09-27T16:47:24.179148,2024-09-27 12:47:24,SHORT,19614.0,150.0,True,15.37,True
675,FDAX,Fri,12:30,In-Sample,2024-09-27T16:47:24.179148,2024-09-27 12:47:24,SHORT,19614.0,75.0,True,15.37,True
675,FDAX,Fri,12:30,In-Sample,2024-09-27T16:47:24.179216,2024-09-27 12:47:24,SHORT,19614.0,150.0,True,15.37,True
675,FDAX,Fri,12:30,In-Sample,2024-09-27T16:47:24.179216,2024-09-27 12:47:24,SHORT,19614.0,700.0,True,15.37,True
675,FDAX,Fri,12:30,In-Sample,2024-09-27T16:47:25.082272,2024-09-27 12:47:25,SHORT,19615.0,200.0,True,15.37,True
675,FDAX,Fri,12:30,In-Sample,2024-09-27T16:47:25.082272,2024-09-27 12:47:25,SHORT,19615.0,100.0,True,15.37,True
675,FDAX,Fri,12:30,In-Sample,2024-09-27T16:47:25.192341,2024-09-27 12:47:25,SHORT,19614.0,150.0,True,15.37,True
675,FDAX,Fri,12:30,In-Sample,2024-09-27T16:47:25.192341,2024-09-27 12:47:25,SHORT,19614.0,700.0,True,15.37,True
675,FDAX,Fri,12:30,In-Sample,2024-09-27T16:47:25.192739,2024-09-27 12:47:25,SHORT,19614.0,1500.0,True,15.37,True
675,FDAX,Fri,12:30,In-Sample,2024-09-27T16:47:25.192739,2024-09-27 12:47:25,SHORT,19614.0,1050.0,True,15.37,True
675,FDAX,Fri,12:30,In-Sample,2024-09-27T16:47:45.014615,2024-09-27 12:47:45,SHORT,19610.0,225.0,True,15.37,True
675,FDAX,Fri,12:30,In-Sample,2024-09-27T16:47:45.014615,2024-09-27 12:47:45,SHORT,19610.0,800.0,True,15.37,True
675,FDAX,Fri,12:30,In-Sample,2024-09-27T16:47:45.090203,2024-09-27 12:47:45,SHORT,19610.0,225.0,True,15.37,True
675,FDAX,Fri,12:30,In-Sample,2024-09-27T16:47:45.090203,2024-09-27 12:47:45,SHORT,19610.0,800.0,True,15.37,True
675,FDAX,Fri,12:30,In-Sample,2024-09-27T16:47:52.591481,2024-09-27 12:47:52,SHORT,19609.0,875.0,True,15.37,True
675,FDAX,Fri,12:30,In-Sample,2024-09-27T16:47:52.591481,2024-09-27 12:47:52,SHORT,19609.0,1750.0,True,15.37,True
675,FDAX,Fri,12:30,In-Sample,2024-09-27T16:47:52.591573,2024-09-27 12:47:52,SHORT,19609.0,875.0,True,15.37,True
675,FDAX,Fri,12:30,In-Sample,2024-09-27T16:55:00.280610,2024-09-27 12:55:00,SHORT,19606.0,1100.0,True,15.37,True
675,FDAX,Fri,12:30,In-Sample,2024-09-27T16:55:00.280610,2024-09-27 12:55:00,SHORT,19606.0,850.0,True,15.37,True
675,FDAX,Fri,12:30,In-Sample,2024-09-27T16:55:00.405628,2024-09-27 12:55:00,SHORT,19606.0,1700.0,True,15.37,True
675,FDAX,Fri,12:30,In-Sample,2024-09-27T16:55:00.405628,2024-09-27 12:55:00,SHORT,19606.0,850.0,True,15.37,True
675,FDAX,Fri,12:30,In-Sample,2024-09-27T16:55:00.405818,2024-09-27 12:55:00,SHORT,19606.0,1700.0,True,15.37,True
675,FDAX,Fri,12:30,In-Sample,2024-09-27T16:55:00.405818,2024-09-27 12:55:00,SHORT,19606.0,850.0,True,15.37,True
675,FDAX,Fri,12:30,In-Sample,2024-09-27T16:55:00.405879,2024-09-27 12:55:00,SHORT,19606.0,1700.0,True,15.37,True
675,FDAX,Fri,12:30,In-Sample,2024-09-27T16:55:00.405879,2024-09-27 12:55:00,SHORT,19606.0,850.0,True,15.37,True
675,FDAX,Fri,12:30,In-Sample,2024-09-27T16:55:01.350997,2024-09-27 12:55:01,SHORT,19606.0,1700.0,True,15.37,True
675,FDAX,Fri,12:30,In-Sample,2024-09-27T16:55:01.350997,2024-09-27 12:55:01,SHORT,19606.0,850.0,True,15.37,True
675,FDAX,Fri,12:30,In-Sample,2024-09-27T16:55:01.436867,2024-09-27 12:55:01,SHORT,19606.0,1700.0,True,15.37,True
675,FDAX,Fri,12:30,In-Sample,2024-09-27T16:55:01.436867,2024-09-27 12:55:01,SHORT,19606.0,1200.0,True,15.37,True
675,FDAX,Fri,12:30,In-Sample,2024-09-27T16:55:01.437660,2024-09-27 12:55:01,SHORT,19606.0,1700.0,True,15.37,True
675,FDAX,Fri,12:30,In-Sample,2024-09-27T16:55:01.437660,2024-09-27 12:55:01,SHORT,19606.0,1200.0,True,15.37,True
675,FDAX,Fri,12:30,In-Sample,2024-09-27T16:55:53.762284,2024-09-27 12:55:53,SHORT,19605.0,2175.0,True,15.37,True
675,FDAX,Fri,12:30,In-Sample,2024-09-27T16:55:53.887348,2024-09-27 12:55:53,SHORT,19605.0,2175.0,True,15.37,True
675,FDAX,Fri,12:30,In-Sample,2024-09-27T16:55:58.888501,2024-09-27 12:55:58,SHORT,19604.0,125.0,True,15.37,True
675,FDAX,Fri,12:30,In-Sample,2024-09-27T16:55:58.888566,2024-09-27 12:55:58,SHORT,19604.0,650.0,True,15.37,True
675,FDAX,Fri,12:30,In-Sample,2024-10-04T16:31:13.958655,2024-10-04 12:31:13,LONG,19319.0,-825.0,True,20.49,False
675,FDAX,Fri,12:30,In-Sample,2024-10-04T16:41:17.264125,2024-10-04 12:41:17,SHORT,19300.0,-675.0,True,20.49,False
675,FDAX,Fri,12:30,In-Sample,2024-10-04T16:41:17.350361,2024-10-04 12:41:17,SHORT,19300.0,-225.0,True,20.49,False
675,FDAX,Fri,12:30,In-Sample,2024-10-04T16:41:17.350492,2024-10-04 12:41:17,SHORT,19300.0,-825.0,True,20.49,False
675,FDAX,Fri,12:30,In-Sample,2024-10-04T16:43:43.766023,2024-10-04 12:43:43,LONG,19297.0,400.0,True,20.49,False
675,FDAX,Fri,12:30,In-Sample,2024-10-04T16:46:01.487995,2024-10-04 12:46:01,LONG,19294.0,425.0,True,20.49,False
675,FDAX,Fri,12:30,In-Sample,2024-10-04T16:47:47.747152,2024-10-04 12:47:47,LONG,19304.0,175.0,True,20.49,False
675,FDAX,Fri,12:30,In-Sample,2024-10-04T16:50:31.773390,2024-10-04 12:50:31,LONG,19309.0,300.0,True,20.49,False
675,FDAX,Fri,12:30,In-Sample,2024-10-04T16:52:43.431900,2024-10-04 12:52:43,LONG,19316.0,-150.0,True,20.49,False
675,FDAX,Fri,12:30,In-Sample,2024-10-11T16:35:04.086161,2024-10-11 12:35:04,SHORT,19486.0,-1800.0,True,20.93,False
675,FDAX,Fri,12:30,In-Sample,2024-10-11T16:36:29.240376,2024-10-11 12:36:29,LONG,19491.0,-825.0,True,20.93,False
675,FDAX,Fri,12:30,In-Sample,2024-10-11T16:36:29.315263,2024-10-11 12:36:29,LONG,19491.0,450.0,True,20.93,False
675,FDAX,Fri,12:30,In-Sample,2024-10-11T16:36:29.315263,2024-10-11 12:36:29,LONG,19491.0,800.0,True,20.93,False
675,FDAX,Fri,12:30,In-Sample,2024-10-11T16:39:30.447308,2024-10-11 12:39:30,LONG,19494.0,-600.0,True,20.93,False
675,FDAX,Fri,12:30,In-Sample,2024-10-11T16:49:46.293732,2024-10-11 12:49:46,LONG,19495.0,525.0,True,20.93,False
675,FDAX,Fri,12:30,In-Sample,2024-10-11T16:49:46.293732,2024-10-11 12:49:46,LONG,19495.0,750.0,True,20.93,False
675,FDAX,Fri,12:30,In-Sample,2024-10-11T16:49:46.364535,2024-10-11 12:49:46,LONG,19495.0,1350.0,True,20.93,False
675,FDAX,Fri,12:30,In-Sample,2024-10-25T16:33:59.820579,2024-10-25 12:33:59,LONG,19575.0,500.0,True,19.08,True
675,FDAX,Fri,12:30,In-Sample,2024-10-25T16:33:59.820579,2024-10-25 12:33:59,LONG,19575.0,750.0,True,19.08,True
675,FDAX,Fri,12:30,In-Sample,2024-10-25T16:39:37.446606,2024-10-25 12:39:37,SHORT,19588.0,950.0,True,19.08,True
675,FDAX,Fri,12:30,In-Sample,2024-10-25T16:46:15.511930,2024-10-25 12:46:15,SHORT,19589.0,500.0,True,19.08,True
675,FDAX,Fri,12:30,In-Sample,2024-10-25T16:46:15.709194,2024-10-25 12:46:15,SHORT,19589.0,500.0,True,19.08,True
675,FDAX,Fri,12:30,In-Sample,2024-10-25T16:46:15.709194,2024-10-25 12:46:15,SHORT,19589.0,1000.0,True,19.08,True
675,FDAX,Fri,12:30,In-Sample,2024-10-25T16:46:15.709194,2024-10-25 12:46:15,SHORT,19589.0,1125.0,True,19.08,True
675,FDAX,Fri,12:30,In-Sample,2024-10-25T16:47:00.517868,2024-10-25 12:47:00,SHORT,19584.0,-125.0,True,19.08,True
675,FDAX,Fri,12:30,In-Sample,2024-10-25T16:48:09.204562,2024-10-25 12:48:09,SHORT,19583.0,200.0,True,19.08,True
675,FDAX,Fri,12:30,In-Sample,2024-10-25T16:48:09.204562,2024-10-25 12:48:09,SHORT,19583.0,200.0,True,19.08,True
675,FDAX,Fri,12:30,In-Sample,2024-10-25T16:51:32.555678,2024-10-25 12:51:32,LONG,19589.0,-1275.0,True,19.08,True
675,FDAX,Fri,12:30,In-Sample,2024-10-25T16:55:06.359028,2024-10-25 12:55:06,SHORT,19580.0,500.0,True,19.08,True
675,FDAX,Fri,12:30,In-Sample,2024-10-25T16:55:06.359028,2024-10-25 12:55:06,SHORT,19580.0,1800.0,True,19.08,True
675,FDAX,Fri,12:30,In-Sample,2024-10-25T16:55:06.483787,2024-10-25 12:55:06,SHORT,19580.0,4125.0,True,19.08,True
675,FDAX,Fri,12:30,In-Sample,2024-10-25T16:55:06.483899,2024-10-25 12:55:06,SHORT,19580.0,300.0,True,19.08,True
675,FDAX,Fri,12:30,In-Sample,2024-10-25T16:55:06.483899,2024-10-25 12:55:06,SHORT,19580.0,575.0,True,19.08,True
675,FDAX,Fri,12:30,In-Sample,2024-10-25T16:55:06.483899,2024-10-25 12:55:06,SHORT,19580.0,1325.0,True,19.08,True
675,FDAX,Fri,12:30,In-Sample,2024-10-25T16:55:06.483959,2024-10-25 12:55:06,SHORT,19580.0,300.0,True,19.08,True
675,FDAX,Fri,12:30,In-Sample,2024-10-25T16:55:06.483959,2024-10-25 12:55:06,SHORT,19580.0,875.0,True,19.08,True
675,FDAX,Fri,12:30,In-Sample,2024-10-25T16:55:06.484016,2024-10-25 12:55:06,SHORT,19580.0,300.0,True,19.08,True
675,FDAX,Fri,12:30,In-Sample,2024-10-25T16:55:06.484016,2024-10-25 12:55:06,SHORT,19580.0,575.0,True,19.08,True
675,FDAX,Fri,12:30,In-Sample,2024-10-25T16:55:06.484016,2024-10-25 12:55:06,SHORT,19580.0,1325.0,True,19.08,True
675,FDAX,Fri,12:30,In-Sample,2024-11-01T16:36:18.654067,2024-11-01 12:36:18,SHORT,19358.0,675.0,True,23.16,False
675,FDAX,Fri,12:30,In-Sample,2024-11-01T16:36:19.787164,2024-11-01 12:36:19,SHORT,19358.0,675.0,True,23.16,False
675,FDAX,Fri,12:30,In-Sample,2024-11-01T16:39:04.161414,2024-11-01 12:39:04,LONG,19358.0,-975.0,True,23.16,False
675,FDAX,Fri,12:30,In-Sample,2024-11-01T16:43:48.956548,2024-11-01 12:43:48,SHORT,19347.0,-450.0,True,23.16,False
675,FDAX,Fri,12:30,In-Sample,2024-11-01T16:44:13.894670,2024-11-01 12:44:13,SHORT,19344.0,-525.0,True,23.16,False
675,FDAX,Fri,12:30,In-Sample,2024-11-01T16:44:14.968874,2024-11-01 12:44:14,SHORT,19344.0,-525.0,True,23.16,False
675,FDAX,Fri,12:30,In-Sample,2024-11-01T16:44:54.320413,2024-11-01 12:44:54,LONG,19345.0,0.0,True,23.16,False
675,FDAX,Fri,12:30,In-Sample,2024-11-01T16:44:55.468401,2024-11-01 12:44:55,LONG,19345.0,0.0,True,23.16,False
675,FDAX,Fri,12:30,In-Sample,2024-11-01T16:45:00.968297,2024-11-01 12:45:00,SHORT,19341.0,-750.0,True,23.16,False
675,FDAX,Fri,12:30,In-Sample,2024-11-01T16:45:00.981100,2024-11-01 12:45:00,SHORT,19341.0,-150.0,True,23.16,False
675,FDAX,Fri,12:30,In-Sample,2024-11-01T16:45:28.311967,2024-11-01 12:45:28,LONG,19340.0,100.0,True,23.16,False
675,FDAX,Fri,12:30,In-Sample,2024-11-01T16:45:28.312074,2024-11-01 12:45:28,LONG,19340.0,75.0,True,23.16,False
675,FDAX,Fri,12:30,In-Sample,2024-11-01T16:45:28.312127,2024-11-01 12:45:28,LONG,19340.0,100.0,True,23.16,False
675,FDAX,Fri,12:30,In-Sample,2024-11-01T16:45:41.049499,2024-11-01 12:45:41,LONG,19346.0,-100.0,True,23.16,False
675,FDAX,Fri,12:30,In-Sample,2024-11-01T16:45:44.409074,2024-11-01 12:45:44,LONG,19348.0,-225.0,True,23.16,False
675,FDAX,Fri,12:30,In-Sample,2024-11-01T16:45:45.522757,2024-11-01 12:45:45,LONG,19348.0,-300.0,True,23.16,False
675,FDAX,Fri,12:30,In-Sample,2024-11-01T16:46:13.870416,2024-11-01 12:46:13,LONG,19349.0,-300.0,True,23.16,False
675,FDAX,Fri,12:30,In-Sample,2024-11-01T16:48:03.891104,2024-11-01 12:48:03,LONG,19350.0,-200.0,True,23.16,False
675,FDAX,Fri,12:30,In-Sample,2024-11-01T16:48:03.891104,2024-11-01 12:48:03,LONG,19350.0,-350.0,True,23.16,False
675,FDAX,Fri,12:30,In-Sample,2024-11-01T16:48:26.159851,2024-11-01 12:48:26,SHORT,19351.0,975.0,True,23.16,False
675,FDAX,Fri,12:30,In-Sample,2024-11-01T16:48:26.159976,2024-11-01 12:48:26,SHORT,19351.0,975.0,True,23.16,False
675,FDAX,Fri,12:30,In-Sample,2024-11-01T16:49:56.021359,2024-11-01 12:49:56,LONG,19352.0,-400.0,True,23.16,False
675,FDAX,Fri,12:30,In-Sample,2024-11-01T16:49:56.021487,2024-11-01 12:49:56,LONG,19352.0,-900.0,True,23.16,False
675,FDAX,Fri,12:30,In-Sample,2024-11-01T16:49:56.021556,2024-11-01 12:49:56,LONG,19352.0,-900.0,True,23.16,False
675,FDAX,Fri,12:30,In-Sample,2024-11-01T16:49:56.021627,2024-11-01 12:49:56,LONG,19352.0,-900.0,True,23.16,False
675,FDAX,Fri,12:30,In-Sample,2024-11-01T16:49:57.171922,2024-11-01 12:49:57,LONG,19352.0,-600.0,True,23.16,False
675,FDAX,Fri,12:30,In-Sample,2024-11-01T16:49:57.172078,2024-11-01 12:49:57,LONG,19352.0,-300.0,True,23.16,False
675,FDAX,Fri,12:30,In-Sample,2024-11-01T16:49:57.172078,2024-11-01 12:49:57,LONG,19352.0,-1850.0,True,23.16,False
675,FDAX,Fri,12:30,In-Sample,2024-11-01T16:49:57.172199,2024-11-01 12:49:57,LONG,19352.0,-900.0,True,23.16,False
675,FDAX,Fri,12:30,In-Sample,2024-11-01T16:49:57.172309,2024-11-01 12:49:57,LONG,19352.0,-900.0,True,23.16,False
675,FDAX,Fri,12:30,In-Sample,2024-11-01T16:50:00.149543,2024-11-01 12:50:00,SHORT,19346.0,850.0,True,23.16,False
675,FDAX,Fri,12:30,In-Sample,2024-11-01T16:50:01.095100,2024-11-01 12:50:01,SHORT,19346.0,225.0,True,23.16,False
675,FDAX,Fri,12:30,In-Sample,2024-11-01T16:50:01.095100,2024-11-01 12:50:01,SHORT,19346.0,575.0,True,23.16,False
675,FDAX,Fri,12:30,In-Sample,2024-11-01T16:50:01.096475,2024-11-01 12:50:01,SHORT,19346.0,225.0,True,23.16,False
675,FDAX,Fri,12:30,In-Sample,2024-11-01T16:50:01.096475,2024-11-01 12:50:01,SHORT,19346.0,575.0,True,23.16,False
675,FDAX,Fri,12:30,In-Sample,2024-11-01T16:50:01.097176,2024-11-01 12:50:01,SHORT,19346.0,225.0,True,23.16,False
675,FDAX,Fri,12:30,In-Sample,2024-11-01T16:50:01.097176,2024-11-01 12:50:01,SHORT,19346.0,450.0,True,23.16,False
675,FDAX,Fri,12:30,In-Sample,2024-11-01T16:50:01.097176,2024-11-01 12:50:01,SHORT,19346.0,575.0,True,23.16,False
675,FDAX,Fri,12:30,In-Sample,2024-11-01T16:50:01.176917,2024-11-01 12:50:01,SHORT,19346.0,225.0,True,23.16,False
675,FDAX,Fri,12:30,In-Sample,2024-11-01T16:50:01.176917,2024-11-01 12:50:01,SHORT,19346.0,450.0,True,23.16,False
675,FDAX,Fri,12:30,In-Sample,2024-11-01T16:50:01.176917,2024-11-01 12:50:01,SHORT,19346.0,575.0,True,23.16,False
675,FDAX,Fri,12:30,In-Sample,2024-11-01T16:50:01.176990,2024-11-01 12:50:01,SHORT,19346.0,225.0,True,23.16,False
675,FDAX,Fri,12:30,In-Sample,2024-11-01T16:50:01.176990,2024-11-01 12:50:01,SHORT,19346.0,575.0,True,23.16,False
675,FDAX,Fri,12:30,In-Sample,2024-11-01T16:51:59.967851,2024-11-01 12:51:59,SHORT,19344.0,-525.0,True,23.16,False
675,FDAX,Fri,12:30,In-Sample,2024-11-01T16:52:00.201823,2024-11-01 12:52:00,SHORT,19344.0,-525.0,True,23.16,False
675,FDAX,Fri,12:30,In-Sample,2024-11-01T16:52:00.202028,2024-11-01 12:52:00,SHORT,19344.0,-525.0,True,23.16,False
675,FDAX,Fri,12:30,In-Sample,2024-11-01T16:52:01.122581,2024-11-01 12:52:01,SHORT,19344.0,275.0,True,23.16,False
675,FDAX,Fri,12:30,In-Sample,2024-11-01T16:52:01.122581,2024-11-01 12:52:01,SHORT,19344.0,525.0,True,23.16,False
675,FDAX,Fri,12:30,In-Sample,2024-11-01T16:52:01.122581,2024-11-01 12:52:01,SHORT,19344.0,275.0,True,23.16,False
675,FDAX,Fri,12:30,In-Sample,2024-11-01T16:52:01.234708,2024-11-01 12:52:01,SHORT,19344.0,600.0,True,23.16,False
675,FDAX,Fri,12:30,In-Sample,2024-11-01T16:52:01.234708,2024-11-01 12:52:01,SHORT,19344.0,950.0,True,23.16,False
675,FDAX,Fri,12:30,In-Sample,2024-11-01T16:52:01.235379,2024-11-01 12:52:01,SHORT,19344.0,600.0,True,23.16,False
675,FDAX,Fri,12:30,In-Sample,2024-11-01T16:52:01.235379,2024-11-01 12:52:01,SHORT,19344.0,950.0,True,23.16,False
675,FDAX,Fri,12:30,In-Sample,2024-11-01T16:54:13.728959,2024-11-01 12:54:13,LONG,19351.0,-825.0,True,23.16,False
675,FDAX,Fri,12:30,In-Sample,2024-11-01T16:54:14.771767,2024-11-01 12:54:14,LONG,19351.0,-825.0,True,23.16,False
675,FDAX,Fri,12:30,In-Sample,2024-11-01T16:56:26.150718,2024-11-01 12:56:26,SHORT,19342.0,625.0,True,23.16,False
675,FDAX,Fri,12:30,In-Sample,2024-11-01T16:56:26.150718,2024-11-01 12:56:26,SHORT,19342.0,850.0,True,23.16,False
675,FDAX,Fri,12:30,In-Sample,2024-11-01T16:56:27.312079,2024-11-01 12:56:27,SHORT,19342.0,1125.0,True,23.16,False
675,FDAX,Fri,12:30,In-Sample,2024-11-01T16:57:33.314768,2024-11-01 12:57:33,SHORT,19341.0,2025.0,True,23.16,False
675,FDAX,Fri,12:30,In-Sample,2024-11-01T16:57:33.314875,2024-11-01 12:57:33,SHORT,19341.0,1350.0,True,23.16,False
675,FDAX,Fri,12:30,In-Sample,2024-11-01T16:57:33.392304,2024-11-01 12:57:33,SHORT,19341.0,2025.0,True,23.16,False
675,FDAX,Fri,12:30,In-Sample,2024-11-01T16:57:33.892508,2024-11-01 12:57:33,SHORT,19340.0,600.0,True,23.16,False
675,FDAX,Fri,12:30,In-Sample,2024-11-01T16:57:33.892604,2024-11-01 12:57:33,SHORT,19340.0,600.0,True,23.16,False
675,FDAX,Fri,12:30,In-Sample,2024-11-01T16:57:34.933720,2024-11-01 12:57:34,SHORT,19340.0,600.0,True,23.16,False
675,FDAX,Fri,12:30,In-Sample,2024-11-01T16:57:34.933892,2024-11-01 12:57:34,SHORT,19340.0,600.0,True,23.16,False
675,FDAX,Fri,12:30,In-Sample,2024-11-01T16:57:39.573243,2024-11-01 12:57:39,SHORT,19339.0,2025.0,True,23.16,False
675,FDAX,Fri,12:30,In-Sample,2024-11-01T16:57:39.573347,2024-11-01 12:57:39,SHORT,19339.0,675.0,True,23.16,False
675,FDAX,Fri,12:30,In-Sample,2024-11-01T16:57:39.643605,2024-11-01 12:57:39,SHORT,19339.0,1275.0,True,23.16,False
675,FDAX,Fri,12:30,In-Sample,2024-11-01T16:58:26.808341,2024-11-01 12:58:26,LONG,19335.0,-500.0,True,23.16,False
675,FDAX,Fri,12:30,In-Sample,2024-11-01T16:58:26.808453,2024-11-01 12:58:26,LONG,19335.0,-500.0,True,23.16,False
675,FDAX,Fri,12:30,In-Sample,2024-11-01T16:58:26.808513,2024-11-01 12:58:26,LONG,19335.0,-500.0,True,23.16,False
675,FDAX,Fri,12:30,In-Sample,2024-11-01T16:58:27.777370,2024-11-01 12:58:27,SHORT,19333.0,750.0,True,23.16,False
675,FDAX,Fri,12:30,In-Sample,2024-11-01T16:58:27.777370,2024-11-01 12:58:27,SHORT,19333.0,0.0,True,23.16,False
675,FDAX,Fri,12:30,In-Sample,2024-11-01T16:58:27.902731,2024-11-01 12:58:27,SHORT,19333.0,375.0,True,23.16,False
675,FDAX,Fri,12:30,In-Sample,2024-11-01T16:58:27.902731,2024-11-01 12:58:27,SHORT,19333.0,0.0,True,23.16,False
675,FDAX,Fri,12:30,In-Sample,2024-11-01T16:58:29.308465,2024-11-01 12:58:29,SHORT,19332.0,250.0,True,23.16,False
675,FDAX,Fri,12:30,In-Sample,2024-11-01T16:58:29.308465,2024-11-01 12:58:29,SHORT,19332.0,475.0,True,23.16,False
675,FDAX,Fri,12:30,In-Sample,2024-11-01T16:58:29.308465,2024-11-01 12:58:29,SHORT,19332.0,-25.0,True,23.16,False
675,FDAX,Fri,12:30,In-Sample,2024-11-01T16:58:29.434276,2024-11-01 12:58:29,SHORT,19332.0,250.0,True,23.16,False
675,FDAX,Fri,12:30,In-Sample,2024-11-01T16:58:29.434276,2024-11-01 12:58:29,SHORT,19332.0,50.0,True,23.16,False
675,FDAX,Fri,12:30,In-Sample,2024-11-01T16:58:47.688950,2024-11-01 12:58:47,LONG,19329.0,-350.0,True,23.16,False
675,FDAX,Fri,12:30,In-Sample,2024-11-01T16:58:47.689051,2024-11-01 12:58:47,LONG,19329.0,-350.0,True,23.16,False
675,FDAX,Fri,12:30,In-Sample,2024-11-01T16:58:47.781726,2024-11-01 12:58:47,LONG,19329.0,-350.0,True,23.16,False
675,FDAX,Fri,12:30,In-Sample,2024-11-08T17:35:04.286199,2024-11-08 12:35:04,LONG,19277.0,-750.0,True,15.2,True
675,FDAX,Fri,12:30,In-Sample,2024-11-08T17:35:05.285197,2024-11-08 12:35:05,LONG,19277.0,-750.0,True,15.2,True
675,FDAX,Fri,12:30,In-Sample,2024-11-08T17:40:45.924010,2024-11-08 12:40:45,SHORT,19267.0,-675.0,True,15.2,True
675,FDAX,Fri,12:30,In-Sample,2024-11-08T17:44:02.764240,2024-11-08 12:44:02,SHORT,19262.0,-1275.0,True,15.2,True
675,FDAX,Fri,12:30,In-Sample,2024-11-08T17:44:03.896844,2024-11-08 12:44:03,SHORT,19262.0,-1275.0,True,15.2,True
675,FDAX,Fri,12:30,In-Sample,2024-11-08T17:47:21.299492,2024-11-08 12:47:21,LONG,19270.0,75.0,True,15.2,True
675,FDAX,Fri,12:30,In-Sample,2024-11-08T17:47:22.434487,2024-11-08 12:47:22,LONG,19270.0,75.0,True,15.2,True
675,FDAX,Fri,12:30,In-Sample,2024-11-08T17:47:22.437896,2024-11-08 12:47:22,LONG,19270.0,500.0,True,15.2,True
675,FDAX,Fri,12:30,In-Sample,2024-11-08T17:47:22.437896,2024-11-08 12:47:22,LONG,19270.0,2050.0,True,15.2,True
675,FDAX,Fri,12:30,In-Sample,2024-11-08T17:47:28.946797,2024-11-08 12:47:28,LONG,19272.0,175.0,True,15.2,True
675,FDAX,Fri,12:30,In-Sample,2024-11-08T17:47:29.992847,2024-11-08 12:47:29,LONG,19272.0,525.0,True,15.2,True
675,FDAX,Fri,12:30,In-Sample,2024-11-08T17:47:29.993167,2024-11-08 12:47:29,LONG,19272.0,1800.0,True,15.2,True
675,FDAX,Fri,12:30,In-Sample,2024-11-08T17:47:30.088751,2024-11-08 12:47:30,LONG,19273.0,-200.0,True,15.2,True
675,FDAX,Fri,12:30,In-Sample,2024-11-08T17:51:59.162254,2024-11-08 12:51:59,LONG,19276.0,275.0,True,15.2,True
675,FDAX,Fri,12:30,In-Sample,2024-11-08T17:52:00.051065,2024-11-08 12:52:00,LONG,19276.0,275.0,True,15.2,True
675,FDAX,Fri,12:30,In-Sample,2024-11-08T17:52:00.051065,2024-11-08 12:52:00,LONG,19276.0,550.0,True,15.2,True
675,FDAX,Fri,12:30,In-Sample,2024-11-08T17:52:00.051065,2024-11-08 12:52:00,LONG,19276.0,650.0,True,15.2,True
675,FDAX,Fri,12:30,In-Sample,2024-11-08T17:52:00.069883,2024-11-08 12:52:00,LONG,19276.0,275.0,True,15.2,True
675,FDAX,Fri,12:30,In-Sample,2024-11-08T17:52:00.069883,2024-11-08 12:52:00,LONG,19276.0,550.0,True,15.2,True
675,FDAX,Fri,12:30,In-Sample,2024-11-08T17:52:00.069883,2024-11-08 12:52:00,LONG,19276.0,650.0,True,15.2,True
675,FDAX,Fri,12:30,In-Sample,2024-11-08T17:52:00.187051,2024-11-08 12:52:00,LONG,19276.0,825.0,True,15.2,True
675,FDAX,Fri,12:30,In-Sample,2024-11-08T17:52:00.187173,2024-11-08 12:52:00,LONG,19276.0,1300.0,True,15.2,True
675,FDAX,Fri,12:30,In-Sample,2024-11-08T17:58:53.812111,2024-11-08 12:58:53,SHORT,19267.0,-600.0,True,15.2,True
675,FDAX,Fri,12:30,In-Sample,2024-11-08T17:58:53.936918,2024-11-08 12:58:53,SHORT,19267.0,-600.0,True,15.2,True
675,FDAX,Fri,12:30,In-Sample,2024-11-08T17:58:54.971895,2024-11-08 12:58:54,SHORT,19267.0,-600.0,True,15.2,True
675,FDAX,Fri,12:30,In-Sample,2024-11-15T17:41:02.243201,2024-11-15 12:41:02,SHORT,19236.0,200.0,True,14.31,True
675,FDAX,Fri,12:30,In-Sample,2024-11-15T17:41:02.243201,2024-11-15 12:41:02,SHORT,19236.0,50.0,True,14.31,True
675,FDAX,Fri,12:30,In-Sample,2024-11-15T17:41:02.325062,2024-11-15 12:41:02,SHORT,19236.0,200.0,True,14.31,True
675,FDAX,Fri,12:30,In-Sample,2024-11-15T17:41:02.325062,2024-11-15 12:41:02,SHORT,19236.0,375.0,True,14.31,True
675,FDAX,Fri,12:30,In-Sample,2024-11-15T17:41:02.325062,2024-11-15 12:41:02,SHORT,19236.0,300.0,True,14.31,True
675,FDAX,Fri,12:30,In-Sample,2024-11-15T17:41:02.325170,2024-11-15 12:41:02,SHORT,19236.0,200.0,True,14.31,True
675,FDAX,Fri,12:30,In-Sample,2024-11-15T17:41:02.325170,2024-11-15 12:41:02,SHORT,19236.0,-50.0,True,14.31,True
675,FDAX,Fri,12:30,In-Sample,2024-11-15T17:42:05.742210,2024-11-15 12:42:05,SHORT,19233.0,-225.0,True,14.31,True
675,FDAX,Fri,12:30,In-Sample,2024-11-15T17:42:24.339120,2024-11-15 12:42:24,SHORT,19232.0,-825.0,True,14.31,True
675,FDAX,Fri,12:30,In-Sample,2024-11-15T17:42:24.872730,2024-11-15 12:42:24,SHORT,19232.0,-1275.0,True,14.31,True
675,FDAX,Fri,12:30,In-Sample,2024-11-15T17:46:37.017110,2024-11-15 12:46:37,LONG,19230.0,100.0,True,14.31,True
675,FDAX,Fri,12:30,In-Sample,2024-11-15T17:49:28.557787,2024-11-15 12:49:28,LONG,19237.0,-900.0,True,14.31,True
675,FDAX,Fri,12:30,In-Sample,2024-11-15T17:49:28.644721,2024-11-15 12:49:28,LONG,19236.0,-100.0,True,14.31,True
675,FDAX,Fri,12:30,In-Sample,2024-11-15T17:50:20.534419,2024-11-15 12:50:20,SHORT,19229.0,-350.0,True,14.31,True
675,FDAX,Fri,12:30,In-Sample,2024-11-15T17:50:20.534419,2024-11-15 12:50:20,SHORT,19229.0,-350.0,True,14.31,True
675,FDAX,Fri,12:30,In-Sample,2024-11-15T17:59:49.209367,2024-11-15 12:59:49,LONG,19243.0,50.0,True,14.31,True
675,FDAX,Fri,12:30,In-Sample,2024-11-15T17:59:49.209367,2024-11-15 12:59:49,LONG,19243.0,1500.0,True,14.31,True
675,FDAX,Fri,12:30,In-Sample,2024-11-15T17:59:49.299074,2024-11-15 12:59:49,LONG,19243.0,-1350.0,True,14.31,True
675,FDAX,Fri,12:30,In-Sample,2024-11-15T17:59:49.455638,2024-11-15 12:59:49,LONG,19243.0,175.0,True,14.31,True
675,FDAX,Fri,12:30,In-Sample,2024-11-15T17:59:49.455638,2024-11-15 12:59:49,LONG,19243.0,1500.0,True,14.31,True
675,FDAX,Fri,12:30,In-Sample,2024-11-22T17:45:08.196534,2024-11-22 12:45:08,SHORT,19400.0,-1050.0,True,16.87,True
675,FDAX,Fri,12:30,In-Sample,2024-11-22T17:45:09.355067,2024-11-22 12:45:09,SHORT,19400.0,100.0,True,16.87,True
675,FDAX,Fri,12:30,In-Sample,2024-11-22T17:45:09.355067,2024-11-22 12:45:09,SHORT,19400.0,50.0,True,16.87,True
675,FDAX,Fri,12:30,In-Sample,2024-11-22T17:45:50.771850,2024-11-22 12:45:50,SHORT,19395.0,1000.0,True,16.87,True
675,FDAX,Fri,12:30,In-Sample,2024-11-22T17:45:50.771850,2024-11-22 12:45:50,SHORT,19395.0,500.0,True,16.87,True
675,FDAX,Fri,12:30,In-Sample,2024-11-22T17:45:50.895567,2024-11-22 12:45:50,SHORT,19395.0,900.0,True,16.87,True
675,FDAX,Fri,12:30,In-Sample,2024-11-22T17:45:51.924932,2024-11-22 12:45:51,SHORT,19395.0,-75.0,True,16.87,True
675,FDAX,Fri,12:30,In-Sample,2024-11-22T17:45:51.925312,2024-11-22 12:45:51,SHORT,19395.0,1000.0,True,16.87,True
675,FDAX,Fri,12:30,In-Sample,2024-11-22T17:45:51.926455,2024-11-22 12:45:51,SHORT,19395.0,900.0,True,16.87,True
675,FDAX,Fri,12:30,In-Sample,2024-11-22T17:46:10.146280,2024-11-22 12:46:10,SHORT,19390.0,-100.0,True,16.87,True
675,FDAX,Fri,12:30,In-Sample,2024-11-22T17:46:10.211611,2024-11-22 12:46:10,SHORT,19390.0,50.0,True,16.87,True
675,FDAX,Fri,12:30,In-Sample,2024-11-22T17:46:10.211611,2024-11-22 12:46:10,SHORT,19390.0,100.0,True,16.87,True
675,FDAX,Fri,12:30,In-Sample,2024-11-22T17:46:10.398062,2024-11-22 12:46:10,SHORT,19390.0,50.0,True,16.87,True
675,FDAX,Fri,12:30,In-Sample,2024-11-22T17:46:10.398062,2024-11-22 12:46:10,SHORT,19390.0,100.0,True,16.87,True
675,FDAX,Fri,12:30,In-Sample,2024-11-22T17:46:11.302927,2024-11-22 12:46:11,SHORT,19390.0,-100.0,True,16.87,True
675,FDAX,Fri,12:30,In-Sample,2024-11-22T17:46:11.346922,2024-11-22 12:46:11,SHORT,19390.0,50.0,True,16.87,True
675,FDAX,Fri,12:30,In-Sample,2024-11-22T17:46:11.346922,2024-11-22 12:46:11,SHORT,19390.0,-100.0,True,16.87,True
675,FDAX,Fri,12:30,In-Sample,2024-11-22T17:46:11.453873,2024-11-22 12:46:11,SHORT,19390.0,50.0,True,16.87,True
675,FDAX,Fri,12:30,In-Sample,2024-11-22T17:46:11.453873,2024-11-22 12:46:11,SHORT,19390.0,-50.0,True,16.87,True
675,FDAX,Fri,12:30,In-Sample,2024-11-22T17:52:11.606375,2024-11-22 12:52:11,SHORT,19388.0,0.0,True,16.87,True
675,FDAX,Fri,12:30,In-Sample,2024-11-22T17:59:12.969263,2024-11-22 12:59:12,LONG,19396.0,300.0,True,16.87,True
675,FDAX,Fri,12:30,In-Sample,2024-11-22T17:59:12.969507,2024-11-22 12:59:12,LONG,19396.0,300.0,True,16.87,True
675,FDAX,Fri,12:30,In-Sample,2024-11-22T17:59:14.037135,2024-11-22 12:59:14,LONG,19396.0,300.0,True,16.87,True
675,FDAX,Fri,12:30,In-Sample,2024-11-22T17:59:14.037858,2024-11-22 12:59:14,LONG,19396.0,300.0,True,16.87,True
675,FDAX,Fri,12:30,In-Sample,2024-11-29T17:38:10.941079,2024-11-29 12:38:10,SHORT,19682.0,150.0,True,14.1,True
675,FDAX,Fri,12:30,In-Sample,2024-11-29T17:38:10.941079,2024-11-29 12:38:10,SHORT,19682.0,-100.0,True,14.1,True
675,FDAX,Fri,12:30,In-Sample,2024-11-29T17:38:10.941176,2024-11-29 12:38:10,SHORT,19682.0,150.0,True,14.1,True
675,FDAX,Fri,12:30,In-Sample,2024-11-29T17:38:10.941176,2024-11-29 12:38:10,SHORT,19682.0,-500.0,True,14.1,True
675,FDAX,Fri,12:30,In-Sample,2024-11-29T17:38:10.941231,2024-11-29 12:38:10,SHORT,19682.0,150.0,True,14.1,True
675,FDAX,Fri,12:30,In-Sample,2024-11-29T17:38:10.941231,2024-11-29 12:38:10,SHORT,19682.0,-500.0,True,14.1,True
675,FDAX,Fri,12:30,In-Sample,2024-11-29T17:38:11.066020,2024-11-29 12:38:11,SHORT,19682.0,150.0,True,14.1,True
675,FDAX,Fri,12:30,In-Sample,2024-11-29T17:38:11.066020,2024-11-29 12:38:11,SHORT,19682.0,-100.0,True,14.1,True
675,FDAX,Fri,12:30,In-Sample,2024-11-29T17:38:11.066118,2024-11-29 12:38:11,SHORT,19682.0,150.0,True,14.1,True
675,FDAX,Fri,12:30,In-Sample,2024-11-29T17:38:11.066118,2024-11-29 12:38:11,SHORT,19682.0,-100.0,True,14.1,True
675,FDAX,Fri,12:30,In-Sample,2024-11-29T17:38:56.922604,2024-11-29 12:38:56,SHORT,19681.0,-50.0,True,14.1,True
675,FDAX,Fri,12:30,In-Sample,2024-11-29T17:38:56.922713,2024-11-29 12:38:56,SHORT,19681.0,-350.0,True,14.1,True
675,FDAX,Fri,12:30,In-Sample,2024-11-29T17:40:00.059584,2024-11-29 12:40:00,SHORT,19675.0,-825.0,True,14.1,True
675,FDAX,Fri,12:30,In-Sample,2024-11-29T17:40:00.059979,2024-11-29 12:40:00,SHORT,19675.0,-825.0,True,14.1,True
675,FDAX,Fri,12:30,In-Sample,2024-11-29T17:46:09.699938,2024-11-29 12:46:09,LONG,19686.0,500.0,True,14.1,True
675,FDAX,Fri,12:30,In-Sample,2024-11-29T17:46:09.699938,2024-11-29 12:46:09,LONG,19686.0,650.0,True,14.1,True
675,FDAX,Fri,12:30,In-Sample,2024-11-29T17:46:09.700165,2024-11-29 12:46:09,LONG,19686.0,500.0,True,14.1,True
675,FDAX,Fri,12:30,In-Sample,2024-11-29T17:46:09.700165,2024-11-29 12:46:09,LONG,19686.0,650.0,True,14.1,True
675,FDAX,Fri,12:30,In-Sample,2024-11-29T17:49:20.833376,2024-11-29 12:49:20,LONG,19692.0,1875.0,True,14.1,True
675,FDAX,Fri,12:30,In-Sample,2024-11-29T17:50:56.698888,2024-11-29 12:50:56,SHORT,19698.0,-300.0,True,14.1,True
675,FDAX,Fri,12:30,In-Sample,2024-11-29T17:50:56.823136,2024-11-29 12:50:56,SHORT,19698.0,-600.0,True,14.1,True
675,FDAX,Fri,12:30,In-Sample,2024-11-29T17:50:56.823241,2024-11-29 12:50:56,SHORT,19698.0,-300.0,True,14.1,True
675,FDAX,Fri,12:30,In-Sample,2024-11-29T17:53:07.729887,2024-11-29 12:53:07,LONG,19707.0,375.0,True,14.1,True
675,FDAX,Fri,12:30,In-Sample,2024-11-29T17:53:07.820458,2024-11-29 12:53:07,LONG,19707.0,-525.0,True,14.1,True
675,FDAX,Fri,12:30,In-Sample,2024-11-29T17:53:07.975951,2024-11-29 12:53:07,LONG,19707.0,375.0,True,14.1,True
675,FDAX,Fri,12:30,In-Sample,2024-12-13T17:39:02.062502,2024-12-13 12:39:02,SHORT,20407.0,250.0,True,13.92,True
675,FDAX,Fri,12:30,In-Sample,2024-12-13T17:39:02.062502,2024-12-13 12:39:02,SHORT,20407.0,350.0,True,13.92,True
675,FDAX,Fri,12:30,In-Sample,2024-12-13T17:46:47.120569,2024-12-13 12:46:47,LONG,20405.0,450.0,True,13.92,True
675,FDAX,Fri,12:30,In-Sample,2024-12-13T17:46:47.209184,2024-12-13 12:46:47,LONG,20405.0,450.0,True,13.92,True
675,FDAX,Fri,12:30,In-Sample,2024-12-13T17:46:47.209268,2024-12-13 12:46:47,LONG,20405.0,450.0,True,13.92,True
675,FDAX,Fri,12:30,In-Sample,2024-12-13T17:51:26.065054,2024-12-13 12:51:26,LONG,20399.0,600.0,True,13.92,True
675,FDAX,Fri,12:30,In-Sample,2024-12-13T17:51:26.141823,2024-12-13 12:51:26,LONG,20399.0,600.0,True,13.92,True
675,FDAX,Fri,12:30,In-Sample,2024-12-13T17:51:26.141910,2024-12-13 12:51:26,LONG,20399.0,600.0,True,13.92,True
675,FDAX,Fri,12:30,In-Sample,2024-12-13T17:56:49.695008,2024-12-13 12:56:49,LONG,20400.0,225.0,True,13.92,True
675,FDAX,Fri,12:30,In-Sample,2024-12-13T17:56:50.274064,2024-12-13 12:56:50,LONG,20400.0,225.0,True,13.92,True
675,FDAX,Fri,12:30,In-Sample,2024-12-13T17:56:50.274168,2024-12-13 12:56:50,LONG,20400.0,225.0,True,13.92,True
675,FDAX,Fri,12:30,In-Sample,2024-12-13T17:56:50.399484,2024-12-13 12:56:50,LONG,20401.0,150.0,True,13.92,True
675,FDAX,Fri,12:30,In-Sample,2024-12-13T17:57:29.278723,2024-12-13 12:57:29,LONG,20401.0,200.0,True,13.92,True
675,FDAX,Fri,12:30,In-Sample,2024-12-13T17:57:29.278723,2024-12-13 12:57:29,LONG,20401.0,375.0,True,13.92,True
675,FDAX,Fri,12:30,In-Sample,2024-12-13T17:57:29.278723,2024-12-13 12:57:29,LONG,20401.0,725.0,True,13.92,True
675,FDAX,Fri,12:30,In-Sample,2024-12-13T17:57:37.394910,2024-12-13 12:57:37,LONG,20402.0,525.0,True,13.92,True
675,FDAX,Fri,12:30,In-Sample,2024-12-13T17:57:37.470285,2024-12-13 12:57:37,LONG,20402.0,525.0,True,13.92,True
675,FDAX,Fri,12:30,In-Sample,2024-12-13T17:57:37.470381,2024-12-13 12:57:37,LONG,20402.0,525.0,True,13.92,True
675,FDAX,Fri,12:30,In-Sample,2024-12-20T17:30:17.713224,2024-12-20 12:30:17,SHORT,20107.0,-600.0,True,24.09,False
675,FDAX,Fri,12:30,In-Sample,2024-12-20T17:30:17.716386,2024-12-20 12:30:17,SHORT,20107.0,-600.0,True,24.09,False
675,FDAX,Fri,12:30,In-Sample,2024-12-20T17:30:17.716460,2024-12-20 12:30:17,SHORT,20107.0,-400.0,True,24.09,False
675,FDAX,Fri,12:30,In-Sample,2024-12-20T17:30:17.716600,2024-12-20 12:30:17,SHORT,20107.0,-150.0,True,24.09,False
675,FDAX,Fri,12:30,In-Sample,2024-12-20T17:37:39.822051,2024-12-20 12:37:39,SHORT,20104.0,-750.0,True,24.09,False
675,FDAX,Fri,12:30,In-Sample,2024-12-20T17:37:39.897158,2024-12-20 12:37:39,SHORT,20104.0,-450.0,True,24.09,False
675,FDAX,Fri,12:30,In-Sample,2024-12-20T17:37:39.897263,2024-12-20 12:37:39,SHORT,20104.0,-250.0,True,24.09,False
675,FDAX,Fri,12:30,In-Sample,2024-12-20T17:37:40.084642,2024-12-20 12:37:40,SHORT,20105.0,-400.0,True,24.09,False
675,FDAX,Fri,12:30,In-Sample,2024-12-20T17:41:26.050565,2024-12-20 12:41:26,LONG,20114.0,-1450.0,True,24.09,False
675,FDAX,Fri,12:30,In-Sample,2024-12-20T17:43:00.410416,2024-12-20 12:43:00,LONG,20118.0,-750.0,True,24.09,False
675,FDAX,Fri,12:30,In-Sample,2024-12-20T17:43:00.490276,2024-12-20 12:43:00,LONG,20118.0,-675.0,True,24.09,False
675,FDAX,Fri,12:30,In-Sample,2024-12-20T17:43:12.398984,2024-12-20 12:43:12,LONG,20125.0,-1050.0,True,24.09,False
675,FDAX,Fri,12:30,In-Sample,2024-12-20T17:43:12.492497,2024-12-20 12:43:12,LONG,20125.0,-350.0,True,24.09,False
675,FDAX,Fri,12:30,In-Sample,2024-12-20T17:43:12.492497,2024-12-20 12:43:12,LONG,20125.0,-2000.0,True,24.09,False
675,FDAX,Fri,12:30,In-Sample,2024-12-20T17:43:12.492611,2024-12-20 12:43:12,LONG,20125.0,-675.0,True,24.09,False
675,FDAX,Fri,12:30,In-Sample,2024-12-20T17:45:59.901115,2024-12-20 12:45:59,SHORT,20120.0,500.0,True,24.09,False
675,FDAX,Fri,12:30,In-Sample,2024-12-20T17:45:59.901115,2024-12-20 12:45:59,SHORT,20120.0,400.0,True,24.09,False
675,FDAX,Fri,12:30,In-Sample,2024-12-20T17:45:59.960973,2024-12-20 12:45:59,SHORT,20121.0,500.0,True,24.09,False
675,FDAX,Fri,12:30,In-Sample,2024-12-20T17:45:59.960973,2024-12-20 12:45:59,SHORT,20121.0,450.0,True,24.09,False
675,FDAX,Fri,12:30,In-Sample,2024-12-20T17:46:19.954420,2024-12-20 12:46:19,SHORT,20117.0,250.0,True,24.09,False
675,FDAX,Fri,12:30,In-Sample,2024-12-20T17:46:19.954420,2024-12-20 12:46:19,SHORT,20117.0,-250.0,True,24.09,False
675,FDAX,Fri,12:30,In-Sample,2024-12-20T17:46:20.027169,2024-12-20 12:46:20,SHORT,20117.0,250.0,True,24.09,False
675,FDAX,Fri,12:30,In-Sample,2024-12-20T17:46:20.027169,2024-12-20 12:46:20,SHORT,20117.0,225.0,True,24.09,False
675,FDAX,Fri,12:30,In-Sample,2024-12-20T17:47:32.702568,2024-12-20 12:47:32,SHORT,20109.0,-975.0,True,24.09,False
675,FDAX,Fri,12:30,In-Sample,2024-12-20T17:47:32.702890,2024-12-20 12:47:32,SHORT,20109.0,-975.0,True,24.09,False
675,FDAX,Fri,12:30,In-Sample,2024-12-20T17:49:00.135806,2024-12-20 12:49:00,SHORT,20100.0,-625.0,True,24.09,False
675,FDAX,Fri,12:30,In-Sample,2024-12-20T17:49:00.135806,2024-12-20 12:49:00,SHORT,20100.0,-25.0,True,24.09,False
675,FDAX,Fri,12:30,In-Sample,2024-12-20T17:49:00.135806,2024-12-20 12:49:00,SHORT,20100.0,300.0,True,24.09,False
675,FDAX,Fri,12:30,In-Sample,2024-12-20T17:49:00.219627,2024-12-20 12:49:00,SHORT,20100.0,-650.0,True,24.09,False
675,FDAX,Fri,12:30,In-Sample,2024-12-20T17:49:00.219737,2024-12-20 12:49:00,SHORT,20100.0,-625.0,True,24.09,False
675,FDAX,Fri,12:30,In-Sample,2024-12-20T17:49:00.219737,2024-12-20 12:49:00,SHORT,20100.0,-25.0,True,24.09,False
675,FDAX,Fri,12:30,In-Sample,2024-12-20T17:49:00.219737,2024-12-20 12:49:00,SHORT,20100.0,300.0,True,24.09,False
675,FDAX,Fri,12:30,In-Sample,2024-12-20T17:49:00.344590,2024-12-20 12:49:00,SHORT,20100.0,-625.0,True,24.09,False
675,FDAX,Fri,12:30,In-Sample,2024-12-27T17:35:43.030529,2024-12-27 12:35:43,SHORT,20071.0,-1350.0,True,14.73,True
675,FDAX,Fri,12:30,In-Sample,2024-12-27T17:35:44.430822,2024-12-27 12:35:44,SHORT,20072.0,-975.0,True,14.73,True
675,FDAX,Fri,12:30,In-Sample,2024-12-27T17:51:27.558579,2024-12-27 12:51:27,SHORT,20077.0,-525.0,True,14.73,True
675,FDAX,Fri,12:30,In-Sample,2024-12-27T17:51:49.127479,2024-12-27 12:51:49,SHORT,20075.0,-4275.0,True,14.73,True
675,FDAX,Fri,12:30,In-Sample,2024-12-27T17:52:57.034769,2024-12-27 12:52:57,SHORT,20068.0,-2850.0,True,14.73,True
675,FDAX,Fri,12:30,In-Sample,2024-12-27T17:56:43.570994,2024-12-27 12:56:43,LONG,20082.0,500.0,True,14.73,True
675,FDAX,Fri,12:30,In-Sample,2024-12-27T17:56:43.570994,2024-12-27 12:56:43,LONG,20082.0,550.0,True,14.73,True
675,FDAX,Fri,12:30,In-Sample,2025-01-03T17:47:44.561785,2025-01-03 12:47:44,SHORT,20036.0,-825.0,True,17.93,True
675,FDAX,Fri,12:30,In-Sample,2025-01-03T17:48:00.564550,2025-01-03 12:48:00,SHORT,20035.0,-850.0,True,17.93,True
675,FDAX,Fri,12:30,In-Sample,2025-01-03T17:48:00.690323,2025-01-03 12:48:00,SHORT,20035.0,-425.0,True,17.93,True
675,FDAX,Fri,12:30,In-Sample,2025-01-03T17:48:00.690323,2025-01-03 12:48:00,SHORT,20035.0,-950.0,True,17.93,True
675,FDAX,Fri,12:30,In-Sample,2025-01-03T17:54:48.506080,2025-01-03 12:54:48,LONG,20045.0,-375.0,True,17.93,True
675,FDAX,Fri,12:30,In-Sample,2025-01-10T17:30:21.728878,2025-01-10 12:30:21,LONG,20343.0,500.0,True,17.7,True
675,FDAX,Fri,12:30,In-Sample,2025-01-10T17:30:21.728878,2025-01-10 12:30:21,LONG,20343.0,1500.0,True,17.7,True
675,FDAX,Fri,12:30,In-Sample,2025-01-10T17:30:21.728878,2025-01-10 12:30:21,LONG,20343.0,1350.0,True,17.7,True
675,FDAX,Fri,12:30,In-Sample,2025-01-10T17:33:25.640442,2025-01-10 12:33:25,SHORT,20350.0,-2025.0,True,17.7,True
675,FDAX,Fri,12:30,In-Sample,2025-01-10T17:33:25.735094,2025-01-10 12:33:25,SHORT,20350.0,-675.0,True,17.7,True
675,FDAX,Fri,12:30,In-Sample,2025-01-10T17:34:13.242745,2025-01-10 12:34:13,SHORT,20355.0,-425.0,True,17.7,True
675,FDAX,Fri,12:30,In-Sample,2025-01-10T17:35:48.013242,2025-01-10 12:35:48,SHORT,20351.0,-2000.0,True,17.7,True
675,FDAX,Fri,12:30,In-Sample,2025-01-10T17:44:05.409018,2025-01-10 12:44:05,SHORT,20363.0,-850.0,True,17.7,True
675,FDAX,Fri,12:30,In-Sample,2025-01-10T17:45:18.624001,2025-01-10 12:45:18,SHORT,20369.0,-200.0,True,17.7,True
675,FDAX,Fri,12:30,In-Sample,2025-01-10T17:56:19.816198,2025-01-10 12:56:19,SHORT,20383.0,-100.0,True,17.7,True
675,FDAX,Fri,12:30,In-Sample,2025-01-10T17:56:21.157192,2025-01-10 12:56:21,LONG,20384.0,250.0,True,17.7,True
675,FDAX,Fri,12:30,In-Sample,2025-01-10T17:56:21.157192,2025-01-10 12:56:21,LONG,20384.0,500.0,True,17.7,True
675,FDAX,Fri,12:30,In-Sample,2025-01-10T17:56:21.157192,2025-01-10 12:56:21,LONG,20384.0,325.0,True,17.7,True
675,FDAX,Fri,12:30,In-Sample,2025-01-10T17:56:21.280459,2025-01-10 12:56:21,LONG,20384.0,250.0,True,17.7,True
675,FDAX,Fri,12:30,In-Sample,2025-01-10T17:56:21.280459,2025-01-10 12:56:21,LONG,20384.0,500.0,True,17.7,True
675,FDAX,Fri,12:30,In-Sample,2025-01-10T17:56:21.280459,2025-01-10 12:56:21,LONG,20384.0,325.0,True,17.7,True
675,FDAX,Fri,12:30,In-Sample,2025-01-10T17:56:21.280765,2025-01-10 12:56:21,LONG,20384.0,250.0,True,17.7,True
675,FDAX,Fri,12:30,In-Sample,2025-01-10T17:56:21.280765,2025-01-10 12:56:21,LONG,20384.0,325.0,True,17.7,True
675,FDAX,Fri,12:30,In-Sample,2025-01-10T17:56:21.280928,2025-01-10 12:56:21,LONG,20384.0,250.0,True,17.7,True
675,FDAX,Fri,12:30,In-Sample,2025-01-10T17:56:21.280928,2025-01-10 12:56:21,LONG,20384.0,325.0,True,17.7,True
675,FDAX,Fri,12:30,In-Sample,2025-01-10T17:56:21.281192,2025-01-10 12:56:21,LONG,20384.0,250.0,True,17.7,True
675,FDAX,Fri,12:30,In-Sample,2025-01-10T17:56:21.281192,2025-01-10 12:56:21,LONG,20384.0,325.0,True,17.7,True
675,FDAX,Fri,12:30,In-Sample,2025-01-17T17:44:25.363431,2025-01-17 12:44:25,SHORT,21028.0,225.0,True,16.6,True
675,FDAX,Fri,12:30,In-Sample,2025-01-31T17:30:14.039973,2025-01-31 12:30:14,SHORT,21854.0,2850.0,True,15.84,True
675,FDAX,Fri,12:30,In-Sample,2025-01-31T17:30:14.073423,2025-01-31 12:30:14,SHORT,21854.0,3600.0,True,15.84,True
675,FDAX,Fri,12:30,In-Sample,2025-01-31T17:31:09.065519,2025-01-31 12:31:09,SHORT,21852.0,1500.0,True,15.84,True
675,FDAX,Fri,12:30,In-Sample,2025-01-31T17:31:09.068608,2025-01-31 12:31:09,SHORT,21852.0,1500.0,True,15.84,True
675,FDAX,Fri,12:30,In-Sample,2025-01-31T17:31:09.115717,2025-01-31 12:31:09,SHORT,21852.0,1500.0,True,15.84,True
675,FDAX,Fri,12:30,In-Sample,2025-01-31T17:31:09.192947,2025-01-31 12:31:09,SHORT,21852.0,2050.0,True,15.84,True
675,FDAX,Fri,12:30,In-Sample,2025-01-31T17:31:37.074787,2025-01-31 12:31:37,SHORT,21849.0,3225.0,True,15.84,True
675,FDAX,Fri,12:30,In-Sample,2025-01-31T17:31:37.124758,2025-01-31 12:31:37,SHORT,21849.0,-675.0,True,15.84,True
675,FDAX,Fri,12:30,In-Sample,2025-01-31T17:31:37.134051,2025-01-31 12:31:37,SHORT,21849.0,6825.0,True,15.84,True
675,FDAX,Fri,12:30,In-Sample,2025-01-31T17:31:37.200564,2025-01-31 12:31:37,SHORT,21849.0,525.0,True,15.84,True
675,FDAX,Fri,12:30,In-Sample,2025-01-31T17:31:37.200564,2025-01-31 12:31:37,SHORT,21849.0,1650.0,True,15.84,True
675,FDAX,Fri,12:30,In-Sample,2025-01-31T17:41:03.365753,2025-01-31 12:41:03,SHORT,21863.0,7875.0,True,15.84,True
675,FDAX,Fri,12:30,In-Sample,2025-01-31T17:41:03.426418,2025-01-31 12:41:03,SHORT,21863.0,6675.0,True,15.84,True
675,FDAX,Fri,12:30,In-Sample,2025-01-31T17:42:57.911002,2025-01-31 12:42:57,SHORT,21871.0,-250.0,True,15.84,True
675,FDAX,Fri,12:30,In-Sample,2025-01-31T17:55:17.495618,2025-01-31 12:55:17,SHORT,21874.0,-350.0,True,15.84,True
675,FDAX,Fri,12:30,In-Sample,2025-01-31T17:55:17.672639,2025-01-31 12:55:17,SHORT,21872.0,3050.0,True,15.84,True
675,FDAX,Fri,12:30,In-Sample,2025-01-31T17:55:17.732823,2025-01-31 12:55:17,SHORT,21872.0,3050.0,True,15.84,True
675,FDAX,Fri,12:30,In-Sample,2025-01-31T17:55:17.753455,2025-01-31 12:55:17,SHORT,21872.0,3050.0,True,15.84,True
675,FDAX,Fri,12:30,In-Sample,2025-01-31T17:55:17.888512,2025-01-31 12:55:17,SHORT,21872.0,4350.0,True,15.84,True
675,FDAX,Fri,12:30,In-Sample,2025-01-31T17:57:38.783219,2025-01-31 12:57:38,SHORT,21868.0,925.0,True,15.84,True
675,FDAX,Fri,12:30,In-Sample,2025-01-31T17:57:38.783219,2025-01-31 12:57:38,SHORT,21868.0,925.0,True,15.84,True
675,FDAX,Fri,12:30,In-Sample,2025-01-31T17:57:38.832428,2025-01-31 12:57:38,SHORT,21868.0,-650.0,True,15.84,True
675,FDAX,Fri,12:30,In-Sample,2025-01-31T17:57:38.858678,2025-01-31 12:57:38,SHORT,21868.0,925.0,True,15.84,True
675,FDAX,Fri,12:30,In-Sample,2025-01-31T17:57:38.858678,2025-01-31 12:57:38,SHORT,21868.0,1850.0,True,15.84,True
675,FDAX,Fri,12:30,In-Sample,2025-01-31T17:57:38.858986,2025-01-31 12:57:38,SHORT,21868.0,2775.0,True,15.84,True
675,FDAX,Fri,12:30,In-Sample,2025-01-31T17:57:38.859455,2025-01-31 12:57:38,SHORT,21868.0,400.0,True,15.84,True
675,FDAX,Fri,12:30,In-Sample,2025-01-31T17:57:38.859455,2025-01-31 12:57:38,SHORT,21868.0,725.0,True,15.84,True
675,FDAX,Fri,12:30,In-Sample,2025-01-31T17:57:38.859455,2025-01-31 12:57:38,SHORT,21868.0,725.0,True,15.84,True
675,FDAX,Fri,12:30,In-Sample,2025-01-31T17:57:38.915486,2025-01-31 12:57:38,SHORT,21868.0,925.0,True,15.84,True
675,FDAX,Fri,12:30,In-Sample,2025-01-31T17:57:38.915486,2025-01-31 12:57:38,SHORT,21868.0,1300.0,True,15.84,True
675,FDAX,Fri,12:30,In-Sample,2025-01-31T17:57:38.915671,2025-01-31 12:57:38,SHORT,21868.0,925.0,True,15.84,True
675,FDAX,Fri,12:30,In-Sample,2025-01-31T17:57:38.915671,2025-01-31 12:57:38,SHORT,21868.0,1850.0,True,15.84,True
675,FDAX,Fri,12:30,In-Sample,2025-01-31T17:57:38.915756,2025-01-31 12:57:38,SHORT,21868.0,925.0,True,15.84,True
675,FDAX,Fri,12:30,In-Sample,2025-01-31T17:57:38.915756,2025-01-31 12:57:38,SHORT,21868.0,1850.0,True,15.84,True
675,FDAX,Fri,12:30,In-Sample,2025-01-31T17:57:38.915909,2025-01-31 12:57:38,SHORT,21868.0,-650.0,True,15.84,True
675,FDAX,Fri,12:30,In-Sample,2025-01-31T17:57:38.915967,2025-01-31 12:57:38,SHORT,21868.0,1275.0,True,15.84,True
675,FDAX,Fri,12:30,In-Sample,2025-01-31T17:57:38.915967,2025-01-31 12:57:38,SHORT,21868.0,2400.0,True,15.84,True
675,FDAX,Fri,12:30,In-Sample,2025-01-31T17:57:38.916323,2025-01-31 12:57:38,SHORT,21868.0,-650.0,True,15.84,True
675,FDAX,Fri,12:30,In-Sample,2025-02-07T17:30:51.973823,2025-02-07 12:30:51,SHORT,21863.0,500.0,True,15.5,True
675,FDAX,Fri,12:30,In-Sample,2025-02-07T17:30:51.973823,2025-02-07 12:30:51,SHORT,21863.0,350.0,True,15.5,True
675,FDAX,Fri,12:30,In-Sample,2025-02-07T17:30:52.053712,2025-02-07 12:30:52,SHORT,21863.0,500.0,True,15.5,True
675,FDAX,Fri,12:30,In-Sample,2025-02-07T17:30:52.053712,2025-02-07 12:30:52,SHORT,21863.0,350.0,True,15.5,True
675,FDAX,Fri,12:30,In-Sample,2025-02-07T17:30:52.679812,2025-02-07 12:30:52,SHORT,21854.0,-50.0,True,15.5,True
675,FDAX,Fri,12:30,In-Sample,2025-02-07T17:30:53.975261,2025-02-07 12:30:53,LONG,21855.0,-125.0,True,15.5,True
675,FDAX,Fri,12:30,In-Sample,2025-02-07T17:30:55.381758,2025-02-07 12:30:55,SHORT,21850.0,-400.0,True,15.5,True
675,FDAX,Fri,12:30,In-Sample,2025-02-07T17:31:03.969727,2025-02-07 12:31:03,LONG,21858.0,-250.0,True,15.5,True
675,FDAX,Fri,12:30,In-Sample,2025-02-07T17:31:04.062103,2025-02-07 12:31:04,LONG,21857.0,-1275.0,True,15.5,True
675,FDAX,Fri,12:30,In-Sample,2025-02-07T17:31:15.666489,2025-02-07 12:31:15,SHORT,21848.0,-500.0,True,15.5,True
675,FDAX,Fri,12:30,In-Sample,2025-02-07T17:31:20.560567,2025-02-07 12:31:20,LONG,21858.0,-275.0,True,15.5,True
675,FDAX,Fri,12:30,In-Sample,2025-02-07T17:31:20.560718,2025-02-07 12:31:20,LONG,21858.0,-825.0,True,15.5,True
675,FDAX,Fri,12:30,In-Sample,2025-02-07T17:31:20.729777,2025-02-07 12:31:20,LONG,21856.0,-525.0,True,15.5,True
675,FDAX,Fri,12:30,In-Sample,2025-02-07T17:31:20.729864,2025-02-07 12:31:20,LONG,21856.0,-225.0,True,15.5,True
675,FDAX,Fri,12:30,In-Sample,2025-02-07T17:31:20.729916,2025-02-07 12:31:20,LONG,21856.0,-300.0,True,15.5,True
675,FDAX,Fri,12:30,In-Sample,2025-02-07T17:31:20.729916,2025-02-07 12:31:20,LONG,21856.0,350.0,True,15.5,True
675,FDAX,Fri,12:30,In-Sample,2025-02-07T17:31:20.730000,2025-02-07 12:31:20,LONG,21856.0,-450.0,True,15.5,True
675,FDAX,Fri,12:30,In-Sample,2025-02-07T17:31:20.730044,2025-02-07 12:31:20,LONG,21856.0,900.0,True,15.5,True
675,FDAX,Fri,12:30,In-Sample,2025-02-07T17:31:20.730111,2025-02-07 12:31:20,LONG,21856.0,-50.0,True,15.5,True
675,FDAX,Fri,12:30,In-Sample,2025-02-07T17:31:20.730281,2025-02-07 12:31:20,LONG,21856.0,-525.0,True,15.5,True
675,FDAX,Fri,12:30,In-Sample,2025-02-07T17:31:35.563602,2025-02-07 12:31:35,LONG,21864.0,-850.0,True,15.5,True
675,FDAX,Fri,12:30,In-Sample,2025-02-07T17:32:01.573834,2025-02-07 12:32:01,SHORT,21849.0,500.0,True,15.5,True
675,FDAX,Fri,12:30,In-Sample,2025-02-07T17:32:01.573834,2025-02-07 12:32:01,SHORT,21849.0,600.0,True,15.5,True
675,FDAX,Fri,12:30,In-Sample,2025-02-07T17:32:01.694760,2025-02-07 12:32:01,SHORT,21849.0,500.0,True,15.5,True
675,FDAX,Fri,12:30,In-Sample,2025-02-07T17:32:01.694760,2025-02-07 12:32:01,SHORT,21849.0,600.0,True,15.5,True
675,FDAX,Fri,12:30,In-Sample,2025-02-07T17:33:03.524444,2025-02-07 12:33:03,SHORT,21841.0,425.0,True,15.5,True
675,FDAX,Fri,12:30,In-Sample,2025-02-07T17:33:03.524444,2025-02-07 12:33:03,SHORT,21841.0,-100.0,True,15.5,True
675,FDAX,Fri,12:30,In-Sample,2025-02-07T17:33:03.681894,2025-02-07 12:33:03,SHORT,21847.0,500.0,True,15.5,True
675,FDAX,Fri,12:30,In-Sample,2025-02-07T17:33:03.844195,2025-02-07 12:33:03,SHORT,21839.0,50.0,True,15.5,True
675,FDAX,Fri,12:30,In-Sample,2025-02-07T17:33:03.844195,2025-02-07 12:33:03,SHORT,21839.0,50.0,True,15.5,True
675,FDAX,Fri,12:30,In-Sample,2025-02-07T17:33:03.931116,2025-02-07 12:33:03,LONG,21835.0,125.0,True,15.5,True
675,FDAX,Fri,12:30,In-Sample,2025-02-07T17:33:03.931192,2025-02-07 12:33:03,LONG,21835.0,125.0,True,15.5,True
675,FDAX,Fri,12:30,In-Sample,2025-02-07T17:33:05.531103,2025-02-07 12:33:05,LONG,21838.0,400.0,True,15.5,True
675,FDAX,Fri,12:30,In-Sample,2025-02-07T17:33:05.841339,2025-02-07 12:33:05,LONG,21838.0,-600.0,True,15.5,True
675,FDAX,Fri,12:30,In-Sample,2025-02-07T17:33:25.557498,2025-02-07 12:33:25,LONG,21834.0,650.0,True,15.5,True
675,FDAX,Fri,12:30,In-Sample,2025-02-07T17:33:25.557498,2025-02-07 12:33:25,LONG,21834.0,-125.0,True,15.5,True
675,FDAX,Fri,12:30,In-Sample,2025-02-07T17:33:25.625550,2025-02-07 12:33:25,LONG,21834.0,500.0,True,15.5,True
675,FDAX,Fri,12:30,In-Sample,2025-02-07T17:33:25.625550,2025-02-07 12:33:25,LONG,21834.0,650.0,True,15.5,True
675,FDAX,Fri,12:30,In-Sample,2025-02-07T17:33:25.780161,2025-02-07 12:33:25,LONG,21831.0,1250.0,True,15.5,True
675,FDAX,Fri,12:30,In-Sample,2025-02-07T17:33:25.780289,2025-02-07 12:33:25,LONG,21831.0,325.0,True,15.5,True
675,FDAX,Fri,12:30,In-Sample,2025-02-07T17:33:25.780289,2025-02-07 12:33:25,LONG,21831.0,100.0,True,15.5,True
675,FDAX,Fri,12:30,In-Sample,2025-02-07T17:34:09.047995,2025-02-07 12:34:09,LONG,21845.0,450.0,True,15.5,True
675,FDAX,Fri,12:30,In-Sample,2025-02-07T17:34:09.047995,2025-02-07 12:34:09,LONG,21845.0,75.0,True,15.5,True
675,FDAX,Fri,12:30,In-Sample,2025-02-07T17:34:09.128234,2025-02-07 12:34:09,LONG,21845.0,450.0,True,15.5,True
675,FDAX,Fri,12:30,In-Sample,2025-02-07T17:34:09.128234,2025-02-07 12:34:09,LONG,21845.0,350.0,True,15.5,True
675,FDAX,Fri,12:30,In-Sample,2025-02-07T17:34:09.252698,2025-02-07 12:34:09,LONG,21845.0,450.0,True,15.5,True
675,FDAX,Fri,12:30,In-Sample,2025-02-07T17:34:09.252698,2025-02-07 12:34:09,LONG,21845.0,350.0,True,15.5,True
675,FDAX,Fri,12:30,In-Sample,2025-02-07T17:34:49.029056,2025-02-07 12:34:49,LONG,21848.0,-400.0,True,15.5,True
675,FDAX,Fri,12:30,In-Sample,2025-02-07T17:34:49.171457,2025-02-07 12:34:49,LONG,21849.0,-1000.0,True,15.5,True
675,FDAX,Fri,12:30,In-Sample,2025-02-07T17:34:49.171534,2025-02-07 12:34:49,LONG,21849.0,-1000.0,True,15.5,True
675,FDAX,Fri,12:30,In-Sample,2025-02-07T17:34:49.171587,2025-02-07 12:34:49,LONG,21849.0,-1000.0,True,15.5,True
675,FDAX,Fri,12:30,In-Sample,2025-02-07T17:34:49.265566,2025-02-07 12:34:49,LONG,21849.0,250.0,True,15.5,True
675,FDAX,Fri,12:30,In-Sample,2025-02-07T17:34:49.265566,2025-02-07 12:34:49,LONG,21849.0,475.0,True,15.5,True
675,FDAX,Fri,12:30,In-Sample,2025-02-07T17:34:49.265566,2025-02-07 12:34:49,LONG,21849.0,300.0,True,15.5,True
675,FDAX,Fri,12:30,In-Sample,2025-02-07T17:34:49.265744,2025-02-07 12:34:49,LONG,21849.0,-1125.0,True,15.5,True
675,FDAX,Fri,12:30,In-Sample,2025-02-07T17:34:49.265823,2025-02-07 12:34:49,LONG,21849.0,-1125.0,True,15.5,True
675,FDAX,Fri,12:30,In-Sample,2025-02-07T17:34:49.265874,2025-02-07 12:34:49,LONG,21849.0,250.0,True,15.5,True
675,FDAX,Fri,12:30,In-Sample,2025-02-07T17:34:49.265874,2025-02-07 12:34:49,LONG,21849.0,475.0,True,15.5,True
675,FDAX,Fri,12:30,In-Sample,2025-02-07T17:34:49.265874,2025-02-07 12:34:49,LONG,21849.0,275.0,True,15.5,True
675,FDAX,Fri,12:30,In-Sample,2025-02-07T17:36:25.690247,2025-02-07 12:36:25,SHORT,21829.0,-800.0,True,15.5,True
675,FDAX,Fri,12:30,In-Sample,2025-02-07T17:36:25.856044,2025-02-07 12:36:25,SHORT,21829.0,-1200.0,True,15.5,True
675,FDAX,Fri,12:30,In-Sample,2025-02-07T17:36:25.856273,2025-02-07 12:36:25,SHORT,21829.0,-1200.0,True,15.5,True
675,FDAX,Fri,12:30,In-Sample,2025-02-07T17:36:25.856336,2025-02-07 12:36:25,SHORT,21829.0,-2175.0,True,15.5,True
675,FDAX,Fri,12:30,In-Sample,2025-02-07T17:36:30.145591,2025-02-07 12:36:30,LONG,21845.0,600.0,True,15.5,True
675,FDAX,Fri,12:30,In-Sample,2025-02-07T17:36:30.220716,2025-02-07 12:36:30,LONG,21845.0,500.0,True,15.5,True
675,FDAX,Fri,12:30,In-Sample,2025-02-07T17:36:30.220716,2025-02-07 12:36:30,LONG,21845.0,650.0,True,15.5,True
675,FDAX,Fri,12:30,In-Sample,2025-02-07T17:36:30.220825,2025-02-07 12:36:30,LONG,21845.0,975.0,True,15.5,True
675,FDAX,Fri,12:30,In-Sample,2025-02-07T17:36:30.357843,2025-02-07 12:36:30,LONG,21845.0,500.0,True,15.5,True
675,FDAX,Fri,12:30,In-Sample,2025-02-07T17:36:30.357843,2025-02-07 12:36:30,LONG,21845.0,650.0,True,15.5,True
675,FDAX,Fri,12:30,In-Sample,2025-02-07T17:36:30.357936,2025-02-07 12:36:30,LONG,21845.0,975.0,True,15.5,True
675,FDAX,Fri,12:30,In-Sample,2025-02-07T17:36:39.148876,2025-02-07 12:36:39,LONG,21849.0,500.0,True,15.5,True
675,FDAX,Fri,12:30,In-Sample,2025-02-07T17:36:39.148876,2025-02-07 12:36:39,LONG,21849.0,225.0,True,15.5,True
675,FDAX,Fri,12:30,In-Sample,2025-02-07T17:36:50.890073,2025-02-07 12:36:50,LONG,21852.0,475.0,True,15.5,True
675,FDAX,Fri,12:30,In-Sample,2025-02-07T17:36:50.890073,2025-02-07 12:36:50,LONG,21852.0,0.0,True,15.5,True
675,FDAX,Fri,12:30,In-Sample,2025-02-07T17:36:50.890143,2025-02-07 12:36:50,LONG,21852.0,475.0,True,15.5,True
675,FDAX,Fri,12:30,In-Sample,2025-02-07T17:36:50.890143,2025-02-07 12:36:50,LONG,21852.0,0.0,True,15.5,True
675,FDAX,Fri,12:30,In-Sample,2025-02-07T17:36:51.883039,2025-02-07 12:36:51,LONG,21870.0,-1500.0,True,15.5,True
675,FDAX,Fri,12:30,In-Sample,2025-02-07T17:36:53.859770,2025-02-07 12:36:53,SHORT,21858.0,-600.0,True,15.5,True
675,FDAX,Fri,12:30,In-Sample,2025-02-07T17:36:53.859817,2025-02-07 12:36:53,SHORT,21858.0,-900.0,True,15.5,True
675,FDAX,Fri,12:30,In-Sample,2025-02-07T17:36:53.859916,2025-02-07 12:36:53,SHORT,21858.0,-900.0,True,15.5,True
675,FDAX,Fri,12:30,In-Sample,2025-02-07T17:36:54.766560,2025-02-07 12:36:54,SHORT,21856.0,0.0,True,15.5,True
675,FDAX,Fri,12:30,In-Sample,2025-02-07T17:37:10.238221,2025-02-07 12:37:10,LONG,21869.0,-400.0,True,15.5,True
675,FDAX,Fri,12:30,In-Sample,2025-02-07T17:37:10.238345,2025-02-07 12:37:10,LONG,21870.0,-300.0,True,15.5,True
675,FDAX,Fri,12:30,In-Sample,2025-02-07T17:37:11.995105,2025-02-07 12:37:11,LONG,21864.0,-225.0,True,15.5,True
675,FDAX,Fri,12:30,In-Sample,2025-02-07T17:37:12.218469,2025-02-07 12:37:12,SHORT,21861.0,325.0,True,15.5,True
675,FDAX,Fri,12:30,In-Sample,2025-02-07T17:37:12.218469,2025-02-07 12:37:12,SHORT,21861.0,525.0,True,15.5,True
675,FDAX,Fri,12:30,In-Sample,2025-02-07T17:37:12.218566,2025-02-07 12:37:12,LONG,21863.0,-225.0,True,15.5,True
675,FDAX,Fri,12:30,In-Sample,2025-02-07T17:37:12.260413,2025-02-07 12:37:12,LONG,21863.0,-250.0,True,15.5,True
675,FDAX,Fri,12:30,In-Sample,2025-02-07T17:37:13.230267,2025-02-07 12:37:13,LONG,21863.0,-650.0,True,15.5,True
675,FDAX,Fri,12:30,In-Sample,2025-02-07T17:37:13.230398,2025-02-07 12:37:13,SHORT,21861.0,775.0,True,15.5,True
675,FDAX,Fri,12:30,In-Sample,2025-02-07T17:37:14.186473,2025-02-07 12:37:14,SHORT,21860.0,750.0,True,15.5,True
675,FDAX,Fri,12:30,In-Sample,2025-02-07T17:37:17.730639,2025-02-07 12:37:17,SHORT,21858.0,500.0,True,15.5,True
675,FDAX,Fri,12:30,In-Sample,2025-02-07T17:37:17.730639,2025-02-07 12:37:17,SHORT,21858.0,1100.0,True,15.5,True
675,FDAX,Fri,12:30,In-Sample,2025-02-07T17:37:32.171568,2025-02-07 12:37:32,SHORT,21850.0,500.0,True,15.5,True
675,FDAX,Fri,12:30,In-Sample,2025-02-07T17:37:32.171568,2025-02-07 12:37:32,SHORT,21850.0,400.0,True,15.5,True
675,FDAX,Fri,12:30,In-Sample,2025-02-07T17:37:32.234108,2025-02-07 12:37:32,SHORT,21850.0,400.0,True,15.5,True
675,FDAX,Fri,12:30,In-Sample,2025-02-07T17:37:32.234108,2025-02-07 12:37:32,SHORT,21850.0,75.0,True,15.5,True
675,FDAX,Fri,12:30,In-Sample,2025-02-07T17:37:32.361032,2025-02-07 12:37:32,SHORT,21850.0,400.0,True,15.5,True
675,FDAX,Fri,12:30,In-Sample,2025-02-07T17:37:32.361032,2025-02-07 12:37:32,SHORT,21850.0,75.0,True,15.5,True
675,FDAX,Fri,12:30,In-Sample,2025-02-07T17:38:16.695582,2025-02-07 12:38:16,SHORT,21848.0,375.0,True,15.5,True
675,FDAX,Fri,12:30,In-Sample,2025-02-07T17:38:16.695582,2025-02-07 12:38:16,SHORT,21848.0,50.0,True,15.5,True
675,FDAX,Fri,12:30,In-Sample,2025-02-07T17:38:36.278750,2025-02-07 12:38:36,SHORT,21848.0,-1000.0,True,15.5,True
675,FDAX,Fri,12:30,In-Sample,2025-02-07T17:38:36.435199,2025-02-07 12:38:36,SHORT,21848.0,-1875.0,True,15.5,True
675,FDAX,Fri,12:30,In-Sample,2025-02-07T17:38:36.435372,2025-02-07 12:38:36,SHORT,21848.0,-1875.0,True,15.5,True
675,FDAX,Fri,12:30,In-Sample,2025-02-07T17:38:36.435437,2025-02-07 12:38:36,SHORT,21848.0,475.0,True,15.5,True
675,FDAX,Fri,12:30,In-Sample,2025-02-07T17:38:36.435437,2025-02-07 12:38:36,SHORT,21848.0,950.0,True,15.5,True
675,FDAX,Fri,12:30,In-Sample,2025-02-07T17:48:14.159320,2025-02-07 12:48:14,LONG,21837.0,675.0,True,15.5,True
675,FDAX,Fri,12:30,In-Sample,2025-02-07T17:51:34.768510,2025-02-07 12:51:34,LONG,21840.0,150.0,True,15.5,True
675,FDAX,Fri,12:30,In-Sample,2025-02-07T17:54:26.711087,2025-02-07 12:54:26,LONG,21847.0,500.0,True,15.5,True
675,FDAX,Fri,12:30,In-Sample,2025-02-07T17:54:26.711087,2025-02-07 12:54:26,LONG,21847.0,275.0,True,15.5,True
675,FDAX,Fri,12:30,In-Sample,2025-02-07T17:54:26.806090,2025-02-07 12:54:26,LONG,21847.0,500.0,True,15.5,True
675,FDAX,Fri,12:30,In-Sample,2025-02-07T17:54:26.806090,2025-02-07 12:54:26,LONG,21847.0,275.0,True,15.5,True
675,FDAX,Fri,12:30,In-Sample,2025-02-14T17:43:45.125456,2025-02-14 12:43:45,LONG,22555.0,75.0,True,15.1,True
675,FDAX,Fri,12:30,In-Sample,2025-02-14T17:50:14.114524,2025-02-14 12:50:14,LONG,22556.0,-825.0,True,15.1,True
675,FDAX,Fri,12:30,In-Sample,2025-02-21T17:31:23.243234,2025-02-21 12:31:23,SHORT,22346.0,3800.0,True,15.66,True
675,FDAX,Fri,12:30,In-Sample,2025-02-21T17:31:23.313820,2025-02-21 12:31:23,SHORT,22346.0,1225.0,True,15.66,True
675,FDAX,Fri,12:30,In-Sample,2025-02-21T17:31:23.313820,2025-02-21 12:31:23,SHORT,22346.0,1825.0,True,15.66,True
675,FDAX,Fri,12:30,In-Sample,2025-02-21T17:31:23.313820,2025-02-21 12:31:23,SHORT,22346.0,2375.0,True,15.66,True
675,FDAX,Fri,12:30,In-Sample,2025-02-21T17:31:23.313927,2025-02-21 12:31:23,SHORT,22346.0,0.0,True,15.66,True
675,FDAX,Fri,12:30,In-Sample,2025-02-21T17:31:23.313927,2025-02-21 12:31:23,SHORT,22346.0,3800.0,True,15.66,True
675,FDAX,Fri,12:30,In-Sample,2025-02-21T17:31:23.501976,2025-02-21 12:31:23,SHORT,22346.0,0.0,True,15.66,True
675,FDAX,Fri,12:30,In-Sample,2025-02-21T17:31:23.501976,2025-02-21 12:31:23,SHORT,22346.0,3800.0,True,15.66,True
675,FDAX,Fri,12:30,In-Sample,2025-02-21T17:31:24.571210,2025-02-21 12:31:24,SHORT,22346.0,3800.0,True,15.66,True
675,FDAX,Fri,12:30,In-Sample,2025-02-21T17:31:24.586033,2025-02-21 12:31:24,SHORT,22346.0,4600.0,True,15.66,True
675,FDAX,Fri,12:30,In-Sample,2025-02-21T17:31:24.586033,2025-02-21 12:31:24,SHORT,22346.0,3325.0,True,15.66,True
675,FDAX,Fri,12:30,In-Sample,2025-02-21T17:31:24.619197,2025-02-21 12:31:24,SHORT,22346.0,1900.0,True,15.66,True
675,FDAX,Fri,12:30,In-Sample,2025-02-21T17:31:24.619197,2025-02-21 12:31:24,SHORT,22346.0,3800.0,True,15.66,True
675,FDAX,Fri,12:30,In-Sample,2025-02-21T17:31:24.712894,2025-02-21 12:31:24,SHORT,22346.0,1900.0,True,15.66,True
675,FDAX,Fri,12:30,In-Sample,2025-02-21T17:31:24.712894,2025-02-21 12:31:24,SHORT,22346.0,3800.0,True,15.66,True
675,FDAX,Fri,12:30,In-Sample,2025-02-21T17:32:37.777499,2025-02-21 12:32:37,SHORT,22344.0,4750.0,True,15.66,True
675,FDAX,Fri,12:30,In-Sample,2025-02-21T17:32:37.861703,2025-02-21 12:32:37,SHORT,22344.0,825.0,True,15.66,True
675,FDAX,Fri,12:30,In-Sample,2025-02-21T17:32:37.861703,2025-02-21 12:32:37,SHORT,22344.0,1050.0,True,15.66,True
675,FDAX,Fri,12:30,In-Sample,2025-02-21T17:32:37.861703,2025-02-21 12:32:37,SHORT,22344.0,1975.0,True,15.66,True
675,FDAX,Fri,12:30,In-Sample,2025-02-21T17:32:37.861785,2025-02-21 12:32:37,SHORT,22344.0,175.0,True,15.66,True
675,FDAX,Fri,12:30,In-Sample,2025-02-21T17:32:37.861785,2025-02-21 12:32:37,SHORT,22344.0,375.0,True,15.66,True
675,FDAX,Fri,12:30,In-Sample,2025-02-21T17:32:37.861785,2025-02-21 12:32:37,SHORT,22344.0,150.0,True,15.66,True
675,FDAX,Fri,12:30,In-Sample,2025-02-21T17:32:38.017382,2025-02-21 12:32:38,SHORT,22344.0,150.0,True,15.66,True
675,FDAX,Fri,12:30,In-Sample,2025-02-21T17:32:38.017382,2025-02-21 12:32:38,SHORT,22344.0,825.0,True,15.66,True
675,FDAX,Fri,12:30,In-Sample,2025-02-21T17:32:38.017382,2025-02-21 12:32:38,SHORT,22344.0,1050.0,True,15.66,True
675,FDAX,Fri,12:30,In-Sample,2025-02-21T17:32:38.017470,2025-02-21 12:32:38,SHORT,22344.0,4750.0,True,15.66,True
675,FDAX,Fri,12:30,In-Sample,2025-02-21T17:32:39.134293,2025-02-21 12:32:39,SHORT,22344.0,4750.0,True,15.66,True
675,FDAX,Fri,12:30,In-Sample,2025-02-21T17:32:39.139564,2025-02-21 12:32:39,SHORT,22344.0,2600.0,True,15.66,True
675,FDAX,Fri,12:30,In-Sample,2025-02-21T17:32:39.139564,2025-02-21 12:32:39,SHORT,22344.0,4750.0,True,15.66,True
675,FDAX,Fri,12:30,In-Sample,2025-02-21T17:32:39.164212,2025-02-21 12:32:39,SHORT,22344.0,825.0,True,15.66,True
675,FDAX,Fri,12:30,In-Sample,2025-02-21T17:32:39.164212,2025-02-21 12:32:39,SHORT,22344.0,1050.0,True,15.66,True
675,FDAX,Fri,12:30,In-Sample,2025-02-21T17:32:39.164212,2025-02-21 12:32:39,SHORT,22344.0,1975.0,True,15.66,True
675,FDAX,Fri,12:30,In-Sample,2025-02-21T17:32:39.278628,2025-02-21 12:32:39,SHORT,22344.0,1975.0,True,15.66,True
675,FDAX,Fri,12:30,In-Sample,2025-02-21T17:32:39.278628,2025-02-21 12:32:39,SHORT,22344.0,2600.0,True,15.66,True
675,FDAX,Fri,12:30,In-Sample,2025-02-21T17:32:39.278628,2025-02-21 12:32:39,SHORT,22344.0,2900.0,True,15.66,True
675,FDAX,Fri,12:30,In-Sample,2025-02-21T17:32:39.278835,2025-02-21 12:32:39,SHORT,22344.0,4750.0,True,15.66,True
675,FDAX,Fri,12:30,In-Sample,2025-02-21T17:34:36.671159,2025-02-21 12:34:36,LONG,22336.0,-75.0,True,15.66,True
675,FDAX,Fri,12:30,In-Sample,2025-02-21T17:43:00.550753,2025-02-21 12:43:00,LONG,22340.0,-350.0,True,15.66,True
675,FDAX,Fri,12:30,In-Sample,2025-02-21T17:43:00.863438,2025-02-21 12:43:00,LONG,22341.0,-200.0,True,15.66,True
675,FDAX,Fri,12:30,In-Sample,2025-02-21T17:43:00.863438,2025-02-21 12:43:00,LONG,22341.0,-400.0,True,15.66,True
675,FDAX,Fri,12:30,In-Sample,2025-02-21T17:43:02.074250,2025-02-21 12:43:02,LONG,22341.0,-200.0,True,15.66,True
675,FDAX,Fri,12:30,In-Sample,2025-02-21T17:43:02.074250,2025-02-21 12:43:02,LONG,22341.0,-200.0,True,15.66,True
675,FDAX,Fri,12:30,In-Sample,2025-02-21T17:43:02.074457,2025-02-21 12:43:02,LONG,22341.0,-600.0,True,15.66,True
675,FDAX,Fri,12:30,In-Sample,2025-02-21T17:51:18.967675,2025-02-21 12:51:18,SHORT,22333.0,500.0,True,15.66,True
675,FDAX,Fri,12:30,In-Sample,2025-02-21T17:51:18.967675,2025-02-21 12:51:18,SHORT,22333.0,1500.0,True,15.66,True
675,FDAX,Fri,12:30,In-Sample,2025-02-21T17:51:18.967675,2025-02-21 12:51:18,SHORT,22333.0,1700.0,True,15.66,True
675,FDAX,Fri,12:30,In-Sample,2025-02-21T17:51:20.327258,2025-02-21 12:51:20,SHORT,22333.0,500.0,True,15.66,True
675,FDAX,Fri,12:30,In-Sample,2025-02-21T17:51:20.396949,2025-02-21 12:51:20,SHORT,22333.0,1500.0,True,15.66,True
675,FDAX,Fri,12:30,In-Sample,2025-02-21T17:51:20.396949,2025-02-21 12:51:20,SHORT,22333.0,1700.0,True,15.66,True
675,FDAX,Fri,12:30,In-Sample,2025-02-21T17:51:20.396949,2025-02-21 12:51:20,SHORT,22333.0,1575.0,True,15.66,True
675,FDAX,Fri,12:30,In-Sample,2025-02-21T17:51:20.397013,2025-02-21 12:51:20,SHORT,22333.0,4725.0,True,15.66,True
675,FDAX,Fri,12:30,In-Sample,2025-02-21T17:52:31.910387,2025-02-21 12:52:31,SHORT,22327.0,300.0,True,15.66,True
675,FDAX,Fri,12:30,In-Sample,2025-02-21T17:52:31.910387,2025-02-21 12:52:31,SHORT,22327.0,1550.0,True,15.66,True
675,FDAX,Fri,12:30,In-Sample,2025-02-21T17:52:31.983212,2025-02-21 12:52:31,SHORT,22327.0,300.0,True,15.66,True
675,FDAX,Fri,12:30,In-Sample,2025-02-21T17:52:31.983212,2025-02-21 12:52:31,SHORT,22327.0,1550.0,True,15.66,True
675,FDAX,Fri,12:30,In-Sample,2025-02-21T17:52:31.983318,2025-02-21 12:52:31,SHORT,22327.0,300.0,True,15.66,True
675,FDAX,Fri,12:30,In-Sample,2025-02-21T17:52:31.983318,2025-02-21 12:52:31,SHORT,22327.0,1550.0,True,15.66,True
675,FDAX,Fri,12:30,In-Sample,2025-02-21T17:52:32.168286,2025-02-21 12:52:32,SHORT,22327.0,300.0,True,15.66,True
675,FDAX,Fri,12:30,In-Sample,2025-02-21T17:52:32.168286,2025-02-21 12:52:32,SHORT,22327.0,625.0,True,15.66,True
675,FDAX,Fri,12:30,In-Sample,2025-02-21T17:52:32.168286,2025-02-21 12:52:32,SHORT,22327.0,1625.0,True,15.66,True
675,FDAX,Fri,12:30,In-Sample,2025-02-21T17:52:32.168387,2025-02-21 12:52:32,SHORT,22327.0,300.0,True,15.66,True
675,FDAX,Fri,12:30,In-Sample,2025-02-21T17:52:32.168387,2025-02-21 12:52:32,SHORT,22327.0,625.0,True,15.66,True
675,FDAX,Fri,12:30,In-Sample,2025-02-21T17:52:32.168387,2025-02-21 12:52:32,SHORT,22327.0,1625.0,True,15.66,True
675,FDAX,Fri,12:30,In-Sample,2025-02-28T17:32:01.398902,2025-02-28 12:32:01,LONG,22599.0,-750.0,True,21.13,False
675,FDAX,Fri,12:30,In-Sample,2025-02-28T17:32:02.620603,2025-02-28 12:32:02,LONG,22599.0,-375.0,True,21.13,False
675,FDAX,Fri,12:30,In-Sample,2025-02-28T17:32:02.620603,2025-02-28 12:32:02,LONG,22599.0,-750.0,True,21.13,False
675,FDAX,Fri,12:30,In-Sample,2025-02-28T17:37:36.582092,2025-02-28 12:37:36,SHORT,22600.0,1800.0,True,21.13,False
675,FDAX,Fri,12:30,In-Sample,2025-02-28T17:37:37.826082,2025-02-28 12:37:37,SHORT,22600.0,1500.0,True,21.13,False
675,FDAX,Fri,12:30,In-Sample,2025-02-28T17:38:16.657998,2025-02-28 12:38:16,SHORT,22584.0,500.0,True,21.13,False
675,FDAX,Fri,12:30,In-Sample,2025-02-28T17:38:16.665555,2025-02-28 12:38:16,SHORT,22584.0,375.0,True,21.13,False
675,FDAX,Fri,12:30,In-Sample,2025-02-28T17:38:16.665555,2025-02-28 12:38:16,SHORT,22584.0,100.0,True,21.13,False
675,FDAX,Fri,12:30,In-Sample,2025-02-28T17:38:17.887853,2025-02-28 12:38:17,SHORT,22584.0,450.0,True,21.13,False
675,FDAX,Fri,12:30,In-Sample,2025-02-28T17:38:17.887853,2025-02-28 12:38:17,SHORT,22584.0,175.0,True,21.13,False
675,FDAX,Fri,12:30,In-Sample,2025-02-28T17:38:17.956396,2025-02-28 12:38:17,SHORT,22584.0,1025.0,True,21.13,False
675,FDAX,Fri,12:30,In-Sample,2025-02-28T17:38:17.956396,2025-02-28 12:38:17,SHORT,22584.0,1400.0,True,21.13,False
675,FDAX,Fri,12:30,In-Sample,2025-02-28T17:38:17.956396,2025-02-28 12:38:17,SHORT,22584.0,1950.0,True,21.13,False
675,FDAX,Fri,12:30,In-Sample,2025-02-28T17:38:18.046566,2025-02-28 12:38:18,SHORT,22583.0,2725.0,True,21.13,False
675,FDAX,Fri,12:30,In-Sample,2025-02-28T17:38:18.046566,2025-02-28 12:38:18,SHORT,22583.0,4350.0,True,21.13,False
675,FDAX,Fri,12:30,In-Sample,2025-02-28T17:38:19.348241,2025-02-28 12:38:19,SHORT,22583.0,3200.0,True,21.13,False
675,FDAX,Fri,12:30,In-Sample,2025-02-28T17:38:19.348241,2025-02-28 12:38:19,SHORT,22583.0,3725.0,True,21.13,False
675,FDAX,Fri,12:30,In-Sample,2025-02-28T17:38:19.348241,2025-02-28 12:38:19,SHORT,22583.0,3750.0,True,21.13,False
675,FDAX,Fri,12:30,In-Sample,2025-02-28T17:38:22.230305,2025-02-28 12:38:22,SHORT,22578.0,1575.0,True,21.13,False
675,FDAX,Fri,12:30,In-Sample,2025-02-28T17:38:22.230305,2025-02-28 12:38:22,SHORT,22578.0,2575.0,True,21.13,False
675,FDAX,Fri,12:30,In-Sample,2025-02-28T17:38:22.230305,2025-02-28 12:38:22,SHORT,22578.0,2275.0,True,21.13,False
675,FDAX,Fri,12:30,In-Sample,2025-02-28T17:38:22.230418,2025-02-28 12:38:22,SHORT,22578.0,375.0,True,21.13,False
675,FDAX,Fri,12:30,In-Sample,2025-02-28T17:38:22.230418,2025-02-28 12:38:22,SHORT,22578.0,50.0,True,21.13,False
675,FDAX,Fri,12:30,In-Sample,2025-02-28T17:38:22.384148,2025-02-28 12:38:22,SHORT,22578.0,4650.0,True,21.13,False
675,FDAX,Fri,12:30,In-Sample,2025-02-28T17:38:22.531864,2025-02-28 12:38:22,SHORT,22578.0,100.0,True,21.13,False
675,FDAX,Fri,12:30,In-Sample,2025-02-28T17:38:22.531864,2025-02-28 12:38:22,SHORT,22578.0,950.0,True,21.13,False
675,FDAX,Fri,12:30,In-Sample,2025-02-28T17:38:22.531864,2025-02-28 12:38:22,SHORT,22578.0,1300.0,True,21.13,False
675,FDAX,Fri,12:30,In-Sample,2025-02-28T17:38:22.531943,2025-02-28 12:38:22,SHORT,22578.0,75.0,True,21.13,False
675,FDAX,Fri,12:30,In-Sample,2025-02-28T17:38:23.397570,2025-02-28 12:38:23,SHORT,22578.0,3300.0,True,21.13,False
675,FDAX,Fri,12:30,In-Sample,2025-02-28T17:38:23.397570,2025-02-28 12:38:23,SHORT,22578.0,4300.0,True,21.13,False
675,FDAX,Fri,12:30,In-Sample,2025-02-28T17:38:23.397570,2025-02-28 12:38:23,SHORT,22578.0,3900.0,True,21.13,False
675,FDAX,Fri,12:30,In-Sample,2025-02-28T17:38:23.415996,2025-02-28 12:38:23,SHORT,22578.0,1200.0,True,21.13,False
675,FDAX,Fri,12:30,In-Sample,2025-02-28T17:38:23.415996,2025-02-28 12:38:23,SHORT,22578.0,1575.0,True,21.13,False
675,FDAX,Fri,12:30,In-Sample,2025-02-28T17:38:23.415996,2025-02-28 12:38:23,SHORT,22578.0,1800.0,True,21.13,False
675,FDAX,Fri,12:30,In-Sample,2025-02-28T17:38:23.639416,2025-02-28 12:38:23,SHORT,22578.0,3950.0,True,21.13,False
675,FDAX,Fri,12:30,In-Sample,2025-02-28T17:38:23.639416,2025-02-28 12:38:23,SHORT,22578.0,5450.0,True,21.13,False
675,FDAX,Fri,12:30,In-Sample,2025-02-28T17:38:23.740468,2025-02-28 12:38:23,SHORT,22578.0,1175.0,True,21.13,False
675,FDAX,Fri,12:30,In-Sample,2025-02-28T17:38:23.740468,2025-02-28 12:38:23,SHORT,22578.0,4350.0,True,21.13,False
675,FDAX,Fri,12:30,In-Sample,2025-02-28T17:38:23.740657,2025-02-28 12:38:23,SHORT,22578.0,950.0,True,21.13,False
675,FDAX,Fri,12:30,In-Sample,2025-02-28T17:38:23.740657,2025-02-28 12:38:23,SHORT,22578.0,1300.0,True,21.13,False
675,FDAX,Fri,12:30,In-Sample,2025-02-28T17:38:23.740657,2025-02-28 12:38:23,SHORT,22578.0,1175.0,True,21.13,False
675,FDAX,Fri,12:30,In-Sample,2025-02-28T17:38:28.166836,2025-02-28 12:38:28,SHORT,22565.0,-825.0,True,21.13,False
675,FDAX,Fri,12:30,In-Sample,2025-02-28T17:38:29.419687,2025-02-28 12:38:29,SHORT,22565.0,-825.0,True,21.13,False
675,FDAX,Fri,12:30,In-Sample,2025-02-28T17:38:32.198237,2025-02-28 12:38:32,SHORT,22562.0,-900.0,True,21.13,False
675,FDAX,Fri,12:30,In-Sample,2025-02-28T17:38:33.402764,2025-02-28 12:38:33,SHORT,22562.0,3525.0,True,21.13,False
675,FDAX,Fri,12:30,In-Sample,2025-02-28T17:38:33.402764,2025-02-28 12:38:33,SHORT,22562.0,2925.0,True,21.13,False
675,FDAX,Fri,12:30,In-Sample,2025-02-28T17:38:48.297582,2025-02-28 12:38:48,LONG,22577.0,-350.0,True,21.13,False
675,FDAX,Fri,12:30,In-Sample,2025-02-28T17:38:49.532519,2025-02-28 12:38:49,LONG,22577.0,-175.0,True,21.13,False
675,FDAX,Fri,12:30,In-Sample,2025-02-28T17:38:49.532519,2025-02-28 12:38:49,LONG,22577.0,-350.0,True,21.13,False
675,FDAX,Fri,12:30,In-Sample,2025-02-28T17:39:06.473552,2025-02-28 12:39:06,SHORT,22561.0,-150.0,True,21.13,False
675,FDAX,Fri,12:30,In-Sample,2025-02-28T17:39:06.473688,2025-02-28 12:39:06,SHORT,22561.0,-1425.0,True,21.13,False
675,FDAX,Fri,12:30,In-Sample,2025-02-28T17:39:08.677262,2025-02-28 12:39:08,SHORT,22562.0,3450.0,True,21.13,False
675,FDAX,Fri,12:30,In-Sample,2025-02-28T17:39:08.677412,2025-02-28 12:39:08,SHORT,22562.0,1775.0,True,21.13,False
675,FDAX,Fri,12:30,In-Sample,2025-02-28T17:39:08.677412,2025-02-28 12:39:08,SHORT,22562.0,3600.0,True,21.13,False
675,FDAX,Fri,12:30,In-Sample,2025-02-28T17:39:09.902016,2025-02-28 12:39:09,SHORT,22562.0,3550.0,True,21.13,False
675,FDAX,Fri,12:30,In-Sample,2025-02-28T17:39:09.902016,2025-02-28 12:39:09,SHORT,22562.0,6100.0,True,21.13,False
675,FDAX,Fri,12:30,In-Sample,2025-02-28T17:39:09.941013,2025-02-28 12:39:09,SHORT,22562.0,1800.0,True,21.13,False
675,FDAX,Fri,12:30,In-Sample,2025-02-28T17:39:09.941013,2025-02-28 12:39:09,SHORT,22562.0,6400.0,True,21.13,False
675,FDAX,Fri,12:30,In-Sample,2025-02-28T17:39:34.808199,2025-02-28 12:39:34,LONG,22580.0,-250.0,True,21.13,False
675,FDAX,Fri,12:30,In-Sample,2025-02-28T17:39:34.808199,2025-02-28 12:39:34,LONG,22580.0,-500.0,True,21.13,False
675,FDAX,Fri,12:30,In-Sample,2025-02-28T17:39:34.808445,2025-02-28 12:39:34,LONG,22580.0,-750.0,True,21.13,False
675,FDAX,Fri,12:30,In-Sample,2025-02-28T17:39:36.050710,2025-02-28 12:39:36,LONG,22580.0,-250.0,True,21.13,False
675,FDAX,Fri,12:30,In-Sample,2025-02-28T17:39:36.050710,2025-02-28 12:39:36,LONG,22580.0,-500.0,True,21.13,False
675,FDAX,Fri,12:30,In-Sample,2025-02-28T17:39:36.051070,2025-02-28 12:39:36,LONG,22580.0,-750.0,True,21.13,False
675,FDAX,Fri,12:30,In-Sample,2025-02-28T17:39:47.184841,2025-02-28 12:39:47,LONG,22584.0,-650.0,True,21.13,False
675,FDAX,Fri,12:30,In-Sample,2025-02-28T17:39:47.184841,2025-02-28 12:39:47,LONG,22584.0,-5200.0,True,21.13,False
675,FDAX,Fri,12:30,In-Sample,2025-02-28T17:39:47.184970,2025-02-28 12:39:47,LONG,22584.0,-650.0,True,21.13,False
675,FDAX,Fri,12:30,In-Sample,2025-02-28T17:39:47.184970,2025-02-28 12:39:47,LONG,22584.0,-5200.0,True,21.13,False
675,FDAX,Fri,12:30,In-Sample,2025-02-28T17:39:47.309939,2025-02-28 12:39:47,LONG,22583.0,-375.0,True,21.13,False
675,FDAX,Fri,12:30,In-Sample,2025-02-28T17:39:47.309939,2025-02-28 12:39:47,LONG,22583.0,-2375.0,True,21.13,False
675,FDAX,Fri,12:30,In-Sample,2025-02-28T17:39:48.449963,2025-02-28 12:39:48,LONG,22584.0,-2600.0,True,21.13,False
675,FDAX,Fri,12:30,In-Sample,2025-02-28T17:39:48.449963,2025-02-28 12:39:48,LONG,22584.0,-6850.0,True,21.13,False
675,FDAX,Fri,12:30,In-Sample,2025-02-28T17:39:48.472886,2025-02-28 12:39:48,LONG,22584.0,-2600.0,True,21.13,False
675,FDAX,Fri,12:30,In-Sample,2025-02-28T17:39:48.472886,2025-02-28 12:39:48,LONG,22584.0,-2875.0,True,21.13,False
675,FDAX,Fri,12:30,In-Sample,2025-02-28T17:39:48.472886,2025-02-28 12:39:48,LONG,22584.0,-3375.0,True,21.13,False
675,FDAX,Fri,12:30,In-Sample,2025-02-28T17:39:48.571618,2025-02-28 12:39:48,LONG,22583.0,-1875.0,True,21.13,False
675,FDAX,Fri,12:30,In-Sample,2025-02-28T17:39:48.571813,2025-02-28 12:39:48,LONG,22583.0,-1875.0,True,21.13,False
675,FDAX,Fri,12:30,In-Sample,2025-02-28T17:39:48.571982,2025-02-28 12:39:48,LONG,22583.0,-2375.0,True,21.13,False
675,FDAX,Fri,12:30,In-Sample,2025-02-28T17:39:48.571982,2025-02-28 12:39:48,LONG,22583.0,-2850.0,True,21.13,False
675,FDAX,Fri,12:30,In-Sample,2025-02-28T17:42:12.667299,2025-02-28 12:42:12,SHORT,22577.0,6750.0,True,21.13,False
675,FDAX,Fri,12:30,In-Sample,2025-02-28T17:42:55.724905,2025-02-28 12:42:55,SHORT,22570.0,-475.0,True,21.13,False
675,FDAX,Fri,12:30,In-Sample,2025-02-28T17:43:17.353641,2025-02-28 12:43:17,LONG,22589.0,-1100.0,True,21.13,False
675,FDAX,Fri,12:30,In-Sample,2025-02-28T17:49:16.485525,2025-02-28 12:49:16,SHORT,22567.0,3625.0,True,21.13,False
675,FDAX,Fri,12:30,In-Sample,2025-02-28T17:49:16.485525,2025-02-28 12:49:16,SHORT,22567.0,7000.0,True,21.13,False
675,FDAX,Fri,12:30,In-Sample,2025-02-28T17:49:16.617684,2025-02-28 12:49:16,SHORT,22567.0,550.0,True,21.13,False
675,FDAX,Fri,12:30,In-Sample,2025-02-28T17:49:16.617786,2025-02-28 12:49:16,SHORT,22567.0,550.0,True,21.13,False
675,FDAX,Fri,12:30,In-Sample,2025-02-28T17:49:16.617786,2025-02-28 12:49:16,SHORT,22567.0,1800.0,True,21.13,False
675,FDAX,Fri,12:30,In-Sample,2025-02-28T17:49:17.781104,2025-02-28 12:49:17,SHORT,22567.0,3675.0,True,21.13,False
675,FDAX,Fri,12:30,In-Sample,2025-02-28T17:49:17.781104,2025-02-28 12:49:17,SHORT,22567.0,7200.0,True,21.13,False
675,FDAX,Fri,12:30,In-Sample,2025-02-28T17:49:17.826977,2025-02-28 12:49:17,SHORT,22567.0,1800.0,True,21.13,False
675,FDAX,Fri,12:30,In-Sample,2025-02-28T17:49:17.826977,2025-02-28 12:49:17,SHORT,22567.0,900.0,True,21.13,False
675,FDAX,Fri,12:30,In-Sample,2025-02-28T17:49:17.827944,2025-02-28 12:49:17,SHORT,22567.0,2700.0,True,21.13,False
675,FDAX,Fri,12:30,In-Sample,2025-02-28T17:49:28.492075,2025-02-28 12:49:28,SHORT,22566.0,6200.0,True,21.13,False
675,FDAX,Fri,12:30,In-Sample,2025-02-28T17:51:55.773143,2025-02-28 12:51:55,SHORT,22558.0,2100.0,True,21.13,False
675,FDAX,Fri,12:30,In-Sample,2025-02-28T17:51:55.773212,2025-02-28 12:51:55,SHORT,22558.0,-375.0,True,21.13,False
675,FDAX,Fri,12:30,In-Sample,2025-02-28T17:51:56.182431,2025-02-28 12:51:56,SHORT,22558.0,5475.0,True,21.13,False
675,FDAX,Fri,12:30,In-Sample,2025-02-28T17:51:57.412278,2025-02-28 12:51:57,SHORT,22558.0,2425.0,True,21.13,False
675,FDAX,Fri,12:30,In-Sample,2025-02-28T17:51:57.412278,2025-02-28 12:51:57,SHORT,22558.0,2800.0,True,21.13,False
675,FDAX,Fri,12:30,In-Sample,2025-02-28T17:51:57.412278,2025-02-28 12:51:57,SHORT,22558.0,2375.0,True,21.13,False
675,FDAX,Fri,12:30,In-Sample,2025-02-28T17:52:36.953583,2025-02-28 12:52:36,LONG,22563.0,-600.0,True,21.13,False
675,FDAX,Fri,12:30,In-Sample,2025-02-28T17:57:26.662488,2025-02-28 12:57:26,SHORT,22555.0,8625.0,True,21.13,False
675,FDAX,Fri,12:30,In-Sample,2025-02-28T17:57:26.744165,2025-02-28 12:57:26,SHORT,22555.0,3025.0,True,21.13,False
675,FDAX,Fri,12:30,In-Sample,2025-02-28T17:57:26.744165,2025-02-28 12:57:26,SHORT,22555.0,7300.0,True,21.13,False
675,FDAX,Fri,12:30,In-Sample,2025-02-28T17:57:28.057855,2025-02-28 12:57:28,SHORT,22555.0,3675.0,True,21.13,False
675,FDAX,Fri,12:30,In-Sample,2025-02-28T17:57:28.057855,2025-02-28 12:57:28,SHORT,22555.0,6400.0,True,21.13,False
675,FDAX,Fri,12:30,In-Sample,2025-02-28T17:57:28.099739,2025-02-28 12:57:28,SHORT,22555.0,3650.0,True,21.13,False
675,FDAX,Fri,12:30,In-Sample,2025-02-28T17:57:28.099739,2025-02-28 12:57:28,SHORT,22555.0,6300.0,True,21.13,False
675,FDAX,Fri,12:30,In-Sample,2025-02-28T17:57:30.095371,2025-02-28 12:57:30,SHORT,22555.0,1875.0,True,21.13,False
675,FDAX,Fri,12:30,In-Sample,2025-02-28T17:57:43.813817,2025-02-28 12:57:43,SHORT,22545.0,9000.0,True,21.13,False
675,FDAX,Fri,12:30,In-Sample,2025-02-28T17:57:43.940941,2025-02-28 12:57:43,SHORT,22545.0,4200.0,True,21.13,False
675,FDAX,Fri,12:30,In-Sample,2025-02-28T17:57:45.141229,2025-02-28 12:57:45,SHORT,22545.0,9000.0,True,21.13,False
675,FDAX,Fri,12:30,In-Sample,2025-02-28T17:57:45.225740,2025-02-28 12:57:45,SHORT,22545.0,2100.0,True,21.13,False
675,FDAX,Fri,12:30,In-Sample,2025-02-28T17:57:45.225740,2025-02-28 12:57:45,SHORT,22545.0,2475.0,True,21.13,False
675,FDAX,Fri,12:30,In-Sample,2025-02-28T17:57:45.225740,2025-02-28 12:57:45,SHORT,22545.0,2050.0,True,21.13,False
675,FDAX,Fri,12:30,In-Sample,2025-02-28T17:59:08.832257,2025-02-28 12:59:08,SHORT,22528.0,4425.0,True,21.13,False
675,FDAX,Fri,12:30,In-Sample,2025-02-28T17:59:10.217324,2025-02-28 12:59:10,SHORT,22528.0,2950.0,True,21.13,False
675,FDAX,Fri,12:30,In-Sample,2025-02-28T17:59:10.217324,2025-02-28 12:59:10,SHORT,22528.0,1475.0,True,21.13,False
675,FDAX,Fri,12:30,In-Sample,2025-03-07T17:35:36.467086,2025-03-07 12:35:36,LONG,23000.0,575.0,True,24.87,False
675,FDAX,Fri,12:30,In-Sample,2025-03-07T17:35:36.467086,2025-03-07 12:35:36,LONG,23000.0,1175.0,True,24.87,False
675,FDAX,Fri,12:30,In-Sample,2025-03-07T17:35:36.467086,2025-03-07 12:35:36,LONG,23000.0,900.0,True,24.87,False
675,FDAX,Fri,12:30,In-Sample,2025-03-07T17:35:36.467244,2025-03-07 12:35:36,LONG,23000.0,575.0,True,24.87,False
675,FDAX,Fri,12:30,In-Sample,2025-03-07T17:35:36.467244,2025-03-07 12:35:36,LONG,23000.0,1175.0,True,24.87,False
675,FDAX,Fri,12:30,In-Sample,2025-03-07T17:35:36.467244,2025-03-07 12:35:36,LONG,23000.0,900.0,True,24.87,False
675,FDAX,Fri,12:30,In-Sample,2025-03-07T17:35:36.602120,2025-03-07 12:35:36,LONG,23000.0,500.0,True,24.87,False
675,FDAX,Fri,12:30,In-Sample,2025-03-07T17:35:36.602120,2025-03-07 12:35:36,LONG,23000.0,1650.0,True,24.87,False
675,FDAX,Fri,12:30,In-Sample,2025-03-07T17:35:36.602203,2025-03-07 12:35:36,LONG,23000.0,575.0,True,24.87,False
675,FDAX,Fri,12:30,In-Sample,2025-03-07T17:35:36.602203,2025-03-07 12:35:36,LONG,23000.0,1750.0,True,24.87,False
675,FDAX,Fri,12:30,In-Sample,2025-03-07T17:35:54.906633,2025-03-07 12:35:54,LONG,23000.0,500.0,True,24.87,False
675,FDAX,Fri,12:30,In-Sample,2025-03-07T17:35:54.906633,2025-03-07 12:35:54,LONG,23000.0,1650.0,True,24.87,False
675,FDAX,Fri,12:30,In-Sample,2025-03-07T17:37:15.989155,2025-03-07 12:37:15,LONG,23014.0,750.0,True,24.87,False
675,FDAX,Fri,12:30,In-Sample,2025-03-07T17:37:15.989155,2025-03-07 12:37:15,LONG,23014.0,1750.0,True,24.87,False
675,FDAX,Fri,12:30,In-Sample,2025-03-07T17:37:15.989155,2025-03-07 12:37:15,LONG,23014.0,1475.0,True,24.87,False
675,FDAX,Fri,12:30,In-Sample,2025-03-07T17:37:16.079805,2025-03-07 12:37:16,LONG,23014.0,375.0,True,24.87,False
675,FDAX,Fri,12:30,In-Sample,2025-03-07T17:37:16.079805,2025-03-07 12:37:16,LONG,23014.0,750.0,True,24.87,False
675,FDAX,Fri,12:30,In-Sample,2025-03-07T17:37:16.079805,2025-03-07 12:37:16,LONG,23014.0,525.0,True,24.87,False
675,FDAX,Fri,12:30,In-Sample,2025-03-07T17:38:15.920228,2025-03-07 12:38:15,SHORT,23027.0,-1975.0,True,24.87,False
675,FDAX,Fri,12:30,In-Sample,2025-03-07T17:39:54.561877,2025-03-07 12:39:54,LONG,23037.0,500.0,True,24.87,False
675,FDAX,Fri,12:30,In-Sample,2025-03-07T17:39:54.561877,2025-03-07 12:39:54,LONG,23037.0,975.0,True,24.87,False
675,FDAX,Fri,12:30,In-Sample,2025-03-07T17:39:54.561877,2025-03-07 12:39:54,LONG,23037.0,1175.0,True,24.87,False
675,FDAX,Fri,12:30,In-Sample,2025-03-07T17:39:54.642674,2025-03-07 12:39:54,LONG,23037.0,500.0,True,24.87,False
675,FDAX,Fri,12:30,In-Sample,2025-03-07T17:39:54.642674,2025-03-07 12:39:54,LONG,23037.0,975.0,True,24.87,False
675,FDAX,Fri,12:30,In-Sample,2025-03-07T17:39:54.642674,2025-03-07 12:39:54,LONG,23037.0,1175.0,True,24.87,False
675,FDAX,Fri,12:30,In-Sample,2025-03-07T17:39:54.642822,2025-03-07 12:39:54,LONG,23037.0,150.0,True,24.87,False
675,FDAX,Fri,12:30,In-Sample,2025-03-07T17:40:35.248926,2025-03-07 12:40:35,SHORT,23042.0,-1600.0,True,24.87,False
675,FDAX,Fri,12:30,In-Sample,2025-03-07T17:44:59.859816,2025-03-07 12:44:59,SHORT,23039.0,-1275.0,True,24.87,False
675,FDAX,Fri,12:30,In-Sample,2025-03-07T17:45:00.657759,2025-03-07 12:45:00,SHORT,23035.0,-1775.0,True,24.87,False
675,FDAX,Fri,12:30,In-Sample,2025-03-07T17:45:00.922783,2025-03-07 12:45:00,SHORT,23034.0,-1100.0,True,24.87,False
675,FDAX,Fri,12:30,In-Sample,2025-03-07T17:45:00.922975,2025-03-07 12:45:00,SHORT,23034.0,-600.0,True,24.87,False
675,FDAX,Fri,12:30,In-Sample,2025-03-07T17:46:45.007434,2025-03-07 12:46:45,SHORT,23033.0,-1725.0,True,24.87,False
675,FDAX,Fri,12:30,In-Sample,2025-03-07T17:46:45.036676,2025-03-07 12:46:45,SHORT,23033.0,-1725.0,True,24.87,False
675,FDAX,Fri,12:30,In-Sample,2025-03-07T17:46:45.036947,2025-03-07 12:46:45,SHORT,23033.0,-1725.0,True,24.87,False
675,FDAX,Fri,12:30,In-Sample,2025-03-07T17:48:17.863816,2025-03-07 12:48:17,LONG,23058.0,625.0,True,24.87,False
675,FDAX,Fri,12:30,In-Sample,2025-03-07T17:48:17.863816,2025-03-07 12:48:17,LONG,23058.0,1875.0,True,24.87,False
675,FDAX,Fri,12:30,In-Sample,2025-03-07T17:48:18.086574,2025-03-07 12:48:18,LONG,23058.0,500.0,True,24.87,False
675,FDAX,Fri,12:30,In-Sample,2025-03-07T17:48:18.086574,2025-03-07 12:48:18,LONG,23058.0,1500.0,True,24.87,False
675,FDAX,Fri,12:30,In-Sample,2025-03-07T17:48:18.086574,2025-03-07 12:48:18,LONG,23058.0,1950.0,True,24.87,False
675,FDAX,Fri,12:30,In-Sample,2025-03-07T17:48:18.086926,2025-03-07 12:48:18,LONG,23058.0,500.0,True,24.87,False
675,FDAX,Fri,12:30,In-Sample,2025-03-07T17:48:18.086926,2025-03-07 12:48:18,LONG,23058.0,1500.0,True,24.87,False
675,FDAX,Fri,12:30,In-Sample,2025-03-07T17:48:18.086926,2025-03-07 12:48:18,LONG,23058.0,1950.0,True,24.87,False
675,FDAX,Fri,12:30,In-Sample,2025-03-07T17:48:18.087025,2025-03-07 12:48:18,LONG,23058.0,375.0,True,24.87,False
675,FDAX,Fri,12:30,In-Sample,2025-03-07T17:48:18.087104,2025-03-07 12:48:18,LONG,23058.0,4200.0,True,24.87,False
675,FDAX,Fri,12:30,In-Sample,2025-03-07T17:51:03.468716,2025-03-07 12:51:03,SHORT,23055.0,-1350.0,True,24.87,False
675,FDAX,Fri,12:30,In-Sample,2025-03-07T17:51:03.556976,2025-03-07 12:51:03,SHORT,23055.0,-1350.0,True,24.87,False
675,FDAX,Fri,12:30,In-Sample,2025-03-07T17:52:48.739277,2025-03-07 12:52:48,LONG,23087.0,-300.0,True,24.87,False
675,FDAX,Fri,12:30,In-Sample,2025-03-07T17:54:59.167187,2025-03-07 12:54:59,SHORT,23069.0,-1800.0,True,24.87,False
675,FDAX,Fri,12:30,In-Sample,2025-03-07T17:58:16.180898,2025-03-07 12:58:16,LONG,23111.0,550.0,True,24.87,False
675,FDAX,Fri,12:30,In-Sample,2025-03-07T17:58:16.180898,2025-03-07 12:58:16,LONG,23111.0,1100.0,True,24.87,False
675,FDAX,Fri,12:30,In-Sample,2025-03-07T17:58:16.180898,2025-03-07 12:58:16,LONG,23111.0,975.0,True,24.87,False
675,FDAX,Fri,12:30,In-Sample,2025-03-07T17:58:16.270262,2025-03-07 12:58:16,LONG,23111.0,550.0,True,24.87,False
675,FDAX,Fri,12:30,In-Sample,2025-03-07T17:58:16.270262,2025-03-07 12:58:16,LONG,23111.0,1100.0,True,24.87,False
675,FDAX,Fri,12:30,In-Sample,2025-03-07T17:58:16.270262,2025-03-07 12:58:16,LONG,23111.0,975.0,True,24.87,False
675,FDAX,Fri,12:30,In-Sample,2025-03-07T17:58:16.397057,2025-03-07 12:58:16,LONG,23111.0,550.0,True,24.87,False
675,FDAX,Fri,12:30,In-Sample,2025-03-07T17:58:16.397057,2025-03-07 12:58:16,LONG,23111.0,1250.0,True,24.87,False
675,FDAX,Fri,12:30,In-Sample,2025-03-14T16:31:09.066151,2025-03-14 12:31:09,SHORT,22952.0,375.0,True,24.66,False
675,FDAX,Fri,12:30,In-Sample,2025-03-14T16:31:09.066151,2025-03-14 12:31:09,SHORT,22952.0,50.0,True,24.66,False
675,FDAX,Fri,12:30,In-Sample,2025-03-14T16:32:39.616771,2025-03-14 12:32:39,LONG,22958.0,-900.0,True,24.66,False
675,FDAX,Fri,12:30,In-Sample,2025-03-14T16:35:31.144321,2025-03-14 12:35:31,LONG,22963.0,-300.0,True,24.66,False
675,FDAX,Fri,12:30,In-Sample,2025-03-14T16:35:31.334770,2025-03-14 12:35:31,LONG,22963.0,-975.0,True,24.66,False
675,FDAX,Fri,12:30,In-Sample,2025-03-14T16:35:31.334878,2025-03-14 12:35:31,LONG,22963.0,-850.0,True,24.66,False
675,FDAX,Fri,12:30,In-Sample,2025-03-14T16:35:40.129707,2025-03-14 12:35:40,LONG,22963.0,-1275.0,True,24.66,False
675,FDAX,Fri,12:30,In-Sample,2025-03-14T16:35:40.213106,2025-03-14 12:35:40,LONG,22963.0,-850.0,True,24.66,False
675,FDAX,Fri,12:30,In-Sample,2025-03-14T16:35:40.335958,2025-03-14 12:35:40,LONG,22963.0,-1275.0,True,24.66,False
675,FDAX,Fri,12:30,In-Sample,2025-03-14T16:38:55.875965,2025-03-14 12:38:55,LONG,22959.0,-450.0,True,24.66,False
675,FDAX,Fri,12:30,In-Sample,2025-03-14T16:38:55.876086,2025-03-14 12:38:55,LONG,22959.0,-1050.0,True,24.66,False
675,FDAX,Fri,12:30,In-Sample,2025-03-14T16:40:28.986384,2025-03-14 12:40:28,SHORT,22953.0,-75.0,True,24.66,False
675,FDAX,Fri,12:30,In-Sample,2025-03-14T16:41:50.831117,2025-03-14 12:41:50,LONG,22951.0,-825.0,True,24.66,False
675,FDAX,Fri,12:30,In-Sample,2025-03-14T16:42:32.418408,2025-03-14 12:42:32,SHORT,22940.0,-225.0,True,24.66,False
675,FDAX,Fri,12:30,In-Sample,2025-03-14T16:42:42.860618,2025-03-14 12:42:42,SHORT,22937.0,-1875.0,True,24.66,False
675,FDAX,Fri,12:30,In-Sample,2025-03-14T16:42:42.952133,2025-03-14 12:42:42,SHORT,22937.0,-1875.0,True,24.66,False
675,FDAX,Fri,12:30,In-Sample,2025-03-14T16:43:50.473095,2025-03-14 12:43:50,LONG,22943.0,150.0,True,24.66,False
675,FDAX,Fri,12:30,In-Sample,2025-03-14T16:44:42.602493,2025-03-14 12:44:42,SHORT,22945.0,-675.0,True,24.66,False
675,FDAX,Fri,12:30,In-Sample,2025-03-14T16:45:47.962118,2025-03-14 12:45:47,SHORT,22940.0,-525.0,True,24.66,False
675,FDAX,Fri,12:30,In-Sample,2025-03-14T16:45:48.052298,2025-03-14 12:45:48,SHORT,22940.0,-525.0,True,24.66,False
675,FDAX,Fri,12:30,In-Sample,2025-03-14T16:45:48.052405,2025-03-14 12:45:48,SHORT,22940.0,-350.0,True,24.66,False
675,FDAX,Fri,12:30,In-Sample,2025-03-14T16:45:48.208549,2025-03-14 12:45:48,SHORT,22940.0,-350.0,True,24.66,False
675,FDAX,Fri,12:30,In-Sample,2025-03-14T16:45:48.208683,2025-03-14 12:45:48,SHORT,22940.0,-350.0,True,24.66,False
675,FDAX,Fri,12:30,In-Sample,2025-03-14T16:46:37.530421,2025-03-14 12:46:37,LONG,22954.0,500.0,True,24.66,False
675,FDAX,Fri,12:30,In-Sample,2025-03-14T16:46:37.530421,2025-03-14 12:46:37,LONG,22954.0,1100.0,True,24.66,False
675,FDAX,Fri,12:30,In-Sample,2025-03-14T16:46:37.687477,2025-03-14 12:46:37,LONG,22954.0,500.0,True,24.66,False
675,FDAX,Fri,12:30,In-Sample,2025-03-14T16:46:37.687477,2025-03-14 12:46:37,LONG,22954.0,1050.0,True,24.66,False
675,FDAX,Fri,12:30,In-Sample,2025-03-14T16:46:55.482835,2025-03-14 12:46:55,SHORT,22943.0,-825.0,True,24.66,False
675,FDAX,Fri,12:30,In-Sample,2025-03-14T16:46:55.565547,2025-03-14 12:46:55,SHORT,22943.0,-825.0,True,24.66,False
675,FDAX,Fri,12:30,In-Sample,2025-03-14T16:46:55.565649,2025-03-14 12:46:55,SHORT,22943.0,-550.0,True,24.66,False
675,FDAX,Fri,12:30,In-Sample,2025-03-14T16:46:55.722205,2025-03-14 12:46:55,SHORT,22943.0,-550.0,True,24.66,False
675,FDAX,Fri,12:30,In-Sample,2025-03-14T16:46:55.722321,2025-03-14 12:46:55,SHORT,22943.0,-550.0,True,24.66,False
675,FDAX,Fri,12:30,In-Sample,2025-03-14T16:47:35.527251,2025-03-14 12:47:35,LONG,22959.0,375.0,True,24.66,False
675,FDAX,Fri,12:30,In-Sample,2025-03-14T16:47:35.527251,2025-03-14 12:47:35,LONG,22959.0,750.0,True,24.66,False
675,FDAX,Fri,12:30,In-Sample,2025-03-14T16:47:35.527251,2025-03-14 12:47:35,LONG,22959.0,1025.0,True,24.66,False
675,FDAX,Fri,12:30,In-Sample,2025-03-14T16:48:34.151893,2025-03-14 12:48:34,LONG,22962.0,750.0,True,24.66,False
675,FDAX,Fri,12:30,In-Sample,2025-03-14T16:48:34.151893,2025-03-14 12:48:34,LONG,22962.0,1750.0,True,24.66,False
675,FDAX,Fri,12:30,In-Sample,2025-03-14T16:48:34.151893,2025-03-14 12:48:34,LONG,22962.0,1450.0,True,24.66,False
675,FDAX,Fri,12:30,In-Sample,2025-03-14T16:48:34.152069,2025-03-14 12:48:34,LONG,22962.0,375.0,True,24.66,False
675,FDAX,Fri,12:30,In-Sample,2025-03-14T16:48:34.152069,2025-03-14 12:48:34,LONG,22962.0,750.0,True,24.66,False
675,FDAX,Fri,12:30,In-Sample,2025-03-14T16:48:34.152069,2025-03-14 12:48:34,LONG,22962.0,875.0,True,24.66,False
675,FDAX,Fri,12:30,In-Sample,2025-03-14T16:49:38.662112,2025-03-14 12:49:38,LONG,22980.0,500.0,True,24.66,False
675,FDAX,Fri,12:30,In-Sample,2025-03-14T16:49:38.662112,2025-03-14 12:49:38,LONG,22980.0,1000.0,True,24.66,False
675,FDAX,Fri,12:30,In-Sample,2025-03-14T16:49:38.786044,2025-03-14 12:49:38,LONG,22982.0,500.0,True,24.66,False
675,FDAX,Fri,12:30,In-Sample,2025-03-14T16:49:38.786044,2025-03-14 12:49:38,LONG,22982.0,1000.0,True,24.66,False
675,FDAX,Fri,12:30,In-Sample,2025-03-14T16:49:38.786044,2025-03-14 12:49:38,LONG,22982.0,950.0,True,24.66,False
675,FDAX,Fri,12:30,In-Sample,2025-03-14T16:49:38.786144,2025-03-14 12:49:38,LONG,22982.0,325.0,True,24.66,False
675,FDAX,Fri,12:30,In-Sample,2025-03-14T16:49:38.786144,2025-03-14 12:49:38,LONG,22982.0,650.0,True,24.66,False
675,FDAX,Fri,12:30,In-Sample,2025-03-14T16:49:38.786144,2025-03-14 12:49:38,LONG,22982.0,550.0,True,24.66,False
675,FDAX,Fri,12:30,In-Sample,2025-03-14T16:49:38.847731,2025-03-14 12:49:38,LONG,22982.0,325.0,True,24.66,False
675,FDAX,Fri,12:30,In-Sample,2025-03-14T16:49:38.847731,2025-03-14 12:49:38,LONG,22982.0,650.0,True,24.66,False
675,FDAX,Fri,12:30,In-Sample,2025-03-14T16:49:38.847731,2025-03-14 12:49:38,LONG,22982.0,550.0,True,24.66,False
675,FDAX,Fri,12:30,In-Sample,2025-03-14T16:49:38.850793,2025-03-14 12:49:38,LONG,22981.0,325.0,True,24.66,False
675,FDAX,Fri,12:30,In-Sample,2025-03-14T16:49:38.850793,2025-03-14 12:49:38,LONG,22981.0,650.0,True,24.66,False
675,FDAX,Fri,12:30,In-Sample,2025-03-14T16:49:38.850793,2025-03-14 12:49:38,LONG,22981.0,625.0,True,24.66,False
675,FDAX,Fri,12:30,In-Sample,2025-03-14T16:49:38.850861,2025-03-14 12:49:38,LONG,22981.0,500.0,True,24.66,False
675,FDAX,Fri,12:30,In-Sample,2025-03-14T16:49:38.850861,2025-03-14 12:49:38,LONG,22981.0,800.0,True,24.66,False
675,FDAX,Fri,12:30,In-Sample,2025-03-14T16:49:38.850915,2025-03-14 12:49:38,LONG,22981.0,500.0,True,24.66,False
675,FDAX,Fri,12:30,In-Sample,2025-03-14T16:49:38.850915,2025-03-14 12:49:38,LONG,22981.0,400.0,True,24.66,False
675,FDAX,Fri,12:30,In-Sample,2025-03-14T16:49:49.600294,2025-03-14 12:49:49,SHORT,22974.0,-600.0,True,24.66,False
675,FDAX,Fri,12:30,In-Sample,2025-03-14T16:49:49.667612,2025-03-14 12:49:49,SHORT,22974.0,-450.0,True,24.66,False
675,FDAX,Fri,12:30,In-Sample,2025-03-14T16:49:49.667757,2025-03-14 12:49:49,SHORT,22974.0,-400.0,True,24.66,False
675,FDAX,Fri,12:30,In-Sample,2025-03-14T16:49:57.731804,2025-03-14 12:49:57,LONG,22983.0,500.0,True,24.66,False
675,FDAX,Fri,12:30,In-Sample,2025-03-14T16:49:57.731804,2025-03-14 12:49:57,LONG,22983.0,850.0,True,24.66,False
675,FDAX,Fri,12:30,In-Sample,2025-03-14T16:50:14.582241,2025-03-14 12:50:14,SHORT,22989.0,-600.0,True,24.66,False
675,FDAX,Fri,12:30,In-Sample,2025-03-14T16:50:14.672513,2025-03-14 12:50:14,SHORT,22989.0,-600.0,True,24.66,False
675,FDAX,Fri,12:30,In-Sample,2025-03-14T16:50:14.672656,2025-03-14 12:50:14,SHORT,22989.0,-600.0,True,24.66,False
675,FDAX,Fri,12:30,In-Sample,2025-03-14T16:53:01.301568,2025-03-14 12:53:01,LONG,23018.0,-1575.0,True,24.66,False
675,FDAX,Fri,12:30,In-Sample,2025-03-14T16:53:01.458087,2025-03-14 12:53:01,LONG,23018.0,-1575.0,True,24.66,False
675,FDAX,Fri,12:30,In-Sample,2025-03-14T16:54:18.745574,2025-03-14 12:54:18,SHORT,23004.0,275.0,True,24.66,False
675,FDAX,Fri,12:30,In-Sample,2025-03-14T16:54:18.745574,2025-03-14 12:54:18,SHORT,23004.0,100.0,True,24.66,False
675,FDAX,Fri,12:30,In-Sample,2025-03-14T16:54:18.816338,2025-03-14 12:54:18,SHORT,23004.0,-1275.0,True,24.66,False
675,FDAX,Fri,12:30,In-Sample,2025-03-14T16:54:18.816479,2025-03-14 12:54:18,SHORT,23004.0,275.0,True,24.66,False
675,FDAX,Fri,12:30,In-Sample,2025-03-14T16:54:18.816479,2025-03-14 12:54:18,SHORT,23004.0,-275.0,True,24.66,False
675,FDAX,Fri,12:30,In-Sample,2025-03-14T16:54:37.819932,2025-03-14 12:54:37,SHORT,22997.0,-1800.0,True,24.66,False
675,FDAX,Fri,12:30,In-Sample,2025-03-14T16:54:37.952546,2025-03-14 12:54:37,SHORT,22997.0,-900.0,True,24.66,False
675,FDAX,Fri,12:30,In-Sample,2025-03-14T16:54:37.952700,2025-03-14 12:54:37,SHORT,22997.0,-1800.0,True,24.66,False
675,FDAX,Fri,12:30,In-Sample,2025-03-14T16:54:41.358977,2025-03-14 12:54:41,SHORT,22994.0,-1125.0,True,24.66,False
675,FDAX,Fri,12:30,In-Sample,2025-03-14T16:54:41.359166,2025-03-14 12:54:41,SHORT,22994.0,-1125.0,True,24.66,False
675,FDAX,Fri,12:30,In-Sample,2025-03-14T16:56:48.568224,2025-03-14 12:56:48,LONG,23009.0,500.0,True,24.66,False
675,FDAX,Fri,12:30,In-Sample,2025-03-14T16:56:48.568224,2025-03-14 12:56:48,LONG,23009.0,550.0,True,24.66,False
675,FDAX,Fri,12:30,In-Sample,2025-03-14T16:56:48.568467,2025-03-14 12:56:48,LONG,23009.0,500.0,True,24.66,False
675,FDAX,Fri,12:30,In-Sample,2025-03-14T16:56:48.568467,2025-03-14 12:56:48,LONG,23009.0,550.0,True,24.66,False
675,FDAX,Fri,12:30,In-Sample,2025-03-14T16:58:06.834170,2025-03-14 12:58:06,LONG,23021.0,-225.0,True,24.66,False
675,FDAX,Fri,12:30,In-Sample,2025-03-21T16:30:15.303034,2025-03-21 12:30:15,SHORT,23095.0,-250.0,True,19.8,True
675,FDAX,Fri,12:30,In-Sample,2025-03-21T16:30:15.428654,2025-03-21 12:30:15,SHORT,23095.0,-250.0,True,19.8,True
675,FDAX,Fri,12:30,In-Sample,2025-03-21T16:30:27.430648,2025-03-21 12:30:27,SHORT,23094.0,-550.0,True,19.8,True
675,FDAX,Fri,12:30,In-Sample,2025-03-21T16:30:27.430761,2025-03-21 12:30:27,SHORT,23094.0,-275.0,True,19.8,True
675,FDAX,Fri,12:30,In-Sample,2025-03-21T16:30:27.430761,2025-03-21 12:30:27,SHORT,23094.0,-1450.0,True,19.8,True
675,FDAX,Fri,12:30,In-Sample,2025-03-21T16:32:31.844730,2025-03-21 12:32:31,LONG,23105.0,525.0,True,19.8,True
675,FDAX,Fri,12:30,In-Sample,2025-03-21T16:32:31.922352,2025-03-21 12:32:31,LONG,23105.0,300.0,True,19.8,True
675,FDAX,Fri,12:30,In-Sample,2025-03-21T16:32:31.922352,2025-03-21 12:32:31,LONG,23105.0,-1450.0,True,19.8,True
675,FDAX,Fri,12:30,In-Sample,2025-03-21T16:32:31.922615,2025-03-21 12:32:31,LONG,23105.0,175.0,True,19.8,True
675,FDAX,Fri,12:30,In-Sample,2025-03-21T16:32:59.350145,2025-03-21 12:32:59,SHORT,23107.0,-725.0,True,19.8,True
675,FDAX,Fri,12:30,In-Sample,2025-03-21T16:32:59.427639,2025-03-21 12:32:59,SHORT,23107.0,-725.0,True,19.8,True
675,FDAX,Fri,12:30,In-Sample,2025-03-21T16:34:28.883365,2025-03-21 12:34:28,LONG,23123.0,25.0,True,19.8,True
675,FDAX,Fri,12:30,In-Sample,2025-03-21T16:35:23.894466,2025-03-21 12:35:23,LONG,23122.0,-1150.0,True,19.8,True
675,FDAX,Fri,12:30,In-Sample,2025-03-21T16:35:23.894466,2025-03-21 12:35:23,LONG,23122.0,-2600.0,True,19.8,True
675,FDAX,Fri,12:30,In-Sample,2025-03-21T16:35:23.988077,2025-03-21 12:35:23,LONG,23122.0,75.0,True,19.8,True
675,FDAX,Fri,12:30,In-Sample,2025-03-21T16:36:48.876558,2025-03-21 12:36:48,SHORT,23112.0,-300.0,True,19.8,True
675,FDAX,Fri,12:30,In-Sample,2025-03-21T16:36:48.941779,2025-03-21 12:36:48,SHORT,23112.0,-450.0,True,19.8,True
675,FDAX,Fri,12:30,In-Sample,2025-03-21T16:38:26.294688,2025-03-21 12:38:26,LONG,23124.0,75.0,True,19.8,True
675,FDAX,Fri,12:30,In-Sample,2025-03-21T16:39:04.111077,2025-03-21 12:39:04,LONG,23126.0,-1400.0,True,19.8,True
675,FDAX,Fri,12:30,In-Sample,2025-03-21T16:39:04.111077,2025-03-21 12:39:04,LONG,23126.0,-650.0,True,19.8,True
675,FDAX,Fri,12:30,In-Sample,2025-03-21T16:39:04.111077,2025-03-21 12:39:04,LONG,23126.0,-300.0,True,19.8,True
675,FDAX,Fri,12:30,In-Sample,2025-03-21T16:39:40.196698,2025-03-21 12:39:40,SHORT,23134.0,-50.0,True,19.8,True
675,FDAX,Fri,12:30,In-Sample,2025-03-21T16:39:40.289274,2025-03-21 12:39:40,SHORT,23134.0,-50.0,True,19.8,True
675,FDAX,Fri,12:30,In-Sample,2025-03-21T16:40:49.602609,2025-03-21 12:40:49,SHORT,23127.0,475.0,True,19.8,True
675,FDAX,Fri,12:30,In-Sample,2025-03-21T16:40:49.678613,2025-03-21 12:40:49,SHORT,23127.0,-350.0,True,19.8,True
675,FDAX,Fri,12:30,In-Sample,2025-03-21T16:43:58.626068,2025-03-21 12:43:58,LONG,23134.0,-975.0,True,19.8,True
675,FDAX,Fri,12:30,In-Sample,2025-03-21T16:44:32.287027,2025-03-21 12:44:32,SHORT,23124.0,-200.0,True,19.8,True
675,FDAX,Fri,12:30,In-Sample,2025-03-21T16:44:32.380942,2025-03-21 12:44:32,SHORT,23124.0,-100.0,True,19.8,True
675,FDAX,Fri,12:30,In-Sample,2025-03-21T16:44:32.380942,2025-03-21 12:44:32,SHORT,23124.0,-200.0,True,19.8,True
675,FDAX,Fri,12:30,In-Sample,2025-03-21T16:44:58.948824,2025-03-21 12:44:58,LONG,23128.0,-150.0,True,19.8,True
675,FDAX,Fri,12:30,In-Sample,2025-03-21T16:45:14.795088,2025-03-21 12:45:14,SHORT,23122.0,500.0,True,19.8,True
675,FDAX,Fri,12:30,In-Sample,2025-03-21T16:45:14.795088,2025-03-21 12:45:14,SHORT,23122.0,400.0,True,19.8,True
675,FDAX,Fri,12:30,In-Sample,2025-03-21T16:45:14.920490,2025-03-21 12:45:14,SHORT,23122.0,400.0,True,19.8,True
675,FDAX,Fri,12:30,In-Sample,2025-03-21T16:45:14.920490,2025-03-21 12:45:14,SHORT,23122.0,600.0,True,19.8,True
675,FDAX,Fri,12:30,In-Sample,2025-03-21T16:46:12.754512,2025-03-21 12:46:12,SHORT,23117.0,300.0,True,19.8,True
675,FDAX,Fri,12:30,In-Sample,2025-03-21T16:46:12.837791,2025-03-21 12:46:12,SHORT,23117.0,-525.0,True,19.8,True
675,FDAX,Fri,12:30,In-Sample,2025-03-21T16:46:12.837904,2025-03-21 12:46:12,SHORT,23117.0,-525.0,True,19.8,True
675,FDAX,Fri,12:30,In-Sample,2025-03-21T16:46:16.248088,2025-03-21 12:46:16,SHORT,23113.0,-600.0,True,19.8,True
675,FDAX,Fri,12:30,In-Sample,2025-03-21T16:46:25.263135,2025-03-21 12:46:25,SHORT,23111.0,-150.0,True,19.8,True
675,FDAX,Fri,12:30,In-Sample,2025-03-21T16:46:25.340649,2025-03-21 12:46:25,SHORT,23111.0,-150.0,True,19.8,True
675,FDAX,Fri,12:30,In-Sample,2025-03-21T16:46:25.687592,2025-03-21 12:46:25,SHORT,23111.0,1275.0,True,19.8,True
675,FDAX,Fri,12:30,In-Sample,2025-03-21T16:46:25.687753,2025-03-21 12:46:25,SHORT,23111.0,1275.0,True,19.8,True
675,FDAX,Fri,12:30,In-Sample,2025-03-21T16:47:29.246995,2025-03-21 12:47:29,SHORT,23107.0,125.0,True,19.8,True
675,FDAX,Fri,12:30,In-Sample,2025-03-21T16:47:29.246995,2025-03-21 12:47:29,SHORT,23107.0,425.0,True,19.8,True
675,FDAX,Fri,12:30,In-Sample,2025-03-21T16:47:29.246995,2025-03-21 12:47:29,SHORT,23107.0,500.0,True,19.8,True
675,FDAX,Fri,12:30,In-Sample,2025-03-21T16:47:29.324252,2025-03-21 12:47:29,SHORT,23107.0,-150.0,True,19.8,True
675,FDAX,Fri,12:30,In-Sample,2025-03-21T16:47:29.324397,2025-03-21 12:47:29,SHORT,23107.0,125.0,True,19.8,True
675,FDAX,Fri,12:30,In-Sample,2025-03-21T16:47:29.324397,2025-03-21 12:47:29,SHORT,23107.0,425.0,True,19.8,True
675,FDAX,Fri,12:30,In-Sample,2025-03-21T16:47:29.324397,2025-03-21 12:47:29,SHORT,23107.0,500.0,True,19.8,True
675,FDAX,Fri,12:30,In-Sample,2025-03-21T16:49:43.507204,2025-03-21 12:49:43,LONG,23110.0,-300.0,True,19.8,True
675,FDAX,Fri,12:30,In-Sample,2025-03-21T16:49:50.475830,2025-03-21 12:49:50,LONG,23114.0,-350.0,True,19.8,True
675,FDAX,Fri,12:30,In-Sample,2025-03-21T16:50:02.291827,2025-03-21 12:50:02,LONG,23128.0,-3900.0,True,19.8,True
675,FDAX,Fri,12:30,In-Sample,2025-03-21T16:50:28.302576,2025-03-21 12:50:28,SHORT,23113.0,-525.0,True,19.8,True
675,FDAX,Fri,12:30,In-Sample,2025-03-21T16:50:28.391834,2025-03-21 12:50:28,SHORT,23113.0,-525.0,True,19.8,True
675,FDAX,Fri,12:30,In-Sample,2025-03-21T16:50:54.552027,2025-03-21 12:50:54,SHORT,23102.0,600.0,True,19.8,True
675,FDAX,Fri,12:30,In-Sample,2025-03-21T16:50:54.552027,2025-03-21 12:50:54,SHORT,23102.0,700.0,True,19.8,True
675,FDAX,Fri,12:30,In-Sample,2025-03-21T16:50:54.552131,2025-03-21 12:50:54,SHORT,23102.0,-2550.0,True,19.8,True
675,FDAX,Fri,12:30,In-Sample,2025-03-21T16:51:05.790557,2025-03-21 12:51:05,LONG,23101.0,-625.0,True,19.8,True
675,FDAX,Fri,12:30,In-Sample,2025-03-21T16:51:07.086981,2025-03-21 12:51:07,SHORT,23098.0,500.0,True,19.8,True
675,FDAX,Fri,12:30,In-Sample,2025-03-21T16:51:07.086981,2025-03-21 12:51:07,SHORT,23098.0,400.0,True,19.8,True
675,FDAX,Fri,12:30,In-Sample,2025-03-21T16:51:07.086981,2025-03-21 12:51:07,SHORT,23098.0,175.0,True,19.8,True
675,FDAX,Fri,12:30,In-Sample,2025-03-21T16:51:07.087065,2025-03-21 12:51:07,SHORT,23098.0,350.0,True,19.8,True
675,FDAX,Fri,12:30,In-Sample,2025-03-21T16:51:07.087065,2025-03-21 12:51:07,SHORT,23098.0,175.0,True,19.8,True
675,FDAX,Fri,12:30,In-Sample,2025-03-21T16:51:44.066701,2025-03-21 12:51:44,SHORT,23088.0,-225.0,True,19.8,True
675,FDAX,Fri,12:30,In-Sample,2025-03-21T16:52:15.792884,2025-03-21 12:52:15,LONG,23087.0,-275.0,True,19.8,True
675,FDAX,Fri,12:30,In-Sample,2025-03-21T16:52:15.792884,2025-03-21 12:52:15,LONG,23087.0,-425.0,True,19.8,True
675,FDAX,Fri,12:30,In-Sample,2025-03-21T16:52:15.793190,2025-03-21 12:52:15,LONG,23087.0,-850.0,True,19.8,True
675,FDAX,Fri,12:30,In-Sample,2025-03-21T16:52:15.793190,2025-03-21 12:52:15,LONG,23087.0,1125.0,True,19.8,True
675,FDAX,Fri,12:30,In-Sample,2025-03-21T16:52:15.793289,2025-03-21 12:52:15,LONG,23087.0,675.0,True,19.8,True
675,FDAX,Fri,12:30,In-Sample,2025-03-21T16:52:15.793289,2025-03-21 12:52:15,LONG,23087.0,2350.0,True,19.8,True
675,FDAX,Fri,12:30,In-Sample,2025-03-21T16:52:23.946500,2025-03-21 12:52:23,LONG,23093.0,-325.0,True,19.8,True
675,FDAX,Fri,12:30,In-Sample,2025-03-21T16:52:23.946614,2025-03-21 12:52:23,LONG,23093.0,-325.0,True,19.8,True
675,FDAX,Fri,12:30,In-Sample,2025-03-21T16:52:23.946614,2025-03-21 12:52:23,LONG,23093.0,-575.0,True,19.8,True
675,FDAX,Fri,12:30,In-Sample,2025-03-21T16:52:24.102674,2025-03-21 12:52:24,LONG,23092.0,-450.0,True,19.8,True
675,FDAX,Fri,12:30,In-Sample,2025-03-21T16:52:57.900211,2025-03-21 12:52:57,SHORT,23071.0,-1000.0,True,19.8,True
675,FDAX,Fri,12:30,In-Sample,2025-03-21T16:52:57.900211,2025-03-21 12:52:57,SHORT,23071.0,-725.0,True,19.8,True
675,FDAX,Fri,12:30,In-Sample,2025-03-21T16:54:00.358997,2025-03-21 12:54:00,LONG,23079.0,2700.0,True,19.8,True
675,FDAX,Fri,12:30,In-Sample,2025-03-21T16:54:00.358997,2025-03-21 12:54:00,LONG,23079.0,1100.0,True,19.8,True
675,FDAX,Fri,12:30,In-Sample,2025-03-21T16:54:00.431432,2025-03-21 12:54:00,LONG,23079.0,1375.0,True,19.8,True
675,FDAX,Fri,12:30,In-Sample,2025-03-21T16:54:00.431432,2025-03-21 12:54:00,LONG,23079.0,2200.0,True,19.8,True
675,FDAX,Fri,12:30,In-Sample,2025-03-21T16:55:42.968840,2025-03-21 12:55:42,LONG,23084.0,-350.0,True,19.8,True
675,FDAX,Fri,12:30,In-Sample,2025-03-21T16:55:42.968840,2025-03-21 12:55:42,LONG,23084.0,525.0,True,19.8,True
675,FDAX,Fri,12:30,In-Sample,2025-03-21T16:55:43.048107,2025-03-21 12:55:43,LONG,23084.0,-400.0,True,19.8,True
675,FDAX,Fri,12:30,In-Sample,2025-03-21T16:56:58.188512,2025-03-21 12:56:58,LONG,23091.0,-1575.0,True,19.8,True
675,FDAX,Fri,12:30,In-Sample,2025-03-21T16:59:09.372817,2025-03-21 12:59:09,SHORT,23070.0,-1500.0,True,19.8,True
675,FDAX,Fri,12:30,In-Sample,2025-03-21T16:59:09.372817,2025-03-21 12:59:09,SHORT,23070.0,-1275.0,True,19.8,True
675,FDAX,Fri,12:30,In-Sample,2025-03-28T16:30:46.926169,2025-03-28 12:30:46,SHORT,22722.0,375.0,True,18.69,True
675,FDAX,Fri,12:30,In-Sample,2025-03-28T16:30:46.926169,2025-03-28 12:30:46,SHORT,22722.0,1125.0,True,18.69,True
675,FDAX,Fri,12:30,In-Sample,2025-03-28T16:30:47.004708,2025-03-28 12:30:47,SHORT,22722.0,375.0,True,18.69,True
675,FDAX,Fri,12:30,In-Sample,2025-03-28T16:30:47.004708,2025-03-28 12:30:47,SHORT,22722.0,800.0,True,18.69,True
675,FDAX,Fri,12:30,In-Sample,2025-03-28T16:30:47.912076,2025-03-28 12:30:47,SHORT,22716.0,625.0,True,18.69,True
675,FDAX,Fri,12:30,In-Sample,2025-03-28T16:30:47.912076,2025-03-28 12:30:47,SHORT,22716.0,1150.0,True,18.69,True
675,FDAX,Fri,12:30,In-Sample,2025-03-28T16:30:48.006159,2025-03-28 12:30:48,SHORT,22716.0,375.0,True,18.69,True
675,FDAX,Fri,12:30,In-Sample,2025-03-28T16:30:48.006159,2025-03-28 12:30:48,SHORT,22716.0,750.0,True,18.69,True
675,FDAX,Fri,12:30,In-Sample,2025-03-28T16:30:48.006159,2025-03-28 12:30:48,SHORT,22716.0,575.0,True,18.69,True
675,FDAX,Fri,12:30,In-Sample,2025-03-28T16:30:48.006299,2025-03-28 12:30:48,SHORT,22716.0,625.0,True,18.69,True
675,FDAX,Fri,12:30,In-Sample,2025-03-28T16:30:48.006299,2025-03-28 12:30:48,SHORT,22716.0,1500.0,True,18.69,True
675,FDAX,Fri,12:30,In-Sample,2025-03-28T16:30:48.006515,2025-03-28 12:30:48,SHORT,22716.0,625.0,True,18.69,True
675,FDAX,Fri,12:30,In-Sample,2025-03-28T16:30:48.006515,2025-03-28 12:30:48,SHORT,22716.0,1500.0,True,18.69,True
675,FDAX,Fri,12:30,In-Sample,2025-03-28T16:30:48.006718,2025-03-28 12:30:48,SHORT,22716.0,625.0,True,18.69,True
675,FDAX,Fri,12:30,In-Sample,2025-03-28T16:30:48.006718,2025-03-28 12:30:48,SHORT,22716.0,1500.0,True,18.69,True
675,FDAX,Fri,12:30,In-Sample,2025-03-28T16:30:59.841673,2025-03-28 12:30:59,SHORT,22712.0,500.0,True,18.69,True
675,FDAX,Fri,12:30,In-Sample,2025-03-28T16:30:59.841673,2025-03-28 12:30:59,SHORT,22712.0,1300.0,True,18.69,True
675,FDAX,Fri,12:30,In-Sample,2025-03-28T16:30:59.914049,2025-03-28 12:30:59,SHORT,22712.0,500.0,True,18.69,True
675,FDAX,Fri,12:30,In-Sample,2025-03-28T16:30:59.914049,2025-03-28 12:30:59,SHORT,22712.0,1300.0,True,18.69,True
675,FDAX,Fri,12:30,In-Sample,2025-03-28T16:33:19.955286,2025-03-28 12:33:19,SHORT,22690.0,375.0,True,18.69,True
675,FDAX,Fri,12:30,In-Sample,2025-03-28T16:33:19.955286,2025-03-28 12:33:19,SHORT,22690.0,-900.0,True,18.69,True
675,FDAX,Fri,12:30,In-Sample,2025-03-28T16:33:19.955448,2025-03-28 12:33:19,SHORT,22690.0,0.0,True,18.69,True
675,FDAX,Fri,12:30,In-Sample,2025-03-28T16:33:20.151245,2025-03-28 12:33:20,SHORT,22690.0,375.0,True,18.69,True
675,FDAX,Fri,12:30,In-Sample,2025-03-28T16:33:20.151245,2025-03-28 12:33:20,SHORT,22690.0,50.0,True,18.69,True
675,FDAX,Fri,12:30,In-Sample,2025-03-28T16:36:36.081305,2025-03-28 12:36:36,SHORT,22679.0,-225.0,True,18.69,True
675,FDAX,Fri,12:30,In-Sample,2025-03-28T16:37:56.750296,2025-03-28 12:37:56,LONG,22682.0,-675.0,True,18.69,True
675,FDAX,Fri,12:30,In-Sample,2025-03-28T16:37:56.750770,2025-03-28 12:37:56,LONG,22682.0,-675.0,True,18.69,True
675,FDAX,Fri,12:30,In-Sample,2025-03-28T16:37:56.750878,2025-03-28 12:37:56,LONG,22682.0,-675.0,True,18.69,True
675,FDAX,Fri,12:30,In-Sample,2025-03-28T16:40:30.550578,2025-03-28 12:40:30,SHORT,22673.0,-750.0,True,18.69,True
675,FDAX,Fri,12:30,In-Sample,2025-03-28T16:41:27.285747,2025-03-28 12:41:27,LONG,22686.0,-750.0,True,18.69,True
675,FDAX,Fri,12:30,In-Sample,2025-03-28T16:41:27.411012,2025-03-28 12:41:27,LONG,22686.0,500.0,True,18.69,True
675,FDAX,Fri,12:30,In-Sample,2025-03-28T16:41:27.411012,2025-03-28 12:41:27,LONG,22686.0,900.0,True,18.69,True
675,FDAX,Fri,12:30,In-Sample,2025-03-28T16:41:28.065195,2025-03-28 12:41:28,LONG,22687.0,-600.0,True,18.69,True
675,FDAX,Fri,12:30,In-Sample,2025-03-28T16:41:28.065271,2025-03-28 12:41:28,LONG,22687.0,500.0,True,18.69,True
675,FDAX,Fri,12:30,In-Sample,2025-03-28T16:41:28.065271,2025-03-28 12:41:28,LONG,22687.0,-700.0,True,18.69,True
675,FDAX,Fri,12:30,In-Sample,2025-03-28T16:41:28.192288,2025-03-28 12:41:28,LONG,22687.0,-600.0,True,18.69,True
675,FDAX,Fri,12:30,In-Sample,2025-03-28T16:44:32.417934,2025-03-28 12:44:32,SHORT,22679.0,-250.0,True,18.69,True
675,FDAX,Fri,12:30,In-Sample,2025-03-28T16:44:32.542395,2025-03-28 12:44:32,SHORT,22679.0,-125.0,True,18.69,True
675,FDAX,Fri,12:30,In-Sample,2025-03-28T16:44:32.542395,2025-03-28 12:44:32,SHORT,22679.0,-250.0,True,18.69,True
675,FDAX,Fri,12:30,In-Sample,2025-03-28T16:44:32.542662,2025-03-28 12:44:32,SHORT,22679.0,-250.0,True,18.69,True
675,FDAX,Fri,12:30,In-Sample,2025-03-28T16:44:32.542763,2025-03-28 12:44:32,SHORT,22679.0,-125.0,True,18.69,True
675,FDAX,Fri,12:30,In-Sample,2025-03-28T16:44:32.542763,2025-03-28 12:44:32,SHORT,22679.0,-250.0,True,18.69,True
675,FDAX,Fri,12:30,In-Sample,2025-03-28T16:44:35.448281,2025-03-28 12:44:35,SHORT,22676.0,-525.0,True,18.69,True
675,FDAX,Fri,12:30,In-Sample,2025-03-28T16:44:35.581312,2025-03-28 12:44:35,SHORT,22676.0,-600.0,True,18.69,True
675,FDAX,Fri,12:30,In-Sample,2025-03-28T16:44:35.581397,2025-03-28 12:44:35,SHORT,22676.0,-750.0,True,18.69,True
675,FDAX,Fri,12:30,In-Sample,2025-03-28T16:45:02.546751,2025-03-28 12:45:02,LONG,22684.0,-100.0,True,18.69,True
675,FDAX,Fri,12:30,In-Sample,2025-03-28T16:45:02.547083,2025-03-28 12:45:02,LONG,22684.0,-100.0,True,18.69,True
675,FDAX,Fri,12:30,In-Sample,2025-03-28T16:45:03.328240,2025-03-28 12:45:03,LONG,22686.0,550.0,True,18.69,True
675,FDAX,Fri,12:30,In-Sample,2025-03-28T16:45:03.328240,2025-03-28 12:45:03,LONG,22686.0,-650.0,True,18.69,True
675,FDAX,Fri,12:30,In-Sample,2025-03-28T16:45:03.328353,2025-03-28 12:45:03,LONG,22686.0,550.0,True,18.69,True
675,FDAX,Fri,12:30,In-Sample,2025-03-28T16:45:03.328353,2025-03-28 12:45:03,LONG,22686.0,-650.0,True,18.69,True
675,FDAX,Fri,12:30,In-Sample,2025-03-28T16:45:58.978354,2025-03-28 12:45:58,LONG,22697.0,375.0,True,18.69,True
675,FDAX,Fri,12:30,In-Sample,2025-03-28T16:45:58.978354,2025-03-28 12:45:58,LONG,22697.0,0.0,True,18.69,True
675,FDAX,Fri,12:30,In-Sample,2025-03-28T16:45:59.057649,2025-03-28 12:45:59,LONG,22697.0,-450.0,True,18.69,True
675,FDAX,Fri,12:30,In-Sample,2025-03-28T16:45:59.950657,2025-03-28 12:45:59,LONG,22697.0,375.0,True,18.69,True
675,FDAX,Fri,12:30,In-Sample,2025-03-28T16:45:59.950657,2025-03-28 12:45:59,LONG,22697.0,0.0,True,18.69,True
675,FDAX,Fri,12:30,In-Sample,2025-03-28T16:46:09.496845,2025-03-28 12:46:09,SHORT,22685.0,-150.0,True,18.69,True
675,FDAX,Fri,12:30,In-Sample,2025-03-28T16:47:05.040536,2025-03-28 12:47:05,SHORT,22680.0,-350.0,True,18.69,True
675,FDAX,Fri,12:30,In-Sample,2025-03-28T16:47:05.040647,2025-03-28 12:47:05,SHORT,22680.0,-175.0,True,18.69,True
675,FDAX,Fri,12:30,In-Sample,2025-03-28T16:47:05.040647,2025-03-28 12:47:05,SHORT,22680.0,-350.0,True,18.69,True
675,FDAX,Fri,12:30,In-Sample,2025-03-28T16:47:05.215401,2025-03-28 12:47:05,SHORT,22680.0,-350.0,True,18.69,True
675,FDAX,Fri,12:30,In-Sample,2025-03-28T16:47:05.215523,2025-03-28 12:47:05,SHORT,22680.0,-175.0,True,18.69,True
675,FDAX,Fri,12:30,In-Sample,2025-03-28T16:47:05.215523,2025-03-28 12:47:05,SHORT,22680.0,-350.0,True,18.69,True
675,FDAX,Fri,12:30,In-Sample,2025-03-28T16:49:13.560077,2025-03-28 12:49:13,SHORT,22680.0,-825.0,True,18.69,True
675,FDAX,Fri,12:30,In-Sample,2025-03-28T16:49:41.103643,2025-03-28 12:49:41,LONG,22687.0,-600.0,True,18.69,True
675,FDAX,Fri,12:30,In-Sample,2025-03-28T16:49:59.065954,2025-03-28 12:49:59,SHORT,22684.0,-600.0,True,18.69,True
675,FDAX,Fri,12:30,In-Sample,2025-03-28T16:49:59.138159,2025-03-28 12:49:59,SHORT,22684.0,-225.0,True,18.69,True
675,FDAX,Fri,12:30,In-Sample,2025-03-28T16:50:02.578531,2025-03-28 12:50:02,LONG,22687.0,500.0,True,18.69,True
675,FDAX,Fri,12:30,In-Sample,2025-03-28T16:50:02.578634,2025-03-28 12:50:02,LONG,22687.0,500.0,True,18.69,True
675,FDAX,Fri,12:30,In-Sample,2025-03-28T16:50:02.578634,2025-03-28 12:50:02,LONG,22687.0,850.0,True,18.69,True
675,FDAX,Fri,12:30,In-Sample,2025-03-28T16:50:02.700288,2025-03-28 12:50:02,LONG,22687.0,500.0,True,18.69,True
675,FDAX,Fri,12:30,In-Sample,2025-03-28T16:51:00.582371,2025-03-28 12:51:00,LONG,22700.0,-525.0,True,18.69,True
675,FDAX,Fri,12:30,In-Sample,2025-03-28T16:51:00.650696,2025-03-28 12:51:00,LONG,22700.0,-200.0,True,18.69,True
675,FDAX,Fri,12:30,In-Sample,2025-03-28T16:54:11.812298,2025-03-28 12:54:11,SHORT,22693.0,-1425.0,True,18.69,True
675,FDAX,Fri,12:30,In-Sample,2025-03-28T16:54:18.582247,2025-03-28 12:54:18,SHORT,22693.0,-1575.0,True,18.69,True
675,FDAX,Fri,12:30,In-Sample,2025-03-28T16:54:30.640465,2025-03-28 12:54:30,SHORT,22691.0,-1200.0,True,18.69,True
675,FDAX,Fri,12:30,In-Sample,2025-03-28T16:54:30.847360,2025-03-28 12:54:30,SHORT,22691.0,-1200.0,True,18.69,True
675,FDAX,Fri,12:30,In-Sample,2025-03-28T16:56:47.673921,2025-03-28 12:56:47,SHORT,22690.0,-1725.0,True,18.69,True
675,FDAX,Fri,12:30,In-Sample,2025-03-28T16:56:47.751164,2025-03-28 12:56:47,SHORT,22690.0,-1875.0,True,18.69,True
675,FDAX,Fri,12:30,In-Sample,2025-03-28T16:56:47.751281,2025-03-28 12:56:47,SHORT,22690.0,-750.0,True,18.69,True
675,FDAX,Fri,12:30,In-Sample,2025-03-28T16:56:47.907402,2025-03-28 12:56:47,SHORT,22690.0,-1875.0,True,18.69,True
675,FDAX,Fri,12:30,In-Sample,2025-03-28T16:56:47.907541,2025-03-28 12:56:47,SHORT,22690.0,-1725.0,True,18.69,True
675,FDAX,Fri,12:30,In-Sample,2025-04-04T16:31:15.879955,2025-04-04 12:31:15,SHORT,20765.0,1100.0,True,30.02,False
675,FDAX,Fri,12:30,In-Sample,2025-04-04T16:31:15.879955,2025-04-04 12:31:15,SHORT,20765.0,1525.0,True,30.02,False
675,FDAX,Fri,12:30,In-Sample,2025-04-04T16:31:16.099530,2025-04-04 12:31:16,SHORT,20765.0,1100.0,True,30.02,False
675,FDAX,Fri,12:30,In-Sample,2025-04-04T16:31:16.099530,2025-04-04 12:31:16,SHORT,20765.0,2175.0,True,30.02,False
675,FDAX,Fri,12:30,In-Sample,2025-04-04T16:31:16.099530,2025-04-04 12:31:16,SHORT,20765.0,1675.0,True,30.02,False
675,FDAX,Fri,12:30,In-Sample,2025-04-04T16:31:16.099815,2025-04-04 12:31:16,SHORT,20765.0,1100.0,True,30.02,False
675,FDAX,Fri,12:30,In-Sample,2025-04-04T16:31:16.099815,2025-04-04 12:31:16,SHORT,20765.0,2175.0,True,30.02,False
675,FDAX,Fri,12:30,In-Sample,2025-04-04T16:31:16.099815,2025-04-04 12:31:16,SHORT,20765.0,1675.0,True,30.02,False
675,FDAX,Fri,12:30,In-Sample,2025-04-04T16:31:22.924535,2025-04-04 12:31:22,SHORT,20759.0,500.0,True,30.02,False
675,FDAX,Fri,12:30,In-Sample,2025-04-04T16:31:22.924535,2025-04-04 12:31:22,SHORT,20759.0,1500.0,True,30.02,False
675,FDAX,Fri,12:30,In-Sample,2025-04-04T16:31:22.924535,2025-04-04 12:31:22,SHORT,20759.0,1825.0,True,30.02,False
675,FDAX,Fri,12:30,In-Sample,2025-04-04T16:31:54.407770,2025-04-04 12:31:54,SHORT,20721.0,1000.0,True,30.02,False
675,FDAX,Fri,12:30,In-Sample,2025-04-04T16:31:54.407770,2025-04-04 12:31:54,SHORT,20721.0,825.0,True,30.02,False
675,FDAX,Fri,12:30,In-Sample,2025-04-04T16:31:54.480731,2025-04-04 12:31:54,SHORT,20721.0,1000.0,True,30.02,False
675,FDAX,Fri,12:30,In-Sample,2025-04-04T16:31:54.480731,2025-04-04 12:31:54,SHORT,20721.0,825.0,True,30.02,False
675,FDAX,Fri,12:30,In-Sample,2025-04-04T16:31:57.281695,2025-04-04 12:31:57,LONG,20724.0,-1400.0,True,30.02,False
675,FDAX,Fri,12:30,In-Sample,2025-04-04T16:35:41.086986,2025-04-04 12:35:41,SHORT,20697.0,1125.0,True,30.02,False
675,FDAX,Fri,12:30,In-Sample,2025-04-04T16:35:41.086986,2025-04-04 12:35:41,SHORT,20697.0,-4850.0,True,30.02,False
675,FDAX,Fri,12:30,In-Sample,2025-04-04T16:35:48.306529,2025-04-04 12:35:48,LONG,20682.0,-350.0,True,30.02,False
675,FDAX,Fri,12:30,In-Sample,2025-04-04T16:36:19.799418,2025-04-04 12:36:19,LONG,20699.0,-775.0,True,30.02,False
675,FDAX,Fri,12:30,In-Sample,2025-04-04T16:36:25.010891,2025-04-04 12:36:25,LONG,20714.0,-1275.0,True,30.02,False
675,FDAX,Fri,12:30,In-Sample,2025-04-04T16:36:45.044303,2025-04-04 12:36:45,LONG,20723.0,-2700.0,True,30.02,False
675,FDAX,Fri,12:30,In-Sample,2025-04-04T16:39:15.646800,2025-04-04 12:39:15,SHORT,20674.0,500.0,True,30.02,False
675,FDAX,Fri,12:30,In-Sample,2025-04-04T16:39:15.646800,2025-04-04 12:39:15,SHORT,20674.0,-850.0,True,30.02,False
675,FDAX,Fri,12:30,In-Sample,2025-04-04T16:42:39.884682,2025-04-04 12:42:39,LONG,20693.0,-1950.0,True,30.02,False
675,FDAX,Fri,12:30,In-Sample,2025-04-04T16:47:27.900623,2025-04-04 12:47:27,LONG,20698.0,-1050.0,True,30.02,False
675,FDAX,Fri,12:30,In-Sample,2025-04-04T16:49:57.424505,2025-04-04 12:49:57,LONG,20652.0,2475.0,True,30.02,False
675,FDAX,Fri,12:30,In-Sample,2025-04-04T16:49:57.500129,2025-04-04 12:49:57,LONG,20652.0,2475.0,True,30.02,False
675,FDAX,Fri,12:30,In-Sample,2025-04-04T16:51:03.639554,2025-04-04 12:51:03,LONG,20704.0,1175.0,True,30.02,False
675,FDAX,Fri,12:30,In-Sample,2025-04-04T16:51:03.639554,2025-04-04 12:51:03,LONG,20704.0,225.0,True,30.02,False
675,FDAX,Fri,12:30,In-Sample,2025-04-04T16:51:03.767193,2025-04-04 12:51:03,LONG,20704.0,-2200.0,True,30.02,False
675,FDAX,Fri,12:30,In-Sample,2025-04-04T16:51:03.767285,2025-04-04 12:51:03,LONG,20704.0,-4800.0,True,30.02,False
675,FDAX,Fri,12:30,In-Sample,2025-04-04T16:51:03.767387,2025-04-04 12:51:03,LONG,20704.0,1175.0,True,30.02,False
675,FDAX,Fri,12:30,In-Sample,2025-04-04T16:51:03.767387,2025-04-04 12:51:03,LONG,20704.0,750.0,True,30.02,False
675,FDAX,Fri,12:30,In-Sample,2025-04-04T16:51:03.767477,2025-04-04 12:51:03,LONG,20704.0,1175.0,True,30.02,False
675,FDAX,Fri,12:30,In-Sample,2025-04-04T16:51:03.767477,2025-04-04 12:51:03,LONG,20704.0,750.0,True,30.02,False
675,FDAX,Fri,12:30,In-Sample,2025-04-04T16:51:03.767564,2025-04-04 12:51:03,LONG,20704.0,-2200.0,True,30.02,False
675,FDAX,Fri,12:30,In-Sample,2025-04-04T16:51:03.767615,2025-04-04 12:51:03,LONG,20704.0,-4800.0,True,30.02,False
675,FDAX,Fri,12:30,In-Sample,2025-04-04T16:51:49.791055,2025-04-04 12:51:49,LONG,20731.0,-1425.0,True,30.02,False
675,FDAX,Fri,12:30,In-Sample,2025-04-04T16:54:26.786884,2025-04-04 12:54:26,SHORT,20740.0,-1800.0,True,30.02,False
675,FDAX,Fri,12:30,In-Sample,2025-04-04T16:54:56.783893,2025-04-04 12:54:56,SHORT,20735.0,-2775.0,True,30.02,False
675,FDAX,Fri,12:30,In-Sample,2025-04-04T16:56:38.109891,2025-04-04 12:56:38,LONG,20764.0,-2475.0,True,30.02,False
675,FDAX,Fri,12:30,In-Sample,2025-04-04T16:59:05.981359,2025-04-04 12:59:05,SHORT,20713.0,1225.0,True,30.02,False
675,FDAX,Fri,12:30,In-Sample,2025-04-04T16:59:05.981359,2025-04-04 12:59:05,SHORT,20713.0,850.0,True,30.02,False
675,FDAX,Fri,12:30,In-Sample,2025-04-11T16:37:50.887999,2025-04-11 12:37:50,SHORT,20735.0,500.0,True,40.72,False
675,FDAX,Fri,12:30,In-Sample,2025-04-11T16:37:50.887999,2025-04-11 12:37:50,SHORT,20735.0,875.0,True,40.72,False
675,FDAX,Fri,12:30,In-Sample,2025-04-11T16:37:50.887999,2025-04-11 12:37:50,SHORT,20735.0,975.0,True,40.72,False
675,FDAX,Fri,12:30,In-Sample,2025-04-11T16:39:25.938817,2025-04-11 12:39:25,SHORT,20721.0,1075.0,True,40.72,False
675,FDAX,Fri,12:30,In-Sample,2025-04-11T16:39:25.938817,2025-04-11 12:39:25,SHORT,20721.0,-2100.0,True,40.72,False
675,FDAX,Fri,12:30,In-Sample,2025-04-11T16:39:26.031708,2025-04-11 12:39:26,SHORT,20721.0,525.0,True,40.72,False
675,FDAX,Fri,12:30,In-Sample,2025-04-11T16:39:26.031708,2025-04-11 12:39:26,SHORT,20721.0,1250.0,True,40.72,False
675,FDAX,Fri,12:30,In-Sample,2025-04-11T16:39:50.691818,2025-04-11 12:39:50,SHORT,20714.0,-3150.0,True,40.72,False
675,FDAX,Fri,12:30,In-Sample,2025-04-11T16:39:50.755556,2025-04-11 12:39:50,SHORT,20714.0,-3150.0,True,40.72,False
675,FDAX,Fri,12:30,In-Sample,2025-04-11T16:39:50.755676,2025-04-11 12:39:50,SHORT,20714.0,-2100.0,True,40.72,False
675,FDAX,Fri,12:30,In-Sample,2025-04-11T16:42:52.228910,2025-04-11 12:42:52,LONG,20696.0,500.0,True,40.72,False
675,FDAX,Fri,12:30,In-Sample,2025-04-11T16:42:52.228910,2025-04-11 12:42:52,LONG,20696.0,1500.0,True,40.72,False
675,FDAX,Fri,12:30,In-Sample,2025-04-11T16:42:52.228910,2025-04-11 12:42:52,LONG,20696.0,1700.0,True,40.72,False
675,FDAX,Fri,12:30,In-Sample,2025-04-11T16:46:25.676780,2025-04-11 12:46:25,LONG,20756.0,1325.0,True,40.72,False
675,FDAX,Fri,12:30,In-Sample,2025-04-11T16:46:25.676780,2025-04-11 12:46:25,LONG,20756.0,1600.0,True,40.72,False
675,FDAX,Fri,12:30,In-Sample,2025-04-11T16:46:25.804189,2025-04-11 12:46:25,LONG,20756.0,1325.0,True,40.72,False
675,FDAX,Fri,12:30,In-Sample,2025-04-11T16:46:25.804189,2025-04-11 12:46:25,LONG,20756.0,1600.0,True,40.72,False
675,FDAX,Fri,12:30,In-Sample,2025-04-11T16:46:25.804382,2025-04-11 12:46:25,LONG,20756.0,1325.0,True,40.72,False
675,FDAX,Fri,12:30,In-Sample,2025-04-11T16:46:25.804382,2025-04-11 12:46:25,LONG,20756.0,750.0,True,40.72,False
675,FDAX,Fri,12:30,In-Sample,2025-04-11T16:53:15.882842,2025-04-11 12:53:15,SHORT,20803.0,-2100.0,True,40.72,False
675,FDAX,Fri,12:30,In-Sample,2025-04-11T16:54:49.331128,2025-04-11 12:54:49,SHORT,20792.0,-750.0,True,40.72,False
675,FDAX,Fri,12:30,In-Sample,2025-04-11T16:57:21.426449,2025-04-11 12:57:21,LONG,20818.0,375.0,True,40.72,False
675,FDAX,Fri,12:30,In-Sample,2025-04-11T16:57:21.426449,2025-04-11 12:57:21,LONG,20818.0,50.0,True,40.72,False
675,FDAX,Fri,12:30,In-Sample,2025-04-25T16:45:04.427589,2025-04-25 12:45:04,SHORT,22461.0,-1125.0,True,26.47,False
675,FDAX,Fri,12:30,In-Sample,2025-04-25T16:45:04.427725,2025-04-25 12:45:04,SHORT,22461.0,-1125.0,True,26.47,False
675,FDAX,Fri,12:30,In-Sample,2025-04-25T16:45:04.427781,2025-04-25 12:45:04,SHORT,22461.0,-1125.0,True,26.47,False
675,FDAX,Fri,12:30,In-Sample,2025-04-25T16:45:04.520906,2025-04-25 12:45:04,SHORT,22461.0,-1125.0,True,26.47,False
675,FDAX,Fri,12:30,In-Sample,2025-04-25T16:45:04.520993,2025-04-25 12:45:04,SHORT,22461.0,-750.0,True,26.47,False
675,FDAX,Fri,12:30,In-Sample,2025-04-25T16:45:04.521038,2025-04-25 12:45:04,SHORT,22461.0,-750.0,True,26.47,False
675,FDAX,Fri,12:30,In-Sample,2025-04-25T16:45:46.467346,2025-04-25 12:45:46,SHORT,22456.0,-500.0,True,26.47,False
675,FDAX,Fri,12:30,In-Sample,2025-04-25T16:45:46.467346,2025-04-25 12:45:46,SHORT,22456.0,-550.0,True,26.47,False
675,FDAX,Fri,12:30,In-Sample,2025-04-25T16:45:46.467453,2025-04-25 12:45:46,SHORT,22456.0,-1500.0,True,26.47,False
675,FDAX,Fri,12:30,In-Sample,2025-04-25T16:45:46.467527,2025-04-25 12:45:46,SHORT,22456.0,-1500.0,True,26.47,False
675,FDAX,Fri,12:30,In-Sample,2025-04-25T16:45:46.593202,2025-04-25 12:45:46,SHORT,22456.0,-1500.0,True,26.47,False
675,FDAX,Fri,12:30,In-Sample,2025-04-25T16:59:45.330912,2025-04-25 12:59:45,SHORT,22476.0,500.0,True,26.47,False
675,FDAX,Fri,12:30,In-Sample,2025-04-25T16:59:45.330912,2025-04-25 12:59:45,SHORT,22476.0,800.0,True,26.47,False
675,FDAX,Fri,12:30,In-Sample,2025-05-02T16:43:41.636617,2025-05-02 12:43:41,SHORT,23244.0,-1575.0,True,24.6,False
675,FDAX,Fri,12:30,In-Sample,2025-05-09T16:48:29.705085,2025-05-09 12:48:29,SHORT,23568.0,-750.0,True,22.48,False
675,FDAX,Fri,12:30,In-Sample,2025-05-09T16:48:30.863179,2025-05-09 12:48:30,SHORT,23568.0,375.0,True,22.48,False
675,FDAX,Fri,12:30,In-Sample,2025-05-16T16:32:08.322085,2025-05-16 12:32:08,LONG,23859.0,375.0,True,17.83,True
675,FDAX,Fri,12:30,In-Sample,2025-05-16T16:32:08.322085,2025-05-16 12:32:08,LONG,23859.0,700.0,True,17.83,True
675,FDAX,Fri,12:30,In-Sample,2025-05-16T16:59:34.142073,2025-05-16 12:59:34,SHORT,23853.0,-1200.0,True,17.83,True
675,FDAX,Fri,12:30,In-Sample,2025-05-16T16:59:34.211074,2025-05-16 12:59:34,SHORT,23853.0,-400.0,True,17.83,True
675,FDAX,Fri,12:30,In-Sample,2025-05-16T16:59:34.211074,2025-05-16 12:59:34,SHORT,23853.0,-575.0,True,17.83,True
675,FDAX,Fri,12:30,In-Sample,2025-05-16T16:59:34.211164,2025-05-16 12:59:34,SHORT,23853.0,-1200.0,True,17.83,True
675,FDAX,Fri,12:30,In-Sample,2025-05-23T16:35:20.420496,2025-05-23 12:35:20,LONG,23637.0,500.0,True,20.28,False
675,FDAX,Fri,12:30,In-Sample,2025-05-23T16:35:20.420496,2025-05-23 12:35:20,LONG,23637.0,500.0,True,20.28,False
675,FDAX,Fri,12:30,In-Sample,2025-05-23T16:42:02.029985,2025-05-23 12:42:02,LONG,23657.0,-725.0,True,20.28,False
675,FDAX,Fri,12:30,In-Sample,2025-05-23T16:42:02.029985,2025-05-23 12:42:02,LONG,23657.0,175.0,True,20.28,False
675,FDAX,Fri,12:30,In-Sample,2025-05-23T16:42:02.116186,2025-05-23 12:42:02,LONG,23657.0,-2325.0,True,20.28,False
675,FDAX,Fri,12:30,In-Sample,2025-05-23T16:42:02.241231,2025-05-23 12:42:02,LONG,23657.0,-2325.0,True,20.28,False
675,FDAX,Fri,12:30,In-Sample,2025-05-23T16:47:10.713988,2025-05-23 12:47:10,SHORT,23623.0,-1275.0,True,20.28,False
675,FDAX,Fri,12:30,In-Sample,2025-05-23T16:49:48.662537,2025-05-23 12:49:48,LONG,23629.0,1450.0,True,20.28,False
675,FDAX,Fri,12:30,In-Sample,2025-05-23T16:49:48.749992,2025-05-23 12:49:48,LONG,23629.0,1450.0,True,20.28,False
675,FDAX,Fri,12:30,In-Sample,2025-05-23T16:49:48.881500,2025-05-23 12:49:48,LONG,23629.0,525.0,True,20.28,False
675,FDAX,Fri,12:30,In-Sample,2025-05-23T16:49:48.881500,2025-05-23 12:49:48,LONG,23629.0,275.0,True,20.28,False
675,FDAX,Fri,12:30,In-Sample,2025-05-23T16:49:48.881602,2025-05-23 12:49:48,LONG,23629.0,525.0,True,20.28,False
675,FDAX,Fri,12:30,In-Sample,2025-05-23T16:49:48.881602,2025-05-23 12:49:48,LONG,23629.0,275.0,True,20.28,False
675,FDAX,Fri,12:30,In-Sample,2025-05-23T16:50:01.170474,2025-05-23 12:50:01,LONG,23632.0,500.0,True,20.28,False
675,FDAX,Fri,12:30,In-Sample,2025-05-23T16:50:01.170474,2025-05-23 12:50:01,LONG,23632.0,100.0,True,20.28,False
675,FDAX,Fri,12:30,In-Sample,2025-05-23T16:51:18.699983,2025-05-23 12:51:18,LONG,23637.0,-225.0,True,20.28,False
675,FDAX,Fri,12:30,In-Sample,2025-06-27T16:49:28.724526,2025-06-27 12:49:28,SHORT,24207.0,325.0,True,16.59,True
675,FDAX,Fri,12:30,In-Sample,2025-06-27T16:49:28.724526,2025-06-27 12:49:28,SHORT,24207.0,300.0,True,16.59,True
675,FDAX,Fri,12:30,In-Sample,2025-06-27T16:50:27.757277,2025-06-27 12:50:27,SHORT,24201.0,400.0,True,16.59,True
675,FDAX,Fri,12:30,In-Sample,2025-06-27T16:50:27.757277,2025-06-27 12:50:27,SHORT,24201.0,800.0,True,16.59,True
675,FDAX,Fri,12:30,In-Sample,2025-06-27T16:50:27.757277,2025-06-27 12:50:27,SHORT,24201.0,975.0,True,16.59,True
675,FDAX,Fri,12:30,In-Sample,2025-06-27T16:50:27.845317,2025-06-27 12:50:27,SHORT,24201.0,400.0,True,16.59,True
675,FDAX,Fri,12:30,In-Sample,2025-06-27T16:50:27.845317,2025-06-27 12:50:27,SHORT,24201.0,800.0,True,16.59,True
675,FDAX,Fri,12:30,In-Sample,2025-06-27T16:50:27.845317,2025-06-27 12:50:27,SHORT,24201.0,975.0,True,16.59,True
675,FDAX,Fri,12:30,In-Sample,2025-06-27T16:50:27.845476,2025-06-27 12:50:27,SHORT,24201.0,400.0,True,16.59,True
675,FDAX,Fri,12:30,In-Sample,2025-06-27T16:50:27.845476,2025-06-27 12:50:27,SHORT,24201.0,800.0,True,16.59,True
675,FDAX,Fri,12:30,In-Sample,2025-06-27T16:50:27.845476,2025-06-27 12:50:27,SHORT,24201.0,975.0,True,16.59,True
675,FDAX,Fri,12:30,In-Sample,2025-06-27T16:50:27.973290,2025-06-27 12:50:27,SHORT,24201.0,400.0,True,16.59,True
675,FDAX,Fri,12:30,In-Sample,2025-06-27T16:50:27.973290,2025-06-27 12:50:27,SHORT,24201.0,1200.0,True,16.59,True
675,FDAX,Fri,12:30,In-Sample,2025-06-27T16:51:35.240559,2025-06-27 12:51:35,SHORT,24196.0,1050.0,True,16.59,True
675,FDAX,Fri,12:30,Out-of-Sample,2025-07-11T16:31:30.721708,2025-07-11 12:31:30,LONG,24310.0,450.0,True,15.78,True
675,FDAX,Fri,12:30,Out-of-Sample,2025-07-11T16:31:30.721708,2025-07-11 12:31:30,LONG,24310.0,475.0,True,15.78,True
675,FDAX,Fri,12:30,Out-of-Sample,2025-07-11T16:31:30.811890,2025-07-11 12:31:30,LONG,24310.0,450.0,True,15.78,True
675,FDAX,Fri,12:30,Out-of-Sample,2025-07-11T16:31:30.811970,2025-07-11 12:31:30,LONG,24310.0,450.0,True,15.78,True
675,FDAX,Fri,12:30,Out-of-Sample,2025-07-11T16:31:30.953339,2025-07-11 12:31:30,LONG,24310.0,450.0,True,15.78,True
675,FDAX,Fri,12:30,Out-of-Sample,2025-07-11T16:31:30.953339,2025-07-11 12:31:30,LONG,24310.0,475.0,True,15.78,True
675,FDAX,Fri,12:30,Out-of-Sample,2025-07-11T16:37:58.904848,2025-07-11 12:37:58,LONG,24313.0,400.0,True,15.78,True
675,FDAX,Fri,12:30,Out-of-Sample,2025-07-11T16:37:58.904848,2025-07-11 12:37:58,LONG,24313.0,600.0,True,15.78,True
675,FDAX,Fri,12:30,Out-of-Sample,2025-07-11T16:37:58.997188,2025-07-11 12:37:58,LONG,24313.0,400.0,True,15.78,True
675,FDAX,Fri,12:30,Out-of-Sample,2025-07-11T16:37:58.997188,2025-07-11 12:37:58,LONG,24313.0,450.0,True,15.78,True
675,FDAX,Fri,12:30,Out-of-Sample,2025-07-11T16:37:58.997257,2025-07-11 12:37:58,LONG,24313.0,400.0,True,15.78,True
675,FDAX,Fri,12:30,Out-of-Sample,2025-07-11T16:37:58.997257,2025-07-11 12:37:58,LONG,24313.0,600.0,True,15.78,True
675,FDAX,Fri,12:30,Out-of-Sample,2025-07-18T16:35:57.883902,2025-07-18 12:35:57,SHORT,24390.0,2475.0,True,16.52,True
675,FDAX,Fri,12:30,Out-of-Sample,2025-07-18T16:35:57.883902,2025-07-18 12:35:57,SHORT,24390.0,4950.0,True,16.52,True
675,FDAX,Fri,12:30,Out-of-Sample,2025-07-18T16:36:05.679515,2025-07-18 12:36:05,SHORT,24381.0,4725.0,True,16.52,True
675,FDAX,Fri,12:30,Out-of-Sample,2025-07-18T16:36:05.679588,2025-07-18 12:36:05,SHORT,24381.0,4725.0,True,16.52,True
675,FDAX,Fri,12:30,Out-of-Sample,2025-07-18T16:36:05.679661,2025-07-18 12:36:05,SHORT,24381.0,1475.0,True,16.52,True
675,FDAX,Fri,12:30,Out-of-Sample,2025-07-18T16:36:05.679661,2025-07-18 12:36:05,SHORT,24381.0,1575.0,True,16.52,True
675,FDAX,Fri,12:30,Out-of-Sample,2025-07-18T16:36:21.339258,2025-07-18 12:36:21,SHORT,24367.0,425.0,True,16.52,True
675,FDAX,Fri,12:30,Out-of-Sample,2025-07-18T16:36:21.339258,2025-07-18 12:36:21,SHORT,24367.0,175.0,True,16.52,True
675,FDAX,Fri,12:30,Out-of-Sample,2025-07-18T16:36:21.465782,2025-07-18 12:36:21,SHORT,24367.0,425.0,True,16.52,True
675,FDAX,Fri,12:30,Out-of-Sample,2025-07-18T16:36:21.465782,2025-07-18 12:36:21,SHORT,24367.0,175.0,True,16.52,True
675,FDAX,Fri,12:30,Out-of-Sample,2025-07-18T16:36:53.321930,2025-07-18 12:36:53,SHORT,24350.0,475.0,True,16.52,True
675,FDAX,Fri,12:30,Out-of-Sample,2025-07-18T16:36:53.321930,2025-07-18 12:36:53,SHORT,24350.0,975.0,True,16.52,True
675,FDAX,Fri,12:30,Out-of-Sample,2025-07-18T16:36:53.321930,2025-07-18 12:36:53,SHORT,24350.0,1050.0,True,16.52,True
675,FDAX,Fri,12:30,Out-of-Sample,2025-07-18T16:37:06.910196,2025-07-18 12:37:06,LONG,24349.0,-500.0,True,16.52,True
675,FDAX,Fri,12:30,Out-of-Sample,2025-07-18T16:37:16.068079,2025-07-18 12:37:16,LONG,24364.0,-1750.0,True,16.52,True
675,FDAX,Fri,12:30,Out-of-Sample,2025-07-18T16:37:18.410241,2025-07-18 12:37:18,SHORT,24356.0,1625.0,True,16.52,True
675,FDAX,Fri,12:30,Out-of-Sample,2025-07-18T16:40:58.028370,2025-07-18 12:40:58,LONG,24336.0,-2325.0,True,16.52,True
675,FDAX,Fri,12:30,Out-of-Sample,2025-07-18T16:42:02.823545,2025-07-18 12:42:02,SHORT,24324.0,3525.0,True,16.52,True
675,FDAX,Fri,12:30,Out-of-Sample,2025-07-18T16:49:42.400072,2025-07-18 12:49:42,LONG,24318.0,-575.0,True,16.52,True
675,FDAX,Fri,12:30,Out-of-Sample,2025-08-01T16:52:41.265779,2025-08-01 12:52:41,SHORT,23537.0,525.0,True,16.72,True
675,FDAX,Fri,12:30,Out-of-Sample,2025-08-15T16:41:03.213034,2025-08-15 12:41:03,LONG,24397.0,500.0,True,14.83,True
675,FDAX,Fri,12:30,Out-of-Sample,2025-08-15T16:41:03.213034,2025-08-15 12:41:03,LONG,24397.0,600.0,True,14.83,True
675,FDAX,Fri,12:30,Out-of-Sample,2025-08-15T16:57:30.772504,2025-08-15 12:57:30,LONG,24404.0,475.0,True,14.83,True
675,FDAX,Fri,12:30,Out-of-Sample,2025-08-15T16:57:30.772504,2025-08-15 12:57:30,LONG,24404.0,500.0,True,14.83,True
675,FDAX,Fri,12:30,Out-of-Sample,2025-08-15T16:57:30.834336,2025-08-15 12:57:30,LONG,24404.0,475.0,True,14.83,True
675,FDAX,Fri,12:30,Out-of-Sample,2025-08-15T16:57:30.834336,2025-08-15 12:57:30,LONG,24404.0,150.0,True,14.83,True
675,FDAX,Fri,12:30,Out-of-Sample,2025-08-15T16:57:30.834443,2025-08-15 12:57:30,LONG,24404.0,475.0,True,14.83,True
675,FDAX,Fri,12:30,Out-of-Sample,2025-08-15T16:57:30.834443,2025-08-15 12:57:30,LONG,24404.0,150.0,True,14.83,True
675,FDAX,Fri,12:30,Out-of-Sample,2025-08-22T16:30:24.800680,2025-08-22 12:30:24,SHORT,24395.0,-825.0,True,16.6,True
675,FDAX,Fri,12:30,Out-of-Sample,2025-08-22T16:46:41.733137,2025-08-22 12:46:41,LONG,24400.0,-1275.0,True,16.6,True
675,FDAX,Fri,12:30,Out-of-Sample,2025-08-29T16:33:39.417808,2025-08-29 12:33:39,SHORT,23971.0,-825.0,True,14.43,True
675,FDAX,Fri,12:30,Out-of-Sample,2025-08-29T16:49:45.808450,2025-08-29 12:49:45,LONG,23981.0,300.0,True,14.43,True
675,FDAX,Fri,12:30,Out-of-Sample,2025-08-29T16:49:45.808450,2025-08-29 12:49:45,LONG,23981.0,400.0,True,14.43,True
675,FDAX,Fri,12:30,Out-of-Sample,2025-09-05T16:30:37.317661,2025-09-05 12:30:37,LONG,23642.0,450.0,True,15.3,True
675,FDAX,Fri,12:30,Out-of-Sample,2025-09-05T16:30:37.317661,2025-09-05 12:30:37,LONG,23642.0,950.0,True,15.3,True
675,FDAX,Fri,12:30,Out-of-Sample,2025-09-05T16:30:37.317661,2025-09-05 12:30:37,LONG,23642.0,900.0,True,15.3,True
675,FDAX,Fri,12:30,Out-of-Sample,2025-09-05T16:30:37.404729,2025-09-05 12:30:37,LONG,23642.0,450.0,True,15.3,True
675,FDAX,Fri,12:30,Out-of-Sample,2025-09-05T16:30:37.404729,2025-09-05 12:30:37,LONG,23642.0,300.0,True,15.3,True
675,FDAX,Fri,12:30,Out-of-Sample,2025-09-05T16:30:37.404816,2025-09-05 12:30:37,LONG,23642.0,450.0,True,15.3,True
675,FDAX,Fri,12:30,Out-of-Sample,2025-09-05T16:30:37.404816,2025-09-05 12:30:37,LONG,23642.0,300.0,True,15.3,True
675,FDAX,Fri,12:30,Out-of-Sample,2025-09-05T16:30:37.529630,2025-09-05 12:30:37,LONG,23642.0,450.0,True,15.3,True
675,FDAX,Fri,12:30,Out-of-Sample,2025-09-05T16:30:37.529630,2025-09-05 12:30:37,LONG,23642.0,950.0,True,15.3,True
675,FDAX,Fri,12:30,Out-of-Sample,2025-09-05T16:30:37.529630,2025-09-05 12:30:37,LONG,23642.0,900.0,True,15.3,True
675,FDAX,Fri,12:30,Out-of-Sample,2025-09-05T16:30:38.892055,2025-09-05 12:30:38,LONG,23642.0,1600.0,True,15.3,True
675,FDAX,Fri,12:30,Out-of-Sample,2025-09-05T16:30:38.892171,2025-09-05 12:30:38,LONG,23642.0,1600.0,True,15.3,True
675,FDAX,Fri,12:30,Out-of-Sample,2025-09-05T16:33:03.375053,2025-09-05 12:33:03,SHORT,23627.0,-2475.0,True,15.3,True
675,FDAX,Fri,12:30,Out-of-Sample,2025-09-05T16:36:45.955168,2025-09-05 12:36:45,SHORT,23624.0,-3900.0,True,15.3,True
675,FDAX,Fri,12:30,Out-of-Sample,2025-09-05T16:36:47.537153,2025-09-05 12:36:47,SHORT,23624.0,-3750.0,True,15.3,True
675,FDAX,Fri,12:30,Out-of-Sample,2025-09-05T16:46:09.278153,2025-09-05 12:46:09,SHORT,23613.0,-4875.0,True,15.3,True
675,FDAX,Fri,12:30,Out-of-Sample,2025-09-05T16:46:09.346022,2025-09-05 12:46:09,SHORT,23613.0,-3100.0,True,15.3,True
675,FDAX,Fri,12:30,Out-of-Sample,2025-09-05T16:46:09.346173,2025-09-05 12:46:09,SHORT,23613.0,-4875.0,True,15.3,True
675,FDAX,Fri,12:30,Out-of-Sample,2025-09-05T16:46:09.503983,2025-09-05 12:46:09,SHORT,23613.0,-1550.0,True,15.3,True
675,FDAX,Fri,12:30,Out-of-Sample,2025-09-05T16:46:09.503983,2025-09-05 12:46:09,SHORT,23613.0,-1625.0,True,15.3,True
675,FDAX,Fri,12:30,Out-of-Sample,2025-09-05T16:46:10.882500,2025-09-05 12:46:10,SHORT,23613.0,-4650.0,True,15.3,True
675,FDAX,Fri,12:30,Out-of-Sample,2025-09-05T16:46:10.884419,2025-09-05 12:46:10,SHORT,23613.0,-3100.0,True,15.3,True
675,FDAX,Fri,12:30,Out-of-Sample,2025-09-05T16:46:10.909592,2025-09-05 12:46:10,SHORT,23613.0,-4650.0,True,15.3,True
675,FDAX,Fri,12:30,Out-of-Sample,2025-09-05T16:46:10.998381,2025-09-05 12:46:10,SHORT,23613.0,-3250.0,True,15.3,True
675,FDAX,Fri,12:30,Out-of-Sample,2025-09-05T16:46:10.998381,2025-09-05 12:46:10,SHORT,23613.0,-1550.0,True,15.3,True
675,FDAX,Fri,12:30,Out-of-Sample,2025-09-12T16:51:49.940057,2025-09-12 12:51:49,LONG,23733.0,-300.0,True,14.71,True
675,FDAX,Fri,12:30,Out-of-Sample,2025-10-10T16:32:41.520575,2025-10-10 12:32:41,SHORT,24374.0,-2400.0,True,16.43,True
675,FDAX,Fri,12:30,Out-of-Sample,2025-10-10T16:36:41.228735,2025-10-10 12:36:41,LONG,24396.0,500.0,True,16.43,True
675,FDAX,Fri,12:30,Out-of-Sample,2025-10-10T16:36:41.228735,2025-10-10 12:36:41,LONG,24396.0,-100.0,True,16.43,True
675,FDAX,Fri,12:30,Out-of-Sample,2025-10-10T16:36:41.296824,2025-10-10 12:36:41,LONG,24396.0,-2175.0,True,16.43,True
675,FDAX,Fri,12:30,Out-of-Sample,2025-10-10T16:45:35.383346,2025-10-10 12:45:35,LONG,24423.0,-1425.0,True,16.43,True
675,FDAX,Fri,12:30,Out-of-Sample,2025-10-10T16:45:35.469342,2025-10-10 12:45:35,LONG,24423.0,-1425.0,True,16.43,True
675,FDAX,Fri,12:30,Out-of-Sample,2025-10-10T16:45:35.469465,2025-10-10 12:45:35,LONG,24423.0,-950.0,True,16.43,True
675,FDAX,Fri,12:30,Out-of-Sample,2025-10-10T16:49:43.459752,2025-10-10 12:49:43,SHORT,24421.0,500.0,True,16.43,True
675,FDAX,Fri,12:30,Out-of-Sample,2025-10-10T16:49:43.459752,2025-10-10 12:49:43,SHORT,24421.0,350.0,True,16.43,True
675,FDAX,Fri,12:30,Out-of-Sample,2025-10-10T16:50:14.501998,2025-10-10 12:50:14,SHORT,24416.0,500.0,True,16.43,True
675,FDAX,Fri,12:30,Out-of-Sample,2025-10-10T16:50:14.501998,2025-10-10 12:50:14,SHORT,24416.0,1500.0,True,16.43,True
675,FDAX,Fri,12:30,Out-of-Sample,2025-10-10T16:50:14.501998,2025-10-10 12:50:14,SHORT,24416.0,1350.0,True,16.43,True
675,FDAX,Fri,12:30,Out-of-Sample,2025-10-10T16:57:54.101057,2025-10-10 12:57:54,SHORT,24404.0,825.0,True,16.43,True
675,FDAX,Fri,12:30,Out-of-Sample,2025-10-10T16:57:54.101057,2025-10-10 12:57:54,SHORT,24404.0,1600.0,True,16.43,True
675,FDAX,Fri,12:30,Out-of-Sample,2025-10-10T16:57:54.291568,2025-10-10 12:57:54,SHORT,24404.0,825.0,True,16.43,True
675,FDAX,Fri,12:30,Out-of-Sample,2025-10-10T16:57:54.291568,2025-10-10 12:57:54,SHORT,24404.0,1600.0,True,16.43,True
675,FDAX,Fri,12:30,Out-of-Sample,2025-10-10T16:57:54.291818,2025-10-10 12:57:54,SHORT,24404.0,825.0,True,16.43,True
675,FDAX,Fri,12:30,Out-of-Sample,2025-10-10T16:57:54.291818,2025-10-10 12:57:54,SHORT,24404.0,1600.0,True,16.43,True
675,FDAX,Fri,12:30,Out-of-Sample,2025-10-10T16:57:54.291985,2025-10-10 12:57:54,SHORT,24404.0,825.0,True,16.43,True
675,FDAX,Fri,12:30,Out-of-Sample,2025-10-10T16:57:54.291985,2025-10-10 12:57:54,SHORT,24404.0,575.0,True,16.43,True
675,FDAX,Fri,12:30,Out-of-Sample,2025-10-17T16:30:33.145931,2025-10-17 12:30:33,LONG,24025.0,4275.0,True,25.31,False
675,FDAX,Fri,12:30,Out-of-Sample,2025-10-17T16:37:48.997088,2025-10-17 12:37:48,SHORT,24003.0,475.0,True,25.31,False
675,FDAX,Fri,12:30,Out-of-Sample,2025-10-17T16:37:48.997088,2025-10-17 12:37:48,SHORT,24003.0,-400.0,True,25.31,False
675,FDAX,Fri,12:30,Out-of-Sample,2025-10-31T16:35:01.176812,2025-10-31 12:35:01,SHORT,24014.0,-650.0,True,16.91,True
675,FDAX,Fri,12:30,Out-of-Sample,2025-10-31T16:35:01.176929,2025-10-31 12:35:01,SHORT,24014.0,-975.0,True,16.91,True
675,FDAX,Fri,12:30,Out-of-Sample,2025-10-31T16:35:01.177026,2025-10-31 12:35:01,SHORT,24014.0,-975.0,True,16.91,True
675,FDAX,Fri,12:30,Out-of-Sample,2025-10-31T16:35:01.177115,2025-10-31 12:35:01,SHORT,24014.0,-100.0,True,16.91,True
675,FDAX,Fri,12:30,Out-of-Sample,2025-10-31T16:35:01.177115,2025-10-31 12:35:01,SHORT,24014.0,-50.0,True,16.91,True
675,FDAX,Fri,12:30,Out-of-Sample,2025-10-31T16:35:03.172966,2025-10-31 12:35:03,SHORT,24014.0,-100.0,True,16.91,True
675,FDAX,Fri,12:30,Out-of-Sample,2025-10-31T16:35:04.773731,2025-10-31 12:35:04,SHORT,24014.0,750.0,True,16.91,True
675,FDAX,Fri,12:30,Out-of-Sample,2025-10-31T16:39:22.360051,2025-10-31 12:39:22,LONG,24022.0,500.0,True,16.91,True
675,FDAX,Fri,12:30,Out-of-Sample,2025-10-31T16:39:22.360051,2025-10-31 12:39:22,LONG,24022.0,-600.0,True,16.91,True
675,FDAX,Fri,12:30,Out-of-Sample,2025-10-31T16:40:00.927324,2025-10-31 12:40:00,LONG,24027.0,500.0,True,16.91,True
675,FDAX,Fri,12:30,Out-of-Sample,2025-10-31T16:40:00.927324,2025-10-31 12:40:00,LONG,24027.0,-425.0,True,16.91,True
675,FDAX,Fri,12:30,Out-of-Sample,2025-10-31T16:40:00.939506,2025-10-31 12:40:00,LONG,24027.0,500.0,True,16.91,True
675,FDAX,Fri,12:30,Out-of-Sample,2025-10-31T16:40:00.939506,2025-10-31 12:40:00,LONG,24027.0,700.0,True,16.91,True
675,FDAX,Fri,12:30,Out-of-Sample,2025-10-31T16:40:00.942299,2025-10-31 12:40:00,LONG,24027.0,500.0,True,16.91,True
675,FDAX,Fri,12:30,Out-of-Sample,2025-10-31T16:40:00.942299,2025-10-31 12:40:00,LONG,24027.0,700.0,True,16.91,True
675,FDAX,Fri,12:30,Out-of-Sample,2025-10-31T16:44:45.504717,2025-10-31 12:44:45,SHORT,24038.0,975.0,True,16.91,True
675,FDAX,Fri,12:30,Out-of-Sample,2025-10-31T16:44:56.288809,2025-10-31 12:44:56,SHORT,24033.0,1700.0,True,16.91,True
675,FDAX,Fri,12:30,Out-of-Sample,2025-10-31T16:45:53.934516,2025-10-31 12:45:53,LONG,24043.0,-4125.0,True,16.91,True
675,FDAX,Fri,12:30,Out-of-Sample,2025-10-31T16:45:55.555398,2025-10-31 12:45:55,LONG,24043.0,-4125.0,True,16.91,True
675,FDAX,Fri,12:30,Out-of-Sample,2025-11-21T17:35:20.586493,2025-11-21 12:35:20,SHORT,23266.0,-650.0,True,26.42,False
675,FDAX,Fri,12:30,Out-of-Sample,2025-11-21T17:35:22.352357,2025-11-21 12:35:22,SHORT,23266.0,-650.0,True,26.42,False
675,FDAX,Fri,12:30,Out-of-Sample,2025-11-21T17:35:22.352357,2025-11-21 12:35:22,SHORT,23266.0,450.0,True,26.42,False
675,FDAX,Fri,12:30,Out-of-Sample,2025-11-21T17:35:22.355522,2025-11-21 12:35:22,SHORT,23266.0,-1950.0,True,26.42,False
675,FDAX,Fri,12:30,Out-of-Sample,2025-11-21T17:39:00.393415,2025-11-21 12:39:00,LONG,23292.0,1725.0,True,26.42,False
675,FDAX,Fri,12:30,Out-of-Sample,2025-11-21T17:39:00.393696,2025-11-21 12:39:00,LONG,23292.0,1725.0,True,26.42,False
675,FDAX,Fri,12:30,Out-of-Sample,2025-11-21T17:42:03.115121,2025-11-21 12:42:03,SHORT,23279.0,525.0,True,26.42,False
675,FDAX,Fri,12:30,Out-of-Sample,2025-11-21T17:42:03.115121,2025-11-21 12:42:03,SHORT,23279.0,1150.0,True,26.42,False
675,FDAX,Fri,12:30,Out-of-Sample,2025-11-21T17:42:04.899127,2025-11-21 12:42:04,SHORT,23279.0,-2625.0,True,26.42,False
675,FDAX,Fri,12:30,Out-of-Sample,2025-11-21T17:42:14.619815,2025-11-21 12:42:14,SHORT,23277.0,-3600.0,True,26.42,False
675,FDAX,Fri,12:30,Out-of-Sample,2025-11-21T17:42:16.404745,2025-11-21 12:42:16,SHORT,23277.0,-650.0,True,26.42,False
675,FDAX,Fri,12:30,Out-of-Sample,2025-11-21T17:42:16.404745,2025-11-21 12:42:16,SHORT,23277.0,-1750.0,True,26.42,False
675,FDAX,Fri,12:30,Out-of-Sample,2025-12-12T17:31:28.576695,2025-12-12 12:31:28,SHORT,24253.0,350.0,True,14.85,True
675,FDAX,Fri,12:30,Out-of-Sample,2025-12-12T17:39:03.374527,2025-12-12 12:39:03,SHORT,24255.0,525.0,True,14.85,True
675,FDAX,Fri,12:30,Out-of-Sample,2025-12-12T17:39:03.374527,2025-12-12 12:39:03,SHORT,24255.0,1100.0,True,14.85,True
675,FDAX,Fri,12:30,Out-of-Sample,2025-12-12T17:40:13.664025,2025-12-12 12:40:13,SHORT,24248.0,225.0,True,14.85,True
675,FDAX,Fri,12:30,Out-of-Sample,2025-12-12T17:40:25.064383,2025-12-12 12:40:25,SHORT,24244.0,500.0,True,14.85,True
675,FDAX,Fri,12:30,Out-of-Sample,2025-12-12T17:40:25.064487,2025-12-12 12:40:25,SHORT,24244.0,500.0,True,14.85,True
675,FDAX,Fri,12:30,Out-of-Sample,2025-12-12T17:40:25.064487,2025-12-12 12:40:25,SHORT,24244.0,-550.0,True,14.85,True
675,FDAX,Fri,12:30,Out-of-Sample,2025-12-12T17:41:59.522640,2025-12-12 12:41:59,SHORT,24230.0,-3375.0,True,14.85,True
675,FDAX,Fri,12:30,Out-of-Sample,2025-12-19T17:39:03.645456,2025-12-19 12:39:03,LONG,24495.0,275.0,True,16.87,True
675,FDAX,Fri,12:30,Out-of-Sample,2025-12-19T17:39:03.645456,2025-12-19 12:39:03,LONG,24495.0,450.0,True,16.87,True
675,FDAX,Fri,12:30,Out-of-Sample,2025-12-19T17:50:16.156406,2025-12-19 12:50:16,SHORT,24486.0,-900.0,True,16.87,True
675,FDAX,Fri,12:30,Out-of-Sample,2026-01-02T17:57:30.235988,2026-01-02 12:57:30,LONG,24669.0,-50.0,True,14.95,True
675,FDAX,Fri,12:30,Out-of-Sample,2026-01-02T17:57:30.235988,2026-01-02 12:57:30,LONG,24669.0,850.0,True,14.95,True
675,FDAX,Fri,12:30,Out-of-Sample,2026-01-23T17:33:56.552347,2026-01-23 12:33:56,LONG,25024.0,-475.0,True,15.64,True
675,FDAX,Fri,12:30,Out-of-Sample,2026-01-23T17:39:28.203180,2026-01-23 12:39:28,SHORT,25014.0,500.0,True,15.64,True
675,FDAX,Fri,12:30,Out-of-Sample,2026-01-23T17:39:28.203180,2026-01-23 12:39:28,SHORT,25014.0,1500.0,True,15.64,True
675,FDAX,Fri,12:30,Out-of-Sample,2026-01-23T17:39:28.203180,2026-01-23 12:39:28,SHORT,25014.0,1325.0,True,15.64,True
675,FDAX,Fri,12:30,Out-of-Sample,2026-01-23T17:48:11.223734,2026-01-23 12:48:11,SHORT,25005.0,375.0,True,15.64,True
675,FDAX,Fri,12:30,Out-of-Sample,2026-01-23T17:48:11.223734,2026-01-23 12:48:11,SHORT,25005.0,1150.0,True,15.64,True
675,FDAX,Fri,12:30,Out-of-Sample,2026-01-23T17:48:11.227790,2026-01-23 12:48:11,SHORT,25005.0,375.0,True,15.64,True
675,FDAX,Fri,12:30,Out-of-Sample,2026-01-23T17:48:11.227790,2026-01-23 12:48:11,SHORT,25005.0,750.0,True,15.64,True
675,FDAX,Fri,12:30,Out-of-Sample,2026-01-23T17:48:11.227790,2026-01-23 12:48:11,SHORT,25005.0,725.0,True,15.64,True
675,FDAX,Fri,12:30,Out-of-Sample,2026-01-23T17:48:11.233668,2026-01-23 12:48:11,SHORT,25005.0,375.0,True,15.64,True
675,FDAX,Fri,12:30,Out-of-Sample,2026-01-23T17:48:11.233668,2026-01-23 12:48:11,SHORT,25005.0,750.0,True,15.64,True
675,FDAX,Fri,12:30,Out-of-Sample,2026-01-23T17:48:11.233668,2026-01-23 12:48:11,SHORT,25005.0,725.0,True,15.64,True
675,FDAX,Fri,12:30,Out-of-Sample,2026-01-23T17:58:13.985867,2026-01-23 12:58:13,SHORT,24990.0,400.0,True,15.64,True
675,FDAX,Fri,12:30,Out-of-Sample,2026-01-23T17:58:13.985867,2026-01-23 12:58:13,SHORT,24990.0,200.0,True,15.64,True
675,FDAX,Fri,12:30,Out-of-Sample,2026-01-23T17:58:15.759153,2026-01-23 12:58:15,SHORT,24990.0,400.0,True,15.64,True
675,FDAX,Fri,12:30,Out-of-Sample,2026-01-30T17:37:06.507400,2026-01-30 12:37:06,LONG,24611.0,375.0,True,16.88,True
675,FDAX,Fri,12:30,Out-of-Sample,2026-01-30T17:37:06.507400,2026-01-30 12:37:06,LONG,24611.0,50.0,True,16.88,True
675,FDAX,Fri,12:30,Out-of-Sample,2026-01-30T17:48:24.395778,2026-01-30 12:48:24,SHORT,24618.0,475.0,True,16.88,True
675,FDAX,Fri,12:30,Out-of-Sample,2026-01-30T17:48:24.395778,2026-01-30 12:48:24,SHORT,24618.0,600.0,True,16.88,True
675,FDAX,Fri,12:30,Out-of-Sample,2026-01-30T17:48:26.027479,2026-01-30 12:48:26,SHORT,24618.0,1350.0,True,16.88,True
675,FDAX,Fri,12:30,Out-of-Sample,2026-01-30T17:49:41.392027,2026-01-30 12:49:41,SHORT,24600.0,500.0,True,16.88,True
675,FDAX,Fri,12:30,Out-of-Sample,2026-01-30T17:49:41.392027,2026-01-30 12:49:41,SHORT,24600.0,1500.0,True,16.88,True
675,FDAX,Fri,12:30,Out-of-Sample,2026-01-30T17:49:41.392027,2026-01-30 12:49:41,SHORT,24600.0,1700.0,True,16.88,True
675,FDAX,Fri,12:30,Out-of-Sample,2026-01-30T17:49:43.023623,2026-01-30 12:49:43,SHORT,24600.0,1700.0,True,16.88,True
675,FDAX,Fri,12:30,Out-of-Sample,2026-01-30T17:49:43.023623,2026-01-30 12:49:43,SHORT,24600.0,3400.0,True,16.88,True
675,FDAX,Fri,12:30,Out-of-Sample,2026-01-30T17:50:37.400839,2026-01-30 12:50:37,SHORT,24588.0,-675.0,True,16.88,True
675,FDAX,Fri,12:30,Out-of-Sample,2026-01-30T17:50:37.400839,2026-01-30 12:50:37,SHORT,24588.0,925.0,True,16.88,True
675,FDAX,Fri,12:30,Out-of-Sample,2026-01-30T17:50:37.501426,2026-01-30 12:50:37,SHORT,24588.0,575.0,True,16.88,True
675,FDAX,Fri,12:30,Out-of-Sample,2026-01-30T17:50:37.501426,2026-01-30 12:50:37,SHORT,24588.0,1150.0,True,16.88,True
675,FDAX,Fri,12:30,Out-of-Sample,2026-01-30T17:50:37.501426,2026-01-30 12:50:37,SHORT,24588.0,1225.0,True,16.88,True
675,FDAX,Fri,12:30,Out-of-Sample,2026-01-30T17:50:37.501531,2026-01-30 12:50:37,SHORT,24588.0,575.0,True,16.88,True
675,FDAX,Fri,12:30,Out-of-Sample,2026-01-30T17:50:37.501531,2026-01-30 12:50:37,SHORT,24588.0,1150.0,True,16.88,True
675,FDAX,Fri,12:30,Out-of-Sample,2026-01-30T17:50:37.501531,2026-01-30 12:50:37,SHORT,24588.0,1225.0,True,16.88,True
675,FDAX,Fri,12:30,Out-of-Sample,2026-01-30T17:50:39.033133,2026-01-30 12:50:39,SHORT,24588.0,925.0,True,16.88,True
675,FDAX,Fri,12:30,Out-of-Sample,2026-01-30T17:50:39.033133,2026-01-30 12:50:39,SHORT,24588.0,925.0,True,16.88,True
675,FDAX,Fri,12:30,Out-of-Sample,2026-01-30T17:50:39.037148,2026-01-30 12:50:39,SHORT,24588.0,2775.0,True,16.88,True
675,FDAX,Fri,12:30,Out-of-Sample,2026-01-30T17:50:39.049322,2026-01-30 12:50:39,SHORT,24588.0,2775.0,True,16.88,True
675,FDAX,Fri,12:30,Out-of-Sample,2026-02-06T17:30:51.283555,2026-02-06 12:30:51,SHORT,24789.0,-1425.0,True,21.77,False
675,FDAX,Fri,12:30,Out-of-Sample,2026-02-13T17:32:48.593420,2026-02-13 12:32:48,SHORT,24988.0,-1200.0,True,20.82,False
675,FDAX,Fri,12:30,Out-of-Sample,2026-02-13T17:32:50.198238,2026-02-13 12:32:50,SHORT,24988.0,-450.0,True,20.82,False
675,FDAX,Fri,12:30,Out-of-Sample,2026-02-13T17:32:50.198238,2026-02-13 12:32:50,SHORT,24988.0,-950.0,True,20.82,False
675,FDAX,Fri,12:30,Out-of-Sample,2026-02-13T17:33:21.082966,2026-02-13 12:33:21,SHORT,24987.0,-1275.0,True,20.82,False
675,FDAX,Fri,12:30,Out-of-Sample,2026-02-13T17:59:22.595144,2026-02-13 12:59:22,SHORT,25026.0,1000.0,True,20.82,False
675,FDAX,Fri,12:30,Out-of-Sample,2026-02-13T17:59:22.595144,2026-02-13 12:59:22,SHORT,25026.0,1250.0,True,20.82,False
675,FDAX,Fri,12:30,Out-of-Sample,2026-02-13T17:59:24.252726,2026-02-13 12:59:24,SHORT,25026.0,2475.0,True,20.82,False
675,FDAX,Fri,12:30,Out-of-Sample,2026-02-20T17:32:00.089630,2026-02-20 12:32:00,LONG,25243.0,-825.0,True,20.23,False
675,FDAX,Fri,12:30,Out-of-Sample,2026-02-20T17:39:19.605313,2026-02-20 12:39:19,LONG,25241.0,550.0,True,20.23,False
675,FDAX,Fri,12:30,Out-of-Sample,2026-02-20T17:39:19.605313,2026-02-20 12:39:19,LONG,25241.0,-900.0,True,20.23,False
675,FDAX,Fri,12:30,Out-of-Sample,2026-02-20T17:39:19.690246,2026-02-20 12:39:19,LONG,25241.0,550.0,True,20.23,False
675,FDAX,Fri,12:30,Out-of-Sample,2026-02-20T17:39:19.690246,2026-02-20 12:39:19,LONG,25241.0,550.0,True,20.23,False
675,FDAX,Fri,12:30,Out-of-Sample,2026-02-20T17:39:19.690484,2026-02-20 12:39:19,LONG,25241.0,550.0,True,20.23,False
675,FDAX,Fri,12:30,Out-of-Sample,2026-02-20T17:39:19.690484,2026-02-20 12:39:19,LONG,25241.0,550.0,True,20.23,False
675,FDAX,Fri,12:30,Out-of-Sample,2026-02-20T17:39:19.817047,2026-02-20 12:39:19,LONG,25241.0,550.0,True,20.23,False
675,FDAX,Fri,12:30,Out-of-Sample,2026-02-20T17:39:19.817047,2026-02-20 12:39:19,LONG,25241.0,-900.0,True,20.23,False
675,FDAX,Fri,12:30,Out-of-Sample,2026-02-20T17:45:25.108684,2026-02-20 12:45:25,LONG,25254.0,375.0,True,20.23,False
675,FDAX,Fri,12:30,Out-of-Sample,2026-02-20T17:50:00.882605,2026-02-20 12:50:00,SHORT,25263.0,-250.0,True,20.23,False
675,FDAX,Fri,12:30,Out-of-Sample,2026-02-20T17:58:16.096633,2026-02-20 12:58:16,SHORT,25251.0,-1275.0,True,20.23,False
675,FDAX,Fri,12:30,Out-of-Sample,2026-02-20T17:58:16.167203,2026-02-20 12:58:16,SHORT,25255.0,-300.0,True,20.23,False
675,FDAX,Fri,12:30,Out-of-Sample,2026-02-27T17:40:18.259615,2026-02-27 12:40:18,LONG,25251.0,-1200.0,True,18.63,True
675,FDAX,Fri,12:30,Out-of-Sample,2026-02-27T17:45:19.772447,2026-02-27 12:45:19,LONG,25254.0,-2100.0,True,18.63,True
675,FDAX,Fri,12:30,Out-of-Sample,2026-02-27T17:45:19.857064,2026-02-27 12:45:19,LONG,25254.0,-2100.0,True,18.63,True
675,FDAX,Fri,12:30,Out-of-Sample,2026-02-27T17:45:19.857244,2026-02-27 12:45:19,LONG,25254.0,-1425.0,True,18.63,True
675,FDAX,Fri,12:30,Out-of-Sample,2026-02-27T17:45:19.973971,2026-02-27 12:45:19,LONG,25254.0,-1425.0,True,18.63,True
675,FDAX,Fri,12:30,Out-of-Sample,2026-02-27T17:45:19.974185,2026-02-27 12:45:19,LONG,25254.0,-750.0,True,18.63,True
675,FDAX,Fri,12:30,Out-of-Sample,2026-02-27T17:45:20.543427,2026-02-27 12:45:20,LONG,25267.0,-675.0,True,18.63,True
675,FDAX,Fri,12:30,Out-of-Sample,2026-02-27T17:45:26.804338,2026-02-27 12:45:26,SHORT,25247.0,400.0,True,18.63,True
675,FDAX,Fri,12:30,Out-of-Sample,2026-02-27T17:45:26.804338,2026-02-27 12:45:26,SHORT,25247.0,500.0,True,18.63,True
675,FDAX,Fri,12:30,Out-of-Sample,2026-02-27T17:46:54.638578,2026-02-27 12:46:54,LONG,25255.0,-450.0,True,18.63,True
675,FDAX,Fri,12:30,Out-of-Sample,2026-02-27T17:46:54.713056,2026-02-27 12:46:54,LONG,25253.0,-750.0,True,18.63,True
675,FDAX,Fri,12:30,Out-of-Sample,2026-02-27T17:47:11.795160,2026-02-27 12:47:11,LONG,25260.0,-600.0,True,18.63,True
675,FDAX,Fri,12:30,Out-of-Sample,2026-02-27T17:47:11.795160,2026-02-27 12:47:11,LONG,25260.0,-1750.0,True,18.63,True
675,FDAX,Fri,12:30,Out-of-Sample,2026-02-27T17:47:11.869165,2026-02-27 12:47:11,LONG,25260.0,-600.0,True,18.63,True
675,FDAX,Fri,12:30,Out-of-Sample,2026-02-27T17:47:11.869165,2026-02-27 12:47:11,LONG,25260.0,-2200.0,True,18.63,True
675,FDAX,Fri,12:30,Out-of-Sample,2026-02-27T17:47:11.994408,2026-02-27 12:47:11,LONG,25260.0,-2025.0,True,18.63,True
675,FDAX,Fri,12:30,Out-of-Sample,2026-02-27T17:47:11.994503,2026-02-27 12:47:11,LONG,25260.0,-2025.0,True,18.63,True
675,FDAX,Fri,12:30,Out-of-Sample,2026-02-27T17:47:11.994652,2026-02-27 12:47:11,LONG,25260.0,-600.0,True,18.63,True
675,FDAX,Fri,12:30,Out-of-Sample,2026-02-27T17:47:11.994652,2026-02-27 12:47:11,LONG,25260.0,-2200.0,True,18.63,True
675,FDAX,Fri,12:30,Out-of-Sample,2026-03-06T17:37:16.410565,2026-03-06 12:37:16,LONG,23635.0,-2475.0,True,23.75,False
675,FDAX,Fri,12:30,Out-of-Sample,2026-03-06T17:37:16.485338,2026-03-06 12:37:16,LONG,23635.0,-1650.0,True,23.75,False
675,FDAX,Fri,12:30,Out-of-Sample,2026-03-06T17:37:16.485467,2026-03-06 12:37:16,LONG,23635.0,-1650.0,True,23.75,False
675,FDAX,Fri,12:30,Out-of-Sample,2026-03-06T17:37:16.611552,2026-03-06 12:37:16,LONG,23635.0,-2475.0,True,23.75,False
675,FDAX,Fri,12:30,Out-of-Sample,2026-03-06T17:37:17.988512,2026-03-06 12:37:17,LONG,23638.0,-3600.0,True,23.75,False
675,FDAX,Fri,12:30,Out-of-Sample,2026-03-06T17:37:17.988898,2026-03-06 12:37:17,LONG,23638.0,-3600.0,True,23.75,False
675,FDAX,Fri,12:30,Out-of-Sample,2026-03-06T17:37:17.989133,2026-03-06 12:37:17,LONG,23638.0,-1800.0,True,23.75,False
675,FDAX,Fri,12:30,Out-of-Sample,2026-03-06T17:37:17.989259,2026-03-06 12:37:17,LONG,23638.0,-2400.0,True,23.75,False
675,FDAX,Fri,12:30,Out-of-Sample,2026-03-06T17:39:35.016185,2026-03-06 12:39:35,SHORT,23623.0,500.0,True,23.75,False
675,FDAX,Fri,12:30,Out-of-Sample,2026-03-06T17:39:35.016185,2026-03-06 12:39:35,SHORT,23623.0,350.0,True,23.75,False
675,FDAX,Fri,12:30,Out-of-Sample,2026-03-06T17:40:39.996666,2026-03-06 12:40:39,LONG,23613.0,675.0,True,23.75,False
675,FDAX,Fri,12:30,Out-of-Sample,2026-03-06T17:40:59.063943,2026-03-06 12:40:59,LONG,23598.0,1275.0,True,23.75,False
675,FDAX,Fri,12:30,Out-of-Sample,2026-03-06T17:44:20.009706,2026-03-06 12:44:20,LONG,23614.0,425.0,True,23.75,False
675,FDAX,Fri,12:30,Out-of-Sample,2026-03-06T17:45:58.247196,2026-03-06 12:45:58,LONG,23615.0,-1725.0,True,23.75,False
675,FDAX,Fri,12:30,Out-of-Sample,2026-03-06T17:51:52.612130,2026-03-06 12:51:52,SHORT,23590.0,-2700.0,True,23.75,False
675,FDAX,Fri,12:30,Out-of-Sample,2026-03-06T17:51:52.629865,2026-03-06 12:51:52,SHORT,23590.0,-2700.0,True,23.75,False
675,FDAX,Fri,12:30,Out-of-Sample,2026-03-06T17:52:04.137065,2026-03-06 12:52:04,LONG,23584.0,1500.0,True,23.75,False
675,FDAX,Fri,12:30,Out-of-Sample,2026-03-13T16:32:32.919004,2026-03-13 12:32:32,LONG,23398.0,500.0,True,27.29,False
675,FDAX,Fri,12:30,Out-of-Sample,2026-03-13T16:32:32.919004,2026-03-13 12:32:32,LONG,23398.0,1350.0,True,27.29,False
675,FDAX,Fri,12:30,Out-of-Sample,2026-03-13T16:36:52.345671,2026-03-13 12:36:52,LONG,23426.0,-600.0,True,27.29,False
675,FDAX,Fri,12:30,Out-of-Sample,2026-03-13T16:36:52.440544,2026-03-13 12:36:52,LONG,23426.0,-400.0,True,27.29,False
675,FDAX,Fri,12:30,Out-of-Sample,2026-03-13T16:36:52.440807,2026-03-13 12:36:52,LONG,23426.0,-600.0,True,27.29,False
675,FDAX,Fri,12:30,Out-of-Sample,2026-03-13T16:39:39.468323,2026-03-13 12:39:39,SHORT,23423.0,-1350.0,True,27.29,False
675,FDAX,Fri,12:30,Out-of-Sample,2026-03-13T16:41:50.964320,2026-03-13 12:41:50,SHORT,23418.0,-1725.0,True,27.29,False
675,FDAX,Fri,12:30,Out-of-Sample,2026-03-13T16:41:51.092698,2026-03-13 12:41:51,SHORT,23418.0,-1725.0,True,27.29,False
675,FDAX,Fri,12:30,Out-of-Sample,2026-03-13T16:43:40.453683,2026-03-13 12:43:40,LONG,23441.0,-200.0,True,27.29,False
675,FDAX,Fri,12:30,Out-of-Sample,2026-03-13T16:43:59.409243,2026-03-13 12:43:59,SHORT,23437.0,-1125.0,True,27.29,False
675,FDAX,Fri,12:30,Out-of-Sample,2026-03-13T16:45:22.485199,2026-03-13 12:45:22,LONG,23457.0,-1425.0,True,27.29,False
675,FDAX,Fri,12:30,Out-of-Sample,2026-03-13T16:46:00.456819,2026-03-13 12:46:00,SHORT,23452.0,-900.0,True,27.29,False
675,FDAX,Fri,12:30,Out-of-Sample,2026-03-13T16:46:36.021666,2026-03-13 12:46:36,SHORT,23437.0,-2025.0,True,27.29,False
675,FDAX,Fri,12:30,Out-of-Sample,2026-03-13T16:46:36.022092,2026-03-13 12:46:36,SHORT,23437.0,-2025.0,True,27.29,False
675,FDAX,Fri,12:30,Out-of-Sample,2026-03-13T16:46:36.145882,2026-03-13 12:46:36,SHORT,23439.0,-1875.0,True,27.29,False
675,FDAX,Fri,12:30,Out-of-Sample,2026-03-13T16:50:32.536784,2026-03-13 12:50:32,LONG,23464.0,-1150.0,True,27.29,False
675,FDAX,Fri,12:30,Out-of-Sample,2026-03-13T16:50:32.945079,2026-03-13 12:50:32,LONG,23466.0,-2175.0,True,27.29,False
675,FDAX,Fri,12:30,Out-of-Sample,2026-03-13T16:50:44.023917,2026-03-13 12:50:44,SHORT,23445.0,-1575.0,True,27.29,False
675,FDAX,Fri,12:30,Out-of-Sample,2026-03-13T16:52:39.539409,2026-03-13 12:52:39,SHORT,23457.0,500.0,True,27.29,False
675,FDAX,Fri,12:30,Out-of-Sample,2026-03-13T16:52:39.539409,2026-03-13 12:52:39,SHORT,23457.0,1050.0,True,27.29,False
675,FDAX,Fri,12:30,Out-of-Sample,2026-03-13T16:54:13.026211,2026-03-13 12:54:13,SHORT,23441.0,-1800.0,True,27.29,False
675,FDAX,Fri,12:30,Out-of-Sample,2026-03-13T16:54:13.114306,2026-03-13 12:54:13,SHORT,23441.0,-1800.0,True,27.29,False
675,FDAX,Fri,12:30,Out-of-Sample,2026-03-13T16:54:13.238913,2026-03-13 12:54:13,SHORT,23441.0,-1800.0,True,27.29,False
675,FDAX,Fri,12:30,Out-of-Sample,2026-03-13T16:57:36.150794,2026-03-13 12:57:36,LONG,23465.0,-1750.0,True,27.29,False
675,FDAX,Fri,12:30,Out-of-Sample,2026-03-13T16:59:19.811533,2026-03-13 12:59:19,SHORT,23430.0,-2775.0,True,27.29,False
675,FDAX,Fri,12:30,Out-of-Sample,2026-03-20T16:30:17.913924,2026-03-20 12:30:17,SHORT,22604.0,-2175.0,True,24.06,False
675,FDAX,Fri,12:30,Out-of-Sample,2026-03-20T16:30:19.304086,2026-03-20 12:30:19,SHORT,22604.0,550.0,True,24.06,False
675,FDAX,Fri,12:30,Out-of-Sample,2026-03-20T16:30:19.304086,2026-03-20 12:30:19,SHORT,22604.0,925.0,True,24.06,False
675,FDAX,Fri,12:30,Out-of-Sample,2026-03-20T16:30:19.304086,2026-03-20 12:30:19,SHORT,22604.0,1475.0,True,24.06,False
675,FDAX,Fri,12:30,Out-of-Sample,2026-03-20T16:31:27.304176,2026-03-20 12:31:27,SHORT,22598.0,350.0,True,24.06,False
675,FDAX,Fri,12:30,Out-of-Sample,2026-03-20T16:31:27.304176,2026-03-20 12:31:27,SHORT,22598.0,1425.0,True,24.06,False
675,FDAX,Fri,12:30,Out-of-Sample,2026-03-20T16:33:31.939517,2026-03-20 12:33:31,LONG,22625.0,-2025.0,True,24.06,False
675,FDAX,Fri,12:30,Out-of-Sample,2026-03-20T16:33:32.014434,2026-03-20 12:33:32,LONG,22625.0,-2025.0,True,24.06,False
675,FDAX,Fri,12:30,Out-of-Sample,2026-03-20T16:33:32.014637,2026-03-20 12:33:32,LONG,22625.0,-975.0,True,24.06,False
675,FDAX,Fri,12:30,Out-of-Sample,2026-03-20T16:33:32.014637,2026-03-20 12:33:32,LONG,22625.0,-1075.0,True,24.06,False
675,FDAX,Fri,12:30,Out-of-Sample,2026-03-20T16:33:33.333991,2026-03-20 12:33:33,LONG,22625.0,-2925.0,True,24.06,False
675,FDAX,Fri,12:30,Out-of-Sample,2026-03-20T16:33:33.342748,2026-03-20 12:33:33,LONG,22625.0,-2925.0,True,24.06,False
675,FDAX,Fri,12:30,Out-of-Sample,2026-03-20T16:33:33.344662,2026-03-20 12:33:33,LONG,22625.0,-1425.0,True,24.06,False
675,FDAX,Fri,12:30,Out-of-Sample,2026-03-20T16:33:33.344662,2026-03-20 12:33:33,LONG,22625.0,-1425.0,True,24.06,False
675,FDAX,Fri,12:30,Out-of-Sample,2026-03-20T16:35:37.353674,2026-03-20 12:35:37,SHORT,22636.0,2375.0,True,24.06,False
675,FDAX,Fri,12:30,Out-of-Sample,2026-03-20T16:36:43.148436,2026-03-20 12:36:43,SHORT,22615.0,1850.0,True,24.06,False
675,FDAX,Fri,12:30,Out-of-Sample,2026-03-20T16:36:43.148436,2026-03-20 12:36:43,SHORT,22615.0,1850.0,True,24.06,False
675,FDAX,Fri,12:30,Out-of-Sample,2026-03-20T16:36:54.946854,2026-03-20 12:36:54,SHORT,22608.0,1425.0,True,24.06,False
675,FDAX,Fri,12:30,Out-of-Sample,2026-03-20T16:36:54.946854,2026-03-20 12:36:54,SHORT,22608.0,2200.0,True,24.06,False
675,FDAX,Fri,12:30,Out-of-Sample,2026-03-20T16:36:54.946854,2026-03-20 12:36:54,SHORT,22608.0,2025.0,True,24.06,False
675,FDAX,Fri,12:30,Out-of-Sample,2026-03-20T16:36:56.353438,2026-03-20 12:36:56,SHORT,22608.0,4575.0,True,24.06,False
675,FDAX,Fri,12:30,Out-of-Sample,2026-03-20T16:40:12.439536,2026-03-20 12:40:12,SHORT,22597.0,3750.0,True,24.06,False
675,FDAX,Fri,12:30,Out-of-Sample,2026-03-20T16:40:13.851964,2026-03-20 12:40:13,SHORT,22597.0,3750.0,True,24.06,False
675,FDAX,Fri,12:30,Out-of-Sample,2026-03-20T16:40:16.925032,2026-03-20 12:40:16,SHORT,22594.0,2650.0,True,24.06,False
675,FDAX,Fri,12:30,Out-of-Sample,2026-03-20T16:40:16.925032,2026-03-20 12:40:16,SHORT,22594.0,1275.0,True,24.06,False
675,FDAX,Fri,12:30,Out-of-Sample,2026-03-20T16:44:53.860260,2026-03-20 12:44:53,LONG,22592.0,-450.0,True,24.06,False
675,FDAX,Fri,12:30,Out-of-Sample,2026-03-20T16:44:59.939188,2026-03-20 12:44:59,LONG,22599.0,-4650.0,True,24.06,False
675,FDAX,Fri,12:30,Out-of-Sample,2026-03-20T16:45:00.153699,2026-03-20 12:45:00,LONG,22598.0,-4600.0,True,24.06,False
675,FDAX,Fri,12:30,Out-of-Sample,2026-03-20T16:45:00.153888,2026-03-20 12:45:00,LONG,22598.0,-450.0,True,24.06,False
675,FDAX,Fri,12:30,Out-of-Sample,2026-03-20T16:45:00.153888,2026-03-20 12:45:00,LONG,22598.0,-700.0,True,24.06,False
675,FDAX,Fri,12:30,Out-of-Sample,2026-03-20T16:45:00.153986,2026-03-20 12:45:00,LONG,22598.0,-6900.0,True,24.06,False
675,FDAX,Fri,12:30,Out-of-Sample,2026-03-20T16:45:00.154106,2026-03-20 12:45:00,LONG,22598.0,-6900.0,True,24.06,False
675,FDAX,Fri,12:30,Out-of-Sample,2026-03-20T16:45:00.154314,2026-03-20 12:45:00,LONG,22598.0,-400.0,True,24.06,False
675,FDAX,Fri,12:30,Out-of-Sample,2026-03-20T16:45:00.154314,2026-03-20 12:45:00,LONG,22598.0,-700.0,True,24.06,False
675,FDAX,Fri,12:30,Out-of-Sample,2026-03-20T16:45:00.154431,2026-03-20 12:45:00,LONG,22598.0,-750.0,True,24.06,False
675,FDAX,Fri,12:30,Out-of-Sample,2026-03-20T16:45:00.154431,2026-03-20 12:45:00,LONG,22598.0,-750.0,True,24.06,False
675,FDAX,Fri,12:30,Out-of-Sample,2026-03-20T16:45:01.358653,2026-03-20 12:45:01,LONG,22599.0,-4950.0,True,24.06,False
675,FDAX,Fri,12:30,Out-of-Sample,2026-03-20T16:45:01.359353,2026-03-20 12:45:01,LONG,22599.0,-975.0,True,24.06,False
675,FDAX,Fri,12:30,Out-of-Sample,2026-03-20T16:45:01.360410,2026-03-20 12:45:01,LONG,22599.0,-975.0,True,24.06,False
675,FDAX,Fri,12:30,Out-of-Sample,2026-03-20T16:45:01.467502,2026-03-20 12:45:01,LONG,22598.0,-4900.0,True,24.06,False
675,FDAX,Fri,12:30,Out-of-Sample,2026-03-20T16:45:01.467608,2026-03-20 12:45:01,LONG,22598.0,-2250.0,True,24.06,False
675,FDAX,Fri,12:30,Out-of-Sample,2026-03-20T16:45:01.467695,2026-03-20 12:45:01,LONG,22598.0,-7350.0,True,24.06,False
675,FDAX,Fri,12:30,Out-of-Sample,2026-03-20T16:45:01.467776,2026-03-20 12:45:01,LONG,22598.0,-7350.0,True,24.06,False
675,FDAX,Fri,12:30,Out-of-Sample,2026-03-20T16:45:01.467860,2026-03-20 12:45:01,LONG,22598.0,-2250.0,True,24.06,False
675,FDAX,Fri,12:30,Out-of-Sample,2026-03-20T16:45:01.467943,2026-03-20 12:45:01,LONG,22598.0,-1500.0,True,24.06,False
675,FDAX,Fri,12:30,Out-of-Sample,2026-03-20T16:45:56.135538,2026-03-20 12:45:56,SHORT,22586.0,2150.0,True,24.06,False
675,FDAX,Fri,12:30,Out-of-Sample,2026-03-20T16:45:56.135538,2026-03-20 12:45:56,SHORT,22586.0,1075.0,True,24.06,False
675,FDAX,Fri,12:30,Out-of-Sample,2026-03-20T16:47:25.935251,2026-03-20 12:47:25,LONG,22541.0,-3950.0,True,24.06,False
675,FDAX,Fri,12:30,Out-of-Sample,2026-03-20T16:47:25.996333,2026-03-20 12:47:25,LONG,22541.0,-3950.0,True,24.06,False
675,FDAX,Fri,12:30,Out-of-Sample,2026-03-20T16:47:26.132615,2026-03-20 12:47:26,LONG,22541.0,-5925.0,True,24.06,False
675,FDAX,Fri,12:30,Out-of-Sample,2026-03-20T16:47:26.132823,2026-03-20 12:47:26,LONG,22541.0,-5925.0,True,24.06,False
675,FDAX,Fri,12:30,Out-of-Sample,2026-03-20T16:47:27.358017,2026-03-20 12:47:27,LONG,22541.0,-9250.0,True,24.06,False
675,FDAX,Fri,12:30,Out-of-Sample,2026-03-20T16:47:27.359812,2026-03-20 12:47:27,LONG,22541.0,-9250.0,True,24.06,False
675,FDAX,Fri,12:30,Out-of-Sample,2026-03-20T16:47:27.449854,2026-03-20 12:47:27,LONG,22541.0,-13875.0,True,24.06,False
675,FDAX,Fri,12:30,Out-of-Sample,2026-03-20T16:47:27.450048,2026-03-20 12:47:27,LONG,22541.0,-13875.0,True,24.06,False
675,FDAX,Fri,12:30,Out-of-Sample,2026-03-20T16:47:35.114954,2026-03-20 12:47:35,SHORT,22530.0,-650.0,True,24.06,False
675,FDAX,Fri,12:30,Out-of-Sample,2026-03-20T16:47:35.114954,2026-03-20 12:47:35,SHORT,22530.0,-1750.0,True,24.06,False
675,FDAX,Fri,12:30,Out-of-Sample,2026-03-20T16:48:16.934431,2026-03-20 12:48:16,LONG,22543.0,925.0,True,24.06,False
675,FDAX,Fri,12:30,Out-of-Sample,2026-03-20T16:48:16.934431,2026-03-20 12:48:16,LONG,22543.0,-1150.0,True,24.06,False
675,FDAX,Fri,12:30,Out-of-Sample,2026-03-20T16:48:17.005837,2026-03-20 12:48:17,LONG,22543.0,925.0,True,24.06,False
675,FDAX,Fri,12:30,Out-of-Sample,2026-03-20T16:48:17.005837,2026-03-20 12:48:17,LONG,22543.0,-1150.0,True,24.06,False
675,FDAX,Fri,12:30,Out-of-Sample,2026-03-20T16:48:17.005999,2026-03-20 12:48:17,LONG,22543.0,1875.0,True,24.06,False
675,FDAX,Fri,12:30,Out-of-Sample,2026-03-20T16:48:17.135612,2026-03-20 12:48:17,LONG,22545.0,1725.0,True,24.06,False
675,FDAX,Fri,12:30,Out-of-Sample,2026-03-20T16:48:17.135757,2026-03-20 12:48:17,LONG,22545.0,-1050.0,True,24.06,False
675,FDAX,Fri,12:30,Out-of-Sample,2026-03-20T16:48:18.362854,2026-03-20 12:48:18,LONG,22543.0,-16275.0,True,24.06,False
675,FDAX,Fri,12:30,Out-of-Sample,2026-03-20T16:48:18.362967,2026-03-20 12:48:18,LONG,22543.0,-16275.0,True,24.06,False
675,FDAX,Fri,12:30,Out-of-Sample,2026-03-20T16:48:18.364593,2026-03-20 12:48:18,LONG,22543.0,-950.0,True,24.06,False
675,FDAX,Fri,12:30,Out-of-Sample,2026-03-20T16:48:18.364593,2026-03-20 12:48:18,LONG,22543.0,-1350.0,True,24.06,False
675,FDAX,Fri,12:30,Out-of-Sample,2026-03-20T16:48:18.452730,2026-03-20 12:48:18,LONG,22545.0,-1025.0,True,24.06,False
675,FDAX,Fri,12:30,Out-of-Sample,2026-03-20T16:48:18.452730,2026-03-20 12:48:18,LONG,22545.0,-1450.0,True,24.06,False
675,FDAX,Fri,12:30,Out-of-Sample,2026-03-20T16:48:18.452836,2026-03-20 12:48:18,LONG,22545.0,-1050.0,True,24.06,False
675,FDAX,Fri,12:30,Out-of-Sample,2026-03-20T16:49:45.795460,2026-03-20 12:49:45,SHORT,22562.0,-50.0,True,24.06,False
675,FDAX,Fri,12:30,Out-of-Sample,2026-03-20T16:49:48.291804,2026-03-20 12:49:48,SHORT,22563.0,-925.0,True,24.06,False
675,FDAX,Fri,12:30,Out-of-Sample,2026-03-20T16:49:54.698393,2026-03-20 12:49:54,SHORT,22567.0,-825.0,True,24.06,False
675,FDAX,Fri,12:30,Out-of-Sample,2026-03-20T16:49:54.698393,2026-03-20 12:49:54,SHORT,22567.0,50.0,True,24.06,False
675,FDAX,Fri,12:30,Out-of-Sample,2026-03-20T16:49:55.950228,2026-03-20 12:49:55,SHORT,22577.0,325.0,True,24.06,False
675,FDAX,Fri,12:30,Out-of-Sample,2026-03-20T16:50:16.446666,2026-03-20 12:50:16,SHORT,22598.0,2650.0,True,24.06,False
675,FDAX,Fri,12:30,Out-of-Sample,2026-03-20T16:50:16.446666,2026-03-20 12:50:16,SHORT,22598.0,1325.0,True,24.06,False
675,FDAX,Fri,12:30,Out-of-Sample,2026-03-20T16:50:17.878993,2026-03-20 12:50:17,SHORT,22598.0,2650.0,True,24.06,False
675,FDAX,Fri,12:30,Out-of-Sample,2026-03-20T16:50:17.878993,2026-03-20 12:50:17,SHORT,22598.0,1400.0,True,24.06,False
675,FDAX,Fri,12:30,Out-of-Sample,2026-03-20T16:50:24.941460,2026-03-20 12:50:24,SHORT,22585.0,2150.0,True,24.06,False
675,FDAX,Fri,12:30,Out-of-Sample,2026-03-20T16:50:24.941460,2026-03-20 12:50:24,SHORT,22585.0,1525.0,True,24.06,False
675,FDAX,Fri,12:30,Out-of-Sample,2026-03-20T16:50:26.371496,2026-03-20 12:50:26,SHORT,22585.0,3050.0,True,24.06,False
675,FDAX,Fri,12:30,Out-of-Sample,2026-03-20T16:50:26.371496,2026-03-20 12:50:26,SHORT,22585.0,2000.0,True,24.06,False
675,FDAX,Fri,12:30,Out-of-Sample,2026-03-20T16:50:28.037548,2026-03-20 12:50:28,SHORT,22582.0,1800.0,True,24.06,False
675,FDAX,Fri,12:30,Out-of-Sample,2026-03-20T16:50:28.037765,2026-03-20 12:50:28,SHORT,22582.0,2700.0,True,24.06,False
675,FDAX,Fri,12:30,Out-of-Sample,2026-03-20T16:50:28.037765,2026-03-20 12:50:28,SHORT,22582.0,3900.0,True,24.06,False
675,FDAX,Fri,12:30,Out-of-Sample,2026-03-20T16:50:29.464371,2026-03-20 12:50:29,SHORT,22582.0,3825.0,True,24.06,False
675,FDAX,Fri,12:30,Out-of-Sample,2026-03-20T16:50:29.464371,2026-03-20 12:50:29,SHORT,22582.0,4675.0,True,24.06,False
675,FDAX,Fri,12:30,Out-of-Sample,2026-03-20T16:50:29.464371,2026-03-20 12:50:29,SHORT,22582.0,4500.0,True,24.06,False
675,FDAX,Fri,12:30,Out-of-Sample,2026-03-20T16:50:32.035080,2026-03-20 12:50:32,SHORT,22579.0,375.0,True,24.06,False
675,FDAX,Fri,12:30,Out-of-Sample,2026-03-20T16:53:03.977035,2026-03-20 12:53:03,SHORT,22555.0,2325.0,True,24.06,False
675,FDAX,Fri,12:30,Out-of-Sample,2026-03-20T16:53:05.416175,2026-03-20 12:53:05,SHORT,22555.0,1725.0,True,24.06,False
675,FDAX,Fri,12:30,Out-of-Sample,2026-03-20T16:56:17.484160,2026-03-20 12:56:17,SHORT,22554.0,250.0,True,24.06,False
675,FDAX,Fri,12:30,Out-of-Sample,2026-03-27T16:39:13.564867,2026-03-27 12:39:13,SHORT,22479.0,-1150.0,True,27.44,False
675,FDAX,Fri,12:30,Out-of-Sample,2026-03-27T16:39:13.641720,2026-03-27 12:39:13,SHORT,22480.0,-550.0,True,27.44,False
675,FDAX,Fri,12:30,Out-of-Sample,2026-03-27T16:39:13.641720,2026-03-27 12:39:13,SHORT,22480.0,-1100.0,True,27.44,False
675,FDAX,Fri,12:30,Out-of-Sample,2026-03-27T16:43:54.656611,2026-03-27 12:43:54,LONG,22502.0,375.0,True,27.44,False
675,FDAX,Fri,12:30,Out-of-Sample,2026-03-27T16:43:56.112030,2026-03-27 12:43:56,LONG,22502.0,50.0,True,27.44,False
675,FDAX,Fri,12:30,Out-of-Sample,2026-03-27T16:43:56.112030,2026-03-27 12:43:56,LONG,22502.0,-125.0,True,27.44,False
675,FDAX,Fri,12:30,Out-of-Sample,2026-03-27T16:44:58.843838,2026-03-27 12:44:58,LONG,22509.0,-200.0,True,27.44,False
675,FDAX,Fri,12:30,Out-of-Sample,2026-03-27T16:44:58.843838,2026-03-27 12:44:58,LONG,22509.0,-225.0,True,27.44,False
675,FDAX,Fri,12:30,Out-of-Sample,2026-03-27T16:47:33.082544,2026-03-27 12:47:33,SHORT,22497.0,400.0,True,27.44,False
675,FDAX,Fri,12:30,Out-of-Sample,2026-03-27T16:47:33.082544,2026-03-27 12:47:33,SHORT,22497.0,0.0,True,27.44,False
675,FDAX,Fri,12:30,Out-of-Sample,2026-03-27T16:47:34.632673,2026-03-27 12:47:34,SHORT,22497.0,0.0,True,27.44,False
675,FDAX,Fri,12:30,Out-of-Sample,2026-03-27T16:47:34.632673,2026-03-27 12:47:34,SHORT,22497.0,500.0,True,27.44,False
675,FDAX,Fri,12:30,Out-of-Sample,2026-03-27T16:52:27.724434,2026-03-27 12:52:27,SHORT,22475.0,-300.0,True,27.44,False
675,FDAX,Fri,12:30,Out-of-Sample,2026-03-27T16:52:27.724434,2026-03-27 12:52:27,SHORT,22475.0,-1400.0,True,27.44,False
675,FDAX,Fri,12:30,Out-of-Sample,2026-03-27T16:52:29.197854,2026-03-27 12:52:29,SHORT,22475.0,-700.0,True,27.44,False
675,FDAX,Fri,12:30,Out-of-Sample,2026-03-27T16:52:29.197854,2026-03-27 12:52:29,SHORT,22475.0,-1400.0,True,27.44,False
675,FDAX,Fri,12:30,Out-of-Sample,2026-03-27T16:53:34.864063,2026-03-27 12:53:34,SHORT,22468.0,-3000.0,True,27.44,False
675,FDAX,Fri,12:30,Out-of-Sample,2026-03-27T16:55:22.673911,2026-03-27 12:55:22,LONG,22480.0,1100.0,True,27.44,False
675,FDAX,Fri,12:30,Out-of-Sample,2026-03-27T16:55:22.673911,2026-03-27 12:55:22,LONG,22480.0,950.0,True,27.44,False
675,FDAX,Fri,12:30,Out-of-Sample,2026-03-27T16:55:24.242491,2026-03-27 12:55:24,LONG,22480.0,1300.0,True,27.44,False
675,FDAX,Fri,12:30,Out-of-Sample,2026-03-27T16:55:24.242491,2026-03-27 12:55:24,LONG,22480.0,375.0,True,27.44,False
675,FDAX,Fri,12:30,Out-of-Sample,2026-04-17T16:32:09.469272,2026-04-17 12:32:09,SHORT,24839.0,-1125.0,True,17.94,True
675,FDAX,Fri,12:30,Out-of-Sample,2026-04-24T16:46:38.530234,2026-04-24 12:46:38,SHORT,24353.0,200.0,True,19.31,True
675,FDAX,Fri,12:30,Out-of-Sample,2026-04-24T16:48:05.410035,2026-04-24 12:48:05,SHORT,24339.0,-300.0,True,19.31,True
675,FDAX,Fri,12:30,Out-of-Sample,2026-05-15T16:38:00.790393,2026-05-15 12:38:00,LONG,23946.0,-750.0,True,17.26,True
675,FDAX,Fri,12:30,Out-of-Sample,2026-05-15T16:45:03.380212,2026-05-15 12:45:03,LONG,23956.0,550.0,True,17.26,True
675,FDAX,Fri,12:30,Out-of-Sample,2026-05-15T16:45:03.380212,2026-05-15 12:45:03,LONG,23956.0,1100.0,True,17.26,True
675,FDAX,Fri,12:30,Out-of-Sample,2026-05-15T16:45:03.380212,2026-05-15 12:45:03,LONG,23956.0,675.0,True,17.26,True
675,FDAX,Fri,12:30,Out-of-Sample,2026-05-29T16:40:20.577353,2026-05-29 12:40:20,SHORT,25134.0,-1400.0,True,15.74,True
675,FDAX,Fri,12:30,Out-of-Sample,2026-05-29T16:46:30.804512,2026-05-29 12:46:30,LONG,25162.0,-5025.0,True,15.74,True
675,FDAX,Fri,12:30,Out-of-Sample,2026-05-29T16:46:30.881081,2026-05-29 12:46:30,LONG,25162.0,-900.0,True,15.74,True
675,FDAX,Fri,12:30,Out-of-Sample,2026-05-29T16:46:30.881250,2026-05-29 12:46:30,LONG,25162.0,-900.0,True,15.74,True
675,FDAX,Fri,12:30,Out-of-Sample,2026-06-12T16:35:48.733351,2026-06-12 12:35:48,SHORT,24617.0,-2475.0,True,19.44,True
675,FDAX,Fri,12:30,Out-of-Sample,2026-06-26T16:35:57.507654,2026-06-26 12:35:57,SHORT,24807.0,250.0,True,18.89,True
675,FDAX,Fri,12:30,Out-of-Sample,2026-06-26T16:35:57.507654,2026-06-26 12:35:57,SHORT,24807.0,300.0,True,18.89,True
675,FDAX,Fri,12:30,Out-of-Sample,2026-06-26T16:36:03.237817,2026-06-26 12:36:03,SHORT,24800.0,625.0,True,18.89,True
675,FDAX,Fri,12:30,Out-of-Sample,2026-06-26T16:36:03.237817,2026-06-26 12:36:03,SHORT,24800.0,-350.0,True,18.89,True
675,FDAX,Fri,12:30,Out-of-Sample,2026-06-26T16:36:47.160844,2026-06-26 12:36:47,SHORT,24769.0,-2850.0,True,18.89,True
675,FDAX,Fri,12:30,Out-of-Sample,2026-06-26T16:45:23.761520,2026-06-26 12:45:23,SHORT,24817.0,400.0,True,18.89,True
675,FDAX,Fri,12:30,Out-of-Sample,2026-06-26T16:54:09.525202,2026-06-26 12:54:09,SHORT,24812.0,550.0,True,18.89,True
675,FDAX,Fri,12:30,Out-of-Sample,2026-07-10T16:51:33.499984,2026-07-10 12:51:33,SHORT,25197.0,-500.0,True,15.84,True
