slot_id,symbol,permutation_sc_account,day_name,bucket_label,period,entry_time_et,exit_time_et,side,quantity,entry_price,exit_price,gross_pnl,est_commission,net_pnl,macro_news_pass,prior_day_vix,vix_pass_under_20
282,ES,ES-TM_5,Tue,00:00,In-Sample,2024-05-28 00:19:44,2024-05-28 00:43:06,LONG,3,5330.25,5329.5,-112.5,13.5,-126.0,True,11.93,True
282,ES,ES-IPS_TM_3,Tue,00:00,In-Sample,2024-05-28 00:22:56,2024-05-28 03:02:27,LONG,1,5330.5,5332.75,112.5,4.5,108.0,True,11.93,True
282,ES,ES-IPS_TM_3,Tue,00:00,In-Sample,2024-05-28 00:22:56,2024-05-28 03:14:15,LONG,1,5330.5,5328.5,-100.0,4.5,-104.5,True,11.93,True
282,ES,ES-IPS_TM_6,Tue,00:00,In-Sample,2024-05-28 00:22:56,2024-05-28 03:02:27,LONG,1,5330.5,5332.75,112.5,4.5,108.0,True,11.93,True
282,ES,ES-IPS_TM_6,Tue,00:00,In-Sample,2024-05-28 00:22:56,2024-05-28 04:14:36,LONG,1,5330.5,5335.25,237.5,4.5,233.0,True,11.93,True
282,ES,ES-IPS_TM_6,Tue,00:00,In-Sample,2024-05-28 00:22:56,2024-05-28 05:30:43,LONG,1,5330.5,5336.0,275.0,4.5,270.5,True,11.93,True
282,ES,ES-IPS_TM_7,Tue,00:00,In-Sample,2024-05-28 00:22:56,2024-05-28 03:02:27,LONG,1,5330.5,5332.75,112.5,4.5,108.0,True,11.93,True
282,ES,ES-IPS_TM_7,Tue,00:00,In-Sample,2024-05-28 00:22:56,2024-05-28 03:14:15,LONG,1,5330.5,5328.5,-100.0,4.5,-104.5,True,11.93,True
282,ES,ES-TM_3,Tue,00:00,In-Sample,2024-05-28 00:22:56,2024-05-28 03:02:27,LONG,1,5330.5,5332.75,112.5,4.5,108.0,True,11.93,True
282,ES,ES-TM_3,Tue,00:00,In-Sample,2024-05-28 00:22:56,2024-05-28 03:14:15,LONG,1,5330.5,5328.5,-100.0,4.5,-104.5,True,11.93,True
282,ES,ES-TM_6,Tue,00:00,In-Sample,2024-05-28 00:22:57,2024-05-28 03:02:27,LONG,1,5330.5,5332.75,112.5,4.5,108.0,True,11.93,True
282,ES,ES-TM_6,Tue,00:00,In-Sample,2024-05-28 00:22:57,2024-05-28 04:14:36,LONG,1,5330.5,5335.25,237.5,4.5,233.0,True,11.93,True
282,ES,ES-TM_6,Tue,00:00,In-Sample,2024-05-28 00:22:57,2024-05-28 05:30:43,LONG,1,5330.5,5336.0,275.0,4.5,270.5,True,11.93,True
282,ES,ES-IPSMUD1,Tue,00:00,In-Sample,2024-05-28 00:28:01,2024-05-28 00:31:09,SHORT,3,5330.0,5330.75,-112.5,13.5,-126.0,True,11.93,True
282,ES,ES-TM_8,Tue,00:00,In-Sample,2024-06-04 00:01:03,2024-06-04 00:18:37,SHORT,3,5298.5,5299.75,-187.5,13.5,-201.0,True,13.11,True
282,ES,ES-TM_5,Tue,00:00,In-Sample,2024-06-04 00:01:03,2024-06-04 00:18:37,SHORT,3,5298.5,5299.75,-187.5,13.5,-201.0,True,13.11,True
282,ES,ES-TM_1,Tue,00:00,In-Sample,2024-06-04 00:24:26,2024-06-04 02:31:19,LONG,1,5300.0,5291.0,-450.0,4.5,-454.5,True,13.11,True
282,ES,ES-TM_8,Tue,00:00,In-Sample,2024-06-18 00:17:17,2024-06-18 01:16:34,SHORT,3,5546.0,5545.5,75.0,13.5,61.5,True,12.75,True
282,ES,ES-TM_5,Tue,00:00,In-Sample,2024-06-18 00:17:17,2024-06-18 01:16:33,SHORT,3,5546.0,5545.5,75.0,13.5,61.5,True,12.75,True
282,ES,ES-TM_8,Tue,00:00,In-Sample,2024-06-18 00:17:20,2024-06-18 01:16:34,SHORT,3,5546.0,5545.5,75.0,13.5,61.5,True,12.75,True
282,ES,ES-TM_5,Tue,00:00,In-Sample,2024-06-18 00:17:20,2024-06-18 01:16:33,SHORT,3,5546.0,5545.5,75.0,13.5,61.5,True,12.75,True
282,ES,ES-TM_5,Tue,00:00,In-Sample,2024-06-18 00:17:20,2024-06-18 01:16:37,SHORT,3,5546.0,5545.5,75.0,13.5,61.5,True,12.75,True
282,ES,ES-IPS_TM_5,Tue,00:00,In-Sample,2024-06-18 00:24:28,2024-06-18 01:16:33,SHORT,1,5545.25,5545.5,-12.5,4.5,-17.0,True,12.75,True
282,ES,ES-IPS_TM_5,Tue,00:00,In-Sample,2024-06-18 00:24:28,2024-06-18 01:16:37,SHORT,2,5545.25,5545.5,-25.0,9.0,-34.0,True,12.75,True
282,ES,ES-IPSMUD1,Tue,00:00,In-Sample,2024-06-25 00:04:36,2024-06-25 00:12:14,SHORT,3,5523.0,5524.0,-150.0,13.5,-163.5,True,13.33,True
282,ES,ES-IPSMUD1,Tue,00:00,In-Sample,2024-06-25 00:15:05,2024-06-25 00:21:43,SHORT,1,5523.5,5522.75,37.5,4.5,33.0,True,13.33,True
282,ES,ES-IPSMUD1,Tue,00:00,In-Sample,2024-06-25 00:15:05,2024-06-25 00:26:07,SHORT,2,5523.5,5523.25,25.0,9.0,16.0,True,13.33,True
282,ES,ES-IPS_TM_10,Tue,00:00,In-Sample,2024-07-02 00:20:35,2024-07-02 01:35:18,LONG,1,5523.0,5525.25,112.5,4.5,108.0,True,12.22,True
282,ES,ES-IPS_TM_10,Tue,00:00,In-Sample,2024-07-02 00:20:35,2024-07-02 01:43:56,LONG,1,5523.0,5527.5,225.0,4.5,220.5,True,12.22,True
282,ES,ES-IPS_TM_10,Tue,00:00,In-Sample,2024-07-02 00:20:35,2024-07-02 02:17:10,LONG,1,5523.0,5522.75,-12.5,4.5,-17.0,True,12.22,True
282,ES,ES-IPS_TM_5dupl,Tue,00:00,In-Sample,2024-07-02 00:20:35,2024-07-02 01:35:18,LONG,1,5523.0,5525.25,112.5,4.5,108.0,True,12.22,True
282,ES,ES-IPS_TM_5dupl,Tue,00:00,In-Sample,2024-07-02 00:20:35,2024-07-02 01:43:56,LONG,1,5523.0,5527.5,225.0,4.5,220.5,True,12.22,True
282,ES,ES-IPS_TM_5dupl,Tue,00:00,In-Sample,2024-07-02 00:20:35,2024-07-02 02:17:10,LONG,1,5523.0,5522.75,-12.5,4.5,-17.0,True,12.22,True
282,ES,ES-PB_1,Tue,00:00,In-Sample,2024-07-02 00:20:35,2024-07-02 01:35:18,LONG,1,5523.0,5525.25,112.5,4.5,108.0,True,12.22,True
282,ES,ES-PB_1,Tue,00:00,In-Sample,2024-07-02 00:20:35,2024-07-02 02:55:53,LONG,1,5523.0,5520.5,-125.0,4.5,-129.5,True,12.22,True
282,ES,ES-TM_5,Tue,00:00,In-Sample,2024-07-16 00:11:18,2024-07-16 00:23:26,LONG,3,5693.25,5692.25,-150.0,13.5,-163.5,True,13.12,True
282,ES,ES-TM_8,Tue,00:00,In-Sample,2024-07-16 00:11:19,2024-07-16 00:23:26,LONG,3,5693.25,5692.25,-150.0,13.5,-163.5,True,13.12,True
282,ES,ES-TM_7,Tue,00:00,In-Sample,2024-07-16 00:29:07,2024-07-16 01:48:31,SHORT,3,5692.0,5694.75,-412.5,13.5,-426.0,True,13.12,True
282,ES,ES-TS_4,Tue,00:00,In-Sample,2024-07-23 00:00:45,2024-07-23 00:13:24,LONG,1,5600.5,5603.0,125.0,4.5,120.5,True,14.91,True
282,ES,ES-TS_4,Tue,00:00,In-Sample,2024-07-23 00:00:45,2024-07-23 02:12:03,LONG,2,5600.5,5595.25,-525.0,9.0,-534.0,True,14.91,True
282,ES,ES-TS_6,Tue,00:00,In-Sample,2024-07-23 00:00:45,2024-07-23 00:13:24,LONG,1,5600.5,5603.0,125.0,4.5,120.5,True,14.91,True
282,ES,ES-TS_6,Tue,00:00,In-Sample,2024-07-23 00:00:45,2024-07-23 00:30:31,LONG,2,5600.5,5600.75,25.0,9.0,16.0,True,14.91,True
282,ES,ES-TS_5,Tue,00:00,In-Sample,2024-07-23 00:00:45,2024-07-23 09:12:19,LONG,3,5600.5,5606.75,937.5,13.5,924.0,True,14.91,True
282,ES,ES-IPS_TM_5,Tue,00:00,In-Sample,2024-07-23 00:16:35,2024-07-23 01:12:31,SHORT,3,5601.75,5603.0,-187.5,13.5,-201.0,True,14.91,True
282,ES,ES-TM_8,Tue,00:00,In-Sample,2024-07-23 00:16:35,2024-07-23 00:52:55,SHORT,2,5601.75,5601.75,0.0,9.0,-9.0,True,14.91,True
282,ES,ES-TM_8,Tue,00:00,In-Sample,2024-07-23 00:16:35,2024-07-23 00:52:55,SHORT,1,5601.75,5601.75,0.0,4.5,-4.5,True,14.91,True
282,ES,ES-TM_8,Tue,00:00,In-Sample,2024-07-23 00:16:35,2024-07-23 00:52:55,SHORT,2,5601.75,5601.75,0.0,9.0,-9.0,True,14.91,True
282,ES,ES-TM_5,Tue,00:00,In-Sample,2024-07-30 00:01:59,2024-07-30 00:22:49,LONG,1,5490.5,5495.5,250.0,4.5,245.5,True,16.6,True
282,ES,ES-TM_9,Tue,00:00,In-Sample,2024-07-30 00:03:51,2024-07-30 00:54:28,LONG,2,5491.75,5499.25,750.0,9.0,741.0,True,16.6,True
282,ES,ES-TM_9,Tue,00:00,In-Sample,2024-07-30 00:03:51,2024-07-30 03:07:15,LONG,2,5491.75,5509.25,1750.0,9.0,1741.0,True,16.6,True
282,ES,ES-TM_9,Tue,00:00,In-Sample,2024-07-30 00:03:51,2024-07-30 03:10:36,LONG,2,5491.75,5507.75,1600.0,9.0,1591.0,True,16.6,True
282,ES,ES-IPS_TM_8,Tue,00:00,In-Sample,2024-07-30 00:18:17,2024-07-30 00:22:14,SHORT,3,5493.25,5494.75,-225.0,13.5,-238.5,True,16.6,True
282,ES,ES-TM_8,Tue,00:00,In-Sample,2024-07-30 00:22:49,2024-07-30 16:58:59,SHORT,1,5495.5,5455.25,2012.5,4.5,2008.0,True,16.6,True
282,ES,ES-IPS_TM_5,Tue,00:00,In-Sample,2024-08-06 00:00:35,2024-08-06 00:20:48,LONG,3,5298.25,5295.25,-450.0,13.5,-463.5,True,38.57,False
282,ES,ES-TM_8,Tue,00:00,In-Sample,2024-08-27 00:03:58,2024-08-27 00:21:19,SHORT,3,5634.0,5635.25,-187.5,13.5,-201.0,True,16.15,True
282,ES,ES-TM_8,Tue,00:00,In-Sample,2024-08-27 00:21:19,2024-08-27 01:47:08,LONG,3,5635.25,5636.25,150.0,13.5,136.5,True,16.15,True
282,ES,ES-TM_8,Tue,00:00,In-Sample,2024-09-03 00:08:45,2024-09-03 01:03:07,SHORT,3,5651.75,5653.5,-262.5,13.5,-276.0,True,15.0,True
282,ES,ES-IPS_TM_6,Tue,00:00,In-Sample,2024-09-24 00:22:24,2024-09-24 00:29:13,LONG,1,5769.5,5771.5,100.0,4.5,95.5,True,15.89,True
282,ES,ES-IPS_TM_6,Tue,00:00,In-Sample,2024-09-24 00:22:24,2024-09-24 00:30:54,LONG,1,5769.5,5773.5,200.0,4.5,195.5,True,15.89,True
282,ES,ES-IPS_TM_6,Tue,00:00,In-Sample,2024-09-24 00:22:24,2024-09-24 03:26:56,LONG,1,5769.5,5782.25,637.5,4.5,633.0,True,15.89,True
282,ES,ES-IPS_TM_7,Tue,00:00,In-Sample,2024-09-24 00:22:24,2024-09-24 00:29:13,LONG,1,5769.5,5771.5,100.0,4.5,95.5,True,15.89,True
282,ES,ES-IPS_TM_7,Tue,00:00,In-Sample,2024-09-24 00:22:24,2024-09-24 06:51:33,LONG,1,5769.5,5784.0,725.0,4.5,720.5,True,15.89,True
282,ES,ES-IPS_TM_3,Tue,00:00,In-Sample,2024-09-24 00:22:24,2024-09-24 00:29:13,LONG,1,5769.5,5771.5,100.0,4.5,95.5,True,15.89,True
282,ES,ES-IPS_TM_3,Tue,00:00,In-Sample,2024-09-24 00:22:24,2024-09-24 03:26:51,LONG,1,5769.5,5782.5,650.0,4.5,645.5,True,15.89,True
282,ES,ES-TM_3,Tue,00:00,In-Sample,2024-09-24 00:22:24,2024-09-24 00:29:13,LONG,1,5769.5,5771.5,100.0,4.5,95.5,True,15.89,True
282,ES,ES-TM_3,Tue,00:00,In-Sample,2024-09-24 00:22:24,2024-09-24 03:26:51,LONG,1,5769.5,5782.5,650.0,4.5,645.5,True,15.89,True
282,ES,ES-TM_6,Tue,00:00,In-Sample,2024-09-24 00:22:24,2024-09-24 00:29:13,LONG,1,5769.5,5771.5,100.0,4.5,95.5,True,15.89,True
282,ES,ES-TM_6,Tue,00:00,In-Sample,2024-09-24 00:22:24,2024-09-24 00:30:54,LONG,1,5769.5,5773.5,200.0,4.5,195.5,True,15.89,True
282,ES,ES-TM_6,Tue,00:00,In-Sample,2024-09-24 00:22:24,2024-09-24 03:26:56,LONG,1,5769.5,5782.25,637.5,4.5,633.0,True,15.89,True
282,ES,ES-TM_10,Tue,00:00,In-Sample,2024-09-24 00:29:53,2024-09-24 01:00:48,LONG,1,5772.0,5775.75,187.5,4.5,183.0,True,15.89,True
282,ES,ES-TM_10,Tue,00:00,In-Sample,2024-09-24 00:29:53,2024-09-24 01:53:30,LONG,1,5772.0,5779.5,375.0,4.5,370.5,True,15.89,True
282,ES,ES-TM_10,Tue,00:00,In-Sample,2024-09-24 00:29:53,2024-09-24 03:26:56,LONG,1,5772.0,5782.25,512.5,4.5,508.0,True,15.89,True
282,ES,ES-TM_2,Tue,00:00,In-Sample,2024-09-24 00:29:53,2024-09-24 01:00:48,LONG,1,5772.0,5775.75,187.5,4.5,183.0,True,15.89,True
282,ES,ES-TM_2,Tue,00:00,In-Sample,2024-09-24 00:29:53,2024-09-24 01:53:30,LONG,1,5772.0,5779.5,375.0,4.5,370.5,True,15.89,True
282,ES,ES-TM_2,Tue,00:00,In-Sample,2024-09-24 00:29:53,2024-09-24 03:26:56,LONG,1,5772.0,5782.25,512.5,4.5,508.0,True,15.89,True
282,ES,ES-TM_7,Tue,00:00,In-Sample,2024-10-22 00:10:07,2024-10-22 01:02:13,SHORT,1,5884.25,5882.0,112.5,4.5,108.0,True,18.37,True
282,ES,ES-TM_7,Tue,00:00,In-Sample,2024-10-22 00:10:07,2024-10-22 02:44:02,SHORT,1,5884.25,5879.75,225.0,4.5,220.5,True,18.37,True
282,ES,ES-TM_7,Tue,00:00,In-Sample,2024-10-22 00:10:07,2024-10-22 03:10:11,SHORT,1,5884.25,5884.75,-25.0,4.5,-29.5,True,18.37,True
282,ES,ES-IPS_TM_11,Tue,00:00,In-Sample,2024-10-22 00:12:26,2024-10-22 00:54:02,LONG,3,5885.25,5883.5,-262.5,13.5,-276.0,True,18.37,True
282,ES,ES-TM_5,Tue,00:00,In-Sample,2024-10-29 00:01:53,2024-10-29 00:03:19,LONG,3,5852.5,5851.0,-225.0,13.5,-238.5,True,19.8,True
282,ES,ES-TM_8,Tue,00:00,In-Sample,2024-10-29 00:01:53,2024-10-29 00:03:19,LONG,3,5852.5,5851.0,-225.0,13.5,-238.5,True,19.8,True
282,ES,ES-TM_5,Tue,00:00,In-Sample,2024-10-29 00:03:19,2024-10-29 00:05:39,SHORT,3,5851.0,5852.0,-150.0,13.5,-163.5,True,19.8,True
282,ES,ES-TM_8,Tue,00:00,In-Sample,2024-10-29 00:03:19,2024-10-29 00:05:39,SHORT,3,5851.0,5852.0,-150.0,13.5,-163.5,True,19.8,True
282,ES,ES-TM_5,Tue,00:00,In-Sample,2024-10-29 00:05:39,2024-10-29 00:25:08,LONG,1,5852.0,5857.0,250.0,4.5,245.5,True,19.8,True
282,ES,ES-TM_5,Tue,00:00,In-Sample,2024-10-29 00:05:39,2024-10-29 00:35:54,LONG,2,5852.0,5856.5,450.0,9.0,441.0,True,19.8,True
282,ES,ES-TM_8,Tue,00:00,In-Sample,2024-10-29 00:05:39,2024-10-29 00:25:08,LONG,1,5852.0,5857.0,250.0,4.5,245.5,True,19.8,True
282,ES,ES-TM_8,Tue,00:00,In-Sample,2024-10-29 00:05:39,2024-10-29 00:35:54,LONG,2,5852.0,5856.5,450.0,9.0,441.0,True,19.8,True
282,ES,ES-TM_10,Tue,00:00,In-Sample,2024-10-29 00:06:04,2024-10-29 04:40:37,LONG,1,5852.75,5868.0,762.5,4.5,758.0,True,19.8,True
282,ES,ES-TM_10,Tue,00:00,In-Sample,2024-10-29 00:06:04,2024-10-29 04:56:01,LONG,2,5852.75,5864.5,1175.0,9.0,1166.0,True,19.8,True
282,ES,ES-TM_2,Tue,00:00,In-Sample,2024-10-29 00:06:04,2024-10-29 04:40:37,LONG,1,5852.75,5868.0,762.5,4.5,758.0,True,19.8,True
282,ES,ES-TM_2,Tue,00:00,In-Sample,2024-10-29 00:06:04,2024-10-29 04:56:01,LONG,2,5852.75,5864.5,1175.0,9.0,1166.0,True,19.8,True
282,ES,ES_PB_2,Tue,00:00,In-Sample,2024-10-29 00:06:04,2024-10-29 00:15:18,LONG,1,5852.75,5855.5,137.5,4.5,133.0,True,19.8,True
282,ES,ES_PB_2,Tue,00:00,In-Sample,2024-10-29 00:06:04,2024-10-29 02:04:59,LONG,1,5852.75,5861.25,425.0,4.5,420.5,True,19.8,True
282,ES,ES_PB_3,Tue,00:00,In-Sample,2024-10-29 00:06:04,2024-10-29 00:15:18,LONG,1,5852.75,5855.5,137.5,4.5,133.0,True,19.8,True
282,ES,ES_PB_3,Tue,00:00,In-Sample,2024-10-29 00:06:04,2024-10-29 01:10:14,LONG,1,5852.75,5855.25,125.0,4.5,120.5,True,19.8,True
282,ES,ES-PB_1,Tue,00:00,In-Sample,2024-10-29 00:10:39,2024-10-29 00:22:27,LONG,1,5853.75,5856.5,137.5,4.5,133.0,True,19.8,True
282,ES,ES-PB_1,Tue,00:00,In-Sample,2024-10-29 00:10:39,2024-10-29 02:09:35,LONG,1,5853.75,5862.0,412.5,4.5,408.0,True,19.8,True
282,ES,ES-IPS_TM_5dupl,Tue,00:00,In-Sample,2024-10-29 00:22:27,2024-10-29 04:08:58,SHORT,1,5856.5,5861.25,-237.5,4.5,-242.0,True,19.8,True
282,ES,ES-IPS_TM_5,Tue,00:00,In-Sample,2024-11-05 00:00:56,2024-11-05 00:11:11,LONG,3,5743.75,5744.5,112.5,13.5,99.0,True,21.98,False
282,ES,ES-TM_8,Tue,00:00,In-Sample,2024-11-05 00:01:43,2024-11-05 00:11:11,LONG,3,5744.0,5744.5,75.0,13.5,61.5,True,21.98,False
282,ES,ES-TM_5,Tue,00:00,In-Sample,2024-11-05 00:01:43,2024-11-05 00:11:11,LONG,3,5744.0,5744.5,75.0,13.5,61.5,True,21.98,False
282,ES,ES-IPS_TM_5,Tue,00:00,In-Sample,2024-11-05 00:11:11,2024-11-05 00:31:20,SHORT,3,5744.5,5747.0,-375.0,13.5,-388.5,True,21.98,False
282,ES,ES-TM_8,Tue,00:00,In-Sample,2024-11-05 00:11:11,2024-11-05 00:17:19,SHORT,3,5744.5,5746.5,-300.0,13.5,-313.5,True,21.98,False
282,ES,ES-TM_5,Tue,00:00,In-Sample,2024-11-05 00:11:11,2024-11-05 00:17:18,SHORT,3,5744.5,5746.5,-300.0,13.5,-313.5,True,21.98,False
282,ES,ES-TM_5,Tue,00:00,In-Sample,2024-11-05 00:17:18,2024-11-05 00:28:07,LONG,3,5746.5,5745.75,-112.5,13.5,-126.0,True,21.98,False
282,ES,ES-TM_8,Tue,00:00,In-Sample,2024-11-05 00:17:19,2024-11-05 00:28:07,LONG,3,5746.5,5745.75,-112.5,13.5,-126.0,True,21.98,False
282,ES,ES-TM_8,Tue,00:00,In-Sample,2024-11-05 00:28:07,2024-11-05 00:31:20,SHORT,3,5745.75,5747.0,-187.5,13.5,-201.0,True,21.98,False
282,ES,ES-TM_5,Tue,00:00,In-Sample,2024-11-05 00:28:07,2024-11-05 00:31:20,SHORT,3,5745.75,5747.0,-187.5,13.5,-201.0,True,21.98,False
282,ES,ES-TM_8,Tue,00:00,In-Sample,2024-11-12 00:05:26,2024-11-12 00:33:09,SHORT,3,6025.5,6024.25,187.5,13.5,174.0,True,14.97,True
282,ES,ES-TM_5,Tue,00:00,In-Sample,2024-11-12 00:05:26,2024-11-12 00:33:09,SHORT,3,6025.5,6024.25,187.5,13.5,174.0,True,14.97,True
282,ES,ES-TM_7,Tue,00:00,In-Sample,2024-11-12 00:28:26,2024-11-12 02:26:07,SHORT,1,6024.0,6021.25,137.5,4.5,133.0,True,14.97,True
282,ES,ES-TM_7,Tue,00:00,In-Sample,2024-11-12 00:28:26,2024-11-12 02:44:50,SHORT,2,6024.0,6024.25,-25.0,9.0,-34.0,True,14.97,True
282,ES,ES-TM_5,Tue,00:00,In-Sample,2024-11-19 00:10:01,2024-11-19 00:16:06,SHORT,3,5929.25,5930.5,-187.5,13.5,-201.0,True,15.58,True
282,ES,ES-TM_8,Tue,00:00,In-Sample,2024-11-19 00:10:01,2024-11-19 00:16:05,SHORT,3,5929.25,5930.5,-187.5,13.5,-201.0,True,15.58,True
282,ES,ES-TM_7,Tue,00:00,In-Sample,2024-11-19 00:12:44,2024-11-19 02:01:08,SHORT,1,5929.0,5926.0,150.0,4.5,145.5,True,15.58,True
282,ES,ES-TM_7,Tue,00:00,In-Sample,2024-11-19 00:12:44,2024-11-19 02:12:22,SHORT,1,5929.0,5923.25,287.5,4.5,283.0,True,15.58,True
282,ES,ES-TM_7,Tue,00:00,In-Sample,2024-11-19 00:12:44,2024-11-19 02:30:51,SHORT,1,5929.0,5927.5,75.0,4.5,70.5,True,15.58,True
282,ES,ES-TM_8,Tue,00:00,In-Sample,2024-11-19 00:16:05,2024-11-19 00:17:30,LONG,3,5930.5,5928.5,-300.0,13.5,-313.5,True,15.58,True
282,ES,ES-IPS_TM_5,Tue,00:00,In-Sample,2024-11-19 00:16:06,2024-11-19 00:17:30,LONG,3,5930.5,5928.5,-300.0,13.5,-313.5,True,15.58,True
282,ES,ES-TM_5,Tue,00:00,In-Sample,2024-11-19 00:16:06,2024-11-19 00:17:30,LONG,3,5930.5,5928.5,-300.0,13.5,-313.5,True,15.58,True
282,ES,ES-TM_5,Tue,00:00,In-Sample,2024-11-19 00:17:53,2024-11-19 01:23:00,SHORT,3,5928.0,5928.5,-75.0,13.5,-88.5,True,15.58,True
282,ES,ES-TM_8,Tue,00:00,In-Sample,2024-11-19 00:17:53,2024-11-19 01:23:01,SHORT,3,5928.0,5928.5,-75.0,13.5,-88.5,True,15.58,True
282,ES,ES-IPS_TM_3,Tue,00:00,In-Sample,2024-11-19 00:21:43,2024-11-19 02:03:31,SHORT,1,5927.5,5925.25,112.5,4.5,108.0,True,15.58,True
282,ES,ES-IPS_TM_3,Tue,00:00,In-Sample,2024-11-19 00:21:43,2024-11-19 02:30:29,SHORT,1,5927.5,5927.5,0.0,4.5,-4.5,True,15.58,True
282,ES,ES-IPS_TM_6,Tue,00:00,In-Sample,2024-11-19 00:21:43,2024-11-19 02:03:30,SHORT,1,5927.5,5925.25,112.5,4.5,108.0,True,15.58,True
282,ES,ES-IPS_TM_6,Tue,00:00,In-Sample,2024-11-19 00:21:43,2024-11-19 02:13:13,SHORT,1,5927.5,5923.0,225.0,4.5,220.5,True,15.58,True
282,ES,ES-IPS_TM_6,Tue,00:00,In-Sample,2024-11-19 00:21:43,2024-11-19 02:31:44,SHORT,1,5927.5,5928.0,-25.0,4.5,-29.5,True,15.58,True
282,ES,ES-IPS_TM_7,Tue,00:00,In-Sample,2024-11-19 00:21:43,2024-11-19 02:03:31,SHORT,1,5927.5,5925.25,112.5,4.5,108.0,True,15.58,True
282,ES,ES-IPS_TM_7,Tue,00:00,In-Sample,2024-11-19 00:21:43,2024-11-19 03:48:23,SHORT,1,5927.5,5914.25,662.5,4.5,658.0,True,15.58,True
282,ES,ES-TM_3,Tue,00:00,In-Sample,2024-11-19 00:21:43,2024-11-19 02:03:31,SHORT,1,5927.5,5925.25,112.5,4.5,108.0,True,15.58,True
282,ES,ES-TM_3,Tue,00:00,In-Sample,2024-11-19 00:21:43,2024-11-19 02:30:29,SHORT,1,5927.5,5927.5,0.0,4.5,-4.5,True,15.58,True
282,ES,ES-TM_6,Tue,00:00,In-Sample,2024-11-19 00:21:43,2024-11-19 02:03:31,SHORT,1,5927.5,5925.25,112.5,4.5,108.0,True,15.58,True
282,ES,ES-TM_6,Tue,00:00,In-Sample,2024-11-19 00:21:43,2024-11-19 02:13:13,SHORT,1,5927.5,5923.0,225.0,4.5,220.5,True,15.58,True
282,ES,ES-TM_6,Tue,00:00,In-Sample,2024-11-19 00:21:43,2024-11-19 02:31:44,SHORT,1,5927.5,5928.0,-25.0,4.5,-29.5,True,15.58,True
282,ES,ES-TM_5,Tue,00:00,In-Sample,2024-11-26 00:10:08,2024-11-26 00:31:28,SHORT,1,6008.25,6006.75,75.0,4.5,70.5,True,14.6,True
282,ES,ES-TM_5,Tue,00:00,In-Sample,2024-11-26 00:10:08,2024-11-26 00:31:28,SHORT,2,6008.25,6006.75,150.0,9.0,141.0,True,14.6,True
282,ES,ES-TM_5,Tue,00:00,In-Sample,2024-11-26 00:10:08,2024-11-26 00:31:28,SHORT,1,6008.25,6006.75,75.0,4.5,70.5,True,14.6,True
282,ES,ES-TM_8,Tue,00:00,In-Sample,2024-11-26 00:10:08,2024-11-26 00:31:28,SHORT,1,6008.25,6006.75,75.0,4.5,70.5,True,14.6,True
282,ES,ES-TM_8,Tue,00:00,In-Sample,2024-11-26 00:10:08,2024-11-26 00:31:28,SHORT,2,6008.25,6006.75,150.0,9.0,141.0,True,14.6,True
282,ES,ES-TM_8,Tue,00:00,In-Sample,2024-11-26 00:10:08,2024-11-26 00:31:28,SHORT,1,6008.25,6006.75,75.0,4.5,70.5,True,14.6,True
282,ES,ES-TM_8,Tue,00:00,In-Sample,2024-12-03 00:28:25,2024-12-03 01:07:22,LONG,3,6065.5,6065.75,37.5,13.5,24.0,True,13.34,True
282,ES,ES-TM_5,Tue,00:00,In-Sample,2024-12-03 00:28:25,2024-12-03 01:07:22,LONG,3,6065.5,6065.75,37.5,13.5,24.0,True,13.34,True
282,ES,ES-IPS_TM_5,Tue,00:00,In-Sample,2024-12-10 00:01:01,2024-12-10 00:30:11,LONG,3,6061.75,6062.5,112.5,13.5,99.0,True,14.19,True
282,ES,ES-TM_5,Tue,00:00,In-Sample,2024-12-17 00:10:53,2024-12-17 00:34:57,LONG,3,6149.25,6147.75,-225.0,13.5,-238.5,True,14.69,True
282,ES,ES-IPS_TM_5,Tue,00:00,In-Sample,2024-12-24 00:02:50,2024-12-24 00:52:26,SHORT,3,6034.5,6035.25,-112.5,13.5,-126.0,True,16.78,True
282,ES,ES-TM_8,Tue,00:00,In-Sample,2024-12-24 00:14:27,2024-12-24 00:52:26,SHORT,3,6034.0,6035.25,-187.5,13.5,-201.0,True,16.78,True
282,ES,ES-TM_5,Tue,00:00,In-Sample,2024-12-24 00:14:27,2024-12-24 00:52:25,SHORT,3,6034.0,6035.25,-187.5,13.5,-201.0,True,16.78,True
282,ES,ES-TM_7,Tue,00:00,In-Sample,2025-01-07 00:07:17,2025-01-07 00:20:38,SHORT,1,6015.75,6012.75,150.0,4.5,145.5,True,16.04,True
282,ES,ES-TM_7,Tue,00:00,In-Sample,2025-01-07 00:07:17,2025-01-07 00:23:04,SHORT,1,6015.75,6009.75,300.0,4.5,295.5,True,16.04,True
282,ES,ES-TM_7,Tue,00:00,In-Sample,2025-01-07 00:07:17,2025-01-07 00:28:08,SHORT,1,6015.75,6012.25,175.0,4.5,170.5,True,16.04,True
282,ES,ES-TM_8,Tue,00:00,In-Sample,2025-01-07 00:14:32,2025-01-07 00:20:19,LONG,3,6017.0,6014.75,-337.5,13.5,-351.0,True,16.04,True
282,ES,ES-TM_5,Tue,00:00,In-Sample,2025-01-07 00:14:32,2025-01-07 00:20:19,LONG,2,6017.0,6014.75,-225.0,9.0,-234.0,True,16.04,True
282,ES,ES-TM_5,Tue,00:00,In-Sample,2025-01-07 00:20:19,2025-01-07 00:24:07,SHORT,1,6014.75,6008.5,312.5,4.5,308.0,True,16.04,True
282,ES,ES-TM_8,Tue,00:00,In-Sample,2025-01-07 00:20:35,2025-01-07 00:24:07,SHORT,1,6013.5,6008.5,250.0,4.5,245.5,True,16.04,True
282,ES,ES-TM_8,Tue,00:00,In-Sample,2025-01-07 00:20:35,2025-01-07 00:25:02,SHORT,2,6013.5,6009.75,375.0,9.0,366.0,True,16.04,True
282,ES,ES-TM_5,Tue,00:00,In-Sample,2025-01-07 00:20:35,2025-01-07 00:25:02,SHORT,2,6013.5,6009.75,375.0,9.0,366.0,True,16.04,True
282,ES,ES-TM_5,Tue,00:00,In-Sample,2025-01-07 00:20:35,2025-01-07 00:25:13,SHORT,1,6013.5,6010.75,137.5,4.5,133.0,True,16.04,True
282,ES,ES-TM_10,Tue,00:00,In-Sample,2025-01-07 00:20:38,2025-01-07 00:23:04,SHORT,1,6012.75,6009.0,187.5,4.5,183.0,True,16.04,True
282,ES,ES-TM_10,Tue,00:00,In-Sample,2025-01-07 00:20:38,2025-01-07 00:29:10,SHORT,2,6012.75,6012.5,25.0,9.0,16.0,True,16.04,True
282,ES,ES-TM_2,Tue,00:00,In-Sample,2025-01-07 00:20:38,2025-01-07 00:23:04,SHORT,1,6012.75,6009.0,187.5,4.5,183.0,True,16.04,True
282,ES,ES-TM_2,Tue,00:00,In-Sample,2025-01-07 00:20:38,2025-01-07 00:29:10,SHORT,2,6012.75,6012.5,25.0,9.0,16.0,True,16.04,True
282,ES,ES-IPS_TM_8,Tue,00:00,In-Sample,2025-01-07 00:21:29,2025-01-07 00:23:00,LONG,3,6013.25,6010.25,-450.0,13.5,-463.5,True,16.04,True
282,ES,ES-IPS_TM_8,Tue,00:00,In-Sample,2025-01-07 00:25:13,2025-01-07 01:02:11,LONG,1,6010.75,6015.75,250.0,4.5,245.5,True,16.04,True
282,ES,ES-IPS_TM_8,Tue,00:00,In-Sample,2025-01-07 00:25:13,2025-01-07 01:11:00,LONG,2,6010.75,6015.0,425.0,9.0,416.0,True,16.04,True
282,ES,ES-IPS_TM_5,Tue,00:00,In-Sample,2025-01-07 00:25:13,2025-01-07 00:43:07,LONG,3,6010.75,6011.5,112.5,13.5,99.0,True,16.04,True
282,ES,ES-TM_8,Tue,00:00,In-Sample,2025-01-07 00:25:13,2025-01-07 00:43:07,LONG,3,6010.75,6011.5,112.5,13.5,99.0,True,16.04,True
282,ES,ES-TM_5,Tue,00:00,In-Sample,2025-01-07 00:25:13,2025-01-07 00:43:06,LONG,2,6010.75,6011.5,75.0,9.0,66.0,True,16.04,True
282,ES,ES-IPS_TM_11,Tue,00:00,In-Sample,2025-01-07 00:25:14,2025-01-07 01:02:11,LONG,1,6010.75,6015.75,250.0,4.5,245.5,True,16.04,True
282,ES,ES-IPS_TM_11,Tue,00:00,In-Sample,2025-01-07 00:25:14,2025-01-07 03:00:21,LONG,2,6010.75,6017.25,650.0,9.0,641.0,True,16.04,True
282,ES,ES-IPS_TM_12,Tue,00:00,In-Sample,2025-01-07 00:26:33,2025-01-07 01:02:59,LONG,1,6011.5,6016.5,250.0,4.5,245.5,True,16.04,True
282,ES,ES-IPS_TM_12,Tue,00:00,In-Sample,2025-01-07 00:26:33,2025-01-07 04:09:10,LONG,1,6011.5,6026.5,750.0,4.5,745.5,True,16.04,True
282,ES,ES-IPS_TM_12,Tue,00:00,In-Sample,2025-01-07 00:26:33,2025-01-07 04:45:28,LONG,1,6011.5,6022.75,562.5,4.5,558.0,True,16.04,True
282,ES,ES-IPS_TM_5,Tue,00:00,In-Sample,2025-01-14 00:00:24,2025-01-14 00:36:14,SHORT,3,5891.75,5892.75,-150.0,13.5,-163.5,True,19.19,True
282,ES,ES-TM_5,Tue,00:00,In-Sample,2025-01-14 00:00:24,2025-01-14 00:34:32,SHORT,3,5891.75,5891.5,37.5,13.5,24.0,True,19.19,True
282,ES,ES-TM_8,Tue,00:00,In-Sample,2025-01-14 00:00:24,2025-01-14 00:34:32,SHORT,3,5891.75,5891.5,37.5,13.5,24.0,True,19.19,True
282,ES,ES-TM_5,Tue,00:00,In-Sample,2025-01-21 00:22:46,2025-01-21 00:50:12,LONG,3,6042.75,6039.75,-450.0,13.5,-463.5,True,15.97,True
282,ES,ES-TM_8,Tue,00:00,In-Sample,2025-01-28 00:05:42,2025-01-28 00:35:20,SHORT,1,6045.75,6040.75,250.0,4.5,245.5,True,17.9,True
282,ES,ES-TM_8,Tue,00:00,In-Sample,2025-01-28 00:05:42,2025-01-28 00:41:03,SHORT,2,6045.75,6038.0,775.0,9.0,766.0,True,17.9,True
282,ES,ES-TM_5,Tue,00:00,In-Sample,2025-01-28 00:05:42,2025-01-28 00:35:20,SHORT,1,6045.75,6040.75,250.0,4.5,245.5,True,17.9,True
282,ES,ES-TM_5,Tue,00:00,In-Sample,2025-01-28 00:05:42,2025-01-28 00:41:03,SHORT,2,6045.75,6038.0,775.0,9.0,766.0,True,17.9,True
282,ES,ES-TM_7,Tue,00:00,In-Sample,2025-02-04 00:02:03,2025-02-04 00:04:38,SHORT,1,6026.75,6021.25,275.0,4.5,270.5,True,18.62,True
282,ES,ES-TM_7,Tue,00:00,In-Sample,2025-02-04 00:02:03,2025-02-04 00:05:05,SHORT,1,6026.75,6016.0,537.5,4.5,533.0,True,18.62,True
282,ES,ES-TM_7,Tue,00:00,In-Sample,2025-02-04 00:02:03,2025-02-04 00:07:37,SHORT,1,6026.75,5992.75,1700.0,4.5,1695.5,True,18.62,True
282,ES,ES-IPS_TM_5,Tue,00:00,In-Sample,2025-02-04 00:03:21,2025-02-04 00:04:03,LONG,3,6028.25,6025.5,-412.5,13.5,-426.0,True,18.62,True
282,ES,ES-TM_5,Tue,00:00,In-Sample,2025-02-04 00:03:21,2025-02-04 00:04:01,LONG,3,6028.25,6026.0,-337.5,13.5,-351.0,True,18.62,True
282,ES,ES-TM_8,Tue,00:00,In-Sample,2025-02-04 00:03:21,2025-02-04 00:04:01,LONG,3,6028.25,6026.0,-337.5,13.5,-351.0,True,18.62,True
282,ES,ES-TM_5,Tue,00:00,In-Sample,2025-02-04 00:04:01,2025-02-04 00:04:08,SHORT,3,6026.0,6026.0,0.0,13.5,-13.5,True,18.62,True
282,ES,ES-TM_8,Tue,00:00,In-Sample,2025-02-04 00:04:01,2025-02-04 00:04:08,SHORT,3,6026.0,6026.0,0.0,13.5,-13.5,True,18.62,True
282,ES,ES-IPS_TM_8,Tue,00:00,In-Sample,2025-02-04 00:04:08,2025-02-04 00:04:16,LONG,3,6026.0,6024.25,-262.5,13.5,-276.0,True,18.62,True
282,ES,ES-IPS_TM_5,Tue,00:00,In-Sample,2025-02-04 00:04:08,2025-02-04 00:04:16,LONG,3,6026.0,6024.25,-262.5,13.5,-276.0,True,18.62,True
282,ES,ES-TM_5,Tue,00:00,In-Sample,2025-02-04 00:04:08,2025-02-04 00:04:16,LONG,3,6026.0,6024.25,-262.5,13.5,-276.0,True,18.62,True
282,ES,ES-TM_8,Tue,00:00,In-Sample,2025-02-04 00:04:08,2025-02-04 00:04:16,LONG,3,6026.0,6024.25,-262.5,13.5,-276.0,True,18.62,True
282,ES,ES-TM_10,Tue,00:00,In-Sample,2025-02-04 00:04:16,2025-02-04 00:04:38,SHORT,1,6023.75,6020.0,187.5,4.5,183.0,True,18.62,True
282,ES,ES-TM_10,Tue,00:00,In-Sample,2025-02-04 00:04:16,2025-02-04 00:05:05,SHORT,1,6023.75,6016.25,375.0,4.5,370.5,True,18.62,True
282,ES,ES-TM_10,Tue,00:00,In-Sample,2025-02-04 00:04:16,2025-02-04 00:07:37,SHORT,1,6023.75,5992.75,1550.0,4.5,1545.5,True,18.62,True
282,ES,ES-TM_2,Tue,00:00,In-Sample,2025-02-04 00:04:16,2025-02-04 00:04:38,SHORT,1,6023.75,6020.0,187.5,4.5,183.0,True,18.62,True
282,ES,ES-TM_2,Tue,00:00,In-Sample,2025-02-04 00:04:16,2025-02-04 00:05:05,SHORT,1,6023.75,6016.25,375.0,4.5,370.5,True,18.62,True
282,ES,ES-TM_2,Tue,00:00,In-Sample,2025-02-04 00:04:16,2025-02-04 00:07:37,SHORT,1,6023.75,5992.75,1550.0,4.5,1545.5,True,18.62,True
282,ES,ES-IPS_TM_11,Tue,00:00,In-Sample,2025-02-04 00:04:17,2025-02-04 00:04:37,LONG,3,6024.75,6022.0,-412.5,13.5,-426.0,True,18.62,True
282,ES,ES-TM_8,Tue,00:00,In-Sample,2025-02-04 00:04:17,2025-02-04 00:04:19,LONG,3,6024.75,6023.75,-150.0,13.5,-163.5,True,18.62,True
282,ES,ES-TM_5,Tue,00:00,In-Sample,2025-02-04 00:04:38,2025-02-04 00:04:40,SHORT,3,6021.75,6020.0,262.5,13.5,249.0,True,18.62,True
282,ES,ES-TM_8,Tue,00:00,In-Sample,2025-02-04 00:04:38,2025-02-04 00:04:40,SHORT,3,6021.75,6020.0,262.5,13.5,249.0,True,18.62,True
282,ES,ES-IPS_TM_5,Tue,00:00,In-Sample,2025-02-04 00:04:39,2025-02-04 00:04:39,SHORT,3,6020.5,6021.5,-150.0,13.5,-163.5,True,18.62,True
282,ES,ES-IPS_TM_8,Tue,00:00,In-Sample,2025-02-04 00:04:40,2025-02-04 00:04:40,LONG,3,6019.75,6018.0,-262.5,13.5,-276.0,True,18.62,True
282,ES,ES-IPS_TM_5,Tue,00:00,In-Sample,2025-02-04 00:04:40,2025-02-04 00:04:40,LONG,3,6019.75,6018.0,-262.5,13.5,-276.0,True,18.62,True
282,ES,ES-TM_5,Tue,00:00,In-Sample,2025-02-04 00:04:40,2025-02-04 00:04:55,LONG,3,6020.0,6017.5,-375.0,13.5,-388.5,True,18.62,True
282,ES,ES-TM_8,Tue,00:00,In-Sample,2025-02-04 00:04:40,2025-02-04 00:04:40,LONG,3,6020.0,6018.0,-300.0,13.5,-313.5,True,18.62,True
282,ES,ES-TM_8,Tue,00:00,In-Sample,2025-02-04 00:04:46,2025-02-04 00:04:55,LONG,3,6020.0,6017.5,-375.0,13.5,-388.5,True,18.62,True
282,ES,ES-TM_8,Tue,00:00,In-Sample,2025-02-04 00:04:55,2025-02-04 00:05:16,SHORT,3,6017.5,6016.0,225.0,13.5,211.5,True,18.62,True
282,ES,ES-TM_5,Tue,00:00,In-Sample,2025-02-04 00:04:56,2025-02-04 00:05:15,SHORT,3,6017.75,6016.5,187.5,13.5,174.0,True,18.62,True
282,ES,ES-TM_5,Tue,00:00,In-Sample,2025-02-04 00:05:37,2025-02-04 00:05:40,SHORT,2,6012.75,6011.0,175.0,9.0,166.0,True,18.62,True
282,ES,ES-TM_5,Tue,00:00,In-Sample,2025-02-04 00:05:37,2025-02-04 00:05:53,SHORT,1,6012.75,6010.75,100.0,4.5,95.5,True,18.62,True
282,ES,ES-TM_8,Tue,00:00,In-Sample,2025-02-04 00:05:37,2025-02-04 00:05:40,SHORT,2,6012.75,6011.0,175.0,9.0,166.0,True,18.62,True
282,ES,ES-TM_8,Tue,00:00,In-Sample,2025-02-04 00:05:37,2025-02-04 00:05:53,SHORT,1,6012.75,6010.75,100.0,4.5,95.5,True,18.62,True
282,ES,ES-TM_5,Tue,00:00,In-Sample,2025-02-04 00:05:41,2025-02-04 00:05:53,SHORT,2,6010.0,6010.75,-75.0,9.0,-84.0,True,18.62,True
282,ES,ES-TM_5,Tue,00:00,In-Sample,2025-02-04 00:05:41,2025-02-04 00:05:53,SHORT,1,6010.0,6010.75,-37.5,4.5,-42.0,True,18.62,True
282,ES,ES-TM_8,Tue,00:00,In-Sample,2025-02-04 00:05:41,2025-02-04 00:05:53,SHORT,2,6010.0,6010.75,-75.0,9.0,-84.0,True,18.62,True
282,ES,ES-TM_8,Tue,00:00,In-Sample,2025-02-04 00:05:41,2025-02-04 00:05:53,SHORT,1,6010.0,6010.75,-37.5,4.5,-42.0,True,18.62,True
282,ES,ES-IPS_TM_5,Tue,00:00,In-Sample,2025-02-04 00:05:52,2025-02-04 00:06:20,LONG,3,6010.75,6007.5,-487.5,13.5,-501.0,True,18.62,True
282,ES,ES-IPS_TM_8,Tue,00:00,In-Sample,2025-02-04 00:05:53,2025-02-04 00:06:20,LONG,3,6010.75,6007.5,-487.5,13.5,-501.0,True,18.62,True
282,ES,ES-TM_5,Tue,00:00,In-Sample,2025-02-04 00:05:53,2025-02-04 00:06:07,LONG,2,6010.75,6009.5,-125.0,9.0,-134.0,True,18.62,True
282,ES,ES-TM_8,Tue,00:00,In-Sample,2025-02-04 00:05:53,2025-02-04 00:06:07,LONG,2,6010.75,6009.5,-125.0,9.0,-134.0,True,18.62,True
282,ES,ES-TM_5,Tue,00:00,In-Sample,2025-02-04 00:06:07,2025-02-04 00:06:24,SHORT,1,6009.5,6003.5,300.0,4.5,295.5,True,18.62,True
282,ES,ES-TM_5,Tue,00:00,In-Sample,2025-02-04 00:06:07,2025-02-04 00:06:31,SHORT,2,6009.5,6003.5,600.0,9.0,591.0,True,18.62,True
282,ES,ES-TM_5,Tue,00:00,In-Sample,2025-02-04 00:06:07,2025-02-04 00:06:37,SHORT,1,6009.5,6001.25,412.5,4.5,408.0,True,18.62,True
282,ES,ES-TM_8,Tue,00:00,In-Sample,2025-02-04 00:06:07,2025-02-04 00:06:24,SHORT,1,6009.5,6003.5,300.0,4.5,295.5,True,18.62,True
282,ES,ES-TM_8,Tue,00:00,In-Sample,2025-02-04 00:06:07,2025-02-04 00:06:31,SHORT,2,6009.5,6003.5,600.0,9.0,591.0,True,18.62,True
282,ES,ES-TM_8,Tue,00:00,In-Sample,2025-02-04 00:06:07,2025-02-04 00:06:37,SHORT,1,6009.5,6001.25,412.5,4.5,408.0,True,18.62,True
282,ES,ES-IPS_TM_8,Tue,00:00,In-Sample,2025-02-04 00:06:31,2025-02-04 00:06:34,LONG,3,6003.0,6000.25,-412.5,13.5,-426.0,True,18.62,True
282,ES,ES-TM_5,Tue,00:00,In-Sample,2025-02-04 00:06:37,2025-02-04 00:06:55,LONG,2,6001.25,5999.5,-175.0,9.0,-184.0,True,18.62,True
282,ES,ES-TM_8,Tue,00:00,In-Sample,2025-02-04 00:06:37,2025-02-04 00:06:55,LONG,2,6001.25,5999.5,-175.0,9.0,-184.0,True,18.62,True
282,ES,ES-TM_5,Tue,00:00,In-Sample,2025-02-04 00:06:55,2025-02-04 00:07:04,SHORT,1,5999.5,5994.5,250.0,4.5,245.5,True,18.62,True
282,ES,ES-TM_5,Tue,00:00,In-Sample,2025-02-04 00:06:55,2025-02-04 00:07:06,SHORT,2,5999.5,5996.25,325.0,9.0,316.0,True,18.62,True
282,ES,ES-TM_5,Tue,00:00,In-Sample,2025-02-04 00:06:55,2025-02-04 00:07:09,SHORT,1,5999.5,5991.5,400.0,4.5,395.5,True,18.62,True
282,ES,ES-TM_8,Tue,00:00,In-Sample,2025-02-04 00:06:55,2025-02-04 00:07:04,SHORT,1,5999.5,5994.5,250.0,4.5,245.5,True,18.62,True
282,ES,ES-TM_8,Tue,00:00,In-Sample,2025-02-04 00:06:55,2025-02-04 00:07:06,SHORT,2,5999.5,5996.25,325.0,9.0,316.0,True,18.62,True
282,ES,ES-TM_8,Tue,00:00,In-Sample,2025-02-04 00:06:55,2025-02-04 00:07:09,SHORT,1,5999.5,5992.25,362.5,4.5,358.0,True,18.62,True
282,ES,ES-IPS_TM_8,Tue,00:00,In-Sample,2025-02-04 00:07:06,2025-02-04 00:07:10,LONG,3,5994.75,5992.75,-300.0,13.5,-313.5,True,18.62,True
282,ES,ES-TM_5,Tue,00:00,In-Sample,2025-02-04 00:07:08,2025-02-04 00:07:26,SHORT,2,5991.25,5988.75,250.0,9.0,241.0,True,18.62,True
282,ES,ES-TM_5,Tue,00:00,In-Sample,2025-02-04 00:07:08,2025-02-04 00:07:26,SHORT,1,5991.25,5988.75,125.0,4.5,120.5,True,18.62,True
282,ES,ES-TM_8,Tue,00:00,In-Sample,2025-02-04 00:07:08,2025-02-04 00:07:10,SHORT,2,5991.25,5991.5,-25.0,9.0,-34.0,True,18.62,True
282,ES,ES-TM_8,Tue,00:00,In-Sample,2025-02-04 00:07:08,2025-02-04 00:07:26,SHORT,1,5991.25,5988.75,125.0,4.5,120.5,True,18.62,True
282,ES,ES-IPS_TM_5,Tue,00:00,In-Sample,2025-02-04 00:07:25,2025-02-04 00:07:28,LONG,3,5988.75,5987.25,-225.0,13.5,-238.5,True,18.62,True
282,ES,ES-IPS_TM_8,Tue,00:00,In-Sample,2025-02-04 00:07:26,2025-02-04 00:07:28,LONG,3,5988.75,5987.25,-225.0,13.5,-238.5,True,18.62,True
282,ES,ES-TM_5,Tue,00:00,In-Sample,2025-02-04 00:07:26,2025-02-04 00:07:37,LONG,1,5988.75,5993.75,250.0,4.5,245.5,True,18.62,True
282,ES,ES-TM_5,Tue,00:00,In-Sample,2025-02-04 00:07:26,2025-02-04 00:08:12,LONG,1,5988.75,5998.75,500.0,4.5,495.5,True,18.62,True
282,ES,ES-TM_8,Tue,00:00,In-Sample,2025-02-04 00:07:26,2025-02-04 00:07:28,LONG,2,5988.75,5987.25,-150.0,9.0,-159.0,True,18.62,True
282,ES,ES-TM_8,Tue,00:00,In-Sample,2025-02-04 00:07:26,2025-02-04 00:07:28,LONG,1,5988.75,5987.25,-75.0,4.5,-79.5,True,18.62,True
282,ES,ES-TM_8,Tue,00:00,In-Sample,2025-02-04 00:07:26,2025-02-04 00:07:57,LONG,1,5988.75,5996.75,400.0,4.5,395.5,True,18.62,True
282,ES,ES-TM_8,Tue,00:00,In-Sample,2025-02-04 00:07:26,2025-02-04 00:08:12,LONG,1,5988.75,5998.75,500.0,4.5,495.5,True,18.62,True
282,ES,ES-IPS_TM_11,Tue,00:00,In-Sample,2025-02-04 00:07:35,2025-02-04 00:07:57,LONG,1,5991.75,5996.75,250.0,4.5,245.5,True,18.62,True
282,ES,ES-IPS_TM_11,Tue,00:00,In-Sample,2025-02-04 00:07:35,2025-02-04 00:09:20,LONG,1,5991.75,6001.75,500.0,4.5,495.5,True,18.62,True
282,ES,ES-IPS_TM_11,Tue,00:00,In-Sample,2025-02-04 00:07:35,2025-02-04 00:10:03,LONG,1,5991.75,6000.25,425.0,4.5,420.5,True,18.62,True
282,ES,ES-IPS_TM_8,Tue,00:00,In-Sample,2025-02-04 00:07:35,2025-02-04 00:07:54,LONG,1,5991.5,5996.5,250.0,4.5,245.5,True,18.62,True
282,ES,ES-IPS_TM_8,Tue,00:00,In-Sample,2025-02-04 00:07:35,2025-02-04 00:08:12,LONG,2,5991.5,5998.75,725.0,9.0,716.0,True,18.62,True
282,ES,ES-IPS_TM_5,Tue,00:00,In-Sample,2025-02-04 00:07:35,2025-02-04 00:07:54,LONG,1,5991.5,5996.5,250.0,4.5,245.5,True,18.62,True
282,ES,ES-IPS_TM_5,Tue,00:00,In-Sample,2025-02-04 00:07:35,2025-02-04 00:08:12,LONG,2,5991.5,5998.75,725.0,9.0,716.0,True,18.62,True
282,ES,ES-TM_8,Tue,00:00,In-Sample,2025-02-04 00:07:35,2025-02-04 00:08:12,LONG,1,5991.75,5998.75,350.0,4.5,345.5,True,18.62,True
282,ES,ES-TM_8,Tue,00:00,In-Sample,2025-02-04 00:07:35,2025-02-04 00:08:33,LONG,2,5991.75,5998.75,700.0,9.0,691.0,True,18.62,True
282,ES,ES-TM_2,Tue,00:00,In-Sample,2025-02-04 00:07:39,2025-02-04 00:07:54,LONG,3,5994.5,5996.25,262.5,13.5,249.0,True,18.62,True
282,ES,ES-TM_10,Tue,00:00,In-Sample,2025-02-04 00:07:57,2025-02-04 00:09:20,LONG,1,5998.25,6002.0,187.5,4.5,183.0,True,18.62,True
282,ES,ES-TM_10,Tue,00:00,In-Sample,2025-02-04 00:07:57,2025-02-04 00:10:44,LONG,1,5998.25,6005.75,375.0,4.5,370.5,True,18.62,True
282,ES,ES-TM_10,Tue,00:00,In-Sample,2025-02-04 00:07:57,2025-02-04 00:11:09,LONG,1,5998.25,6001.0,137.5,4.5,133.0,True,18.62,True
282,ES,ES-TM_2,Tue,00:00,In-Sample,2025-02-04 00:07:57,2025-02-04 00:09:20,LONG,1,5998.25,6002.0,187.5,4.5,183.0,True,18.62,True
282,ES,ES-TM_2,Tue,00:00,In-Sample,2025-02-04 00:07:57,2025-02-04 00:10:44,LONG,1,5998.25,6005.75,375.0,4.5,370.5,True,18.62,True
282,ES,ES-TM_2,Tue,00:00,In-Sample,2025-02-04 00:07:57,2025-02-04 00:11:09,LONG,1,5998.25,6001.0,137.5,4.5,133.0,True,18.62,True
282,ES,ES-IPS_TM_8,Tue,00:00,In-Sample,2025-02-04 00:08:12,2025-02-04 00:08:25,SHORT,3,5999.0,6000.5,-225.0,13.5,-238.5,True,18.62,True
282,ES,ES-TM_5,Tue,00:00,In-Sample,2025-02-04 00:08:12,2025-02-04 00:08:22,SHORT,1,5998.75,5999.5,-37.5,4.5,-42.0,True,18.62,True
282,ES,ES-TM_5,Tue,00:00,In-Sample,2025-02-04 00:08:22,2025-02-04 00:08:33,LONG,2,5999.5,5998.75,-75.0,9.0,-84.0,True,18.62,True
282,ES,ES-TM_8,Tue,00:00,In-Sample,2025-02-04 00:08:22,2025-02-04 00:08:33,LONG,1,5999.5,5998.75,-37.5,4.5,-42.0,True,18.62,True
282,ES,ES-TM_8,Tue,00:00,In-Sample,2025-02-04 00:08:22,2025-02-04 00:08:33,LONG,2,5999.5,5998.75,-75.0,9.0,-84.0,True,18.62,True
282,ES,ES-IPS_TM_5dupl,Tue,00:00,In-Sample,2025-02-04 00:08:25,2025-02-04 00:13:06,LONG,1,6001.5,6007.75,312.5,4.5,308.0,True,18.62,True
282,ES,ES-IPS_TM_5dupl,Tue,00:00,In-Sample,2025-02-04 00:08:25,2025-02-04 00:16:13,LONG,2,6001.5,5996.25,-525.0,9.0,-534.0,True,18.62,True
282,ES,ES-PB_1,Tue,00:00,In-Sample,2025-02-04 00:08:25,2025-02-04 00:13:05,LONG,1,6001.5,6007.75,312.5,4.5,308.0,True,18.62,True
282,ES,ES-PB_1,Tue,00:00,In-Sample,2025-02-04 00:08:25,2025-02-04 00:16:13,LONG,1,6001.5,5996.25,-262.5,4.5,-267.0,True,18.62,True
282,ES,ES_PB_2,Tue,00:00,In-Sample,2025-02-04 00:08:25,2025-02-04 00:11:43,LONG,2,6001.5,5996.5,-500.0,9.0,-509.0,True,18.62,True
282,ES,ES_PB_3,Tue,00:00,In-Sample,2025-02-04 00:08:25,2025-02-04 00:08:39,LONG,2,6001.5,5996.25,-525.0,9.0,-534.0,True,18.62,True
282,ES,ES-IPS_TM_8,Tue,00:00,In-Sample,2025-02-04 00:08:33,2025-02-04 00:09:20,SHORT,3,5998.75,6001.5,-412.5,13.5,-426.0,True,18.62,True
282,ES,ES-IPS_TM_5,Tue,00:00,In-Sample,2025-02-04 00:08:33,2025-02-04 00:09:20,SHORT,3,5998.75,6001.5,-412.5,13.5,-426.0,True,18.62,True
282,ES,ES-TM_5,Tue,00:00,In-Sample,2025-02-04 00:08:33,2025-02-04 00:09:19,SHORT,1,5998.75,6001.75,-150.0,4.5,-154.5,True,18.62,True
282,ES,ES-TM_5,Tue,00:00,In-Sample,2025-02-04 00:08:33,2025-02-04 00:09:19,SHORT,2,5998.75,6001.75,-300.0,9.0,-309.0,True,18.62,True
282,ES,ES-TM_5,Tue,00:00,In-Sample,2025-02-04 00:08:33,2025-02-04 00:09:19,SHORT,1,5998.75,6001.75,-150.0,4.5,-154.5,True,18.62,True
282,ES,ES-TM_8,Tue,00:00,In-Sample,2025-02-04 00:08:33,2025-02-04 00:09:19,SHORT,1,5998.75,6001.75,-150.0,4.5,-154.5,True,18.62,True
282,ES,ES-TM_5,Tue,00:00,In-Sample,2025-02-04 00:09:19,2025-02-04 00:09:43,LONG,2,6001.75,6002.25,50.0,9.0,41.0,True,18.62,True
282,ES,ES-TM_8,Tue,00:00,In-Sample,2025-02-04 00:09:19,2025-02-04 00:09:43,LONG,2,6001.75,6002.25,50.0,9.0,41.0,True,18.62,True
282,ES,ES-TM_8,Tue,00:00,In-Sample,2025-02-04 00:09:19,2025-02-04 00:09:43,LONG,1,6001.75,6002.25,25.0,4.5,20.5,True,18.62,True
282,ES,ES-TM_8,Tue,00:00,In-Sample,2025-02-04 00:09:19,2025-02-04 00:09:43,LONG,2,6001.75,6002.25,50.0,9.0,41.0,True,18.62,True
282,ES,ES-IPS_TM_5,Tue,00:00,In-Sample,2025-02-04 00:09:20,2025-02-04 00:10:51,LONG,3,6001.5,6002.5,150.0,13.5,136.5,True,18.62,True
282,ES,ES-IPS_TM_8,Tue,00:00,In-Sample,2025-02-04 00:09:39,2025-02-04 00:10:44,SHORT,3,6002.5,6005.75,-487.5,13.5,-501.0,True,18.62,True
282,ES,ES-TM_5,Tue,00:00,In-Sample,2025-02-04 00:09:43,2025-02-04 00:10:05,SHORT,1,6002.25,6003.25,-50.0,4.5,-54.5,True,18.62,True
282,ES,ES-TM_5,Tue,00:00,In-Sample,2025-02-04 00:09:43,2025-02-04 00:10:05,SHORT,2,6002.25,6003.25,-100.0,9.0,-109.0,True,18.62,True
282,ES,ES-TM_5,Tue,00:00,In-Sample,2025-02-04 00:09:43,2025-02-04 00:10:05,SHORT,1,6002.25,6003.25,-50.0,4.5,-54.5,True,18.62,True
282,ES,ES-TM_8,Tue,00:00,In-Sample,2025-02-04 00:09:43,2025-02-04 00:10:05,SHORT,1,6002.25,6003.25,-50.0,4.5,-54.5,True,18.62,True
282,ES,ES-TM_5,Tue,00:00,In-Sample,2025-02-04 00:10:05,2025-02-04 00:10:51,LONG,2,6003.25,6002.5,-75.0,9.0,-84.0,True,18.62,True
282,ES,ES-TM_8,Tue,00:00,In-Sample,2025-02-04 00:10:05,2025-02-04 00:10:51,LONG,2,6003.25,6002.5,-75.0,9.0,-84.0,True,18.62,True
282,ES,ES-TM_8,Tue,00:00,In-Sample,2025-02-04 00:10:05,2025-02-04 00:10:51,LONG,1,6003.25,6002.5,-37.5,4.5,-42.0,True,18.62,True
282,ES,ES-TM_8,Tue,00:00,In-Sample,2025-02-04 00:10:05,2025-02-04 00:10:51,LONG,2,6003.25,6002.5,-75.0,9.0,-84.0,True,18.62,True
282,ES,ES-IPS_TM_8,Tue,00:00,In-Sample,2025-02-04 00:10:51,2025-02-04 00:11:41,SHORT,1,6002.5,5997.5,250.0,4.5,245.5,True,18.62,True
282,ES,ES-IPS_TM_8,Tue,00:00,In-Sample,2025-02-04 00:10:51,2025-02-04 00:11:54,SHORT,2,6002.5,6000.0,250.0,9.0,241.0,True,18.62,True
282,ES,ES-IPS_TM_5,Tue,00:00,In-Sample,2025-02-04 00:10:51,2025-02-04 00:11:41,SHORT,1,6002.5,5997.5,250.0,4.5,245.5,True,18.62,True
282,ES,ES-IPS_TM_5,Tue,00:00,In-Sample,2025-02-04 00:10:51,2025-02-04 00:11:54,SHORT,2,6002.5,6000.0,250.0,9.0,241.0,True,18.62,True
282,ES,ES-TM_5,Tue,00:00,In-Sample,2025-02-04 00:10:51,2025-02-04 00:11:41,SHORT,1,6002.5,5997.5,250.0,4.5,245.5,True,18.62,True
282,ES,ES-TM_5,Tue,00:00,In-Sample,2025-02-04 00:10:51,2025-02-04 00:11:54,SHORT,2,6002.5,6000.0,250.0,9.0,241.0,True,18.62,True
282,ES,ES-TM_5,Tue,00:00,In-Sample,2025-02-04 00:10:51,2025-02-04 00:11:58,SHORT,1,6002.5,6000.25,112.5,4.5,108.0,True,18.62,True
282,ES,ES-TM_8,Tue,00:00,In-Sample,2025-02-04 00:10:51,2025-02-04 00:11:41,SHORT,1,6002.5,5997.5,250.0,4.5,245.5,True,18.62,True
282,ES,ES_PB_2,Tue,00:00,In-Sample,2025-02-04 00:11:43,2025-02-04 00:12:02,SHORT,2,5996.5,6002.25,-575.0,9.0,-584.0,True,18.62,True
282,ES,ES_PB_3,Tue,00:00,In-Sample,2025-02-04 00:11:43,2025-02-04 00:12:01,SHORT,2,5996.5,6002.0,-550.0,9.0,-559.0,True,18.62,True
282,ES,ES-TM_5,Tue,00:00,In-Sample,2025-02-04 00:11:58,2025-02-04 00:12:46,LONG,1,6000.25,6005.25,250.0,4.5,245.5,True,18.62,True
282,ES,ES-TM_5,Tue,00:00,In-Sample,2025-02-04 00:11:58,2025-02-04 00:13:13,LONG,1,6000.25,6007.5,362.5,4.5,358.0,True,18.62,True
282,ES,ES-TM_8,Tue,00:00,In-Sample,2025-02-04 00:11:58,2025-02-04 00:12:46,LONG,1,6000.25,6005.25,250.0,4.5,245.5,True,18.62,True
282,ES,ES-TM_8,Tue,00:00,In-Sample,2025-02-04 00:11:58,2025-02-04 00:13:13,LONG,2,6000.25,6007.5,725.0,9.0,716.0,True,18.62,True
282,ES,ES-TM_10,Tue,00:00,In-Sample,2025-02-04 00:13:06,2025-02-04 00:13:30,LONG,3,6008.25,6005.75,-375.0,13.5,-388.5,True,18.62,True
282,ES,ES-TM_2,Tue,00:00,In-Sample,2025-02-04 00:13:06,2025-02-04 00:13:30,LONG,3,6008.25,6005.75,-375.0,13.5,-388.5,True,18.62,True
282,ES,ES-TM_5,Tue,00:00,In-Sample,2025-02-04 00:13:13,2025-02-04 00:14:55,SHORT,1,6007.5,6001.5,300.0,4.5,295.5,True,18.62,True
282,ES,ES-IPS_TM_8,Tue,00:00,In-Sample,2025-02-04 00:13:14,2025-02-04 00:14:44,SHORT,1,6008.25,6003.25,250.0,4.5,245.5,True,18.62,True
282,ES,ES-IPS_TM_8,Tue,00:00,In-Sample,2025-02-04 00:13:14,2025-02-04 00:15:05,SHORT,2,6008.25,6001.5,675.0,9.0,666.0,True,18.62,True
282,ES,ES-TM_5,Tue,00:00,In-Sample,2025-02-04 00:13:29,2025-02-04 00:15:05,SHORT,2,6006.5,6001.25,525.0,9.0,516.0,True,18.62,True
282,ES,ES-TM_5,Tue,00:00,In-Sample,2025-02-04 00:13:29,2025-02-04 00:15:05,SHORT,1,6006.5,6001.25,262.5,4.5,258.0,True,18.62,True
282,ES,ES-TM_8,Tue,00:00,In-Sample,2025-02-04 00:13:29,2025-02-04 00:14:55,SHORT,1,6006.5,6001.5,250.0,4.5,245.5,True,18.62,True
282,ES,ES-TM_8,Tue,00:00,In-Sample,2025-02-04 00:13:29,2025-02-04 00:15:05,SHORT,2,6006.5,6001.25,525.0,9.0,516.0,True,18.62,True
282,ES,ES-IPS_TM_5,Tue,00:00,In-Sample,2025-02-04 00:15:05,2025-02-04 00:15:32,LONG,3,6001.5,5999.75,-262.5,13.5,-276.0,True,18.62,True
282,ES,ES-TM_5,Tue,00:00,In-Sample,2025-02-04 00:15:05,2025-02-04 00:15:32,LONG,2,6001.25,5999.75,-150.0,9.0,-159.0,True,18.62,True
282,ES,ES-TM_8,Tue,00:00,In-Sample,2025-02-04 00:15:05,2025-02-04 00:15:32,LONG,3,6001.25,5999.75,-225.0,13.5,-238.5,True,18.62,True
282,ES,ES_PB_2,Tue,00:00,In-Sample,2025-02-04 00:15:32,2025-02-04 00:17:13,SHORT,2,5999.75,6003.25,-350.0,9.0,-359.0,True,18.62,True
282,ES,ES_PB_3,Tue,00:00,In-Sample,2025-02-04 00:15:32,2025-02-04 00:17:06,SHORT,2,5999.75,6001.25,-150.0,9.0,-159.0,True,18.62,True
282,ES,ES-TM_5,Tue,00:00,In-Sample,2025-02-04 00:15:32,2025-02-04 00:15:42,SHORT,1,5999.75,6002.0,-112.5,4.5,-117.0,True,18.62,True
282,ES,ES-IPS_TM_5,Tue,00:00,In-Sample,2025-02-04 00:15:42,2025-02-04 00:16:05,LONG,3,6002.0,5998.75,-487.5,13.5,-501.0,True,18.62,True
282,ES,ES-TM_5,Tue,00:00,In-Sample,2025-02-04 00:15:42,2025-02-04 00:16:04,LONG,2,6002.0,5999.0,-300.0,9.0,-309.0,True,18.62,True
282,ES,ES-TM_8,Tue,00:00,In-Sample,2025-02-04 00:15:42,2025-02-04 00:16:03,LONG,3,6002.0,5999.0,-450.0,13.5,-463.5,True,18.62,True
282,ES,ES-TM_8,Tue,00:00,In-Sample,2025-02-04 00:16:03,2025-02-04 00:16:44,SHORT,3,5999.0,5998.75,37.5,13.5,24.0,True,18.62,True
282,ES,ES-TM_5,Tue,00:00,In-Sample,2025-02-04 00:16:04,2025-02-04 00:16:45,SHORT,1,5999.0,5998.75,12.5,4.5,8.0,True,18.62,True
282,ES,ES-TM_5,Tue,00:00,In-Sample,2025-02-04 00:16:04,2025-02-04 00:16:45,SHORT,2,5999.0,5998.75,25.0,9.0,16.0,True,18.62,True
282,ES,ES-TM_5,Tue,00:00,In-Sample,2025-02-04 00:16:04,2025-02-04 00:16:45,SHORT,1,5999.0,5998.75,12.5,4.5,8.0,True,18.62,True
282,ES,ES-PB_1,Tue,00:00,In-Sample,2025-02-04 00:16:13,2025-02-04 00:17:13,SHORT,2,5996.0,6003.25,-725.0,9.0,-734.0,True,18.62,True
282,ES,ES-IPS_TM_8,Tue,00:00,In-Sample,2025-02-04 00:16:34,2025-02-04 00:17:13,LONG,1,5998.0,6003.0,250.0,4.5,245.5,True,18.62,True
282,ES,ES-IPS_TM_8,Tue,00:00,In-Sample,2025-02-04 00:16:34,2025-02-04 00:17:37,LONG,2,5998.0,6002.5,450.0,9.0,441.0,True,18.62,True
282,ES,ES-TM_8,Tue,00:00,In-Sample,2025-02-04 00:16:44,2025-02-04 00:17:19,LONG,1,5998.75,6003.75,250.0,4.5,245.5,True,18.62,True
282,ES,ES-TM_8,Tue,00:00,In-Sample,2025-02-04 00:16:44,2025-02-04 00:17:37,LONG,2,5998.75,6002.5,375.0,9.0,366.0,True,18.62,True
282,ES,ES-TM_5,Tue,00:00,In-Sample,2025-02-04 00:16:45,2025-02-04 00:17:19,LONG,1,5998.75,6003.75,250.0,4.5,245.5,True,18.62,True
282,ES,ES-TM_5,Tue,00:00,In-Sample,2025-02-04 00:16:45,2025-02-04 00:17:37,LONG,1,5998.75,6002.5,187.5,4.5,183.0,True,18.62,True
282,ES,ES_PB_2,Tue,00:00,In-Sample,2025-02-04 00:17:13,2025-02-04 00:18:20,LONG,2,6003.25,5996.75,-650.0,9.0,-659.0,True,18.62,True
282,ES,ES-IPS_TM_5,Tue,00:00,In-Sample,2025-02-04 00:17:37,2025-02-04 00:19:52,SHORT,3,6001.75,6000.75,150.0,13.5,136.5,True,18.62,True
282,ES,ES-TM_5,Tue,00:00,In-Sample,2025-02-04 00:17:37,2025-02-04 00:18:29,SHORT,1,6002.5,6000.75,87.5,4.5,83.0,True,18.62,True
282,ES,ES-TM_5,Tue,00:00,In-Sample,2025-02-04 00:17:59,2025-02-04 00:18:29,SHORT,2,6000.0,6000.75,-75.0,9.0,-84.0,True,18.62,True
282,ES,ES-TM_5,Tue,00:00,In-Sample,2025-02-04 00:17:59,2025-02-04 00:18:29,SHORT,1,6000.0,6000.75,-37.5,4.5,-42.0,True,18.62,True
282,ES,ES-TM_8,Tue,00:00,In-Sample,2025-02-04 00:17:59,2025-02-04 00:18:29,SHORT,3,6000.0,6000.75,-112.5,13.5,-126.0,True,18.62,True
282,ES,ES-TM_5,Tue,00:00,In-Sample,2025-02-04 00:18:29,2025-02-04 00:19:16,LONG,2,6000.75,5998.25,-250.0,9.0,-259.0,True,18.62,True
282,ES,ES-TM_8,Tue,00:00,In-Sample,2025-02-04 00:18:29,2025-02-04 00:19:16,LONG,3,6000.75,5998.25,-375.0,13.5,-388.5,True,18.62,True
282,ES,ES-TM_5,Tue,00:00,In-Sample,2025-02-04 00:19:16,2025-02-04 00:19:53,SHORT,1,5998.25,6000.5,-112.5,4.5,-117.0,True,18.62,True
282,ES,ES-TM_5,Tue,00:00,In-Sample,2025-02-04 00:19:16,2025-02-04 00:19:53,SHORT,2,5998.25,6000.5,-225.0,9.0,-234.0,True,18.62,True
282,ES,ES-TM_5,Tue,00:00,In-Sample,2025-02-04 00:19:16,2025-02-04 00:19:53,SHORT,1,5998.25,6000.5,-112.5,4.5,-117.0,True,18.62,True
282,ES,ES-TM_8,Tue,00:00,In-Sample,2025-02-04 00:19:16,2025-02-04 00:19:52,SHORT,3,5998.25,6000.5,-337.5,13.5,-351.0,True,18.62,True
282,ES,ES-IPS_TM_5,Tue,00:00,In-Sample,2025-02-04 00:19:52,2025-02-04 00:20:10,LONG,3,6000.75,5998.25,-375.0,13.5,-388.5,True,18.62,True
282,ES,ES-TM_8,Tue,00:00,In-Sample,2025-02-04 00:19:52,2025-02-04 00:20:03,LONG,3,6000.5,5998.75,-262.5,13.5,-276.0,True,18.62,True
282,ES,ES-TM_5,Tue,00:00,In-Sample,2025-02-04 00:19:53,2025-02-04 00:20:03,LONG,2,6000.5,5998.75,-175.0,9.0,-184.0,True,18.62,True
282,ES,ES-TM_5,Tue,00:00,In-Sample,2025-02-04 00:20:03,2025-02-04 00:20:37,SHORT,1,5998.75,6001.0,-112.5,4.5,-117.0,True,18.62,True
282,ES,ES-TM_5,Tue,00:00,In-Sample,2025-02-04 00:20:03,2025-02-04 00:20:37,SHORT,2,5998.75,6001.0,-225.0,9.0,-234.0,True,18.62,True
282,ES,ES-TM_5,Tue,00:00,In-Sample,2025-02-04 00:20:03,2025-02-04 00:20:59,SHORT,1,5998.75,5999.5,-37.5,4.5,-42.0,True,18.62,True
282,ES,ES-TM_8,Tue,00:00,In-Sample,2025-02-04 00:20:03,2025-02-04 00:20:37,SHORT,3,5998.75,6001.0,-337.5,13.5,-351.0,True,18.62,True
282,ES,ES-IPS_TM_5,Tue,00:00,In-Sample,2025-02-04 00:20:35,2025-02-04 00:20:52,LONG,3,5999.75,5997.25,-375.0,13.5,-388.5,True,18.62,True
282,ES,ES-TM_5,Tue,00:00,In-Sample,2025-02-04 00:20:53,2025-02-04 00:20:59,SHORT,2,5997.0,5999.5,-250.0,9.0,-259.0,True,18.62,True
282,ES,ES-TM_5,Tue,00:00,In-Sample,2025-02-04 00:20:53,2025-02-04 00:20:59,SHORT,1,5997.0,5999.5,-125.0,4.5,-129.5,True,18.62,True
282,ES,ES-TM_8,Tue,00:00,In-Sample,2025-02-04 00:20:53,2025-02-04 00:20:59,SHORT,3,5997.0,5999.5,-375.0,13.5,-388.5,True,18.62,True
282,ES,ES-IPS_TM_5,Tue,00:00,In-Sample,2025-02-04 00:20:58,2025-02-04 00:21:12,LONG,3,5999.5,5996.5,-450.0,13.5,-463.5,True,18.62,True
282,ES,ES-TM_5,Tue,00:00,In-Sample,2025-02-04 00:20:59,2025-02-04 00:21:11,LONG,2,5999.5,5997.25,-225.0,9.0,-234.0,True,18.62,True
282,ES,ES-TM_8,Tue,00:00,In-Sample,2025-02-04 00:20:59,2025-02-04 00:21:11,LONG,3,5999.5,5997.0,-375.0,13.5,-388.5,True,18.62,True
282,ES,ES-TM_5,Tue,00:00,In-Sample,2025-02-04 00:21:11,2025-02-04 00:21:48,SHORT,1,5997.25,5992.25,250.0,4.5,245.5,True,18.62,True
282,ES,ES-TM_5,Tue,00:00,In-Sample,2025-02-04 00:21:11,2025-02-04 00:22:03,SHORT,2,5997.25,5992.0,525.0,9.0,516.0,True,18.62,True
282,ES,ES-TM_5,Tue,00:00,In-Sample,2025-02-04 00:21:11,2025-02-04 00:22:17,SHORT,1,5997.25,5991.0,312.5,4.5,308.0,True,18.62,True
282,ES,ES-TM_8,Tue,00:00,In-Sample,2025-02-04 00:21:11,2025-02-04 00:21:48,SHORT,1,5997.25,5992.25,250.0,4.5,245.5,True,18.62,True
282,ES,ES-TM_8,Tue,00:00,In-Sample,2025-02-04 00:21:11,2025-02-04 00:22:03,SHORT,2,5997.25,5992.0,525.0,9.0,516.0,True,18.62,True
282,ES,ES-IPS_TM_8,Tue,00:00,In-Sample,2025-02-04 00:21:17,2025-02-04 00:21:32,LONG,3,5996.5,5994.25,-337.5,13.5,-351.0,True,18.62,True
282,ES,ES-TM_5,Tue,00:00,In-Sample,2025-02-04 00:22:09,2025-02-04 00:22:17,SHORT,2,5989.5,5991.0,-150.0,9.0,-159.0,True,18.62,True
282,ES,ES-TM_5,Tue,00:00,In-Sample,2025-02-04 00:22:09,2025-02-04 00:22:17,SHORT,1,5989.5,5991.0,-75.0,4.5,-79.5,True,18.62,True
282,ES,ES-TM_8,Tue,00:00,In-Sample,2025-02-04 00:22:09,2025-02-04 00:22:17,SHORT,3,5989.5,5991.0,-225.0,13.5,-238.5,True,18.62,True
282,ES,ES-IPS_TM_11,Tue,00:00,In-Sample,2025-02-04 00:22:17,2025-02-04 00:24:01,LONG,1,5991.0,5996.0,250.0,4.5,245.5,True,18.62,True
282,ES,ES-IPS_TM_11,Tue,00:00,In-Sample,2025-02-04 00:22:17,2025-02-04 00:25:00,LONG,1,5991.0,6001.0,500.0,4.5,495.5,True,18.62,True
282,ES,ES-IPS_TM_11,Tue,00:00,In-Sample,2025-02-04 00:22:17,2025-02-04 00:30:15,LONG,1,5991.0,6005.75,737.5,4.5,733.0,True,18.62,True
282,ES,ES-IPS_TM_8,Tue,00:00,In-Sample,2025-02-04 00:22:17,2025-02-04 00:24:01,LONG,1,5991.0,5996.0,250.0,4.5,245.5,True,18.62,True
282,ES,ES-IPS_TM_8,Tue,00:00,In-Sample,2025-02-04 00:22:17,2025-02-04 00:25:07,LONG,2,5991.0,6000.25,925.0,9.0,916.0,True,18.62,True
282,ES,ES-IPS_TM_5,Tue,00:00,In-Sample,2025-02-04 00:22:17,2025-02-04 00:24:01,LONG,1,5991.0,5996.0,250.0,4.5,245.5,True,18.62,True
282,ES,ES-IPS_TM_5,Tue,00:00,In-Sample,2025-02-04 00:22:17,2025-02-04 00:25:07,LONG,2,5991.0,6000.25,925.0,9.0,916.0,True,18.62,True
282,ES,ES-TM_5,Tue,00:00,In-Sample,2025-02-04 00:22:17,2025-02-04 00:22:34,LONG,2,5991.0,5993.0,200.0,9.0,191.0,True,18.62,True
282,ES,ES-TM_8,Tue,00:00,In-Sample,2025-02-04 00:22:17,2025-02-04 00:22:34,LONG,3,5991.0,5993.0,300.0,13.5,286.5,True,18.62,True
282,ES,ES-TM_10,Tue,00:00,In-Sample,2025-02-04 00:22:21,2025-02-04 00:24:13,LONG,1,5994.25,5998.0,187.5,4.5,183.0,True,18.62,True
282,ES,ES-TM_10,Tue,00:00,In-Sample,2025-02-04 00:22:21,2025-02-04 00:25:00,LONG,1,5994.25,6001.75,375.0,4.5,370.5,True,18.62,True
282,ES,ES-TM_10,Tue,00:00,In-Sample,2025-02-04 00:22:21,2025-02-04 00:30:12,LONG,1,5994.25,6006.25,600.0,4.5,595.5,True,18.62,True
282,ES,ES-TM_2,Tue,00:00,In-Sample,2025-02-04 00:22:22,2025-02-04 00:24:13,LONG,1,5994.25,5998.0,187.5,4.5,183.0,True,18.62,True
282,ES,ES-TM_2,Tue,00:00,In-Sample,2025-02-04 00:22:22,2025-02-04 00:25:01,LONG,1,5994.25,6001.75,375.0,4.5,370.5,True,18.62,True
282,ES,ES-TM_2,Tue,00:00,In-Sample,2025-02-04 00:22:22,2025-02-04 00:30:11,LONG,1,5994.25,6006.75,625.0,4.5,620.5,True,18.62,True
282,ES,ES-TM_5,Tue,00:00,In-Sample,2025-02-04 00:22:34,2025-02-04 00:23:06,SHORT,1,5993.0,5995.0,-100.0,4.5,-104.5,True,18.62,True
282,ES,ES-TM_5,Tue,00:00,In-Sample,2025-02-04 00:22:34,2025-02-04 00:23:06,SHORT,2,5993.0,5995.0,-200.0,9.0,-209.0,True,18.62,True
282,ES,ES-TM_5,Tue,00:00,In-Sample,2025-02-04 00:22:34,2025-02-04 00:23:06,SHORT,1,5993.0,5995.0,-100.0,4.5,-104.5,True,18.62,True
282,ES,ES-TM_8,Tue,00:00,In-Sample,2025-02-04 00:22:34,2025-02-04 00:23:06,SHORT,3,5993.0,5995.0,-300.0,13.5,-313.5,True,18.62,True
282,ES,ES-TM_5,Tue,00:00,In-Sample,2025-02-04 00:23:06,2025-02-04 00:23:58,LONG,2,5995.0,5993.5,-150.0,9.0,-159.0,True,18.62,True
282,ES,ES-TM_8,Tue,00:00,In-Sample,2025-02-04 00:23:06,2025-02-04 00:23:58,LONG,3,5995.0,5993.5,-225.0,13.5,-238.5,True,18.62,True
282,ES,ES-TM_5,Tue,00:00,In-Sample,2025-02-04 00:23:58,2025-02-04 00:24:01,SHORT,1,5993.5,5996.0,-125.0,4.5,-129.5,True,18.62,True
282,ES,ES-TM_5,Tue,00:00,In-Sample,2025-02-04 00:23:58,2025-02-04 00:24:01,SHORT,2,5993.5,5996.0,-250.0,9.0,-259.0,True,18.62,True
282,ES,ES-TM_5,Tue,00:00,In-Sample,2025-02-04 00:23:58,2025-02-04 00:24:12,SHORT,1,5993.5,5996.5,-150.0,4.5,-154.5,True,18.62,True
282,ES,ES-TM_8,Tue,00:00,In-Sample,2025-02-04 00:23:58,2025-02-04 00:24:01,SHORT,3,5993.5,5996.0,-375.0,13.5,-388.5,True,18.62,True
282,ES,ES_PB_2,Tue,00:00,In-Sample,2025-02-04 00:24:02,2025-02-04 00:26:19,LONG,1,5996.5,6003.25,337.5,4.5,333.0,True,18.62,True
282,ES,ES_PB_2,Tue,00:00,In-Sample,2025-02-04 00:24:02,2025-02-04 00:34:03,LONG,1,5996.5,6008.75,612.5,4.5,608.0,True,18.62,True
282,ES,ES_PB_3,Tue,00:00,In-Sample,2025-02-04 00:24:02,2025-02-04 00:25:01,LONG,1,5996.25,6003.0,337.5,4.5,333.0,True,18.62,True
282,ES,ES_PB_3,Tue,00:00,In-Sample,2025-02-04 00:24:02,2025-02-04 00:34:03,LONG,1,5996.25,6008.75,625.0,4.5,620.5,True,18.62,True
282,ES,ES-IPS_TM_5dupl,Tue,00:00,In-Sample,2025-02-04 00:24:12,2025-02-04 00:26:24,LONG,1,5996.5,6004.0,375.0,4.5,370.5,True,18.62,True
282,ES,ES-IPS_TM_5dupl,Tue,00:00,In-Sample,2025-02-04 00:24:12,2025-02-04 00:32:08,LONG,1,5996.5,6011.75,762.5,4.5,758.0,True,18.62,True
282,ES,ES-IPS_TM_5dupl,Tue,00:00,In-Sample,2025-02-04 00:24:12,2025-02-04 00:34:25,LONG,1,5996.5,6007.0,525.0,4.5,520.5,True,18.62,True
282,ES,ES-PB_1,Tue,00:00,In-Sample,2025-02-04 00:24:12,2025-02-04 00:26:24,LONG,1,5996.5,6004.0,375.0,4.5,370.5,True,18.62,True
282,ES,ES-PB_1,Tue,00:00,In-Sample,2025-02-04 00:24:12,2025-02-04 00:50:27,LONG,1,5996.5,6019.25,1137.5,4.5,1133.0,True,18.62,True
282,ES,ES-TM_5,Tue,00:00,In-Sample,2025-02-04 00:24:12,2025-02-04 00:25:00,LONG,1,5996.5,6001.5,250.0,4.5,245.5,True,18.62,True
282,ES,ES-TM_5,Tue,00:00,In-Sample,2025-02-04 00:24:12,2025-02-04 00:25:07,LONG,1,5996.5,6000.25,187.5,4.5,183.0,True,18.62,True
282,ES,ES-TM_8,Tue,00:00,In-Sample,2025-02-04 00:24:12,2025-02-04 00:25:00,LONG,1,5996.5,6001.5,250.0,4.5,245.5,True,18.62,True
282,ES,ES-TM_8,Tue,00:00,In-Sample,2025-02-04 00:24:12,2025-02-04 00:25:07,LONG,2,5996.5,6000.25,375.0,9.0,366.0,True,18.62,True
282,ES,ES-TM_9,Tue,00:00,In-Sample,2025-02-04 00:25:02,2025-02-04 00:26:32,LONG,1,6001.75,6009.25,375.0,4.5,370.5,True,18.62,True
282,ES,ES-TM_9,Tue,00:00,In-Sample,2025-02-04 00:25:02,2025-02-04 00:50:27,LONG,1,6001.75,6019.25,875.0,4.5,870.5,True,18.62,True
282,ES,ES-TM_9,Tue,00:00,In-Sample,2025-02-04 00:25:02,2025-02-04 00:51:35,LONG,1,6001.75,6019.25,875.0,4.5,870.5,True,18.62,True
282,ES,ES-TM_5,Tue,00:00,In-Sample,2025-02-04 00:25:07,2025-02-04 00:26:07,SHORT,1,6000.25,6001.5,-62.5,4.5,-67.0,True,18.62,True
282,ES,ES-TM_5,Tue,00:00,In-Sample,2025-02-04 00:25:15,2025-02-04 00:26:07,SHORT,2,6000.0,6001.5,-150.0,9.0,-159.0,True,18.62,True
282,ES,ES-TM_5,Tue,00:00,In-Sample,2025-02-04 00:25:15,2025-02-04 00:26:07,SHORT,1,6000.0,6001.5,-75.0,4.5,-79.5,True,18.62,True
282,ES,ES-TM_8,Tue,00:00,In-Sample,2025-02-04 00:25:15,2025-02-04 00:26:07,SHORT,3,6000.0,6001.5,-225.0,13.5,-238.5,True,18.62,True
282,ES,ES-TM_5,Tue,00:00,In-Sample,2025-02-04 00:26:07,2025-02-04 00:26:25,LONG,1,6001.5,6006.5,250.0,4.5,245.5,True,18.62,True
282,ES,ES-TM_5,Tue,00:00,In-Sample,2025-02-04 00:26:07,2025-02-04 00:26:35,LONG,1,6001.5,6006.75,262.5,4.5,258.0,True,18.62,True
282,ES,ES-TM_8,Tue,00:00,In-Sample,2025-02-04 00:26:07,2025-02-04 00:26:25,LONG,1,6001.5,6006.5,250.0,4.5,245.5,True,18.62,True
282,ES,ES-TM_8,Tue,00:00,In-Sample,2025-02-04 00:26:07,2025-02-04 00:26:35,LONG,2,6001.5,6006.75,525.0,9.0,516.0,True,18.62,True
282,ES,ES-TM_5,Tue,00:00,In-Sample,2025-02-04 00:26:35,2025-02-04 00:27:26,SHORT,1,6006.75,6007.5,-37.5,4.5,-42.0,True,18.62,True
282,ES,ES-IPS_TM_8,Tue,00:00,In-Sample,2025-02-04 00:26:36,2025-02-04 00:28:32,SHORT,3,6006.5,6009.5,-450.0,13.5,-463.5,True,18.62,True
282,ES,ES-TM_5,Tue,00:00,In-Sample,2025-02-04 00:27:26,2025-02-04 00:29:19,LONG,2,6007.5,6008.75,125.0,9.0,116.0,True,18.62,True
282,ES,ES-TM_8,Tue,00:00,In-Sample,2025-02-04 00:27:26,2025-02-04 00:29:19,LONG,3,6007.5,6008.75,187.5,13.5,174.0,True,18.62,True
282,ES,ES-IPS_TM_8,Tue,00:00,In-Sample,2025-02-04 00:29:19,2025-02-04 00:32:08,SHORT,3,6008.5,6011.75,-487.5,13.5,-501.0,True,18.62,True
282,ES,ES-IPS_TM_5,Tue,00:00,In-Sample,2025-02-04 00:29:19,2025-02-04 00:32:07,SHORT,3,6008.5,6011.75,-487.5,13.5,-501.0,True,18.62,True
282,ES,ES-TM_5,Tue,00:00,In-Sample,2025-02-04 00:29:19,2025-02-04 00:30:28,SHORT,1,6008.75,6009.0,-12.5,4.5,-17.0,True,18.62,True
282,ES,ES-TM_5,Tue,00:00,In-Sample,2025-02-04 00:29:19,2025-02-04 00:30:28,SHORT,2,6008.75,6009.0,-25.0,9.0,-34.0,True,18.62,True
282,ES,ES-TM_5,Tue,00:00,In-Sample,2025-02-04 00:29:19,2025-02-04 00:30:28,SHORT,1,6008.75,6009.0,-12.5,4.5,-17.0,True,18.62,True
282,ES,ES-TM_8,Tue,00:00,In-Sample,2025-02-04 00:29:19,2025-02-04 00:30:28,SHORT,3,6008.75,6009.0,-37.5,13.5,-51.0,True,18.62,True
282,ES,ES-TM_8,Tue,00:00,In-Sample,2025-02-11 00:01:48,2025-02-11 00:13:13,LONG,3,6076.0,6076.5,75.0,13.5,61.5,True,15.81,True
282,ES,ES-TM_5,Tue,00:00,In-Sample,2025-02-11 00:01:48,2025-02-11 00:13:13,LONG,3,6076.0,6076.5,75.0,13.5,61.5,True,15.81,True
282,ES,ES-IPS_TM_5dupl,Tue,00:00,In-Sample,2025-02-11 00:05:08,2025-02-11 06:33:10,SHORT,1,6077.25,6071.0,312.5,4.5,308.0,True,15.81,True
282,ES,ES-IPS_TM_5,Tue,00:00,In-Sample,2025-02-11 00:13:13,2025-02-11 01:05:45,SHORT,3,6076.5,6075.75,112.5,13.5,99.0,True,15.81,True
282,ES,ES-TM_8,Tue,00:00,In-Sample,2025-02-11 00:13:13,2025-02-11 01:05:45,SHORT,3,6076.5,6075.75,112.5,13.5,99.0,True,15.81,True
282,ES,ES-TM_5,Tue,00:00,In-Sample,2025-02-11 00:13:13,2025-02-11 01:05:45,SHORT,3,6076.5,6075.75,112.5,13.5,99.0,True,15.81,True
282,ES,ES-TM_7,Tue,00:00,In-Sample,2025-02-18 00:11:05,2025-02-18 01:26:30,SHORT,3,6144.0,6146.25,-337.5,13.5,-351.0,True,14.77,True
282,ES,ES-TM_8,Tue,00:00,In-Sample,2025-02-18 00:11:05,2025-02-18 00:59:14,SHORT,3,6144.0,6144.0,0.0,13.5,-13.5,True,14.77,True
282,ES,ES-IPS_TM_5,Tue,00:00,In-Sample,2025-02-25 00:01:16,2025-02-25 00:30:00,LONG,3,6009.5,6010.25,112.5,13.5,99.0,True,18.98,True
282,ES,ES-TM_8,Tue,00:00,In-Sample,2025-02-25 00:01:16,2025-02-25 00:10:58,LONG,3,6009.5,6009.25,-37.5,13.5,-51.0,True,18.98,True
282,ES,ES-TM_5,Tue,00:00,In-Sample,2025-02-25 00:01:16,2025-02-25 00:10:58,LONG,3,6009.5,6009.25,-37.5,13.5,-51.0,True,18.98,True
282,ES,ES-TM_8,Tue,00:00,In-Sample,2025-02-25 00:10:58,2025-02-25 00:13:38,SHORT,3,6009.25,6010.5,-187.5,13.5,-201.0,True,18.98,True
282,ES,ES-TM_5,Tue,00:00,In-Sample,2025-02-25 00:10:58,2025-02-25 00:13:38,SHORT,3,6009.25,6010.5,-187.5,13.5,-201.0,True,18.98,True
282,ES,ES-TM_8,Tue,00:00,In-Sample,2025-02-25 00:18:03,2025-02-25 00:30:00,LONG,3,6010.75,6010.25,-75.0,13.5,-88.5,True,18.98,True
282,ES,ES-TM_5,Tue,00:00,In-Sample,2025-02-25 00:18:03,2025-02-25 00:30:00,LONG,3,6010.75,6010.25,-75.0,13.5,-88.5,True,18.98,True
282,ES,ES-IPS_TM_5,Tue,00:00,In-Sample,2025-03-04 00:00:16,2025-03-04 00:00:19,SHORT,3,5868.0,5870.75,-412.5,13.5,-426.0,True,22.78,False
282,ES,ES-IPS_TM_5,Tue,00:00,In-Sample,2025-03-04 00:00:30,2025-03-04 00:00:49,SHORT,3,5868.5,5871.25,-412.5,13.5,-426.0,True,22.78,False
282,ES,ES-TM_2,Tue,00:00,In-Sample,2025-03-04 00:01:19,2025-03-04 00:01:59,LONG,1,5864.25,5874.75,525.0,4.5,520.5,True,22.78,False
282,ES,ES-TM_10,Tue,00:00,In-Sample,2025-03-04 00:01:19,2025-03-04 00:01:59,LONG,1,5864.25,5874.75,525.0,4.5,520.5,True,22.78,False
282,ES,ES-TM_8,Tue,00:00,In-Sample,2025-03-04 00:01:19,2025-03-04 00:01:19,SHORT,1,5866.5,5864.75,87.5,4.5,83.0,True,22.78,False
282,ES,ES-TM_8,Tue,00:00,In-Sample,2025-03-04 00:01:19,2025-03-04 00:01:29,SHORT,2,5866.5,5865.0,150.0,9.0,141.0,True,22.78,False
282,ES,ES-TM_5,Tue,00:00,In-Sample,2025-03-04 00:01:19,2025-03-04 00:01:19,SHORT,1,5866.5,5864.75,87.5,4.5,83.0,True,22.78,False
282,ES,ES-TM_5,Tue,00:00,In-Sample,2025-03-04 00:01:19,2025-03-04 00:01:29,SHORT,2,5866.5,5865.0,150.0,9.0,141.0,True,22.78,False
282,ES,ES-TM_7,Tue,00:00,In-Sample,2025-03-04 00:01:20,2025-03-04 00:01:59,SHORT,3,5862.75,5871.75,-1350.0,13.5,-1363.5,True,22.78,False
282,ES,ES-TM_2,Tue,00:00,In-Sample,2025-03-04 00:01:25,2025-03-04 00:02:04,LONG,1,5860.5,5871.25,537.5,4.5,533.0,True,22.78,False
282,ES,ES-TM_10,Tue,00:00,In-Sample,2025-03-04 00:01:25,2025-03-04 00:02:08,LONG,1,5860.5,5869.25,437.5,4.5,433.0,True,22.78,False
282,ES,ES-IPS_TM_11,Tue,00:00,In-Sample,2025-03-04 00:01:30,2025-03-04 00:01:58,LONG,1,5866.25,5871.25,250.0,4.5,245.5,True,22.78,False
282,ES,ES-IPS_TM_11,Tue,00:00,In-Sample,2025-03-04 00:01:30,2025-03-04 00:03:41,LONG,1,5866.25,5876.25,500.0,4.5,495.5,True,22.78,False
282,ES,ES-IPS_TM_11,Tue,00:00,In-Sample,2025-03-04 00:01:30,2025-03-04 00:05:00,LONG,1,5866.25,5876.75,525.0,4.5,520.5,True,22.78,False
282,ES,ES-IPS_TM_5,Tue,00:00,In-Sample,2025-03-04 00:01:30,2025-03-04 00:01:58,LONG,1,5866.25,5871.25,250.0,4.5,245.5,True,22.78,False
282,ES,ES-IPS_TM_5,Tue,00:00,In-Sample,2025-03-04 00:01:30,2025-03-04 00:02:00,LONG,2,5866.25,5873.25,700.0,9.0,691.0,True,22.78,False
282,ES,ES-TM_8,Tue,00:00,In-Sample,2025-03-04 00:01:30,2025-03-04 00:01:43,LONG,3,5866.25,5865.0,-187.5,13.5,-201.0,True,22.78,False
282,ES,ES-TM_5,Tue,00:00,In-Sample,2025-03-04 00:01:30,2025-03-04 00:01:43,LONG,3,5866.25,5865.0,-187.5,13.5,-201.0,True,22.78,False
282,ES,ES-TM_2,Tue,00:00,In-Sample,2025-03-04 00:01:31,2025-03-04 00:02:04,LONG,1,5867.25,5871.25,200.0,4.5,195.5,True,22.78,False
282,ES,ES_PB_2,Tue,00:00,In-Sample,2025-03-04 00:01:31,2025-03-04 00:01:59,LONG,1,5867.0,5872.0,250.0,4.5,245.5,True,22.78,False
282,ES,ES_PB_2,Tue,00:00,In-Sample,2025-03-04 00:01:31,2025-03-04 00:06:08,LONG,1,5867.0,5882.25,762.5,4.5,758.0,True,22.78,False
282,ES,ES_PB_3,Tue,00:00,In-Sample,2025-03-04 00:01:31,2025-03-04 00:01:59,LONG,1,5867.0,5872.0,250.0,4.5,245.5,True,22.78,False
282,ES,ES_PB_3,Tue,00:00,In-Sample,2025-03-04 00:01:31,2025-03-04 00:02:07,LONG,1,5867.0,5870.25,162.5,4.5,158.0,True,22.78,False
282,ES,ES-TM_10,Tue,00:00,In-Sample,2025-03-04 00:01:32,2025-03-04 00:02:08,LONG,1,5867.25,5869.25,100.0,4.5,95.5,True,22.78,False
282,ES,ES-TM_9,Tue,00:00,In-Sample,2025-03-04 00:01:40,2025-03-04 00:01:40,SHORT,3,5865.5,5866.0,-75.0,13.5,-88.5,True,22.78,False
282,ES,ES-TM_8,Tue,00:00,In-Sample,2025-03-04 00:01:43,2025-03-04 00:01:49,SHORT,3,5865.0,5867.75,-412.5,13.5,-426.0,True,22.78,False
282,ES,ES-TM_5,Tue,00:00,In-Sample,2025-03-04 00:01:43,2025-03-04 00:01:49,SHORT,3,5865.0,5867.75,-412.5,13.5,-426.0,True,22.78,False
282,ES,ES-TM_8,Tue,00:00,In-Sample,2025-03-04 00:01:49,2025-03-04 00:01:59,LONG,1,5867.75,5872.75,250.0,4.5,245.5,True,22.78,False
282,ES,ES-TM_8,Tue,00:00,In-Sample,2025-03-04 00:01:49,2025-03-04 00:02:08,LONG,2,5867.75,5869.25,150.0,9.0,141.0,True,22.78,False
282,ES,ES-TM_5,Tue,00:00,In-Sample,2025-03-04 00:01:49,2025-03-04 00:01:59,LONG,1,5867.75,5872.75,250.0,4.5,245.5,True,22.78,False
282,ES,ES-TM_5,Tue,00:00,In-Sample,2025-03-04 00:01:49,2025-03-04 00:02:01,LONG,2,5867.75,5872.75,500.0,9.0,491.0,True,22.78,False
282,ES,ES-TM_2,Tue,00:00,In-Sample,2025-03-04 00:01:57,2025-03-04 02:40:29,LONG,3,5871.0,5861.25,-1462.5,13.5,-1476.0,True,22.78,False
282,ES,ES-TM_10,Tue,00:00,In-Sample,2025-03-04 00:01:57,2025-03-04 00:02:08,LONG,1,5871.0,5869.25,-87.5,4.5,-92.0,True,22.78,False
282,ES,ES-TM_10,Tue,00:00,In-Sample,2025-03-04 00:01:57,2025-03-04 02:40:29,LONG,2,5871.0,5861.0,-1000.0,9.0,-1009.0,True,22.78,False
282,ES,ES-IPS_TM_8,Tue,00:00,In-Sample,2025-03-04 00:02:00,2025-03-04 00:02:08,SHORT,1,5873.75,5868.75,250.0,4.5,245.5,True,22.78,False
282,ES,ES-IPS_TM_8,Tue,00:00,In-Sample,2025-03-04 00:02:00,2025-03-04 00:02:18,SHORT,2,5873.75,5869.5,425.0,9.0,416.0,True,22.78,False
282,ES,ES-IPS_TM_5,Tue,00:00,In-Sample,2025-03-04 00:02:00,2025-03-04 00:02:08,SHORT,1,5873.75,5868.75,250.0,4.5,245.5,True,22.78,False
282,ES,ES-IPS_TM_5,Tue,00:00,In-Sample,2025-03-04 00:02:00,2025-03-04 00:02:22,SHORT,2,5873.75,5870.75,300.0,9.0,291.0,True,22.78,False
282,ES,ES-TM_9,Tue,00:00,In-Sample,2025-03-04 00:02:00,2025-03-04 00:02:07,LONG,3,5874.75,5870.75,-600.0,13.5,-613.5,True,22.78,False
282,ES,ES-TM_5,Tue,00:00,In-Sample,2025-03-04 00:02:01,2025-03-04 00:02:09,SHORT,1,5872.75,5867.75,250.0,4.5,245.5,True,22.78,False
282,ES,ES-TM_5,Tue,00:00,In-Sample,2025-03-04 00:02:01,2025-03-04 00:02:22,SHORT,2,5872.75,5870.75,200.0,9.0,191.0,True,22.78,False
282,ES,ES_PB_3,Tue,00:00,In-Sample,2025-03-04 00:02:07,2025-03-04 00:02:58,SHORT,1,5870.25,5872.75,-125.0,4.5,-129.5,True,22.78,False
282,ES,ES-TM_10,Tue,00:00,In-Sample,2025-03-04 00:02:10,2025-03-04 02:40:29,LONG,1,5867.5,5861.0,-325.0,4.5,-329.5,True,22.78,False
282,ES,ES-TM_8,Tue,00:00,In-Sample,2025-03-04 00:02:22,2025-03-04 00:03:39,LONG,1,5870.75,5875.75,250.0,4.5,245.5,True,22.78,False
282,ES,ES-TM_8,Tue,00:00,In-Sample,2025-03-04 00:02:22,2025-03-04 00:04:19,LONG,2,5870.75,5878.5,775.0,9.0,766.0,True,22.78,False
282,ES,ES-TM_5,Tue,00:00,In-Sample,2025-03-04 00:02:22,2025-03-04 00:03:39,LONG,1,5870.75,5875.75,250.0,4.5,245.5,True,22.78,False
282,ES,ES-TM_5,Tue,00:00,In-Sample,2025-03-04 00:02:22,2025-03-04 00:04:18,LONG,2,5870.75,5878.75,800.0,9.0,791.0,True,22.78,False
282,ES,ES-IPS_TM_5,Tue,00:00,In-Sample,2025-03-04 00:02:48,2025-03-04 00:04:11,LONG,1,5874.25,5879.25,250.0,4.5,245.5,True,22.78,False
282,ES,ES-IPS_TM_5,Tue,00:00,In-Sample,2025-03-04 00:02:48,2025-03-04 00:04:19,LONG,2,5874.25,5878.5,425.0,9.0,416.0,True,22.78,False
282,ES,ES-IPS_TM_5dupl,Tue,00:00,In-Sample,2025-03-04 00:03:41,2025-03-04 00:06:24,LONG,1,5876.5,5884.0,375.0,4.5,370.5,True,22.78,False
282,ES,ES-IPS_TM_5dupl,Tue,00:00,In-Sample,2025-03-04 00:03:41,2025-03-04 00:10:03,LONG,2,5876.5,5876.0,-50.0,9.0,-59.0,True,22.78,False
282,ES,ES-PB_1,Tue,00:00,In-Sample,2025-03-04 00:03:41,2025-03-04 00:06:24,LONG,1,5876.25,5883.75,375.0,4.5,370.5,True,22.78,False
282,ES,ES-PB_1,Tue,00:00,In-Sample,2025-03-04 00:03:41,2025-03-04 00:10:03,LONG,1,5876.25,5876.0,-12.5,4.5,-17.0,True,22.78,False
282,ES,ES-IPS_TM_8,Tue,00:00,In-Sample,2025-03-04 00:04:19,2025-03-04 00:06:08,SHORT,3,5878.5,5881.25,-412.5,13.5,-426.0,True,22.78,False
282,ES,ES-IPS_TM_5,Tue,00:00,In-Sample,2025-03-04 00:04:19,2025-03-04 00:06:08,SHORT,3,5878.5,5881.25,-412.5,13.5,-426.0,True,22.78,False
282,ES,ES-TM_8,Tue,00:00,In-Sample,2025-03-04 00:04:19,2025-03-04 00:05:48,SHORT,3,5878.5,5878.25,37.5,13.5,24.0,True,22.78,False
282,ES,ES-TM_5,Tue,00:00,In-Sample,2025-03-04 00:04:19,2025-03-04 00:05:48,SHORT,3,5878.75,5878.25,75.0,13.5,61.5,True,22.78,False
282,ES,ES-TM_8,Tue,00:00,In-Sample,2025-03-04 00:05:48,2025-03-04 00:06:24,LONG,1,5878.25,5883.25,250.0,4.5,245.5,True,22.78,False
282,ES,ES-TM_8,Tue,00:00,In-Sample,2025-03-04 00:05:48,2025-03-04 00:06:29,LONG,1,5878.25,5882.5,212.5,4.5,208.0,True,22.78,False
282,ES,ES-TM_8,Tue,00:00,In-Sample,2025-03-04 00:05:48,2025-03-04 00:06:29,LONG,1,5878.25,5882.5,212.5,4.5,208.0,True,22.78,False
282,ES,ES-TM_8,Tue,00:00,In-Sample,2025-03-04 00:05:48,2025-03-04 00:07:33,LONG,2,5878.25,5880.0,175.0,9.0,166.0,True,22.78,False
282,ES,ES-TM_5,Tue,00:00,In-Sample,2025-03-04 00:05:48,2025-03-04 00:06:24,LONG,1,5878.25,5883.25,250.0,4.5,245.5,True,22.78,False
282,ES,ES-TM_5,Tue,00:00,In-Sample,2025-03-04 00:05:48,2025-03-04 00:06:29,LONG,1,5878.25,5882.5,212.5,4.5,208.0,True,22.78,False
282,ES,ES-TM_5,Tue,00:00,In-Sample,2025-03-04 00:05:48,2025-03-04 00:06:29,LONG,1,5878.25,5882.5,212.5,4.5,208.0,True,22.78,False
282,ES,ES-TM_5,Tue,00:00,In-Sample,2025-03-04 00:05:48,2025-03-04 00:07:33,LONG,2,5878.25,5880.0,175.0,9.0,166.0,True,22.78,False
282,ES,ES-IPS_TM_5,Tue,00:00,In-Sample,2025-03-04 00:06:25,2025-03-04 00:06:29,LONG,3,5883.75,5882.25,-225.0,13.5,-238.5,True,22.78,False
282,ES,ES-IPS_TM_8,Tue,00:00,In-Sample,2025-03-04 00:06:29,2025-03-04 00:09:48,SHORT,1,5882.25,5877.25,250.0,4.5,245.5,True,22.78,False
282,ES,ES-IPS_TM_8,Tue,00:00,In-Sample,2025-03-04 00:06:29,2025-03-04 00:12:51,SHORT,2,5882.25,5872.75,950.0,9.0,941.0,True,22.78,False
282,ES,ES-IPS_TM_5,Tue,00:00,In-Sample,2025-03-04 00:06:29,2025-03-04 00:08:12,SHORT,3,5882.0,5882.5,-75.0,13.5,-88.5,True,22.78,False
282,ES,ES-TM_8,Tue,00:00,In-Sample,2025-03-04 00:07:33,2025-03-04 00:08:12,SHORT,1,5880.0,5882.5,-125.0,4.5,-129.5,True,22.78,False
282,ES,ES-TM_5,Tue,00:00,In-Sample,2025-03-04 00:07:33,2025-03-04 00:08:12,SHORT,1,5880.0,5882.0,-100.0,4.5,-104.5,True,22.78,False
282,ES,ES-IPS_TM_5,Tue,00:00,In-Sample,2025-03-04 00:08:12,2025-03-04 00:08:44,LONG,3,5882.5,5879.25,-487.5,13.5,-501.0,True,22.78,False
282,ES,ES-TM_8,Tue,00:00,In-Sample,2025-03-04 00:08:12,2025-03-04 00:08:28,LONG,2,5882.5,5880.25,-225.0,9.0,-234.0,True,22.78,False
282,ES,ES-TM_8,Tue,00:00,In-Sample,2025-03-04 00:08:12,2025-03-04 00:08:28,LONG,1,5882.5,5880.25,-112.5,4.5,-117.0,True,22.78,False
282,ES,ES-TM_8,Tue,00:00,In-Sample,2025-03-04 00:08:12,2025-03-04 00:08:28,LONG,2,5882.5,5880.25,-225.0,9.0,-234.0,True,22.78,False
282,ES,ES-TM_5,Tue,00:00,In-Sample,2025-03-04 00:08:12,2025-03-04 00:08:28,LONG,2,5882.0,5880.25,-175.0,9.0,-184.0,True,22.78,False
282,ES,ES-TM_5,Tue,00:00,In-Sample,2025-03-04 00:08:12,2025-03-04 00:08:28,LONG,1,5882.5,5880.25,-112.5,4.5,-117.0,True,22.78,False
282,ES,ES-TM_5,Tue,00:00,In-Sample,2025-03-04 00:08:12,2025-03-04 00:08:28,LONG,2,5882.5,5880.25,-225.0,9.0,-234.0,True,22.78,False
282,ES,ES-TM_8,Tue,00:00,In-Sample,2025-03-04 00:08:28,2025-03-04 00:10:03,SHORT,1,5880.25,5875.25,250.0,4.5,245.5,True,22.78,False
282,ES,ES-TM_5,Tue,00:00,In-Sample,2025-03-04 00:08:28,2025-03-04 00:10:03,SHORT,1,5880.25,5875.25,250.0,4.5,245.5,True,22.78,False
282,ES,ES-IPS_TM_5dupl,Tue,00:00,In-Sample,2025-03-04 00:10:03,2025-03-04 00:26:43,SHORT,3,5875.75,5880.0,-637.5,13.5,-651.0,True,22.78,False
282,ES,ES-PB_1,Tue,00:00,In-Sample,2025-03-04 00:10:03,2025-03-04 00:26:43,SHORT,2,5876.0,5880.0,-400.0,9.0,-409.0,True,22.78,False
282,ES,ES-TM_8,Tue,00:00,In-Sample,2025-03-04 00:15:04,2025-03-04 00:15:27,SHORT,3,5871.0,5873.25,-337.5,13.5,-351.0,True,22.78,False
282,ES,ES-TM_5,Tue,00:00,In-Sample,2025-03-04 00:15:04,2025-03-04 00:15:27,SHORT,3,5871.0,5873.25,-337.5,13.5,-351.0,True,22.78,False
282,ES,ES-TM_8,Tue,00:00,In-Sample,2025-03-04 00:16:23,2025-03-04 00:26:43,LONG,1,5874.75,5879.75,250.0,4.5,245.5,True,22.78,False
282,ES,ES-TM_8,Tue,00:00,In-Sample,2025-03-04 00:16:23,2025-03-04 00:28:02,LONG,2,5874.75,5878.25,350.0,9.0,341.0,True,22.78,False
282,ES,ES-TM_5,Tue,00:00,In-Sample,2025-03-04 00:16:23,2025-03-04 00:26:43,LONG,1,5874.75,5879.75,250.0,4.5,245.5,True,22.78,False
282,ES,ES-TM_5,Tue,00:00,In-Sample,2025-03-04 00:16:23,2025-03-04 00:28:02,LONG,2,5874.75,5878.25,350.0,9.0,341.0,True,22.78,False
282,ES,ES_PB_2,Tue,00:00,In-Sample,2025-03-04 00:21:45,2025-03-04 01:10:09,LONG,2,5876.25,5870.25,-600.0,9.0,-609.0,True,22.78,False
282,ES,ES_PB_3,Tue,00:00,In-Sample,2025-03-04 00:21:45,2025-03-04 01:06:47,LONG,2,5876.25,5874.75,-150.0,9.0,-159.0,True,22.78,False
282,ES,ES-IPS_TM_5dupl,Tue,00:00,In-Sample,2025-03-04 00:26:43,2025-03-04 01:10:46,LONG,2,5880.0,5870.25,-975.0,9.0,-984.0,True,22.78,False
282,ES,ES-IPS_TM_5dupl,Tue,00:00,In-Sample,2025-03-04 00:26:43,2025-03-04 01:10:46,LONG,1,5880.0,5870.25,-487.5,4.5,-492.0,True,22.78,False
282,ES,ES-IPS_TM_5dupl,Tue,00:00,In-Sample,2025-03-04 00:26:43,2025-03-04 02:09:03,LONG,2,5880.0,5869.0,-1100.0,9.0,-1109.0,True,22.78,False
282,ES,ES-PB_1,Tue,00:00,In-Sample,2025-03-04 00:26:43,2025-03-04 01:09:51,LONG,2,5880.0,5872.0,-800.0,9.0,-809.0,True,22.78,False
282,ES,ES-TM_8,Tue,00:00,In-Sample,2025-03-04 00:29:23,2025-03-04 00:31:01,LONG,3,5880.25,5878.5,-262.5,13.5,-276.0,True,22.78,False
282,ES,ES-TM_5,Tue,00:00,In-Sample,2025-03-04 00:29:23,2025-03-04 00:31:01,LONG,3,5880.25,5878.5,-262.5,13.5,-276.0,True,22.78,False
282,ES,ES-TM_5,Tue,00:00,In-Sample,2025-03-11 00:02:58,2025-03-11 00:05:25,LONG,1,5623.25,5620.5,-137.5,4.5,-142.0,True,27.86,False
282,ES,ES-TM_5,Tue,00:00,In-Sample,2025-03-11 00:05:25,2025-03-11 00:07:57,SHORT,2,5620.5,5624.75,-425.0,9.0,-434.0,True,27.86,False
282,ES,ES-TM_5,Tue,00:00,In-Sample,2025-03-11 00:07:57,2025-03-11 00:15:11,LONG,1,5624.75,5629.75,250.0,4.5,245.5,True,27.86,False
282,ES,ES_PB_2,Tue,00:00,In-Sample,2025-03-11 00:08:44,2025-03-11 00:15:37,LONG,1,5626.0,5632.75,337.5,4.5,333.0,True,27.86,False
282,ES,ES_PB_2,Tue,00:00,In-Sample,2025-03-11 00:08:44,2025-03-11 00:39:10,LONG,1,5626.0,5633.75,387.5,4.5,383.0,True,27.86,False
282,ES,ES_PB_3,Tue,00:00,In-Sample,2025-03-11 00:08:44,2025-03-11 00:15:37,LONG,1,5626.0,5632.75,337.5,4.5,333.0,True,27.86,False
282,ES,ES_PB_3,Tue,00:00,In-Sample,2025-03-11 00:08:44,2025-03-11 00:39:10,LONG,1,5626.0,5633.75,387.5,4.5,383.0,True,27.86,False
282,ES,ES-IPS_TM_5dupl,Tue,00:00,In-Sample,2025-03-11 00:10:59,2025-03-11 00:33:34,LONG,1,5627.5,5637.25,487.5,4.5,483.0,True,27.86,False
282,ES,ES-PB_1,Tue,00:00,In-Sample,2025-03-11 00:10:59,2025-03-11 00:33:34,LONG,1,5627.5,5637.25,487.5,4.5,483.0,True,27.86,False
282,ES,ES-PB_1,Tue,00:00,In-Sample,2025-03-11 00:10:59,2025-03-11 00:43:33,LONG,1,5627.5,5630.25,137.5,4.5,133.0,True,27.86,False
282,ES,ES-TM_10,Tue,00:00,In-Sample,2025-03-11 00:15:45,2025-03-11 00:20:49,LONG,3,5633.75,5631.75,-300.0,13.5,-313.5,True,27.86,False
282,ES,ES-TM_2,Tue,00:00,In-Sample,2025-03-11 00:15:45,2025-03-11 00:20:49,LONG,3,5633.75,5631.75,-300.0,13.5,-313.5,True,27.86,False
282,ES,ES-IPS_TM_11,Tue,00:00,In-Sample,2025-03-11 00:17:03,2025-03-11 00:21:59,SHORT,3,5632.75,5634.75,-300.0,13.5,-313.5,True,27.86,False
282,ES,ES-IPS_TM_5,Tue,00:00,In-Sample,2025-03-11 00:17:03,2025-03-11 00:21:59,SHORT,3,5632.75,5634.75,-300.0,13.5,-313.5,True,27.86,False
282,ES,ES-TM_5,Tue,00:00,In-Sample,2025-03-11 00:19:07,2025-03-11 00:20:43,LONG,3,5635.0,5632.5,-375.0,13.5,-388.5,True,27.86,False
282,ES,ES-TM_5,Tue,00:00,In-Sample,2025-03-11 00:20:43,2025-03-11 00:21:59,SHORT,3,5632.5,5634.75,-337.5,13.5,-351.0,True,27.86,False
282,ES,ES-TM_5,Tue,00:00,In-Sample,2025-03-11 00:21:59,2025-03-11 00:24:11,LONG,3,5634.5,5634.0,-75.0,13.5,-88.5,True,27.86,False
282,ES,ES-TM_5,Tue,00:00,In-Sample,2025-03-11 00:24:11,2025-03-11 00:25:26,SHORT,3,5634.0,5635.75,-262.5,13.5,-276.0,True,27.86,False
282,ES,ES-TM_5,Tue,00:00,In-Sample,2025-03-11 00:24:11,2025-03-11 00:26:17,SHORT,3,5634.0,5636.25,-337.5,13.5,-351.0,True,27.86,False
282,ES,ES-IPS_TM_11,Tue,00:00,In-Sample,2025-03-18 00:07:42,2025-03-18 00:38:01,LONG,3,5662.25,5659.25,-450.0,13.5,-463.5,True,20.51,False
282,ES,ES-IPS_TM_5,Tue,00:00,In-Sample,2025-03-18 00:07:42,2025-03-18 00:38:01,LONG,3,5662.25,5659.25,-450.0,13.5,-463.5,True,20.51,False
282,ES,ES-IPS_TM_8,Tue,00:00,In-Sample,2025-03-18 00:07:42,2025-03-18 00:38:01,LONG,3,5662.25,5659.25,-450.0,13.5,-463.5,True,20.51,False
282,ES,ES-TM_8,Tue,00:00,In-Sample,2025-03-18 00:07:42,2025-03-18 00:37:10,LONG,3,5662.25,5660.75,-225.0,13.5,-238.5,True,20.51,False
282,ES,ES-TM_5,Tue,00:00,In-Sample,2025-03-18 00:07:42,2025-03-18 00:37:10,LONG,3,5662.25,5660.75,-225.0,13.5,-238.5,True,20.51,False
282,ES,ES-IPS_TM_5,Tue,00:00,In-Sample,2025-03-25 00:16:09,2025-03-25 00:35:28,SHORT,2,5806.0,5806.5,-50.0,9.0,-59.0,True,17.48,True
282,ES,ES-TM_5,Tue,00:00,In-Sample,2025-03-25 00:16:09,2025-03-25 00:24:27,SHORT,2,5806.0,5806.75,-75.0,9.0,-84.0,True,17.48,True
282,ES,ES-TM_5,Tue,00:00,In-Sample,2025-03-25 00:24:27,2025-03-25 00:29:00,LONG,1,5806.75,5805.75,-50.0,4.5,-54.5,True,17.48,True
282,ES,ES-TM_8,Tue,00:00,In-Sample,2025-03-25 00:24:27,2025-03-25 00:29:00,LONG,3,5806.75,5805.75,-150.0,13.5,-163.5,True,17.48,True
282,ES,ES-TM_5,Tue,00:00,In-Sample,2025-03-25 00:29:00,2025-03-25 00:35:28,SHORT,2,5805.75,5806.5,-75.0,9.0,-84.0,True,17.48,True
282,ES,ES-IPS_TM_11,Tue,00:00,In-Sample,2025-04-01 00:01:47,2025-04-01 00:05:04,LONG,3,5631.25,5629.25,-300.0,13.5,-313.5,True,22.28,False
282,ES,ES-IPS_TM_8,Tue,00:00,In-Sample,2025-04-01 00:01:47,2025-04-01 00:05:04,LONG,3,5631.25,5629.25,-300.0,13.5,-313.5,True,22.28,False
282,ES,ES-IPS_TM_5,Tue,00:00,In-Sample,2025-04-01 00:01:47,2025-04-01 00:05:04,LONG,3,5631.25,5629.25,-300.0,13.5,-313.5,True,22.28,False
282,ES,ES-TM_5,Tue,00:00,In-Sample,2025-04-01 00:01:47,2025-04-01 00:03:43,LONG,3,5631.25,5629.5,-262.5,13.5,-276.0,True,22.28,False
282,ES,ES-TM_8,Tue,00:00,In-Sample,2025-04-01 00:01:47,2025-04-01 00:03:43,LONG,3,5631.25,5629.5,-262.5,13.5,-276.0,True,22.28,False
282,ES,ES-TM_5,Tue,00:00,In-Sample,2025-04-01 00:03:43,2025-04-01 00:06:07,SHORT,3,5629.5,5630.5,-150.0,13.5,-163.5,True,22.28,False
282,ES,ES-TM_8,Tue,00:00,In-Sample,2025-04-01 00:03:43,2025-04-01 00:06:06,SHORT,3,5629.5,5630.5,-150.0,13.5,-163.5,True,22.28,False
282,ES,ES-IPS_TM_12,Tue,00:00,In-Sample,2025-04-01 00:06:06,2025-04-01 01:01:57,LONG,1,5630.5,5635.5,250.0,4.5,245.5,True,22.28,False
282,ES,ES-IPS_TM_12,Tue,00:00,In-Sample,2025-04-01 00:06:06,2025-04-01 02:47:58,LONG,1,5630.5,5645.5,750.0,4.5,745.5,True,22.28,False
282,ES,ES-IPS_TM_12,Tue,00:00,In-Sample,2025-04-01 00:06:06,2025-04-01 03:10:07,LONG,1,5630.5,5656.0,1275.0,4.5,1270.5,True,22.28,False
282,ES,ES-IPS_TM_11,Tue,00:00,In-Sample,2025-04-01 00:06:06,2025-04-01 01:01:57,LONG,1,5630.5,5635.5,250.0,4.5,245.5,True,22.28,False
282,ES,ES-IPS_TM_11,Tue,00:00,In-Sample,2025-04-01 00:06:06,2025-04-01 01:07:06,LONG,1,5630.5,5641.5,550.0,4.5,545.5,True,22.28,False
282,ES,ES-IPS_TM_11,Tue,00:00,In-Sample,2025-04-01 00:06:06,2025-04-01 01:36:02,LONG,1,5630.5,5637.0,325.0,4.5,320.5,True,22.28,False
282,ES,ES-IPS_TM_8,Tue,00:00,In-Sample,2025-04-01 00:06:06,2025-04-01 01:01:57,LONG,1,5630.5,5635.5,250.0,4.5,245.5,True,22.28,False
282,ES,ES-IPS_TM_8,Tue,00:00,In-Sample,2025-04-01 00:06:06,2025-04-01 01:07:44,LONG,2,5630.5,5639.5,900.0,9.0,891.0,True,22.28,False
282,ES,ES-TM_8,Tue,00:00,In-Sample,2025-04-01 00:06:06,2025-04-01 00:28:55,LONG,3,5630.5,5631.0,75.0,13.5,61.5,True,22.28,False
282,ES,ES-IPS_TM_5,Tue,00:00,In-Sample,2025-04-01 00:06:07,2025-04-01 01:00:01,LONG,3,5630.5,5633.0,375.0,13.5,361.5,True,22.28,False
282,ES,ES-TM_5,Tue,00:00,In-Sample,2025-04-01 00:06:07,2025-04-01 00:28:55,LONG,3,5630.5,5631.0,75.0,13.5,61.5,True,22.28,False
282,ES,ES-TM_5,Tue,00:00,In-Sample,2025-04-01 00:28:55,2025-04-01 00:34:11,SHORT,3,5631.0,5632.75,-262.5,13.5,-276.0,True,22.28,False
282,ES,ES-TM_8,Tue,00:00,In-Sample,2025-04-01 00:28:55,2025-04-01 00:34:11,SHORT,3,5631.0,5632.75,-262.5,13.5,-276.0,True,22.28,False
282,ES,ES-PB_1,Tue,00:00,In-Sample,2025-04-08 00:01:36,2025-04-08 00:24:15,LONG,2,5173.0,5165.0,-800.0,9.0,-809.0,True,46.98,False
282,ES,ES-TM_5,Tue,00:00,In-Sample,2025-04-08 00:07:49,2025-04-08 00:12:07,SHORT,3,5166.5,5170.25,-562.5,13.5,-576.0,True,46.98,False
282,ES,ES-TM_8,Tue,00:00,In-Sample,2025-04-08 00:07:50,2025-04-08 00:12:07,SHORT,3,5166.5,5170.25,-562.5,13.5,-576.0,True,46.98,False
282,ES,ES-TM_5,Tue,00:00,In-Sample,2025-04-08 00:12:08,2025-04-08 00:17:50,LONG,3,5170.5,5167.75,-412.5,13.5,-426.0,True,46.98,False
282,ES,ES-TM_8,Tue,00:00,In-Sample,2025-04-08 00:12:08,2025-04-08 00:17:50,LONG,3,5170.5,5167.75,-412.5,13.5,-426.0,True,46.98,False
282,ES,ES-IPS_TM_5,Tue,00:00,In-Sample,2025-04-08 00:17:50,2025-04-08 00:23:12,SHORT,3,5167.75,5170.5,-412.5,13.5,-426.0,True,46.98,False
282,ES,ES-TM_5,Tue,00:00,In-Sample,2025-04-08 00:17:50,2025-04-08 00:23:12,SHORT,3,5167.75,5170.5,-412.5,13.5,-426.0,True,46.98,False
282,ES,ES-TM_5,Tue,00:00,In-Sample,2025-04-08 00:17:50,2025-04-08 00:34:12,SHORT,1,5167.75,5159.5,412.5,4.5,408.0,True,46.98,False
282,ES,ES-TM_5,Tue,00:00,In-Sample,2025-04-08 00:17:50,2025-04-08 00:37:39,SHORT,2,5167.75,5159.5,825.0,9.0,816.0,True,46.98,False
282,ES,ES-TM_8,Tue,00:00,In-Sample,2025-04-08 00:17:50,2025-04-08 00:23:12,SHORT,3,5167.75,5170.5,-412.5,13.5,-426.0,True,46.98,False
282,ES,ES-TM_8,Tue,00:00,In-Sample,2025-04-08 00:17:50,2025-04-08 00:34:12,SHORT,1,5167.75,5159.5,412.5,4.5,408.0,True,46.98,False
282,ES,ES-TM_8,Tue,00:00,In-Sample,2025-04-08 00:17:50,2025-04-08 00:37:40,SHORT,2,5167.75,5159.5,825.0,9.0,816.0,True,46.98,False
282,ES,ES-PB_1,Tue,00:00,In-Sample,2025-04-08 00:24:15,2025-04-08 00:45:25,SHORT,1,5165.0,5153.5,575.0,4.5,570.5,True,46.98,False
282,ES,ES-PB_1,Tue,00:00,In-Sample,2025-04-08 00:24:15,2025-04-08 00:56:23,SHORT,1,5165.0,5160.5,225.0,4.5,220.5,True,46.98,False
282,ES,ES-TM_7,Tue,00:00,In-Sample,2025-04-08 00:24:16,2025-04-08 00:45:24,SHORT,1,5165.5,5154.0,575.0,4.5,570.5,True,46.98,False
282,ES,ES-TM_7,Tue,00:00,In-Sample,2025-04-08 00:24:16,2025-04-08 00:56:23,SHORT,2,5165.5,5160.5,500.0,9.0,491.0,True,46.98,False
282,ES,ES-TM_5,Tue,00:00,In-Sample,2025-04-08 00:25:11,2025-04-08 00:42:42,SHORT,3,5164.5,5157.75,1012.5,13.5,999.0,True,46.98,False
282,ES,ES-TM_8,Tue,00:00,In-Sample,2025-04-08 00:25:11,2025-04-08 00:42:42,SHORT,3,5164.5,5157.75,1012.5,13.5,999.0,True,46.98,False
282,ES,ES-IPS_TM_12,Tue,00:00,In-Sample,2025-04-15 00:04:12,2025-04-15 00:34:52,SHORT,3,5436.5,5439.25,-412.5,13.5,-426.0,True,30.89,False
282,ES,ES-TM_8,Tue,00:00,In-Sample,2025-04-15 00:05:37,2025-04-15 00:09:28,SHORT,3,5436.25,5438.25,-300.0,13.5,-313.5,True,30.89,False
282,ES,ES-TM_5,Tue,00:00,In-Sample,2025-04-15 00:05:37,2025-04-15 00:09:28,SHORT,3,5436.25,5438.25,-300.0,13.5,-313.5,True,30.89,False
282,ES,ES-TM_8,Tue,00:00,In-Sample,2025-04-15 00:09:28,2025-04-15 00:29:36,LONG,3,5438.25,5436.5,-262.5,13.5,-276.0,True,30.89,False
282,ES,ES-TM_5,Tue,00:00,In-Sample,2025-04-15 00:09:28,2025-04-15 00:29:36,LONG,3,5438.25,5436.5,-262.5,13.5,-276.0,True,30.89,False
282,ES,ES-TM_8,Tue,00:00,In-Sample,2025-04-15 00:29:36,2025-04-15 00:34:52,SHORT,3,5436.5,5439.25,-412.5,13.5,-426.0,True,30.89,False
282,ES,ES-TM_5,Tue,00:00,In-Sample,2025-04-15 00:29:36,2025-04-15 00:34:52,SHORT,3,5436.5,5439.25,-412.5,13.5,-426.0,True,30.89,False
282,ES,ES-TM_8,Tue,00:00,In-Sample,2025-04-22 00:12:25,2025-04-22 00:24:08,SHORT,3,5202.25,5204.75,-375.0,13.5,-388.5,True,33.82,False
282,ES,ES-TM_5,Tue,00:00,In-Sample,2025-04-22 00:12:25,2025-04-22 00:24:08,SHORT,3,5202.25,5204.75,-375.0,13.5,-388.5,True,33.82,False
282,ES,ES-TM_8,Tue,00:00,In-Sample,2025-04-22 00:24:08,2025-04-22 00:34:04,LONG,3,5204.75,5202.75,-300.0,13.5,-313.5,True,33.82,False
282,ES,ES-TM_5,Tue,00:00,In-Sample,2025-04-22 00:24:08,2025-04-22 00:34:04,LONG,3,5204.75,5202.75,-300.0,13.5,-313.5,True,33.82,False
282,ES,ES-TM_8,Tue,00:00,In-Sample,2025-04-29 00:00:01,2025-04-29 00:12:35,LONG,3,5563.0,5559.75,-487.5,13.5,-501.0,True,25.15,False
282,ES,ES-TM_5,Tue,00:00,In-Sample,2025-04-29 00:00:01,2025-04-29 00:12:35,LONG,3,5563.0,5559.75,-487.5,13.5,-501.0,True,25.15,False
282,ES,ES-TM_8,Tue,00:00,In-Sample,2025-04-29 00:12:35,2025-04-29 00:18:59,SHORT,3,5558.25,5560.25,-300.0,13.5,-313.5,True,25.15,False
282,ES,ES-TM_5,Tue,00:00,In-Sample,2025-04-29 00:12:35,2025-04-29 00:18:59,SHORT,3,5558.25,5560.25,-300.0,13.5,-313.5,True,25.15,False
282,ES,ES-TM_2,Tue,00:00,In-Sample,2025-04-29 00:13:34,2025-04-29 00:15:27,SHORT,3,5556.0,5558.25,-337.5,13.5,-351.0,True,25.15,False
282,ES,ES-TM_10,Tue,00:00,In-Sample,2025-04-29 00:13:34,2025-04-29 00:15:27,SHORT,3,5556.0,5558.25,-337.5,13.5,-351.0,True,25.15,False
282,ES,ES-IPS_TM_5,Tue,00:00,In-Sample,2025-04-29 00:18:58,2025-04-29 00:27:10,LONG,1,5560.25,5565.25,250.0,4.5,245.5,True,25.15,False
282,ES,ES-IPS_TM_5,Tue,00:00,In-Sample,2025-04-29 00:18:58,2025-04-29 00:36:01,LONG,2,5560.25,5565.75,550.0,9.0,541.0,True,25.15,False
282,ES,ES-TM_8,Tue,00:00,In-Sample,2025-04-29 00:18:59,2025-04-29 00:27:10,LONG,1,5560.25,5565.25,250.0,4.5,245.5,True,25.15,False
282,ES,ES-TM_8,Tue,00:00,In-Sample,2025-04-29 00:18:59,2025-04-29 00:36:01,LONG,2,5560.25,5565.75,550.0,9.0,541.0,True,25.15,False
282,ES,ES-TM_8,Tue,00:00,In-Sample,2025-04-29 00:18:59,2025-04-29 00:38:06,LONG,3,5560.25,5563.5,487.5,13.5,474.0,True,25.15,False
282,ES,ES-TM_5,Tue,00:00,In-Sample,2025-04-29 00:18:59,2025-04-29 00:27:10,LONG,1,5560.25,5565.25,250.0,4.5,245.5,True,25.15,False
282,ES,ES-TM_5,Tue,00:00,In-Sample,2025-04-29 00:18:59,2025-04-29 00:36:01,LONG,2,5560.25,5565.75,550.0,9.0,541.0,True,25.15,False
282,ES,ES-TM_5,Tue,00:00,In-Sample,2025-04-29 00:18:59,2025-04-29 00:38:06,LONG,3,5560.25,5563.5,487.5,13.5,474.0,True,25.15,False
282,ES,ES-IPS_TM_5,Tue,00:00,In-Sample,2025-05-06 00:09:10,2025-05-06 00:30:11,SHORT,1,5662.25,5657.25,250.0,4.5,245.5,True,23.64,False
282,ES,ES-IPS_TM_5,Tue,00:00,In-Sample,2025-05-06 00:09:10,2025-05-06 00:46:35,SHORT,2,5662.25,5657.5,475.0,9.0,466.0,True,23.64,False
282,ES,ES-TM_8,Tue,00:00,In-Sample,2025-05-06 00:19:20,2025-05-06 00:43:36,SHORT,1,5661.0,5656.0,250.0,4.5,245.5,True,23.64,False
282,ES,ES-TM_8,Tue,00:00,In-Sample,2025-05-06 00:19:20,2025-05-06 00:46:35,SHORT,2,5661.0,5657.5,350.0,9.0,341.0,True,23.64,False
282,ES,ES-TM_5,Tue,00:00,In-Sample,2025-05-06 00:19:20,2025-05-06 00:43:36,SHORT,1,5661.0,5656.0,250.0,4.5,245.5,True,23.64,False
282,ES,ES-TM_5,Tue,00:00,In-Sample,2025-05-06 00:19:20,2025-05-06 00:46:35,SHORT,2,5661.0,5657.5,350.0,9.0,341.0,True,23.64,False
282,ES,ES-TM_7,Tue,00:00,In-Sample,2025-05-06 00:28:46,2025-05-06 01:32:43,SHORT,1,5657.75,5654.0,187.5,4.5,183.0,True,23.64,False
282,ES,ES-TM_7,Tue,00:00,In-Sample,2025-05-06 00:28:46,2025-05-06 01:58:16,SHORT,1,5657.75,5650.25,375.0,4.5,370.5,True,23.64,False
282,ES,ES-TM_7,Tue,00:00,In-Sample,2025-05-06 00:28:46,2025-05-06 02:09:30,SHORT,1,5657.75,5653.5,212.5,4.5,208.0,True,23.64,False
282,ES,ES-IPS_TM_11,Tue,00:00,In-Sample,2025-05-13 00:00:39,2025-05-13 00:05:22,LONG,3,5842.0,5840.25,-262.5,13.5,-276.0,True,18.39,True
282,ES,ES-IPS_TM_8,Tue,00:00,In-Sample,2025-05-13 00:00:39,2025-05-13 00:05:22,LONG,3,5842.0,5840.25,-262.5,13.5,-276.0,True,18.39,True
282,ES,ES-IPS_TM_5,Tue,00:00,In-Sample,2025-05-13 00:00:39,2025-05-13 00:05:22,LONG,3,5842.0,5840.25,-262.5,13.5,-276.0,True,18.39,True
282,ES,ES-TM_5,Tue,00:00,In-Sample,2025-05-13 00:00:39,2025-05-13 00:05:15,LONG,1,5842.0,5840.5,-75.0,4.5,-79.5,True,18.39,True
282,ES,ES-TM_8,Tue,00:00,In-Sample,2025-05-13 00:00:39,2025-05-13 00:05:15,LONG,3,5842.0,5840.5,-225.0,13.5,-238.5,True,18.39,True
282,ES,ES-TM_5,Tue,00:00,In-Sample,2025-05-13 00:05:15,2025-05-13 00:09:55,SHORT,2,5840.5,5842.75,-225.0,9.0,-234.0,True,18.39,True
282,ES,ES-TM_5,Tue,00:00,In-Sample,2025-05-13 00:05:15,2025-05-13 00:09:55,SHORT,1,5840.5,5842.75,-112.5,4.5,-117.0,True,18.39,True
282,ES,ES-TM_5,Tue,00:00,In-Sample,2025-05-13 00:05:15,2025-05-13 00:09:55,SHORT,2,5840.5,5842.75,-225.0,9.0,-234.0,True,18.39,True
282,ES,ES-TM_8,Tue,00:00,In-Sample,2025-05-13 00:05:15,2025-05-13 00:09:55,SHORT,3,5840.5,5842.75,-337.5,13.5,-351.0,True,18.39,True
282,ES,ES-IPS_TM_11,Tue,00:00,In-Sample,2025-05-13 00:07:31,2025-05-13 00:30:01,LONG,3,5841.75,5839.5,-337.5,13.5,-351.0,True,18.39,True
282,ES,ES-IPS_TM_8,Tue,00:00,In-Sample,2025-05-13 00:07:31,2025-05-13 00:30:01,LONG,3,5841.75,5839.5,-337.5,13.5,-351.0,True,18.39,True
282,ES,ES-TM_5,Tue,00:00,In-Sample,2025-05-13 00:09:55,2025-05-13 00:26:34,LONG,1,5842.75,5841.75,-50.0,4.5,-54.5,True,18.39,True
282,ES,ES-TM_8,Tue,00:00,In-Sample,2025-05-13 00:09:55,2025-05-13 00:26:34,LONG,3,5842.75,5841.75,-150.0,13.5,-163.5,True,18.39,True
282,ES,ES-TM_5,Tue,00:00,In-Sample,2025-05-13 00:26:34,2025-05-13 00:39:00,SHORT,1,5841.75,5836.75,250.0,4.5,245.5,True,18.39,True
282,ES,ES-TM_5,Tue,00:00,In-Sample,2025-05-13 00:26:34,2025-05-13 00:40:51,SHORT,1,5841.75,5838.0,187.5,4.5,183.0,True,18.39,True
282,ES,ES-TM_5,Tue,00:00,In-Sample,2025-05-13 00:26:34,2025-05-13 00:40:51,SHORT,1,5841.75,5838.0,187.5,4.5,183.0,True,18.39,True
282,ES,ES-TM_5,Tue,00:00,In-Sample,2025-05-13 00:26:34,2025-05-13 00:42:21,SHORT,2,5841.75,5839.0,275.0,9.0,266.0,True,18.39,True
282,ES,ES-TM_8,Tue,00:00,In-Sample,2025-05-13 00:26:34,2025-05-13 00:39:00,SHORT,1,5841.75,5836.75,250.0,4.5,245.5,True,18.39,True
282,ES,ES-TM_8,Tue,00:00,In-Sample,2025-05-13 00:26:34,2025-05-13 00:40:51,SHORT,2,5841.75,5838.0,375.0,9.0,366.0,True,18.39,True
282,ES,ES-IPS_TM_5,Tue,00:00,In-Sample,2025-05-20 00:06:12,2025-05-20 00:11:35,LONG,3,5964.75,5963.25,-225.0,13.5,-238.5,True,18.14,True
282,ES,ES-IPS_TM_8,Tue,00:00,In-Sample,2025-05-20 00:06:12,2025-05-20 00:11:35,LONG,3,5964.75,5963.25,-225.0,13.5,-238.5,True,18.14,True
282,ES,ES-TM_8,Tue,00:00,In-Sample,2025-05-20 00:06:12,2025-05-20 00:11:26,LONG,3,5964.75,5964.0,-112.5,13.5,-126.0,True,18.14,True
282,ES,ES-TM_5,Tue,00:00,In-Sample,2025-05-20 00:06:12,2025-05-20 00:11:26,LONG,3,5964.75,5964.0,-112.5,13.5,-126.0,True,18.14,True
282,ES,ES-TM_8,Tue,00:00,In-Sample,2025-05-20 00:11:26,2025-05-20 00:16:25,SHORT,3,5964.0,5965.5,-225.0,13.5,-238.5,True,18.14,True
282,ES,ES-TM_5,Tue,00:00,In-Sample,2025-05-20 00:11:26,2025-05-20 00:16:25,SHORT,3,5964.0,5965.5,-225.0,13.5,-238.5,True,18.14,True
282,ES,ES-IPS_TM_8,Tue,00:00,In-Sample,2025-05-20 00:16:12,2025-05-20 01:09:56,LONG,1,5965.0,5970.0,250.0,4.5,245.5,True,18.14,True
282,ES,ES-IPS_TM_8,Tue,00:00,In-Sample,2025-05-20 00:16:12,2025-05-20 01:24:45,LONG,2,5965.0,5972.25,725.0,9.0,716.0,True,18.14,True
282,ES,ES-TM_8,Tue,00:00,In-Sample,2025-05-20 00:16:25,2025-05-20 00:30:33,LONG,3,5965.5,5963.75,-262.5,13.5,-276.0,True,18.14,True
282,ES,ES-TM_5,Tue,00:00,In-Sample,2025-05-20 00:16:25,2025-05-20 00:30:33,LONG,3,5965.5,5963.75,-262.5,13.5,-276.0,True,18.14,True
282,ES,ES-TM_8,Tue,00:00,In-Sample,2025-05-27 00:03:29,2025-05-27 01:19:02,LONG,3,5866.5,5868.5,300.0,13.5,286.5,True,22.29,False
282,ES,ES-TM_5,Tue,00:00,In-Sample,2025-05-27 00:03:29,2025-05-27 01:19:02,LONG,1,5866.5,5868.5,100.0,4.5,95.5,True,22.29,False
282,ES,ES-TM_8,Tue,00:00,In-Sample,2025-06-03 00:01:15,2025-06-03 00:22:15,SHORT,3,5924.5,5924.25,37.5,13.5,24.0,True,18.36,True
282,ES,ES-TM_5,Tue,00:00,In-Sample,2025-06-03 00:01:15,2025-06-03 00:22:15,SHORT,2,5924.5,5924.25,25.0,9.0,16.0,True,18.36,True
282,ES,ES-TM_5,Tue,00:00,In-Sample,2025-06-03 00:01:15,2025-06-03 00:22:15,SHORT,1,5924.5,5924.25,12.5,4.5,8.0,True,18.36,True
282,ES,ES-TM_5,Tue,00:00,In-Sample,2025-06-03 00:01:15,2025-06-03 00:22:15,SHORT,2,5924.5,5924.25,25.0,9.0,16.0,True,18.36,True
282,ES,ES-IPS_TM_5,Tue,00:00,In-Sample,2025-06-03 00:22:15,2025-06-03 00:27:43,LONG,3,5924.25,5922.5,-262.5,13.5,-276.0,True,18.36,True
282,ES,ES-TM_8,Tue,00:00,In-Sample,2025-06-03 00:22:15,2025-06-03 00:27:43,LONG,3,5924.25,5922.5,-262.5,13.5,-276.0,True,18.36,True
282,ES,ES-TM_5,Tue,00:00,In-Sample,2025-06-03 00:22:15,2025-06-03 00:27:43,LONG,1,5924.25,5922.5,-87.5,4.5,-92.0,True,18.36,True
282,ES,ES-TM_5,Tue,00:00,In-Sample,2025-06-03 00:27:43,2025-06-03 00:45:43,SHORT,2,5922.5,5923.0,-50.0,9.0,-59.0,True,18.36,True
282,ES,ES-IPS_TM_5,Tue,00:00,In-Sample,2025-06-10 00:04:38,2025-06-10 00:32:03,SHORT,3,6034.75,6031.5,487.5,13.5,474.0,True,17.16,True
282,ES,ES-TM_5,Tue,00:00,In-Sample,2025-06-10 00:05:57,2025-06-10 00:32:03,SHORT,3,6034.0,6031.5,375.0,13.5,361.5,True,17.16,True
282,ES,ES-TM_8,Tue,00:00,In-Sample,2025-06-10 00:05:57,2025-06-10 00:32:03,SHORT,3,6034.0,6031.5,375.0,13.5,361.5,True,17.16,True
282,ES,ES-TM_10,Tue,00:00,In-Sample,2025-06-24 00:16:54,2025-06-24 01:03:19,SHORT,3,6106.25,6113.0,-1012.5,13.5,-1026.0,True,19.83,True
282,ES,ES-TM_2,Tue,00:00,In-Sample,2025-06-24 00:16:54,2025-06-24 01:03:19,SHORT,3,6106.25,6113.0,-1012.5,13.5,-1026.0,True,19.83,True
282,ES,ES-IPS_TM_5,Tue,00:00,In-Sample,2025-06-24 00:17:45,2025-06-24 00:46:42,LONG,3,6108.25,6110.5,337.5,13.5,324.0,True,19.83,True
282,ES,ES-TM_8,Tue,00:00,Out-of-Sample,2025-07-01 00:07:05,2025-07-01 00:14:48,LONG,3,6248.25,6247.5,-112.5,13.5,-126.0,True,16.73,True
282,ES,ES-TM_5,Tue,00:00,Out-of-Sample,2025-07-01 00:07:05,2025-07-01 00:14:48,LONG,3,6248.25,6247.5,-112.5,13.5,-126.0,True,16.73,True
282,ES,ES-TM_8,Tue,00:00,Out-of-Sample,2025-07-01 00:14:48,2025-07-01 00:19:03,SHORT,3,6247.5,6247.25,37.5,13.5,24.0,True,16.73,True
282,ES,ES-TM_5,Tue,00:00,Out-of-Sample,2025-07-01 00:14:48,2025-07-01 00:19:03,SHORT,3,6247.5,6247.25,37.5,13.5,24.0,True,16.73,True
282,ES,ES-IPS_TM_5,Tue,00:00,Out-of-Sample,2025-07-01 00:19:02,2025-07-01 00:41:21,LONG,3,6247.25,6245.25,-300.0,13.5,-313.5,True,16.73,True
282,ES,ES-TM_8,Tue,00:00,Out-of-Sample,2025-07-01 00:19:03,2025-07-01 00:36:00,LONG,3,6247.25,6246.0,-187.5,13.5,-201.0,True,16.73,True
282,ES,ES-TM_5,Tue,00:00,Out-of-Sample,2025-07-01 00:19:03,2025-07-01 00:36:00,LONG,3,6247.25,6246.0,-187.5,13.5,-201.0,True,16.73,True
282,ES,ES-TM_5,Tue,00:00,Out-of-Sample,2025-07-08 00:07:49,2025-07-08 00:21:51,LONG,3,6278.25,6276.5,-262.5,13.5,-276.0,True,17.79,True
282,ES,ES-TM_8,Tue,00:00,Out-of-Sample,2025-07-08 00:07:49,2025-07-08 00:21:51,LONG,3,6278.25,6276.5,-262.5,13.5,-276.0,True,17.79,True
282,ES,ES-IPS_TM_5,Tue,00:00,Out-of-Sample,2025-07-08 00:21:51,2025-07-08 00:35:19,SHORT,3,6276.5,6278.75,-337.5,13.5,-351.0,True,17.79,True
282,ES,ES-TM_5,Tue,00:00,Out-of-Sample,2025-07-08 00:21:51,2025-07-08 00:26:31,SHORT,3,6276.5,6277.75,-187.5,13.5,-201.0,True,17.79,True
282,ES,ES-TM_8,Tue,00:00,Out-of-Sample,2025-07-08 00:21:51,2025-07-08 00:26:32,SHORT,3,6276.5,6277.75,-187.5,13.5,-201.0,True,17.79,True
282,ES,ES-TM_5,Tue,00:00,Out-of-Sample,2025-07-08 00:26:31,2025-07-08 00:40:25,LONG,3,6277.75,6277.5,-37.5,13.5,-51.0,True,17.79,True
282,ES,ES-TM_8,Tue,00:00,Out-of-Sample,2025-07-08 00:26:32,2025-07-08 00:40:25,LONG,3,6277.75,6277.5,-37.5,13.5,-51.0,True,17.79,True
282,ES,ES-IPS_TM_5,Tue,00:00,Out-of-Sample,2025-07-15 00:00:00,2025-07-15 00:38:19,LONG,1,6317.5,6322.5,250.0,4.5,245.5,True,17.2,True
282,ES,ES-IPS_TM_5,Tue,00:00,Out-of-Sample,2025-07-15 00:00:00,2025-07-15 00:41:05,LONG,2,6317.5,6321.75,425.0,9.0,416.0,True,17.2,True
282,ES,ES-TM_8,Tue,00:00,Out-of-Sample,2025-07-15 00:00:00,2025-07-15 00:09:13,LONG,2,6317.5,6316.0,-150.0,9.0,-159.0,True,17.2,True
282,ES,ES-TM_5,Tue,00:00,Out-of-Sample,2025-07-15 00:00:00,2025-07-15 00:09:13,LONG,3,6317.5,6316.0,-225.0,13.5,-238.5,True,17.2,True
282,ES,ES-TM_8,Tue,00:00,Out-of-Sample,2025-07-15 00:09:13,2025-07-15 00:17:55,SHORT,1,6316.0,6318.0,-100.0,4.5,-104.5,True,17.2,True
282,ES,ES-TM_8,Tue,00:00,Out-of-Sample,2025-07-15 00:09:13,2025-07-15 00:17:55,SHORT,2,6316.0,6318.0,-200.0,9.0,-209.0,True,17.2,True
282,ES,ES-TM_8,Tue,00:00,Out-of-Sample,2025-07-15 00:09:13,2025-07-15 00:17:55,SHORT,1,6316.0,6318.0,-100.0,4.5,-104.5,True,17.2,True
282,ES,ES-TM_5,Tue,00:00,Out-of-Sample,2025-07-15 00:09:13,2025-07-15 00:17:55,SHORT,3,6316.0,6318.0,-300.0,13.5,-313.5,True,17.2,True
282,ES,ES-TM_8,Tue,00:00,Out-of-Sample,2025-07-15 00:17:55,2025-07-15 00:41:06,LONG,2,6318.0,6321.5,350.0,9.0,341.0,True,17.2,True
282,ES,ES-TM_5,Tue,00:00,Out-of-Sample,2025-07-15 00:17:55,2025-07-15 00:41:06,LONG,3,6318.0,6321.5,525.0,13.5,511.5,True,17.2,True
282,ES,ES-TM_8,Tue,00:00,Out-of-Sample,2025-07-22 00:03:46,2025-07-22 00:17:09,SHORT,3,6344.5,6342.0,375.0,13.5,361.5,True,16.65,True
282,ES,ES-TM_5,Tue,00:00,Out-of-Sample,2025-07-22 00:03:46,2025-07-22 00:17:09,SHORT,3,6344.5,6342.0,375.0,13.5,361.5,True,16.65,True
282,ES,ES-TM_7,Tue,00:00,Out-of-Sample,2025-07-22 00:15:23,2025-07-22 00:15:51,SHORT,1,6343.0,6341.0,100.0,4.5,95.5,True,16.65,True
282,ES,ES-TM_7,Tue,00:00,Out-of-Sample,2025-07-22 00:15:23,2025-07-22 01:50:24,SHORT,2,6343.0,6342.25,75.0,9.0,66.0,True,16.65,True
282,ES,ES-TM_2,Tue,00:00,Out-of-Sample,2025-07-22 00:15:35,2025-07-22 03:04:01,SHORT,3,6341.5,6344.0,-375.0,13.5,-388.5,True,16.65,True
282,ES,ES-TM_10,Tue,00:00,Out-of-Sample,2025-07-22 00:15:35,2025-07-22 03:04:01,SHORT,3,6341.5,6344.0,-375.0,13.5,-388.5,True,16.65,True
282,ES,ES_PB_2,Tue,00:00,Out-of-Sample,2025-07-22 00:15:51,2025-07-22 00:17:35,SHORT,1,6340.75,6341.75,-50.0,4.5,-54.5,True,16.65,True
282,ES,ES-IPS_TM_8,Tue,00:00,Out-of-Sample,2025-07-22 00:17:09,2025-07-22 00:24:53,LONG,3,6342.0,6340.5,-225.0,13.5,-238.5,True,16.65,True
282,ES,ES-IPS_TM_5,Tue,00:00,Out-of-Sample,2025-07-22 00:17:09,2025-07-22 00:24:53,LONG,3,6342.0,6340.5,-225.0,13.5,-238.5,True,16.65,True
282,ES,ES-TM_8,Tue,00:00,Out-of-Sample,2025-07-22 00:17:09,2025-07-22 00:24:53,LONG,3,6342.0,6340.5,-225.0,13.5,-238.5,True,16.65,True
282,ES,ES-TM_5,Tue,00:00,Out-of-Sample,2025-07-22 00:17:09,2025-07-22 00:24:53,LONG,3,6342.0,6340.5,-225.0,13.5,-238.5,True,16.65,True
282,ES,ES-IPS_TM_8,Tue,00:00,Out-of-Sample,2025-07-22 00:27:00,2025-07-22 01:16:08,LONG,3,6341.75,6340.25,-225.0,13.5,-238.5,True,16.65,True
282,ES,ES-IPS_TM_11,Tue,00:00,Out-of-Sample,2025-07-29 00:24:13,2025-07-29 01:47:51,SHORT,3,6431.25,6433.75,-375.0,13.5,-388.5,True,15.03,True
282,ES,ES-IPS_TM_8,Tue,00:00,Out-of-Sample,2025-07-29 00:24:13,2025-07-29 01:47:51,SHORT,3,6431.25,6433.75,-375.0,13.5,-388.5,True,15.03,True
282,ES,ES-IPS_TM_5,Tue,00:00,Out-of-Sample,2025-07-29 00:24:13,2025-07-29 01:47:51,SHORT,3,6431.25,6433.75,-375.0,13.5,-388.5,True,15.03,True
282,ES,ES-TM_8,Tue,00:00,Out-of-Sample,2025-08-05 00:05:23,2025-08-05 00:07:49,LONG,3,6365.75,6364.75,-150.0,13.5,-163.5,True,17.52,True
282,ES,ES-TM_5,Tue,00:00,Out-of-Sample,2025-08-05 00:05:23,2025-08-05 00:07:49,LONG,3,6365.75,6364.75,-150.0,13.5,-163.5,True,17.52,True
282,ES,ES-TM_8,Tue,00:00,Out-of-Sample,2025-08-05 00:09:22,2025-08-05 00:27:43,SHORT,3,6364.25,6365.5,-187.5,13.5,-201.0,True,17.52,True
282,ES,ES-TM_5,Tue,00:00,Out-of-Sample,2025-08-05 00:09:22,2025-08-05 00:27:43,SHORT,3,6364.25,6365.5,-187.5,13.5,-201.0,True,17.52,True
282,ES,ES-IPS_TM_5,Tue,00:00,Out-of-Sample,2025-08-05 00:27:43,2025-08-05 01:29:48,LONG,1,6365.5,6370.5,250.0,4.5,245.5,True,17.52,True
282,ES,ES-IPS_TM_5,Tue,00:00,Out-of-Sample,2025-08-05 00:27:43,2025-08-05 01:34:21,LONG,2,6365.5,6369.75,425.0,9.0,416.0,True,17.52,True
282,ES,ES-TM_8,Tue,00:00,Out-of-Sample,2025-08-05 00:27:43,2025-08-05 01:04:26,LONG,3,6365.5,6368.5,450.0,13.5,436.5,True,17.52,True
282,ES,ES-TM_5,Tue,00:00,Out-of-Sample,2025-08-05 00:27:43,2025-08-05 01:04:26,LONG,3,6365.5,6368.5,450.0,13.5,436.5,True,17.52,True
282,ES,ES-TM_8,Tue,00:00,Out-of-Sample,2025-08-12 00:25:25,2025-08-12 00:30:45,LONG,3,6405.25,6404.0,-187.5,13.5,-201.0,True,16.25,True
282,ES,ES-TM_5,Tue,00:00,Out-of-Sample,2025-08-12 00:25:25,2025-08-12 00:30:45,LONG,3,6405.25,6404.0,-187.5,13.5,-201.0,True,16.25,True
282,ES,ES-TM_8,Tue,00:00,Out-of-Sample,2025-08-19 00:07:07,2025-08-19 00:34:41,SHORT,1,6458.75,6458.0,37.5,4.5,33.0,True,14.99,True
282,ES,ES-IPS_TM_5,Tue,00:00,Out-of-Sample,2025-08-26 00:10:57,2025-08-26 00:25:12,LONG,3,6448.5,6446.75,-262.5,13.5,-276.0,True,14.79,True
282,ES,ES-TM_8,Tue,00:00,Out-of-Sample,2025-09-09 00:25:30,2025-09-09 00:29:16,LONG,3,6514.5,6513.25,-187.5,13.5,-201.0,True,15.11,True
282,ES,ES-TM_5,Tue,00:00,Out-of-Sample,2025-09-09 00:25:30,2025-09-09 00:29:16,LONG,3,6514.5,6513.25,-187.5,13.5,-201.0,True,15.11,True
282,ES,ES-IPS_TM_5,Tue,00:00,Out-of-Sample,2025-09-09 00:25:30,2025-09-09 00:29:16,LONG,3,6514.5,6513.25,-187.5,13.5,-201.0,True,15.11,True
282,ES,ES-TM_8,Tue,00:00,Out-of-Sample,2025-09-23 00:06:05,2025-09-23 00:37:44,SHORT,3,6750.25,6747.25,450.0,13.5,436.5,True,16.1,True
282,ES,ES-TM_5,Tue,00:00,Out-of-Sample,2025-09-23 00:06:05,2025-09-23 00:37:44,SHORT,3,6750.25,6747.25,450.0,13.5,436.5,True,16.1,True
282,ES,ES-IPS_TM_3,Tue,00:00,Out-of-Sample,2025-09-23 00:26:22,2025-09-23 00:33:01,SHORT,1,6748.25,6747.0,62.5,4.5,58.0,True,16.1,True
282,ES,ES-IPS_TM_3,Tue,00:00,Out-of-Sample,2025-09-23 00:26:22,2025-09-23 01:32:07,SHORT,1,6748.25,6751.75,-175.0,4.5,-179.5,True,16.1,True
282,ES,ES-IPS_TM_7,Tue,00:00,Out-of-Sample,2025-09-23 00:26:22,2025-09-23 00:33:01,SHORT,1,6748.25,6747.0,62.5,4.5,58.0,True,16.1,True
282,ES,ES-IPS_TM_7,Tue,00:00,Out-of-Sample,2025-09-23 00:26:22,2025-09-23 09:34:24,SHORT,1,6748.25,6754.75,-325.0,4.5,-329.5,True,16.1,True
282,ES,ES-IPS_TM_6,Tue,00:00,Out-of-Sample,2025-09-23 00:26:22,2025-09-23 00:33:00,SHORT,1,6748.25,6747.0,62.5,4.5,58.0,True,16.1,True
282,ES,ES-IPS_TM_6,Tue,00:00,Out-of-Sample,2025-09-23 00:26:22,2025-09-23 01:36:54,SHORT,2,6748.25,6752.75,-450.0,9.0,-459.0,True,16.1,True
282,ES,ES-TM_6,Tue,00:00,Out-of-Sample,2025-09-23 00:26:22,2025-09-23 00:33:01,SHORT,1,6748.25,6747.0,62.5,4.5,58.0,True,16.1,True
282,ES,ES-TM_6,Tue,00:00,Out-of-Sample,2025-09-23 00:26:22,2025-09-23 01:36:54,SHORT,2,6748.25,6752.75,-450.0,9.0,-459.0,True,16.1,True
282,ES,ES-TM_3,Tue,00:00,Out-of-Sample,2025-09-23 00:26:22,2025-09-23 00:33:01,SHORT,1,6748.25,6747.0,62.5,4.5,58.0,True,16.1,True
282,ES,ES-TM_3,Tue,00:00,Out-of-Sample,2025-09-23 00:26:22,2025-09-23 01:32:07,SHORT,1,6748.25,6751.75,-175.0,4.5,-179.5,True,16.1,True
282,ES,ES-TM_7,Tue,00:00,Out-of-Sample,2025-10-14 00:03:45,2025-10-14 00:12:58,SHORT,1,6684.0,6678.75,262.5,4.5,258.0,True,19.03,True
282,ES,ES-TM_7,Tue,00:00,Out-of-Sample,2025-10-14 00:03:45,2025-10-14 00:17:29,SHORT,1,6684.0,6673.75,512.5,4.5,508.0,True,19.03,True
282,ES,ES-TM_7,Tue,00:00,Out-of-Sample,2025-10-14 00:03:45,2025-10-14 00:22:47,SHORT,1,6684.0,6670.25,687.5,4.5,683.0,True,19.03,True
282,ES,ES-TS_4,Tue,00:00,Out-of-Sample,2025-10-14 00:03:45,2025-10-14 00:11:57,SHORT,1,6684.0,6679.75,212.5,4.5,208.0,True,19.03,True
282,ES,ES-TS_4,Tue,00:00,Out-of-Sample,2025-10-14 00:03:45,2025-10-14 00:16:58,SHORT,1,6684.0,6675.5,425.0,4.5,420.5,True,19.03,True
282,ES,ES-TS_4,Tue,00:00,Out-of-Sample,2025-10-14 00:03:45,2025-10-14 00:22:46,SHORT,1,6684.0,6670.5,675.0,4.5,670.5,True,19.03,True
282,ES,ES-TS_5,Tue,00:00,Out-of-Sample,2025-10-14 00:03:45,2025-10-14 00:05:07,SHORT,3,6684.0,6689.25,-787.5,13.5,-801.0,True,19.03,True
282,ES,ES-TS_6,Tue,00:00,Out-of-Sample,2025-10-14 00:03:45,2025-10-14 00:11:57,SHORT,1,6684.0,6679.75,212.5,4.5,208.0,True,19.03,True
282,ES,ES-TS_6,Tue,00:00,Out-of-Sample,2025-10-14 00:03:45,2025-10-14 00:16:58,SHORT,1,6684.0,6675.5,425.0,4.5,420.5,True,19.03,True
282,ES,ES-TS_6,Tue,00:00,Out-of-Sample,2025-10-14 00:03:45,2025-10-14 00:22:46,SHORT,1,6684.0,6670.5,675.0,4.5,670.5,True,19.03,True
282,ES,ES-IPS_TM_8,Tue,00:00,Out-of-Sample,2025-10-14 00:10:26,2025-10-14 00:10:31,LONG,3,6682.75,6680.5,-337.5,13.5,-351.0,True,19.03,True
282,ES,ES-IPS_TM_8,Tue,00:00,Out-of-Sample,2025-10-14 00:11:00,2025-10-14 00:11:57,LONG,3,6683.0,6679.75,-487.5,13.5,-501.0,True,19.03,True
282,ES,ES-IPS_TM_8,Tue,00:00,Out-of-Sample,2025-10-14 00:16:40,2025-10-14 00:16:58,LONG,3,6677.0,6675.25,-262.5,13.5,-276.0,True,19.03,True
282,ES,ES-IPS_TM_8,Tue,00:00,Out-of-Sample,2025-10-14 00:18:59,2025-10-14 00:20:25,LONG,3,6669.75,6666.5,-487.5,13.5,-501.0,True,19.03,True
282,ES,ES-IPS_TM_11,Tue,00:00,Out-of-Sample,2025-10-14 00:19:03,2025-10-14 00:20:25,LONG,3,6670.5,6666.5,-600.0,13.5,-613.5,True,19.03,True
282,ES,ES-IPS_TM_8,Tue,00:00,Out-of-Sample,2025-10-14 00:20:36,2025-10-14 00:20:43,LONG,3,6668.5,6666.0,-375.0,13.5,-388.5,True,19.03,True
282,ES,ES-IPS_TM_8,Tue,00:00,Out-of-Sample,2025-10-14 00:22:16,2025-10-14 00:23:00,LONG,1,6667.75,6672.75,250.0,4.5,245.5,True,19.03,True
282,ES,ES-IPS_TM_8,Tue,00:00,Out-of-Sample,2025-10-14 00:22:16,2025-10-14 00:23:17,LONG,2,6667.75,6672.0,425.0,9.0,416.0,True,19.03,True
282,ES,ES_PB_2,Tue,00:00,Out-of-Sample,2025-10-14 00:22:47,2025-10-14 00:28:04,LONG,2,6671.25,6667.0,-425.0,9.0,-434.0,True,19.03,True
282,ES,ES_PB_3,Tue,00:00,Out-of-Sample,2025-10-14 00:22:47,2025-10-14 00:27:28,LONG,2,6671.25,6670.0,-125.0,9.0,-134.0,True,19.03,True
282,ES,ES-PB_1,Tue,00:00,Out-of-Sample,2025-10-14 00:22:59,2025-10-14 00:28:24,LONG,2,6672.25,6666.25,-600.0,9.0,-609.0,True,19.03,True
282,ES,ES-IPS_TM_5dupl,Tue,00:00,Out-of-Sample,2025-10-14 00:22:59,2025-10-14 00:29:07,LONG,3,6672.25,6665.75,-975.0,13.5,-988.5,True,19.03,True
282,ES,ES-TM_10,Tue,00:00,Out-of-Sample,2025-10-14 00:23:00,2025-10-14 00:23:01,LONG,3,6673.0,6672.5,-75.0,13.5,-88.5,True,19.03,True
282,ES,ES-TM_2,Tue,00:00,Out-of-Sample,2025-10-14 00:23:00,2025-10-14 00:23:01,LONG,3,6673.0,6672.5,-75.0,13.5,-88.5,True,19.03,True
282,ES,ES-TM_10,Tue,00:00,Out-of-Sample,2025-10-14 00:28:01,2025-10-14 00:31:08,SHORT,1,6668.0,6664.25,187.5,4.5,183.0,True,19.03,True
282,ES,ES-TM_10,Tue,00:00,Out-of-Sample,2025-10-14 00:28:01,2025-10-14 00:34:09,SHORT,2,6668.0,6667.5,50.0,9.0,41.0,True,19.03,True
282,ES,ES-TM_2,Tue,00:00,Out-of-Sample,2025-10-14 00:28:01,2025-10-14 00:31:08,SHORT,1,6668.0,6664.25,187.5,4.5,183.0,True,19.03,True
282,ES,ES-TM_2,Tue,00:00,Out-of-Sample,2025-10-14 00:28:01,2025-10-14 00:34:09,SHORT,2,6668.0,6667.5,50.0,9.0,41.0,True,19.03,True
282,ES,ES-IPS_TM_11,Tue,00:00,Out-of-Sample,2025-10-14 00:29:39,2025-10-14 00:30:57,LONG,3,6666.75,6664.75,-300.0,13.5,-313.5,True,19.03,True
282,ES,ES-IPS_TM_8,Tue,00:00,Out-of-Sample,2025-10-14 00:29:39,2025-10-14 00:30:57,LONG,3,6666.75,6664.75,-300.0,13.5,-313.5,True,19.03,True
282,ES,ES-TM_8,Tue,00:00,Out-of-Sample,2025-10-21 00:01:34,2025-10-21 00:36:47,SHORT,3,6776.75,6776.5,37.5,13.5,24.0,True,18.23,True
282,ES,ES-TM_5,Tue,00:00,Out-of-Sample,2025-10-21 00:01:34,2025-10-21 00:36:47,SHORT,3,6776.75,6776.5,37.5,13.5,24.0,True,18.23,True
282,ES,ES-IPS_TM_5,Tue,00:00,Out-of-Sample,2025-10-21 00:11:48,2025-10-21 00:36:47,SHORT,3,6775.75,6776.5,-112.5,13.5,-126.0,True,18.23,True
282,ES,ES-TM_7,Tue,00:00,Out-of-Sample,2025-10-21 00:11:51,2025-10-21 00:56:03,SHORT,1,6775.5,6773.0,125.0,4.5,120.5,True,18.23,True
282,ES,ES-TM_7,Tue,00:00,Out-of-Sample,2025-10-21 00:11:51,2025-10-21 01:43:05,SHORT,1,6775.5,6770.5,250.0,4.5,245.5,True,18.23,True
282,ES,ES-TM_7,Tue,00:00,Out-of-Sample,2025-10-21 00:11:51,2025-10-21 02:21:20,SHORT,1,6775.5,6769.5,300.0,4.5,295.5,True,18.23,True
282,ES,ES-IPS_TM_5,Tue,00:00,Out-of-Sample,2025-10-28 00:22:34,2025-10-28 00:37:19,LONG,3,6907.0,6905.25,-262.5,13.5,-276.0,True,15.79,True
282,ES,ES-TM_8,Tue,00:00,Out-of-Sample,2025-10-28 00:22:34,2025-10-28 00:32:20,LONG,3,6907.0,6905.75,-187.5,13.5,-201.0,True,15.79,True
282,ES,ES-TM_5,Tue,00:00,Out-of-Sample,2025-10-28 00:22:34,2025-10-28 00:32:20,LONG,3,6907.0,6905.75,-187.5,13.5,-201.0,True,15.79,True
282,ES,ES-TM_8,Tue,00:00,Out-of-Sample,2025-11-04 00:01:40,2025-11-04 00:03:32,SHORT,3,6848.25,6848.75,-75.0,13.5,-88.5,True,17.17,True
282,ES,ES-TM_5,Tue,00:00,Out-of-Sample,2025-11-04 00:01:40,2025-11-04 00:03:32,SHORT,3,6848.25,6848.75,-75.0,13.5,-88.5,True,17.17,True
282,ES,ES-TM_8,Tue,00:00,Out-of-Sample,2025-11-04 00:03:32,2025-11-04 00:13:31,LONG,3,6848.75,6847.5,-187.5,13.5,-201.0,True,17.17,True
282,ES,ES-TM_5,Tue,00:00,Out-of-Sample,2025-11-04 00:03:32,2025-11-04 00:13:31,LONG,3,6848.75,6847.5,-187.5,13.5,-201.0,True,17.17,True
282,ES,ES-IPS_TM_5,Tue,00:00,Out-of-Sample,2025-11-04 00:07:22,2025-11-04 00:14:28,LONG,3,6848.0,6846.25,-262.5,13.5,-276.0,True,17.17,True
282,ES,ES-TM_8,Tue,00:00,Out-of-Sample,2025-11-04 00:13:31,2025-11-04 00:21:29,SHORT,1,6847.5,6842.5,250.0,4.5,245.5,True,17.17,True
282,ES,ES-TM_8,Tue,00:00,Out-of-Sample,2025-11-04 00:13:31,2025-11-04 00:21:39,SHORT,2,6847.5,6843.25,425.0,9.0,416.0,True,17.17,True
282,ES,ES-TM_5,Tue,00:00,Out-of-Sample,2025-11-04 00:13:31,2025-11-04 00:21:29,SHORT,1,6847.5,6842.5,250.0,4.5,245.5,True,17.17,True
282,ES,ES-TM_5,Tue,00:00,Out-of-Sample,2025-11-04 00:13:31,2025-11-04 00:21:39,SHORT,2,6847.5,6843.25,425.0,9.0,416.0,True,17.17,True
282,ES,ES-TM_7,Tue,00:00,Out-of-Sample,2025-11-04 00:20:38,2025-11-04 00:29:58,SHORT,1,6844.5,6839.0,275.0,4.5,270.5,True,17.17,True
282,ES,ES-TM_7,Tue,00:00,Out-of-Sample,2025-11-04 00:20:38,2025-11-04 00:40:53,SHORT,1,6844.5,6835.0,475.0,4.5,470.5,True,17.17,True
282,ES,ES-TM_7,Tue,00:00,Out-of-Sample,2025-11-04 00:20:38,2025-11-04 00:45:26,SHORT,1,6844.5,6835.75,437.5,4.5,433.0,True,17.17,True
282,ES,ES-IPS_TM_5,Tue,00:00,Out-of-Sample,2025-11-04 00:21:39,2025-11-04 00:22:23,LONG,3,6843.25,6842.0,-187.5,13.5,-201.0,True,17.17,True
282,ES,ES-IPS_TM_8,Tue,00:00,Out-of-Sample,2025-11-04 00:21:39,2025-11-04 00:22:23,LONG,3,6843.25,6842.0,-187.5,13.5,-201.0,True,17.17,True
282,ES,ES-TM_8,Tue,00:00,Out-of-Sample,2025-11-04 00:22:33,2025-11-04 00:22:55,SHORT,3,6841.25,6843.5,-337.5,13.5,-351.0,True,17.17,True
282,ES,ES-TM_5,Tue,00:00,Out-of-Sample,2025-11-04 00:22:33,2025-11-04 00:22:55,SHORT,3,6841.25,6843.5,-337.5,13.5,-351.0,True,17.17,True
282,ES,ES-IPS_TM_11,Tue,00:00,Out-of-Sample,2025-11-04 00:22:44,2025-11-04 00:29:47,LONG,3,6842.75,6841.0,-262.5,13.5,-276.0,True,17.17,True
282,ES,ES-IPS_TM_8,Tue,00:00,Out-of-Sample,2025-11-04 00:22:44,2025-11-04 00:29:47,LONG,3,6842.75,6841.0,-262.5,13.5,-276.0,True,17.17,True
282,ES,ES-TM_8,Tue,00:00,Out-of-Sample,2025-11-04 00:23:03,2025-11-04 00:26:17,LONG,3,6844.25,6841.75,-375.0,13.5,-388.5,True,17.17,True
282,ES,ES-TM_5,Tue,00:00,Out-of-Sample,2025-11-04 00:23:03,2025-11-04 00:26:17,LONG,3,6844.25,6841.75,-375.0,13.5,-388.5,True,17.17,True
282,ES,ES-TM_8,Tue,00:00,Out-of-Sample,2025-11-04 00:29:43,2025-11-04 00:30:42,SHORT,3,6841.25,6840.75,75.0,13.5,61.5,True,17.17,True
282,ES,ES-TM_5,Tue,00:00,Out-of-Sample,2025-11-04 00:29:43,2025-11-04 00:30:42,SHORT,3,6841.25,6840.75,75.0,13.5,61.5,True,17.17,True
282,ES,ES_PB_2,Tue,00:00,Out-of-Sample,2025-11-18 00:01:22,2025-11-18 00:02:44,SHORT,1,6660.25,6655.25,250.0,4.5,245.5,True,22.38,False
282,ES,ES_PB_2,Tue,00:00,Out-of-Sample,2025-11-18 00:01:22,2025-11-18 00:07:56,SHORT,1,6660.25,6664.0,-187.5,4.5,-192.0,True,22.38,False
282,ES,ES_PB_3,Tue,00:00,Out-of-Sample,2025-11-18 00:01:22,2025-11-18 00:02:44,SHORT,1,6660.25,6655.25,250.0,4.5,245.5,True,22.38,False
282,ES,ES_PB_3,Tue,00:00,Out-of-Sample,2025-11-18 00:01:22,2025-11-18 00:05:00,SHORT,1,6660.25,6658.5,87.5,4.5,83.0,True,22.38,False
282,ES,ES-PB_1,Tue,00:00,Out-of-Sample,2025-11-18 00:02:45,2025-11-18 00:07:39,SHORT,2,6654.75,6662.5,-775.0,9.0,-784.0,True,22.38,False
282,ES,ES-TM_7,Tue,00:00,Out-of-Sample,2025-11-18 00:02:45,2025-11-18 00:07:56,SHORT,3,6654.75,6664.0,-1387.5,13.5,-1401.0,True,22.38,False
282,ES,ES-IPS_TM_5,Tue,00:00,Out-of-Sample,2025-11-18 00:04:04,2025-11-18 00:07:13,LONG,1,6656.75,6661.75,250.0,4.5,245.5,True,22.38,False
282,ES,ES-IPS_TM_5,Tue,00:00,Out-of-Sample,2025-11-18 00:04:04,2025-11-18 00:08:16,LONG,2,6656.75,6662.75,600.0,9.0,591.0,True,22.38,False
282,ES,ES-TM_10,Tue,00:00,Out-of-Sample,2025-11-18 00:07:57,2025-11-18 00:09:33,LONG,3,6664.5,6662.0,-375.0,13.5,-388.5,True,22.38,False
282,ES,ES-TM_2,Tue,00:00,Out-of-Sample,2025-11-18 00:07:57,2025-11-18 00:09:33,LONG,3,6664.5,6662.0,-375.0,13.5,-388.5,True,22.38,False
282,ES,ES-IPS_TM_8,Tue,00:00,Out-of-Sample,2025-11-18 00:08:17,2025-11-18 00:08:44,SHORT,3,6662.75,6664.75,-300.0,13.5,-313.5,True,22.38,False
282,ES,ES-IPS_TM_11,Tue,00:00,Out-of-Sample,2025-11-18 00:09:33,2025-11-18 00:10:30,SHORT,3,6661.5,6665.25,-562.5,13.5,-576.0,True,22.38,False
282,ES,ES-IPS_TM_8,Tue,00:00,Out-of-Sample,2025-11-18 00:09:33,2025-11-18 00:10:30,SHORT,3,6661.5,6665.25,-562.5,13.5,-576.0,True,22.38,False
282,ES,ES-IPS_TM_5,Tue,00:00,Out-of-Sample,2025-11-18 00:09:33,2025-11-18 00:10:30,SHORT,3,6661.5,6665.25,-562.5,13.5,-576.0,True,22.38,False
282,ES,ES-IPS_TM_8,Tue,00:00,Out-of-Sample,2025-11-18 00:11:18,2025-11-18 00:20:03,SHORT,3,6665.75,6667.5,-262.5,13.5,-276.0,True,22.38,False
282,ES,ES-IPS_TM_5,Tue,00:00,Out-of-Sample,2025-11-18 00:11:18,2025-11-18 00:20:03,SHORT,3,6665.75,6667.5,-262.5,13.5,-276.0,True,22.38,False
282,ES,ES-IPS_TM_11,Tue,00:00,Out-of-Sample,2025-11-18 00:11:59,2025-11-18 00:20:03,SHORT,3,6665.5,6667.5,-300.0,13.5,-313.5,True,22.38,False
282,ES,ES_PB_2,Tue,00:00,Out-of-Sample,2025-11-18 00:15:48,2025-11-18 00:20:03,SHORT,2,6663.25,6667.5,-425.0,9.0,-434.0,True,22.38,False
282,ES,ES_PB_3,Tue,00:00,Out-of-Sample,2025-11-18 00:15:48,2025-11-18 00:19:49,SHORT,2,6663.25,6666.25,-300.0,9.0,-309.0,True,22.38,False
282,ES,ES-IPS_TM_11,Tue,00:00,Out-of-Sample,2025-11-18 00:20:42,2025-11-18 00:29:39,SHORT,1,6664.0,6659.0,250.0,4.5,245.5,True,22.38,False
282,ES,ES-IPS_TM_11,Tue,00:00,Out-of-Sample,2025-11-18 00:20:42,2025-11-18 01:07:42,SHORT,1,6664.0,6654.0,500.0,4.5,495.5,True,22.38,False
282,ES,ES-IPS_TM_11,Tue,00:00,Out-of-Sample,2025-11-18 00:20:42,2025-11-18 01:10:19,SHORT,1,6664.0,6659.0,250.0,4.5,245.5,True,22.38,False
282,ES,ES-IPS_TM_8,Tue,00:00,Out-of-Sample,2025-11-18 00:20:42,2025-11-18 00:29:40,SHORT,1,6664.0,6659.0,250.0,4.5,245.5,True,22.38,False
282,ES,ES-IPS_TM_8,Tue,00:00,Out-of-Sample,2025-11-18 00:20:42,2025-11-18 00:31:32,SHORT,2,6664.0,6660.5,350.0,9.0,341.0,True,22.38,False
282,ES,ES-IPS_TM_5,Tue,00:00,Out-of-Sample,2025-11-18 00:27:23,2025-11-18 00:28:04,LONG,3,6664.0,6662.0,-300.0,13.5,-313.5,True,22.38,False
282,ES,ES-PB_1,Tue,00:00,Out-of-Sample,2025-11-18 00:28:05,2025-11-18 01:07:28,SHORT,1,6661.5,6654.25,362.5,4.5,358.0,True,22.38,False
282,ES,ES-PB_1,Tue,00:00,Out-of-Sample,2025-11-18 00:28:05,2025-11-18 02:01:13,SHORT,1,6661.5,6639.5,1100.0,4.5,1095.5,True,22.38,False
282,ES,ES-IPS_TM_5dupl,Tue,00:00,Out-of-Sample,2025-11-18 00:28:05,2025-11-18 01:07:28,SHORT,1,6661.5,6654.25,362.5,4.5,358.0,True,22.38,False
282,ES,ES-IPS_TM_5dupl,Tue,00:00,Out-of-Sample,2025-11-18 00:28:05,2025-11-18 01:16:29,SHORT,2,6661.5,6662.0,-50.0,9.0,-59.0,True,22.38,False
282,ES,ES_PB_2,Tue,00:00,Out-of-Sample,2025-11-18 00:28:05,2025-11-18 00:59:54,SHORT,1,6661.5,6656.25,262.5,4.5,258.0,True,22.38,False
282,ES,ES_PB_2,Tue,00:00,Out-of-Sample,2025-11-18 00:28:05,2025-11-18 01:37:39,SHORT,1,6661.5,6645.5,800.0,4.5,795.5,True,22.38,False
282,ES,ES_PB_3,Tue,00:00,Out-of-Sample,2025-11-18 00:28:05,2025-11-18 00:44:24,SHORT,2,6661.5,6663.75,-225.0,9.0,-234.0,True,22.38,False
282,ES,ES-TM_8,Tue,00:00,Out-of-Sample,2025-11-25 00:05:04,2025-11-25 00:10:53,SHORT,1,6719.0,6721.0,-100.0,4.5,-104.5,True,20.52,False
282,ES,ES-TM_5,Tue,00:00,Out-of-Sample,2025-11-25 00:05:04,2025-11-25 00:10:53,SHORT,1,6719.0,6721.0,-100.0,4.5,-104.5,True,20.52,False
282,ES,ES-TM_8,Tue,00:00,Out-of-Sample,2025-11-25 00:10:53,2025-11-25 00:16:29,LONG,2,6721.0,6720.75,-25.0,9.0,-34.0,True,20.52,False
282,ES,ES-TM_5,Tue,00:00,Out-of-Sample,2025-11-25 00:10:53,2025-11-25 00:16:29,LONG,2,6721.0,6720.75,-25.0,9.0,-34.0,True,20.52,False
282,ES,ES-TM_8,Tue,00:00,Out-of-Sample,2025-11-25 00:13:21,2025-11-25 00:16:29,LONG,1,6722.5,6720.75,-87.5,4.5,-92.0,True,20.52,False
282,ES,ES-TM_8,Tue,00:00,Out-of-Sample,2025-11-25 00:13:21,2025-11-25 00:16:29,LONG,2,6722.5,6720.75,-175.0,9.0,-184.0,True,20.52,False
282,ES,ES-TM_5,Tue,00:00,Out-of-Sample,2025-11-25 00:13:21,2025-11-25 00:16:29,LONG,1,6722.5,6720.75,-87.5,4.5,-92.0,True,20.52,False
282,ES,ES-TM_5,Tue,00:00,Out-of-Sample,2025-11-25 00:13:21,2025-11-25 00:16:29,LONG,2,6722.5,6720.75,-175.0,9.0,-184.0,True,20.52,False
282,ES,ES-IPS_TM_5,Tue,00:00,Out-of-Sample,2025-11-25 00:16:28,2025-11-25 00:25:49,SHORT,1,6720.75,6715.75,250.0,4.5,245.5,True,20.52,False
282,ES,ES-IPS_TM_5,Tue,00:00,Out-of-Sample,2025-11-25 00:16:28,2025-11-25 00:29:03,SHORT,2,6720.75,6716.0,475.0,9.0,466.0,True,20.52,False
282,ES,ES-TM_8,Tue,00:00,Out-of-Sample,2025-11-25 00:16:29,2025-11-25 00:25:49,SHORT,1,6720.75,6715.75,250.0,4.5,245.5,True,20.52,False
282,ES,ES-TM_5,Tue,00:00,Out-of-Sample,2025-11-25 00:16:29,2025-11-25 00:25:49,SHORT,1,6720.75,6715.75,250.0,4.5,245.5,True,20.52,False
282,ES,ES-TM_2,Tue,00:00,Out-of-Sample,2025-11-25 00:26:19,2025-11-25 00:33:39,SHORT,3,6715.25,6718.0,-412.5,13.5,-426.0,True,20.52,False
282,ES,ES-TM_10,Tue,00:00,Out-of-Sample,2025-11-25 00:26:19,2025-11-25 00:33:39,SHORT,3,6715.25,6718.0,-412.5,13.5,-426.0,True,20.52,False
282,ES,ES-IPS_TM_5,Tue,00:00,Out-of-Sample,2025-12-02 00:00:55,2025-12-02 00:17:21,LONG,3,6821.5,6819.5,-300.0,13.5,-313.5,True,17.24,True
282,ES,ES-TM_8,Tue,00:00,Out-of-Sample,2025-12-02 00:00:55,2025-12-02 00:17:21,LONG,3,6821.5,6819.5,-300.0,13.5,-313.5,True,17.24,True
282,ES,ES-TM_5,Tue,00:00,Out-of-Sample,2025-12-02 00:00:55,2025-12-02 00:17:21,LONG,3,6821.5,6819.5,-300.0,13.5,-313.5,True,17.24,True
282,ES,ES-TM_7,Tue,00:00,Out-of-Sample,2025-12-02 00:17:22,2025-12-02 01:21:58,SHORT,1,6819.0,6815.0,200.0,4.5,195.5,True,17.24,True
282,ES,ES-TM_7,Tue,00:00,Out-of-Sample,2025-12-02 00:17:22,2025-12-02 01:53:34,SHORT,2,6819.0,6821.0,-200.0,9.0,-209.0,True,17.24,True
282,ES,ES-IPS_TM_5,Tue,00:00,Out-of-Sample,2025-12-02 00:22:23,2025-12-02 00:44:57,LONG,3,6821.25,6819.5,-262.5,13.5,-276.0,True,17.24,True
282,ES,ES-TM_8,Tue,00:00,Out-of-Sample,2025-12-02 00:22:23,2025-12-02 00:44:57,LONG,3,6821.25,6819.5,-262.5,13.5,-276.0,True,17.24,True
282,ES,ES-TM_5,Tue,00:00,Out-of-Sample,2025-12-02 00:22:23,2025-12-02 00:44:57,LONG,3,6821.25,6819.75,-225.0,13.5,-238.5,True,17.24,True
282,ES,ES-IPS_TM_3,Tue,00:00,Out-of-Sample,2025-12-09 00:05:19,2025-12-09 01:00:37,SHORT,1,6859.0,6857.5,75.0,4.5,70.5,True,16.66,True
282,ES,ES-IPS_TM_3,Tue,00:00,Out-of-Sample,2025-12-09 00:05:19,2025-12-09 01:43:02,SHORT,1,6859.0,6859.75,-37.5,4.5,-42.0,True,16.66,True
282,ES,ES-TM_3,Tue,00:00,Out-of-Sample,2025-12-09 00:05:19,2025-12-09 01:00:37,SHORT,1,6859.0,6857.5,75.0,4.5,70.5,True,16.66,True
282,ES,ES-TM_3,Tue,00:00,Out-of-Sample,2025-12-09 00:05:19,2025-12-09 01:43:02,SHORT,1,6859.0,6859.75,-37.5,4.5,-42.0,True,16.66,True
282,ES,ES-TM_6,Tue,00:00,Out-of-Sample,2025-12-09 00:05:19,2025-12-09 01:00:37,SHORT,1,6859.0,6857.5,75.0,4.5,70.5,True,16.66,True
282,ES,ES-TM_6,Tue,00:00,Out-of-Sample,2025-12-09 00:05:19,2025-12-09 01:11:01,SHORT,1,6859.0,6855.75,162.5,4.5,158.0,True,16.66,True
282,ES,ES-TM_6,Tue,00:00,Out-of-Sample,2025-12-09 00:05:19,2025-12-09 01:43:02,SHORT,1,6859.0,6859.75,-37.5,4.5,-42.0,True,16.66,True
282,ES,ES-IPS_TM_6,Tue,00:00,Out-of-Sample,2025-12-09 00:05:19,2025-12-09 01:00:37,SHORT,1,6859.0,6857.5,75.0,4.5,70.5,True,16.66,True
282,ES,ES-IPS_TM_6,Tue,00:00,Out-of-Sample,2025-12-09 00:05:19,2025-12-09 01:11:01,SHORT,1,6859.0,6855.75,162.5,4.5,158.0,True,16.66,True
282,ES,ES-IPS_TM_6,Tue,00:00,Out-of-Sample,2025-12-09 00:05:19,2025-12-09 01:43:02,SHORT,1,6859.0,6859.75,-37.5,4.5,-42.0,True,16.66,True
282,ES,ES-IPS_TM_7,Tue,00:00,Out-of-Sample,2025-12-09 00:05:19,2025-12-09 01:00:37,SHORT,1,6859.0,6857.5,75.0,4.5,70.5,True,16.66,True
282,ES,ES-IPS_TM_7,Tue,00:00,Out-of-Sample,2025-12-09 00:05:19,2025-12-09 02:51:05,SHORT,1,6859.0,6865.0,-300.0,4.5,-304.5,True,16.66,True
282,ES,ES-TS_4,Tue,00:00,Out-of-Sample,2025-12-09 00:05:40,2025-12-09 01:11:01,SHORT,1,6858.75,6855.75,150.0,4.5,145.5,True,16.66,True
282,ES,ES-TS_4,Tue,00:00,Out-of-Sample,2025-12-09 00:05:40,2025-12-09 02:50:53,SHORT,2,6858.75,6864.75,-600.0,9.0,-609.0,True,16.66,True
282,ES,ES-TS_5,Tue,00:00,Out-of-Sample,2025-12-09 00:05:40,2025-12-09 01:11:01,SHORT,1,6858.75,6855.75,150.0,4.5,145.5,True,16.66,True
282,ES,ES-TS_5,Tue,00:00,Out-of-Sample,2025-12-09 00:05:40,2025-12-09 01:43:01,SHORT,2,6858.75,6859.75,-100.0,9.0,-109.0,True,16.66,True
282,ES,ES-TS_6,Tue,00:00,Out-of-Sample,2025-12-09 00:05:40,2025-12-09 01:11:01,SHORT,1,6858.75,6855.75,150.0,4.5,145.5,True,16.66,True
282,ES,ES-TS_6,Tue,00:00,Out-of-Sample,2025-12-09 00:05:40,2025-12-09 01:30:32,SHORT,2,6858.75,6858.5,25.0,9.0,16.0,True,16.66,True
282,ES,ES-IPS_TM_8,Tue,00:00,Out-of-Sample,2025-12-16 00:02:11,2025-12-16 00:30:41,SHORT,1,6792.0,6787.0,250.0,4.5,245.5,True,16.5,True
282,ES,ES-IPS_TM_8,Tue,00:00,Out-of-Sample,2025-12-16 00:02:11,2025-12-16 00:38:33,SHORT,2,6792.0,6789.25,275.0,9.0,266.0,True,16.5,True
282,ES,ES-TM_8,Tue,00:00,Out-of-Sample,2025-12-16 00:10:13,2025-12-16 00:19:52,SHORT,3,6790.5,6792.0,-225.0,13.5,-238.5,True,16.5,True
282,ES,ES-TM_5,Tue,00:00,Out-of-Sample,2025-12-16 00:10:13,2025-12-16 00:19:52,SHORT,3,6790.5,6792.0,-225.0,13.5,-238.5,True,16.5,True
282,ES,ES-IPS_TM_5,Tue,00:00,Out-of-Sample,2025-12-16 00:19:52,2025-12-16 00:30:02,LONG,3,6792.0,6788.0,-600.0,13.5,-613.5,True,16.5,True
282,ES,ES-TM_8,Tue,00:00,Out-of-Sample,2025-12-16 00:19:52,2025-12-16 00:29:29,LONG,3,6792.0,6788.5,-525.0,13.5,-538.5,True,16.5,True
282,ES,ES-TM_5,Tue,00:00,Out-of-Sample,2025-12-16 00:19:52,2025-12-16 00:29:29,LONG,3,6792.0,6788.5,-525.0,13.5,-538.5,True,16.5,True
282,ES,ES-TM_8,Tue,00:00,Out-of-Sample,2025-12-16 00:29:29,2025-12-16 00:51:26,SHORT,1,6788.5,6783.5,250.0,4.5,245.5,True,16.5,True
282,ES,ES-TM_8,Tue,00:00,Out-of-Sample,2025-12-16 00:29:29,2025-12-16 01:00:14,SHORT,2,6788.5,6782.25,625.0,9.0,616.0,True,16.5,True
282,ES,ES-TM_5,Tue,00:00,Out-of-Sample,2025-12-16 00:29:29,2025-12-16 00:51:26,SHORT,1,6788.5,6783.5,250.0,4.5,245.5,True,16.5,True
282,ES,ES-TM_5,Tue,00:00,Out-of-Sample,2025-12-16 00:29:29,2025-12-16 01:00:14,SHORT,2,6788.5,6782.25,625.0,9.0,616.0,True,16.5,True
282,ES,ES-IPS_TM_5,Tue,00:00,Out-of-Sample,2025-12-23 00:00:54,2025-12-23 00:07:58,LONG,3,6926.5,6925.0,-225.0,13.5,-238.5,True,14.08,True
282,ES,ES-TM_8,Tue,00:00,Out-of-Sample,2025-12-23 00:00:54,2025-12-23 00:07:58,LONG,3,6926.5,6925.0,-225.0,13.5,-238.5,True,14.08,True
282,ES,ES-TM_8,Tue,00:00,Out-of-Sample,2025-12-23 00:00:54,2025-12-23 00:07:58,LONG,3,6926.5,6924.75,-262.5,13.5,-276.0,True,14.08,True
282,ES,ES-TM_5,Tue,00:00,Out-of-Sample,2025-12-23 00:00:54,2025-12-23 00:07:58,LONG,3,6926.5,6925.0,-225.0,13.5,-238.5,True,14.08,True
282,ES,ES-TM_5,Tue,00:00,Out-of-Sample,2025-12-23 00:00:54,2025-12-23 00:07:58,LONG,3,6926.5,6924.75,-262.5,13.5,-276.0,True,14.08,True
282,ES,ES-TM_5,Tue,00:00,Out-of-Sample,2025-12-23 00:09:18,2025-12-23 00:12:20,LONG,3,6926.25,6925.0,-187.5,13.5,-201.0,True,14.08,True
282,ES,ES-TM_8,Tue,00:00,Out-of-Sample,2025-12-23 00:18:25,2025-12-23 00:33:07,LONG,3,6926.25,6925.75,-75.0,13.5,-88.5,True,14.08,True
282,ES,ES-TM_5,Tue,00:00,Out-of-Sample,2025-12-23 00:18:25,2025-12-23 00:33:07,LONG,3,6926.25,6925.75,-75.0,13.5,-88.5,True,14.08,True
282,ES,ES-IPS_TM_5,Tue,00:00,Out-of-Sample,2025-12-30 00:01:00,2025-12-30 00:11:11,LONG,3,6957.25,6956.0,-187.5,13.5,-201.0,True,14.2,True
282,ES,ES-TM_8,Tue,00:00,Out-of-Sample,2025-12-30 00:01:00,2025-12-30 00:11:11,LONG,3,6957.25,6956.0,-187.5,13.5,-201.0,True,14.2,True
282,ES,ES-TM_5,Tue,00:00,Out-of-Sample,2025-12-30 00:01:00,2025-12-30 00:11:11,LONG,3,6957.25,6956.0,-187.5,13.5,-201.0,True,14.2,True
282,ES,ES-TM_8,Tue,00:00,Out-of-Sample,2025-12-30 00:12:26,2025-12-30 00:23:22,SHORT,3,6955.5,6955.75,-37.5,13.5,-51.0,True,14.2,True
282,ES,ES-TM_5,Tue,00:00,Out-of-Sample,2025-12-30 00:12:26,2025-12-30 00:23:22,SHORT,3,6955.5,6955.5,0.0,13.5,-13.5,True,14.2,True
282,ES,ES-IPS_TM_5,Tue,00:00,Out-of-Sample,2025-12-30 00:23:22,2025-12-30 00:30:47,LONG,3,6955.75,6954.0,-262.5,13.5,-276.0,True,14.2,True
282,ES,ES-TM_8,Tue,00:00,Out-of-Sample,2025-12-30 00:23:22,2025-12-30 00:30:47,LONG,3,6955.5,6954.0,-225.0,13.5,-238.5,True,14.2,True
282,ES,ES-TM_5,Tue,00:00,Out-of-Sample,2025-12-30 00:23:22,2025-12-30 00:30:47,LONG,3,6955.5,6954.0,-225.0,13.5,-238.5,True,14.2,True
282,ES,ES-TM_8,Tue,00:00,Out-of-Sample,2026-01-06 00:05:13,2026-01-06 00:11:31,SHORT,3,6953.25,6954.0,-112.5,13.5,-126.0,True,14.9,True
282,ES,ES-TM_5,Tue,00:00,Out-of-Sample,2026-01-06 00:05:13,2026-01-06 00:11:31,SHORT,3,6953.25,6954.0,-112.5,13.5,-126.0,True,14.9,True
282,ES,ES-TM_8,Tue,00:00,Out-of-Sample,2026-01-06 00:11:31,2026-01-06 00:28:12,LONG,3,6954.0,6953.5,-75.0,13.5,-88.5,True,14.9,True
282,ES,ES-TM_5,Tue,00:00,Out-of-Sample,2026-01-06 00:11:31,2026-01-06 00:28:12,LONG,3,6954.0,6953.5,-75.0,13.5,-88.5,True,14.9,True
282,ES,ES-TM_10,Tue,00:00,Out-of-Sample,2026-01-06 00:17:45,2026-01-06 01:45:04,LONG,1,6955.0,6958.75,187.5,4.5,183.0,True,14.9,True
282,ES,ES-TM_10,Tue,00:00,Out-of-Sample,2026-01-06 00:17:45,2026-01-06 02:01:31,LONG,2,6955.0,6955.25,25.0,9.0,16.0,True,14.9,True
282,ES,ES-TM_2,Tue,00:00,Out-of-Sample,2026-01-06 00:17:45,2026-01-06 01:45:04,LONG,1,6955.0,6958.75,187.5,4.5,183.0,True,14.9,True
282,ES,ES-TM_2,Tue,00:00,Out-of-Sample,2026-01-06 00:17:45,2026-01-06 02:01:31,LONG,2,6955.0,6955.25,25.0,9.0,16.0,True,14.9,True
282,ES,ES-IPS_TM_12,Tue,00:00,Out-of-Sample,2026-01-06 00:24:50,2026-01-06 01:18:44,SHORT,3,6954.25,6955.25,-150.0,13.5,-163.5,True,14.9,True
282,ES,ES-IPS_TM_8,Tue,00:00,Out-of-Sample,2026-01-06 00:24:50,2026-01-06 01:18:44,SHORT,3,6954.25,6955.25,-150.0,13.5,-163.5,True,14.9,True
282,ES,ES-IPS_TM_11,Tue,00:00,Out-of-Sample,2026-01-06 00:24:50,2026-01-06 01:18:44,SHORT,3,6954.25,6955.25,-150.0,13.5,-163.5,True,14.9,True
282,ES,ES-IPS_TM_5,Tue,00:00,Out-of-Sample,2026-01-06 00:24:50,2026-01-06 01:18:44,SHORT,3,6954.25,6955.25,-150.0,13.5,-163.5,True,14.9,True
282,ES,ES-TM_8,Tue,00:00,Out-of-Sample,2026-01-06 00:28:12,2026-01-06 01:04:49,SHORT,3,6953.5,6954.5,-150.0,13.5,-163.5,True,14.9,True
282,ES,ES-TM_5,Tue,00:00,Out-of-Sample,2026-01-06 00:28:12,2026-01-06 01:04:49,SHORT,3,6953.5,6954.5,-150.0,13.5,-163.5,True,14.9,True
282,ES,ES-TM_5,Tue,00:00,Out-of-Sample,2026-01-13 00:05:41,2026-01-13 00:18:17,SHORT,3,7007.75,7009.0,-187.5,13.5,-201.0,True,15.12,True
282,ES,ES-TM_8,Tue,00:00,Out-of-Sample,2026-01-13 00:05:41,2026-01-13 00:18:17,SHORT,3,7007.75,7009.0,-187.5,13.5,-201.0,True,15.12,True
282,ES,ES-TM_5,Tue,00:00,Out-of-Sample,2026-01-13 00:18:17,2026-01-13 00:33:01,LONG,3,7009.0,7008.25,-112.5,13.5,-126.0,True,15.12,True
282,ES,ES-TM_8,Tue,00:00,Out-of-Sample,2026-01-13 00:18:17,2026-01-13 00:33:01,LONG,3,7009.0,7008.25,-112.5,13.5,-126.0,True,15.12,True
282,ES,ES-TM_5,Tue,00:00,Out-of-Sample,2026-01-20 00:00:33,2026-01-20 00:03:40,SHORT,2,6902.0,6903.5,-150.0,9.0,-159.0,True,15.86,True
282,ES,ES-TM_8,Tue,00:00,Out-of-Sample,2026-01-20 00:00:34,2026-01-20 00:03:41,SHORT,2,6902.25,6903.5,-125.0,9.0,-134.0,True,15.86,True
282,ES,ES-TM_8,Tue,00:00,Out-of-Sample,2026-01-20 00:00:34,2026-01-20 00:03:41,SHORT,1,6902.25,6903.5,-62.5,4.5,-67.0,True,15.86,True
282,ES,ES-TM_8,Tue,00:00,Out-of-Sample,2026-01-20 00:00:34,2026-01-20 00:03:41,SHORT,2,6902.25,6903.5,-125.0,9.0,-134.0,True,15.86,True
282,ES,ES-TM_5,Tue,00:00,Out-of-Sample,2026-01-20 00:00:34,2026-01-20 00:03:40,SHORT,1,6902.25,6903.5,-62.5,4.5,-67.0,True,15.86,True
282,ES,ES-TM_5,Tue,00:00,Out-of-Sample,2026-01-20 00:00:34,2026-01-20 00:03:40,SHORT,2,6902.25,6903.5,-125.0,9.0,-134.0,True,15.86,True
282,ES,ES-TM_5,Tue,00:00,Out-of-Sample,2026-01-20 00:03:40,2026-01-20 00:08:17,LONG,1,6903.5,6905.25,87.5,4.5,83.0,True,15.86,True
282,ES,ES-TM_8,Tue,00:00,Out-of-Sample,2026-01-20 00:03:41,2026-01-20 00:08:18,LONG,1,6903.5,6905.25,87.5,4.5,83.0,True,15.86,True
282,ES,ES-TM_5,Tue,00:00,Out-of-Sample,2026-01-20 00:08:17,2026-01-20 00:11:45,SHORT,2,6905.25,6905.75,-50.0,9.0,-59.0,True,15.86,True
282,ES,ES-TM_5,Tue,00:00,Out-of-Sample,2026-01-20 00:08:17,2026-01-20 00:11:45,SHORT,1,6905.25,6905.75,-25.0,4.5,-29.5,True,15.86,True
282,ES,ES-TM_5,Tue,00:00,Out-of-Sample,2026-01-20 00:08:17,2026-01-20 00:11:45,SHORT,2,6905.25,6905.75,-50.0,9.0,-59.0,True,15.86,True
282,ES,ES-IPS_TM_5,Tue,00:00,Out-of-Sample,2026-01-20 00:08:18,2026-01-20 00:19:04,SHORT,2,6905.25,6904.75,50.0,9.0,41.0,True,15.86,True
282,ES,ES-IPS_TM_5,Tue,00:00,Out-of-Sample,2026-01-20 00:08:18,2026-01-20 00:19:04,SHORT,1,6905.25,6904.75,25.0,4.5,20.5,True,15.86,True
282,ES,ES-IPS_TM_5,Tue,00:00,Out-of-Sample,2026-01-20 00:08:18,2026-01-20 00:19:04,SHORT,2,6905.25,6904.75,50.0,9.0,41.0,True,15.86,True
282,ES,ES-TM_8,Tue,00:00,Out-of-Sample,2026-01-20 00:08:18,2026-01-20 00:11:46,SHORT,2,6905.25,6905.75,-50.0,9.0,-59.0,True,15.86,True
282,ES,ES-TM_8,Tue,00:00,Out-of-Sample,2026-01-20 00:08:18,2026-01-20 00:11:46,SHORT,1,6905.25,6905.75,-25.0,4.5,-29.5,True,15.86,True
282,ES,ES-TM_8,Tue,00:00,Out-of-Sample,2026-01-20 00:08:18,2026-01-20 00:11:46,SHORT,2,6905.25,6905.75,-50.0,9.0,-59.0,True,15.86,True
282,ES,ES-TM_5,Tue,00:00,Out-of-Sample,2026-01-20 00:11:45,2026-01-20 00:14:30,LONG,1,6905.75,6904.25,-75.0,4.5,-79.5,True,15.86,True
282,ES,ES-TM_8,Tue,00:00,Out-of-Sample,2026-01-20 00:11:46,2026-01-20 00:14:31,LONG,1,6905.75,6904.25,-75.0,4.5,-79.5,True,15.86,True
282,ES,ES-TM_5,Tue,00:00,Out-of-Sample,2026-01-20 00:14:30,2026-01-20 00:19:04,SHORT,2,6904.25,6904.75,-50.0,9.0,-59.0,True,15.86,True
282,ES,ES-TM_5,Tue,00:00,Out-of-Sample,2026-01-20 00:14:30,2026-01-20 00:19:04,SHORT,1,6904.25,6904.75,-25.0,4.5,-29.5,True,15.86,True
282,ES,ES-TM_5,Tue,00:00,Out-of-Sample,2026-01-20 00:14:30,2026-01-20 00:19:04,SHORT,2,6904.25,6904.75,-50.0,9.0,-59.0,True,15.86,True
282,ES,ES-TM_8,Tue,00:00,Out-of-Sample,2026-01-20 00:14:31,2026-01-20 00:19:04,SHORT,2,6904.25,6904.75,-50.0,9.0,-59.0,True,15.86,True
282,ES,ES-TM_8,Tue,00:00,Out-of-Sample,2026-01-20 00:14:31,2026-01-20 00:19:04,SHORT,1,6904.25,6904.75,-25.0,4.5,-29.5,True,15.86,True
282,ES,ES-TM_8,Tue,00:00,Out-of-Sample,2026-01-20 00:14:31,2026-01-20 00:19:04,SHORT,2,6904.25,6904.75,-50.0,9.0,-59.0,True,15.86,True
282,ES,ES-IPS_TM_5,Tue,00:00,Out-of-Sample,2026-01-20 00:19:04,2026-01-20 01:01:00,LONG,1,6904.75,6904.0,-37.5,4.5,-42.0,True,15.86,True
282,ES,ES-TM_8,Tue,00:00,Out-of-Sample,2026-01-20 00:19:04,2026-01-20 00:29:22,LONG,1,6904.75,6908.0,162.5,4.5,158.0,True,15.86,True
282,ES,ES-TM_5,Tue,00:00,Out-of-Sample,2026-01-20 00:19:04,2026-01-20 00:29:21,LONG,1,6904.75,6907.75,150.0,4.5,145.5,True,15.86,True
282,ES,ES-TM_5,Tue,00:00,Out-of-Sample,2026-01-20 00:29:21,2026-01-20 00:35:09,SHORT,2,6907.75,6909.25,-150.0,9.0,-159.0,True,15.86,True
282,ES,ES-TM_5,Tue,00:00,Out-of-Sample,2026-01-20 00:29:21,2026-01-20 00:35:09,SHORT,1,6907.75,6909.25,-75.0,4.5,-79.5,True,15.86,True
282,ES,ES-TM_5,Tue,00:00,Out-of-Sample,2026-01-20 00:29:21,2026-01-20 00:47:37,SHORT,2,6907.75,6905.75,200.0,9.0,191.0,True,15.86,True
282,ES,ES-TM_8,Tue,00:00,Out-of-Sample,2026-01-20 00:29:22,2026-01-20 00:35:09,SHORT,2,6908.0,6909.25,-125.0,9.0,-134.0,True,15.86,True
282,ES,ES-TM_8,Tue,00:00,Out-of-Sample,2026-01-20 00:29:22,2026-01-20 00:35:09,SHORT,1,6908.0,6909.25,-62.5,4.5,-67.0,True,15.86,True
282,ES,ES-TM_8,Tue,00:00,Out-of-Sample,2026-01-20 00:29:22,2026-01-20 00:47:38,SHORT,2,6908.0,6905.75,225.0,9.0,216.0,True,15.86,True
282,ES,ES-IPS_TM_5,Tue,00:00,Out-of-Sample,2026-01-27 00:02:06,2026-01-27 00:44:04,SHORT,3,6999.75,7001.25,-225.0,13.5,-238.5,True,16.15,True
282,ES,ES-TM_8,Tue,00:00,Out-of-Sample,2026-01-27 00:02:06,2026-01-27 00:32:46,SHORT,3,6999.75,6999.5,37.5,13.5,24.0,True,16.15,True
282,ES,ES-TM_5,Tue,00:00,Out-of-Sample,2026-01-27 00:02:06,2026-01-27 00:32:46,SHORT,3,6999.75,6999.5,37.5,13.5,24.0,True,16.15,True
282,ES,ES-IPS_TM_6,Tue,00:00,Out-of-Sample,2026-01-27 00:05:01,2026-01-27 09:46:56,SHORT,1,6998.5,6996.75,87.5,4.5,83.0,True,16.15,True
282,ES,ES-TM_6,Tue,00:00,Out-of-Sample,2026-01-27 00:05:01,2026-01-27 09:46:56,SHORT,1,6998.5,6996.75,87.5,4.5,83.0,True,16.15,True
282,ES,ES-TM_7,Tue,00:00,Out-of-Sample,2026-01-27 00:10:56,2026-01-27 00:50:27,SHORT,3,6996.75,7002.0,-787.5,13.5,-801.0,True,16.15,True
282,ES,ES-TM_8,Tue,00:00,Out-of-Sample,2026-02-03 00:00:41,2026-02-03 00:11:26,SHORT,1,7021.25,7016.25,250.0,4.5,245.5,True,16.34,True
282,ES,ES-TM_8,Tue,00:00,Out-of-Sample,2026-02-03 00:00:41,2026-02-03 00:16:11,SHORT,2,7021.25,7017.5,375.0,9.0,366.0,True,16.34,True
282,ES,ES-TM_5,Tue,00:00,Out-of-Sample,2026-02-03 00:00:41,2026-02-03 00:11:26,SHORT,1,7021.25,7016.25,250.0,4.5,245.5,True,16.34,True
282,ES,ES-TM_5,Tue,00:00,Out-of-Sample,2026-02-03 00:00:41,2026-02-03 00:16:11,SHORT,2,7021.25,7017.5,375.0,9.0,366.0,True,16.34,True
282,ES,ES_PB_2,Tue,00:00,Out-of-Sample,2026-02-03 00:03:36,2026-02-03 00:11:26,SHORT,1,7020.25,7016.25,200.0,4.5,195.5,True,16.34,True
282,ES,ES_PB_2,Tue,00:00,Out-of-Sample,2026-02-03 00:03:36,2026-02-03 00:49:40,SHORT,1,7020.25,7021.75,-75.0,4.5,-79.5,True,16.34,True
282,ES,ES_PB_3,Tue,00:00,Out-of-Sample,2026-02-03 00:03:36,2026-02-03 00:11:26,SHORT,1,7020.25,7016.25,200.0,4.5,195.5,True,16.34,True
282,ES,ES_PB_3,Tue,00:00,Out-of-Sample,2026-02-03 00:03:36,2026-02-03 00:23:19,SHORT,1,7020.25,7019.75,25.0,4.5,20.5,True,16.34,True
282,ES,ES-PB_1,Tue,00:00,Out-of-Sample,2026-02-03 00:07:20,2026-02-03 00:49:40,SHORT,2,7018.25,7021.75,-350.0,9.0,-359.0,True,16.34,True
282,ES,ES-IPS_TM_5dupl,Tue,00:00,Out-of-Sample,2026-02-03 00:07:20,2026-02-03 00:49:40,SHORT,1,7018.25,7021.75,-175.0,4.5,-179.5,True,16.34,True
282,ES,ES-IPS_TM_5dupl,Tue,00:00,Out-of-Sample,2026-02-03 00:07:20,2026-02-03 00:49:40,SHORT,2,7018.25,7021.75,-350.0,9.0,-359.0,True,16.34,True
282,ES,ES-IPS_TM_5dupl,Tue,00:00,Out-of-Sample,2026-02-03 00:07:20,2026-02-03 02:47:33,SHORT,1,7018.25,7024.75,-325.0,4.5,-329.5,True,16.34,True
282,ES,ES-TM_7,Tue,00:00,Out-of-Sample,2026-02-03 00:07:20,2026-02-03 00:49:40,SHORT,3,7018.25,7021.75,-525.0,13.5,-538.5,True,16.34,True
282,ES,ES-IPS_TM_5,Tue,00:00,Out-of-Sample,2026-02-03 00:16:11,2026-02-03 00:30:44,LONG,3,7017.5,7017.5,0.0,13.5,-13.5,True,16.34,True
282,ES,ES-TM_8,Tue,00:00,Out-of-Sample,2026-02-03 00:23:19,2026-02-03 00:30:44,LONG,3,7019.75,7017.5,-337.5,13.5,-351.0,True,16.34,True
282,ES,ES-TM_5,Tue,00:00,Out-of-Sample,2026-02-03 00:23:19,2026-02-03 00:30:44,LONG,3,7019.75,7017.5,-337.5,13.5,-351.0,True,16.34,True
282,ES,ES-IPS_TM_5,Tue,00:00,Out-of-Sample,2026-02-10 00:03:47,2026-02-10 00:31:18,SHORT,3,6982.75,6979.75,450.0,13.5,436.5,True,17.36,True
282,ES,ES-TM_7,Tue,00:00,Out-of-Sample,2026-02-10 00:27:44,2026-02-10 00:34:35,SHORT,3,6978.5,6984.75,-937.5,13.5,-951.0,True,17.36,True
282,ES,ES-TM_5,Tue,00:00,Out-of-Sample,2026-02-17 00:04:05,2026-02-17 00:20:11,SHORT,1,6820.25,6815.25,250.0,4.5,245.5,True,20.6,False
282,ES,ES-TM_5,Tue,00:00,Out-of-Sample,2026-02-17 00:04:05,2026-02-17 00:20:57,SHORT,1,6820.25,6814.75,275.0,4.5,270.5,True,20.6,False
282,ES,ES-TM_5,Tue,00:00,Out-of-Sample,2026-02-17 00:04:05,2026-02-17 00:20:57,SHORT,1,6820.25,6814.75,275.0,4.5,270.5,True,20.6,False
282,ES,ES-TM_5,Tue,00:00,Out-of-Sample,2026-02-17 00:04:05,2026-02-17 00:21:06,SHORT,2,6820.25,6816.0,425.0,9.0,416.0,True,20.6,False
282,ES,ES-TM_8,Tue,00:00,Out-of-Sample,2026-02-17 00:04:05,2026-02-17 00:20:11,SHORT,1,6820.25,6815.25,250.0,4.5,245.5,True,20.6,False
282,ES,ES-TM_8,Tue,00:00,Out-of-Sample,2026-02-17 00:04:05,2026-02-17 00:20:57,SHORT,2,6820.25,6814.75,550.0,9.0,541.0,True,20.6,False
282,ES,ES-TM_7,Tue,00:00,Out-of-Sample,2026-02-17 00:19:42,2026-02-17 01:10:59,SHORT,3,6816.25,6823.25,-1050.0,13.5,-1063.5,True,20.6,False
282,ES,ES-IPS_TM_8,Tue,00:00,Out-of-Sample,2026-02-17 00:20:58,2026-02-17 00:22:35,LONG,1,6814.75,6819.75,250.0,4.5,245.5,True,20.6,False
282,ES,ES-IPS_TM_8,Tue,00:00,Out-of-Sample,2026-02-17 00:20:58,2026-02-17 00:23:36,LONG,2,6814.75,6818.5,375.0,9.0,366.0,True,20.6,False
282,ES,ES-IPS_TM_11,Tue,00:00,Out-of-Sample,2026-02-17 00:21:06,2026-02-17 00:35:10,LONG,3,6816.0,6812.5,-525.0,13.5,-538.5,True,20.6,False
282,ES,ES-TM_5,Tue,00:00,Out-of-Sample,2026-02-17 00:21:06,2026-02-17 00:24:36,LONG,1,6816.0,6816.75,37.5,4.5,33.0,True,20.6,False
282,ES,ES-TM_8,Tue,00:00,Out-of-Sample,2026-02-17 00:21:06,2026-02-17 00:24:35,LONG,3,6816.25,6816.75,75.0,13.5,61.5,True,20.6,False
282,ES,ES-IPS_TM_5,Tue,00:00,Out-of-Sample,2026-02-17 00:21:06,2026-02-17 00:35:10,LONG,3,6816.0,6812.5,-525.0,13.5,-538.5,True,20.6,False
282,ES,ES-TM_8,Tue,00:00,Out-of-Sample,2026-02-17 00:24:35,2026-02-17 00:28:25,SHORT,3,6816.75,6819.25,-375.0,13.5,-388.5,True,20.6,False
282,ES,ES-TM_5,Tue,00:00,Out-of-Sample,2026-02-17 00:24:36,2026-02-17 00:28:25,SHORT,2,6816.75,6819.25,-250.0,9.0,-259.0,True,20.6,False
282,ES,ES-TM_5,Tue,00:00,Out-of-Sample,2026-02-17 00:24:36,2026-02-17 00:28:25,SHORT,1,6816.75,6819.25,-125.0,4.5,-129.5,True,20.6,False
282,ES,ES-TM_5,Tue,00:00,Out-of-Sample,2026-02-17 00:24:36,2026-02-17 00:28:25,SHORT,2,6816.75,6819.25,-250.0,9.0,-259.0,True,20.6,False
282,ES,ES-TM_5,Tue,00:00,Out-of-Sample,2026-02-17 00:28:25,2026-02-17 00:33:32,LONG,1,6819.25,6816.5,-137.5,4.5,-142.0,True,20.6,False
282,ES,ES-TM_8,Tue,00:00,Out-of-Sample,2026-02-17 00:28:25,2026-02-17 00:33:32,LONG,3,6819.25,6816.5,-412.5,13.5,-426.0,True,20.6,False
282,ES,ES-IPS_TM_5,Tue,00:00,Out-of-Sample,2026-02-24 00:00:56,2026-02-24 00:04:20,SHORT,3,6871.0,6873.0,-300.0,13.5,-313.5,True,21.01,False
282,ES,ES-TM_8,Tue,00:00,Out-of-Sample,2026-02-24 00:00:56,2026-02-24 00:03:24,SHORT,3,6871.0,6872.75,-262.5,13.5,-276.0,True,21.01,False
282,ES,ES-TM_8,Tue,00:00,Out-of-Sample,2026-02-24 00:03:24,2026-02-24 00:16:06,LONG,3,6872.75,6872.0,-112.5,13.5,-126.0,True,21.01,False
282,ES,ES-TM_5,Tue,00:00,Out-of-Sample,2026-02-24 00:03:24,2026-02-24 00:16:06,LONG,3,6872.75,6872.0,-112.5,13.5,-126.0,True,21.01,False
282,ES,ES-TM_2,Tue,00:00,Out-of-Sample,2026-02-24 00:04:54,2026-02-24 00:33:47,LONG,3,6874.5,6868.0,-975.0,13.5,-988.5,True,21.01,False
282,ES,ES-TM_10,Tue,00:00,Out-of-Sample,2026-02-24 00:04:54,2026-02-24 00:33:47,LONG,3,6874.5,6868.0,-975.0,13.5,-988.5,True,21.01,False
282,ES,ES-IPS_TM_11,Tue,00:00,Out-of-Sample,2026-02-24 00:16:06,2026-02-24 00:34:31,SHORT,1,6872.0,6867.0,250.0,4.5,245.5,True,21.01,False
282,ES,ES-IPS_TM_5,Tue,00:00,Out-of-Sample,2026-02-24 00:16:06,2026-02-24 00:32:30,SHORT,3,6872.0,6869.5,375.0,13.5,361.5,True,21.01,False
282,ES,ES-IPS_TM_8,Tue,00:00,Out-of-Sample,2026-02-24 00:16:06,2026-02-24 00:34:31,SHORT,1,6872.0,6867.0,250.0,4.5,245.5,True,21.01,False
282,ES,ES-IPS_TM_8,Tue,00:00,Out-of-Sample,2026-02-24 00:16:06,2026-02-24 00:36:54,SHORT,2,6872.0,6867.75,425.0,9.0,416.0,True,21.01,False
282,ES,ES-TM_8,Tue,00:00,Out-of-Sample,2026-02-24 00:16:06,2026-02-24 00:34:31,SHORT,1,6872.0,6867.0,250.0,4.5,245.5,True,21.01,False
282,ES,ES-TM_8,Tue,00:00,Out-of-Sample,2026-02-24 00:16:06,2026-02-24 00:36:54,SHORT,2,6872.0,6867.75,425.0,9.0,416.0,True,21.01,False
282,ES,ES-TM_5,Tue,00:00,Out-of-Sample,2026-02-24 00:16:06,2026-02-24 00:34:31,SHORT,1,6872.0,6867.0,250.0,4.5,245.5,True,21.01,False
282,ES,ES-TM_5,Tue,00:00,Out-of-Sample,2026-02-24 00:16:06,2026-02-24 00:36:54,SHORT,2,6872.0,6867.75,425.0,9.0,416.0,True,21.01,False
282,ES,ES_PB_3,Tue,00:00,Out-of-Sample,2026-02-24 00:17:32,2026-02-24 00:35:53,SHORT,1,6870.75,6866.5,212.5,4.5,208.0,True,21.01,False
282,ES,ES_PB_3,Tue,00:00,Out-of-Sample,2026-02-24 00:17:32,2026-02-24 01:08:55,SHORT,1,6870.75,6867.0,187.5,4.5,183.0,True,21.01,False
282,ES,ES_PB_2,Tue,00:00,Out-of-Sample,2026-02-24 00:17:32,2026-02-24 00:35:53,SHORT,1,6870.75,6866.5,212.5,4.5,208.0,True,21.01,False
282,ES,ES_PB_2,Tue,00:00,Out-of-Sample,2026-02-24 00:17:32,2026-02-24 03:04:04,SHORT,1,6870.75,6858.25,625.0,4.5,620.5,True,21.01,False
282,ES,ES-TM_7,Tue,00:00,Out-of-Sample,2026-02-24 00:17:42,2026-02-24 00:36:14,SHORT,1,6870.25,6866.0,212.5,4.5,208.0,True,21.01,False
282,ES,ES-TM_7,Tue,00:00,Out-of-Sample,2026-02-24 00:17:42,2026-02-24 02:01:49,SHORT,2,6870.25,6868.0,225.0,9.0,216.0,True,21.01,False
282,ES,ES-PB_1,Tue,00:00,Out-of-Sample,2026-02-24 00:17:42,2026-02-24 00:36:14,SHORT,1,6870.25,6866.0,212.5,4.5,208.0,True,21.01,False
282,ES,ES-PB_1,Tue,00:00,Out-of-Sample,2026-02-24 00:17:42,2026-02-24 03:04:04,SHORT,1,6870.25,6857.25,650.0,4.5,645.5,True,21.01,False
282,ES,ES_PB_2,Tue,00:00,Out-of-Sample,2026-03-03 00:00:39,2026-03-03 00:37:06,LONG,2,6839.5,6834.25,-525.0,9.0,-534.0,True,21.44,False
282,ES,ES_PB_3,Tue,00:00,Out-of-Sample,2026-03-03 00:00:39,2026-03-03 00:05:09,LONG,2,6839.5,6834.5,-500.0,9.0,-509.0,True,21.44,False
282,ES,ES_PB_3,Tue,00:00,Out-of-Sample,2026-03-03 00:08:46,2026-03-03 00:11:35,LONG,2,6840.0,6836.5,-350.0,9.0,-359.0,True,21.44,False
282,ES,ES-TM_10,Tue,00:00,Out-of-Sample,2026-03-03 00:09:22,2026-03-03 00:33:27,LONG,3,6841.25,6836.0,-787.5,13.5,-801.0,True,21.44,False
282,ES,ES-TM_2,Tue,00:00,Out-of-Sample,2026-03-03 00:09:22,2026-03-03 00:33:27,LONG,3,6841.25,6836.0,-787.5,13.5,-801.0,True,21.44,False
282,ES,ES-TM_8,Tue,00:00,Out-of-Sample,2026-03-10 00:01:41,2026-03-10 00:07:34,SHORT,3,6769.0,6771.0,-300.0,13.5,-313.5,True,25.5,False
282,ES,ES-TM_5,Tue,00:00,Out-of-Sample,2026-03-10 00:01:41,2026-03-10 00:07:34,SHORT,3,6769.25,6771.0,-262.5,13.5,-276.0,True,25.5,False
282,ES,ES-IPS_TM_5,Tue,00:00,Out-of-Sample,2026-03-10 00:07:34,2026-03-10 00:19:27,LONG,1,6771.0,6776.0,250.0,4.5,245.5,True,25.5,False
282,ES,ES-IPS_TM_5,Tue,00:00,Out-of-Sample,2026-03-10 00:07:34,2026-03-10 00:27:04,LONG,2,6771.0,6774.75,375.0,9.0,366.0,True,25.5,False
282,ES,ES-TM_8,Tue,00:00,Out-of-Sample,2026-03-10 00:07:34,2026-03-10 00:09:34,LONG,3,6771.0,6770.5,-75.0,13.5,-88.5,True,25.5,False
282,ES,ES-TM_5,Tue,00:00,Out-of-Sample,2026-03-10 00:07:34,2026-03-10 00:09:34,LONG,3,6771.0,6770.5,-75.0,13.5,-88.5,True,25.5,False
282,ES,ES-TM_8,Tue,00:00,Out-of-Sample,2026-03-10 00:09:34,2026-03-10 00:12:00,SHORT,3,6770.5,6773.25,-412.5,13.5,-426.0,True,25.5,False
282,ES,ES-TM_5,Tue,00:00,Out-of-Sample,2026-03-10 00:09:34,2026-03-10 00:12:00,SHORT,3,6770.5,6773.25,-412.5,13.5,-426.0,True,25.5,False
282,ES,ES-TM_8,Tue,00:00,Out-of-Sample,2026-03-10 00:12:00,2026-03-10 00:27:05,LONG,3,6773.25,6774.5,187.5,13.5,174.0,True,25.5,False
282,ES,ES-TM_5,Tue,00:00,Out-of-Sample,2026-03-10 00:12:00,2026-03-10 00:27:05,LONG,3,6773.25,6774.5,187.5,13.5,174.0,True,25.5,False
282,ES,ES-IPS_TM_5dupl,Tue,00:00,Out-of-Sample,2026-03-10 00:19:00,2026-03-10 01:01:43,LONG,1,6775.25,6784.0,437.5,4.5,433.0,True,25.5,False
282,ES,ES-IPS_TM_5dupl,Tue,00:00,Out-of-Sample,2026-03-10 00:19:00,2026-03-10 02:30:54,LONG,1,6775.25,6792.75,875.0,4.5,870.5,True,25.5,False
282,ES,ES-IPS_TM_5dupl,Tue,00:00,Out-of-Sample,2026-03-10 00:19:00,2026-03-10 02:45:28,LONG,1,6775.25,6789.0,687.5,4.5,683.0,True,25.5,False
282,ES,ES-PB_1,Tue,00:00,Out-of-Sample,2026-03-10 00:19:00,2026-03-10 01:01:43,LONG,1,6775.25,6784.0,437.5,4.5,433.0,True,25.5,False
282,ES,ES-PB_1,Tue,00:00,Out-of-Sample,2026-03-10 00:19:00,2026-03-10 03:05:36,LONG,1,6775.25,6801.5,1312.5,4.5,1308.0,True,25.5,False
282,ES,ES-TM_8,Tue,00:00,Out-of-Sample,2026-03-10 00:27:05,2026-03-10 00:28:09,SHORT,3,6774.5,6773.75,112.5,13.5,99.0,True,25.5,False
282,ES,ES-TM_5,Tue,00:00,Out-of-Sample,2026-03-10 00:27:05,2026-03-10 00:28:09,SHORT,3,6774.5,6773.75,112.5,13.5,99.0,True,25.5,False
282,ES,ES-TM_5,Tue,00:00,Out-of-Sample,2026-03-10 00:29:06,2026-03-10 00:31:47,SHORT,3,6772.5,6775.0,-375.0,13.5,-388.5,True,25.5,False
282,ES,ES-TM_8,Tue,00:00,Out-of-Sample,2026-03-10 00:29:07,2026-03-10 00:31:46,SHORT,3,6772.5,6775.0,-375.0,13.5,-388.5,True,25.5,False
282,ES,ES-TM_5,Tue,00:00,Out-of-Sample,2026-03-17 00:05:46,2026-03-17 00:24:34,LONG,1,6733.25,6734.0,37.5,4.5,33.0,True,23.51,False
282,ES,ES_PB_2,Tue,00:00,Out-of-Sample,2026-03-17 00:17:56,2026-03-17 00:43:09,LONG,1,6735.25,6740.25,250.0,4.5,245.5,True,23.51,False
282,ES,ES_PB_2,Tue,00:00,Out-of-Sample,2026-03-17 00:17:56,2026-03-17 01:36:24,LONG,1,6735.25,6740.25,250.0,4.5,245.5,True,23.51,False
282,ES,ES_PB_3,Tue,00:00,Out-of-Sample,2026-03-17 00:17:56,2026-03-17 00:43:09,LONG,1,6735.25,6740.25,250.0,4.5,245.5,True,23.51,False
282,ES,ES_PB_3,Tue,00:00,Out-of-Sample,2026-03-17 00:17:56,2026-03-17 01:36:24,LONG,1,6735.25,6740.25,250.0,4.5,245.5,True,23.51,False
282,ES,ES-TM_5,Tue,00:00,Out-of-Sample,2026-03-17 00:24:34,2026-03-17 00:29:58,SHORT,2,6734.0,6735.75,-175.0,9.0,-184.0,True,23.51,False
282,ES,ES-TM_5,Tue,00:00,Out-of-Sample,2026-03-17 00:24:34,2026-03-17 00:29:58,SHORT,1,6734.0,6735.75,-87.5,4.5,-92.0,True,23.51,False
282,ES,ES-TM_5,Tue,00:00,Out-of-Sample,2026-03-17 00:24:34,2026-03-17 00:29:58,SHORT,2,6734.0,6735.75,-175.0,9.0,-184.0,True,23.51,False
282,ES,ES-TM_5,Tue,00:00,Out-of-Sample,2026-03-17 00:29:58,2026-03-17 00:45:02,LONG,1,6735.75,6740.75,250.0,4.5,245.5,True,23.51,False
282,ES,ES-PB_1,Tue,00:00,Out-of-Sample,2026-03-24 00:00:00,2026-03-24 00:42:20,LONG,2,6603.75,6594.5,-925.0,9.0,-934.0,True,26.15,False
282,ES,ES-IPS_TM_5dupl,Tue,00:00,Out-of-Sample,2026-03-24 00:00:00,2026-03-24 00:42:20,LONG,3,6603.75,6594.5,-1387.5,13.5,-1401.0,True,26.15,False
282,ES,ES-IPS_TM_5,Tue,00:00,Out-of-Sample,2026-03-24 00:02:19,2026-03-24 00:03:55,SHORT,3,6603.25,6605.5,-337.5,13.5,-351.0,True,26.15,False
282,ES,ES-TM_5,Tue,00:00,Out-of-Sample,2026-03-24 00:02:19,2026-03-24 00:03:55,SHORT,3,6603.25,6605.5,-337.5,13.5,-351.0,True,26.15,False
282,ES,ES-TM_5,Tue,00:00,Out-of-Sample,2026-03-24 00:04:43,2026-03-24 00:15:34,LONG,3,6606.75,6604.5,-337.5,13.5,-351.0,True,26.15,False
282,ES,ES-IPS_TM_8,Tue,00:00,Out-of-Sample,2026-03-24 00:06:18,2026-03-24 00:10:31,SHORT,3,6605.25,6607.75,-375.0,13.5,-388.5,True,26.15,False
282,ES,ES-IPS_TM_11,Tue,00:00,Out-of-Sample,2026-03-24 00:12:28,2026-03-24 00:17:34,SHORT,1,6606.5,6601.5,250.0,4.5,245.5,True,26.15,False
282,ES,ES-IPS_TM_11,Tue,00:00,Out-of-Sample,2026-03-24 00:12:28,2026-03-24 00:31:22,SHORT,1,6606.5,6596.5,500.0,4.5,495.5,True,26.15,False
282,ES,ES-IPS_TM_11,Tue,00:00,Out-of-Sample,2026-03-24 00:12:28,2026-03-24 00:52:00,SHORT,1,6606.5,6599.5,350.0,4.5,345.5,True,26.15,False
282,ES,ES-IPS_TM_5,Tue,00:00,Out-of-Sample,2026-03-24 00:12:28,2026-03-24 00:17:34,SHORT,1,6606.5,6601.5,250.0,4.5,245.5,True,26.15,False
282,ES,ES-IPS_TM_5,Tue,00:00,Out-of-Sample,2026-03-24 00:12:28,2026-03-24 00:46:43,SHORT,2,6606.5,6597.0,950.0,9.0,941.0,True,26.15,False
282,ES,ES-IPS_TM_8,Tue,00:00,Out-of-Sample,2026-03-24 00:12:28,2026-03-24 00:17:34,SHORT,1,6606.5,6601.5,250.0,4.5,245.5,True,26.15,False
282,ES,ES-IPS_TM_8,Tue,00:00,Out-of-Sample,2026-03-24 00:12:28,2026-03-24 00:46:43,SHORT,2,6606.5,6597.0,950.0,9.0,941.0,True,26.15,False
282,ES,ES-TM_5,Tue,00:00,Out-of-Sample,2026-03-24 00:15:34,2026-03-24 00:22:35,SHORT,1,6604.5,6599.5,250.0,4.5,245.5,True,26.15,False
282,ES,ES-TM_5,Tue,00:00,Out-of-Sample,2026-03-24 00:15:34,2026-03-24 00:46:43,SHORT,2,6604.5,6597.0,750.0,9.0,741.0,True,26.15,False
282,ES,ES_PB_3,Tue,00:00,Out-of-Sample,2026-03-24 00:16:17,2026-03-24 00:31:25,SHORT,1,6602.5,6595.25,362.5,4.5,358.0,True,26.15,False
282,ES,ES_PB_3,Tue,00:00,Out-of-Sample,2026-03-24 00:16:17,2026-03-24 01:12:53,SHORT,1,6602.5,6592.0,525.0,4.5,520.5,True,26.15,False
282,ES,ES_PB_2,Tue,00:00,Out-of-Sample,2026-03-24 00:16:17,2026-03-24 00:31:24,SHORT,1,6602.5,6595.25,362.5,4.5,358.0,True,26.15,False
282,ES,ES_PB_2,Tue,00:00,Out-of-Sample,2026-03-24 00:16:17,2026-03-24 01:12:53,SHORT,1,6602.5,6592.0,525.0,4.5,520.5,True,26.15,False
282,ES,ES-IPS_TM_8,Tue,00:00,Out-of-Sample,2026-03-31 00:00:12,2026-03-31 00:37:46,LONG,3,6444.75,6439.0,-862.5,13.5,-876.0,True,30.61,False
282,ES,ES-TM_5,Tue,00:00,Out-of-Sample,2026-03-31 00:00:26,2026-03-31 00:05:34,LONG,1,6446.0,6443.25,-137.5,4.5,-142.0,True,30.61,False
282,ES,ES-TM_8,Tue,00:00,Out-of-Sample,2026-03-31 00:05:34,2026-03-31 00:20:27,SHORT,3,6443.25,6448.0,-712.5,13.5,-726.0,True,30.61,False
282,ES,ES-TM_8,Tue,00:00,Out-of-Sample,2026-03-31 00:05:34,2026-03-31 00:25:58,SHORT,1,6443.25,6440.5,137.5,4.5,133.0,True,30.61,False
282,ES,ES-TM_8,Tue,00:00,Out-of-Sample,2026-03-31 00:05:34,2026-03-31 00:28:05,SHORT,2,6443.25,6441.75,150.0,9.0,141.0,True,30.61,False
282,ES,ES-TM_5,Tue,00:00,Out-of-Sample,2026-03-31 00:05:34,2026-03-31 00:08:27,SHORT,2,6443.25,6446.5,-325.0,9.0,-334.0,True,30.61,False
282,ES,ES-TM_5,Tue,00:00,Out-of-Sample,2026-03-31 00:05:34,2026-03-31 00:08:27,SHORT,1,6443.25,6446.5,-162.5,4.5,-167.0,True,30.61,False
282,ES,ES-TM_5,Tue,00:00,Out-of-Sample,2026-03-31 00:05:34,2026-03-31 00:18:17,SHORT,2,6443.25,6446.5,-325.0,9.0,-334.0,True,30.61,False
282,ES,ES-TM_8,Tue,00:00,Out-of-Sample,2026-03-31 00:11:30,2026-03-31 00:28:42,SHORT,3,6444.25,6443.25,150.0,13.5,136.5,True,30.61,False
282,ES,ES-TM_5,Tue,00:00,Out-of-Sample,2026-03-31 00:11:30,2026-03-31 00:18:17,SHORT,1,6444.25,6446.5,-112.5,4.5,-117.0,True,30.61,False
282,ES,ES-TM_5,Tue,00:00,Out-of-Sample,2026-03-31 00:11:30,2026-03-31 00:20:27,SHORT,2,6444.25,6448.0,-375.0,9.0,-384.0,True,30.61,False
282,ES,ES-IPS_TM_5dupl,Tue,00:00,Out-of-Sample,2026-03-31 00:20:27,2026-03-31 00:25:46,LONG,2,6448.0,6442.25,-575.0,9.0,-584.0,True,30.61,False
282,ES,ES-IPS_TM_5dupl,Tue,00:00,Out-of-Sample,2026-03-31 00:20:27,2026-03-31 00:25:46,LONG,1,6448.0,6442.25,-287.5,4.5,-292.0,True,30.61,False
282,ES,ES-IPS_TM_5dupl,Tue,00:00,Out-of-Sample,2026-03-31 00:20:27,2026-03-31 01:50:54,LONG,1,6448.0,6443.0,-250.0,4.5,-254.5,True,30.61,False
282,ES,ES-IPS_TM_5dupl,Tue,00:00,Out-of-Sample,2026-03-31 00:20:27,2026-03-31 02:00:52,LONG,1,6448.0,6436.0,-600.0,4.5,-604.5,True,30.61,False
282,ES,ES-PB_1,Tue,00:00,Out-of-Sample,2026-03-31 00:20:27,2026-03-31 00:25:46,LONG,2,6448.0,6442.25,-575.0,9.0,-584.0,True,30.61,False
282,ES,ES-IPS_TM_5,Tue,00:00,Out-of-Sample,2026-03-31 00:20:27,2026-03-31 00:22:36,LONG,3,6448.0,6445.5,-375.0,13.5,-388.5,True,30.61,False
282,ES,ES-TM_5,Tue,00:00,Out-of-Sample,2026-03-31 00:20:27,2026-03-31 00:22:36,LONG,1,6448.0,6445.5,-125.0,4.5,-129.5,True,30.61,False
282,ES,ES-IPS_TM_5,Tue,00:00,Out-of-Sample,2026-03-31 00:22:36,2026-03-31 00:25:58,SHORT,1,6445.5,6440.5,250.0,4.5,245.5,True,30.61,False
282,ES,ES-IPS_TM_5,Tue,00:00,Out-of-Sample,2026-03-31 00:22:36,2026-03-31 00:28:05,SHORT,2,6445.5,6441.75,375.0,9.0,366.0,True,30.61,False
282,ES,ES-TM_8,Tue,00:00,Out-of-Sample,2026-03-31 00:22:36,2026-03-31 00:51:11,SHORT,3,6445.5,6437.0,1275.0,13.5,1261.5,True,30.61,False
282,ES,ES-TM_8,Tue,00:00,Out-of-Sample,2026-03-31 00:22:36,2026-03-31 00:51:11,SHORT,3,6445.5,6437.0,1275.0,13.5,1261.5,True,30.61,False
282,ES,ES-TM_5,Tue,00:00,Out-of-Sample,2026-03-31 00:22:36,2026-03-31 00:25:58,SHORT,1,6445.5,6440.5,250.0,4.5,245.5,True,30.61,False
282,ES,ES-TM_5,Tue,00:00,Out-of-Sample,2026-03-31 00:22:36,2026-03-31 00:28:05,SHORT,1,6445.5,6441.75,187.5,4.5,183.0,True,30.61,False
282,ES,ES-TM_5,Tue,00:00,Out-of-Sample,2026-03-31 00:22:36,2026-03-31 00:28:05,SHORT,1,6445.5,6441.75,187.5,4.5,183.0,True,30.61,False
282,ES,ES-TM_5,Tue,00:00,Out-of-Sample,2026-03-31 00:22:36,2026-03-31 00:28:42,SHORT,2,6445.5,6443.25,225.0,9.0,216.0,True,30.61,False
282,ES,ES-TM_10,Tue,00:00,Out-of-Sample,2026-03-31 00:25:46,2026-03-31 00:33:42,SHORT,3,6442.25,6444.0,-262.5,13.5,-276.0,True,30.61,False
282,ES,ES-TM_2,Tue,00:00,Out-of-Sample,2026-03-31 00:25:46,2026-03-31 00:33:43,SHORT,3,6442.25,6444.0,-262.5,13.5,-276.0,True,30.61,False
282,ES,ES-TM_10,Tue,00:00,Out-of-Sample,2026-03-31 00:25:50,2026-03-31 02:55:42,SHORT,3,6441.25,6434.25,1050.0,13.5,1036.5,True,30.61,False
282,ES,ES-TM_2,Tue,00:00,Out-of-Sample,2026-03-31 00:25:50,2026-03-31 02:55:42,SHORT,3,6441.25,6434.25,1050.0,13.5,1036.5,True,30.61,False
282,ES,ES-IPS_TM_8,Tue,00:00,Out-of-Sample,2026-03-31 00:28:05,2026-03-31 00:47:22,LONG,3,6442.0,6437.5,-675.0,13.5,-688.5,True,30.61,False
282,ES,ES-IPS_TM_11,Tue,00:00,Out-of-Sample,2026-03-31 00:28:42,2026-03-31 00:40:09,LONG,3,6443.25,6438.25,-750.0,13.5,-763.5,True,30.61,False
282,ES,ES-IPS_TM_5,Tue,00:00,Out-of-Sample,2026-03-31 00:28:42,2026-03-31 00:40:04,LONG,3,6443.25,6438.5,-712.5,13.5,-726.0,True,30.61,False
282,ES,ES-TM_5,Tue,00:00,Out-of-Sample,2026-03-31 00:28:42,2026-03-31 00:37:46,LONG,1,6443.25,6439.0,-212.5,4.5,-217.0,True,30.61,False
282,ES,ES-TM_8,Tue,00:00,Out-of-Sample,2026-04-07 00:04:23,2026-04-07 00:15:06,SHORT,3,6621.5,6619.0,375.0,13.5,361.5,True,24.17,False
282,ES,ES-TM_5,Tue,00:00,Out-of-Sample,2026-04-07 00:04:23,2026-04-07 00:15:06,SHORT,3,6621.5,6619.0,375.0,13.5,361.5,True,24.17,False
282,ES,ES-IPS_TM_5dupl,Tue,00:00,Out-of-Sample,2026-04-07 00:12:08,2026-04-07 00:25:36,SHORT,3,6619.0,6625.0,-900.0,13.5,-913.5,True,24.17,False
282,ES,ES-PB_1,Tue,00:00,Out-of-Sample,2026-04-07 00:12:08,2026-04-07 00:25:36,SHORT,2,6619.0,6625.0,-600.0,9.0,-609.0,True,24.17,False
282,ES,ES-TM_7,Tue,00:00,Out-of-Sample,2026-04-07 00:12:08,2026-04-07 00:25:36,SHORT,3,6619.0,6625.0,-900.0,13.5,-913.5,True,24.17,False
282,ES,ES-TM_8,Tue,00:00,Out-of-Sample,2026-04-07 00:15:06,2026-04-07 00:18:27,LONG,3,6619.0,6617.25,-262.5,13.5,-276.0,True,24.17,False
282,ES,ES-TM_5,Tue,00:00,Out-of-Sample,2026-04-07 00:15:06,2026-04-07 00:18:27,LONG,3,6619.0,6617.25,-262.5,13.5,-276.0,True,24.17,False
282,ES,ES-TM_8,Tue,00:00,Out-of-Sample,2026-04-07 00:19:22,2026-04-07 00:23:00,SHORT,3,6616.75,6618.25,-225.0,13.5,-238.5,True,24.17,False
282,ES,ES-TM_5,Tue,00:00,Out-of-Sample,2026-04-07 00:19:22,2026-04-07 00:23:00,SHORT,3,6616.75,6618.25,-225.0,13.5,-238.5,True,24.17,False
282,ES,ES-TM_8,Tue,00:00,Out-of-Sample,2026-04-07 00:23:00,2026-04-07 00:25:34,LONG,1,6618.25,6623.25,250.0,4.5,245.5,True,24.17,False
282,ES,ES-TM_8,Tue,00:00,Out-of-Sample,2026-04-07 00:23:00,2026-04-07 00:26:55,LONG,2,6618.25,6621.75,350.0,9.0,341.0,True,24.17,False
282,ES,ES-TM_5,Tue,00:00,Out-of-Sample,2026-04-07 00:23:00,2026-04-07 00:25:34,LONG,1,6618.25,6623.25,250.0,4.5,245.5,True,24.17,False
282,ES,ES-TM_5,Tue,00:00,Out-of-Sample,2026-04-07 00:23:00,2026-04-07 00:26:55,LONG,2,6618.25,6621.75,350.0,9.0,341.0,True,24.17,False
282,ES,ES-TM_10,Tue,00:00,Out-of-Sample,2026-04-07 00:25:37,2026-04-07 00:25:45,LONG,3,6625.0,6622.75,-337.5,13.5,-351.0,True,24.17,False
282,ES,ES-TM_2,Tue,00:00,Out-of-Sample,2026-04-07 00:25:37,2026-04-07 00:25:45,LONG,3,6625.0,6622.75,-337.5,13.5,-351.0,True,24.17,False
282,ES,ES-IPS_TM_8,Tue,00:00,Out-of-Sample,2026-04-07 00:26:55,2026-04-07 00:33:50,SHORT,3,6621.5,6625.75,-637.5,13.5,-651.0,True,24.17,False
282,ES,ES-TM_8,Tue,00:00,Out-of-Sample,2026-04-28 00:01:37,2026-04-28 00:04:59,LONG,2,7209.5,7207.75,-175.0,9.0,-184.0,True,18.02,True
282,ES,ES-TM_8,Tue,00:00,Out-of-Sample,2026-04-28 00:01:37,2026-04-28 00:04:59,LONG,1,7209.5,7207.75,-87.5,4.5,-92.0,True,18.02,True
282,ES,ES-TM_8,Tue,00:00,Out-of-Sample,2026-04-28 00:01:37,2026-04-28 00:37:02,LONG,2,7209.5,7211.0,150.0,9.0,141.0,True,18.02,True
282,ES,ES-TM_5,Tue,00:00,Out-of-Sample,2026-04-28 00:01:37,2026-04-28 00:04:59,LONG,2,7209.5,7207.75,-175.0,9.0,-184.0,True,18.02,True
282,ES,ES-TM_5,Tue,00:00,Out-of-Sample,2026-04-28 00:01:37,2026-04-28 00:04:59,LONG,1,7209.5,7207.75,-87.5,4.5,-92.0,True,18.02,True
282,ES,ES-TM_5,Tue,00:00,Out-of-Sample,2026-04-28 00:01:37,2026-04-28 00:37:02,LONG,2,7209.5,7211.0,150.0,9.0,141.0,True,18.02,True
282,ES,ES-IPS_TM_5,Tue,00:00,Out-of-Sample,2026-04-28 00:11:49,2026-04-28 00:37:02,LONG,3,7210.25,7211.0,112.5,13.5,99.0,True,18.02,True
282,ES,ES-TM_8,Tue,00:00,Out-of-Sample,2026-04-28 00:11:49,2026-04-28 00:37:02,LONG,1,7210.25,7211.0,37.5,4.5,33.0,True,18.02,True
282,ES,ES-TM_8,Tue,00:00,Out-of-Sample,2026-04-28 00:11:49,2026-04-28 00:37:02,LONG,2,7210.25,7211.0,75.0,9.0,66.0,True,18.02,True
282,ES,ES-TM_5,Tue,00:00,Out-of-Sample,2026-04-28 00:11:49,2026-04-28 00:37:02,LONG,1,7210.25,7211.0,37.5,4.5,33.0,True,18.02,True
282,ES,ES-TM_5,Tue,00:00,Out-of-Sample,2026-04-28 00:11:49,2026-04-28 00:37:02,LONG,2,7210.25,7211.0,75.0,9.0,66.0,True,18.02,True
282,ES,ES-IPS_TM_5,Tue,00:00,Out-of-Sample,2026-05-05 00:01:48,2026-05-05 00:30:22,LONG,3,7241.75,7239.75,-300.0,13.5,-313.5,True,18.29,True
282,ES,ES-TM_5,Tue,00:00,Out-of-Sample,2026-05-12 00:01:01,2026-05-12 00:13:36,LONG,3,7426.0,7425.0,-150.0,13.5,-163.5,True,18.38,True
282,ES,ES-TM_8,Tue,00:00,Out-of-Sample,2026-05-12 00:01:02,2026-05-12 00:13:37,LONG,3,7426.0,7425.0,-150.0,13.5,-163.5,True,18.38,True
282,ES,ES-TM_5,Tue,00:00,Out-of-Sample,2026-05-12 00:13:36,2026-05-12 00:15:51,SHORT,3,7425.0,7426.25,-187.5,13.5,-201.0,True,18.38,True
282,ES,ES-TM_8,Tue,00:00,Out-of-Sample,2026-05-12 00:13:37,2026-05-12 00:15:51,SHORT,3,7425.0,7426.25,-187.5,13.5,-201.0,True,18.38,True
282,ES,ES-TM_8,Tue,00:00,Out-of-Sample,2026-05-12 00:16:04,2026-05-12 00:23:53,LONG,3,7427.75,7425.75,-300.0,13.5,-313.5,True,18.38,True
282,ES,ES-TM_5,Tue,00:00,Out-of-Sample,2026-05-12 00:16:04,2026-05-12 00:23:53,LONG,3,7427.75,7425.75,-300.0,13.5,-313.5,True,18.38,True
282,ES,ES-TM_8,Tue,00:00,Out-of-Sample,2026-05-12 00:23:53,2026-05-12 00:26:56,SHORT,3,7425.75,7426.25,-75.0,13.5,-88.5,True,18.38,True
282,ES,ES-TM_5,Tue,00:00,Out-of-Sample,2026-05-12 00:23:53,2026-05-12 00:26:56,SHORT,3,7425.75,7426.25,-75.0,13.5,-88.5,True,18.38,True
282,ES,ES-TM_8,Tue,00:00,Out-of-Sample,2026-05-12 00:26:56,2026-05-12 00:39:39,LONG,3,7426.25,7425.75,-75.0,13.5,-88.5,True,18.38,True
282,ES,ES-TM_5,Tue,00:00,Out-of-Sample,2026-05-12 00:26:56,2026-05-12 00:39:39,LONG,3,7426.25,7425.75,-75.0,13.5,-88.5,True,18.38,True
282,ES,ES-TM_10,Tue,00:00,Out-of-Sample,2026-05-19 00:00:48,2026-05-19 00:03:03,SHORT,1,7409.0,7405.25,187.5,4.5,183.0,True,17.82,True
282,ES,ES-TM_10,Tue,00:00,Out-of-Sample,2026-05-19 00:00:48,2026-05-19 00:12:35,SHORT,2,7409.0,7408.75,25.0,9.0,16.0,True,17.82,True
282,ES,ES-TM_2,Tue,00:00,Out-of-Sample,2026-05-19 00:00:48,2026-05-19 00:03:03,SHORT,1,7409.0,7405.25,187.5,4.5,183.0,True,17.82,True
282,ES,ES-TM_2,Tue,00:00,Out-of-Sample,2026-05-19 00:00:48,2026-05-19 00:12:35,SHORT,2,7409.0,7408.75,25.0,9.0,16.0,True,17.82,True
282,ES,ES-TM_5,Tue,00:00,Out-of-Sample,2026-05-19 00:07:10,2026-05-19 00:10:21,SHORT,3,7404.0,7406.75,-412.5,13.5,-426.0,True,17.82,True
282,ES,ES-TM_8,Tue,00:00,Out-of-Sample,2026-05-19 00:07:10,2026-05-19 00:10:21,SHORT,3,7404.0,7406.75,-412.5,13.5,-426.0,True,17.82,True
282,ES,ES-TM_5,Tue,00:00,Out-of-Sample,2026-05-19 00:11:33,2026-05-19 00:15:11,LONG,3,7407.5,7404.75,-412.5,13.5,-426.0,True,17.82,True
282,ES,ES-TM_8,Tue,00:00,Out-of-Sample,2026-05-19 00:11:33,2026-05-19 00:15:11,LONG,3,7407.5,7404.75,-412.5,13.5,-426.0,True,17.82,True
282,ES,ES-TM_5,Tue,00:00,Out-of-Sample,2026-05-19 00:15:14,2026-05-19 00:20:39,SHORT,3,7404.75,7404.0,112.5,13.5,99.0,True,17.82,True
282,ES,ES-TM_8,Tue,00:00,Out-of-Sample,2026-05-19 00:15:14,2026-05-19 00:20:46,SHORT,3,7404.75,7404.75,0.0,13.5,-13.5,True,17.82,True
282,ES,ES-TM_7,Tue,00:00,Out-of-Sample,2026-05-19 00:18:31,2026-05-19 01:23:41,SHORT,1,7402.75,7394.75,400.0,4.5,395.5,True,17.82,True
282,ES,ES-TM_7,Tue,00:00,Out-of-Sample,2026-05-19 00:18:31,2026-05-19 01:40:51,SHORT,2,7402.75,7405.75,-300.0,9.0,-309.0,True,17.82,True
282,ES,ES-TM_10,Tue,00:00,Out-of-Sample,2026-05-19 00:19:06,2026-05-19 00:20:39,SHORT,3,7401.0,7403.75,-412.5,13.5,-426.0,True,17.82,True
282,ES,ES-TM_2,Tue,00:00,Out-of-Sample,2026-05-19 00:19:06,2026-05-19 00:20:39,SHORT,3,7401.0,7403.75,-412.5,13.5,-426.0,True,17.82,True
282,ES,ES-IPS_TM_8,Tue,00:00,Out-of-Sample,2026-05-19 00:20:39,2026-05-19 00:26:25,LONG,3,7403.75,7400.5,-487.5,13.5,-501.0,True,17.82,True
282,ES,ES-IPS_TM_11,Tue,00:00,Out-of-Sample,2026-05-19 00:20:39,2026-05-19 00:26:25,LONG,3,7403.75,7400.5,-487.5,13.5,-501.0,True,17.82,True
282,ES,ES-TM_5,Tue,00:00,Out-of-Sample,2026-05-19 00:20:39,2026-05-19 00:22:22,LONG,3,7404.0,7402.0,-300.0,13.5,-313.5,True,17.82,True
282,ES,ES-TM_8,Tue,00:00,Out-of-Sample,2026-05-19 00:20:46,2026-05-19 00:22:22,LONG,3,7404.75,7402.0,-412.5,13.5,-426.0,True,17.82,True
282,ES,ES-TM_5,Tue,00:00,Out-of-Sample,2026-05-19 00:22:22,2026-05-19 00:24:59,SHORT,3,7402.0,7403.0,-150.0,13.5,-163.5,True,17.82,True
282,ES,ES-TM_8,Tue,00:00,Out-of-Sample,2026-05-19 00:22:22,2026-05-19 00:24:59,SHORT,3,7402.0,7403.0,-150.0,13.5,-163.5,True,17.82,True
282,ES,ES-IPS_TM_5,Tue,00:00,Out-of-Sample,2026-05-19 00:24:59,2026-05-19 00:26:25,LONG,3,7403.0,7400.5,-375.0,13.5,-388.5,True,17.82,True
282,ES,ES-TM_5,Tue,00:00,Out-of-Sample,2026-05-19 00:24:59,2026-05-19 00:26:18,LONG,3,7403.0,7400.5,-375.0,13.5,-388.5,True,17.82,True
282,ES,ES-TM_8,Tue,00:00,Out-of-Sample,2026-05-19 00:24:59,2026-05-19 00:26:18,LONG,3,7403.0,7400.75,-337.5,13.5,-351.0,True,17.82,True
282,ES,ES-TM_5,Tue,00:00,Out-of-Sample,2026-05-19 00:26:18,2026-05-19 00:28:46,SHORT,3,7400.5,7400.5,0.0,13.5,-13.5,True,17.82,True
282,ES,ES-TM_8,Tue,00:00,Out-of-Sample,2026-05-19 00:26:18,2026-05-19 00:28:46,SHORT,3,7400.75,7400.5,37.5,13.5,24.0,True,17.82,True
282,ES,ES-TM_9,Tue,00:00,Out-of-Sample,2026-05-19 00:26:54,2026-05-19 00:35:22,SHORT,3,7398.0,7405.25,-1087.5,13.5,-1101.0,True,17.82,True
282,ES,ES-IPS_TM_8,Tue,00:00,Out-of-Sample,2026-05-19 00:28:45,2026-05-19 00:35:28,LONG,1,7400.5,7405.5,250.0,4.5,245.5,True,17.82,True
282,ES,ES-IPS_TM_8,Tue,00:00,Out-of-Sample,2026-05-19 00:28:45,2026-05-19 00:36:53,LONG,2,7400.5,7407.5,700.0,9.0,691.0,True,17.82,True
282,ES,ES-IPS_TM_5,Tue,00:00,Out-of-Sample,2026-05-19 00:28:45,2026-05-19 00:35:28,LONG,1,7400.5,7405.5,250.0,4.5,245.5,True,17.82,True
282,ES,ES-IPS_TM_5,Tue,00:00,Out-of-Sample,2026-05-19 00:28:45,2026-05-19 00:36:52,LONG,2,7400.5,7407.5,700.0,9.0,691.0,True,17.82,True
282,ES,ES-IPS_TM_11,Tue,00:00,Out-of-Sample,2026-05-19 00:28:46,2026-05-19 00:35:28,LONG,1,7400.5,7405.5,250.0,4.5,245.5,True,17.82,True
282,ES,ES-IPS_TM_11,Tue,00:00,Out-of-Sample,2026-05-19 00:28:46,2026-05-19 01:23:37,LONG,2,7400.5,7397.0,-350.0,9.0,-359.0,True,17.82,True
282,ES,ES-TM_5,Tue,00:00,Out-of-Sample,2026-05-19 00:28:46,2026-05-19 00:35:28,LONG,1,7400.5,7405.5,250.0,4.5,245.5,True,17.82,True
282,ES,ES-TM_5,Tue,00:00,Out-of-Sample,2026-05-19 00:28:46,2026-05-19 00:36:53,LONG,2,7400.5,7407.5,700.0,9.0,691.0,True,17.82,True
282,ES,ES-TM_8,Tue,00:00,Out-of-Sample,2026-05-19 00:28:46,2026-05-19 00:35:28,LONG,1,7400.5,7405.5,250.0,4.5,245.5,True,17.82,True
282,ES,ES-TM_8,Tue,00:00,Out-of-Sample,2026-05-19 00:28:46,2026-05-19 00:36:53,LONG,2,7400.5,7407.5,700.0,9.0,691.0,True,17.82,True
282,ES,ES-TM_8,Tue,00:00,Out-of-Sample,2026-05-26 00:08:58,2026-05-26 00:25:52,LONG,3,7540.25,7541.0,112.5,13.5,99.0,True,16.59,True
282,ES,ES-TM_5,Tue,00:00,Out-of-Sample,2026-05-26 00:08:58,2026-05-26 00:25:52,LONG,3,7540.25,7541.0,112.5,13.5,99.0,True,16.59,True
282,ES,ES-IPS_TM_5dupl,Tue,00:00,Out-of-Sample,2026-05-26 00:14:16,2026-05-26 03:24:19,SHORT,1,7541.75,7533.25,425.0,4.5,420.5,True,16.59,True
282,ES,ES-PB_1,Tue,00:00,Out-of-Sample,2026-05-26 00:14:16,2026-05-26 03:24:19,SHORT,1,7541.75,7533.25,425.0,4.5,420.5,True,16.59,True
282,ES,ES-TM_2,Tue,00:00,Out-of-Sample,2026-05-26 00:14:17,2026-05-26 01:03:54,LONG,3,7542.0,7535.75,-937.5,13.5,-951.0,True,16.59,True
282,ES,ES-TM_10,Tue,00:00,Out-of-Sample,2026-05-26 00:14:17,2026-05-26 01:03:54,LONG,3,7542.0,7535.75,-937.5,13.5,-951.0,True,16.59,True
282,ES,ES-IPS_TM_5,Tue,00:00,Out-of-Sample,2026-05-26 00:16:06,2026-05-26 00:25:51,LONG,3,7542.5,7541.0,-225.0,13.5,-238.5,True,16.59,True
282,ES,ES-IPS_TM_5,Tue,00:00,Out-of-Sample,2026-05-26 00:25:51,2026-05-26 00:35:46,SHORT,3,7541.0,7542.0,-150.0,13.5,-163.5,True,16.59,True
282,ES,ES-TM_8,Tue,00:00,Out-of-Sample,2026-05-26 00:25:52,2026-05-26 00:35:41,SHORT,3,7541.0,7541.75,-112.5,13.5,-126.0,True,16.59,True
282,ES,ES-TM_5,Tue,00:00,Out-of-Sample,2026-05-26 00:25:52,2026-05-26 00:35:41,SHORT,3,7541.0,7541.75,-112.5,13.5,-126.0,True,16.59,True
282,ES,ES-TM_10,Tue,00:00,Out-of-Sample,2026-06-30 00:01:47,2026-06-30 00:34:59,LONG,1,7506.5,7510.25,187.5,4.5,183.0,True,17.65,True
282,ES,ES-TM_10,Tue,00:00,Out-of-Sample,2026-06-30 00:01:47,2026-06-30 01:02:47,LONG,1,7506.5,7515.0,425.0,4.5,420.5,True,17.65,True
282,ES,ES-TM_10,Tue,00:00,Out-of-Sample,2026-06-30 00:01:47,2026-06-30 01:27:04,LONG,1,7506.5,7509.25,137.5,4.5,133.0,True,17.65,True
282,ES,ES-TM_2,Tue,00:00,Out-of-Sample,2026-06-30 00:01:47,2026-06-30 00:35:00,LONG,1,7506.5,7510.25,187.5,4.5,183.0,True,17.65,True
282,ES,ES-TM_2,Tue,00:00,Out-of-Sample,2026-06-30 00:01:47,2026-06-30 01:02:47,LONG,1,7506.5,7515.0,425.0,4.5,420.5,True,17.65,True
282,ES,ES-TM_2,Tue,00:00,Out-of-Sample,2026-06-30 00:01:47,2026-06-30 01:27:04,LONG,1,7506.5,7509.25,137.5,4.5,133.0,True,17.65,True
282,ES,ES-IPS_TM_12,Tue,00:00,Out-of-Sample,2026-06-30 00:08:03,2026-06-30 00:26:10,SHORT,3,7505.75,7508.25,-375.0,13.5,-388.5,True,17.65,True
282,ES,ES-IPS_TM_8,Tue,00:00,Out-of-Sample,2026-06-30 00:08:03,2026-06-30 00:26:10,SHORT,3,7505.75,7508.25,-375.0,13.5,-388.5,True,17.65,True
282,ES,ES-IPS_TM_8,Tue,00:00,Out-of-Sample,2026-06-30 00:29:14,2026-06-30 00:32:51,SHORT,3,7508.0,7508.75,-112.5,13.5,-126.0,True,17.65,True
282,ES,ES-TM_5,Tue,00:00,Out-of-Sample,2026-07-07 00:01:40,2026-07-07 00:05:58,SHORT,3,7572.5,7575.0,-375.0,13.5,-388.5,True,15.57,True
282,ES,ES-IPS_TM_5dupl,Tue,00:00,Out-of-Sample,2026-07-07 00:05:58,2026-07-07 00:17:03,LONG,3,7575.0,7570.75,-637.5,13.5,-651.0,True,15.57,True
282,ES,ES-PB_1,Tue,00:00,Out-of-Sample,2026-07-07 00:05:58,2026-07-07 00:17:03,LONG,2,7575.0,7570.75,-425.0,9.0,-434.0,True,15.57,True
282,ES,ES-TM_8,Tue,00:00,Out-of-Sample,2026-07-07 00:12:14,2026-07-07 00:26:48,SHORT,3,7573.0,7570.75,337.5,13.5,324.0,True,15.57,True
282,ES,ES-TM_5,Tue,00:00,Out-of-Sample,2026-07-07 00:12:14,2026-07-07 00:20:18,SHORT,3,7573.0,7571.0,300.0,13.5,286.5,True,15.57,True
282,ES,ES-TM_7,Tue,00:00,Out-of-Sample,2026-07-07 00:17:03,2026-07-07 01:09:19,SHORT,1,7570.5,7565.75,237.5,4.5,233.0,True,15.57,True
282,ES,ES-TM_7,Tue,00:00,Out-of-Sample,2026-07-07 00:17:03,2026-07-07 01:30:02,SHORT,2,7570.5,7566.75,375.0,9.0,366.0,True,15.57,True
282,ES,ES-IPS_TM_11,Tue,00:00,Out-of-Sample,2026-07-07 00:20:18,2026-07-07 00:22:40,LONG,3,7571.0,7569.5,-225.0,13.5,-238.5,True,15.57,True
282,ES,ES-IPS_TM_8,Tue,00:00,Out-of-Sample,2026-07-07 00:20:18,2026-07-07 00:22:40,LONG,3,7571.0,7569.5,-225.0,13.5,-238.5,True,15.57,True
282,ES,ES-TM_5,Tue,00:00,Out-of-Sample,2026-07-07 00:20:18,2026-07-07 00:22:40,LONG,3,7571.0,7569.5,-225.0,13.5,-238.5,True,15.57,True
282,ES,ES-TM_5,Tue,00:00,Out-of-Sample,2026-07-07 00:22:40,2026-07-07 00:26:47,SHORT,3,7569.25,7570.75,-225.0,13.5,-238.5,True,15.57,True
282,ES,ES-IPS_TM_8,Tue,00:00,Out-of-Sample,2026-07-07 00:26:45,2026-07-07 00:36:46,LONG,3,7570.75,7569.5,-187.5,13.5,-201.0,True,15.57,True
282,ES,ES-IPS_TM_5,Tue,00:00,Out-of-Sample,2026-07-07 00:26:47,2026-07-07 00:36:34,LONG,3,7570.75,7569.25,-225.0,13.5,-238.5,True,15.57,True
282,ES,ES-TM_5,Tue,00:00,Out-of-Sample,2026-07-07 00:26:47,2026-07-07 00:34:37,LONG,3,7570.75,7570.75,0.0,13.5,-13.5,True,15.57,True
282,ES,ES-TM_5,Tue,00:00,Out-of-Sample,2026-07-07 00:26:47,2026-07-07 00:34:37,LONG,3,7570.75,7570.75,0.0,13.5,-13.5,True,15.57,True
282,ES,ES-TM_8,Tue,00:00,Out-of-Sample,2026-07-07 00:26:48,2026-07-07 00:34:37,LONG,3,7570.75,7570.75,0.0,13.5,-13.5,True,15.57,True
282,ES,ES-TM_5,Tue,00:00,Out-of-Sample,2026-07-14 00:00:01,2026-07-14 00:06:23,LONG,3,7545.0,7543.75,-187.5,13.5,-201.0,True,17.16,True
282,ES,ES-TM_8,Tue,00:00,Out-of-Sample,2026-07-14 00:00:01,2026-07-14 00:06:23,LONG,3,7545.0,7543.75,-187.5,13.5,-201.0,True,17.16,True
282,ES,ES-IPS_TM_5,Tue,00:00,Out-of-Sample,2026-07-14 00:06:23,2026-07-14 00:12:48,SHORT,1,7543.75,7538.75,250.0,4.5,245.5,True,17.16,True
282,ES,ES-IPS_TM_5,Tue,00:00,Out-of-Sample,2026-07-14 00:06:23,2026-07-14 00:13:51,SHORT,2,7543.75,7540.5,325.0,9.0,316.0,True,17.16,True
282,ES,ES-IPS_TM_8,Tue,00:00,Out-of-Sample,2026-07-14 00:06:23,2026-07-14 00:12:48,SHORT,1,7543.75,7538.75,250.0,4.5,245.5,True,17.16,True
282,ES,ES-IPS_TM_8,Tue,00:00,Out-of-Sample,2026-07-14 00:06:23,2026-07-14 00:13:51,SHORT,2,7543.75,7540.5,325.0,9.0,316.0,True,17.16,True
282,ES,ES-TM_5,Tue,00:00,Out-of-Sample,2026-07-14 00:06:23,2026-07-14 00:12:48,SHORT,1,7543.75,7538.75,250.0,4.5,245.5,True,17.16,True
282,ES,ES-TM_5,Tue,00:00,Out-of-Sample,2026-07-14 00:06:23,2026-07-14 00:13:51,SHORT,2,7543.75,7540.5,325.0,9.0,316.0,True,17.16,True
282,ES,ES-TM_8,Tue,00:00,Out-of-Sample,2026-07-14 00:06:23,2026-07-14 00:12:48,SHORT,1,7543.75,7538.75,250.0,4.5,245.5,True,17.16,True
282,ES,ES-TM_8,Tue,00:00,Out-of-Sample,2026-07-14 00:06:23,2026-07-14 00:13:51,SHORT,2,7543.75,7540.5,325.0,9.0,316.0,True,17.16,True
282,ES,ES-IPS_TM_5,Tue,00:00,Out-of-Sample,2026-07-14 00:18:59,2026-07-14 00:26:49,LONG,1,7541.75,7546.75,250.0,4.5,245.5,True,17.16,True
282,ES,ES-IPS_TM_5,Tue,00:00,Out-of-Sample,2026-07-14 00:18:59,2026-07-14 00:30:11,LONG,2,7541.75,7548.0,625.0,9.0,616.0,True,17.16,True
282,ES,ES-TM_5,Tue,00:00,Out-of-Sample,2026-07-14 00:18:59,2026-07-14 00:26:49,LONG,1,7541.75,7546.75,250.0,4.5,245.5,True,17.16,True
282,ES,ES-TM_5,Tue,00:00,Out-of-Sample,2026-07-14 00:18:59,2026-07-14 00:30:11,LONG,2,7541.75,7548.0,625.0,9.0,616.0,True,17.16,True
282,ES,ES-TM_8,Tue,00:00,Out-of-Sample,2026-07-14 00:18:59,2026-07-14 00:26:49,LONG,1,7541.75,7546.75,250.0,4.5,245.5,True,17.16,True
282,ES,ES-TM_8,Tue,00:00,Out-of-Sample,2026-07-14 00:18:59,2026-07-14 00:30:11,LONG,2,7541.75,7548.0,625.0,9.0,616.0,True,17.16,True
282,ES,ES-IPS_TM_3,Tue,00:00,Out-of-Sample,2026-07-14 00:27:47,2026-07-14 00:36:21,LONG,1,7549.25,7553.5,212.5,4.5,208.0,True,17.16,True
282,ES,ES-IPS_TM_3,Tue,00:00,Out-of-Sample,2026-07-14 00:27:47,2026-07-14 02:28:19,LONG,1,7549.25,7566.0,837.5,4.5,833.0,True,17.16,True
282,ES,ES-IPS_TM_7,Tue,00:00,Out-of-Sample,2026-07-14 00:27:47,2026-07-14 00:36:21,LONG,1,7549.25,7553.5,212.5,4.5,208.0,True,17.16,True
282,ES,ES-IPS_TM_7,Tue,00:00,Out-of-Sample,2026-07-14 00:27:47,2026-07-14 02:40:28,LONG,1,7549.25,7565.25,800.0,4.5,795.5,True,17.16,True
282,ES,ES-TM_6,Tue,00:00,Out-of-Sample,2026-07-14 00:27:47,2026-07-14 00:36:21,LONG,1,7549.25,7553.5,212.5,4.5,208.0,True,17.16,True
282,ES,ES-TM_6,Tue,00:00,Out-of-Sample,2026-07-14 00:27:47,2026-07-14 00:46:02,LONG,1,7549.25,7557.75,425.0,4.5,420.5,True,17.16,True
282,ES,ES-TM_6,Tue,00:00,Out-of-Sample,2026-07-14 00:27:47,2026-07-14 01:38:29,LONG,1,7549.25,7568.75,975.0,4.5,970.5,True,17.16,True
282,ES,ES-TM_3,Tue,00:00,Out-of-Sample,2026-07-14 00:27:47,2026-07-14 00:36:21,LONG,1,7549.25,7553.5,212.5,4.5,208.0,True,17.16,True
282,ES,ES-TM_3,Tue,00:00,Out-of-Sample,2026-07-14 00:27:47,2026-07-14 01:38:29,LONG,1,7549.25,7568.75,975.0,4.5,970.5,True,17.16,True
282,ES,ES-IPS_TM_6,Tue,00:00,Out-of-Sample,2026-07-14 00:27:47,2026-07-14 00:36:21,LONG,1,7549.25,7553.5,212.5,4.5,208.0,True,17.16,True
282,ES,ES-IPS_TM_6,Tue,00:00,Out-of-Sample,2026-07-14 00:27:47,2026-07-14 00:46:02,LONG,1,7549.25,7557.75,425.0,4.5,420.5,True,17.16,True
282,ES,ES-IPS_TM_6,Tue,00:00,Out-of-Sample,2026-07-14 00:27:47,2026-07-14 01:38:29,LONG,1,7549.25,7568.75,975.0,4.5,970.5,True,17.16,True
282,ES,ES-TM_10,Tue,00:00,Out-of-Sample,2026-07-14 00:27:53,2026-07-14 00:36:21,LONG,1,7549.75,7553.5,187.5,4.5,183.0,True,17.16,True
282,ES,ES-TM_10,Tue,00:00,Out-of-Sample,2026-07-14 00:27:53,2026-07-14 00:45:39,LONG,1,7549.75,7557.25,375.0,4.5,370.5,True,17.16,True
282,ES,ES-TM_10,Tue,00:00,Out-of-Sample,2026-07-14 00:27:53,2026-07-14 01:38:29,LONG,1,7549.75,7568.5,937.5,4.5,933.0,True,17.16,True
282,ES,ES-TM_2,Tue,00:00,Out-of-Sample,2026-07-14 00:27:53,2026-07-14 00:36:21,LONG,1,7549.75,7553.5,187.5,4.5,183.0,True,17.16,True
282,ES,ES-TM_2,Tue,00:00,Out-of-Sample,2026-07-14 00:27:53,2026-07-14 00:45:39,LONG,1,7549.75,7557.25,375.0,4.5,370.5,True,17.16,True
282,ES,ES-TM_2,Tue,00:00,Out-of-Sample,2026-07-14 00:27:53,2026-07-14 01:38:29,LONG,1,7549.75,7568.5,937.5,4.5,933.0,True,17.16,True
