slot_id,symbol,day_name,bucket_label,period,entry_time,entry_time_et,side,entry_price,profit_loss,macro_blackout_pass,prior_day_vix,vix_pass_under_20
716,NQ,Mon,11:30,In-Sample,2024-01-22T16:32:25,2024-01-22 11:32:25,LONG,17498.0,200.0,True,13.3,True
716,NQ,Mon,11:30,In-Sample,2024-01-22T16:32:25,2024-01-22 11:32:25,LONG,17498.0,200.0,True,13.3,True
716,NQ,Mon,11:30,In-Sample,2024-01-22T16:33:11,2024-01-22 11:33:11,LONG,17495.75,40.0,True,13.3,True
716,NQ,Mon,11:30,In-Sample,2024-01-22T16:33:11,2024-01-22 11:33:11,LONG,17495.75,55.0,True,13.3,True
716,NQ,Mon,11:30,In-Sample,2024-01-22T16:33:11,2024-01-22 11:33:11,LONG,17495.75,55.0,True,13.3,True
716,NQ,Mon,11:30,In-Sample,2024-01-22T16:56:10,2024-01-22 11:56:10,LONG,17504.75,100.0,True,13.3,True
716,NQ,Mon,11:30,In-Sample,2024-01-22T16:56:10,2024-01-22 11:56:10,LONG,17504.75,35.0,True,13.3,True
716,NQ,Mon,11:30,In-Sample,2024-01-22T16:56:10,2024-01-22 11:56:10,LONG,17505.0,100.0,True,13.3,True
716,NQ,Mon,11:30,In-Sample,2024-01-22T16:56:10,2024-01-22 11:56:10,LONG,17505.0,15.0,True,13.3,True
716,NQ,Mon,11:30,In-Sample,2024-01-29T16:40:37,2024-01-29 11:40:37,SHORT,17557.0,-440.0,True,13.26,True
716,NQ,Mon,11:30,In-Sample,2024-01-29T16:40:37,2024-01-29 11:40:37,SHORT,17558.25,-390.0,True,13.26,True
716,NQ,Mon,11:30,In-Sample,2024-01-29T16:40:37,2024-01-29 11:40:37,SHORT,17558.25,-380.0,True,13.26,True
716,NQ,Mon,11:30,In-Sample,2024-01-29T16:41:44,2024-01-29 11:41:44,SHORT,17561.25,-60.0,True,13.26,True
716,NQ,Mon,11:30,In-Sample,2024-01-29T16:41:44,2024-01-29 11:41:44,SHORT,17561.25,-135.0,True,13.26,True
716,NQ,Mon,11:30,In-Sample,2024-01-29T16:41:44,2024-01-29 11:41:44,SHORT,17561.25,-135.0,True,13.26,True
716,NQ,Mon,11:30,In-Sample,2024-01-29T16:41:44,2024-01-29 11:41:44,SHORT,17561.25,-130.0,True,13.26,True
716,NQ,Mon,11:30,In-Sample,2024-01-29T16:42:40,2024-01-29 11:42:40,SHORT,17566.5,-35.0,True,13.26,True
716,NQ,Mon,11:30,In-Sample,2024-01-29T16:45:59,2024-01-29 11:45:59,SHORT,17571.0,5.0,True,13.26,True
716,NQ,Mon,11:30,In-Sample,2024-01-29T16:45:59,2024-01-29 11:45:59,SHORT,17571.0,5.0,True,13.26,True
716,NQ,Mon,11:30,In-Sample,2024-01-29T16:45:59,2024-01-29 11:45:59,SHORT,17571.0,5.0,True,13.26,True
716,NQ,Mon,11:30,In-Sample,2024-01-29T16:54:01,2024-01-29 11:54:01,SHORT,17577.25,5.0,True,13.26,True
716,NQ,Mon,11:30,In-Sample,2024-01-29T16:54:01,2024-01-29 11:54:01,SHORT,17577.25,5.0,True,13.26,True
716,NQ,Mon,11:30,In-Sample,2024-01-29T16:54:01,2024-01-29 11:54:01,SHORT,17577.25,5.0,True,13.26,True
716,NQ,Mon,11:30,In-Sample,2024-02-05T16:32:39,2024-02-05 11:32:39,LONG,17630.0,200.0,True,13.85,True
716,NQ,Mon,11:30,In-Sample,2024-02-05T16:33:20,2024-02-05 11:33:20,LONG,17627.5,60.0,True,13.85,True
716,NQ,Mon,11:30,In-Sample,2024-02-05T16:33:20,2024-02-05 11:33:20,LONG,17627.5,60.0,True,13.85,True
716,NQ,Mon,11:30,In-Sample,2024-02-05T16:33:20,2024-02-05 11:33:20,LONG,17627.5,60.0,True,13.85,True
716,NQ,Mon,11:30,In-Sample,2024-02-05T16:33:20,2024-02-05 11:33:20,LONG,17627.5,60.0,True,13.85,True
716,NQ,Mon,11:30,In-Sample,2024-02-05T16:33:20,2024-02-05 11:33:20,LONG,17627.5,195.0,True,13.85,True
716,NQ,Mon,11:30,In-Sample,2024-02-05T16:34:06,2024-02-05 11:34:06,SHORT,17636.0,-15.0,True,13.85,True
716,NQ,Mon,11:30,In-Sample,2024-02-05T16:34:06,2024-02-05 11:34:06,SHORT,17636.0,-10.0,True,13.85,True
716,NQ,Mon,11:30,In-Sample,2024-02-05T16:34:06,2024-02-05 11:34:06,SHORT,17636.0,-10.0,True,13.85,True
716,NQ,Mon,11:30,In-Sample,2024-02-05T16:34:06,2024-02-05 11:34:06,SHORT,17636.0,-10.0,True,13.85,True
716,NQ,Mon,11:30,In-Sample,2024-02-05T16:39:47.000001,2024-02-05 11:39:47,SHORT,17637.25,100.0,True,13.85,True
716,NQ,Mon,11:30,In-Sample,2024-02-05T16:39:47.000001,2024-02-05 11:39:47,SHORT,17637.25,220.0,True,13.85,True
716,NQ,Mon,11:30,In-Sample,2024-02-05T16:41:15,2024-02-05 11:41:15,LONG,17625.5,200.0,True,13.85,True
716,NQ,Mon,11:30,In-Sample,2024-02-05T16:41:15.000001,2024-02-05 11:41:15,LONG,17625.5,-340.0,True,13.85,True
716,NQ,Mon,11:30,In-Sample,2024-02-05T16:41:35,2024-02-05 11:41:35,LONG,17624.0,-140.0,True,13.85,True
716,NQ,Mon,11:30,In-Sample,2024-02-05T16:41:36,2024-02-05 11:41:36,LONG,17622.75,555.0,True,13.85,True
716,NQ,Mon,11:30,In-Sample,2024-02-05T16:48:10,2024-02-05 11:48:10,SHORT,17640.5,-40.0,True,13.85,True
716,NQ,Mon,11:30,In-Sample,2024-02-05T16:48:10,2024-02-05 11:48:10,SHORT,17640.5,-45.0,True,13.85,True
716,NQ,Mon,11:30,In-Sample,2024-02-05T16:48:10,2024-02-05 11:48:10,SHORT,17640.5,-45.0,True,13.85,True
716,NQ,Mon,11:30,In-Sample,2024-02-05T16:48:10,2024-02-05 11:48:10,SHORT,17640.5,-40.0,True,13.85,True
716,NQ,Mon,11:30,In-Sample,2024-02-05T16:50:05,2024-02-05 11:50:05,SHORT,17642.0,-290.0,True,13.85,True
716,NQ,Mon,11:30,In-Sample,2024-02-05T16:50:46,2024-02-05 11:50:46,SHORT,17644.25,10.0,True,13.85,True
716,NQ,Mon,11:30,In-Sample,2024-02-05T16:50:46,2024-02-05 11:50:46,SHORT,17644.25,15.0,True,13.85,True
716,NQ,Mon,11:30,In-Sample,2024-02-05T16:50:46,2024-02-05 11:50:46,SHORT,17644.25,15.0,True,13.85,True
716,NQ,Mon,11:30,In-Sample,2024-02-05T16:50:46,2024-02-05 11:50:46,SHORT,17644.25,10.0,True,13.85,True
716,NQ,Mon,11:30,In-Sample,2024-02-05T16:50:46,2024-02-05 11:50:46,SHORT,17644.25,-100.0,True,13.85,True
716,NQ,Mon,11:30,In-Sample,2024-02-05T16:55:14,2024-02-05 11:55:14,SHORT,17653.0,-15.0,True,13.85,True
716,NQ,Mon,11:30,In-Sample,2024-02-05T16:55:14,2024-02-05 11:55:14,SHORT,17653.0,-15.0,True,13.85,True
716,NQ,Mon,11:30,In-Sample,2024-02-05T16:55:14,2024-02-05 11:55:14,SHORT,17653.0,-15.0,True,13.85,True
716,NQ,Mon,11:30,In-Sample,2024-02-05T16:55:14,2024-02-05 11:55:14,SHORT,17653.0,-15.0,True,13.85,True
716,NQ,Mon,11:30,In-Sample,2024-02-12T16:35:17,2024-02-12 11:35:17,SHORT,18110.25,-260.0,True,12.93,True
716,NQ,Mon,11:30,In-Sample,2024-02-12T16:35:17,2024-02-12 11:35:17,SHORT,18110.25,-260.0,True,12.93,True
716,NQ,Mon,11:30,In-Sample,2024-02-12T16:35:27,2024-02-12 11:35:27,SHORT,18113.5,-65.0,True,12.93,True
716,NQ,Mon,11:30,In-Sample,2024-02-12T16:35:27,2024-02-12 11:35:27,SHORT,18113.5,-65.0,True,12.93,True
716,NQ,Mon,11:30,In-Sample,2024-02-12T16:41:30,2024-02-12 11:41:30,SHORT,18104.75,-300.0,True,12.93,True
716,NQ,Mon,11:30,In-Sample,2024-02-12T16:41:30,2024-02-12 11:41:30,SHORT,18104.75,-300.0,True,12.93,True
716,NQ,Mon,11:30,In-Sample,2024-02-12T16:42:14,2024-02-12 11:42:14,SHORT,18107.5,-95.0,True,12.93,True
716,NQ,Mon,11:30,In-Sample,2024-02-12T16:42:14,2024-02-12 11:42:14,SHORT,18107.5,-95.0,True,12.93,True
716,NQ,Mon,11:30,In-Sample,2024-02-12T16:50:03,2024-02-12 11:50:03,LONG,18088.25,100.0,True,12.93,True
716,NQ,Mon,11:30,In-Sample,2024-02-12T16:50:03,2024-02-12 11:50:03,LONG,18088.25,155.0,True,12.93,True
716,NQ,Mon,11:30,In-Sample,2024-02-12T16:50:03,2024-02-12 11:50:03,LONG,18088.25,100.0,True,12.93,True
716,NQ,Mon,11:30,In-Sample,2024-02-12T16:50:03,2024-02-12 11:50:03,LONG,18088.25,280.0,True,12.93,True
716,NQ,Mon,11:30,In-Sample,2024-02-12T16:50:03,2024-02-12 11:50:03,LONG,18088.25,100.0,True,12.93,True
716,NQ,Mon,11:30,In-Sample,2024-02-12T16:50:03,2024-02-12 11:50:03,LONG,18088.25,280.0,True,12.93,True
716,NQ,Mon,11:30,In-Sample,2024-02-12T16:50:03,2024-02-12 11:50:03,LONG,18088.25,100.0,True,12.93,True
716,NQ,Mon,11:30,In-Sample,2024-02-12T16:50:03,2024-02-12 11:50:03,LONG,18088.25,95.0,True,12.93,True
716,NQ,Mon,11:30,In-Sample,2024-02-12T16:52:44,2024-02-12 11:52:44,LONG,18098.0,-10.0,True,12.93,True
716,NQ,Mon,11:30,In-Sample,2024-02-12T16:52:44,2024-02-12 11:52:44,LONG,18098.0,-10.0,True,12.93,True
716,NQ,Mon,11:30,In-Sample,2024-02-12T16:52:45,2024-02-12 11:52:45,LONG,18098.0,-10.0,True,12.93,True
716,NQ,Mon,11:30,In-Sample,2024-02-12T16:52:45,2024-02-12 11:52:45,LONG,18098.0,-10.0,True,12.93,True
716,NQ,Mon,11:30,In-Sample,2024-02-12T16:52:45.000001,2024-02-12 11:52:45,LONG,18098.0,-5.0,True,12.93,True
716,NQ,Mon,11:30,In-Sample,2024-02-12T16:52:45.000001,2024-02-12 11:52:45,LONG,18098.0,-5.0,True,12.93,True
716,NQ,Mon,11:30,In-Sample,2024-02-12T16:53:33,2024-02-12 11:53:33,LONG,18101.5,200.0,True,12.93,True
716,NQ,Mon,11:30,In-Sample,2024-02-12T16:53:33,2024-02-12 11:53:33,LONG,18101.5,200.0,True,12.93,True
716,NQ,Mon,11:30,In-Sample,2024-02-12T16:53:33,2024-02-12 11:53:33,LONG,18101.5,200.0,True,12.93,True
716,NQ,Mon,11:30,In-Sample,2024-02-12T16:53:50,2024-02-12 11:53:50,LONG,18099.5,55.0,True,12.93,True
716,NQ,Mon,11:30,In-Sample,2024-02-12T16:53:50,2024-02-12 11:53:50,LONG,18099.5,55.0,True,12.93,True
716,NQ,Mon,11:30,In-Sample,2024-02-12T16:53:50,2024-02-12 11:53:50,LONG,18099.5,0.0,True,12.93,True
716,NQ,Mon,11:30,In-Sample,2024-02-19T16:30:32,2024-02-19 11:30:32,SHORT,17784.25,-55.0,True,,True
716,NQ,Mon,11:30,In-Sample,2024-02-19T16:30:32,2024-02-19 11:30:32,SHORT,17784.25,-105.0,True,,True
716,NQ,Mon,11:30,In-Sample,2024-02-26T16:30:36,2024-02-26 11:30:36,SHORT,18015.5,-125.0,True,13.75,True
716,NQ,Mon,11:30,In-Sample,2024-02-26T16:32:06,2024-02-26 11:32:06,SHORT,18026.75,100.0,True,13.75,True
716,NQ,Mon,11:30,In-Sample,2024-02-26T16:32:06,2024-02-26 11:32:06,SHORT,18026.75,5.0,True,13.75,True
716,NQ,Mon,11:30,In-Sample,2024-02-26T16:32:10,2024-02-26 11:32:10,SHORT,18029.5,0.0,True,13.75,True
716,NQ,Mon,11:30,In-Sample,2024-02-26T16:36:37,2024-02-26 11:36:37,LONG,18026.75,-20.0,True,13.75,True
716,NQ,Mon,11:30,In-Sample,2024-02-26T16:36:37,2024-02-26 11:36:37,LONG,18026.75,-10.0,True,13.75,True
716,NQ,Mon,11:30,In-Sample,2024-02-26T16:36:37.000001,2024-02-26 11:36:37,LONG,18026.5,-10.0,True,13.75,True
716,NQ,Mon,11:30,In-Sample,2024-02-26T16:36:37.000001,2024-02-26 11:36:37,LONG,18026.5,-10.0,True,13.75,True
716,NQ,Mon,11:30,In-Sample,2024-02-26T16:36:37.000002,2024-02-26 11:36:37,LONG,18026.5,-5.0,True,13.75,True
716,NQ,Mon,11:30,In-Sample,2024-02-26T16:36:37.000002,2024-02-26 11:36:37,LONG,18026.5,-5.0,True,13.75,True
716,NQ,Mon,11:30,In-Sample,2024-02-26T16:36:37.000003,2024-02-26 11:36:37,SHORT,18026.25,-305.0,True,13.75,True
716,NQ,Mon,11:30,In-Sample,2024-02-26T16:36:51,2024-02-26 11:36:51,LONG,18029.5,-25.0,True,13.75,True
716,NQ,Mon,11:30,In-Sample,2024-02-26T16:36:51.000001,2024-02-26 11:36:51,LONG,18029.25,-40.0,True,13.75,True
716,NQ,Mon,11:30,In-Sample,2024-02-26T16:36:51.000002,2024-02-26 11:36:51,LONG,18029.25,-20.0,True,13.75,True
716,NQ,Mon,11:30,In-Sample,2024-02-26T16:36:52,2024-02-26 11:36:52,SHORT,18028.25,-100.0,True,13.75,True
716,NQ,Mon,11:30,In-Sample,2024-02-26T16:41:17,2024-02-26 11:41:17,LONG,18041.5,-190.0,True,13.75,True
716,NQ,Mon,11:30,In-Sample,2024-02-26T16:41:17,2024-02-26 11:41:17,LONG,18041.5,-95.0,True,13.75,True
716,NQ,Mon,11:30,In-Sample,2024-02-26T16:41:39,2024-02-26 11:41:39,LONG,18038.75,-40.0,True,13.75,True
716,NQ,Mon,11:30,In-Sample,2024-02-26T16:41:39,2024-02-26 11:41:39,LONG,18038.75,-40.0,True,13.75,True
716,NQ,Mon,11:30,In-Sample,2024-02-26T16:42:25,2024-02-26 11:42:25,SHORT,18036.75,-120.0,True,13.75,True
716,NQ,Mon,11:30,In-Sample,2024-02-26T16:42:25.000001,2024-02-26 11:42:25,SHORT,18036.75,-350.0,True,13.75,True
716,NQ,Mon,11:30,In-Sample,2024-02-26T16:42:25.000001,2024-02-26 11:42:25,SHORT,18036.75,-240.0,True,13.75,True
716,NQ,Mon,11:30,In-Sample,2024-02-26T16:42:51,2024-02-26 11:42:51,SHORT,18038.75,-135.0,True,13.75,True
716,NQ,Mon,11:30,In-Sample,2024-02-26T16:42:51,2024-02-26 11:42:51,SHORT,18038.75,-175.0,True,13.75,True
716,NQ,Mon,11:30,In-Sample,2024-02-26T16:51:30,2024-02-26 11:51:30,LONG,18047.5,260.0,True,13.75,True
716,NQ,Mon,11:30,In-Sample,2024-02-26T16:51:30,2024-02-26 11:51:30,LONG,18047.5,130.0,True,13.75,True
716,NQ,Mon,11:30,In-Sample,2024-02-26T16:51:30.000001,2024-02-26 11:51:30,LONG,18047.5,200.0,True,13.75,True
716,NQ,Mon,11:30,In-Sample,2024-02-26T16:51:30.000001,2024-02-26 11:51:30,LONG,18047.5,130.0,True,13.75,True
716,NQ,Mon,11:30,In-Sample,2024-02-26T16:51:53,2024-02-26 11:51:53,SHORT,18051.5,10.0,True,13.75,True
716,NQ,Mon,11:30,In-Sample,2024-02-26T16:54:32,2024-02-26 11:54:32,SHORT,18054.75,100.0,True,13.75,True
716,NQ,Mon,11:30,In-Sample,2024-02-26T16:54:32,2024-02-26 11:54:32,SHORT,18054.75,5.0,True,13.75,True
716,NQ,Mon,11:30,In-Sample,2024-02-26T16:57:25,2024-02-26 11:57:25,SHORT,18047.0,200.0,True,13.75,True
716,NQ,Mon,11:30,In-Sample,2024-02-26T16:57:34,2024-02-26 11:57:34,SHORT,18050.75,275.0,True,13.75,True
716,NQ,Mon,11:30,In-Sample,2024-03-04T16:33:00.186300,2024-03-04 11:33:00,LONG,18292.0,-150.0,True,13.11,True
716,NQ,Mon,11:30,In-Sample,2024-03-04T16:33:16.594255,2024-03-04 11:33:16,LONG,18289.5,100.0,True,13.11,True
716,NQ,Mon,11:30,In-Sample,2024-03-04T16:33:16.594255,2024-03-04 11:33:16,LONG,18289.5,150.0,True,13.11,True
716,NQ,Mon,11:30,In-Sample,2024-03-04T16:33:38.591691,2024-03-04 11:33:38,LONG,18294.0,-405.0,True,13.11,True
716,NQ,Mon,11:30,In-Sample,2024-03-04T16:34:18.090095,2024-03-04 11:34:18,LONG,18287.0,-180.0,True,13.11,True
716,NQ,Mon,11:30,In-Sample,2024-03-04T16:34:30.591935,2024-03-04 11:34:30,LONG,18285.5,-120.0,True,13.11,True
716,NQ,Mon,11:30,In-Sample,2024-03-04T16:34:40.175598,2024-03-04 11:34:40,LONG,18285.0,-120.0,True,13.11,True
716,NQ,Mon,11:30,In-Sample,2024-03-04T16:35:10.589726,2024-03-04 11:35:10,LONG,18289.25,-375.0,True,13.11,True
716,NQ,Mon,11:30,In-Sample,2024-03-04T16:35:50.593375,2024-03-04 11:35:50,LONG,18283.25,100.0,True,13.11,True
716,NQ,Mon,11:30,In-Sample,2024-03-04T16:35:50.593375,2024-03-04 11:35:50,LONG,18283.25,280.0,True,13.11,True
716,NQ,Mon,11:30,In-Sample,2024-03-04T16:36:19.076529,2024-03-04 11:36:19,LONG,18288.5,155.0,True,13.11,True
716,NQ,Mon,11:30,In-Sample,2024-03-04T16:36:19.076529,2024-03-04 11:36:19,LONG,18288.5,305.0,True,13.11,True
716,NQ,Mon,11:30,In-Sample,2024-03-04T16:36:19.076529,2024-03-04 11:36:19,LONG,18288.5,275.0,True,13.11,True
716,NQ,Mon,11:30,In-Sample,2024-03-04T16:39:30,2024-03-04 11:39:30,LONG,18304.75,30.0,True,13.11,True
716,NQ,Mon,11:30,In-Sample,2024-03-04T16:39:30,2024-03-04 11:39:30,LONG,18305.0,20.0,True,13.11,True
716,NQ,Mon,11:30,In-Sample,2024-03-04T16:40:05,2024-03-04 11:40:05,SHORT,18303.75,100.0,True,13.11,True
716,NQ,Mon,11:30,In-Sample,2024-03-04T16:40:05,2024-03-04 11:40:05,SHORT,18303.75,10.0,True,13.11,True
716,NQ,Mon,11:30,In-Sample,2024-03-04T16:48:38.654108,2024-03-04 11:48:38,LONG,18307.75,-165.0,True,13.11,True
716,NQ,Mon,11:30,In-Sample,2024-03-04T16:48:38.737152,2024-03-04 11:48:38,LONG,18307.75,-110.0,True,13.11,True
716,NQ,Mon,11:30,In-Sample,2024-03-04T16:48:38.737239,2024-03-04 11:48:38,LONG,18307.75,-110.0,True,13.11,True
716,NQ,Mon,11:30,In-Sample,2024-03-04T16:53:56.717798,2024-03-04 11:53:56,LONG,18314.5,-735.0,True,13.11,True
716,NQ,Mon,11:30,In-Sample,2024-03-04T16:53:56.930477,2024-03-04 11:53:56,LONG,18314.5,-470.0,True,13.11,True
716,NQ,Mon,11:30,In-Sample,2024-03-04T16:53:56.930572,2024-03-04 11:53:56,LONG,18314.5,-470.0,True,13.11,True
716,NQ,Mon,11:30,In-Sample,2024-03-04T16:53:58,2024-03-04 11:53:58,LONG,18314.5,200.0,True,13.11,True
716,NQ,Mon,11:30,In-Sample,2024-03-04T16:54:05,2024-03-04 11:54:05,LONG,18312.5,50.0,True,13.11,True
716,NQ,Mon,11:30,In-Sample,2024-03-04T16:59:50,2024-03-04 11:59:50,SHORT,18315.75,100.0,True,13.11,True
716,NQ,Mon,11:30,In-Sample,2024-03-04T16:59:50,2024-03-04 11:59:50,SHORT,18315.75,200.0,True,13.11,True
716,NQ,Mon,11:30,In-Sample,2024-03-04T16:59:50,2024-03-04 11:59:50,SHORT,18315.75,100.0,True,13.11,True
716,NQ,Mon,11:30,In-Sample,2024-03-04T16:59:50,2024-03-04 11:59:50,SHORT,18315.75,200.0,True,13.11,True
716,NQ,Mon,11:30,In-Sample,2024-03-11T15:30:31.847496,2024-03-11 11:30:31,LONG,17926.25,-80.0,True,14.74,True
716,NQ,Mon,11:30,In-Sample,2024-03-11T15:30:32.264967,2024-03-11 11:30:32,LONG,17926.5,100.0,True,14.74,True
716,NQ,Mon,11:30,In-Sample,2024-03-11T15:30:32.264967,2024-03-11 11:30:32,LONG,17926.5,100.0,True,14.74,True
716,NQ,Mon,11:30,In-Sample,2024-03-11T15:30:34.038427,2024-03-11 11:30:34,LONG,17925.25,-120.0,True,14.74,True
716,NQ,Mon,11:30,In-Sample,2024-03-11T15:30:34.038427,2024-03-11 11:30:34,LONG,17925.25,-60.0,True,14.74,True
716,NQ,Mon,11:30,In-Sample,2024-03-11T15:30:44.235992,2024-03-11 11:30:44,SHORT,17922.25,-220.0,True,14.74,True
716,NQ,Mon,11:30,In-Sample,2024-03-11T15:31:10.613439,2024-03-11 11:31:10,LONG,17927.75,25.0,True,14.74,True
716,NQ,Mon,11:30,In-Sample,2024-03-11T15:31:41.556490,2024-03-11 11:31:41,LONG,17931.25,-90.0,True,14.74,True
716,NQ,Mon,11:30,In-Sample,2024-03-11T15:31:41.556490,2024-03-11 11:31:41,LONG,17931.25,-45.0,True,14.74,True
716,NQ,Mon,11:30,In-Sample,2024-03-11T15:31:43.186820,2024-03-11 11:31:43,LONG,17933.5,-765.0,True,14.74,True
716,NQ,Mon,11:30,In-Sample,2024-03-11T15:31:43.186898,2024-03-11 11:31:43,LONG,17933.5,-765.0,True,14.74,True
716,NQ,Mon,11:30,In-Sample,2024-03-11T15:31:43.433501,2024-03-11 11:31:43,LONG,17934.25,-540.0,True,14.74,True
716,NQ,Mon,11:30,In-Sample,2024-03-11T15:31:43.433501,2024-03-11 11:31:43,LONG,17934.25,450.0,True,14.74,True
716,NQ,Mon,11:30,In-Sample,2024-03-11T15:31:52.720906,2024-03-11 11:31:52,SHORT,17929.0,100.0,True,14.74,True
716,NQ,Mon,11:30,In-Sample,2024-03-11T15:31:52.720906,2024-03-11 11:31:52,SHORT,17929.0,95.0,True,14.74,True
716,NQ,Mon,11:30,In-Sample,2024-03-11T15:31:52.721072,2024-03-11 11:31:52,SHORT,17929.0,100.0,True,14.74,True
716,NQ,Mon,11:30,In-Sample,2024-03-11T15:31:52.721072,2024-03-11 11:31:52,SHORT,17929.0,190.0,True,14.74,True
716,NQ,Mon,11:30,In-Sample,2024-03-11T15:32:11.467925,2024-03-11 11:32:11,SHORT,17921.5,-705.0,True,14.74,True
716,NQ,Mon,11:30,In-Sample,2024-03-11T15:32:33.197779,2024-03-11 11:32:33,LONG,17924.25,130.0,True,14.74,True
716,NQ,Mon,11:30,In-Sample,2024-03-11T15:32:33.322356,2024-03-11 11:32:33,LONG,17923.75,100.0,True,14.74,True
716,NQ,Mon,11:30,In-Sample,2024-03-11T15:32:33.322356,2024-03-11 11:32:33,LONG,17923.75,300.0,True,14.74,True
716,NQ,Mon,11:30,In-Sample,2024-03-11T15:32:33.322356,2024-03-11 11:32:33,LONG,17923.75,225.0,True,14.74,True
716,NQ,Mon,11:30,In-Sample,2024-03-11T15:32:36.611544,2024-03-11 11:32:36,LONG,17925.75,300.0,True,14.74,True
716,NQ,Mon,11:30,In-Sample,2024-03-11T15:32:36.611544,2024-03-11 11:32:36,LONG,17925.75,190.0,True,14.74,True
716,NQ,Mon,11:30,In-Sample,2024-03-11T15:32:36.611544,2024-03-11 11:32:36,LONG,17925.75,190.0,True,14.74,True
716,NQ,Mon,11:30,In-Sample,2024-03-11T15:33:07.359422,2024-03-11 11:33:07,LONG,17939.75,680.0,True,14.74,True
716,NQ,Mon,11:30,In-Sample,2024-03-11T15:33:07.359422,2024-03-11 11:33:07,LONG,17939.75,590.0,True,14.74,True
716,NQ,Mon,11:30,In-Sample,2024-03-11T15:33:07.359422,2024-03-11 11:33:07,LONG,17939.75,725.0,True,14.74,True
716,NQ,Mon,11:30,In-Sample,2024-03-11T15:33:07.753262,2024-03-11 11:33:07,LONG,17939.5,340.0,True,14.74,True
716,NQ,Mon,11:30,In-Sample,2024-03-11T15:33:07.753262,2024-03-11 11:33:07,LONG,17939.5,410.0,True,14.74,True
716,NQ,Mon,11:30,In-Sample,2024-03-11T15:33:07.829465,2024-03-11 11:33:07,LONG,17939.5,340.0,True,14.74,True
716,NQ,Mon,11:30,In-Sample,2024-03-11T15:33:07.829465,2024-03-11 11:33:07,LONG,17939.5,410.0,True,14.74,True
716,NQ,Mon,11:30,In-Sample,2024-03-11T15:33:21.795172,2024-03-11 11:33:21,SHORT,17935.25,-140.0,True,14.74,True
716,NQ,Mon,11:30,In-Sample,2024-03-11T15:33:21.795392,2024-03-11 11:33:21,SHORT,17935.75,100.0,True,14.74,True
716,NQ,Mon,11:30,In-Sample,2024-03-11T15:33:21.795392,2024-03-11 11:33:21,SHORT,17935.75,290.0,True,14.74,True
716,NQ,Mon,11:30,In-Sample,2024-03-11T15:33:34.209568,2024-03-11 11:33:34,LONG,17938.75,-110.0,True,14.74,True
716,NQ,Mon,11:30,In-Sample,2024-03-11T15:33:34.209742,2024-03-11 11:33:34,LONG,17938.75,-220.0,True,14.74,True
716,NQ,Mon,11:30,In-Sample,2024-03-11T15:33:34.209742,2024-03-11 11:33:34,LONG,17938.75,-135.0,True,14.74,True
716,NQ,Mon,11:30,In-Sample,2024-03-11T15:33:46.137526,2024-03-11 11:33:46,SHORT,17932.0,100.0,True,14.74,True
716,NQ,Mon,11:30,In-Sample,2024-03-11T15:33:46.137526,2024-03-11 11:33:46,SHORT,17932.0,70.0,True,14.74,True
716,NQ,Mon,11:30,In-Sample,2024-03-11T15:34:27.500603,2024-03-11 11:34:27,LONG,17928.5,-10.0,True,14.74,True
716,NQ,Mon,11:30,In-Sample,2024-03-11T15:34:28.218750,2024-03-11 11:34:28,SHORT,17928.0,0.0,True,14.74,True
716,NQ,Mon,11:30,In-Sample,2024-03-11T15:34:28.629234,2024-03-11 11:34:28,LONG,17928.0,160.0,True,14.74,True
716,NQ,Mon,11:30,In-Sample,2024-03-11T15:34:32.218605,2024-03-11 11:34:32,LONG,17930.75,100.0,True,14.74,True
716,NQ,Mon,11:30,In-Sample,2024-03-11T15:34:32.218605,2024-03-11 11:34:32,LONG,17930.75,300.0,True,14.74,True
716,NQ,Mon,11:30,In-Sample,2024-03-11T15:34:32.218605,2024-03-11 11:34:32,LONG,17930.75,240.0,True,14.74,True
716,NQ,Mon,11:30,In-Sample,2024-03-11T15:34:32.624077,2024-03-11 11:34:32,LONG,17931.0,300.0,True,14.74,True
716,NQ,Mon,11:30,In-Sample,2024-03-11T15:34:32.624077,2024-03-11 11:34:32,LONG,17931.0,235.0,True,14.74,True
716,NQ,Mon,11:30,In-Sample,2024-03-11T15:34:32.624077,2024-03-11 11:34:32,LONG,17931.0,250.0,True,14.74,True
716,NQ,Mon,11:30,In-Sample,2024-03-11T15:35:30.703486,2024-03-11 11:35:30,SHORT,17943.5,-60.0,True,14.74,True
716,NQ,Mon,11:30,In-Sample,2024-03-11T15:35:30.890576,2024-03-11 11:35:30,SHORT,17943.5,-105.0,True,14.74,True
716,NQ,Mon,11:30,In-Sample,2024-03-11T15:35:40.126619,2024-03-11 11:35:40,LONG,17945.0,-50.0,True,14.74,True
716,NQ,Mon,11:30,In-Sample,2024-03-11T15:35:53.635320,2024-03-11 11:35:53,LONG,17945.75,-130.0,True,14.74,True
716,NQ,Mon,11:30,In-Sample,2024-03-11T15:35:53.635320,2024-03-11 11:35:53,LONG,17945.75,190.0,True,14.74,True
716,NQ,Mon,11:30,In-Sample,2024-03-11T15:37:01.651027,2024-03-11 11:37:01,LONG,17950.25,130.0,True,14.74,True
716,NQ,Mon,11:30,In-Sample,2024-03-11T15:37:01.651027,2024-03-11 11:37:01,LONG,17950.25,-15.0,True,14.74,True
716,NQ,Mon,11:30,In-Sample,2024-03-11T15:37:46.232062,2024-03-11 11:37:46,SHORT,17949.25,100.0,True,14.74,True
716,NQ,Mon,11:30,In-Sample,2024-03-11T15:37:46.232062,2024-03-11 11:37:46,SHORT,17949.25,240.0,True,14.74,True
716,NQ,Mon,11:30,In-Sample,2024-03-11T15:37:46.655337,2024-03-11 11:37:46,SHORT,17949.5,-230.0,True,14.74,True
716,NQ,Mon,11:30,In-Sample,2024-03-11T15:38:03.739102,2024-03-11 11:38:03,LONG,17955.25,-125.0,True,14.74,True
716,NQ,Mon,11:30,In-Sample,2024-03-11T15:38:03.739235,2024-03-11 11:38:03,LONG,17955.25,-250.0,True,14.74,True
716,NQ,Mon,11:30,In-Sample,2024-03-11T15:38:03.739235,2024-03-11 11:38:03,LONG,17955.25,-125.0,True,14.74,True
716,NQ,Mon,11:30,In-Sample,2024-03-11T15:39:08.872802,2024-03-11 11:39:08,SHORT,17949.0,100.0,True,14.74,True
716,NQ,Mon,11:30,In-Sample,2024-03-11T15:39:08.872802,2024-03-11 11:39:08,SHORT,17949.0,115.0,True,14.74,True
716,NQ,Mon,11:30,In-Sample,2024-03-11T15:39:41.878677,2024-03-11 11:39:41,LONG,17943.25,-80.0,True,14.74,True
716,NQ,Mon,11:30,In-Sample,2024-03-11T15:39:50.966633,2024-03-11 11:39:50,SHORT,17939.25,-1035.0,True,14.74,True
716,NQ,Mon,11:30,In-Sample,2024-03-11T15:39:51.225164,2024-03-11 11:39:51,SHORT,17939.25,100.0,True,14.74,True
716,NQ,Mon,11:30,In-Sample,2024-03-11T15:39:51.225164,2024-03-11 11:39:51,SHORT,17939.25,85.0,True,14.74,True
716,NQ,Mon,11:30,In-Sample,2024-03-11T15:40:10.328772,2024-03-11 11:40:10,LONG,17935.0,0.0,True,14.74,True
716,NQ,Mon,11:30,In-Sample,2024-03-11T15:40:10.866420,2024-03-11 11:40:10,SHORT,17935.0,100.0,True,14.74,True
716,NQ,Mon,11:30,In-Sample,2024-03-11T15:40:10.866420,2024-03-11 11:40:10,SHORT,17935.0,30.0,True,14.74,True
716,NQ,Mon,11:30,In-Sample,2024-03-11T15:41:05.321244,2024-03-11 11:41:05,LONG,17933.5,160.0,True,14.74,True
716,NQ,Mon,11:30,In-Sample,2024-03-11T15:41:05.766095,2024-03-11 11:41:05,LONG,17933.75,100.0,True,14.74,True
716,NQ,Mon,11:30,In-Sample,2024-03-11T15:41:05.766095,2024-03-11 11:41:05,LONG,17933.75,300.0,True,14.74,True
716,NQ,Mon,11:30,In-Sample,2024-03-11T15:41:05.766095,2024-03-11 11:41:05,LONG,17933.75,250.0,True,14.74,True
716,NQ,Mon,11:30,In-Sample,2024-03-11T15:41:08.276243,2024-03-11 11:41:08,LONG,17936.5,300.0,True,14.74,True
716,NQ,Mon,11:30,In-Sample,2024-03-11T15:41:08.276243,2024-03-11 11:41:08,LONG,17936.5,195.0,True,14.74,True
716,NQ,Mon,11:30,In-Sample,2024-03-11T15:41:08.276243,2024-03-11 11:41:08,LONG,17936.5,190.0,True,14.74,True
716,NQ,Mon,11:30,In-Sample,2024-03-11T15:43:03.856793,2024-03-11 11:43:03,SHORT,17946.0,135.0,True,14.74,True
716,NQ,Mon,11:30,In-Sample,2024-03-11T15:43:03.857094,2024-03-11 11:43:03,SHORT,17946.0,90.0,True,14.74,True
716,NQ,Mon,11:30,In-Sample,2024-03-11T15:43:12.828661,2024-03-11 11:43:12,LONG,17943.75,-35.0,True,14.74,True
716,NQ,Mon,11:30,In-Sample,2024-03-11T15:43:14.770183,2024-03-11 11:43:14,SHORT,17942.0,-190.0,True,14.74,True
716,NQ,Mon,11:30,In-Sample,2024-03-11T15:43:49.413185,2024-03-11 11:43:49,LONG,17946.75,100.0,True,14.74,True
716,NQ,Mon,11:30,In-Sample,2024-03-11T15:43:49.525009,2024-03-11 11:43:49,LONG,17946.75,300.0,True,14.74,True
716,NQ,Mon,11:30,In-Sample,2024-03-11T15:43:49.525009,2024-03-11 11:43:49,LONG,17946.75,160.0,True,14.74,True
716,NQ,Mon,11:30,In-Sample,2024-03-11T15:43:49.525009,2024-03-11 11:43:49,LONG,17946.75,160.0,True,14.74,True
716,NQ,Mon,11:30,In-Sample,2024-03-11T15:44:59.331136,2024-03-11 11:44:59,LONG,17957.25,-135.0,True,14.74,True
716,NQ,Mon,11:30,In-Sample,2024-03-11T15:45:16.057804,2024-03-11 11:45:16,SHORT,17954.75,-450.0,True,14.74,True
716,NQ,Mon,11:30,In-Sample,2024-03-11T15:45:16.057982,2024-03-11 11:45:16,SHORT,17954.75,-450.0,True,14.74,True
716,NQ,Mon,11:30,In-Sample,2024-03-11T15:45:16.058565,2024-03-11 11:45:16,SHORT,17954.75,-210.0,True,14.74,True
716,NQ,Mon,11:30,In-Sample,2024-03-11T15:45:39.077389,2024-03-11 11:45:39,LONG,17958.25,100.0,True,14.74,True
716,NQ,Mon,11:30,In-Sample,2024-03-11T15:45:39.077539,2024-03-11 11:45:39,LONG,17958.25,300.0,True,14.74,True
716,NQ,Mon,11:30,In-Sample,2024-03-11T15:45:39.077539,2024-03-11 11:45:39,LONG,17958.25,240.0,True,14.74,True
716,NQ,Mon,11:30,In-Sample,2024-03-11T15:45:39.077539,2024-03-11 11:45:39,LONG,17958.25,230.0,True,14.74,True
716,NQ,Mon,11:30,In-Sample,2024-03-11T15:46:52,2024-03-11 11:46:52,SHORT,17973.0,100.0,True,14.74,True
716,NQ,Mon,11:30,In-Sample,2024-03-11T15:46:52,2024-03-11 11:46:52,SHORT,17973.0,5.0,True,14.74,True
716,NQ,Mon,11:30,In-Sample,2024-03-11T15:47:01.939130,2024-03-11 11:47:01,SHORT,17969.75,-130.0,True,14.74,True
716,NQ,Mon,11:30,In-Sample,2024-03-11T15:47:30.444578,2024-03-11 11:47:30,LONG,17973.0,100.0,True,14.74,True
716,NQ,Mon,11:30,In-Sample,2024-03-11T15:47:30.571378,2024-03-11 11:47:30,LONG,17973.0,130.0,True,14.74,True
716,NQ,Mon,11:30,In-Sample,2024-03-11T15:47:30.571378,2024-03-11 11:47:30,LONG,17973.0,25.0,True,14.74,True
716,NQ,Mon,11:30,In-Sample,2024-03-11T15:47:54.618475,2024-03-11 11:47:54,LONG,17976.0,355.0,True,14.74,True
716,NQ,Mon,11:30,In-Sample,2024-03-11T15:47:54.618475,2024-03-11 11:47:54,LONG,17976.0,40.0,True,14.74,True
716,NQ,Mon,11:30,In-Sample,2024-03-11T15:48:01.871564,2024-03-11 11:48:01,LONG,17978.75,-465.0,True,14.74,True
716,NQ,Mon,11:30,In-Sample,2024-03-11T15:48:11.424050,2024-03-11 11:48:11,SHORT,17975.5,100.0,True,14.74,True
716,NQ,Mon,11:30,In-Sample,2024-03-11T15:48:11.424050,2024-03-11 11:48:11,SHORT,17975.5,-30.0,True,14.74,True
716,NQ,Mon,11:30,In-Sample,2024-03-11T15:48:16.369262,2024-03-11 11:48:16,SHORT,17974.25,100.0,True,14.74,True
716,NQ,Mon,11:30,In-Sample,2024-03-11T15:48:16.369262,2024-03-11 11:48:16,SHORT,17974.25,-40.0,True,14.74,True
716,NQ,Mon,11:30,In-Sample,2024-03-11T15:49:59.121972,2024-03-11 11:49:59,LONG,17976.25,165.0,True,14.74,True
716,NQ,Mon,11:30,In-Sample,2024-03-11T15:50:15.402434,2024-03-11 11:50:15,LONG,17979.5,250.0,True,14.74,True
716,NQ,Mon,11:30,In-Sample,2024-03-11T15:50:15.402434,2024-03-11 11:50:15,LONG,17979.5,95.0,True,14.74,True
716,NQ,Mon,11:30,In-Sample,2024-03-11T15:50:48.399246,2024-03-11 11:50:48,SHORT,17984.25,-225.0,True,14.74,True
716,NQ,Mon,11:30,In-Sample,2024-03-11T15:50:48.486330,2024-03-11 11:50:48,SHORT,17984.25,-225.0,True,14.74,True
716,NQ,Mon,11:30,In-Sample,2024-03-11T15:50:48.609425,2024-03-11 11:50:48,SHORT,17984.25,-150.0,True,14.74,True
716,NQ,Mon,11:30,In-Sample,2024-03-11T15:51:01.618203,2024-03-11 11:51:01,LONG,17988.0,110.0,True,14.74,True
716,NQ,Mon,11:30,In-Sample,2024-03-11T15:51:03.936562,2024-03-11 11:51:03,LONG,17988.0,180.0,True,14.74,True
716,NQ,Mon,11:30,In-Sample,2024-03-11T15:51:04.411267,2024-03-11 11:51:04,LONG,17988.5,240.0,True,14.74,True
716,NQ,Mon,11:30,In-Sample,2024-03-11T15:51:23.927198,2024-03-11 11:51:23,SHORT,17992.25,100.0,True,14.74,True
716,NQ,Mon,11:30,In-Sample,2024-03-11T15:51:23.927198,2024-03-11 11:51:23,SHORT,17992.25,300.0,True,14.74,True
716,NQ,Mon,11:30,In-Sample,2024-03-11T15:51:23.927198,2024-03-11 11:51:23,SHORT,17992.25,320.0,True,14.74,True
716,NQ,Mon,11:30,In-Sample,2024-03-11T15:51:23.989597,2024-03-11 11:51:23,SHORT,17992.25,100.0,True,14.74,True
716,NQ,Mon,11:30,In-Sample,2024-03-11T15:51:23.989597,2024-03-11 11:51:23,SHORT,17992.25,300.0,True,14.74,True
716,NQ,Mon,11:30,In-Sample,2024-03-11T15:51:23.989597,2024-03-11 11:51:23,SHORT,17992.25,320.0,True,14.74,True
716,NQ,Mon,11:30,In-Sample,2024-03-11T15:53:26.272668,2024-03-11 11:53:26,SHORT,17976.0,-810.0,True,14.74,True
716,NQ,Mon,11:30,In-Sample,2024-03-11T15:53:26.478483,2024-03-11 11:53:26,SHORT,17975.5,-1245.0,True,14.74,True
716,NQ,Mon,11:30,In-Sample,2024-03-11T15:53:26.544409,2024-03-11 11:53:26,SHORT,17975.5,-1245.0,True,14.74,True
716,NQ,Mon,11:30,In-Sample,2024-03-11T15:53:50.611971,2024-03-11 11:53:50,LONG,17976.25,100.0,True,14.74,True
716,NQ,Mon,11:30,In-Sample,2024-03-11T15:53:50.611971,2024-03-11 11:53:50,LONG,17976.25,140.0,True,14.74,True
716,NQ,Mon,11:30,In-Sample,2024-03-11T15:56:13.491962,2024-03-11 11:56:13,SHORT,17981.5,-375.0,True,14.74,True
716,NQ,Mon,11:30,In-Sample,2024-03-11T15:57:37,2024-03-11 11:57:37,LONG,17987.75,200.0,True,14.74,True
716,NQ,Mon,11:30,In-Sample,2024-03-11T15:57:39,2024-03-11 11:57:39,LONG,17985.0,255.0,True,14.74,True
716,NQ,Mon,11:30,In-Sample,2024-03-11T15:59:00.397588,2024-03-11 11:59:00,LONG,17996.25,-190.0,True,14.74,True
716,NQ,Mon,11:30,In-Sample,2024-03-11T15:59:00.986919,2024-03-11 11:59:00,LONG,17995.75,-360.0,True,14.74,True
716,NQ,Mon,11:30,In-Sample,2024-03-11T15:59:00.986919,2024-03-11 11:59:00,LONG,17995.75,-180.0,True,14.74,True
716,NQ,Mon,11:30,In-Sample,2024-03-11T15:59:01.153209,2024-03-11 11:59:01,LONG,17997.5,-645.0,True,14.74,True
716,NQ,Mon,11:30,In-Sample,2024-03-11T15:59:23.508222,2024-03-11 11:59:23,SHORT,17998.25,100.0,True,14.74,True
716,NQ,Mon,11:30,In-Sample,2024-03-11T15:59:23.508222,2024-03-11 11:59:23,SHORT,17998.25,300.0,True,14.74,True
716,NQ,Mon,11:30,In-Sample,2024-03-11T15:59:23.508222,2024-03-11 11:59:23,SHORT,17998.25,200.0,True,14.74,True
716,NQ,Mon,11:30,In-Sample,2024-03-11T15:59:23.592893,2024-03-11 11:59:23,SHORT,17999.0,100.0,True,14.74,True
716,NQ,Mon,11:30,In-Sample,2024-03-11T15:59:23.592893,2024-03-11 11:59:23,SHORT,17999.0,300.0,True,14.74,True
716,NQ,Mon,11:30,In-Sample,2024-03-11T15:59:23.592893,2024-03-11 11:59:23,SHORT,17999.0,215.0,True,14.74,True
716,NQ,Mon,11:30,In-Sample,2024-03-18T15:30:15,2024-03-18 11:30:15,SHORT,18314.75,200.0,True,14.41,True
716,NQ,Mon,11:30,In-Sample,2024-03-18T15:30:15,2024-03-18 11:30:15,SHORT,18314.75,200.0,True,14.41,True
716,NQ,Mon,11:30,In-Sample,2024-03-18T15:30:28,2024-03-18 11:30:28,SHORT,18317.5,190.0,True,14.41,True
716,NQ,Mon,11:30,In-Sample,2024-03-18T15:30:28,2024-03-18 11:30:28,SHORT,18317.5,195.0,True,14.41,True
716,NQ,Mon,11:30,In-Sample,2024-03-18T15:30:44.541987,2024-03-18 11:30:44,SHORT,18311.0,180.0,True,14.41,True
716,NQ,Mon,11:30,In-Sample,2024-03-18T15:30:44.541987,2024-03-18 11:30:44,SHORT,18311.0,355.0,True,14.41,True
716,NQ,Mon,11:30,In-Sample,2024-03-18T15:30:44.541987,2024-03-18 11:30:44,SHORT,18311.0,345.0,True,14.41,True
716,NQ,Mon,11:30,In-Sample,2024-03-18T15:31:27.000001,2024-03-18 11:31:27,LONG,18308.0,-330.0,True,14.41,True
716,NQ,Mon,11:30,In-Sample,2024-03-18T15:31:27.000001,2024-03-18 11:31:27,LONG,18308.0,-420.0,True,14.41,True
716,NQ,Mon,11:30,In-Sample,2024-03-18T15:31:34.902747,2024-03-18 11:31:34,SHORT,18304.5,50.0,True,14.41,True
716,NQ,Mon,11:30,In-Sample,2024-03-18T15:31:34.902747,2024-03-18 11:31:34,SHORT,18304.5,10.0,True,14.41,True
716,NQ,Mon,11:30,In-Sample,2024-03-18T15:31:34.902851,2024-03-18 11:31:34,SHORT,18304.5,50.0,True,14.41,True
716,NQ,Mon,11:30,In-Sample,2024-03-18T15:31:34.902851,2024-03-18 11:31:34,SHORT,18304.5,10.0,True,14.41,True
716,NQ,Mon,11:30,In-Sample,2024-03-18T15:31:35,2024-03-18 11:31:35,LONG,18305.0,-105.0,True,14.41,True
716,NQ,Mon,11:30,In-Sample,2024-03-18T15:31:35,2024-03-18 11:31:35,LONG,18305.0,-150.0,True,14.41,True
716,NQ,Mon,11:30,In-Sample,2024-03-18T15:32:33.921458,2024-03-18 11:32:33,SHORT,18294.25,50.0,True,14.41,True
716,NQ,Mon,11:30,In-Sample,2024-03-18T15:32:33.921458,2024-03-18 11:32:33,SHORT,18294.25,100.0,True,14.41,True
716,NQ,Mon,11:30,In-Sample,2024-03-18T15:32:33.921458,2024-03-18 11:32:33,SHORT,18294.25,-5.0,True,14.41,True
716,NQ,Mon,11:30,In-Sample,2024-03-18T15:32:33.921628,2024-03-18 11:32:33,SHORT,18294.25,50.0,True,14.41,True
716,NQ,Mon,11:30,In-Sample,2024-03-18T15:32:33.921628,2024-03-18 11:32:33,SHORT,18294.25,100.0,True,14.41,True
716,NQ,Mon,11:30,In-Sample,2024-03-18T15:32:33.921628,2024-03-18 11:32:33,SHORT,18294.25,-10.0,True,14.41,True
716,NQ,Mon,11:30,In-Sample,2024-03-18T15:32:36.634247,2024-03-18 11:32:36,SHORT,18290.0,-435.0,True,14.41,True
716,NQ,Mon,11:30,In-Sample,2024-03-18T15:32:37.448424,2024-03-18 11:32:37,LONG,18291.75,100.0,True,14.41,True
716,NQ,Mon,11:30,In-Sample,2024-03-18T15:32:37.448424,2024-03-18 11:32:37,LONG,18291.75,-130.0,True,14.41,True
716,NQ,Mon,11:30,In-Sample,2024-03-18T15:32:37.603552,2024-03-18 11:32:37,LONG,18291.75,100.0,True,14.41,True
716,NQ,Mon,11:30,In-Sample,2024-03-18T15:32:37.603552,2024-03-18 11:32:37,LONG,18291.75,60.0,True,14.41,True
716,NQ,Mon,11:30,In-Sample,2024-03-18T15:32:38,2024-03-18 11:32:38,LONG,18291.25,100.0,True,14.41,True
716,NQ,Mon,11:30,In-Sample,2024-03-18T15:32:38,2024-03-18 11:32:38,LONG,18291.25,-35.0,True,14.41,True
716,NQ,Mon,11:30,In-Sample,2024-03-18T15:32:38,2024-03-18 11:32:38,LONG,18291.25,100.0,True,14.41,True
716,NQ,Mon,11:30,In-Sample,2024-03-18T15:32:38,2024-03-18 11:32:38,LONG,18291.25,35.0,True,14.41,True
716,NQ,Mon,11:30,In-Sample,2024-03-18T15:32:42,2024-03-18 11:32:42,LONG,18293.0,-20.0,True,14.41,True
716,NQ,Mon,11:30,In-Sample,2024-03-18T15:32:43,2024-03-18 11:32:43,LONG,18293.0,-20.0,True,14.41,True
716,NQ,Mon,11:30,In-Sample,2024-03-18T15:32:43.000001,2024-03-18 11:32:43,LONG,18293.0,-10.0,True,14.41,True
716,NQ,Mon,11:30,In-Sample,2024-03-18T15:34:10,2024-03-18 11:34:10,SHORT,18289.5,100.0,True,14.41,True
716,NQ,Mon,11:30,In-Sample,2024-03-18T15:34:10,2024-03-18 11:34:10,SHORT,18289.5,5.0,True,14.41,True
716,NQ,Mon,11:30,In-Sample,2024-03-18T15:34:10.000001,2024-03-18 11:34:10,SHORT,18289.5,100.0,True,14.41,True
716,NQ,Mon,11:30,In-Sample,2024-03-18T15:34:10.000001,2024-03-18 11:34:10,SHORT,18289.5,-80.0,True,14.41,True
716,NQ,Mon,11:30,In-Sample,2024-03-18T15:34:19,2024-03-18 11:34:19,SHORT,18287.75,-380.0,True,14.41,True
716,NQ,Mon,11:30,In-Sample,2024-03-18T15:34:23.152948,2024-03-18 11:34:23,LONG,18290.25,-195.0,True,14.41,True
716,NQ,Mon,11:30,In-Sample,2024-03-18T15:34:24,2024-03-18 11:34:24,SHORT,18290.5,-135.0,True,14.41,True
716,NQ,Mon,11:30,In-Sample,2024-03-18T15:34:38.060132,2024-03-18 11:34:38,LONG,18287.0,100.0,True,14.41,True
716,NQ,Mon,11:30,In-Sample,2024-03-18T15:34:38.060132,2024-03-18 11:34:38,LONG,18287.0,140.0,True,14.41,True
716,NQ,Mon,11:30,In-Sample,2024-03-18T15:34:53.157971,2024-03-18 11:34:53,LONG,18293.5,175.0,True,14.41,True
716,NQ,Mon,11:30,In-Sample,2024-03-18T15:36:09,2024-03-18 11:36:09,LONG,18302.0,100.0,True,14.41,True
716,NQ,Mon,11:30,In-Sample,2024-03-18T15:36:09,2024-03-18 11:36:09,LONG,18302.0,200.0,True,14.41,True
716,NQ,Mon,11:30,In-Sample,2024-03-18T15:36:09,2024-03-18 11:36:09,LONG,18302.0,100.0,True,14.41,True
716,NQ,Mon,11:30,In-Sample,2024-03-18T15:36:09,2024-03-18 11:36:09,LONG,18302.0,5.0,True,14.41,True
716,NQ,Mon,11:30,In-Sample,2024-03-18T15:36:10.262515,2024-03-18 11:36:10,LONG,18303.0,130.0,True,14.41,True
716,NQ,Mon,11:30,In-Sample,2024-03-18T15:36:10.262515,2024-03-18 11:36:10,LONG,18303.0,-770.0,True,14.41,True
716,NQ,Mon,11:30,In-Sample,2024-03-18T15:36:10.262606,2024-03-18 11:36:10,LONG,18303.0,130.0,True,14.41,True
716,NQ,Mon,11:30,In-Sample,2024-03-18T15:36:10.262606,2024-03-18 11:36:10,LONG,18303.0,140.0,True,14.41,True
716,NQ,Mon,11:30,In-Sample,2024-03-18T15:36:10.262664,2024-03-18 11:36:10,LONG,18303.0,130.0,True,14.41,True
716,NQ,Mon,11:30,In-Sample,2024-03-18T15:36:10.262664,2024-03-18 11:36:10,LONG,18303.0,-770.0,True,14.41,True
716,NQ,Mon,11:30,In-Sample,2024-03-18T15:36:10.262719,2024-03-18 11:36:10,LONG,18303.0,130.0,True,14.41,True
716,NQ,Mon,11:30,In-Sample,2024-03-18T15:36:10.262719,2024-03-18 11:36:10,LONG,18303.0,140.0,True,14.41,True
716,NQ,Mon,11:30,In-Sample,2024-03-18T15:36:10.262805,2024-03-18 11:36:10,LONG,18303.0,130.0,True,14.41,True
716,NQ,Mon,11:30,In-Sample,2024-03-18T15:36:10.262805,2024-03-18 11:36:10,LONG,18303.0,140.0,True,14.41,True
716,NQ,Mon,11:30,In-Sample,2024-03-18T15:37:46.220912,2024-03-18 11:37:46,SHORT,18301.75,700.0,True,14.41,True
716,NQ,Mon,11:30,In-Sample,2024-03-18T15:37:46.549224,2024-03-18 11:37:46,SHORT,18301.5,-420.0,True,14.41,True
716,NQ,Mon,11:30,In-Sample,2024-03-18T15:38:32.071108,2024-03-18 11:38:32,LONG,18309.0,-60.0,True,14.41,True
716,NQ,Mon,11:30,In-Sample,2024-03-18T15:40:05.181386,2024-03-18 11:40:05,SHORT,18305.75,-405.0,True,14.41,True
716,NQ,Mon,11:30,In-Sample,2024-03-18T15:45:34.618140,2024-03-18 11:45:34,SHORT,18307.0,130.0,True,14.41,True
716,NQ,Mon,11:30,In-Sample,2024-03-18T15:45:34.618140,2024-03-18 11:45:34,SHORT,18307.0,-50.0,True,14.41,True
716,NQ,Mon,11:30,In-Sample,2024-03-18T15:45:34.709651,2024-03-18 11:45:34,SHORT,18307.0,185.0,True,14.41,True
716,NQ,Mon,11:30,In-Sample,2024-03-18T15:45:34.709651,2024-03-18 11:45:34,SHORT,18307.0,200.0,True,14.41,True
716,NQ,Mon,11:30,In-Sample,2024-03-18T15:45:34.709789,2024-03-18 11:45:34,SHORT,18307.0,130.0,True,14.41,True
716,NQ,Mon,11:30,In-Sample,2024-03-18T15:45:34.709789,2024-03-18 11:45:34,SHORT,18307.0,-55.0,True,14.41,True
716,NQ,Mon,11:30,In-Sample,2024-03-18T15:45:34.864285,2024-03-18 11:45:34,SHORT,18306.75,130.0,True,14.41,True
716,NQ,Mon,11:30,In-Sample,2024-03-18T15:45:34.864285,2024-03-18 11:45:34,SHORT,18306.75,-60.0,True,14.41,True
716,NQ,Mon,11:30,In-Sample,2024-03-18T15:48:33.720858,2024-03-18 11:48:33,SHORT,18299.5,190.0,True,14.41,True
716,NQ,Mon,11:30,In-Sample,2024-03-18T15:48:33.720858,2024-03-18 11:48:33,SHORT,18299.5,380.0,True,14.41,True
716,NQ,Mon,11:30,In-Sample,2024-03-18T15:48:33.720858,2024-03-18 11:48:33,SHORT,18299.5,240.0,True,14.41,True
716,NQ,Mon,11:30,In-Sample,2024-03-18T15:50:17.213761,2024-03-18 11:50:17,LONG,18301.75,-430.0,True,14.41,True
716,NQ,Mon,11:30,In-Sample,2024-03-18T15:50:17.229555,2024-03-18 11:50:17,LONG,18301.5,-420.0,True,14.41,True
716,NQ,Mon,11:30,In-Sample,2024-03-18T15:50:17.414676,2024-03-18 11:50:17,LONG,18301.5,-420.0,True,14.41,True
716,NQ,Mon,11:30,In-Sample,2024-03-18T15:52:06.697331,2024-03-18 11:52:06,SHORT,18295.5,190.0,True,14.41,True
716,NQ,Mon,11:30,In-Sample,2024-03-18T15:52:06.697331,2024-03-18 11:52:06,SHORT,18295.5,420.0,True,14.41,True
716,NQ,Mon,11:30,In-Sample,2024-03-18T15:52:07,2024-03-18 11:52:07,SHORT,18295.5,100.0,True,14.41,True
716,NQ,Mon,11:30,In-Sample,2024-03-18T15:52:07,2024-03-18 11:52:07,SHORT,18295.5,200.0,True,14.41,True
716,NQ,Mon,11:30,In-Sample,2024-03-18T15:52:07,2024-03-18 11:52:07,SHORT,18295.5,100.0,True,14.41,True
716,NQ,Mon,11:30,In-Sample,2024-03-18T15:52:07,2024-03-18 11:52:07,SHORT,18295.5,200.0,True,14.41,True
716,NQ,Mon,11:30,In-Sample,2024-03-18T15:52:46.205679,2024-03-18 11:52:46,SHORT,18282.75,100.0,True,14.41,True
716,NQ,Mon,11:30,In-Sample,2024-03-18T15:52:46.205679,2024-03-18 11:52:46,SHORT,18282.75,10.0,True,14.41,True
716,NQ,Mon,11:30,In-Sample,2024-03-18T15:52:46.940281,2024-03-18 11:52:46,LONG,18284.0,-210.0,True,14.41,True
716,NQ,Mon,11:30,In-Sample,2024-03-18T15:52:53,2024-03-18 11:52:53,LONG,18285.75,0.0,True,14.41,True
716,NQ,Mon,11:30,In-Sample,2024-03-18T15:52:54,2024-03-18 11:52:54,LONG,18286.0,-10.0,True,14.41,True
716,NQ,Mon,11:30,In-Sample,2024-03-18T15:52:54.000001,2024-03-18 11:52:54,LONG,18286.0,-5.0,True,14.41,True
716,NQ,Mon,11:30,In-Sample,2024-03-18T15:53:07.381832,2024-03-18 11:53:07,LONG,18279.25,-165.0,True,14.41,True
716,NQ,Mon,11:30,In-Sample,2024-03-18T15:53:17.263089,2024-03-18 11:53:17,LONG,18279.5,100.0,True,14.41,True
716,NQ,Mon,11:30,In-Sample,2024-03-18T15:53:17.263089,2024-03-18 11:53:17,LONG,18279.5,60.0,True,14.41,True
716,NQ,Mon,11:30,In-Sample,2024-03-18T15:53:17.351402,2024-03-18 11:53:17,LONG,18279.5,100.0,True,14.41,True
716,NQ,Mon,11:30,In-Sample,2024-03-18T15:53:17.351402,2024-03-18 11:53:17,LONG,18279.5,200.0,True,14.41,True
716,NQ,Mon,11:30,In-Sample,2024-03-18T15:53:17.351402,2024-03-18 11:53:17,LONG,18279.5,210.0,True,14.41,True
716,NQ,Mon,11:30,In-Sample,2024-03-18T15:53:32.294533,2024-03-18 11:53:32,LONG,18284.25,190.0,True,14.41,True
716,NQ,Mon,11:30,In-Sample,2024-03-18T15:56:01,2024-03-18 11:56:01,LONG,18289.5,100.0,True,14.41,True
716,NQ,Mon,11:30,In-Sample,2024-03-18T15:56:01,2024-03-18 11:56:01,LONG,18289.5,5.0,True,14.41,True
716,NQ,Mon,11:30,In-Sample,2024-03-18T15:56:38.754791,2024-03-18 11:56:38,LONG,18293.25,-105.0,True,14.41,True
716,NQ,Mon,11:30,In-Sample,2024-03-18T15:56:46.939754,2024-03-18 11:56:46,SHORT,18290.25,310.0,True,14.41,True
716,NQ,Mon,11:30,In-Sample,2024-03-25T15:30:52.031721,2024-03-25 11:30:52,SHORT,18524.5,-420.0,True,13.06,True
716,NQ,Mon,11:30,In-Sample,2024-03-25T15:30:53,2024-03-25 11:30:53,SHORT,18524.25,100.0,True,13.06,True
716,NQ,Mon,11:30,In-Sample,2024-03-25T15:30:53,2024-03-25 11:30:53,SHORT,18524.25,25.0,True,13.06,True
716,NQ,Mon,11:30,In-Sample,2024-03-25T15:30:53,2024-03-25 11:30:53,SHORT,18524.5,100.0,True,13.06,True
716,NQ,Mon,11:30,In-Sample,2024-03-25T15:30:53,2024-03-25 11:30:53,SHORT,18524.5,20.0,True,13.06,True
716,NQ,Mon,11:30,In-Sample,2024-03-25T15:31:26.679054,2024-03-25 11:31:26,SHORT,18517.25,-1050.0,True,13.06,True
716,NQ,Mon,11:30,In-Sample,2024-03-25T15:32:12.000001,2024-03-25 11:32:12,LONG,18523.0,200.0,True,13.06,True
716,NQ,Mon,11:30,In-Sample,2024-03-25T15:32:12.000001,2024-03-25 11:32:12,LONG,18523.0,200.0,True,13.06,True
716,NQ,Mon,11:30,In-Sample,2024-03-25T15:32:34,2024-03-25 11:32:34,LONG,18520.75,95.0,True,13.06,True
716,NQ,Mon,11:30,In-Sample,2024-03-25T15:32:34,2024-03-25 11:32:34,LONG,18520.75,50.0,True,13.06,True
716,NQ,Mon,11:30,In-Sample,2024-03-25T15:33:57,2024-03-25 11:33:57,SHORT,18527.0,200.0,True,13.06,True
716,NQ,Mon,11:30,In-Sample,2024-03-25T15:34:25,2024-03-25 11:34:25,SHORT,18530.0,65.0,True,13.06,True
716,NQ,Mon,11:30,In-Sample,2024-03-25T15:35:16,2024-03-25 11:35:16,SHORT,18521.25,-220.0,True,13.06,True
716,NQ,Mon,11:30,In-Sample,2024-03-25T15:35:17,2024-03-25 11:35:17,SHORT,18521.25,-220.0,True,13.06,True
716,NQ,Mon,11:30,In-Sample,2024-03-25T15:36:56,2024-03-25 11:36:56,SHORT,18524.75,-40.0,True,13.06,True
716,NQ,Mon,11:30,In-Sample,2024-03-25T15:36:56,2024-03-25 11:36:56,SHORT,18524.75,-40.0,True,13.06,True
716,NQ,Mon,11:30,In-Sample,2024-03-25T15:39:10.678614,2024-03-25 11:39:10,LONG,18537.0,-30.0,True,13.06,True
716,NQ,Mon,11:30,In-Sample,2024-03-25T15:40:14.268041,2024-03-25 11:40:14,SHORT,18542.25,-150.0,True,13.06,True
716,NQ,Mon,11:30,In-Sample,2024-03-25T15:40:33.767110,2024-03-25 11:40:33,SHORT,18543.0,100.0,True,13.06,True
716,NQ,Mon,11:30,In-Sample,2024-03-25T15:40:33.767110,2024-03-25 11:40:33,SHORT,18543.0,160.0,True,13.06,True
716,NQ,Mon,11:30,In-Sample,2024-03-25T15:40:36.266395,2024-03-25 11:40:36,SHORT,18542.5,100.0,True,13.06,True
716,NQ,Mon,11:30,In-Sample,2024-03-25T15:40:36.266395,2024-03-25 11:40:36,SHORT,18542.5,-110.0,True,13.06,True
716,NQ,Mon,11:30,In-Sample,2024-03-25T15:40:57,2024-03-25 11:40:57,SHORT,18540.75,-80.0,True,13.06,True
716,NQ,Mon,11:30,In-Sample,2024-03-25T15:40:57,2024-03-25 11:40:57,SHORT,18540.75,-80.0,True,13.06,True
716,NQ,Mon,11:30,In-Sample,2024-03-25T15:41:04.284682,2024-03-25 11:41:04,SHORT,18537.75,-300.0,True,13.06,True
716,NQ,Mon,11:30,In-Sample,2024-03-25T15:41:04.284682,2024-03-25 11:41:04,SHORT,18537.75,-155.0,True,13.06,True
716,NQ,Mon,11:30,In-Sample,2024-03-25T15:41:04.349351,2024-03-25 11:41:04,SHORT,18537.75,-300.0,True,13.06,True
716,NQ,Mon,11:30,In-Sample,2024-03-25T15:41:04.349351,2024-03-25 11:41:04,SHORT,18537.75,-155.0,True,13.06,True
716,NQ,Mon,11:30,In-Sample,2024-03-25T15:41:04.504168,2024-03-25 11:41:04,SHORT,18537.5,-465.0,True,13.06,True
716,NQ,Mon,11:30,In-Sample,2024-03-25T15:41:04.504295,2024-03-25 11:41:04,SHORT,18537.5,-310.0,True,13.06,True
716,NQ,Mon,11:30,In-Sample,2024-03-25T15:41:04.504295,2024-03-25 11:41:04,SHORT,18537.5,-195.0,True,13.06,True
716,NQ,Mon,11:30,In-Sample,2024-03-25T15:41:14.000001,2024-03-25 11:41:14,LONG,18542.75,-210.0,True,13.06,True
716,NQ,Mon,11:30,In-Sample,2024-03-25T15:41:14.000001,2024-03-25 11:41:14,LONG,18542.75,-230.0,True,13.06,True
716,NQ,Mon,11:30,In-Sample,2024-03-25T15:41:23.351866,2024-03-25 11:41:23,LONG,18545.5,-190.0,True,13.06,True
716,NQ,Mon,11:30,In-Sample,2024-03-25T15:41:23.352067,2024-03-25 11:41:23,LONG,18545.5,-180.0,True,13.06,True
716,NQ,Mon,11:30,In-Sample,2024-03-25T15:41:28.282731,2024-03-25 11:41:28,SHORT,18547.0,100.0,True,13.06,True
716,NQ,Mon,11:30,In-Sample,2024-03-25T15:41:28.282731,2024-03-25 11:41:28,SHORT,18547.0,420.0,True,13.06,True
716,NQ,Mon,11:30,In-Sample,2024-03-25T15:41:44.853097,2024-03-25 11:41:44,SHORT,18540.75,-130.0,True,13.06,True
716,NQ,Mon,11:30,In-Sample,2024-03-25T15:41:44.978371,2024-03-25 11:41:44,SHORT,18541.0,-250.0,True,13.06,True
716,NQ,Mon,11:30,In-Sample,2024-03-25T15:41:44.978371,2024-03-25 11:41:44,SHORT,18541.0,-135.0,True,13.06,True
716,NQ,Mon,11:30,In-Sample,2024-03-25T15:41:44.978541,2024-03-25 11:41:44,SHORT,18541.0,-125.0,True,13.06,True
716,NQ,Mon,11:30,In-Sample,2024-03-25T15:41:44.978610,2024-03-25 11:41:44,SHORT,18541.0,-250.0,True,13.06,True
716,NQ,Mon,11:30,In-Sample,2024-03-25T15:41:44.978610,2024-03-25 11:41:44,SHORT,18541.0,-135.0,True,13.06,True
716,NQ,Mon,11:30,In-Sample,2024-03-25T15:41:44.978687,2024-03-25 11:41:44,SHORT,18541.0,-375.0,True,13.06,True
716,NQ,Mon,11:30,In-Sample,2024-03-25T15:41:44.978746,2024-03-25 11:41:44,SHORT,18541.0,-250.0,True,13.06,True
716,NQ,Mon,11:30,In-Sample,2024-03-25T15:41:44.978746,2024-03-25 11:41:44,SHORT,18541.0,85.0,True,13.06,True
716,NQ,Mon,11:30,In-Sample,2024-03-25T15:42:04,2024-03-25 11:42:04,LONG,18537.75,-5.0,True,13.06,True
716,NQ,Mon,11:30,In-Sample,2024-03-25T15:42:04,2024-03-25 11:42:04,LONG,18537.75,-15.0,True,13.06,True
716,NQ,Mon,11:30,In-Sample,2024-03-25T15:42:05.000001,2024-03-25 11:42:05,SHORT,18537.0,-405.0,True,13.06,True
716,NQ,Mon,11:30,In-Sample,2024-03-25T15:42:05.000001,2024-03-25 11:42:05,SHORT,18537.0,-260.0,True,13.06,True
716,NQ,Mon,11:30,In-Sample,2024-03-25T15:42:05.000002,2024-03-25 11:42:05,SHORT,18537.0,-270.0,True,13.06,True
716,NQ,Mon,11:30,In-Sample,2024-03-25T15:42:39,2024-03-25 11:42:39,SHORT,18540.5,-65.0,True,13.06,True
716,NQ,Mon,11:30,In-Sample,2024-03-25T15:42:39,2024-03-25 11:42:39,SHORT,18540.5,-60.0,True,13.06,True
716,NQ,Mon,11:30,In-Sample,2024-03-25T15:46:23.000001,2024-03-25 11:46:23,LONG,18543.75,200.0,True,13.06,True
716,NQ,Mon,11:30,In-Sample,2024-03-25T15:46:23.000001,2024-03-25 11:46:23,LONG,18543.5,200.0,True,13.06,True
716,NQ,Mon,11:30,In-Sample,2024-03-25T15:46:42,2024-03-25 11:46:42,LONG,18540.75,-40.0,True,13.06,True
716,NQ,Mon,11:30,In-Sample,2024-03-25T15:46:42,2024-03-25 11:46:42,LONG,18540.75,255.0,True,13.06,True
716,NQ,Mon,11:30,In-Sample,2024-03-25T15:48:08,2024-03-25 11:48:08,LONG,18545.5,0.0,True,13.06,True
716,NQ,Mon,11:30,In-Sample,2024-03-25T15:48:08.000001,2024-03-25 11:48:08,LONG,18545.5,0.0,True,13.06,True
716,NQ,Mon,11:30,In-Sample,2024-03-25T15:48:08.000002,2024-03-25 11:48:08,LONG,18545.5,0.0,True,13.06,True
716,NQ,Mon,11:30,In-Sample,2024-03-25T15:48:08.518187,2024-03-25 11:48:08,LONG,18546.5,75.0,True,13.06,True
716,NQ,Mon,11:30,In-Sample,2024-03-25T15:48:08.518187,2024-03-25 11:48:08,LONG,18546.5,10.0,True,13.06,True
716,NQ,Mon,11:30,In-Sample,2024-03-25T15:48:08.676319,2024-03-25 11:48:08,LONG,18546.5,75.0,True,13.06,True
716,NQ,Mon,11:30,In-Sample,2024-03-25T15:48:08.676319,2024-03-25 11:48:08,LONG,18546.5,10.0,True,13.06,True
716,NQ,Mon,11:30,In-Sample,2024-03-25T15:48:09.951620,2024-03-25 11:48:09,LONG,18547.75,-70.0,True,13.06,True
716,NQ,Mon,11:30,In-Sample,2024-03-25T15:48:09.951775,2024-03-25 11:48:09,LONG,18547.75,-70.0,True,13.06,True
716,NQ,Mon,11:30,In-Sample,2024-03-25T15:48:09.951931,2024-03-25 11:48:09,SHORT,18547.25,-15.0,True,13.06,True
716,NQ,Mon,11:30,In-Sample,2024-03-25T15:48:10.612735,2024-03-25 11:48:10,SHORT,18547.0,-90.0,True,13.06,True
716,NQ,Mon,11:30,In-Sample,2024-03-25T15:48:11.957149,2024-03-25 11:48:11,LONG,18549.25,-195.0,True,13.06,True
716,NQ,Mon,11:30,In-Sample,2024-03-25T15:48:12.017363,2024-03-25 11:48:12,LONG,18549.25,-645.0,True,13.06,True
716,NQ,Mon,11:30,In-Sample,2024-03-25T15:49:19.480247,2024-03-25 11:49:19,SHORT,18548.75,-195.0,True,13.06,True
716,NQ,Mon,11:30,In-Sample,2024-03-25T15:49:43.486649,2024-03-25 11:49:43,SHORT,18551.75,100.0,True,13.06,True
716,NQ,Mon,11:30,In-Sample,2024-03-25T15:49:43.486649,2024-03-25 11:49:43,SHORT,18551.75,160.0,True,13.06,True
716,NQ,Mon,11:30,In-Sample,2024-03-25T15:50:04.422517,2024-03-25 11:50:04,SHORT,18546.0,120.0,True,13.06,True
716,NQ,Mon,11:30,In-Sample,2024-03-25T15:50:04.422517,2024-03-25 11:50:04,SHORT,18546.0,480.0,True,13.06,True
716,NQ,Mon,11:30,In-Sample,2024-03-25T15:50:04.633853,2024-03-25 11:50:04,SHORT,18546.0,185.0,True,13.06,True
716,NQ,Mon,11:30,In-Sample,2024-03-25T15:50:04.633945,2024-03-25 11:50:04,SHORT,18546.0,120.0,True,13.06,True
716,NQ,Mon,11:30,In-Sample,2024-03-25T15:50:04.633945,2024-03-25 11:50:04,SHORT,18546.0,480.0,True,13.06,True
716,NQ,Mon,11:30,In-Sample,2024-03-25T15:50:04.634165,2024-03-25 11:50:04,SHORT,18546.0,185.0,True,13.06,True
716,NQ,Mon,11:30,In-Sample,2024-03-25T15:50:04.634225,2024-03-25 11:50:04,SHORT,18546.0,120.0,True,13.06,True
716,NQ,Mon,11:30,In-Sample,2024-03-25T15:50:04.634225,2024-03-25 11:50:04,SHORT,18546.0,480.0,True,13.06,True
716,NQ,Mon,11:30,In-Sample,2024-03-25T15:50:04.634399,2024-03-25 11:50:04,SHORT,18546.0,185.0,True,13.06,True
716,NQ,Mon,11:30,In-Sample,2024-03-25T15:50:04.634399,2024-03-25 11:50:04,SHORT,18546.0,120.0,True,13.06,True
716,NQ,Mon,11:30,In-Sample,2024-03-25T15:50:34.462355,2024-03-25 11:50:34,SHORT,18544.25,120.0,True,13.06,True
716,NQ,Mon,11:30,In-Sample,2024-03-25T15:50:34.462355,2024-03-25 11:50:34,SHORT,18544.25,-190.0,True,13.06,True
716,NQ,Mon,11:30,In-Sample,2024-03-25T15:50:34.542127,2024-03-25 11:50:34,SHORT,18544.25,120.0,True,13.06,True
716,NQ,Mon,11:30,In-Sample,2024-03-25T15:50:34.542127,2024-03-25 11:50:34,SHORT,18544.25,50.0,True,13.06,True
716,NQ,Mon,11:30,In-Sample,2024-03-25T15:50:34.542227,2024-03-25 11:50:34,SHORT,18544.25,120.0,True,13.06,True
716,NQ,Mon,11:30,In-Sample,2024-03-25T15:50:34.542227,2024-03-25 11:50:34,SHORT,18544.25,50.0,True,13.06,True
716,NQ,Mon,11:30,In-Sample,2024-03-25T15:50:34.731164,2024-03-25 11:50:34,SHORT,18544.25,120.0,True,13.06,True
716,NQ,Mon,11:30,In-Sample,2024-03-25T15:50:34.731164,2024-03-25 11:50:34,SHORT,18544.25,50.0,True,13.06,True
716,NQ,Mon,11:30,In-Sample,2024-03-25T15:50:34.731272,2024-03-25 11:50:34,SHORT,18544.25,120.0,True,13.06,True
716,NQ,Mon,11:30,In-Sample,2024-03-25T15:50:34.731272,2024-03-25 11:50:34,SHORT,18544.25,-190.0,True,13.06,True
716,NQ,Mon,11:30,In-Sample,2024-03-25T15:51:11.705373,2024-03-25 11:51:11,SHORT,18538.5,-600.0,True,13.06,True
716,NQ,Mon,11:30,In-Sample,2024-03-25T15:51:11.705444,2024-03-25 11:51:11,SHORT,18538.5,75.0,True,13.06,True
716,NQ,Mon,11:30,In-Sample,2024-03-25T15:51:11.705444,2024-03-25 11:51:11,SHORT,18538.5,10.0,True,13.06,True
716,NQ,Mon,11:30,In-Sample,2024-03-25T15:51:11.705500,2024-03-25 11:51:11,SHORT,18538.5,75.0,True,13.06,True
716,NQ,Mon,11:30,In-Sample,2024-03-25T15:51:11.705500,2024-03-25 11:51:11,SHORT,18538.5,10.0,True,13.06,True
716,NQ,Mon,11:30,In-Sample,2024-03-25T15:51:33.087649,2024-03-25 11:51:33,SHORT,18538.25,-150.0,True,13.06,True
716,NQ,Mon,11:30,In-Sample,2024-03-25T15:51:33.828601,2024-03-25 11:51:33,SHORT,18538.25,-150.0,True,13.06,True
716,NQ,Mon,11:30,In-Sample,2024-03-25T15:52:51.017795,2024-03-25 11:52:51,LONG,18547.25,30.0,True,13.06,True
716,NQ,Mon,11:30,In-Sample,2024-03-25T15:54:25.583794,2024-03-25 11:54:25,SHORT,18545.5,170.0,True,13.06,True
716,NQ,Mon,11:30,In-Sample,2024-03-25T15:54:25.583794,2024-03-25 11:54:25,SHORT,18545.5,345.0,True,13.06,True
716,NQ,Mon,11:30,In-Sample,2024-03-25T15:54:25.583794,2024-03-25 11:54:25,SHORT,18545.5,410.0,True,13.06,True
716,NQ,Mon,11:30,In-Sample,2024-03-25T15:54:27,2024-03-25 11:54:27,SHORT,18545.25,40.0,True,13.06,True
716,NQ,Mon,11:30,In-Sample,2024-03-25T15:54:27,2024-03-25 11:54:27,SHORT,18545.25,40.0,True,13.06,True
716,NQ,Mon,11:30,In-Sample,2024-03-25T15:57:14,2024-03-25 11:57:14,SHORT,18541.5,200.0,True,13.06,True
716,NQ,Mon,11:30,In-Sample,2024-03-25T15:57:14,2024-03-25 11:57:14,SHORT,18541.5,200.0,True,13.06,True
716,NQ,Mon,11:30,In-Sample,2024-03-25T15:57:18,2024-03-25 11:57:18,SHORT,18543.5,145.0,True,13.06,True
716,NQ,Mon,11:30,In-Sample,2024-03-25T15:57:18,2024-03-25 11:57:18,SHORT,18543.5,240.0,True,13.06,True
716,NQ,Mon,11:30,In-Sample,2024-03-25T15:59:43.272831,2024-03-25 11:59:43,SHORT,18537.75,160.0,True,13.06,True
716,NQ,Mon,11:30,In-Sample,2024-03-25T15:59:43.272831,2024-03-25 11:59:43,SHORT,18537.75,320.0,True,13.06,True
716,NQ,Mon,11:30,In-Sample,2024-03-25T15:59:43.272831,2024-03-25 11:59:43,SHORT,18537.75,200.0,True,13.06,True
716,NQ,Mon,11:30,In-Sample,2024-03-25T15:59:47.643954,2024-03-25 11:59:47,SHORT,18536.25,75.0,True,13.06,True
716,NQ,Mon,11:30,In-Sample,2024-03-25T15:59:47.643954,2024-03-25 11:59:47,SHORT,18536.25,10.0,True,13.06,True
716,NQ,Mon,11:30,In-Sample,2024-03-25T15:59:47.735631,2024-03-25 11:59:47,SHORT,18536.25,75.0,True,13.06,True
716,NQ,Mon,11:30,In-Sample,2024-03-25T15:59:47.735631,2024-03-25 11:59:47,SHORT,18536.25,10.0,True,13.06,True
716,NQ,Mon,11:30,In-Sample,2024-04-01T15:30:00.187700,2024-04-01 11:30:00,SHORT,18468.5,0.0,True,13.01,True
716,NQ,Mon,11:30,In-Sample,2024-04-01T15:30:00.742490,2024-04-01 11:30:00,LONG,18468.5,-30.0,True,13.01,True
716,NQ,Mon,11:30,In-Sample,2024-04-01T15:30:02,2024-04-01 11:30:02,LONG,18467.5,-90.0,True,13.01,True
716,NQ,Mon,11:30,In-Sample,2024-04-01T15:30:22.191997,2024-04-01 11:30:22,SHORT,18464.75,-375.0,True,13.01,True
716,NQ,Mon,11:30,In-Sample,2024-04-01T15:30:22.277380,2024-04-01 11:30:22,SHORT,18464.75,-375.0,True,13.01,True
716,NQ,Mon,11:30,In-Sample,2024-04-01T15:30:22.277476,2024-04-01 11:30:22,SHORT,18464.75,-375.0,True,13.01,True
716,NQ,Mon,11:30,In-Sample,2024-04-01T15:30:22.404755,2024-04-01 11:30:22,SHORT,18464.75,-375.0,True,13.01,True
716,NQ,Mon,11:30,In-Sample,2024-04-01T15:32:33.897294,2024-04-01 11:32:33,LONG,18471.75,-465.0,True,13.01,True
716,NQ,Mon,11:30,In-Sample,2024-04-01T15:32:33.897435,2024-04-01 11:32:33,LONG,18471.75,-465.0,True,13.01,True
716,NQ,Mon,11:30,In-Sample,2024-04-01T15:32:39.665905,2024-04-01 11:32:39,SHORT,18468.0,100.0,True,13.01,True
716,NQ,Mon,11:30,In-Sample,2024-04-01T15:32:39.665905,2024-04-01 11:32:39,SHORT,18468.0,200.0,True,13.01,True
716,NQ,Mon,11:30,In-Sample,2024-04-01T15:32:39.665905,2024-04-01 11:32:39,SHORT,18468.0,135.0,True,13.01,True
716,NQ,Mon,11:30,In-Sample,2024-04-01T15:32:59.307192,2024-04-01 11:32:59,SHORT,18463.5,-495.0,True,13.01,True
716,NQ,Mon,11:30,In-Sample,2024-04-01T15:33:00.920769,2024-04-01 11:33:00,LONG,18463.0,210.0,True,13.01,True
716,NQ,Mon,11:30,In-Sample,2024-04-01T15:33:22.497472,2024-04-01 11:33:22,LONG,18462.75,430.0,True,13.01,True
716,NQ,Mon,11:30,In-Sample,2024-04-01T15:34:54.328727,2024-04-01 11:34:54,SHORT,18459.0,-810.0,True,13.01,True
716,NQ,Mon,11:30,In-Sample,2024-04-01T15:34:54.328833,2024-04-01 11:34:54,SHORT,18459.0,-810.0,True,13.01,True
716,NQ,Mon,11:30,In-Sample,2024-04-01T15:34:54.452617,2024-04-01 11:34:54,SHORT,18459.25,-795.0,True,13.01,True
716,NQ,Mon,11:30,In-Sample,2024-04-01T15:34:54.452696,2024-04-01 11:34:54,SHORT,18459.25,-795.0,True,13.01,True
716,NQ,Mon,11:30,In-Sample,2024-04-01T15:34:54.667855,2024-04-01 11:34:54,SHORT,18459.25,-975.0,True,13.01,True
716,NQ,Mon,11:30,In-Sample,2024-04-01T15:35:26,2024-04-01 11:35:26,LONG,18462.25,200.0,True,13.01,True
716,NQ,Mon,11:30,In-Sample,2024-04-01T15:35:26,2024-04-01 11:35:26,LONG,18462.25,200.0,True,13.01,True
716,NQ,Mon,11:30,In-Sample,2024-04-01T15:35:26.000001,2024-04-01 11:35:26,LONG,18462.25,-940.0,True,13.01,True
716,NQ,Mon,11:30,In-Sample,2024-04-01T15:35:41,2024-04-01 11:35:41,LONG,18459.0,-525.0,True,13.01,True
716,NQ,Mon,11:30,In-Sample,2024-04-01T15:35:50,2024-04-01 11:35:50,LONG,18464.25,100.0,True,13.01,True
716,NQ,Mon,11:30,In-Sample,2024-04-01T15:35:50,2024-04-01 11:35:50,LONG,18464.25,5.0,True,13.01,True
716,NQ,Mon,11:30,In-Sample,2024-04-01T15:36:10.934726,2024-04-01 11:36:10,LONG,18472.75,-255.0,True,13.01,True
716,NQ,Mon,11:30,In-Sample,2024-04-01T15:36:10.934862,2024-04-01 11:36:10,LONG,18472.75,-255.0,True,13.01,True
716,NQ,Mon,11:30,In-Sample,2024-04-01T15:36:25.625980,2024-04-01 11:36:25,LONG,18474.75,-30.0,True,13.01,True
716,NQ,Mon,11:30,In-Sample,2024-04-01T15:36:33.727570,2024-04-01 11:36:33,SHORT,18474.0,125.0,True,13.01,True
716,NQ,Mon,11:30,In-Sample,2024-04-01T15:36:33.727570,2024-04-01 11:36:33,SHORT,18474.0,300.0,True,13.01,True
716,NQ,Mon,11:30,In-Sample,2024-04-01T15:36:33.813727,2024-04-01 11:36:33,SHORT,18474.0,125.0,True,13.01,True
716,NQ,Mon,11:30,In-Sample,2024-04-01T15:36:33.813727,2024-04-01 11:36:33,SHORT,18474.0,300.0,True,13.01,True
716,NQ,Mon,11:30,In-Sample,2024-04-01T15:36:33.813814,2024-04-01 11:36:33,SHORT,18474.0,125.0,True,13.01,True
716,NQ,Mon,11:30,In-Sample,2024-04-01T15:36:33.813814,2024-04-01 11:36:33,SHORT,18474.0,250.0,True,13.01,True
716,NQ,Mon,11:30,In-Sample,2024-04-01T15:36:33.813814,2024-04-01 11:36:33,SHORT,18474.0,300.0,True,13.01,True
716,NQ,Mon,11:30,In-Sample,2024-04-01T15:36:33.938583,2024-04-01 11:36:33,SHORT,18474.25,125.0,True,13.01,True
716,NQ,Mon,11:30,In-Sample,2024-04-01T15:36:33.938583,2024-04-01 11:36:33,SHORT,18474.25,250.0,True,13.01,True
716,NQ,Mon,11:30,In-Sample,2024-04-01T15:36:33.938583,2024-04-01 11:36:33,SHORT,18474.25,350.0,True,13.01,True
716,NQ,Mon,11:30,In-Sample,2024-04-01T15:36:33.938739,2024-04-01 11:36:33,SHORT,18474.25,125.0,True,13.01,True
716,NQ,Mon,11:30,In-Sample,2024-04-01T15:36:33.938739,2024-04-01 11:36:33,SHORT,18474.25,315.0,True,13.01,True
716,NQ,Mon,11:30,In-Sample,2024-04-01T15:36:46.564127,2024-04-01 11:36:46,LONG,18469.25,-655.0,True,13.01,True
716,NQ,Mon,11:30,In-Sample,2024-04-01T15:36:48.248938,2024-04-01 11:36:48,SHORT,18468.75,165.0,True,13.01,True
716,NQ,Mon,11:30,In-Sample,2024-04-01T15:36:48.248938,2024-04-01 11:36:48,SHORT,18468.75,325.0,True,13.01,True
716,NQ,Mon,11:30,In-Sample,2024-04-01T15:36:48.248938,2024-04-01 11:36:48,SHORT,18468.75,240.0,True,13.01,True
716,NQ,Mon,11:30,In-Sample,2024-04-01T15:36:48.316215,2024-04-01 11:36:48,SHORT,18468.75,165.0,True,13.01,True
716,NQ,Mon,11:30,In-Sample,2024-04-01T15:36:48.316215,2024-04-01 11:36:48,SHORT,18468.75,325.0,True,13.01,True
716,NQ,Mon,11:30,In-Sample,2024-04-01T15:36:48.316215,2024-04-01 11:36:48,SHORT,18468.75,240.0,True,13.01,True
716,NQ,Mon,11:30,In-Sample,2024-04-01T15:36:48.441854,2024-04-01 11:36:48,SHORT,18468.5,165.0,True,13.01,True
716,NQ,Mon,11:30,In-Sample,2024-04-01T15:36:48.441854,2024-04-01 11:36:48,SHORT,18468.5,325.0,True,13.01,True
716,NQ,Mon,11:30,In-Sample,2024-04-01T15:36:48.441854,2024-04-01 11:36:48,SHORT,18468.5,235.0,True,13.01,True
716,NQ,Mon,11:30,In-Sample,2024-04-01T15:36:48.442090,2024-04-01 11:36:48,SHORT,18468.5,165.0,True,13.01,True
716,NQ,Mon,11:30,In-Sample,2024-04-01T15:36:48.442090,2024-04-01 11:36:48,SHORT,18468.5,325.0,True,13.01,True
716,NQ,Mon,11:30,In-Sample,2024-04-01T15:36:48.442090,2024-04-01 11:36:48,SHORT,18468.5,235.0,True,13.01,True
716,NQ,Mon,11:30,In-Sample,2024-04-01T15:37:05.099025,2024-04-01 11:37:05,LONG,18459.25,-455.0,True,13.01,True
716,NQ,Mon,11:30,In-Sample,2024-04-01T15:37:12.509232,2024-04-01 11:37:12,LONG,18461.25,-495.0,True,13.01,True
716,NQ,Mon,11:30,In-Sample,2024-04-01T15:39:20.688649,2024-04-01 11:39:20,SHORT,18454.75,-555.0,True,13.01,True
716,NQ,Mon,11:30,In-Sample,2024-04-01T15:43:27.014295,2024-04-01 11:43:27,SHORT,18457.5,-90.0,True,13.01,True
716,NQ,Mon,11:30,In-Sample,2024-04-01T15:45:39.321311,2024-04-01 11:45:39,SHORT,18454.5,-585.0,True,13.01,True
716,NQ,Mon,11:30,In-Sample,2024-04-01T15:50:16.857714,2024-04-01 11:50:16,SHORT,18463.5,175.0,True,13.01,True
716,NQ,Mon,11:30,In-Sample,2024-04-01T15:50:16.857714,2024-04-01 11:50:16,SHORT,18463.5,350.0,True,13.01,True
716,NQ,Mon,11:30,In-Sample,2024-04-01T15:50:16.857714,2024-04-01 11:50:16,SHORT,18463.5,540.0,True,13.01,True
716,NQ,Mon,11:30,In-Sample,2024-04-01T15:51:46.817046,2024-04-01 11:51:46,SHORT,18450.25,175.0,True,13.01,True
716,NQ,Mon,11:30,In-Sample,2024-04-01T15:51:46.817046,2024-04-01 11:51:46,SHORT,18450.25,350.0,True,13.01,True
716,NQ,Mon,11:30,In-Sample,2024-04-01T15:51:46.817046,2024-04-01 11:51:46,SHORT,18450.25,310.0,True,13.01,True
716,NQ,Mon,11:30,In-Sample,2024-04-01T15:53:35.891596,2024-04-01 11:53:35,LONG,18439.5,-270.0,True,13.01,True
716,NQ,Mon,11:30,In-Sample,2024-04-01T15:53:51.871465,2024-04-01 11:53:51,LONG,18437.75,-165.0,True,13.01,True
716,NQ,Mon,11:30,In-Sample,2024-04-01T15:53:51.940942,2024-04-01 11:53:51,LONG,18437.75,-210.0,True,13.01,True
716,NQ,Mon,11:30,In-Sample,2024-04-01T15:54:00.890921,2024-04-01 11:54:00,LONG,18436.75,-540.0,True,13.01,True
716,NQ,Mon,11:30,In-Sample,2024-04-01T15:54:17,2024-04-01 11:54:17,LONG,18433.75,-20.0,True,13.01,True
716,NQ,Mon,11:30,In-Sample,2024-04-01T15:54:24,2024-04-01 11:54:24,LONG,18428.75,130.0,True,13.01,True
716,NQ,Mon,11:30,In-Sample,2024-04-01T15:54:28.420646,2024-04-01 11:54:28,LONG,18430.5,-240.0,True,13.01,True
716,NQ,Mon,11:30,In-Sample,2024-04-01T15:54:34.383043,2024-04-01 11:54:34,LONG,18429.25,55.0,True,13.01,True
716,NQ,Mon,11:30,In-Sample,2024-04-01T15:54:34.383043,2024-04-01 11:54:34,LONG,18429.25,320.0,True,13.01,True
716,NQ,Mon,11:30,In-Sample,2024-04-01T15:54:40.947606,2024-04-01 11:54:40,LONG,18427.0,-225.0,True,13.01,True
716,NQ,Mon,11:30,In-Sample,2024-04-01T15:55:01.979195,2024-04-01 11:55:01,LONG,18431.75,-465.0,True,13.01,True
716,NQ,Mon,11:30,In-Sample,2024-04-01T15:55:01.979320,2024-04-01 11:55:01,LONG,18431.75,-465.0,True,13.01,True
716,NQ,Mon,11:30,In-Sample,2024-04-01T15:55:01.984383,2024-04-01 11:55:01,LONG,18432.0,-480.0,True,13.01,True
716,NQ,Mon,11:30,In-Sample,2024-04-01T15:55:07.891669,2024-04-01 11:55:07,LONG,18438.25,-255.0,True,13.01,True
716,NQ,Mon,11:30,In-Sample,2024-04-01T15:55:07.954738,2024-04-01 11:55:07,LONG,18438.0,-240.0,True,13.01,True
716,NQ,Mon,11:30,In-Sample,2024-04-01T15:55:52.960951,2024-04-01 11:55:52,SHORT,18432.75,175.0,True,13.01,True
716,NQ,Mon,11:30,In-Sample,2024-04-01T15:55:52.960951,2024-04-01 11:55:52,SHORT,18432.75,350.0,True,13.01,True
716,NQ,Mon,11:30,In-Sample,2024-04-01T15:55:52.960951,2024-04-01 11:55:52,SHORT,18432.75,180.0,True,13.01,True
716,NQ,Mon,11:30,In-Sample,2024-04-01T15:58:18.399634,2024-04-01 11:58:18,SHORT,18427.5,175.0,True,13.01,True
716,NQ,Mon,11:30,In-Sample,2024-04-01T15:58:18.399634,2024-04-01 11:58:18,SHORT,18427.5,-480.0,True,13.01,True
716,NQ,Mon,11:30,In-Sample,2024-04-01T15:58:18.487918,2024-04-01 11:58:18,SHORT,18427.5,-30.0,True,13.01,True
716,NQ,Mon,11:30,In-Sample,2024-04-01T15:58:18.488017,2024-04-01 11:58:18,SHORT,18427.5,75.0,True,13.01,True
716,NQ,Mon,11:30,In-Sample,2024-04-01T15:58:18.488017,2024-04-01 11:58:18,SHORT,18427.5,10.0,True,13.01,True
716,NQ,Mon,11:30,In-Sample,2024-04-01T15:58:19,2024-04-01 11:58:19,LONG,18427.75,685.0,True,13.01,True
716,NQ,Mon,11:30,In-Sample,2024-04-01T15:58:19,2024-04-01 11:58:19,LONG,18427.75,785.0,True,13.01,True
716,NQ,Mon,11:30,In-Sample,2024-04-01T15:59:13.497190,2024-04-01 11:59:13,LONG,18426.25,-180.0,True,13.01,True
716,NQ,Mon,11:30,In-Sample,2024-04-01T15:59:13.497329,2024-04-01 11:59:13,LONG,18426.25,-255.0,True,13.01,True
716,NQ,Mon,11:30,In-Sample,2024-04-01T15:59:21.532751,2024-04-01 11:59:21,LONG,18426.75,-210.0,True,13.01,True
716,NQ,Mon,11:30,In-Sample,2024-04-01T15:59:45,2024-04-01 11:59:45,LONG,18422.75,1030.0,True,13.01,True
716,NQ,Mon,11:30,In-Sample,2024-04-01T15:59:53.497464,2024-04-01 11:59:53,LONG,18424.0,-375.0,True,13.01,True
716,NQ,Mon,11:30,In-Sample,2024-04-08T15:30:04.694978,2024-04-08 11:30:04,SHORT,18329.0,705.0,True,16.03,True
716,NQ,Mon,11:30,In-Sample,2024-04-08T15:30:05.260395,2024-04-08 11:30:05,SHORT,18329.0,1305.0,True,16.03,True
716,NQ,Mon,11:30,In-Sample,2024-04-08T15:30:05.260522,2024-04-08 11:30:05,SHORT,18329.0,1305.0,True,16.03,True
716,NQ,Mon,11:30,In-Sample,2024-04-08T15:30:06.164413,2024-04-08 11:30:06,SHORT,18325.5,75.0,True,16.03,True
716,NQ,Mon,11:30,In-Sample,2024-04-08T15:30:06.164413,2024-04-08 11:30:06,SHORT,18325.5,150.0,True,16.03,True
716,NQ,Mon,11:30,In-Sample,2024-04-08T15:30:06.164413,2024-04-08 11:30:06,SHORT,18325.5,40.0,True,16.03,True
716,NQ,Mon,11:30,In-Sample,2024-04-08T15:30:06.164560,2024-04-08 11:30:06,SHORT,18325.25,75.0,True,16.03,True
716,NQ,Mon,11:30,In-Sample,2024-04-08T15:30:06.164560,2024-04-08 11:30:06,SHORT,18325.25,150.0,True,16.03,True
716,NQ,Mon,11:30,In-Sample,2024-04-08T15:30:06.164560,2024-04-08 11:30:06,SHORT,18325.25,20.0,True,16.03,True
716,NQ,Mon,11:30,In-Sample,2024-04-08T15:30:10.527032,2024-04-08 11:30:10,SHORT,18320.25,2355.0,True,16.03,True
716,NQ,Mon,11:30,In-Sample,2024-04-08T15:30:11.286419,2024-04-08 11:30:11,SHORT,18319.75,540.0,True,16.03,True
716,NQ,Mon,11:30,In-Sample,2024-04-08T15:30:14,2024-04-08 11:30:14,LONG,18322.25,-270.0,True,16.03,True
716,NQ,Mon,11:30,In-Sample,2024-04-08T15:30:19.975972,2024-04-08 11:30:19,SHORT,18324.5,1055.0,True,16.03,True
716,NQ,Mon,11:30,In-Sample,2024-04-08T15:30:21.777106,2024-04-08 11:30:21,SHORT,18321.0,1970.0,True,16.03,True
716,NQ,Mon,11:30,In-Sample,2024-04-08T15:30:30,2024-04-08 11:30:30,LONG,18319.75,-85.0,True,16.03,True
716,NQ,Mon,11:30,In-Sample,2024-04-08T15:30:45.858947,2024-04-08 11:30:45,SHORT,18314.25,2595.0,True,16.03,True
716,NQ,Mon,11:30,In-Sample,2024-04-08T15:30:45.859160,2024-04-08 11:30:45,SHORT,18314.25,1170.0,True,16.03,True
716,NQ,Mon,11:30,In-Sample,2024-04-08T15:31:05.847040,2024-04-08 11:31:05,SHORT,18322.5,1260.0,True,16.03,True
716,NQ,Mon,11:30,In-Sample,2024-04-08T15:31:13.662294,2024-04-08 11:31:13,SHORT,18320.25,2430.0,True,16.03,True
716,NQ,Mon,11:30,In-Sample,2024-04-08T15:31:29.615114,2024-04-08 11:31:29,LONG,18323.5,-390.0,True,16.03,True
716,NQ,Mon,11:30,In-Sample,2024-04-08T15:31:56,2024-04-08 11:31:56,LONG,18324.5,100.0,True,16.03,True
716,NQ,Mon,11:30,In-Sample,2024-04-08T15:31:56,2024-04-08 11:31:56,LONG,18324.5,10.0,True,16.03,True
716,NQ,Mon,11:30,In-Sample,2024-04-08T15:33:31,2024-04-08 11:33:31,SHORT,18325.25,200.0,True,16.03,True
716,NQ,Mon,11:30,In-Sample,2024-04-08T15:33:41,2024-04-08 11:33:41,SHORT,18328.0,555.0,True,16.03,True
716,NQ,Mon,11:30,In-Sample,2024-04-08T15:34:11.162968,2024-04-08 11:34:11,SHORT,18324.0,480.0,True,16.03,True
716,NQ,Mon,11:30,In-Sample,2024-04-08T15:34:11.162968,2024-04-08 11:34:11,SHORT,18324.0,690.0,True,16.03,True
716,NQ,Mon,11:30,In-Sample,2024-04-08T15:34:11.162968,2024-04-08 11:34:11,SHORT,18324.0,500.0,True,16.03,True
716,NQ,Mon,11:30,In-Sample,2024-04-08T15:36:21.897233,2024-04-08 11:36:21,SHORT,18313.75,495.0,True,16.03,True
716,NQ,Mon,11:30,In-Sample,2024-04-08T15:36:21.897639,2024-04-08 11:36:21,SHORT,18313.75,495.0,True,16.03,True
716,NQ,Mon,11:30,In-Sample,2024-04-08T15:36:21.897757,2024-04-08 11:36:21,SHORT,18313.75,200.0,True,16.03,True
716,NQ,Mon,11:30,In-Sample,2024-04-08T15:36:22,2024-04-08 11:36:22,SHORT,18310.0,70.0,True,16.03,True
716,NQ,Mon,11:30,In-Sample,2024-04-08T15:36:22.058303,2024-04-08 11:36:22,LONG,18310.75,-135.0,True,16.03,True
716,NQ,Mon,11:30,In-Sample,2024-04-08T15:36:22.148470,2024-04-08 11:36:22,SHORT,18310.5,200.0,True,16.03,True
716,NQ,Mon,11:30,In-Sample,2024-04-08T15:36:22.148470,2024-04-08 11:36:22,SHORT,18310.5,395.0,True,16.03,True
716,NQ,Mon,11:30,In-Sample,2024-04-08T15:36:22.148470,2024-04-08 11:36:22,SHORT,18310.5,215.0,True,16.03,True
716,NQ,Mon,11:30,In-Sample,2024-04-08T15:36:22.557487,2024-04-08 11:36:22,SHORT,18308.5,285.0,True,16.03,True
716,NQ,Mon,11:30,In-Sample,2024-04-08T15:36:22.557487,2024-04-08 11:36:22,SHORT,18308.5,280.0,True,16.03,True
716,NQ,Mon,11:30,In-Sample,2024-04-08T15:36:23.552767,2024-04-08 11:36:23,SHORT,18301.75,810.0,True,16.03,True
716,NQ,Mon,11:30,In-Sample,2024-04-08T15:36:37.135575,2024-04-08 11:36:37,SHORT,18303.0,890.0,True,16.03,True
716,NQ,Mon,11:30,In-Sample,2024-04-08T15:36:37.801171,2024-04-08 11:36:37,LONG,18303.75,-410.0,True,16.03,True
716,NQ,Mon,11:30,In-Sample,2024-04-08T15:36:40.882714,2024-04-08 11:36:40,SHORT,18301.75,1730.0,True,16.03,True
716,NQ,Mon,11:30,In-Sample,2024-04-08T15:37:02,2024-04-08 11:37:02,SHORT,18299.75,200.0,True,16.03,True
716,NQ,Mon,11:30,In-Sample,2024-04-08T15:37:03,2024-04-08 11:37:03,SHORT,18302.25,60.0,True,16.03,True
716,NQ,Mon,11:30,In-Sample,2024-04-08T15:37:05.591491,2024-04-08 11:37:05,SHORT,18297.5,-150.0,True,16.03,True
716,NQ,Mon,11:30,In-Sample,2024-04-08T15:37:21,2024-04-08 11:37:21,SHORT,18294.75,-370.0,True,16.03,True
716,NQ,Mon,11:30,In-Sample,2024-04-08T15:37:21.528605,2024-04-08 11:37:21,SHORT,18293.5,-420.0,True,16.03,True
716,NQ,Mon,11:30,In-Sample,2024-04-08T15:37:21.593906,2024-04-08 11:37:21,SHORT,18293.5,-420.0,True,16.03,True
716,NQ,Mon,11:30,In-Sample,2024-04-08T15:37:21.594194,2024-04-08 11:37:21,SHORT,18293.5,-240.0,True,16.03,True
716,NQ,Mon,11:30,In-Sample,2024-04-08T15:37:35,2024-04-08 11:37:35,SHORT,18296.5,-150.0,True,16.03,True
716,NQ,Mon,11:30,In-Sample,2024-04-08T15:37:56.521409,2024-04-08 11:37:56,SHORT,18300.25,-235.0,True,16.03,True
716,NQ,Mon,11:30,In-Sample,2024-04-08T15:37:56.598915,2024-04-08 11:37:56,SHORT,18300.5,190.0,True,16.03,True
716,NQ,Mon,11:30,In-Sample,2024-04-08T15:37:56.599061,2024-04-08 11:37:56,SHORT,18299.75,245.0,True,16.03,True
716,NQ,Mon,11:30,In-Sample,2024-04-08T15:37:59.000001,2024-04-08 11:37:59,LONG,18305.5,50.0,True,16.03,True
716,NQ,Mon,11:30,In-Sample,2024-04-08T15:37:59.691252,2024-04-08 11:37:59,SHORT,18304.75,345.0,True,16.03,True
716,NQ,Mon,11:30,In-Sample,2024-04-08T15:37:59.706947,2024-04-08 11:37:59,LONG,18305.5,210.0,True,16.03,True
716,NQ,Mon,11:30,In-Sample,2024-04-08T15:37:59.706947,2024-04-08 11:37:59,LONG,18305.5,130.0,True,16.03,True
716,NQ,Mon,11:30,In-Sample,2024-04-08T15:38:08.093543,2024-04-08 11:38:08,SHORT,18310.25,-35.0,True,16.03,True
716,NQ,Mon,11:30,In-Sample,2024-04-08T15:38:09.658130,2024-04-08 11:38:09,SHORT,18307.0,390.0,True,16.03,True
716,NQ,Mon,11:30,In-Sample,2024-04-08T15:38:09.728025,2024-04-08 11:38:09,SHORT,18307.0,640.0,True,16.03,True
716,NQ,Mon,11:30,In-Sample,2024-04-08T15:38:17.472949,2024-04-08 11:38:17,SHORT,18304.5,-150.0,True,16.03,True
716,NQ,Mon,11:30,In-Sample,2024-04-08T15:39:36.839795,2024-04-08 11:39:36,SHORT,18314.0,235.0,True,16.03,True
716,NQ,Mon,11:30,In-Sample,2024-04-08T15:39:43.399714,2024-04-08 11:39:43,SHORT,18314.5,245.0,True,16.03,True
716,NQ,Mon,11:30,In-Sample,2024-04-08T15:39:43.492624,2024-04-08 11:39:43,SHORT,18314.5,245.0,True,16.03,True
716,NQ,Mon,11:30,In-Sample,2024-04-08T15:39:43.492744,2024-04-08 11:39:43,SHORT,18314.5,245.0,True,16.03,True
716,NQ,Mon,11:30,In-Sample,2024-04-08T15:39:43.492882,2024-04-08 11:39:43,SHORT,18314.5,245.0,True,16.03,True
716,NQ,Mon,11:30,In-Sample,2024-04-08T15:39:45.915987,2024-04-08 11:39:45,SHORT,18316.0,410.0,True,16.03,True
716,NQ,Mon,11:30,In-Sample,2024-04-08T15:39:45.993228,2024-04-08 11:39:45,SHORT,18316.0,425.0,True,16.03,True
716,NQ,Mon,11:30,In-Sample,2024-04-08T15:40:22.787557,2024-04-08 11:40:22,SHORT,18312.0,225.0,True,16.03,True
716,NQ,Mon,11:30,In-Sample,2024-04-08T15:40:22.875998,2024-04-08 11:40:22,SHORT,18312.0,660.0,True,16.03,True
716,NQ,Mon,11:30,In-Sample,2024-04-08T15:40:22.876376,2024-04-08 11:40:22,SHORT,18312.0,690.0,True,16.03,True
716,NQ,Mon,11:30,In-Sample,2024-04-08T15:40:51.857137,2024-04-08 11:40:51,SHORT,18309.5,145.0,True,16.03,True
716,NQ,Mon,11:30,In-Sample,2024-04-08T15:40:52.163472,2024-04-08 11:40:52,SHORT,18310.25,435.0,True,16.03,True
716,NQ,Mon,11:30,In-Sample,2024-04-08T15:40:52.163472,2024-04-08 11:40:52,SHORT,18310.25,730.0,True,16.03,True
716,NQ,Mon,11:30,In-Sample,2024-04-08T15:41:37.801591,2024-04-08 11:41:37,SHORT,18306.75,90.0,True,16.03,True
716,NQ,Mon,11:30,In-Sample,2024-04-08T15:41:37.888305,2024-04-08 11:41:37,SHORT,18306.75,90.0,True,16.03,True
716,NQ,Mon,11:30,In-Sample,2024-04-08T15:44:25,2024-04-08 11:44:25,LONG,18318.75,-50.0,True,16.03,True
716,NQ,Mon,11:30,In-Sample,2024-04-08T15:44:25.000001,2024-04-08 11:44:25,LONG,18318.5,-40.0,True,16.03,True
716,NQ,Mon,11:30,In-Sample,2024-04-08T15:44:25.000002,2024-04-08 11:44:25,LONG,18318.5,-20.0,True,16.03,True
716,NQ,Mon,11:30,In-Sample,2024-04-08T15:45:01.219767,2024-04-08 11:45:01,SHORT,18310.25,495.0,True,16.03,True
716,NQ,Mon,11:30,In-Sample,2024-04-08T15:45:01.219767,2024-04-08 11:45:01,SHORT,18310.25,750.0,True,16.03,True
716,NQ,Mon,11:30,In-Sample,2024-04-08T15:45:01.219912,2024-04-08 11:45:01,SHORT,18310.25,750.0,True,16.03,True
716,NQ,Mon,11:30,In-Sample,2024-04-08T15:45:38.468739,2024-04-08 11:45:38,SHORT,18292.0,-410.0,True,16.03,True
716,NQ,Mon,11:30,In-Sample,2024-04-08T15:45:38.536353,2024-04-08 11:45:38,SHORT,18292.0,-410.0,True,16.03,True
716,NQ,Mon,11:30,In-Sample,2024-04-08T15:45:51.273068,2024-04-08 11:45:51,SHORT,18292.5,415.0,True,16.03,True
716,NQ,Mon,11:30,In-Sample,2024-04-08T15:45:51.351980,2024-04-08 11:45:51,SHORT,18292.5,0.0,True,16.03,True
716,NQ,Mon,11:30,In-Sample,2024-04-08T15:46:00.412969,2024-04-08 11:46:00,SHORT,18297.5,515.0,True,16.03,True
716,NQ,Mon,11:30,In-Sample,2024-04-08T15:46:06.603304,2024-04-08 11:46:06,LONG,18300.75,-640.0,True,16.03,True
716,NQ,Mon,11:30,In-Sample,2024-04-08T15:46:08.765669,2024-04-08 11:46:08,SHORT,18296.25,150.0,True,16.03,True
716,NQ,Mon,11:30,In-Sample,2024-04-08T15:46:09.399277,2024-04-08 11:46:09,SHORT,18295.5,475.0,True,16.03,True
716,NQ,Mon,11:30,In-Sample,2024-04-08T15:47:53.137931,2024-04-08 11:47:53,SHORT,18291.0,160.0,True,16.03,True
716,NQ,Mon,11:30,In-Sample,2024-04-08T15:47:53.137931,2024-04-08 11:47:53,SHORT,18291.0,355.0,True,16.03,True
716,NQ,Mon,11:30,In-Sample,2024-04-08T15:47:53.137931,2024-04-08 11:47:53,SHORT,18291.0,255.0,True,16.03,True
716,NQ,Mon,11:30,In-Sample,2024-04-08T15:48:19,2024-04-08 11:48:19,LONG,18302.25,100.0,True,16.03,True
716,NQ,Mon,11:30,In-Sample,2024-04-08T15:48:19,2024-04-08 11:48:19,LONG,18302.25,15.0,True,16.03,True
716,NQ,Mon,11:30,In-Sample,2024-04-08T15:50:02,2024-04-08 11:50:02,LONG,18302.5,200.0,True,16.03,True
716,NQ,Mon,11:30,In-Sample,2024-04-08T15:50:16,2024-04-08 11:50:16,LONG,18298.75,85.0,True,16.03,True
716,NQ,Mon,11:30,In-Sample,2024-04-08T15:50:48.657311,2024-04-08 11:50:48,LONG,18306.25,-465.0,True,16.03,True
716,NQ,Mon,11:30,In-Sample,2024-04-08T15:50:48.657540,2024-04-08 11:50:48,LONG,18306.25,-465.0,True,16.03,True
716,NQ,Mon,11:30,In-Sample,2024-04-08T15:53:23.627241,2024-04-08 11:53:23,SHORT,18299.0,1140.0,True,16.03,True
716,NQ,Mon,11:30,In-Sample,2024-04-08T15:53:45.671533,2024-04-08 11:53:45,SHORT,18294.75,-750.0,True,16.03,True
716,NQ,Mon,11:30,In-Sample,2024-04-08T15:55:26.191661,2024-04-08 11:55:26,SHORT,18290.25,75.0,True,16.03,True
716,NQ,Mon,11:30,In-Sample,2024-04-08T15:55:26.191661,2024-04-08 11:55:26,SHORT,18290.25,150.0,True,16.03,True
716,NQ,Mon,11:30,In-Sample,2024-04-08T15:55:26.191661,2024-04-08 11:55:26,SHORT,18290.25,20.0,True,16.03,True
716,NQ,Mon,11:30,In-Sample,2024-04-08T15:55:26.282845,2024-04-08 11:55:26,SHORT,18290.25,75.0,True,16.03,True
716,NQ,Mon,11:30,In-Sample,2024-04-08T15:55:26.282845,2024-04-08 11:55:26,SHORT,18290.25,150.0,True,16.03,True
716,NQ,Mon,11:30,In-Sample,2024-04-08T15:55:26.282845,2024-04-08 11:55:26,SHORT,18290.25,45.0,True,16.03,True
716,NQ,Mon,11:30,In-Sample,2024-04-08T15:55:26.644749,2024-04-08 11:55:26,SHORT,18289.25,10.0,True,16.03,True
716,NQ,Mon,11:30,In-Sample,2024-04-08T15:55:26.644749,2024-04-08 11:55:26,SHORT,18289.25,0.0,True,16.03,True
716,NQ,Mon,11:30,In-Sample,2024-04-08T15:55:26.719804,2024-04-08 11:55:26,SHORT,18289.25,15.0,True,16.03,True
716,NQ,Mon,11:30,In-Sample,2024-04-08T15:55:26.719804,2024-04-08 11:55:26,SHORT,18289.25,-50.0,True,16.03,True
716,NQ,Mon,11:30,In-Sample,2024-04-08T15:55:26.720170,2024-04-08 11:55:26,SHORT,18289.25,10.0,True,16.03,True
716,NQ,Mon,11:30,In-Sample,2024-04-08T15:55:26.720170,2024-04-08 11:55:26,SHORT,18289.25,0.0,True,16.03,True
716,NQ,Mon,11:30,In-Sample,2024-04-08T15:56:36.581910,2024-04-08 11:56:36,SHORT,18285.25,-645.0,True,16.03,True
716,NQ,Mon,11:30,In-Sample,2024-04-08T15:56:37.052874,2024-04-08 11:56:37,SHORT,18284.75,-75.0,True,16.03,True
716,NQ,Mon,11:30,In-Sample,2024-04-08T15:56:37.052874,2024-04-08 11:56:37,SHORT,18284.75,-560.0,True,16.03,True
716,NQ,Mon,11:30,In-Sample,2024-04-08T15:56:37.052954,2024-04-08 11:56:37,SHORT,18284.75,-75.0,True,16.03,True
716,NQ,Mon,11:30,In-Sample,2024-04-08T15:56:37.052954,2024-04-08 11:56:37,SHORT,18284.75,-560.0,True,16.03,True
716,NQ,Mon,11:30,In-Sample,2024-04-08T15:56:37.053039,2024-04-08 11:56:37,SHORT,18284.75,360.0,True,16.03,True
716,NQ,Mon,11:30,In-Sample,2024-04-08T15:56:37.053130,2024-04-08 11:56:37,SHORT,18284.75,-215.0,True,16.03,True
716,NQ,Mon,11:30,In-Sample,2024-04-08T15:56:37.053221,2024-04-08 11:56:37,SHORT,18284.75,360.0,True,16.03,True
716,NQ,Mon,11:30,In-Sample,2024-04-08T15:56:37.593294,2024-04-08 11:56:37,SHORT,18280.75,-1320.0,True,16.03,True
716,NQ,Mon,11:30,In-Sample,2024-04-08T15:57:01.649646,2024-04-08 11:57:01,SHORT,18286.0,-195.0,True,16.03,True
716,NQ,Mon,11:30,In-Sample,2024-04-08T15:57:02.898470,2024-04-08 11:57:02,SHORT,18284.0,-470.0,True,16.03,True
716,NQ,Mon,11:30,In-Sample,2024-04-08T15:57:20.364696,2024-04-08 11:57:20,LONG,18295.5,-700.0,True,16.03,True
716,NQ,Mon,11:30,In-Sample,2024-04-08T15:59:43.556614,2024-04-08 11:59:43,LONG,18302.75,-60.0,True,16.03,True
716,NQ,Mon,11:30,In-Sample,2024-04-08T15:59:44.046362,2024-04-08 11:59:44,SHORT,18301.75,245.0,True,16.03,True
716,NQ,Mon,11:30,In-Sample,2024-04-08T15:59:44.046362,2024-04-08 11:59:44,SHORT,18301.75,200.0,True,16.03,True
716,NQ,Mon,11:30,In-Sample,2024-04-15T15:30:19.407852,2024-04-15 11:30:19,SHORT,18190.25,10300.0,True,17.31,True
716,NQ,Mon,11:30,In-Sample,2024-04-15T15:30:19.407852,2024-04-15 11:30:19,SHORT,18190.25,5115.0,True,17.31,True
716,NQ,Mon,11:30,In-Sample,2024-04-15T15:30:20.698551,2024-04-15 11:30:20,SHORT,18190.25,10230.0,True,17.31,True
716,NQ,Mon,11:30,In-Sample,2024-04-15T15:30:20.698551,2024-04-15 11:30:20,SHORT,18190.25,5565.0,True,17.31,True
716,NQ,Mon,11:30,In-Sample,2024-04-15T15:30:39.720076,2024-04-15 11:30:39,LONG,18198.75,-360.0,True,17.31,True
716,NQ,Mon,11:30,In-Sample,2024-04-15T15:30:41,2024-04-15 11:30:41,SHORT,18198.5,100.0,True,17.31,True
716,NQ,Mon,11:30,In-Sample,2024-04-15T15:30:41,2024-04-15 11:30:41,SHORT,18198.5,5.0,True,17.31,True
716,NQ,Mon,11:30,In-Sample,2024-04-15T15:30:46.823715,2024-04-15 11:30:46,LONG,18193.25,-1830.0,True,17.31,True
716,NQ,Mon,11:30,In-Sample,2024-04-15T15:30:49.950855,2024-04-15 11:30:49,LONG,18196.75,-1900.0,True,17.31,True
716,NQ,Mon,11:30,In-Sample,2024-04-15T15:30:49.950855,2024-04-15 11:30:49,LONG,18196.75,-2040.0,True,17.31,True
716,NQ,Mon,11:30,In-Sample,2024-04-15T15:30:50.226648,2024-04-15 11:30:50,LONG,18197.75,-480.0,True,17.31,True
716,NQ,Mon,11:30,In-Sample,2024-04-15T15:30:50.476621,2024-04-15 11:30:50,LONG,18197.5,-465.0,True,17.31,True
716,NQ,Mon,11:30,In-Sample,2024-04-15T15:30:51.592968,2024-04-15 11:30:51,LONG,18197.75,-480.0,True,17.31,True
716,NQ,Mon,11:30,In-Sample,2024-04-15T15:30:51.736901,2024-04-15 11:30:51,LONG,18197.5,405.0,True,17.31,True
716,NQ,Mon,11:30,In-Sample,2024-04-15T15:31:01.290603,2024-04-15 11:31:01,SHORT,18189.75,5780.0,True,17.31,True
716,NQ,Mon,11:30,In-Sample,2024-04-15T15:31:01.290603,2024-04-15 11:31:01,SHORT,18189.75,5865.0,True,17.31,True
716,NQ,Mon,11:30,In-Sample,2024-04-15T15:31:01.290603,2024-04-15 11:31:01,SHORT,18189.75,5640.0,True,17.31,True
716,NQ,Mon,11:30,In-Sample,2024-04-15T15:31:02.602547,2024-04-15 11:31:02,SHORT,18189.75,11280.0,True,17.31,True
716,NQ,Mon,11:30,In-Sample,2024-04-15T15:31:02.602547,2024-04-15 11:31:02,SHORT,18189.75,5530.0,True,17.31,True
716,NQ,Mon,11:30,In-Sample,2024-04-15T15:31:02.737755,2024-04-15 11:31:02,SHORT,18189.75,-500.0,True,17.31,True
716,NQ,Mon,11:30,In-Sample,2024-04-15T15:31:52.265140,2024-04-15 11:31:52,SHORT,18192.75,-585.0,True,17.31,True
716,NQ,Mon,11:30,In-Sample,2024-04-15T15:31:52.332012,2024-04-15 11:31:52,SHORT,18192.75,-390.0,True,17.31,True
716,NQ,Mon,11:30,In-Sample,2024-04-15T15:31:52.332760,2024-04-15 11:31:52,SHORT,18192.75,-390.0,True,17.31,True
716,NQ,Mon,11:30,In-Sample,2024-04-15T15:31:52.489104,2024-04-15 11:31:52,SHORT,18192.5,-600.0,True,17.31,True
716,NQ,Mon,11:30,In-Sample,2024-04-15T15:31:52.840885,2024-04-15 11:31:52,LONG,18192.5,-1980.0,True,17.31,True
716,NQ,Mon,11:30,In-Sample,2024-04-15T15:31:53.147069,2024-04-15 11:31:53,LONG,18192.0,-1945.0,True,17.31,True
716,NQ,Mon,11:30,In-Sample,2024-04-15T15:31:53.633252,2024-04-15 11:31:53,SHORT,18192.75,-1065.0,True,17.31,True
716,NQ,Mon,11:30,In-Sample,2024-04-15T15:31:53.648526,2024-04-15 11:31:53,SHORT,18192.75,-710.0,True,17.31,True
716,NQ,Mon,11:30,In-Sample,2024-04-15T15:31:53.676678,2024-04-15 11:31:53,SHORT,18192.75,-710.0,True,17.31,True
716,NQ,Mon,11:30,In-Sample,2024-04-15T15:31:53.793164,2024-04-15 11:31:53,SHORT,18192.5,-1080.0,True,17.31,True
716,NQ,Mon,11:30,In-Sample,2024-04-15T15:32:05.576822,2024-04-15 11:32:05,LONG,18196.25,-2030.0,True,17.31,True
716,NQ,Mon,11:30,In-Sample,2024-04-15T15:32:05.576822,2024-04-15 11:32:05,LONG,18196.25,-1955.0,True,17.31,True
716,NQ,Mon,11:30,In-Sample,2024-04-15T15:32:29.443901,2024-04-15 11:32:29,LONG,18202.5,-45.0,True,17.31,True
716,NQ,Mon,11:30,In-Sample,2024-04-15T15:32:29.443901,2024-04-15 11:32:29,LONG,18202.5,-195.0,True,17.31,True
716,NQ,Mon,11:30,In-Sample,2024-04-15T15:32:29.444102,2024-04-15 11:32:29,LONG,18202.5,105.0,True,17.31,True
716,NQ,Mon,11:30,In-Sample,2024-04-15T15:32:29.444188,2024-04-15 11:32:29,LONG,18202.5,105.0,True,17.31,True
716,NQ,Mon,11:30,In-Sample,2024-04-15T15:32:29.444790,2024-04-15 11:32:29,LONG,18202.5,-4690.0,True,17.31,True
716,NQ,Mon,11:30,In-Sample,2024-04-15T15:32:29.445778,2024-04-15 11:32:29,LONG,18202.5,885.0,True,17.31,True
716,NQ,Mon,11:30,In-Sample,2024-04-15T15:32:29.964496,2024-04-15 11:32:29,LONG,18201.75,150.0,True,17.31,True
716,NQ,Mon,11:30,In-Sample,2024-04-15T15:32:30.192539,2024-04-15 11:32:30,LONG,18201.25,360.0,True,17.31,True
716,NQ,Mon,11:30,In-Sample,2024-04-15T15:32:31.220925,2024-04-15 11:32:31,LONG,18201.75,420.0,True,17.31,True
716,NQ,Mon,11:30,In-Sample,2024-04-15T15:32:31.258364,2024-04-15 11:32:31,LONG,18201.25,360.0,True,17.31,True
716,NQ,Mon,11:30,In-Sample,2024-04-15T15:34:33.714409,2024-04-15 11:34:33,LONG,18209.0,-2120.0,True,17.31,True
716,NQ,Mon,11:30,In-Sample,2024-04-15T15:34:33.714409,2024-04-15 11:34:33,LONG,18209.0,-4210.0,True,17.31,True
716,NQ,Mon,11:30,In-Sample,2024-04-15T15:35:06.530419,2024-04-15 11:35:06,LONG,18210.0,-19635.0,True,17.31,True
716,NQ,Mon,11:30,In-Sample,2024-04-15T15:35:17.681574,2024-04-15 11:35:17,SHORT,18204.5,11650.0,True,17.31,True
716,NQ,Mon,11:30,In-Sample,2024-04-15T15:35:17.681574,2024-04-15 11:35:17,SHORT,18204.5,5845.0,True,17.31,True
716,NQ,Mon,11:30,In-Sample,2024-04-15T15:35:18.456919,2024-04-15 11:35:18,SHORT,18204.25,1985.0,True,17.31,True
716,NQ,Mon,11:30,In-Sample,2024-04-15T15:35:18.456919,2024-04-15 11:35:18,SHORT,18204.25,2710.0,True,17.31,True
716,NQ,Mon,11:30,In-Sample,2024-04-15T15:35:18.458385,2024-04-15 11:35:18,SHORT,18204.25,-200.0,True,17.31,True
716,NQ,Mon,11:30,In-Sample,2024-04-15T15:35:18.957711,2024-04-15 11:35:18,SHORT,18204.5,11480.0,True,17.31,True
716,NQ,Mon,11:30,In-Sample,2024-04-15T15:35:18.957711,2024-04-15 11:35:18,SHORT,18204.5,6080.0,True,17.31,True
716,NQ,Mon,11:30,In-Sample,2024-04-15T15:35:19.109602,2024-04-15 11:35:19,SHORT,18204.25,3115.0,True,17.31,True
716,NQ,Mon,11:30,In-Sample,2024-04-15T15:35:19.109602,2024-04-15 11:35:19,SHORT,18204.25,4200.0,True,17.31,True
716,NQ,Mon,11:30,In-Sample,2024-04-15T15:35:19.109804,2024-04-15 11:35:19,SHORT,18204.25,140.0,True,17.31,True
716,NQ,Mon,11:30,In-Sample,2024-04-15T15:35:19.109804,2024-04-15 11:35:19,SHORT,18204.25,-100.0,True,17.31,True
716,NQ,Mon,11:30,In-Sample,2024-04-15T15:35:19.439967,2024-04-15 11:35:19,SHORT,18204.25,-375.0,True,17.31,True
716,NQ,Mon,11:30,In-Sample,2024-04-15T15:35:22.490680,2024-04-15 11:35:22,SHORT,18203.25,45.0,True,17.31,True
716,NQ,Mon,11:30,In-Sample,2024-04-15T15:35:22.490680,2024-04-15 11:35:22,SHORT,18203.25,215.0,True,17.31,True
716,NQ,Mon,11:30,In-Sample,2024-04-15T15:35:22.490680,2024-04-15 11:35:22,SHORT,18203.25,210.0,True,17.31,True
716,NQ,Mon,11:30,In-Sample,2024-04-15T15:35:22.564706,2024-04-15 11:35:22,SHORT,18203.25,35.0,True,17.31,True
716,NQ,Mon,11:30,In-Sample,2024-04-15T15:35:22.564706,2024-04-15 11:35:22,SHORT,18203.25,225.0,True,17.31,True
716,NQ,Mon,11:30,In-Sample,2024-04-15T15:35:22.565573,2024-04-15 11:35:22,SHORT,18203.0,40.0,True,17.31,True
716,NQ,Mon,11:30,In-Sample,2024-04-15T15:35:22.565573,2024-04-15 11:35:22,SHORT,18203.0,205.0,True,17.31,True
716,NQ,Mon,11:30,In-Sample,2024-04-15T15:35:22.748355,2024-04-15 11:35:22,SHORT,18203.25,50.0,True,17.31,True
716,NQ,Mon,11:30,In-Sample,2024-04-15T15:35:22.748355,2024-04-15 11:35:22,SHORT,18203.25,220.0,True,17.31,True
716,NQ,Mon,11:30,In-Sample,2024-04-15T15:35:22.748355,2024-04-15 11:35:22,SHORT,18203.25,210.0,True,17.31,True
716,NQ,Mon,11:30,In-Sample,2024-04-15T15:35:23.862608,2024-04-15 11:35:23,SHORT,18203.25,645.0,True,17.31,True
716,NQ,Mon,11:30,In-Sample,2024-04-15T15:35:23.877839,2024-04-15 11:35:23,SHORT,18203.25,390.0,True,17.31,True
716,NQ,Mon,11:30,In-Sample,2024-04-15T15:35:23.921480,2024-04-15 11:35:23,SHORT,18203.0,430.0,True,17.31,True
716,NQ,Mon,11:30,In-Sample,2024-04-15T15:35:24.015339,2024-04-15 11:35:24,SHORT,18203.25,660.0,True,17.31,True
716,NQ,Mon,11:30,In-Sample,2024-04-15T15:35:27.161958,2024-04-15 11:35:27,LONG,18201.75,310.0,True,17.31,True
716,NQ,Mon,11:30,In-Sample,2024-04-15T15:35:30,2024-04-15 11:35:30,LONG,18206.5,-200.0,True,17.31,True
716,NQ,Mon,11:30,In-Sample,2024-04-15T15:35:31,2024-04-15 11:35:31,LONG,18202.75,-25.0,True,17.31,True
716,NQ,Mon,11:30,In-Sample,2024-04-15T15:35:43.022944,2024-04-15 11:35:43,LONG,18210.5,270.0,True,17.31,True
716,NQ,Mon,11:30,In-Sample,2024-04-15T15:35:43.023070,2024-04-15 11:35:43,LONG,18210.5,-105.0,True,17.31,True
716,NQ,Mon,11:30,In-Sample,2024-04-15T15:35:43.941223,2024-04-15 11:35:43,LONG,18211.5,-165.0,True,17.31,True
716,NQ,Mon,11:30,In-Sample,2024-04-15T15:35:44.325879,2024-04-15 11:35:44,SHORT,18209.0,11940.0,True,17.31,True
716,NQ,Mon,11:30,In-Sample,2024-04-15T15:35:44.325879,2024-04-15 11:35:44,SHORT,18209.0,6335.0,True,17.31,True
716,NQ,Mon,11:30,In-Sample,2024-04-15T15:35:45,2024-04-15 11:35:45,LONG,18210.0,200.0,True,17.31,True
716,NQ,Mon,11:30,In-Sample,2024-04-15T15:35:45.161803,2024-04-15 11:35:45,LONG,18211.5,-30.0,True,17.31,True
716,NQ,Mon,11:30,In-Sample,2024-04-15T15:35:45.634592,2024-04-15 11:35:45,SHORT,18209.0,12490.0,True,17.31,True
716,NQ,Mon,11:30,In-Sample,2024-04-15T15:35:45.634592,2024-04-15 11:35:45,SHORT,18209.0,6635.0,True,17.31,True
716,NQ,Mon,11:30,In-Sample,2024-04-15T15:35:49,2024-04-15 11:35:49,LONG,18206.5,75.0,True,17.31,True
716,NQ,Mon,11:30,In-Sample,2024-04-15T15:35:54.130672,2024-04-15 11:35:54,SHORT,18217.0,2345.0,True,17.31,True
716,NQ,Mon,11:30,In-Sample,2024-04-15T15:36:06.544121,2024-04-15 11:36:06,SHORT,18213.5,4550.0,True,17.31,True
716,NQ,Mon,11:30,In-Sample,2024-04-15T15:36:10.090237,2024-04-15 11:36:10,LONG,18209.75,270.0,True,17.31,True
716,NQ,Mon,11:30,In-Sample,2024-04-15T15:36:10.952855,2024-04-15 11:36:10,SHORT,18208.25,225.0,True,17.31,True
716,NQ,Mon,11:30,In-Sample,2024-04-15T15:36:10.952855,2024-04-15 11:36:10,SHORT,18208.25,-40.0,True,17.31,True
716,NQ,Mon,11:30,In-Sample,2024-04-15T15:36:11.195440,2024-04-15 11:36:11,SHORT,18208.5,12960.0,True,17.31,True
716,NQ,Mon,11:30,In-Sample,2024-04-15T15:36:11.195440,2024-04-15 11:36:11,SHORT,18208.5,5765.0,True,17.31,True
716,NQ,Mon,11:30,In-Sample,2024-04-15T15:36:11.338330,2024-04-15 11:36:11,SHORT,18208.75,4290.0,True,17.31,True
716,NQ,Mon,11:30,In-Sample,2024-04-15T15:36:11.338330,2024-04-15 11:36:11,SHORT,18208.75,5650.0,True,17.31,True
716,NQ,Mon,11:30,In-Sample,2024-04-15T15:36:11.338501,2024-04-15 11:36:11,SHORT,18208.75,165.0,True,17.31,True
716,NQ,Mon,11:30,In-Sample,2024-04-15T15:36:11.338501,2024-04-15 11:36:11,SHORT,18208.75,345.0,True,17.31,True
716,NQ,Mon,11:30,In-Sample,2024-04-15T15:36:12.023584,2024-04-15 11:36:12,SHORT,18206.0,-705.0,True,17.31,True
716,NQ,Mon,11:30,In-Sample,2024-04-15T15:36:12.308779,2024-04-15 11:36:12,SHORT,18208.25,175.0,True,17.31,True
716,NQ,Mon,11:30,In-Sample,2024-04-15T15:36:12.308779,2024-04-15 11:36:12,SHORT,18208.25,405.0,True,17.31,True
716,NQ,Mon,11:30,In-Sample,2024-04-15T15:36:12.308779,2024-04-15 11:36:12,SHORT,18208.25,335.0,True,17.31,True
716,NQ,Mon,11:30,In-Sample,2024-04-15T15:36:12.483659,2024-04-15 11:36:12,SHORT,18208.5,11530.0,True,17.31,True
716,NQ,Mon,11:30,In-Sample,2024-04-15T15:36:12.483659,2024-04-15 11:36:12,SHORT,18208.5,5760.0,True,17.31,True
716,NQ,Mon,11:30,In-Sample,2024-04-15T15:36:12.637800,2024-04-15 11:36:12,SHORT,18208.75,5650.0,True,17.31,True
716,NQ,Mon,11:30,In-Sample,2024-04-15T15:36:12.637800,2024-04-15 11:36:12,SHORT,18208.75,6035.0,True,17.31,True
716,NQ,Mon,11:30,In-Sample,2024-04-15T15:36:12.638010,2024-04-15 11:36:12,SHORT,18208.75,590.0,True,17.31,True
716,NQ,Mon,11:30,In-Sample,2024-04-15T15:36:16.291107,2024-04-15 11:36:16,SHORT,18200.25,-1050.0,True,17.31,True
716,NQ,Mon,11:30,In-Sample,2024-04-15T15:36:16.291107,2024-04-15 11:36:16,SHORT,18200.25,-660.0,True,17.31,True
716,NQ,Mon,11:30,In-Sample,2024-04-15T15:36:17.626428,2024-04-15 11:36:17,SHORT,18200.25,-660.0,True,17.31,True
716,NQ,Mon,11:30,In-Sample,2024-04-15T15:36:17.626428,2024-04-15 11:36:17,SHORT,18200.25,-40.0,True,17.31,True
716,NQ,Mon,11:30,In-Sample,2024-04-15T15:36:17.626428,2024-04-15 11:36:17,SHORT,18200.25,-240.0,True,17.31,True
716,NQ,Mon,11:30,In-Sample,2024-04-15T15:36:18.418392,2024-04-15 11:36:18,LONG,18199.75,470.0,True,17.31,True
716,NQ,Mon,11:30,In-Sample,2024-04-15T15:36:18.823546,2024-04-15 11:36:18,LONG,18197.25,275.0,True,17.31,True
716,NQ,Mon,11:30,In-Sample,2024-04-15T15:36:23.302765,2024-04-15 11:36:23,LONG,18201.75,430.0,True,17.31,True
716,NQ,Mon,11:30,In-Sample,2024-04-15T15:36:52.901137,2024-04-15 11:36:52,LONG,18209.25,70.0,True,17.31,True
716,NQ,Mon,11:30,In-Sample,2024-04-15T15:37:49.807793,2024-04-15 11:37:49,LONG,18218.0,315.0,True,17.31,True
716,NQ,Mon,11:30,In-Sample,2024-04-15T15:37:51.111414,2024-04-15 11:37:51,LONG,18218.0,-6990.0,True,17.31,True
716,NQ,Mon,11:30,In-Sample,2024-04-15T15:37:57.172485,2024-04-15 11:37:57,LONG,18212.25,-2365.0,True,17.31,True
716,NQ,Mon,11:30,In-Sample,2024-04-15T15:38:38.338102,2024-04-15 11:38:38,SHORT,18211.0,1050.0,True,17.31,True
716,NQ,Mon,11:30,In-Sample,2024-04-15T15:38:38.449026,2024-04-15 11:38:38,SHORT,18211.0,11620.0,True,17.31,True
716,NQ,Mon,11:30,In-Sample,2024-04-15T15:38:38.449026,2024-04-15 11:38:38,SHORT,18211.0,5745.0,True,17.31,True
716,NQ,Mon,11:30,In-Sample,2024-04-15T15:38:38.563993,2024-04-15 11:38:38,SHORT,18212.0,720.0,True,17.31,True
716,NQ,Mon,11:30,In-Sample,2024-04-15T15:38:39.716268,2024-04-15 11:38:39,SHORT,18211.0,1050.0,True,17.31,True
716,NQ,Mon,11:30,In-Sample,2024-04-15T15:38:39.748964,2024-04-15 11:38:39,SHORT,18211.0,11490.0,True,17.31,True
716,NQ,Mon,11:30,In-Sample,2024-04-15T15:38:39.748964,2024-04-15 11:38:39,SHORT,18211.0,5740.0,True,17.31,True
716,NQ,Mon,11:30,In-Sample,2024-04-15T15:38:39.870113,2024-04-15 11:38:39,SHORT,18212.0,690.0,True,17.31,True
716,NQ,Mon,11:30,In-Sample,2024-04-15T15:39:11.954872,2024-04-15 11:39:11,SHORT,18209.75,1035.0,True,17.31,True
716,NQ,Mon,11:30,In-Sample,2024-04-15T15:39:11.978187,2024-04-15 11:39:11,SHORT,18210.25,670.0,True,17.31,True
716,NQ,Mon,11:30,In-Sample,2024-04-15T15:39:12.130635,2024-04-15 11:39:12,SHORT,18209.75,700.0,True,17.31,True
716,NQ,Mon,11:30,In-Sample,2024-04-15T15:39:12.299285,2024-04-15 11:39:12,SHORT,18209.5,1035.0,True,17.31,True
716,NQ,Mon,11:30,In-Sample,2024-04-15T15:39:13,2024-04-15 11:39:13,SHORT,18209.75,200.0,True,17.31,True
716,NQ,Mon,11:30,In-Sample,2024-04-15T15:39:13.365915,2024-04-15 11:39:13,SHORT,18209.75,-90.0,True,17.31,True
716,NQ,Mon,11:30,In-Sample,2024-04-15T15:39:13.391650,2024-04-15 11:39:13,SHORT,18210.25,-40.0,True,17.31,True
716,NQ,Mon,11:30,In-Sample,2024-04-15T15:39:13.596826,2024-04-15 11:39:13,SHORT,18209.75,-60.0,True,17.31,True
716,NQ,Mon,11:30,In-Sample,2024-04-15T15:39:13.685272,2024-04-15 11:39:13,SHORT,18209.5,-105.0,True,17.31,True
716,NQ,Mon,11:30,In-Sample,2024-04-15T15:39:22,2024-04-15 11:39:22,SHORT,18212.25,50.0,True,17.31,True
716,NQ,Mon,11:30,In-Sample,2024-04-15T15:39:55.616976,2024-04-15 11:39:55,LONG,18207.25,-2165.0,True,17.31,True
716,NQ,Mon,11:30,In-Sample,2024-04-15T15:40:07.322328,2024-04-15 11:40:07,LONG,18208.5,-2225.0,True,17.31,True
716,NQ,Mon,11:30,In-Sample,2024-04-15T15:41:17.600235,2024-04-15 11:41:17,SHORT,18204.5,5570.0,True,17.31,True
716,NQ,Mon,11:30,In-Sample,2024-04-15T15:41:17.600235,2024-04-15 11:41:17,SHORT,18204.5,5850.0,True,17.31,True
716,NQ,Mon,11:30,In-Sample,2024-04-15T15:41:17.600235,2024-04-15 11:41:17,SHORT,18204.5,6075.0,True,17.31,True
716,NQ,Mon,11:30,In-Sample,2024-04-15T15:41:18.980641,2024-04-15 11:41:18,SHORT,18204.5,6180.0,True,17.31,True
716,NQ,Mon,11:30,In-Sample,2024-04-15T15:41:18.980641,2024-04-15 11:41:18,SHORT,18204.5,11870.0,True,17.31,True
716,NQ,Mon,11:30,In-Sample,2024-04-15T15:41:32.351919,2024-04-15 11:41:32,LONG,18200.75,110.0,True,17.31,True
716,NQ,Mon,11:30,In-Sample,2024-04-15T15:41:33.541785,2024-04-15 11:41:33,SHORT,18199.5,0.0,True,17.31,True
716,NQ,Mon,11:30,In-Sample,2024-04-15T15:41:33.634465,2024-04-15 11:41:33,SHORT,18199.5,5655.0,True,17.31,True
716,NQ,Mon,11:30,In-Sample,2024-04-15T15:41:34.926385,2024-04-15 11:41:34,SHORT,18199.5,1865.0,True,17.31,True
716,NQ,Mon,11:30,In-Sample,2024-04-15T15:41:34.926385,2024-04-15 11:41:34,SHORT,18199.5,1940.0,True,17.31,True
716,NQ,Mon,11:30,In-Sample,2024-04-15T15:41:34.926385,2024-04-15 11:41:34,SHORT,18199.5,2010.0,True,17.31,True
716,NQ,Mon,11:30,In-Sample,2024-04-15T15:41:35.058093,2024-04-15 11:41:35,SHORT,18199.5,6150.0,True,17.31,True
716,NQ,Mon,11:30,In-Sample,2024-04-15T15:44:07.604419,2024-04-15 11:44:07,LONG,18192.75,270.0,True,17.31,True
716,NQ,Mon,11:30,In-Sample,2024-04-15T15:44:08.292843,2024-04-15 11:44:08,LONG,18192.25,560.0,True,17.31,True
716,NQ,Mon,11:30,In-Sample,2024-04-15T15:44:09.681646,2024-04-15 11:44:09,LONG,18192.25,540.0,True,17.31,True
716,NQ,Mon,11:30,In-Sample,2024-04-15T15:45:46.278334,2024-04-15 11:45:46,SHORT,18200.5,-215.0,True,17.31,True
716,NQ,Mon,11:30,In-Sample,2024-04-15T15:45:46.343734,2024-04-15 11:45:46,SHORT,18200.25,-220.0,True,17.31,True
716,NQ,Mon,11:30,In-Sample,2024-04-15T15:45:46.344061,2024-04-15 11:45:46,SHORT,18200.25,-220.0,True,17.31,True
716,NQ,Mon,11:30,In-Sample,2024-04-15T15:45:49.081957,2024-04-15 11:45:49,SHORT,18201.5,-195.0,True,17.31,True
716,NQ,Mon,11:30,In-Sample,2024-04-15T15:47:28.475718,2024-04-15 11:47:28,SHORT,18192.75,-370.0,True,17.31,True
716,NQ,Mon,11:30,In-Sample,2024-04-15T15:47:28.588098,2024-04-15 11:47:28,SHORT,18192.75,-370.0,True,17.31,True
716,NQ,Mon,11:30,In-Sample,2024-04-15T15:47:30.616255,2024-04-15 11:47:30,SHORT,18190.5,10660.0,True,17.31,True
716,NQ,Mon,11:30,In-Sample,2024-04-15T15:47:30.616255,2024-04-15 11:47:30,SHORT,18190.5,5510.0,True,17.31,True
716,NQ,Mon,11:30,In-Sample,2024-04-15T15:47:32.023835,2024-04-15 11:47:32,SHORT,18190.5,5740.0,True,17.31,True
716,NQ,Mon,11:30,In-Sample,2024-04-15T15:47:32.023835,2024-04-15 11:47:32,SHORT,18190.5,5795.0,True,17.31,True
716,NQ,Mon,11:30,In-Sample,2024-04-15T15:47:32.023835,2024-04-15 11:47:32,SHORT,18190.5,5905.0,True,17.31,True
716,NQ,Mon,11:30,In-Sample,2024-04-15T15:48:13.791784,2024-04-15 11:48:13,SHORT,18182.5,-1150.0,True,17.31,True
716,NQ,Mon,11:30,In-Sample,2024-04-15T15:48:13.871188,2024-04-15 11:48:13,SHORT,18182.5,-1150.0,True,17.31,True
716,NQ,Mon,11:30,In-Sample,2024-04-15T15:48:43.952100,2024-04-15 11:48:43,LONG,18193.75,-675.0,True,17.31,True
716,NQ,Mon,11:30,In-Sample,2024-04-15T15:48:45.225302,2024-04-15 11:48:45,LONG,18193.75,240.0,True,17.31,True
716,NQ,Mon,11:30,In-Sample,2024-04-15T15:48:45.225302,2024-04-15 11:48:45,LONG,18193.75,460.0,True,17.31,True
716,NQ,Mon,11:30,In-Sample,2024-04-15T15:48:45.225302,2024-04-15 11:48:45,LONG,18193.75,275.0,True,17.31,True
716,NQ,Mon,11:30,In-Sample,2024-04-15T15:49:23.573357,2024-04-15 11:49:23,SHORT,18183.25,-460.0,True,17.31,True
716,NQ,Mon,11:30,In-Sample,2024-04-15T15:49:27.252225,2024-04-15 11:49:27,SHORT,18182.5,-735.0,True,17.31,True
716,NQ,Mon,11:30,In-Sample,2024-04-15T15:49:27.447799,2024-04-15 11:49:27,SHORT,18182.0,5485.0,True,17.31,True
716,NQ,Mon,11:30,In-Sample,2024-04-15T15:49:27.447799,2024-04-15 11:49:27,SHORT,18182.0,5705.0,True,17.31,True
716,NQ,Mon,11:30,In-Sample,2024-04-15T15:49:27.447799,2024-04-15 11:49:27,SHORT,18182.0,5930.0,True,17.31,True
716,NQ,Mon,11:30,In-Sample,2024-04-15T15:49:28.816272,2024-04-15 11:49:28,SHORT,18182.0,5890.0,True,17.31,True
716,NQ,Mon,11:30,In-Sample,2024-04-15T15:49:28.816272,2024-04-15 11:49:28,SHORT,18182.0,10510.0,True,17.31,True
716,NQ,Mon,11:30,In-Sample,2024-04-15T15:50:29,2024-04-15 11:50:29,LONG,18186.75,-20.0,True,17.31,True
716,NQ,Mon,11:30,In-Sample,2024-04-15T15:50:29.000001,2024-04-15 11:50:29,LONG,18186.5,-10.0,True,17.31,True
716,NQ,Mon,11:30,In-Sample,2024-04-15T15:50:29.000002,2024-04-15 11:50:29,LONG,18186.5,-5.0,True,17.31,True
716,NQ,Mon,11:30,In-Sample,2024-04-15T15:50:52.746304,2024-04-15 11:50:52,LONG,18194.75,1245.0,True,17.31,True
716,NQ,Mon,11:30,In-Sample,2024-04-15T15:50:54.202078,2024-04-15 11:50:54,LONG,18194.75,220.0,True,17.31,True
716,NQ,Mon,11:30,In-Sample,2024-04-15T15:50:54.202078,2024-04-15 11:50:54,LONG,18194.75,440.0,True,17.31,True
716,NQ,Mon,11:30,In-Sample,2024-04-15T15:50:54.202078,2024-04-15 11:50:54,LONG,18194.75,250.0,True,17.31,True
716,NQ,Mon,11:30,In-Sample,2024-04-15T15:50:54.206164,2024-04-15 11:50:54,LONG,18194.75,1245.0,True,17.31,True
716,NQ,Mon,11:30,In-Sample,2024-04-15T15:51:29.666976,2024-04-15 11:51:29,LONG,18203.25,150.0,True,17.31,True
716,NQ,Mon,11:30,In-Sample,2024-04-15T15:51:29.666976,2024-04-15 11:51:29,LONG,18203.25,350.0,True,17.31,True
716,NQ,Mon,11:30,In-Sample,2024-04-15T15:51:29.666976,2024-04-15 11:51:29,LONG,18203.25,180.0,True,17.31,True
716,NQ,Mon,11:30,In-Sample,2024-04-15T15:51:31.172228,2024-04-15 11:51:31,LONG,18203.25,900.0,True,17.31,True
716,NQ,Mon,11:30,In-Sample,2024-04-15T15:51:46.917034,2024-04-15 11:51:46,SHORT,18205.75,-135.0,True,17.31,True
716,NQ,Mon,11:30,In-Sample,2024-04-15T15:53:38.483759,2024-04-15 11:53:38,SHORT,18208.25,-85.0,True,17.31,True
716,NQ,Mon,11:30,In-Sample,2024-04-15T15:53:39.120656,2024-04-15 11:53:39,SHORT,18207.5,12190.0,True,17.31,True
716,NQ,Mon,11:30,In-Sample,2024-04-15T15:53:39.120656,2024-04-15 11:53:39,SHORT,18207.5,6520.0,True,17.31,True
716,NQ,Mon,11:30,In-Sample,2024-04-15T15:53:40.548743,2024-04-15 11:53:40,SHORT,18207.5,12980.0,True,17.31,True
716,NQ,Mon,11:30,In-Sample,2024-04-15T15:53:40.548743,2024-04-15 11:53:40,SHORT,18207.5,6325.0,True,17.31,True
716,NQ,Mon,11:30,In-Sample,2024-04-15T15:53:41.044222,2024-04-15 11:53:41,SHORT,18208.75,6555.0,True,17.31,True
716,NQ,Mon,11:30,In-Sample,2024-04-15T15:53:41.119026,2024-04-15 11:53:41,SHORT,18208.75,6555.0,True,17.31,True
716,NQ,Mon,11:30,In-Sample,2024-04-15T15:53:42.553347,2024-04-15 11:53:42,SHORT,18208.75,6015.0,True,17.31,True
716,NQ,Mon,11:30,In-Sample,2024-04-15T15:53:42.608626,2024-04-15 11:53:42,SHORT,18208.75,6210.0,True,17.31,True
716,NQ,Mon,11:30,In-Sample,2024-04-15T15:54:02.019223,2024-04-15 11:54:02,SHORT,18217.0,7200.0,True,17.31,True
716,NQ,Mon,11:30,In-Sample,2024-04-15T15:54:02.019223,2024-04-15 11:54:02,SHORT,18217.0,7785.0,True,17.31,True
716,NQ,Mon,11:30,In-Sample,2024-04-15T15:54:03.534955,2024-04-15 11:54:03,SHORT,18217.0,7785.0,True,17.31,True
716,NQ,Mon,11:30,In-Sample,2024-04-15T15:54:03.534955,2024-04-15 11:54:03,SHORT,18217.0,7080.0,True,17.31,True
716,NQ,Mon,11:30,In-Sample,2024-04-15T15:54:41.129812,2024-04-15 11:54:41,LONG,18218.75,-7770.0,True,17.31,True
716,NQ,Mon,11:30,In-Sample,2024-04-15T15:55:20.307980,2024-04-15 11:55:20,SHORT,18215.25,-110.0,True,17.31,True
716,NQ,Mon,11:30,In-Sample,2024-04-15T15:55:20.547564,2024-04-15 11:55:20,SHORT,18215.5,-435.0,True,17.31,True
716,NQ,Mon,11:30,In-Sample,2024-04-15T15:55:20.547698,2024-04-15 11:55:20,SHORT,18215.5,12970.0,True,17.31,True
716,NQ,Mon,11:30,In-Sample,2024-04-15T15:55:20.547698,2024-04-15 11:55:20,SHORT,18215.5,6430.0,True,17.31,True
716,NQ,Mon,11:30,In-Sample,2024-04-15T15:55:21.821647,2024-04-15 11:55:21,SHORT,18215.25,-110.0,True,17.31,True
716,NQ,Mon,11:30,In-Sample,2024-04-15T15:55:21.982826,2024-04-15 11:55:21,SHORT,18215.5,185.0,True,17.31,True
716,NQ,Mon,11:30,In-Sample,2024-04-15T15:55:21.982826,2024-04-15 11:55:21,SHORT,18215.5,400.0,True,17.31,True
716,NQ,Mon,11:30,In-Sample,2024-04-15T15:55:21.982826,2024-04-15 11:55:21,SHORT,18215.5,1770.0,True,17.31,True
716,NQ,Mon,11:30,In-Sample,2024-04-15T15:55:22.042377,2024-04-15 11:55:22,SHORT,18215.5,12860.0,True,17.31,True
716,NQ,Mon,11:30,In-Sample,2024-04-15T15:55:22.042377,2024-04-15 11:55:22,SHORT,18215.5,6370.0,True,17.31,True
716,NQ,Mon,11:30,In-Sample,2024-04-15T15:57:56,2024-04-15 11:57:56,SHORT,18213.5,200.0,True,17.31,True
716,NQ,Mon,11:30,In-Sample,2024-04-15T15:57:59,2024-04-15 11:57:59,SHORT,18214.75,30.0,True,17.31,True
716,NQ,Mon,11:30,In-Sample,2024-04-15T15:58:22.938394,2024-04-15 11:58:22,SHORT,18210.25,-900.0,True,17.31,True
716,NQ,Mon,11:30,In-Sample,2024-04-15T15:58:23.179940,2024-04-15 11:58:23,SHORT,18210.25,5490.0,True,17.31,True
716,NQ,Mon,11:30,In-Sample,2024-04-15T15:58:23.180507,2024-04-15 11:58:23,SHORT,18210.25,-900.0,True,17.31,True
716,NQ,Mon,11:30,In-Sample,2024-04-15T15:58:23.181829,2024-04-15 11:58:23,SHORT,18210.25,-530.0,True,17.31,True
716,NQ,Mon,11:30,In-Sample,2024-04-15T15:58:23.182849,2024-04-15 11:58:23,SHORT,18210.25,-530.0,True,17.31,True
716,NQ,Mon,11:30,In-Sample,2024-04-15T15:58:23.183546,2024-04-15 11:58:23,SHORT,18210.25,6120.0,True,17.31,True
716,NQ,Mon,11:30,In-Sample,2024-04-15T15:58:24,2024-04-15 11:58:24,SHORT,18210.25,-40.0,True,17.31,True
716,NQ,Mon,11:30,In-Sample,2024-04-15T15:58:24.084299,2024-04-15 11:58:24,LONG,18211.25,-4150.0,True,17.31,True
716,NQ,Mon,11:30,In-Sample,2024-04-15T15:58:24.392491,2024-04-15 11:58:24,SHORT,18210.25,2165.0,True,17.31,True
716,NQ,Mon,11:30,In-Sample,2024-04-15T15:58:24.392491,2024-04-15 11:58:24,SHORT,18210.25,2300.0,True,17.31,True
716,NQ,Mon,11:30,In-Sample,2024-04-15T15:58:24.392491,2024-04-15 11:58:24,SHORT,18210.25,2285.0,True,17.31,True
716,NQ,Mon,11:30,In-Sample,2024-04-15T15:58:24.522814,2024-04-15 11:58:24,SHORT,18210.25,4785.0,True,17.31,True
716,NQ,Mon,11:30,In-Sample,2024-04-15T15:58:24.523051,2024-04-15 11:58:24,SHORT,18210.25,2170.0,True,17.31,True
716,NQ,Mon,11:30,In-Sample,2024-04-15T15:58:24.523051,2024-04-15 11:58:24,SHORT,18210.25,2305.0,True,17.31,True
716,NQ,Mon,11:30,In-Sample,2024-04-15T15:58:24.523051,2024-04-15 11:58:24,SHORT,18210.25,2285.0,True,17.31,True
716,NQ,Mon,11:30,In-Sample,2024-04-15T15:58:24.523257,2024-04-15 11:58:24,SHORT,18210.25,2165.0,True,17.31,True
716,NQ,Mon,11:30,In-Sample,2024-04-15T15:58:24.523257,2024-04-15 11:58:24,SHORT,18210.25,2285.0,True,17.31,True
716,NQ,Mon,11:30,In-Sample,2024-04-15T15:58:24.523457,2024-04-15 11:58:24,SHORT,18210.25,2165.0,True,17.31,True
716,NQ,Mon,11:30,In-Sample,2024-04-15T15:58:24.523457,2024-04-15 11:58:24,SHORT,18210.25,2285.0,True,17.31,True
716,NQ,Mon,11:30,In-Sample,2024-04-15T15:58:24.523691,2024-04-15 11:58:24,SHORT,18210.25,5550.0,True,17.31,True
716,NQ,Mon,11:30,In-Sample,2024-04-15T15:58:25.431650,2024-04-15 11:58:25,LONG,18211.25,-4810.0,True,17.31,True
716,NQ,Mon,11:30,In-Sample,2024-04-15T15:58:48.394990,2024-04-15 11:58:48,SHORT,18207.5,5765.0,True,17.31,True
716,NQ,Mon,11:30,In-Sample,2024-04-15T15:58:48.394990,2024-04-15 11:58:48,SHORT,18207.5,11480.0,True,17.31,True
716,NQ,Mon,11:30,In-Sample,2024-04-15T15:58:49.848414,2024-04-15 11:58:49,SHORT,18207.5,5740.0,True,17.31,True
716,NQ,Mon,11:30,In-Sample,2024-04-15T15:58:49.848414,2024-04-15 11:58:49,SHORT,18207.5,11350.0,True,17.31,True
716,NQ,Mon,11:30,In-Sample,2024-04-22T15:30:17.777421,2024-04-22 11:30:17,LONG,17209.5,195.0,True,18.71,True
716,NQ,Mon,11:30,In-Sample,2024-04-22T15:30:17.777421,2024-04-22 11:30:17,LONG,17209.5,390.0,True,18.71,True
716,NQ,Mon,11:30,In-Sample,2024-04-22T15:30:17.777421,2024-04-22 11:30:17,LONG,17209.5,505.0,True,18.71,True
716,NQ,Mon,11:30,In-Sample,2024-04-22T15:30:18.215397,2024-04-22 11:30:18,SHORT,17209.5,-30.0,True,18.71,True
716,NQ,Mon,11:30,In-Sample,2024-04-22T15:30:23.047157,2024-04-22 11:30:23,SHORT,17211.0,-180.0,True,18.71,True
716,NQ,Mon,11:30,In-Sample,2024-04-22T15:30:38.595220,2024-04-22 11:30:38,SHORT,17212.75,100.0,True,18.71,True
716,NQ,Mon,11:30,In-Sample,2024-04-22T15:30:38.595220,2024-04-22 11:30:38,SHORT,17212.75,150.0,True,18.71,True
716,NQ,Mon,11:30,In-Sample,2024-04-22T15:30:46,2024-04-22 11:30:46,SHORT,17208.75,-130.0,True,18.71,True
716,NQ,Mon,11:30,In-Sample,2024-04-22T15:31:10,2024-04-22 11:31:10,LONG,17215.25,100.0,True,18.71,True
716,NQ,Mon,11:30,In-Sample,2024-04-22T15:31:14,2024-04-22 11:31:14,LONG,17212.75,150.0,True,18.71,True
716,NQ,Mon,11:30,In-Sample,2024-04-22T15:31:15.088118,2024-04-22 11:31:15,SHORT,17211.75,-255.0,True,18.71,True
716,NQ,Mon,11:30,In-Sample,2024-04-22T15:31:15.162786,2024-04-22 11:31:15,SHORT,17211.75,-255.0,True,18.71,True
716,NQ,Mon,11:30,In-Sample,2024-04-22T15:31:57.621253,2024-04-22 11:31:57,SHORT,17213.0,-195.0,True,18.71,True
716,NQ,Mon,11:30,In-Sample,2024-04-22T15:31:57.859588,2024-04-22 11:31:57,SHORT,17213.0,-195.0,True,18.71,True
716,NQ,Mon,11:30,In-Sample,2024-04-22T15:32:11.705258,2024-04-22 11:32:11,SHORT,17212.5,-255.0,True,18.71,True
716,NQ,Mon,11:30,In-Sample,2024-04-22T15:32:44.246542,2024-04-22 11:32:44,SHORT,17210.25,-345.0,True,18.71,True
716,NQ,Mon,11:30,In-Sample,2024-04-22T15:32:44.369084,2024-04-22 11:32:44,SHORT,17210.25,-230.0,True,18.71,True
716,NQ,Mon,11:30,In-Sample,2024-04-22T15:32:57,2024-04-22 11:32:57,SHORT,17210.0,-140.0,True,18.71,True
716,NQ,Mon,11:30,In-Sample,2024-04-22T15:32:57.000001,2024-04-22 11:32:57,SHORT,17210.0,-70.0,True,18.71,True
716,NQ,Mon,11:30,In-Sample,2024-04-22T15:32:57.000001,2024-04-22 11:32:57,SHORT,17210.0,-70.0,True,18.71,True
716,NQ,Mon,11:30,In-Sample,2024-04-22T15:33:03,2024-04-22 11:33:03,SHORT,17212.0,-30.0,True,18.71,True
716,NQ,Mon,11:30,In-Sample,2024-04-22T15:33:31.109411,2024-04-22 11:33:31,SHORT,17213.0,-270.0,True,18.71,True
716,NQ,Mon,11:30,In-Sample,2024-04-22T15:33:31.190093,2024-04-22 11:33:31,SHORT,17213.0,-60.0,True,18.71,True
716,NQ,Mon,11:30,In-Sample,2024-04-22T15:33:31.346432,2024-04-22 11:33:31,SHORT,17213.0,-60.0,True,18.71,True
716,NQ,Mon,11:30,In-Sample,2024-04-22T15:34:29,2024-04-22 11:34:29,SHORT,17218.5,-50.0,True,18.71,True
716,NQ,Mon,11:30,In-Sample,2024-04-22T15:34:36.178491,2024-04-22 11:34:36,SHORT,17217.0,100.0,True,18.71,True
716,NQ,Mon,11:30,In-Sample,2024-04-22T15:34:36.178491,2024-04-22 11:34:36,SHORT,17217.0,60.0,True,18.71,True
716,NQ,Mon,11:30,In-Sample,2024-04-22T15:34:40.772226,2024-04-22 11:34:40,SHORT,17215.75,-255.0,True,18.71,True
716,NQ,Mon,11:30,In-Sample,2024-04-22T15:35:00,2024-04-22 11:35:00,SHORT,17214.0,-140.0,True,18.71,True
716,NQ,Mon,11:30,In-Sample,2024-04-22T15:36:40.222397,2024-04-22 11:36:40,SHORT,17219.0,-150.0,True,18.71,True
716,NQ,Mon,11:30,In-Sample,2024-04-22T15:36:41,2024-04-22 11:36:41,SHORT,17219.0,-370.0,True,18.71,True
716,NQ,Mon,11:30,In-Sample,2024-04-22T15:36:41.000001,2024-04-22 11:36:41,SHORT,17219.0,-185.0,True,18.71,True
716,NQ,Mon,11:30,In-Sample,2024-04-22T15:36:41.000001,2024-04-22 11:36:41,SHORT,17219.0,-185.0,True,18.71,True
716,NQ,Mon,11:30,In-Sample,2024-04-22T15:36:44,2024-04-22 11:36:44,SHORT,17222.25,-120.0,True,18.71,True
716,NQ,Mon,11:30,In-Sample,2024-04-22T15:36:47.745332,2024-04-22 11:36:47,SHORT,17224.75,-150.0,True,18.71,True
716,NQ,Mon,11:30,In-Sample,2024-04-22T15:37:18.237663,2024-04-22 11:37:18,SHORT,17228.0,100.0,True,18.71,True
716,NQ,Mon,11:30,In-Sample,2024-04-22T15:37:18.237663,2024-04-22 11:37:18,SHORT,17228.0,140.0,True,18.71,True
716,NQ,Mon,11:30,In-Sample,2024-04-22T15:38:53.793127,2024-04-22 11:38:53,SHORT,17227.5,-165.0,True,18.71,True
716,NQ,Mon,11:30,In-Sample,2024-04-22T15:39:06,2024-04-22 11:39:06,SHORT,17233.25,180.0,True,18.71,True
716,NQ,Mon,11:30,In-Sample,2024-04-22T15:39:16,2024-04-22 11:39:16,SHORT,17238.25,280.0,True,18.71,True
716,NQ,Mon,11:30,In-Sample,2024-04-22T15:39:21.254845,2024-04-22 11:39:21,SHORT,17237.0,-150.0,True,18.71,True
716,NQ,Mon,11:30,In-Sample,2024-04-22T15:40:21,2024-04-22 11:40:21,SHORT,17244.75,165.0,True,18.71,True
716,NQ,Mon,11:30,In-Sample,2024-04-22T15:40:21.000001,2024-04-22 11:40:21,SHORT,17241.5,340.0,True,18.71,True
716,NQ,Mon,11:30,In-Sample,2024-04-22T15:40:21.000001,2024-04-22 11:40:21,SHORT,17241.5,345.0,True,18.71,True
716,NQ,Mon,11:30,In-Sample,2024-04-22T15:41:09.401001,2024-04-22 11:41:09,SHORT,17237.25,170.0,True,18.71,True
716,NQ,Mon,11:30,In-Sample,2024-04-22T15:41:09.401001,2024-04-22 11:41:09,SHORT,17237.25,340.0,True,18.71,True
716,NQ,Mon,11:30,In-Sample,2024-04-22T15:41:09.401001,2024-04-22 11:41:09,SHORT,17237.25,385.0,True,18.71,True
716,NQ,Mon,11:30,In-Sample,2024-04-22T15:41:09.401191,2024-04-22 11:41:09,SHORT,17237.25,170.0,True,18.71,True
716,NQ,Mon,11:30,In-Sample,2024-04-22T15:41:09.401191,2024-04-22 11:41:09,SHORT,17237.25,505.0,True,18.71,True
716,NQ,Mon,11:30,In-Sample,2024-04-22T15:41:41.250689,2024-04-22 11:41:41,SHORT,17230.0,120.0,True,18.71,True
716,NQ,Mon,11:30,In-Sample,2024-04-22T15:41:41.250689,2024-04-22 11:41:41,SHORT,17230.0,240.0,True,18.71,True
716,NQ,Mon,11:30,In-Sample,2024-04-22T15:41:41.314657,2024-04-22 11:41:41,SHORT,17230.0,120.0,True,18.71,True
716,NQ,Mon,11:30,In-Sample,2024-04-22T15:41:41.314657,2024-04-22 11:41:41,SHORT,17230.0,240.0,True,18.71,True
716,NQ,Mon,11:30,In-Sample,2024-04-22T15:41:41.314657,2024-04-22 11:41:41,SHORT,17230.0,240.0,True,18.71,True
716,NQ,Mon,11:30,In-Sample,2024-04-22T15:41:41.443843,2024-04-22 11:41:41,SHORT,17230.0,120.0,True,18.71,True
716,NQ,Mon,11:30,In-Sample,2024-04-22T15:41:41.443843,2024-04-22 11:41:41,SHORT,17230.0,240.0,True,18.71,True
716,NQ,Mon,11:30,In-Sample,2024-04-22T15:41:41.443843,2024-04-22 11:41:41,SHORT,17230.0,240.0,True,18.71,True
716,NQ,Mon,11:30,In-Sample,2024-04-22T15:41:41.443963,2024-04-22 11:41:41,SHORT,17230.0,120.0,True,18.71,True
716,NQ,Mon,11:30,In-Sample,2024-04-22T15:41:41.443963,2024-04-22 11:41:41,SHORT,17230.0,240.0,True,18.71,True
716,NQ,Mon,11:30,In-Sample,2024-04-22T15:41:41.444032,2024-04-22 11:41:41,SHORT,17230.0,120.0,True,18.71,True
716,NQ,Mon,11:30,In-Sample,2024-04-22T15:41:41.444032,2024-04-22 11:41:41,SHORT,17230.0,240.0,True,18.71,True
716,NQ,Mon,11:30,In-Sample,2024-04-22T15:41:51.000001,2024-04-22 11:41:51,LONG,17224.25,-195.0,True,18.71,True
716,NQ,Mon,11:30,In-Sample,2024-04-22T15:41:51.007397,2024-04-22 11:41:51,SHORT,17223.75,75.0,True,18.71,True
716,NQ,Mon,11:30,In-Sample,2024-04-22T15:41:51.007397,2024-04-22 11:41:51,SHORT,17223.75,10.0,True,18.71,True
716,NQ,Mon,11:30,In-Sample,2024-04-22T15:41:51.095639,2024-04-22 11:41:51,SHORT,17224.25,75.0,True,18.71,True
716,NQ,Mon,11:30,In-Sample,2024-04-22T15:41:51.095639,2024-04-22 11:41:51,SHORT,17224.25,10.0,True,18.71,True
716,NQ,Mon,11:30,In-Sample,2024-04-22T15:41:55,2024-04-22 11:41:55,LONG,17222.5,-160.0,True,18.71,True
716,NQ,Mon,11:30,In-Sample,2024-04-22T15:42:19,2024-04-22 11:42:19,LONG,17221.5,-50.0,True,18.71,True
716,NQ,Mon,11:30,In-Sample,2024-04-22T15:42:19.072914,2024-04-22 11:42:19,SHORT,17221.5,175.0,True,18.71,True
716,NQ,Mon,11:30,In-Sample,2024-04-22T15:42:19.072914,2024-04-22 11:42:19,SHORT,17221.5,-590.0,True,18.71,True
716,NQ,Mon,11:30,In-Sample,2024-04-22T15:43:08,2024-04-22 11:43:08,SHORT,17219.0,200.0,True,18.71,True
716,NQ,Mon,11:30,In-Sample,2024-04-22T15:43:08.000001,2024-04-22 11:43:08,SHORT,17219.0,200.0,True,18.71,True
716,NQ,Mon,11:30,In-Sample,2024-04-22T15:43:08.000001,2024-04-22 11:43:08,SHORT,17219.0,-930.0,True,18.71,True
716,NQ,Mon,11:30,In-Sample,2024-04-22T15:43:59,2024-04-22 11:43:59,SHORT,17221.0,-890.0,True,18.71,True
716,NQ,Mon,11:30,In-Sample,2024-04-22T15:44:34,2024-04-22 11:44:34,SHORT,17214.5,-750.0,True,18.71,True
716,NQ,Mon,11:30,In-Sample,2024-04-22T15:45:26.973083,2024-04-22 11:45:26,LONG,17210.5,100.0,True,18.71,True
716,NQ,Mon,11:30,In-Sample,2024-04-22T15:45:26.973083,2024-04-22 11:45:26,LONG,17210.5,220.0,True,18.71,True
716,NQ,Mon,11:30,In-Sample,2024-04-22T15:46:23.615481,2024-04-22 11:46:23,LONG,17218.0,175.0,True,18.71,True
716,NQ,Mon,11:30,In-Sample,2024-04-22T15:46:23.615481,2024-04-22 11:46:23,LONG,17218.0,520.0,True,18.71,True
716,NQ,Mon,11:30,In-Sample,2024-04-22T15:55:34.252623,2024-04-22 11:55:34,SHORT,17244.25,100.0,True,18.71,True
716,NQ,Mon,11:30,In-Sample,2024-04-22T15:55:34.252623,2024-04-22 11:55:34,SHORT,17244.25,110.0,True,18.71,True
716,NQ,Mon,11:30,In-Sample,2024-04-22T15:55:35.316755,2024-04-22 11:55:35,SHORT,17243.0,-180.0,True,18.71,True
716,NQ,Mon,11:30,In-Sample,2024-04-22T15:56:42.790863,2024-04-22 11:56:42,SHORT,17245.0,100.0,True,18.71,True
716,NQ,Mon,11:30,In-Sample,2024-04-22T15:56:42.790863,2024-04-22 11:56:42,SHORT,17245.0,150.0,True,18.71,True
716,NQ,Mon,11:30,In-Sample,2024-04-22T15:57:57.940669,2024-04-22 11:57:57,SHORT,17239.5,-465.0,True,18.71,True
716,NQ,Mon,11:30,In-Sample,2024-04-22T15:57:58.097476,2024-04-22 11:57:58,SHORT,17239.5,-310.0,True,18.71,True
716,NQ,Mon,11:30,In-Sample,2024-04-22T15:58:34.850912,2024-04-22 11:58:34,SHORT,17245.5,100.0,True,18.71,True
716,NQ,Mon,11:30,In-Sample,2024-04-22T15:58:34.850912,2024-04-22 11:58:34,SHORT,17245.5,90.0,True,18.71,True
716,NQ,Mon,11:30,In-Sample,2024-04-22T15:59:29.521759,2024-04-22 11:59:29,LONG,17252.0,-60.0,True,18.71,True
716,NQ,Mon,11:30,In-Sample,2024-04-22T15:59:29.521899,2024-04-22 11:59:29,LONG,17252.75,-90.0,True,18.71,True
716,NQ,Mon,11:30,In-Sample,2024-04-22T15:59:30,2024-04-22 11:59:30,LONG,17252.0,-20.0,True,18.71,True
716,NQ,Mon,11:30,In-Sample,2024-04-22T15:59:31,2024-04-22 11:59:31,SHORT,17251.0,-185.0,True,18.71,True
716,NQ,Mon,11:30,In-Sample,2024-04-22T15:59:34.364684,2024-04-22 11:59:34,SHORT,17251.75,-165.0,True,18.71,True
716,NQ,Mon,11:30,In-Sample,2024-04-22T15:59:40,2024-04-22 11:59:40,SHORT,17248.5,-470.0,True,18.71,True
716,NQ,Mon,11:30,In-Sample,2024-04-22T15:59:56,2024-04-22 11:59:56,SHORT,17252.0,-260.0,True,18.71,True
716,NQ,Mon,11:30,In-Sample,2024-04-29T15:32:27.886832,2024-04-29 11:32:27,SHORT,17863.25,210.0,True,15.03,True
716,NQ,Mon,11:30,In-Sample,2024-04-29T15:32:27.886832,2024-04-29 11:32:27,SHORT,17863.25,-600.0,True,15.03,True
716,NQ,Mon,11:30,In-Sample,2024-04-29T15:32:54.694038,2024-04-29 11:32:54,SHORT,17859.5,-120.0,True,15.03,True
716,NQ,Mon,11:30,In-Sample,2024-04-29T15:32:54.694131,2024-04-29 11:32:54,SHORT,17859.5,-120.0,True,15.03,True
716,NQ,Mon,11:30,In-Sample,2024-04-29T15:32:56.858321,2024-04-29 11:32:56,LONG,17862.0,-210.0,True,15.03,True
716,NQ,Mon,11:30,In-Sample,2024-04-29T15:32:56.925632,2024-04-29 11:32:56,LONG,17862.0,-210.0,True,15.03,True
716,NQ,Mon,11:30,In-Sample,2024-04-29T15:33:34,2024-04-29 11:33:34,LONG,17854.75,100.0,True,15.03,True
716,NQ,Mon,11:30,In-Sample,2024-04-29T15:33:34.864797,2024-04-29 11:33:34,LONG,17856.25,-165.0,True,15.03,True
716,NQ,Mon,11:30,In-Sample,2024-04-29T15:33:38.961937,2024-04-29 11:33:38,LONG,17856.75,-195.0,True,15.03,True
716,NQ,Mon,11:30,In-Sample,2024-04-29T15:33:41,2024-04-29 11:33:41,LONG,17853.25,130.0,True,15.03,True
716,NQ,Mon,11:30,In-Sample,2024-04-29T15:33:46.359777,2024-04-29 11:33:46,LONG,17856.0,-240.0,True,15.03,True
716,NQ,Mon,11:30,In-Sample,2024-04-29T15:33:46.432991,2024-04-29 11:33:46,LONG,17856.0,-240.0,True,15.03,True
716,NQ,Mon,11:30,In-Sample,2024-04-29T15:34:06,2024-04-29 11:34:06,SHORT,17855.0,40.0,True,15.03,True
716,NQ,Mon,11:30,In-Sample,2024-04-29T15:34:50.884079,2024-04-29 11:34:50,LONG,17852.0,-150.0,True,15.03,True
716,NQ,Mon,11:30,In-Sample,2024-04-29T15:34:50.981001,2024-04-29 11:34:50,LONG,17852.0,-150.0,True,15.03,True
716,NQ,Mon,11:30,In-Sample,2024-04-29T15:35:32.912230,2024-04-29 11:35:32,LONG,17849.25,-60.0,True,15.03,True
716,NQ,Mon,11:30,In-Sample,2024-04-29T15:35:32.987122,2024-04-29 11:35:32,LONG,17849.25,-60.0,True,15.03,True
716,NQ,Mon,11:30,In-Sample,2024-04-29T15:35:35.987878,2024-04-29 11:35:35,LONG,17849.5,100.0,True,15.03,True
716,NQ,Mon,11:30,In-Sample,2024-04-29T15:35:35.987878,2024-04-29 11:35:35,LONG,17849.5,160.0,True,15.03,True
716,NQ,Mon,11:30,In-Sample,2024-04-29T15:35:35.987980,2024-04-29 11:35:35,LONG,17849.5,100.0,True,15.03,True
716,NQ,Mon,11:30,In-Sample,2024-04-29T15:35:35.987980,2024-04-29 11:35:35,LONG,17849.5,-70.0,True,15.03,True
716,NQ,Mon,11:30,In-Sample,2024-04-29T15:36:16.434805,2024-04-29 11:36:16,LONG,17853.25,-330.0,True,15.03,True
716,NQ,Mon,11:30,In-Sample,2024-04-29T15:36:16.526920,2024-04-29 11:36:16,LONG,17853.25,-90.0,True,15.03,True
716,NQ,Mon,11:30,In-Sample,2024-04-29T15:36:16.527243,2024-04-29 11:36:16,LONG,17853.25,-330.0,True,15.03,True
716,NQ,Mon,11:30,In-Sample,2024-04-29T15:36:16.654915,2024-04-29 11:36:16,LONG,17853.0,-210.0,True,15.03,True
716,NQ,Mon,11:30,In-Sample,2024-04-29T15:36:16.655300,2024-04-29 11:36:16,LONG,17853.0,-225.0,True,15.03,True
716,NQ,Mon,11:30,In-Sample,2024-04-29T15:36:17,2024-04-29 11:36:17,LONG,17853.0,100.0,True,15.03,True
716,NQ,Mon,11:30,In-Sample,2024-04-29T15:37:00,2024-04-29 11:37:00,LONG,17850.0,160.0,True,15.03,True
716,NQ,Mon,11:30,In-Sample,2024-04-29T15:37:41.267136,2024-04-29 11:37:41,SHORT,17848.75,-425.0,True,15.03,True
716,NQ,Mon,11:30,In-Sample,2024-04-29T15:37:41.670463,2024-04-29 11:37:41,SHORT,17849.25,-420.0,True,15.03,True
716,NQ,Mon,11:30,In-Sample,2024-04-29T15:37:50.173065,2024-04-29 11:37:50,SHORT,17846.0,-420.0,True,15.03,True
716,NQ,Mon,11:30,In-Sample,2024-04-29T15:37:50.173170,2024-04-29 11:37:50,SHORT,17846.0,-420.0,True,15.03,True
716,NQ,Mon,11:30,In-Sample,2024-04-29T15:37:52.977592,2024-04-29 11:37:52,LONG,17846.75,100.0,True,15.03,True
716,NQ,Mon,11:30,In-Sample,2024-04-29T15:37:52.977592,2024-04-29 11:37:52,LONG,17846.75,190.0,True,15.03,True
716,NQ,Mon,11:30,In-Sample,2024-04-29T15:38:00.051362,2024-04-29 11:38:00,LONG,17848.0,100.0,True,15.03,True
716,NQ,Mon,11:30,In-Sample,2024-04-29T15:38:00.051362,2024-04-29 11:38:00,LONG,17848.0,300.0,True,15.03,True
716,NQ,Mon,11:30,In-Sample,2024-04-29T15:38:00.051362,2024-04-29 11:38:00,LONG,17848.0,340.0,True,15.03,True
716,NQ,Mon,11:30,In-Sample,2024-04-29T15:38:01,2024-04-29 11:38:01,LONG,17849.0,100.0,True,15.03,True
716,NQ,Mon,11:30,In-Sample,2024-04-29T15:38:01,2024-04-29 11:38:01,LONG,17849.0,5.0,True,15.03,True
716,NQ,Mon,11:30,In-Sample,2024-04-29T15:38:06.454279,2024-04-29 11:38:06,LONG,17852.0,195.0,True,15.03,True
716,NQ,Mon,11:30,In-Sample,2024-04-29T15:38:06.454279,2024-04-29 11:38:06,LONG,17852.0,385.0,True,15.03,True
716,NQ,Mon,11:30,In-Sample,2024-04-29T15:38:06.454279,2024-04-29 11:38:06,LONG,17852.0,535.0,True,15.03,True
716,NQ,Mon,11:30,In-Sample,2024-04-29T15:38:06.520164,2024-04-29 11:38:06,LONG,17852.0,195.0,True,15.03,True
716,NQ,Mon,11:30,In-Sample,2024-04-29T15:38:06.520164,2024-04-29 11:38:06,LONG,17852.0,385.0,True,15.03,True
716,NQ,Mon,11:30,In-Sample,2024-04-29T15:38:06.520164,2024-04-29 11:38:06,LONG,17852.0,535.0,True,15.03,True
716,NQ,Mon,11:30,In-Sample,2024-04-29T15:38:06.520352,2024-04-29 11:38:06,LONG,17852.0,195.0,True,15.03,True
716,NQ,Mon,11:30,In-Sample,2024-04-29T15:38:06.520352,2024-04-29 11:38:06,LONG,17852.0,580.0,True,15.03,True
716,NQ,Mon,11:30,In-Sample,2024-04-29T15:38:51.464957,2024-04-29 11:38:51,LONG,17855.5,-60.0,True,15.03,True
716,NQ,Mon,11:30,In-Sample,2024-04-29T15:41:36,2024-04-29 11:41:36,SHORT,17863.0,-10.0,True,15.03,True
716,NQ,Mon,11:30,In-Sample,2024-04-29T15:41:37,2024-04-29 11:41:37,LONG,17863.5,5.0,True,15.03,True
716,NQ,Mon,11:30,In-Sample,2024-04-29T15:41:37.000001,2024-04-29 11:41:37,SHORT,17863.75,-695.0,True,15.03,True
716,NQ,Mon,11:30,In-Sample,2024-04-29T15:41:37.529911,2024-04-29 11:41:37,LONG,17865.75,175.0,True,15.03,True
716,NQ,Mon,11:30,In-Sample,2024-04-29T15:41:37.597540,2024-04-29 11:41:37,LONG,17865.5,175.0,True,15.03,True
716,NQ,Mon,11:30,In-Sample,2024-04-29T15:41:37.597540,2024-04-29 11:41:37,LONG,17865.5,350.0,True,15.03,True
716,NQ,Mon,11:30,In-Sample,2024-04-29T15:41:37.597643,2024-04-29 11:41:37,LONG,17865.5,175.0,True,15.03,True
716,NQ,Mon,11:30,In-Sample,2024-04-29T15:41:37.753511,2024-04-29 11:41:37,LONG,17865.5,175.0,True,15.03,True
716,NQ,Mon,11:30,In-Sample,2024-04-29T15:41:37.753511,2024-04-29 11:41:37,LONG,17865.5,350.0,True,15.03,True
716,NQ,Mon,11:30,In-Sample,2024-04-29T15:41:37.753603,2024-04-29 11:41:37,LONG,17865.5,175.0,True,15.03,True
716,NQ,Mon,11:30,In-Sample,2024-04-29T15:41:38,2024-04-29 11:41:38,LONG,17865.5,100.0,True,15.03,True
716,NQ,Mon,11:30,In-Sample,2024-04-29T15:41:38,2024-04-29 11:41:38,LONG,17865.5,310.0,True,15.03,True
716,NQ,Mon,11:30,In-Sample,2024-04-29T15:43:13.774715,2024-04-29 11:43:13,SHORT,17872.0,-360.0,True,15.03,True
716,NQ,Mon,11:30,In-Sample,2024-04-29T15:43:13.865773,2024-04-29 11:43:13,SHORT,17872.0,-665.0,True,15.03,True
716,NQ,Mon,11:30,In-Sample,2024-04-29T15:43:13.865896,2024-04-29 11:43:13,SHORT,17872.0,-665.0,True,15.03,True
716,NQ,Mon,11:30,In-Sample,2024-04-29T15:44:42.000001,2024-04-29 11:44:42,SHORT,17881.0,200.0,True,15.03,True
716,NQ,Mon,11:30,In-Sample,2024-04-29T15:44:51,2024-04-29 11:44:51,SHORT,17883.25,145.0,True,15.03,True
716,NQ,Mon,11:30,In-Sample,2024-04-29T15:44:54.671293,2024-04-29 11:44:54,SHORT,17883.0,100.0,True,15.03,True
716,NQ,Mon,11:30,In-Sample,2024-04-29T15:44:54.671293,2024-04-29 11:44:54,SHORT,17883.0,140.0,True,15.03,True
716,NQ,Mon,11:30,In-Sample,2024-04-29T15:44:54.766893,2024-04-29 11:44:54,SHORT,17883.0,100.0,True,15.03,True
716,NQ,Mon,11:30,In-Sample,2024-04-29T15:44:54.766893,2024-04-29 11:44:54,SHORT,17883.0,200.0,True,15.03,True
716,NQ,Mon,11:30,In-Sample,2024-04-29T15:44:54.766893,2024-04-29 11:44:54,SHORT,17883.0,310.0,True,15.03,True
716,NQ,Mon,11:30,In-Sample,2024-04-29T15:45:11.229151,2024-04-29 11:45:11,SHORT,17878.75,450.0,True,15.03,True
716,NQ,Mon,11:30,In-Sample,2024-04-29T15:45:11.236620,2024-04-29 11:45:11,SHORT,17878.75,140.0,True,15.03,True
716,NQ,Mon,11:30,In-Sample,2024-04-29T15:45:11.236620,2024-04-29 11:45:11,SHORT,17878.75,-270.0,True,15.03,True
716,NQ,Mon,11:30,In-Sample,2024-04-29T15:45:11.236768,2024-04-29 11:45:11,SHORT,17878.75,465.0,True,15.03,True
716,NQ,Mon,11:30,In-Sample,2024-04-29T15:45:11.236829,2024-04-29 11:45:11,SHORT,17878.75,175.0,True,15.03,True
716,NQ,Mon,11:30,In-Sample,2024-04-29T15:45:11.236829,2024-04-29 11:45:11,SHORT,17878.75,-125.0,True,15.03,True
716,NQ,Mon,11:30,In-Sample,2024-04-29T15:45:11.236914,2024-04-29 11:45:11,SHORT,17878.75,175.0,True,15.03,True
716,NQ,Mon,11:30,In-Sample,2024-04-29T15:45:11.236914,2024-04-29 11:45:11,SHORT,17878.75,280.0,True,15.03,True
716,NQ,Mon,11:30,In-Sample,2024-04-29T15:45:11.956539,2024-04-29 11:45:11,SHORT,17878.0,-545.0,True,15.03,True
716,NQ,Mon,11:30,In-Sample,2024-04-29T15:45:11.956629,2024-04-29 11:45:11,SHORT,17878.0,-545.0,True,15.03,True
716,NQ,Mon,11:30,In-Sample,2024-04-29T15:46:25.721376,2024-04-29 11:46:25,SHORT,17865.5,-375.0,True,15.03,True
716,NQ,Mon,11:30,In-Sample,2024-04-29T15:46:25.812784,2024-04-29 11:46:25,SHORT,17865.25,-390.0,True,15.03,True
716,NQ,Mon,11:30,In-Sample,2024-04-29T15:49:12.785572,2024-04-29 11:49:12,LONG,17875.25,-150.0,True,15.03,True
716,NQ,Mon,11:30,In-Sample,2024-04-29T15:56:25.024886,2024-04-29 11:56:25,SHORT,17877.0,-465.0,True,15.03,True
716,NQ,Mon,11:30,In-Sample,2024-04-29T15:58:21.592856,2024-04-29 11:58:21,SHORT,17883.25,-150.0,True,15.03,True
716,NQ,Mon,11:30,In-Sample,2024-05-06T15:31:46.825279,2024-05-06 11:31:46,LONG,18103.5,-330.0,True,13.49,True
716,NQ,Mon,11:30,In-Sample,2024-05-06T15:31:46.891468,2024-05-06 11:31:46,LONG,18103.5,155.0,True,13.49,True
716,NQ,Mon,11:30,In-Sample,2024-05-06T15:31:46.891468,2024-05-06 11:31:46,LONG,18103.5,305.0,True,13.49,True
716,NQ,Mon,11:30,In-Sample,2024-05-06T15:31:46.891468,2024-05-06 11:31:46,LONG,18103.5,205.0,True,13.49,True
716,NQ,Mon,11:30,In-Sample,2024-05-06T15:31:47.022864,2024-05-06 11:31:47,LONG,18103.25,-480.0,True,13.49,True
716,NQ,Mon,11:30,In-Sample,2024-05-06T15:31:47.022931,2024-05-06 11:31:47,LONG,18103.25,155.0,True,13.49,True
716,NQ,Mon,11:30,In-Sample,2024-05-06T15:31:47.022931,2024-05-06 11:31:47,LONG,18103.25,305.0,True,13.49,True
716,NQ,Mon,11:30,In-Sample,2024-05-06T15:31:47.022931,2024-05-06 11:31:47,LONG,18103.25,210.0,True,13.49,True
716,NQ,Mon,11:30,In-Sample,2024-05-06T15:33:03.913389,2024-05-06 11:33:03,SHORT,18094.5,-40.0,True,13.49,True
716,NQ,Mon,11:30,In-Sample,2024-05-06T15:35:48.338884,2024-05-06 11:35:48,LONG,18112.25,-280.0,True,13.49,True
716,NQ,Mon,11:30,In-Sample,2024-05-06T15:35:48.407460,2024-05-06 11:35:48,LONG,18112.75,-450.0,True,13.49,True
716,NQ,Mon,11:30,In-Sample,2024-05-06T15:36:59.086618,2024-05-06 11:36:59,SHORT,18105.25,-510.0,True,13.49,True
716,NQ,Mon,11:30,In-Sample,2024-05-06T15:38:04.860614,2024-05-06 11:38:04,SHORT,18103.25,-630.0,True,13.49,True
716,NQ,Mon,11:30,In-Sample,2024-05-06T15:38:04.943028,2024-05-06 11:38:04,SHORT,18102.5,-675.0,True,13.49,True
716,NQ,Mon,11:30,In-Sample,2024-05-06T15:38:04.943126,2024-05-06 11:38:04,SHORT,18102.5,-450.0,True,13.49,True
716,NQ,Mon,11:30,In-Sample,2024-05-06T15:38:05.098839,2024-05-06 11:38:05,SHORT,18102.5,-450.0,True,13.49,True
716,NQ,Mon,11:30,In-Sample,2024-05-06T15:38:05.098897,2024-05-06 11:38:05,SHORT,18102.5,-450.0,True,13.49,True
716,NQ,Mon,11:30,In-Sample,2024-05-06T15:38:06,2024-05-06 11:38:06,SHORT,18102.5,-400.0,True,13.49,True
716,NQ,Mon,11:30,In-Sample,2024-05-06T15:38:42,2024-05-06 11:38:42,SHORT,18106.25,-125.0,True,13.49,True
716,NQ,Mon,11:30,In-Sample,2024-05-06T15:45:56.099908,2024-05-06 11:45:56,LONG,18113.75,130.0,True,13.49,True
716,NQ,Mon,11:30,In-Sample,2024-05-06T15:45:56.099908,2024-05-06 11:45:56,LONG,18113.75,-20.0,True,13.49,True
716,NQ,Mon,11:30,In-Sample,2024-05-06T15:45:56.100080,2024-05-06 11:45:56,LONG,18113.75,130.0,True,13.49,True
716,NQ,Mon,11:30,In-Sample,2024-05-06T15:45:56.100080,2024-05-06 11:45:56,LONG,18113.75,-20.0,True,13.49,True
716,NQ,Mon,11:30,In-Sample,2024-05-06T15:45:56.100166,2024-05-06 11:45:56,LONG,18113.75,130.0,True,13.49,True
716,NQ,Mon,11:30,In-Sample,2024-05-06T15:45:56.100166,2024-05-06 11:45:56,LONG,18113.75,-20.0,True,13.49,True
716,NQ,Mon,11:30,In-Sample,2024-05-06T15:46:22.896492,2024-05-06 11:46:22,SHORT,18117.0,-120.0,True,13.49,True
716,NQ,Mon,11:30,In-Sample,2024-05-06T15:46:41.374998,2024-05-06 11:46:41,SHORT,18117.25,-180.0,True,13.49,True
716,NQ,Mon,11:30,In-Sample,2024-05-06T15:47:55.892615,2024-05-06 11:47:55,SHORT,18117.25,100.0,True,13.49,True
716,NQ,Mon,11:30,In-Sample,2024-05-06T15:47:55.892615,2024-05-06 11:47:55,SHORT,18117.25,305.0,True,13.49,True
716,NQ,Mon,11:30,In-Sample,2024-05-06T15:47:55.967237,2024-05-06 11:47:55,SHORT,18117.25,100.0,True,13.49,True
716,NQ,Mon,11:30,In-Sample,2024-05-06T15:47:55.967237,2024-05-06 11:47:55,SHORT,18117.25,25.0,True,13.49,True
716,NQ,Mon,11:30,In-Sample,2024-05-06T15:47:55.967335,2024-05-06 11:47:55,SHORT,18117.25,100.0,True,13.49,True
716,NQ,Mon,11:30,In-Sample,2024-05-06T15:47:55.967335,2024-05-06 11:47:55,SHORT,18117.25,305.0,True,13.49,True
716,NQ,Mon,11:30,In-Sample,2024-05-06T15:47:56.592629,2024-05-06 11:47:56,SHORT,18116.0,155.0,True,13.49,True
716,NQ,Mon,11:30,In-Sample,2024-05-06T15:47:56.592629,2024-05-06 11:47:56,SHORT,18116.0,460.0,True,13.49,True
716,NQ,Mon,11:30,In-Sample,2024-05-06T15:47:56.592783,2024-05-06 11:47:56,SHORT,18116.0,155.0,True,13.49,True
716,NQ,Mon,11:30,In-Sample,2024-05-06T15:47:56.592783,2024-05-06 11:47:56,SHORT,18116.0,305.0,True,13.49,True
716,NQ,Mon,11:30,In-Sample,2024-05-06T15:47:56.592783,2024-05-06 11:47:56,SHORT,18116.0,225.0,True,13.49,True
716,NQ,Mon,11:30,In-Sample,2024-05-06T15:47:56.893632,2024-05-06 11:47:56,SHORT,18115.75,155.0,True,13.49,True
716,NQ,Mon,11:30,In-Sample,2024-05-06T15:47:56.893632,2024-05-06 11:47:56,SHORT,18115.75,305.0,True,13.49,True
716,NQ,Mon,11:30,In-Sample,2024-05-06T15:47:56.893632,2024-05-06 11:47:56,SHORT,18115.75,220.0,True,13.49,True
716,NQ,Mon,11:30,In-Sample,2024-05-06T15:47:56.968131,2024-05-06 11:47:56,SHORT,18115.75,155.0,True,13.49,True
716,NQ,Mon,11:30,In-Sample,2024-05-06T15:47:56.968131,2024-05-06 11:47:56,SHORT,18115.75,305.0,True,13.49,True
716,NQ,Mon,11:30,In-Sample,2024-05-06T15:47:56.968131,2024-05-06 11:47:56,SHORT,18115.75,220.0,True,13.49,True
716,NQ,Mon,11:30,In-Sample,2024-05-06T15:47:57.124668,2024-05-06 11:47:57,SHORT,18115.75,155.0,True,13.49,True
716,NQ,Mon,11:30,In-Sample,2024-05-06T15:47:57.124668,2024-05-06 11:47:57,SHORT,18115.75,305.0,True,13.49,True
716,NQ,Mon,11:30,In-Sample,2024-05-06T15:47:57.124668,2024-05-06 11:47:57,SHORT,18115.75,220.0,True,13.49,True
716,NQ,Mon,11:30,In-Sample,2024-05-06T15:56:33.020730,2024-05-06 11:56:33,SHORT,18109.25,-120.0,True,13.49,True
716,NQ,Mon,11:30,In-Sample,2024-05-06T15:56:33.112474,2024-05-06 11:56:33,SHORT,18109.25,155.0,True,13.49,True
716,NQ,Mon,11:30,In-Sample,2024-05-06T15:56:33.112474,2024-05-06 11:56:33,SHORT,18109.25,310.0,True,13.49,True
716,NQ,Mon,11:30,In-Sample,2024-05-06T15:56:33.112474,2024-05-06 11:56:33,SHORT,18109.25,615.0,True,13.49,True
716,NQ,Mon,11:30,In-Sample,2024-05-13T15:30:03.938369,2024-05-13 11:30:03,LONG,18267.5,-30.0,True,12.55,True
716,NQ,Mon,11:30,In-Sample,2024-05-13T15:30:04.500971,2024-05-13 11:30:04,SHORT,18267.75,-150.0,True,12.55,True
716,NQ,Mon,11:30,In-Sample,2024-05-13T15:30:04.938525,2024-05-13 11:30:04,SHORT,18267.75,-150.0,True,12.55,True
716,NQ,Mon,11:30,In-Sample,2024-05-13T15:30:11.863110,2024-05-13 11:30:11,LONG,18273.5,-250.0,True,12.55,True
716,NQ,Mon,11:30,In-Sample,2024-05-13T15:30:11.941572,2024-05-13 11:30:11,LONG,18273.5,-250.0,True,12.55,True
716,NQ,Mon,11:30,In-Sample,2024-05-13T15:30:12.062925,2024-05-13 11:30:12,LONG,18273.5,-250.0,True,12.55,True
716,NQ,Mon,11:30,In-Sample,2024-05-13T15:30:20.475420,2024-05-13 11:30:20,SHORT,18265.25,-840.0,True,12.55,True
716,NQ,Mon,11:30,In-Sample,2024-05-13T15:30:21.471962,2024-05-13 11:30:21,LONG,18262.5,-60.0,True,12.55,True
716,NQ,Mon,11:30,In-Sample,2024-05-13T15:30:22.060840,2024-05-13 11:30:22,LONG,18262.25,-150.0,True,12.55,True
716,NQ,Mon,11:30,In-Sample,2024-05-13T15:30:22.060953,2024-05-13 11:30:22,LONG,18262.25,-150.0,True,12.55,True
716,NQ,Mon,11:30,In-Sample,2024-05-13T15:30:24.910906,2024-05-13 11:30:24,LONG,18263.0,100.0,True,12.55,True
716,NQ,Mon,11:30,In-Sample,2024-05-13T15:30:24.910906,2024-05-13 11:30:24,LONG,18263.0,170.0,True,12.55,True
716,NQ,Mon,11:30,In-Sample,2024-05-13T15:30:29.841411,2024-05-13 11:30:29,LONG,18266.5,120.0,True,12.55,True
716,NQ,Mon,11:30,In-Sample,2024-05-13T15:30:29.841411,2024-05-13 11:30:29,LONG,18266.5,355.0,True,12.55,True
716,NQ,Mon,11:30,In-Sample,2024-05-13T15:30:29.912283,2024-05-13 11:30:29,LONG,18266.5,120.0,True,12.55,True
716,NQ,Mon,11:30,In-Sample,2024-05-13T15:30:29.912283,2024-05-13 11:30:29,LONG,18266.5,355.0,True,12.55,True
716,NQ,Mon,11:30,In-Sample,2024-05-13T15:30:29.912381,2024-05-13 11:30:29,LONG,18266.5,120.0,True,12.55,True
716,NQ,Mon,11:30,In-Sample,2024-05-13T15:30:29.912381,2024-05-13 11:30:29,LONG,18266.5,355.0,True,12.55,True
716,NQ,Mon,11:30,In-Sample,2024-05-13T15:30:37,2024-05-13 11:30:37,LONG,18267.75,100.0,True,12.55,True
716,NQ,Mon,11:30,In-Sample,2024-05-13T15:30:37,2024-05-13 11:30:37,LONG,18267.75,5.0,True,12.55,True
716,NQ,Mon,11:30,In-Sample,2024-05-13T15:30:39.514954,2024-05-13 11:30:39,SHORT,18269.25,-450.0,True,12.55,True
716,NQ,Mon,11:30,In-Sample,2024-05-13T15:30:45.419074,2024-05-13 11:30:45,LONG,18271.5,165.0,True,12.55,True
716,NQ,Mon,11:30,In-Sample,2024-05-13T15:30:45.419074,2024-05-13 11:30:45,LONG,18271.5,330.0,True,12.55,True
716,NQ,Mon,11:30,In-Sample,2024-05-13T15:30:45.419074,2024-05-13 11:30:45,LONG,18271.5,210.0,True,12.55,True
716,NQ,Mon,11:30,In-Sample,2024-05-13T15:30:45.419194,2024-05-13 11:30:45,LONG,18271.25,165.0,True,12.55,True
716,NQ,Mon,11:30,In-Sample,2024-05-13T15:30:45.539859,2024-05-13 11:30:45,LONG,18271.0,165.0,True,12.55,True
716,NQ,Mon,11:30,In-Sample,2024-05-13T15:30:45.539859,2024-05-13 11:30:45,LONG,18271.0,495.0,True,12.55,True
716,NQ,Mon,11:30,In-Sample,2024-05-13T15:30:45.539958,2024-05-13 11:30:45,LONG,18271.0,165.0,True,12.55,True
716,NQ,Mon,11:30,In-Sample,2024-05-13T15:30:45.539958,2024-05-13 11:30:45,LONG,18271.0,175.0,True,12.55,True
716,NQ,Mon,11:30,In-Sample,2024-05-13T15:30:45.540080,2024-05-13 11:30:45,LONG,18271.0,165.0,True,12.55,True
716,NQ,Mon,11:30,In-Sample,2024-05-13T15:30:45.540080,2024-05-13 11:30:45,LONG,18271.0,330.0,True,12.55,True
716,NQ,Mon,11:30,In-Sample,2024-05-13T15:30:45.540080,2024-05-13 11:30:45,LONG,18271.0,220.0,True,12.55,True
716,NQ,Mon,11:30,In-Sample,2024-05-13T15:31:29,2024-05-13 11:31:29,LONG,18275.0,20.0,True,12.55,True
716,NQ,Mon,11:30,In-Sample,2024-05-13T15:33:47.102735,2024-05-13 11:33:47,LONG,18287.75,-495.0,True,12.55,True
716,NQ,Mon,11:30,In-Sample,2024-05-13T15:33:47.102909,2024-05-13 11:33:47,LONG,18287.5,-480.0,True,12.55,True
716,NQ,Mon,11:30,In-Sample,2024-05-13T15:33:47.265936,2024-05-13 11:33:47,LONG,18287.5,-480.0,True,12.55,True
716,NQ,Mon,11:30,In-Sample,2024-05-13T15:35:58.588009,2024-05-13 11:35:58,SHORT,18283.25,-195.0,True,12.55,True
716,NQ,Mon,11:30,In-Sample,2024-05-13T15:36:35,2024-05-13 11:36:35,SHORT,18281.0,200.0,True,12.55,True
716,NQ,Mon,11:30,In-Sample,2024-05-13T15:36:45,2024-05-13 11:36:45,SHORT,18283.25,50.0,True,12.55,True
716,NQ,Mon,11:30,In-Sample,2024-05-13T15:37:26.281695,2024-05-13 11:37:26,SHORT,18279.5,-420.0,True,12.55,True
716,NQ,Mon,11:30,In-Sample,2024-05-13T15:37:26.282396,2024-05-13 11:37:26,SHORT,18279.5,-525.0,True,12.55,True
716,NQ,Mon,11:30,In-Sample,2024-05-13T15:37:26.282573,2024-05-13 11:37:26,SHORT,18279.5,-525.0,True,12.55,True
716,NQ,Mon,11:30,In-Sample,2024-05-13T15:37:26.621444,2024-05-13 11:37:26,SHORT,18279.75,-525.0,True,12.55,True
716,NQ,Mon,11:30,In-Sample,2024-05-13T15:37:26.777085,2024-05-13 11:37:26,SHORT,18279.5,-540.0,True,12.55,True
716,NQ,Mon,11:30,In-Sample,2024-05-13T15:37:27,2024-05-13 11:37:27,SHORT,18280.0,-510.0,True,12.55,True
716,NQ,Mon,11:30,In-Sample,2024-05-13T15:37:31,2024-05-13 11:37:31,SHORT,18277.5,-420.0,True,12.55,True
716,NQ,Mon,11:30,In-Sample,2024-05-13T15:37:31.091071,2024-05-13 11:37:31,SHORT,18277.25,-660.0,True,12.55,True
716,NQ,Mon,11:30,In-Sample,2024-05-13T15:37:31.091231,2024-05-13 11:37:31,SHORT,18277.25,-440.0,True,12.55,True
716,NQ,Mon,11:30,In-Sample,2024-05-13T15:37:31.218503,2024-05-13 11:37:31,SHORT,18277.0,-450.0,True,12.55,True
716,NQ,Mon,11:30,In-Sample,2024-05-13T15:37:31.218601,2024-05-13 11:37:31,SHORT,18277.0,-450.0,True,12.55,True
716,NQ,Mon,11:30,In-Sample,2024-05-13T15:37:31.218668,2024-05-13 11:37:31,SHORT,18277.0,-675.0,True,12.55,True
716,NQ,Mon,11:30,In-Sample,2024-05-13T15:37:57,2024-05-13 11:37:57,SHORT,18280.75,-145.0,True,12.55,True
716,NQ,Mon,11:30,In-Sample,2024-05-13T15:41:00.261987,2024-05-13 11:41:00,SHORT,18282.0,-300.0,True,12.55,True
716,NQ,Mon,11:30,In-Sample,2024-05-13T15:42:00.895973,2024-05-13 11:42:00,SHORT,18281.25,-255.0,True,12.55,True
716,NQ,Mon,11:30,In-Sample,2024-05-13T15:51:28.568599,2024-05-13 11:51:28,LONG,18287.5,75.0,True,12.55,True
716,NQ,Mon,11:30,In-Sample,2024-05-13T15:51:28.568599,2024-05-13 11:51:28,LONG,18287.5,150.0,True,12.55,True
716,NQ,Mon,11:30,In-Sample,2024-05-13T15:51:28.568599,2024-05-13 11:51:28,LONG,18287.5,170.0,True,12.55,True
716,NQ,Mon,11:30,In-Sample,2024-05-13T15:51:28.637722,2024-05-13 11:51:28,LONG,18287.5,75.0,True,12.55,True
716,NQ,Mon,11:30,In-Sample,2024-05-13T15:51:28.637722,2024-05-13 11:51:28,LONG,18287.5,150.0,True,12.55,True
716,NQ,Mon,11:30,In-Sample,2024-05-13T15:51:28.637722,2024-05-13 11:51:28,LONG,18287.5,170.0,True,12.55,True
716,NQ,Mon,11:30,In-Sample,2024-05-13T15:51:31,2024-05-13 11:51:31,LONG,18288.0,0.0,True,12.55,True
716,NQ,Mon,11:30,In-Sample,2024-05-13T15:51:31,2024-05-13 11:51:31,LONG,18288.0,0.0,True,12.55,True
716,NQ,Mon,11:30,In-Sample,2024-05-13T15:51:31.691355,2024-05-13 11:51:31,LONG,18288.25,125.0,True,12.55,True
716,NQ,Mon,11:30,In-Sample,2024-05-13T15:51:31.691355,2024-05-13 11:51:31,LONG,18288.25,60.0,True,12.55,True
716,NQ,Mon,11:30,In-Sample,2024-05-13T15:51:32,2024-05-13 11:51:32,LONG,18288.25,-10.0,True,12.55,True
716,NQ,Mon,11:30,In-Sample,2024-05-13T15:51:32,2024-05-13 11:51:32,LONG,18288.25,-10.0,True,12.55,True
716,NQ,Mon,11:30,In-Sample,2024-05-13T15:51:32.000001,2024-05-13 11:51:32,LONG,18288.25,-5.0,True,12.55,True
716,NQ,Mon,11:30,In-Sample,2024-05-13T15:51:32.000001,2024-05-13 11:51:32,LONG,18288.25,-5.0,True,12.55,True
716,NQ,Mon,11:30,In-Sample,2024-05-13T15:54:02,2024-05-13 11:54:02,LONG,18293.0,-30.0,True,12.55,True
716,NQ,Mon,11:30,In-Sample,2024-05-13T15:54:59.913903,2024-05-13 11:54:59,SHORT,18296.0,-265.0,True,12.55,True
716,NQ,Mon,11:30,In-Sample,2024-05-13T15:55:20,2024-05-13 11:55:20,SHORT,18292.0,-370.0,True,12.55,True
716,NQ,Mon,11:30,In-Sample,2024-05-13T15:56:00,2024-05-13 11:56:00,SHORT,18295.0,-125.0,True,12.55,True
716,NQ,Mon,11:30,In-Sample,2024-05-13T15:56:40.089326,2024-05-13 11:56:40,SHORT,18291.0,-345.0,True,12.55,True
716,NQ,Mon,11:30,In-Sample,2024-05-13T15:56:40.169894,2024-05-13 11:56:40,SHORT,18291.0,-230.0,True,12.55,True
716,NQ,Mon,11:30,In-Sample,2024-05-13T15:56:40.325881,2024-05-13 11:56:40,SHORT,18291.25,60.0,True,12.55,True
716,NQ,Mon,11:30,In-Sample,2024-05-13T15:56:40.325972,2024-05-13 11:56:40,SHORT,18291.25,-220.0,True,12.55,True
716,NQ,Mon,11:30,In-Sample,2024-05-13T15:56:40.326088,2024-05-13 11:56:40,SHORT,18291.25,-330.0,True,12.55,True
716,NQ,Mon,11:30,In-Sample,2024-05-13T15:56:40.326166,2024-05-13 11:56:40,SHORT,18291.25,-330.0,True,12.55,True
716,NQ,Mon,11:30,In-Sample,2024-05-13T15:56:43.038158,2024-05-13 11:56:43,SHORT,18290.0,-555.0,True,12.55,True
716,NQ,Mon,11:30,In-Sample,2024-05-13T15:56:43.107831,2024-05-13 11:56:43,SHORT,18290.0,-555.0,True,12.55,True
716,NQ,Mon,11:30,In-Sample,2024-05-13T15:56:43.567398,2024-05-13 11:56:43,SHORT,18290.75,-450.0,True,12.55,True
716,NQ,Mon,11:30,In-Sample,2024-05-20T15:31:04.584311,2024-05-20 11:31:04,SHORT,18757.0,-60.0,True,11.99,True
716,NQ,Mon,11:30,In-Sample,2024-05-20T15:31:49.543429,2024-05-20 11:31:49,SHORT,18751.75,-345.0,True,11.99,True
716,NQ,Mon,11:30,In-Sample,2024-05-20T15:33:34,2024-05-20 11:33:34,LONG,18762.25,-480.0,True,11.99,True
716,NQ,Mon,11:30,In-Sample,2024-05-20T15:34:17,2024-05-20 11:34:17,LONG,18759.5,-185.0,True,11.99,True
716,NQ,Mon,11:30,In-Sample,2024-05-20T15:36:48.632498,2024-05-20 11:36:48,SHORT,18757.25,130.0,True,11.99,True
716,NQ,Mon,11:30,In-Sample,2024-05-20T15:36:48.632498,2024-05-20 11:36:48,SHORT,18757.25,260.0,True,11.99,True
716,NQ,Mon,11:30,In-Sample,2024-05-20T15:36:48.632498,2024-05-20 11:36:48,SHORT,18757.25,275.0,True,11.99,True
716,NQ,Mon,11:30,In-Sample,2024-05-20T15:39:27.285985,2024-05-20 11:39:27,SHORT,18754.75,105.0,True,11.99,True
716,NQ,Mon,11:30,In-Sample,2024-05-20T15:39:27.285985,2024-05-20 11:39:27,SHORT,18754.75,235.0,True,11.99,True
716,NQ,Mon,11:30,In-Sample,2024-05-20T15:39:27.361741,2024-05-20 11:39:27,SHORT,18754.75,105.0,True,11.99,True
716,NQ,Mon,11:30,In-Sample,2024-05-20T15:39:27.361741,2024-05-20 11:39:27,SHORT,18754.75,235.0,True,11.99,True
716,NQ,Mon,11:30,In-Sample,2024-05-20T15:39:27.361869,2024-05-20 11:39:27,SHORT,18754.75,105.0,True,11.99,True
716,NQ,Mon,11:30,In-Sample,2024-05-20T15:39:27.361869,2024-05-20 11:39:27,SHORT,18754.75,210.0,True,11.99,True
716,NQ,Mon,11:30,In-Sample,2024-05-20T15:39:27.361869,2024-05-20 11:39:27,SHORT,18754.75,235.0,True,11.99,True
716,NQ,Mon,11:30,In-Sample,2024-05-20T15:39:27.398863,2024-05-20 11:39:27,SHORT,18755.0,105.0,True,11.99,True
716,NQ,Mon,11:30,In-Sample,2024-05-20T15:39:27.398863,2024-05-20 11:39:27,SHORT,18755.0,210.0,True,11.99,True
716,NQ,Mon,11:30,In-Sample,2024-05-20T15:39:27.398863,2024-05-20 11:39:27,SHORT,18755.0,240.0,True,11.99,True
716,NQ,Mon,11:30,In-Sample,2024-05-20T15:39:27.399564,2024-05-20 11:39:27,SHORT,18755.0,105.0,True,11.99,True
716,NQ,Mon,11:30,In-Sample,2024-05-20T15:39:27.399564,2024-05-20 11:39:27,SHORT,18755.0,240.0,True,11.99,True
716,NQ,Mon,11:30,In-Sample,2024-05-20T15:39:28,2024-05-20 11:39:28,SHORT,18754.75,200.0,True,11.99,True
716,NQ,Mon,11:30,In-Sample,2024-05-20T15:39:29.185814,2024-05-20 11:39:29,SHORT,18754.75,125.0,True,11.99,True
716,NQ,Mon,11:30,In-Sample,2024-05-20T15:39:29.185814,2024-05-20 11:39:29,SHORT,18754.75,255.0,True,11.99,True
716,NQ,Mon,11:30,In-Sample,2024-05-20T15:39:29.185814,2024-05-20 11:39:29,SHORT,18754.75,305.0,True,11.99,True
716,NQ,Mon,11:30,In-Sample,2024-05-20T15:39:29.363704,2024-05-20 11:39:29,SHORT,18754.75,80.0,True,11.99,True
716,NQ,Mon,11:30,In-Sample,2024-05-20T15:39:29.363704,2024-05-20 11:39:29,SHORT,18754.75,155.0,True,11.99,True
716,NQ,Mon,11:30,In-Sample,2024-05-20T15:39:29.363704,2024-05-20 11:39:29,SHORT,18754.75,275.0,True,11.99,True
716,NQ,Mon,11:30,In-Sample,2024-05-20T15:39:29.430970,2024-05-20 11:39:29,SHORT,18754.75,125.0,True,11.99,True
716,NQ,Mon,11:30,In-Sample,2024-05-20T15:39:29.430970,2024-05-20 11:39:29,SHORT,18754.75,255.0,True,11.99,True
716,NQ,Mon,11:30,In-Sample,2024-05-20T15:39:29.430970,2024-05-20 11:39:29,SHORT,18754.75,305.0,True,11.99,True
716,NQ,Mon,11:30,In-Sample,2024-05-20T15:39:29.628119,2024-05-20 11:39:29,SHORT,18754.75,80.0,True,11.99,True
716,NQ,Mon,11:30,In-Sample,2024-05-20T15:39:29.628119,2024-05-20 11:39:29,SHORT,18754.75,155.0,True,11.99,True
716,NQ,Mon,11:30,In-Sample,2024-05-20T15:39:29.628119,2024-05-20 11:39:29,SHORT,18754.75,275.0,True,11.99,True
716,NQ,Mon,11:30,In-Sample,2024-05-20T15:39:29.685444,2024-05-20 11:39:29,SHORT,18754.75,80.0,True,11.99,True
716,NQ,Mon,11:30,In-Sample,2024-05-20T15:39:29.685444,2024-05-20 11:39:29,SHORT,18754.75,10.0,True,11.99,True
716,NQ,Mon,11:30,In-Sample,2024-05-20T15:39:40,2024-05-20 11:39:40,SHORT,18757.5,265.0,True,11.99,True
716,NQ,Mon,11:30,In-Sample,2024-05-20T15:42:59.763731,2024-05-20 11:42:59,SHORT,18743.0,75.0,True,11.99,True
716,NQ,Mon,11:30,In-Sample,2024-05-20T15:42:59.763731,2024-05-20 11:42:59,SHORT,18743.0,10.0,True,11.99,True
716,NQ,Mon,11:30,In-Sample,2024-05-20T15:42:59.887236,2024-05-20 11:42:59,SHORT,18742.75,75.0,True,11.99,True
716,NQ,Mon,11:30,In-Sample,2024-05-20T15:42:59.887236,2024-05-20 11:42:59,SHORT,18742.75,10.0,True,11.99,True
716,NQ,Mon,11:30,In-Sample,2024-05-20T15:43:01.722580,2024-05-20 11:43:01,SHORT,18742.25,80.0,True,11.99,True
716,NQ,Mon,11:30,In-Sample,2024-05-20T15:43:01.722580,2024-05-20 11:43:01,SHORT,18742.25,120.0,True,11.99,True
716,NQ,Mon,11:30,In-Sample,2024-05-20T15:43:01.856896,2024-05-20 11:43:01,SHORT,18742.25,110.0,True,11.99,True
716,NQ,Mon,11:30,In-Sample,2024-05-20T15:43:21.768345,2024-05-20 11:43:21,SHORT,18741.75,-90.0,True,11.99,True
716,NQ,Mon,11:30,In-Sample,2024-05-20T15:43:21.962841,2024-05-20 11:43:21,SHORT,18741.5,-105.0,True,11.99,True
716,NQ,Mon,11:30,In-Sample,2024-05-20T15:43:41.740535,2024-05-20 11:43:41,SHORT,18738.0,-495.0,True,11.99,True
716,NQ,Mon,11:30,In-Sample,2024-05-20T15:43:42.301972,2024-05-20 11:43:42,SHORT,18738.0,-240.0,True,11.99,True
716,NQ,Mon,11:30,In-Sample,2024-05-20T15:46:05,2024-05-20 11:46:05,SHORT,18738.5,-120.0,True,11.99,True
716,NQ,Mon,11:30,In-Sample,2024-05-20T15:46:20.988918,2024-05-20 11:46:20,SHORT,18737.0,-390.0,True,11.99,True
716,NQ,Mon,11:30,In-Sample,2024-05-20T15:47:13,2024-05-20 11:47:13,SHORT,18741.75,5.0,True,11.99,True
716,NQ,Mon,11:30,In-Sample,2024-05-20T15:50:29,2024-05-20 11:50:29,LONG,18742.75,200.0,True,11.99,True
716,NQ,Mon,11:30,In-Sample,2024-05-20T15:50:31,2024-05-20 11:50:31,LONG,18741.0,50.0,True,11.99,True
716,NQ,Mon,11:30,In-Sample,2024-05-20T15:51:14.075821,2024-05-20 11:51:14,SHORT,18738.25,-15.0,True,11.99,True
716,NQ,Mon,11:30,In-Sample,2024-05-20T15:51:30.341298,2024-05-20 11:51:30,SHORT,18737.5,0.0,True,11.99,True
716,NQ,Mon,11:30,In-Sample,2024-05-20T15:51:30.341413,2024-05-20 11:51:30,LONG,18737.75,-60.0,True,11.99,True
716,NQ,Mon,11:30,In-Sample,2024-05-20T15:54:53.365089,2024-05-20 11:54:53,SHORT,18736.0,-480.0,True,11.99,True
716,NQ,Mon,11:30,In-Sample,2024-05-20T15:54:53.465995,2024-05-20 11:54:53,SHORT,18736.0,-255.0,True,11.99,True
716,NQ,Mon,11:30,In-Sample,2024-05-20T15:54:53.598590,2024-05-20 11:54:53,SHORT,18736.0,-480.0,True,11.99,True
716,NQ,Mon,11:30,In-Sample,2024-05-20T15:54:53.598726,2024-05-20 11:54:53,SHORT,18736.0,-390.0,True,11.99,True
716,NQ,Mon,11:30,In-Sample,2024-05-20T15:57:26.161832,2024-05-20 11:57:26,LONG,18744.0,95.0,True,11.99,True
716,NQ,Mon,11:30,In-Sample,2024-05-20T15:57:26.161832,2024-05-20 11:57:26,LONG,18744.0,185.0,True,11.99,True
716,NQ,Mon,11:30,In-Sample,2024-05-20T15:57:26.161832,2024-05-20 11:57:26,LONG,18744.0,170.0,True,11.99,True
716,NQ,Mon,11:30,In-Sample,2024-05-20T15:57:26.162636,2024-05-20 11:57:26,LONG,18744.0,95.0,True,11.99,True
716,NQ,Mon,11:30,In-Sample,2024-05-20T15:57:26.162636,2024-05-20 11:57:26,LONG,18744.0,185.0,True,11.99,True
716,NQ,Mon,11:30,In-Sample,2024-05-20T15:57:26.162636,2024-05-20 11:57:26,LONG,18744.0,155.0,True,11.99,True
716,NQ,Mon,11:30,In-Sample,2024-05-20T15:57:26.163536,2024-05-20 11:57:26,LONG,18744.0,95.0,True,11.99,True
716,NQ,Mon,11:30,In-Sample,2024-05-20T15:57:26.163536,2024-05-20 11:57:26,LONG,18744.0,10.0,True,11.99,True
716,NQ,Mon,11:30,In-Sample,2024-05-27T15:33:19.039667,2024-05-27 11:33:19,LONG,18928.25,345.0,True,,True
716,NQ,Mon,11:30,In-Sample,2024-05-27T15:33:19.039787,2024-05-27 11:33:19,LONG,18928.25,170.0,True,,True
716,NQ,Mon,11:30,In-Sample,2024-05-27T15:33:19.410073,2024-05-27 11:33:19,LONG,18928.5,290.0,True,,True
716,NQ,Mon,11:30,In-Sample,2024-05-27T15:33:19.410073,2024-05-27 11:33:19,LONG,18928.5,340.0,True,,True
716,NQ,Mon,11:30,In-Sample,2024-05-27T15:33:43.240533,2024-05-27 11:33:43,SHORT,18927.5,-210.0,True,,True
716,NQ,Mon,11:30,In-Sample,2024-05-27T15:33:43.473533,2024-05-27 11:33:43,SHORT,18927.75,-195.0,True,,True
716,NQ,Mon,11:30,In-Sample,2024-05-27T15:36:21.241793,2024-05-27 11:36:21,SHORT,18930.5,-135.0,True,,True
716,NQ,Mon,11:30,In-Sample,2024-05-27T15:36:21.510003,2024-05-27 11:36:21,SHORT,18930.5,-135.0,True,,True
716,NQ,Mon,11:30,In-Sample,2024-05-27T15:37:04.735400,2024-05-27 11:37:04,SHORT,18927.5,-200.0,True,,True
716,NQ,Mon,11:30,In-Sample,2024-05-27T15:37:04.963945,2024-05-27 11:37:04,SHORT,18927.5,-120.0,True,,True
716,NQ,Mon,11:30,In-Sample,2024-05-27T15:40:41.452509,2024-05-27 11:40:41,SHORT,18926.5,-495.0,True,,True
716,NQ,Mon,11:30,In-Sample,2024-05-27T15:40:41.573749,2024-05-27 11:40:41,SHORT,18926.5,-585.0,True,,True
716,NQ,Mon,11:30,In-Sample,2024-05-27T15:40:41.575700,2024-05-27 11:40:41,SHORT,18926.5,-495.0,True,,True
716,NQ,Mon,11:30,In-Sample,2024-05-27T15:47:33.586250,2024-05-27 11:47:33,SHORT,18932.25,-165.0,True,,True
716,NQ,Mon,11:30,In-Sample,2024-05-27T15:49:45.023250,2024-05-27 11:49:45,SHORT,18938.0,-90.0,True,,True
716,NQ,Mon,11:30,In-Sample,2024-05-27T15:51:18.465142,2024-05-27 11:51:18,SHORT,18938.75,100.0,True,,True
716,NQ,Mon,11:30,In-Sample,2024-05-27T15:51:18.465142,2024-05-27 11:51:18,SHORT,18938.75,160.0,True,,True
716,NQ,Mon,11:30,In-Sample,2024-05-27T15:51:37.208122,2024-05-27 11:51:37,SHORT,18936.0,-200.0,True,,True
716,NQ,Mon,11:30,In-Sample,2024-05-27T15:51:37.313820,2024-05-27 11:51:37,SHORT,18936.0,-190.0,True,,True
716,NQ,Mon,11:30,In-Sample,2024-06-03T15:31:48.381153,2024-06-03 11:31:48,SHORT,18614.0,200.0,True,12.92,True
716,NQ,Mon,11:30,In-Sample,2024-06-03T15:31:48.381153,2024-06-03 11:31:48,SHORT,18614.0,-530.0,True,12.92,True
716,NQ,Mon,11:30,In-Sample,2024-06-03T15:34:07.312247,2024-06-03 11:34:07,SHORT,18610.5,190.0,True,12.92,True
716,NQ,Mon,11:30,In-Sample,2024-06-03T15:34:07.312247,2024-06-03 11:34:07,SHORT,18610.5,-490.0,True,12.92,True
716,NQ,Mon,11:30,In-Sample,2024-06-03T15:34:07.572533,2024-06-03 11:34:07,SHORT,18611.25,190.0,True,12.92,True
716,NQ,Mon,11:30,In-Sample,2024-06-03T15:34:07.572533,2024-06-03 11:34:07,SHORT,18611.25,-20.0,True,12.92,True
716,NQ,Mon,11:30,In-Sample,2024-06-03T15:34:58.493380,2024-06-03 11:34:58,SHORT,18601.25,60.0,True,12.92,True
716,NQ,Mon,11:30,In-Sample,2024-06-03T15:34:58.493380,2024-06-03 11:34:58,SHORT,18601.25,0.0,True,12.92,True
716,NQ,Mon,11:30,In-Sample,2024-06-03T15:34:58.494698,2024-06-03 11:34:58,SHORT,18601.75,75.0,True,12.92,True
716,NQ,Mon,11:30,In-Sample,2024-06-03T15:34:58.494698,2024-06-03 11:34:58,SHORT,18601.75,10.0,True,12.92,True
716,NQ,Mon,11:30,In-Sample,2024-06-03T15:34:58.970037,2024-06-03 11:34:58,SHORT,18601.75,75.0,True,12.92,True
716,NQ,Mon,11:30,In-Sample,2024-06-03T15:34:58.970037,2024-06-03 11:34:58,SHORT,18601.75,10.0,True,12.92,True
716,NQ,Mon,11:30,In-Sample,2024-06-03T15:34:59.077139,2024-06-03 11:34:59,SHORT,18601.5,-360.0,True,12.92,True
716,NQ,Mon,11:30,In-Sample,2024-06-03T15:35:12.361718,2024-06-03 11:35:12,LONG,18610.0,-30.0,True,12.92,True
716,NQ,Mon,11:30,In-Sample,2024-06-03T15:35:41.893712,2024-06-03 11:35:41,LONG,18617.25,145.0,True,12.92,True
716,NQ,Mon,11:30,In-Sample,2024-06-03T15:35:41.893712,2024-06-03 11:35:41,LONG,18617.25,285.0,True,12.92,True
716,NQ,Mon,11:30,In-Sample,2024-06-03T15:35:41.893712,2024-06-03 11:35:41,LONG,18617.25,195.0,True,12.92,True
716,NQ,Mon,11:30,In-Sample,2024-06-03T15:35:42.091923,2024-06-03 11:35:42,LONG,18617.25,145.0,True,12.92,True
716,NQ,Mon,11:30,In-Sample,2024-06-03T15:35:42.091923,2024-06-03 11:35:42,LONG,18617.25,285.0,True,12.92,True
716,NQ,Mon,11:30,In-Sample,2024-06-03T15:35:42.091923,2024-06-03 11:35:42,LONG,18617.25,195.0,True,12.92,True
716,NQ,Mon,11:30,In-Sample,2024-06-03T15:35:42.197232,2024-06-03 11:35:42,LONG,18617.25,200.0,True,12.92,True
716,NQ,Mon,11:30,In-Sample,2024-06-03T15:35:42.197232,2024-06-03 11:35:42,LONG,18617.25,215.0,True,12.92,True
716,NQ,Mon,11:30,In-Sample,2024-06-03T15:36:01.598843,2024-06-03 11:36:01,SHORT,18624.5,50.0,True,12.92,True
716,NQ,Mon,11:30,In-Sample,2024-06-03T15:36:13.935594,2024-06-03 11:36:13,SHORT,18629.0,-135.0,True,12.92,True
716,NQ,Mon,11:30,In-Sample,2024-06-03T15:36:14.005526,2024-06-03 11:36:14,SHORT,18629.0,-135.0,True,12.92,True
716,NQ,Mon,11:30,In-Sample,2024-06-03T15:36:14.191309,2024-06-03 11:36:14,SHORT,18629.25,-120.0,True,12.92,True
716,NQ,Mon,11:30,In-Sample,2024-06-03T15:36:18.253856,2024-06-03 11:36:18,SHORT,18631.5,520.0,True,12.92,True
716,NQ,Mon,11:30,In-Sample,2024-06-03T15:36:20.067149,2024-06-03 11:36:20,SHORT,18629.5,-60.0,True,12.92,True
716,NQ,Mon,11:30,In-Sample,2024-06-03T15:36:21.105042,2024-06-03 11:36:21,SHORT,18630.75,-25.0,True,12.92,True
716,NQ,Mon,11:30,In-Sample,2024-06-03T15:36:26.471876,2024-06-03 11:36:26,SHORT,18634.25,100.0,True,12.92,True
716,NQ,Mon,11:30,In-Sample,2024-06-03T15:36:26.471876,2024-06-03 11:36:26,SHORT,18634.25,140.0,True,12.92,True
716,NQ,Mon,11:30,In-Sample,2024-06-03T15:38:00.878923,2024-06-03 11:38:00,SHORT,18627.25,200.0,True,12.92,True
716,NQ,Mon,11:30,In-Sample,2024-06-03T15:38:00.878923,2024-06-03 11:38:00,SHORT,18627.25,400.0,True,12.92,True
716,NQ,Mon,11:30,In-Sample,2024-06-03T15:38:00.878923,2024-06-03 11:38:00,SHORT,18627.25,210.0,True,12.92,True
716,NQ,Mon,11:30,In-Sample,2024-06-03T15:38:00.932099,2024-06-03 11:38:00,SHORT,18627.25,200.0,True,12.92,True
716,NQ,Mon,11:30,In-Sample,2024-06-03T15:38:00.932099,2024-06-03 11:38:00,SHORT,18627.25,600.0,True,12.92,True
716,NQ,Mon,11:30,In-Sample,2024-06-03T15:38:00.932623,2024-06-03 11:38:00,SHORT,18627.25,200.0,True,12.92,True
716,NQ,Mon,11:30,In-Sample,2024-06-03T15:38:00.932623,2024-06-03 11:38:00,SHORT,18627.25,400.0,True,12.92,True
716,NQ,Mon,11:30,In-Sample,2024-06-03T15:38:00.932623,2024-06-03 11:38:00,SHORT,18627.25,210.0,True,12.92,True
716,NQ,Mon,11:30,In-Sample,2024-06-03T15:38:01.047128,2024-06-03 11:38:01,SHORT,18627.5,200.0,True,12.92,True
716,NQ,Mon,11:30,In-Sample,2024-06-03T15:38:01.047128,2024-06-03 11:38:01,SHORT,18627.5,400.0,True,12.92,True
716,NQ,Mon,11:30,In-Sample,2024-06-03T15:38:01.047128,2024-06-03 11:38:01,SHORT,18627.5,215.0,True,12.92,True
716,NQ,Mon,11:30,In-Sample,2024-06-03T15:38:04.842815,2024-06-03 11:38:04,SHORT,18627.0,580.0,True,12.92,True
716,NQ,Mon,11:30,In-Sample,2024-06-03T15:38:07.963485,2024-06-03 11:38:07,SHORT,18623.25,340.0,True,12.92,True
716,NQ,Mon,11:30,In-Sample,2024-06-03T15:38:07.963485,2024-06-03 11:38:07,SHORT,18623.25,775.0,True,12.92,True
716,NQ,Mon,11:30,In-Sample,2024-06-03T15:38:07.963485,2024-06-03 11:38:07,SHORT,18623.25,930.0,True,12.92,True
716,NQ,Mon,11:30,In-Sample,2024-06-03T15:38:08.024257,2024-06-03 11:38:08,SHORT,18623.25,145.0,True,12.92,True
716,NQ,Mon,11:30,In-Sample,2024-06-03T15:38:08.024257,2024-06-03 11:38:08,SHORT,18623.25,295.0,True,12.92,True
716,NQ,Mon,11:30,In-Sample,2024-06-03T15:38:08.024257,2024-06-03 11:38:08,SHORT,18623.25,175.0,True,12.92,True
716,NQ,Mon,11:30,In-Sample,2024-06-03T15:38:08.434008,2024-06-03 11:38:08,SHORT,18622.75,145.0,True,12.92,True
716,NQ,Mon,11:30,In-Sample,2024-06-03T15:38:08.434008,2024-06-03 11:38:08,SHORT,18622.75,295.0,True,12.92,True
716,NQ,Mon,11:30,In-Sample,2024-06-03T15:38:08.434008,2024-06-03 11:38:08,SHORT,18622.75,165.0,True,12.92,True
716,NQ,Mon,11:30,In-Sample,2024-06-03T15:39:33.488877,2024-06-03 11:39:33,SHORT,18621.25,195.0,True,12.92,True
716,NQ,Mon,11:30,In-Sample,2024-06-03T15:39:33.488877,2024-06-03 11:39:33,SHORT,18621.25,390.0,True,12.92,True
716,NQ,Mon,11:30,In-Sample,2024-06-03T15:39:33.488877,2024-06-03 11:39:33,SHORT,18621.25,210.0,True,12.92,True
716,NQ,Mon,11:30,In-Sample,2024-06-03T15:39:33.899492,2024-06-03 11:39:33,SHORT,18621.0,195.0,True,12.92,True
716,NQ,Mon,11:30,In-Sample,2024-06-03T15:39:33.899492,2024-06-03 11:39:33,SHORT,18621.0,390.0,True,12.92,True
716,NQ,Mon,11:30,In-Sample,2024-06-03T15:39:33.899492,2024-06-03 11:39:33,SHORT,18621.0,335.0,True,12.92,True
716,NQ,Mon,11:30,In-Sample,2024-06-03T15:41:22.504920,2024-06-03 11:41:22,SHORT,18610.75,-30.0,True,12.92,True
716,NQ,Mon,11:30,In-Sample,2024-06-03T15:42:29.875151,2024-06-03 11:42:29,SHORT,18612.25,-660.0,True,12.92,True
716,NQ,Mon,11:30,In-Sample,2024-06-03T15:43:58.068459,2024-06-03 11:43:58,SHORT,18618.75,-170.0,True,12.92,True
716,NQ,Mon,11:30,In-Sample,2024-06-03T15:43:58.068579,2024-06-03 11:43:58,SHORT,18618.75,-170.0,True,12.92,True
716,NQ,Mon,11:30,In-Sample,2024-06-03T15:43:58.222394,2024-06-03 11:43:58,SHORT,18618.75,-255.0,True,12.92,True
716,NQ,Mon,11:30,In-Sample,2024-06-03T15:43:58.222695,2024-06-03 11:43:58,SHORT,18618.75,-170.0,True,12.92,True
716,NQ,Mon,11:30,In-Sample,2024-06-03T15:43:58.380819,2024-06-03 11:43:58,SHORT,18619.75,-195.0,True,12.92,True
716,NQ,Mon,11:30,In-Sample,2024-06-03T15:45:16.146911,2024-06-03 11:45:16,LONG,18622.75,-460.0,True,12.92,True
716,NQ,Mon,11:30,In-Sample,2024-06-03T15:45:38.870906,2024-06-03 11:45:38,SHORT,18615.0,200.0,True,12.92,True
716,NQ,Mon,11:30,In-Sample,2024-06-03T15:45:38.870906,2024-06-03 11:45:38,SHORT,18615.0,405.0,True,12.92,True
716,NQ,Mon,11:30,In-Sample,2024-06-03T15:45:38.870906,2024-06-03 11:45:38,SHORT,18615.0,265.0,True,12.92,True
716,NQ,Mon,11:30,In-Sample,2024-06-03T15:46:26.535444,2024-06-03 11:46:26,SHORT,18605.75,145.0,True,12.92,True
716,NQ,Mon,11:30,In-Sample,2024-06-03T15:46:26.535444,2024-06-03 11:46:26,SHORT,18605.75,-350.0,True,12.92,True
716,NQ,Mon,11:30,In-Sample,2024-06-03T15:46:26.535608,2024-06-03 11:46:26,SHORT,18605.75,200.0,True,12.92,True
716,NQ,Mon,11:30,In-Sample,2024-06-03T15:46:26.535608,2024-06-03 11:46:26,SHORT,18605.75,80.0,True,12.92,True
716,NQ,Mon,11:30,In-Sample,2024-06-03T15:46:26.923692,2024-06-03 11:46:26,SHORT,18606.25,145.0,True,12.92,True
716,NQ,Mon,11:30,In-Sample,2024-06-03T15:46:26.923692,2024-06-03 11:46:26,SHORT,18606.25,140.0,True,12.92,True
716,NQ,Mon,11:30,In-Sample,2024-06-03T15:46:27.004342,2024-06-03 11:46:27,SHORT,18606.25,405.0,True,12.92,True
716,NQ,Mon,11:30,In-Sample,2024-06-03T15:46:27.004342,2024-06-03 11:46:27,SHORT,18606.25,660.0,True,12.92,True
716,NQ,Mon,11:30,In-Sample,2024-06-03T15:46:27.004342,2024-06-03 11:46:27,SHORT,18606.25,510.0,True,12.92,True
716,NQ,Mon,11:30,In-Sample,2024-06-03T15:46:56.949330,2024-06-03 11:46:56,SHORT,18594.75,-255.0,True,12.92,True
716,NQ,Mon,11:30,In-Sample,2024-06-03T15:46:57.039738,2024-06-03 11:46:57,SHORT,18594.5,-270.0,True,12.92,True
716,NQ,Mon,11:30,In-Sample,2024-06-03T15:46:57.194849,2024-06-03 11:46:57,SHORT,18594.5,-270.0,True,12.92,True
716,NQ,Mon,11:30,In-Sample,2024-06-03T15:47:00.099938,2024-06-03 11:47:00,LONG,18593.75,-75.0,True,12.92,True
716,NQ,Mon,11:30,In-Sample,2024-06-03T15:47:00.572813,2024-06-03 11:47:00,SHORT,18592.75,-1035.0,True,12.92,True
716,NQ,Mon,11:30,In-Sample,2024-06-03T15:47:03.958449,2024-06-03 11:47:03,LONG,18595.75,100.0,True,12.92,True
716,NQ,Mon,11:30,In-Sample,2024-06-03T15:47:03.958449,2024-06-03 11:47:03,LONG,18595.75,300.0,True,12.92,True
716,NQ,Mon,11:30,In-Sample,2024-06-03T15:47:03.958449,2024-06-03 11:47:03,LONG,18595.75,265.0,True,12.92,True
716,NQ,Mon,11:30,In-Sample,2024-06-03T15:47:04.038742,2024-06-03 11:47:04,LONG,18596.0,100.0,True,12.92,True
716,NQ,Mon,11:30,In-Sample,2024-06-03T15:47:04.038742,2024-06-03 11:47:04,LONG,18596.0,90.0,True,12.92,True
716,NQ,Mon,11:30,In-Sample,2024-06-03T15:47:18.901107,2024-06-03 11:47:18,LONG,18600.75,145.0,True,12.92,True
716,NQ,Mon,11:30,In-Sample,2024-06-03T15:47:18.901107,2024-06-03 11:47:18,LONG,18600.75,15.0,True,12.92,True
716,NQ,Mon,11:30,In-Sample,2024-06-03T15:47:55.390757,2024-06-03 11:47:55,LONG,18603.0,210.0,True,12.92,True
716,NQ,Mon,11:30,In-Sample,2024-06-03T15:47:55.390757,2024-06-03 11:47:55,LONG,18603.0,-200.0,True,12.92,True
716,NQ,Mon,11:30,In-Sample,2024-06-03T15:47:55.391864,2024-06-03 11:47:55,LONG,18603.0,210.0,True,12.92,True
716,NQ,Mon,11:30,In-Sample,2024-06-03T15:47:55.391864,2024-06-03 11:47:55,LONG,18603.0,420.0,True,12.92,True
716,NQ,Mon,11:30,In-Sample,2024-06-03T15:47:55.391864,2024-06-03 11:47:55,LONG,18603.0,265.0,True,12.92,True
716,NQ,Mon,11:30,In-Sample,2024-06-03T15:47:55.392184,2024-06-03 11:47:55,LONG,18603.0,210.0,True,12.92,True
716,NQ,Mon,11:30,In-Sample,2024-06-03T15:47:55.392184,2024-06-03 11:47:55,LONG,18603.0,420.0,True,12.92,True
716,NQ,Mon,11:30,In-Sample,2024-06-03T15:47:55.392184,2024-06-03 11:47:55,LONG,18603.0,265.0,True,12.92,True
716,NQ,Mon,11:30,In-Sample,2024-06-03T15:48:16.995742,2024-06-03 11:48:16,LONG,18605.25,30.0,True,12.92,True
716,NQ,Mon,11:30,In-Sample,2024-06-03T15:48:17.117627,2024-06-03 11:48:17,LONG,18605.25,0.0,True,12.92,True
716,NQ,Mon,11:30,In-Sample,2024-06-03T15:50:17.876272,2024-06-03 11:50:17,SHORT,18603.25,-555.0,True,12.92,True
716,NQ,Mon,11:30,In-Sample,2024-06-03T15:52:59.401657,2024-06-03 11:52:59,LONG,18622.5,-390.0,True,12.92,True
716,NQ,Mon,11:30,In-Sample,2024-06-03T15:52:59.644534,2024-06-03 11:52:59,LONG,18622.0,-540.0,True,12.92,True
716,NQ,Mon,11:30,In-Sample,2024-06-03T15:52:59.644745,2024-06-03 11:52:59,LONG,18622.0,-230.0,True,12.92,True
716,NQ,Mon,11:30,In-Sample,2024-06-03T15:54:09.908516,2024-06-03 11:54:09,SHORT,18616.25,215.0,True,12.92,True
716,NQ,Mon,11:30,In-Sample,2024-06-03T15:54:09.908516,2024-06-03 11:54:09,SHORT,18616.25,460.0,True,12.92,True
716,NQ,Mon,11:30,In-Sample,2024-06-03T15:55:06.013730,2024-06-03 11:55:06,SHORT,18613.0,150.0,True,12.92,True
716,NQ,Mon,11:30,In-Sample,2024-06-03T15:55:06.013730,2024-06-03 11:55:06,SHORT,18613.0,300.0,True,12.92,True
716,NQ,Mon,11:30,In-Sample,2024-06-03T15:55:06.013730,2024-06-03 11:55:06,SHORT,18613.0,135.0,True,12.92,True
716,NQ,Mon,11:30,In-Sample,2024-06-03T15:55:06.014375,2024-06-03 11:55:06,SHORT,18613.0,645.0,True,12.92,True
716,NQ,Mon,11:30,In-Sample,2024-06-03T15:55:06.014375,2024-06-03 11:55:06,SHORT,18613.0,955.0,True,12.92,True
716,NQ,Mon,11:30,In-Sample,2024-06-03T15:55:06.014375,2024-06-03 11:55:06,SHORT,18613.0,1130.0,True,12.92,True
716,NQ,Mon,11:30,In-Sample,2024-06-03T15:55:06.014523,2024-06-03 11:55:06,SHORT,18613.0,1640.0,True,12.92,True
716,NQ,Mon,11:30,In-Sample,2024-06-03T15:55:06.014523,2024-06-03 11:55:06,SHORT,18613.0,3270.0,True,12.92,True
716,NQ,Mon,11:30,In-Sample,2024-06-03T15:55:06.140288,2024-06-03 11:55:06,SHORT,18613.0,150.0,True,12.92,True
716,NQ,Mon,11:30,In-Sample,2024-06-03T15:55:06.140288,2024-06-03 11:55:06,SHORT,18613.0,300.0,True,12.92,True
716,NQ,Mon,11:30,In-Sample,2024-06-03T15:55:06.140288,2024-06-03 11:55:06,SHORT,18613.0,135.0,True,12.92,True
716,NQ,Mon,11:30,In-Sample,2024-06-03T15:55:16.017128,2024-06-03 11:55:16,SHORT,18607.0,165.0,True,12.92,True
716,NQ,Mon,11:30,In-Sample,2024-06-03T15:55:16.017128,2024-06-03 11:55:16,SHORT,18607.0,330.0,True,12.92,True
716,NQ,Mon,11:30,In-Sample,2024-06-03T15:55:16.017128,2024-06-03 11:55:16,SHORT,18607.0,465.0,True,12.92,True
716,NQ,Mon,11:30,In-Sample,2024-06-03T15:55:16.140853,2024-06-03 11:55:16,SHORT,18607.0,165.0,True,12.92,True
716,NQ,Mon,11:30,In-Sample,2024-06-03T15:55:16.140853,2024-06-03 11:55:16,SHORT,18607.0,75.0,True,12.92,True
716,NQ,Mon,11:30,In-Sample,2024-06-03T15:55:16.141182,2024-06-03 11:55:16,SHORT,18607.0,165.0,True,12.92,True
716,NQ,Mon,11:30,In-Sample,2024-06-03T15:55:16.141182,2024-06-03 11:55:16,SHORT,18607.0,75.0,True,12.92,True
716,NQ,Mon,11:30,In-Sample,2024-06-03T15:55:16.141462,2024-06-03 11:55:16,SHORT,18607.0,165.0,True,12.92,True
716,NQ,Mon,11:30,In-Sample,2024-06-03T15:55:16.141462,2024-06-03 11:55:16,SHORT,18607.0,330.0,True,12.92,True
716,NQ,Mon,11:30,In-Sample,2024-06-03T15:55:16.141462,2024-06-03 11:55:16,SHORT,18607.0,465.0,True,12.92,True
716,NQ,Mon,11:30,In-Sample,2024-06-03T15:55:16.141685,2024-06-03 11:55:16,SHORT,18607.0,165.0,True,12.92,True
716,NQ,Mon,11:30,In-Sample,2024-06-03T15:55:16.141685,2024-06-03 11:55:16,SHORT,18607.0,75.0,True,12.92,True
716,NQ,Mon,11:30,In-Sample,2024-06-03T15:58:24.213083,2024-06-03 11:58:24,SHORT,18598.5,-510.0,True,12.92,True
716,NQ,Mon,11:30,In-Sample,2024-06-03T15:58:24.384913,2024-06-03 11:58:24,SHORT,18599.0,-345.0,True,12.92,True
716,NQ,Mon,11:30,In-Sample,2024-06-03T15:58:24.448968,2024-06-03 11:58:24,SHORT,18599.0,-480.0,True,12.92,True
716,NQ,Mon,11:30,In-Sample,2024-06-03T15:59:01.868723,2024-06-03 11:59:01,LONG,18609.25,75.0,True,12.92,True
716,NQ,Mon,11:30,In-Sample,2024-06-03T15:59:01.868723,2024-06-03 11:59:01,LONG,18609.25,0.0,True,12.92,True
716,NQ,Mon,11:30,In-Sample,2024-06-03T15:59:01.938490,2024-06-03 11:59:01,LONG,18609.25,-420.0,True,12.92,True
716,NQ,Mon,11:30,In-Sample,2024-06-03T15:59:02.125373,2024-06-03 11:59:02,LONG,18608.5,75.0,True,12.92,True
716,NQ,Mon,11:30,In-Sample,2024-06-03T15:59:02.125373,2024-06-03 11:59:02,LONG,18608.5,30.0,True,12.92,True
716,NQ,Mon,11:30,In-Sample,2024-06-03T15:59:04.563002,2024-06-03 11:59:04,LONG,18610.25,165.0,True,12.92,True
716,NQ,Mon,11:30,In-Sample,2024-06-03T15:59:04.563002,2024-06-03 11:59:04,LONG,18610.25,-35.0,True,12.92,True
716,NQ,Mon,11:30,In-Sample,2024-06-03T15:59:04.563472,2024-06-03 11:59:04,LONG,18610.25,165.0,True,12.92,True
716,NQ,Mon,11:30,In-Sample,2024-06-03T15:59:04.563472,2024-06-03 11:59:04,LONG,18610.25,-35.0,True,12.92,True
716,NQ,Mon,11:30,In-Sample,2024-06-03T15:59:04.563712,2024-06-03 11:59:04,LONG,18610.25,165.0,True,12.92,True
716,NQ,Mon,11:30,In-Sample,2024-06-03T15:59:04.563712,2024-06-03 11:59:04,LONG,18610.25,-35.0,True,12.92,True
716,NQ,Mon,11:30,In-Sample,2024-06-03T15:59:37.372890,2024-06-03 11:59:37,SHORT,18601.75,-855.0,True,12.92,True
716,NQ,Mon,11:30,In-Sample,2024-06-03T15:59:44.921891,2024-06-03 11:59:44,SHORT,18603.0,-90.0,True,12.92,True
716,NQ,Mon,11:30,In-Sample,2024-06-10T15:30:00.219661,2024-06-10 11:30:00,LONG,19095.0,195.0,True,12.22,True
716,NQ,Mon,11:30,In-Sample,2024-06-10T15:30:00.434576,2024-06-10 11:30:00,LONG,19095.5,150.0,True,12.22,True
716,NQ,Mon,11:30,In-Sample,2024-06-10T15:30:13.254636,2024-06-10 11:30:13,LONG,19095.5,-60.0,True,12.22,True
716,NQ,Mon,11:30,In-Sample,2024-06-10T15:30:13.254636,2024-06-10 11:30:13,LONG,19095.5,-15.0,True,12.22,True
716,NQ,Mon,11:30,In-Sample,2024-06-10T15:30:18.712244,2024-06-10 11:30:18,SHORT,19092.75,-120.0,True,12.22,True
716,NQ,Mon,11:30,In-Sample,2024-06-10T15:30:18.783335,2024-06-10 11:30:18,SHORT,19092.75,-190.0,True,12.22,True
716,NQ,Mon,11:30,In-Sample,2024-06-10T15:30:20.654258,2024-06-10 11:30:20,SHORT,19091.25,-125.0,True,12.22,True
716,NQ,Mon,11:30,In-Sample,2024-06-10T15:30:20.846755,2024-06-10 11:30:20,SHORT,19090.5,-20.0,True,12.22,True
716,NQ,Mon,11:30,In-Sample,2024-06-10T15:30:20.847088,2024-06-10 11:30:20,SHORT,19090.5,-420.0,True,12.22,True
716,NQ,Mon,11:30,In-Sample,2024-06-10T15:30:21.755406,2024-06-10 11:30:21,LONG,19091.5,100.0,True,12.22,True
716,NQ,Mon,11:30,In-Sample,2024-06-10T15:30:52.599937,2024-06-10 11:30:52,LONG,19097.5,-80.0,True,12.22,True
716,NQ,Mon,11:30,In-Sample,2024-06-10T15:31:01.696995,2024-06-10 11:31:01,SHORT,19097.75,-150.0,True,12.22,True
716,NQ,Mon,11:30,In-Sample,2024-06-10T15:31:09.238782,2024-06-10 11:31:09,SHORT,19096.0,-170.0,True,12.22,True
716,NQ,Mon,11:30,In-Sample,2024-06-10T15:31:09.704611,2024-06-10 11:31:09,SHORT,19096.25,-80.0,True,12.22,True
716,NQ,Mon,11:30,In-Sample,2024-06-10T15:33:02.163897,2024-06-10 11:33:02,SHORT,19094.5,95.0,True,12.22,True
716,NQ,Mon,11:30,In-Sample,2024-06-10T15:33:02.163897,2024-06-10 11:33:02,SHORT,19094.5,190.0,True,12.22,True
716,NQ,Mon,11:30,In-Sample,2024-06-10T15:33:02.163897,2024-06-10 11:33:02,SHORT,19094.5,0.0,True,12.22,True
716,NQ,Mon,11:30,In-Sample,2024-06-10T15:33:02.253613,2024-06-10 11:33:02,SHORT,19094.5,95.0,True,12.22,True
716,NQ,Mon,11:30,In-Sample,2024-06-10T15:33:02.253613,2024-06-10 11:33:02,SHORT,19094.5,190.0,True,12.22,True
716,NQ,Mon,11:30,In-Sample,2024-06-10T15:33:02.253613,2024-06-10 11:33:02,SHORT,19094.5,0.0,True,12.22,True
716,NQ,Mon,11:30,In-Sample,2024-06-10T15:33:02.406997,2024-06-10 11:33:02,SHORT,19094.5,95.0,True,12.22,True
716,NQ,Mon,11:30,In-Sample,2024-06-10T15:33:02.406997,2024-06-10 11:33:02,SHORT,19094.5,190.0,True,12.22,True
716,NQ,Mon,11:30,In-Sample,2024-06-10T15:33:02.406997,2024-06-10 11:33:02,SHORT,19094.5,0.0,True,12.22,True
716,NQ,Mon,11:30,In-Sample,2024-06-10T15:33:07.176288,2024-06-10 11:33:07,SHORT,19093.5,135.0,True,12.22,True
716,NQ,Mon,11:30,In-Sample,2024-06-10T15:33:07.377292,2024-06-10 11:33:07,SHORT,19094.0,135.0,True,12.22,True
716,NQ,Mon,11:30,In-Sample,2024-06-10T15:33:07.377913,2024-06-10 11:33:07,SHORT,19094.0,135.0,True,12.22,True
716,NQ,Mon,11:30,In-Sample,2024-06-10T15:33:07.377913,2024-06-10 11:33:07,SHORT,19094.0,110.0,True,12.22,True
716,NQ,Mon,11:30,In-Sample,2024-06-10T15:33:54.756988,2024-06-10 11:33:54,SHORT,19093.0,110.0,True,12.22,True
716,NQ,Mon,11:30,In-Sample,2024-06-10T15:33:54.756988,2024-06-10 11:33:54,SHORT,19093.0,-30.0,True,12.22,True
716,NQ,Mon,11:30,In-Sample,2024-06-10T15:33:54.825694,2024-06-10 11:33:54,SHORT,19092.75,110.0,True,12.22,True
716,NQ,Mon,11:30,In-Sample,2024-06-10T15:33:54.825694,2024-06-10 11:33:54,SHORT,19092.75,-320.0,True,12.22,True
716,NQ,Mon,11:30,In-Sample,2024-06-10T15:33:54.979467,2024-06-10 11:33:54,SHORT,19092.75,110.0,True,12.22,True
716,NQ,Mon,11:30,In-Sample,2024-06-10T15:33:54.979467,2024-06-10 11:33:54,SHORT,19092.75,-320.0,True,12.22,True
716,NQ,Mon,11:30,In-Sample,2024-06-10T15:33:54.979963,2024-06-10 11:33:54,SHORT,19092.75,110.0,True,12.22,True
716,NQ,Mon,11:30,In-Sample,2024-06-10T15:33:54.979963,2024-06-10 11:33:54,SHORT,19092.75,-15.0,True,12.22,True
716,NQ,Mon,11:30,In-Sample,2024-06-10T15:33:54.980089,2024-06-10 11:33:54,SHORT,19092.75,110.0,True,12.22,True
716,NQ,Mon,11:30,In-Sample,2024-06-10T15:33:54.980089,2024-06-10 11:33:54,SHORT,19092.75,-15.0,True,12.22,True
716,NQ,Mon,11:30,In-Sample,2024-06-10T15:36:09.313212,2024-06-10 11:36:09,SHORT,19091.75,130.0,True,12.22,True
716,NQ,Mon,11:30,In-Sample,2024-06-10T15:36:09.313212,2024-06-10 11:36:09,SHORT,19091.75,-340.0,True,12.22,True
716,NQ,Mon,11:30,In-Sample,2024-06-10T15:36:09.383602,2024-06-10 11:36:09,SHORT,19091.75,130.0,True,12.22,True
716,NQ,Mon,11:30,In-Sample,2024-06-10T15:36:09.383602,2024-06-10 11:36:09,SHORT,19091.75,-340.0,True,12.22,True
716,NQ,Mon,11:30,In-Sample,2024-06-10T15:36:29.981116,2024-06-10 11:36:29,SHORT,19088.25,75.0,True,12.22,True
716,NQ,Mon,11:30,In-Sample,2024-06-10T15:36:29.981116,2024-06-10 11:36:29,SHORT,19088.25,10.0,True,12.22,True
716,NQ,Mon,11:30,In-Sample,2024-06-10T15:36:30.199822,2024-06-10 11:36:30,LONG,19087.25,150.0,True,12.22,True
716,NQ,Mon,11:30,In-Sample,2024-06-10T15:36:30.388381,2024-06-10 11:36:30,SHORT,19087.75,-465.0,True,12.22,True
716,NQ,Mon,11:30,In-Sample,2024-06-10T15:37:06.426341,2024-06-10 11:37:06,SHORT,19086.5,-190.0,True,12.22,True
716,NQ,Mon,11:30,In-Sample,2024-06-10T15:38:47.017057,2024-06-10 11:38:47,LONG,19091.25,140.0,True,12.22,True
716,NQ,Mon,11:30,In-Sample,2024-06-10T15:38:47.107465,2024-06-10 11:38:47,LONG,19091.25,70.0,True,12.22,True
716,NQ,Mon,11:30,In-Sample,2024-06-10T15:38:47.107465,2024-06-10 11:38:47,LONG,19091.25,165.0,True,12.22,True
716,NQ,Mon,11:30,In-Sample,2024-06-10T15:40:19.313107,2024-06-10 11:40:19,LONG,19098.75,-300.0,True,12.22,True
716,NQ,Mon,11:30,In-Sample,2024-06-10T15:40:19.526753,2024-06-10 11:40:19,LONG,19098.75,-300.0,True,12.22,True
716,NQ,Mon,11:30,In-Sample,2024-06-10T15:40:19.527477,2024-06-10 11:40:19,LONG,19098.75,-300.0,True,12.22,True
716,NQ,Mon,11:30,In-Sample,2024-06-10T15:41:18.041037,2024-06-10 11:41:18,LONG,19100.75,-115.0,True,12.22,True
716,NQ,Mon,11:30,In-Sample,2024-06-10T15:41:20.392297,2024-06-10 11:41:20,SHORT,19100.25,-105.0,True,12.22,True
716,NQ,Mon,11:30,In-Sample,2024-06-10T15:41:44.893032,2024-06-10 11:41:44,SHORT,19098.75,100.0,True,12.22,True
716,NQ,Mon,11:30,In-Sample,2024-06-10T15:41:44.893032,2024-06-10 11:41:44,SHORT,19098.75,160.0,True,12.22,True
716,NQ,Mon,11:30,In-Sample,2024-06-10T15:41:44.982921,2024-06-10 11:41:44,SHORT,19098.75,-30.0,True,12.22,True
716,NQ,Mon,11:30,In-Sample,2024-06-10T15:41:44.983097,2024-06-10 11:41:44,SHORT,19098.75,90.0,True,12.22,True
716,NQ,Mon,11:30,In-Sample,2024-06-10T15:41:44.983097,2024-06-10 11:41:44,SHORT,19098.75,-70.0,True,12.22,True
716,NQ,Mon,11:30,In-Sample,2024-06-10T15:42:32.464335,2024-06-10 11:42:32,SHORT,19094.75,130.0,True,12.22,True
716,NQ,Mon,11:30,In-Sample,2024-06-10T15:42:32.647729,2024-06-10 11:42:32,SHORT,19094.75,130.0,True,12.22,True
716,NQ,Mon,11:30,In-Sample,2024-06-10T15:42:32.647729,2024-06-10 11:42:32,SHORT,19094.75,90.0,True,12.22,True
716,NQ,Mon,11:30,In-Sample,2024-06-10T15:42:32.815464,2024-06-10 11:42:32,SHORT,19095.0,130.0,True,12.22,True
716,NQ,Mon,11:30,In-Sample,2024-06-10T15:45:19.386909,2024-06-10 11:45:19,SHORT,19092.5,-570.0,True,12.22,True
716,NQ,Mon,11:30,In-Sample,2024-06-10T15:45:19.463572,2024-06-10 11:45:19,SHORT,19092.5,-570.0,True,12.22,True
716,NQ,Mon,11:30,In-Sample,2024-06-10T15:46:00.360226,2024-06-10 11:46:00,SHORT,19091.0,85.0,True,12.22,True
716,NQ,Mon,11:30,In-Sample,2024-06-10T15:46:00.360226,2024-06-10 11:46:00,SHORT,19091.0,20.0,True,12.22,True
716,NQ,Mon,11:30,In-Sample,2024-06-10T15:46:00.436265,2024-06-10 11:46:00,SHORT,19090.5,-285.0,True,12.22,True
716,NQ,Mon,11:30,In-Sample,2024-06-10T15:46:00.592980,2024-06-10 11:46:00,SHORT,19090.5,-435.0,True,12.22,True
716,NQ,Mon,11:30,In-Sample,2024-06-10T15:46:32.706565,2024-06-10 11:46:32,LONG,19088.25,225.0,True,12.22,True
716,NQ,Mon,11:30,In-Sample,2024-06-10T15:48:16.442847,2024-06-10 11:48:16,LONG,19092.5,280.0,True,12.22,True
716,NQ,Mon,11:30,In-Sample,2024-06-10T15:48:16.443320,2024-06-10 11:48:16,LONG,19092.5,140.0,True,12.22,True
716,NQ,Mon,11:30,In-Sample,2024-06-10T15:48:16.443320,2024-06-10 11:48:16,LONG,19092.5,195.0,True,12.22,True
716,NQ,Mon,11:30,In-Sample,2024-06-10T15:49:50.562216,2024-06-10 11:49:50,LONG,19095.75,115.0,True,12.22,True
716,NQ,Mon,11:30,In-Sample,2024-06-10T15:49:50.562216,2024-06-10 11:49:50,LONG,19095.75,145.0,True,12.22,True
716,NQ,Mon,11:30,In-Sample,2024-06-10T15:49:50.639429,2024-06-10 11:49:50,LONG,19095.75,115.0,True,12.22,True
716,NQ,Mon,11:30,In-Sample,2024-06-10T15:49:50.639429,2024-06-10 11:49:50,LONG,19095.75,145.0,True,12.22,True
716,NQ,Mon,11:30,In-Sample,2024-06-10T15:49:50.966940,2024-06-10 11:49:50,LONG,19095.75,115.0,True,12.22,True
716,NQ,Mon,11:30,In-Sample,2024-06-10T15:49:50.966940,2024-06-10 11:49:50,LONG,19095.75,135.0,True,12.22,True
716,NQ,Mon,11:30,In-Sample,2024-06-10T15:49:51.044872,2024-06-10 11:49:51,LONG,19095.75,115.0,True,12.22,True
716,NQ,Mon,11:30,In-Sample,2024-06-10T15:49:51.044872,2024-06-10 11:49:51,LONG,19095.75,225.0,True,12.22,True
716,NQ,Mon,11:30,In-Sample,2024-06-10T15:49:51.044872,2024-06-10 11:49:51,LONG,19095.75,175.0,True,12.22,True
716,NQ,Mon,11:30,In-Sample,2024-06-10T15:49:51.044982,2024-06-10 11:49:51,LONG,19095.75,115.0,True,12.22,True
716,NQ,Mon,11:30,In-Sample,2024-06-10T15:49:51.044982,2024-06-10 11:49:51,LONG,19095.75,225.0,True,12.22,True
716,NQ,Mon,11:30,In-Sample,2024-06-10T15:49:51.044982,2024-06-10 11:49:51,LONG,19095.75,160.0,True,12.22,True
716,NQ,Mon,11:30,In-Sample,2024-06-10T15:50:17.364710,2024-06-10 11:50:17,LONG,19101.75,-70.0,True,12.22,True
716,NQ,Mon,11:30,In-Sample,2024-06-10T15:50:17.846298,2024-06-10 11:50:17,LONG,19102.0,125.0,True,12.22,True
716,NQ,Mon,11:30,In-Sample,2024-06-10T15:50:17.846298,2024-06-10 11:50:17,LONG,19102.0,-310.0,True,12.22,True
716,NQ,Mon,11:30,In-Sample,2024-06-10T15:50:17.846655,2024-06-10 11:50:17,LONG,19102.0,-90.0,True,12.22,True
716,NQ,Mon,11:30,In-Sample,2024-06-10T15:50:17.847159,2024-06-10 11:50:17,LONG,19102.0,125.0,True,12.22,True
716,NQ,Mon,11:30,In-Sample,2024-06-10T15:50:17.847159,2024-06-10 11:50:17,LONG,19102.0,-300.0,True,12.22,True
716,NQ,Mon,11:30,In-Sample,2024-06-10T15:50:17.847303,2024-06-10 11:50:17,LONG,19102.0,-150.0,True,12.22,True
716,NQ,Mon,11:30,In-Sample,2024-06-10T15:50:34.491690,2024-06-10 11:50:34,SHORT,19102.5,-180.0,True,12.22,True
716,NQ,Mon,11:30,In-Sample,2024-06-10T15:50:42.945032,2024-06-10 11:50:42,SHORT,19102.25,-195.0,True,12.22,True
716,NQ,Mon,11:30,In-Sample,2024-06-10T15:50:48.652132,2024-06-10 11:50:48,SHORT,19100.75,-110.0,True,12.22,True
716,NQ,Mon,11:30,In-Sample,2024-06-10T15:50:48.652560,2024-06-10 11:50:48,SHORT,19100.75,-190.0,True,12.22,True
716,NQ,Mon,11:30,In-Sample,2024-06-10T15:51:41.000900,2024-06-10 11:51:41,SHORT,19099.5,-465.0,True,12.22,True
716,NQ,Mon,11:30,In-Sample,2024-06-10T15:51:41.194419,2024-06-10 11:51:41,SHORT,19099.5,-110.0,True,12.22,True
716,NQ,Mon,11:30,In-Sample,2024-06-10T15:51:41.194914,2024-06-10 11:51:41,SHORT,19099.5,-120.0,True,12.22,True
716,NQ,Mon,11:30,In-Sample,2024-06-10T15:51:41.195434,2024-06-10 11:51:41,SHORT,19099.5,-330.0,True,12.22,True
716,NQ,Mon,11:30,In-Sample,2024-06-10T15:51:41.195546,2024-06-10 11:51:41,SHORT,19099.5,-120.0,True,12.22,True
716,NQ,Mon,11:30,In-Sample,2024-06-10T15:51:41.655348,2024-06-10 11:51:41,SHORT,19098.25,-115.0,True,12.22,True
716,NQ,Mon,11:30,In-Sample,2024-06-10T15:52:54.276347,2024-06-10 11:52:54,LONG,19104.0,-40.0,True,12.22,True
716,NQ,Mon,11:30,In-Sample,2024-06-10T15:52:56.117126,2024-06-10 11:52:56,LONG,19105.0,-110.0,True,12.22,True
716,NQ,Mon,11:30,In-Sample,2024-06-10T15:52:56.117727,2024-06-10 11:52:56,LONG,19105.0,-110.0,True,12.22,True
716,NQ,Mon,11:30,In-Sample,2024-06-10T15:52:56.117727,2024-06-10 11:52:56,LONG,19105.0,30.0,True,12.22,True
716,NQ,Mon,11:30,In-Sample,2024-06-10T15:52:56.553645,2024-06-10 11:52:56,LONG,19105.5,-140.0,True,12.22,True
716,NQ,Mon,11:30,In-Sample,2024-06-10T15:52:56.620140,2024-06-10 11:52:56,LONG,19105.75,-210.0,True,12.22,True
716,NQ,Mon,11:30,In-Sample,2024-06-10T15:53:01.038660,2024-06-10 11:53:01,SHORT,19104.0,-30.0,True,12.22,True
716,NQ,Mon,11:30,In-Sample,2024-06-10T15:53:17.559552,2024-06-10 11:53:17,SHORT,19106.25,-105.0,True,12.22,True
716,NQ,Mon,11:30,In-Sample,2024-06-10T15:53:37.530425,2024-06-10 11:53:37,SHORT,19102.0,-120.0,True,12.22,True
716,NQ,Mon,11:30,In-Sample,2024-06-10T15:53:37.530977,2024-06-10 11:53:37,SHORT,19102.0,-170.0,True,12.22,True
716,NQ,Mon,11:30,In-Sample,2024-06-10T15:53:37.531164,2024-06-10 11:53:37,SHORT,19102.0,-180.0,True,12.22,True
716,NQ,Mon,11:30,In-Sample,2024-06-10T15:53:37.681901,2024-06-10 11:53:37,SHORT,19102.25,-115.0,True,12.22,True
716,NQ,Mon,11:30,In-Sample,2024-06-10T15:53:37.682787,2024-06-10 11:53:37,SHORT,19102.25,-345.0,True,12.22,True
716,NQ,Mon,11:30,In-Sample,2024-06-10T15:54:04.067750,2024-06-10 11:54:04,LONG,19108.0,-70.0,True,12.22,True
716,NQ,Mon,11:30,In-Sample,2024-06-10T15:54:04.068208,2024-06-10 11:54:04,LONG,19108.0,-35.0,True,12.22,True
716,NQ,Mon,11:30,In-Sample,2024-06-10T15:54:04.068334,2024-06-10 11:54:04,LONG,19108.0,-60.0,True,12.22,True
716,NQ,Mon,11:30,In-Sample,2024-06-10T15:54:04.068334,2024-06-10 11:54:04,LONG,19108.0,-30.0,True,12.22,True
716,NQ,Mon,11:30,In-Sample,2024-06-10T15:54:05.752128,2024-06-10 11:54:05,SHORT,19106.75,-120.0,True,12.22,True
716,NQ,Mon,11:30,In-Sample,2024-06-10T15:54:41.123650,2024-06-10 11:54:41,LONG,19107.75,-50.0,True,12.22,True
716,NQ,Mon,11:30,In-Sample,2024-06-10T15:54:41.123650,2024-06-10 11:54:41,LONG,19107.75,125.0,True,12.22,True
716,NQ,Mon,11:30,In-Sample,2024-06-10T15:55:00.537978,2024-06-10 11:55:00,LONG,19109.75,-390.0,True,12.22,True
716,NQ,Mon,11:30,In-Sample,2024-06-10T15:55:00.768295,2024-06-10 11:55:00,LONG,19110.0,-330.0,True,12.22,True
716,NQ,Mon,11:30,In-Sample,2024-06-10T15:55:00.768471,2024-06-10 11:55:00,LONG,19110.0,-405.0,True,12.22,True
716,NQ,Mon,11:30,In-Sample,2024-06-10T15:55:04.574046,2024-06-10 11:55:04,SHORT,19109.25,-120.0,True,12.22,True
716,NQ,Mon,11:30,In-Sample,2024-06-10T15:56:01.711844,2024-06-10 11:56:01,LONG,19111.25,-170.0,True,12.22,True
716,NQ,Mon,11:30,In-Sample,2024-06-10T15:56:01.805951,2024-06-10 11:56:01,LONG,19111.25,-285.0,True,12.22,True
716,NQ,Mon,11:30,In-Sample,2024-06-10T15:56:11.109032,2024-06-10 11:56:11,SHORT,19112.25,100.0,True,12.22,True
716,NQ,Mon,11:30,In-Sample,2024-06-10T15:56:11.109032,2024-06-10 11:56:11,SHORT,19112.25,300.0,True,12.22,True
716,NQ,Mon,11:30,In-Sample,2024-06-10T15:56:42.135608,2024-06-10 11:56:42,SHORT,19109.25,85.0,True,12.22,True
716,NQ,Mon,11:30,In-Sample,2024-06-10T15:56:42.135608,2024-06-10 11:56:42,SHORT,19109.25,260.0,True,12.22,True
716,NQ,Mon,11:30,In-Sample,2024-06-10T15:56:42.219454,2024-06-10 11:56:42,SHORT,19109.25,85.0,True,12.22,True
716,NQ,Mon,11:30,In-Sample,2024-06-10T15:56:42.219454,2024-06-10 11:56:42,SHORT,19109.25,260.0,True,12.22,True
716,NQ,Mon,11:30,In-Sample,2024-06-10T15:56:57.079105,2024-06-10 11:56:57,SHORT,19106.25,125.0,True,12.22,True
716,NQ,Mon,11:30,In-Sample,2024-06-10T15:56:57.160441,2024-06-10 11:56:57,SHORT,19106.25,125.0,True,12.22,True
716,NQ,Mon,11:30,In-Sample,2024-06-10T15:56:57.348576,2024-06-10 11:56:57,SHORT,19106.5,125.0,True,12.22,True
716,NQ,Mon,11:30,In-Sample,2024-06-10T15:56:57.348576,2024-06-10 11:56:57,SHORT,19106.5,245.0,True,12.22,True
716,NQ,Mon,11:30,In-Sample,2024-06-10T15:56:57.348576,2024-06-10 11:56:57,SHORT,19106.5,270.0,True,12.22,True
716,NQ,Mon,11:30,In-Sample,2024-06-10T15:57:28.080728,2024-06-10 11:57:28,SHORT,19102.25,90.0,True,12.22,True
716,NQ,Mon,11:30,In-Sample,2024-06-10T15:57:28.080728,2024-06-10 11:57:28,SHORT,19102.25,180.0,True,12.22,True
716,NQ,Mon,11:30,In-Sample,2024-06-10T15:57:28.080728,2024-06-10 11:57:28,SHORT,19102.25,190.0,True,12.22,True
716,NQ,Mon,11:30,In-Sample,2024-06-10T15:57:28.166677,2024-06-10 11:57:28,SHORT,19102.5,90.0,True,12.22,True
716,NQ,Mon,11:30,In-Sample,2024-06-10T15:57:28.166677,2024-06-10 11:57:28,SHORT,19102.5,190.0,True,12.22,True
716,NQ,Mon,11:30,In-Sample,2024-06-10T15:57:28.166677,2024-06-10 11:57:28,SHORT,19102.5,200.0,True,12.22,True
716,NQ,Mon,11:30,In-Sample,2024-06-10T15:57:28.291823,2024-06-10 11:57:28,SHORT,19102.5,90.0,True,12.22,True
716,NQ,Mon,11:30,In-Sample,2024-06-10T15:57:28.291823,2024-06-10 11:57:28,SHORT,19102.5,180.0,True,12.22,True
716,NQ,Mon,11:30,In-Sample,2024-06-10T15:57:28.291823,2024-06-10 11:57:28,SHORT,19102.5,200.0,True,12.22,True
716,NQ,Mon,11:30,In-Sample,2024-06-10T15:58:24.306863,2024-06-10 11:58:24,LONG,19100.25,275.0,True,12.22,True
716,NQ,Mon,11:30,In-Sample,2024-06-10T15:58:27.209457,2024-06-10 11:58:27,SHORT,19096.25,75.0,True,12.22,True
716,NQ,Mon,11:30,In-Sample,2024-06-10T15:58:27.209457,2024-06-10 11:58:27,SHORT,19096.25,70.0,True,12.22,True
716,NQ,Mon,11:30,In-Sample,2024-06-10T15:58:27.290566,2024-06-10 11:58:27,SHORT,19096.0,75.0,True,12.22,True
716,NQ,Mon,11:30,In-Sample,2024-06-10T15:58:27.290566,2024-06-10 11:58:27,SHORT,19096.0,60.0,True,12.22,True
716,NQ,Mon,11:30,In-Sample,2024-06-10T15:58:34.679828,2024-06-10 11:58:34,SHORT,19094.25,125.0,True,12.22,True
716,NQ,Mon,11:30,In-Sample,2024-06-10T15:58:34.679828,2024-06-10 11:58:34,SHORT,19094.25,-460.0,True,12.22,True
716,NQ,Mon,11:30,In-Sample,2024-06-10T15:58:34.679911,2024-06-10 11:58:34,LONG,19094.25,395.0,True,12.22,True
716,NQ,Mon,11:30,In-Sample,2024-06-10T15:58:34.804158,2024-06-10 11:58:34,SHORT,19094.5,125.0,True,12.22,True
716,NQ,Mon,11:30,In-Sample,2024-06-10T15:58:34.804158,2024-06-10 11:58:34,SHORT,19094.5,95.0,True,12.22,True
716,NQ,Mon,11:30,In-Sample,2024-06-10T15:58:34.804791,2024-06-10 11:58:34,SHORT,19094.5,125.0,True,12.22,True
716,NQ,Mon,11:30,In-Sample,2024-06-10T15:58:34.804791,2024-06-10 11:58:34,SHORT,19094.5,250.0,True,12.22,True
716,NQ,Mon,11:30,In-Sample,2024-06-10T15:58:34.938580,2024-06-10 11:58:34,LONG,19094.0,400.0,True,12.22,True
716,NQ,Mon,11:30,In-Sample,2024-06-10T15:59:15.343247,2024-06-10 11:59:15,LONG,19087.75,525.0,True,12.22,True
716,NQ,Mon,11:30,In-Sample,2024-06-10T15:59:58.822405,2024-06-10 11:59:58,SHORT,19087.5,-105.0,True,12.22,True
716,NQ,Mon,11:30,In-Sample,2024-07-08T15:31:39.686888,2024-07-08 11:31:39,SHORT,20660.0,-15.0,True,12.48,True
716,NQ,Mon,11:30,In-Sample,2024-07-08T15:31:40.156955,2024-07-08 11:31:40,SHORT,20659.75,-405.0,True,12.48,True
716,NQ,Mon,11:30,In-Sample,2024-07-08T15:31:40.157019,2024-07-08 11:31:40,SHORT,20659.75,-405.0,True,12.48,True
716,NQ,Mon,11:30,In-Sample,2024-07-08T15:31:40.157079,2024-07-08 11:31:40,SHORT,20659.75,-405.0,True,12.48,True
716,NQ,Mon,11:30,In-Sample,2024-07-08T15:32:51.764291,2024-07-08 11:32:51,SHORT,20666.0,-45.0,True,12.48,True
716,NQ,Mon,11:30,In-Sample,2024-07-08T15:35:20.854869,2024-07-08 11:35:20,SHORT,20653.25,145.0,True,12.48,True
716,NQ,Mon,11:30,In-Sample,2024-07-08T15:35:20.854869,2024-07-08 11:35:20,SHORT,20653.25,145.0,True,12.48,True
716,NQ,Mon,11:30,In-Sample,2024-07-08T15:35:20.854869,2024-07-08 11:35:20,SHORT,20653.25,145.0,True,12.48,True
716,NQ,Mon,11:30,In-Sample,2024-07-08T15:35:20.979447,2024-07-08 11:35:20,SHORT,20653.0,135.0,True,12.48,True
716,NQ,Mon,11:30,In-Sample,2024-07-08T15:35:20.979447,2024-07-08 11:35:20,SHORT,20653.0,280.0,True,12.48,True
716,NQ,Mon,11:30,In-Sample,2024-07-08T15:35:20.979447,2024-07-08 11:35:20,SHORT,20653.0,285.0,True,12.48,True
716,NQ,Mon,11:30,In-Sample,2024-07-08T15:35:20.979600,2024-07-08 11:35:20,SHORT,20653.0,285.0,True,12.48,True
716,NQ,Mon,11:30,In-Sample,2024-07-08T15:35:20.979600,2024-07-08 11:35:20,SHORT,20653.0,285.0,True,12.48,True
716,NQ,Mon,11:30,In-Sample,2024-07-08T15:35:20.979600,2024-07-08 11:35:20,SHORT,20653.0,115.0,True,12.48,True
716,NQ,Mon,11:30,In-Sample,2024-07-08T15:35:20.979679,2024-07-08 11:35:20,SHORT,20653.0,115.0,True,12.48,True
716,NQ,Mon,11:30,In-Sample,2024-07-08T15:35:20.979679,2024-07-08 11:35:20,SHORT,20653.0,115.0,True,12.48,True
716,NQ,Mon,11:30,In-Sample,2024-07-08T15:35:20.979679,2024-07-08 11:35:20,SHORT,20653.0,115.0,True,12.48,True
716,NQ,Mon,11:30,In-Sample,2024-07-15T15:45:07.633312,2024-07-15 11:45:07,SHORT,20693.75,240.0,True,12.46,True
716,NQ,Mon,11:30,In-Sample,2024-07-15T15:45:07.633312,2024-07-15 11:45:07,SHORT,20693.75,540.0,True,12.46,True
716,NQ,Mon,11:30,In-Sample,2024-07-15T15:45:07.633312,2024-07-15 11:45:07,SHORT,20693.75,365.0,True,12.46,True
716,NQ,Mon,11:30,In-Sample,2024-07-22T15:57:24.479305,2024-07-22 11:57:24,LONG,19871.75,380.0,True,16.52,True
716,NQ,Mon,11:30,In-Sample,2024-07-22T15:57:24.479305,2024-07-22 11:57:24,LONG,19871.75,10.0,True,16.52,True
716,NQ,Mon,11:30,In-Sample,2024-07-29T15:41:43.556746,2024-07-29 11:41:43,LONG,19166.25,345.0,True,16.39,True
716,NQ,Mon,11:30,In-Sample,2024-07-29T15:41:43.556746,2024-07-29 11:41:43,LONG,19166.25,770.0,True,16.39,True
716,NQ,Mon,11:30,In-Sample,2024-07-29T15:41:43.556746,2024-07-29 11:41:43,LONG,19166.25,1335.0,True,16.39,True
716,NQ,Mon,11:30,In-Sample,2024-08-05T15:38:25.447981,2024-08-05 11:38:25,LONG,18182.75,-1640.0,True,23.39,False
716,NQ,Mon,11:30,In-Sample,2024-08-05T15:38:25.447981,2024-08-05 11:38:25,LONG,18182.75,-3280.0,True,23.39,False
716,NQ,Mon,11:30,In-Sample,2024-08-05T15:39:59.889048,2024-08-05 11:39:59,LONG,18152.75,-1040.0,True,23.39,False
716,NQ,Mon,11:30,In-Sample,2024-08-05T15:39:59.889048,2024-08-05 11:39:59,LONG,18152.75,-5640.0,True,23.39,False
716,NQ,Mon,11:30,In-Sample,2024-08-05T15:40:00.668798,2024-08-05 11:40:00,LONG,18152.75,-2820.0,True,23.39,False
716,NQ,Mon,11:30,In-Sample,2024-08-05T15:40:00.668798,2024-08-05 11:40:00,LONG,18152.75,-6800.0,True,23.39,False
716,NQ,Mon,11:30,In-Sample,2024-08-12T15:32:36.039147,2024-08-12 11:32:36,SHORT,18595.0,-1170.0,True,20.37,False
716,NQ,Mon,11:30,In-Sample,2024-08-12T15:35:44.759801,2024-08-12 11:35:44,SHORT,18603.5,-1680.0,True,20.37,False
716,NQ,Mon,11:30,In-Sample,2024-08-12T15:49:00.704012,2024-08-12 11:49:00,LONG,18644.25,50.0,True,20.37,False
716,NQ,Mon,11:30,In-Sample,2024-08-12T15:49:00.704012,2024-08-12 11:49:00,LONG,18644.25,100.0,True,20.37,False
716,NQ,Mon,11:30,In-Sample,2024-08-12T15:49:00.704012,2024-08-12 11:49:00,LONG,18644.25,225.0,True,20.37,False
716,NQ,Mon,11:30,In-Sample,2024-08-12T15:50:44.692478,2024-08-12 11:50:44,LONG,18666.25,50.0,True,20.37,False
716,NQ,Mon,11:30,In-Sample,2024-08-12T15:50:44.692478,2024-08-12 11:50:44,LONG,18666.25,100.0,True,20.37,False
716,NQ,Mon,11:30,In-Sample,2024-08-12T15:50:44.692478,2024-08-12 11:50:44,LONG,18666.25,225.0,True,20.37,False
716,NQ,Mon,11:30,In-Sample,2024-08-12T15:51:04.664986,2024-08-12 11:51:04,LONG,18678.75,50.0,True,20.37,False
716,NQ,Mon,11:30,In-Sample,2024-08-12T15:51:04.664986,2024-08-12 11:51:04,LONG,18678.75,100.0,True,20.37,False
716,NQ,Mon,11:30,In-Sample,2024-08-12T15:51:04.664986,2024-08-12 11:51:04,LONG,18678.75,-15.0,True,20.37,False
716,NQ,Mon,11:30,In-Sample,2024-08-12T15:58:52.556508,2024-08-12 11:58:52,SHORT,18708.75,-120.0,True,20.37,False
716,NQ,Mon,11:30,In-Sample,2024-08-26T15:30:02.320636,2024-08-26 11:30:02,SHORT,19597.75,815.0,True,15.86,True
716,NQ,Mon,11:30,In-Sample,2024-08-26T15:30:02.320636,2024-08-26 11:30:02,SHORT,19597.75,1490.0,True,15.86,True
716,NQ,Mon,11:30,In-Sample,2024-08-26T15:30:02.505287,2024-08-26 11:30:02,SHORT,19598.5,495.0,True,15.86,True
716,NQ,Mon,11:30,In-Sample,2024-08-26T15:30:02.505287,2024-08-26 11:30:02,SHORT,19598.5,1045.0,True,15.86,True
716,NQ,Mon,11:30,In-Sample,2024-08-26T15:30:02.505287,2024-08-26 11:30:02,SHORT,19598.5,785.0,True,15.86,True
716,NQ,Mon,11:30,In-Sample,2024-08-26T15:31:32.901386,2024-08-26 11:31:32,SHORT,19593.75,-750.0,True,15.86,True
716,NQ,Mon,11:30,In-Sample,2024-08-26T15:42:06.591155,2024-08-26 11:42:06,LONG,19616.25,-375.0,True,15.86,True
716,NQ,Mon,11:30,In-Sample,2024-08-26T15:46:52.821143,2024-08-26 11:46:52,SHORT,19586.25,285.0,True,15.86,True
716,NQ,Mon,11:30,In-Sample,2024-08-26T15:46:52.821143,2024-08-26 11:46:52,SHORT,19586.25,565.0,True,15.86,True
716,NQ,Mon,11:30,In-Sample,2024-08-26T15:46:52.821143,2024-08-26 11:46:52,SHORT,19586.25,375.0,True,15.86,True
716,NQ,Mon,11:30,In-Sample,2024-08-26T15:48:25.874007,2024-08-26 11:48:25,LONG,19596.0,50.0,True,15.86,True
716,NQ,Mon,11:30,In-Sample,2024-08-26T15:48:25.874007,2024-08-26 11:48:25,LONG,19596.0,100.0,True,15.86,True
716,NQ,Mon,11:30,In-Sample,2024-08-26T15:48:25.874007,2024-08-26 11:48:25,LONG,19596.0,-60.0,True,15.86,True
716,NQ,Mon,11:30,In-Sample,2024-08-26T15:55:02.069221,2024-08-26 11:55:02,SHORT,19560.5,-465.0,True,15.86,True
716,NQ,Mon,11:30,In-Sample,2024-08-26T15:55:02.304161,2024-08-26 11:55:02,SHORT,19560.5,25.0,True,15.86,True
716,NQ,Mon,11:30,In-Sample,2024-08-26T15:55:02.304161,2024-08-26 11:55:02,SHORT,19560.5,-360.0,True,15.86,True
716,NQ,Mon,11:30,In-Sample,2024-08-26T15:56:14.657577,2024-08-26 11:56:14,SHORT,19556.75,-75.0,True,15.86,True
716,NQ,Mon,11:30,In-Sample,2024-09-09T15:50:30.545928,2024-09-09 11:50:30,LONG,18615.75,290.0,True,22.38,False
716,NQ,Mon,11:30,In-Sample,2024-09-09T15:50:30.545928,2024-09-09 11:50:30,LONG,18615.75,655.0,True,22.38,False
716,NQ,Mon,11:30,In-Sample,2024-09-09T15:50:30.545928,2024-09-09 11:50:30,LONG,18615.75,705.0,True,22.38,False
716,NQ,Mon,11:30,In-Sample,2024-09-16T15:40:41.394752,2024-09-16 11:40:41,SHORT,19589.75,405.0,True,16.56,True
716,NQ,Mon,11:30,In-Sample,2024-09-16T15:40:41.394752,2024-09-16 11:40:41,SHORT,19589.75,-400.0,True,16.56,True
716,NQ,Mon,11:30,In-Sample,2024-09-23T15:44:27.178947,2024-09-23 11:44:27,SHORT,20105.0,-855.0,True,16.15,True
716,NQ,Mon,11:30,In-Sample,2024-09-23T15:58:09.539905,2024-09-23 11:58:09,SHORT,20112.5,235.0,True,16.15,True
716,NQ,Mon,11:30,In-Sample,2024-09-23T15:58:09.539905,2024-09-23 11:58:09,SHORT,20112.5,230.0,True,16.15,True
716,NQ,Mon,11:30,In-Sample,2024-10-07T15:38:41.884319,2024-10-07 11:38:41,SHORT,20147.75,-900.0,True,19.21,True
716,NQ,Mon,11:30,In-Sample,2024-10-07T15:43:51.434123,2024-10-07 11:43:51,SHORT,20148.25,50.0,True,19.21,True
716,NQ,Mon,11:30,In-Sample,2024-10-07T15:43:51.434123,2024-10-07 11:43:51,SHORT,20148.25,100.0,True,19.21,True
716,NQ,Mon,11:30,In-Sample,2024-10-07T15:43:51.434123,2024-10-07 11:43:51,SHORT,20148.25,-70.0,True,19.21,True
716,NQ,Mon,11:30,In-Sample,2024-10-07T15:48:37.258660,2024-10-07 11:48:37,SHORT,20145.25,-825.0,True,19.21,True
716,NQ,Mon,11:30,In-Sample,2024-10-14T15:32:38.272572,2024-10-14 11:32:38,LONG,20553.5,50.0,True,20.46,False
716,NQ,Mon,11:30,In-Sample,2024-10-14T15:32:38.272572,2024-10-14 11:32:38,LONG,20553.5,100.0,True,20.46,False
716,NQ,Mon,11:30,In-Sample,2024-10-14T15:32:38.272572,2024-10-14 11:32:38,LONG,20553.5,225.0,True,20.46,False
716,NQ,Mon,11:30,In-Sample,2024-10-14T15:39:18.617473,2024-10-14 11:39:18,SHORT,20555.5,285.0,True,20.46,False
716,NQ,Mon,11:30,In-Sample,2024-10-14T15:41:04.087956,2024-10-14 11:41:04,SHORT,20545.5,-1080.0,True,20.46,False
716,NQ,Mon,11:30,In-Sample,2024-10-14T15:46:11.348810,2024-10-14 11:46:11,LONG,20561.75,50.0,True,20.46,False
716,NQ,Mon,11:30,In-Sample,2024-10-14T15:46:11.348810,2024-10-14 11:46:11,LONG,20561.75,100.0,True,20.46,False
716,NQ,Mon,11:30,In-Sample,2024-10-14T15:46:11.348810,2024-10-14 11:46:11,LONG,20561.75,25.0,True,20.46,False
716,NQ,Mon,11:30,In-Sample,2024-10-14T15:52:08.409297,2024-10-14 11:52:08,LONG,20583.25,-465.0,True,20.46,False
716,NQ,Mon,11:30,In-Sample,2024-10-14T15:53:19.516234,2024-10-14 11:53:19,SHORT,20570.0,-900.0,True,20.46,False
716,NQ,Mon,11:30,In-Sample,2024-10-21T15:32:49.649181,2024-10-21 11:32:49,LONG,20379.5,50.0,True,18.03,True
716,NQ,Mon,11:30,In-Sample,2024-10-21T15:32:49.649181,2024-10-21 11:32:49,LONG,20379.5,100.0,True,18.03,True
716,NQ,Mon,11:30,In-Sample,2024-10-21T15:32:49.649181,2024-10-21 11:32:49,LONG,20379.5,-85.0,True,18.03,True
716,NQ,Mon,11:30,In-Sample,2024-10-21T15:40:40.448149,2024-10-21 11:40:40,LONG,20407.5,50.0,True,18.03,True
716,NQ,Mon,11:30,In-Sample,2024-10-21T15:40:40.448149,2024-10-21 11:40:40,LONG,20407.5,100.0,True,18.03,True
716,NQ,Mon,11:30,In-Sample,2024-10-21T15:40:40.448149,2024-10-21 11:40:40,LONG,20407.5,0.0,True,18.03,True
716,NQ,Mon,11:30,In-Sample,2024-10-21T15:42:36.342454,2024-10-21 11:42:36,SHORT,20392.5,-1410.0,True,18.03,True
716,NQ,Mon,11:30,In-Sample,2024-10-21T15:49:21.458877,2024-10-21 11:49:21,LONG,20430.5,50.0,True,18.03,True
716,NQ,Mon,11:30,In-Sample,2024-10-21T15:49:21.458877,2024-10-21 11:49:21,LONG,20430.5,105.0,True,18.03,True
716,NQ,Mon,11:30,In-Sample,2024-10-21T15:49:21.458877,2024-10-21 11:49:21,LONG,20430.5,260.0,True,18.03,True
716,NQ,Mon,11:30,In-Sample,2024-10-21T15:50:26.614735,2024-10-21 11:50:26,LONG,20442.5,50.0,True,18.03,True
716,NQ,Mon,11:30,In-Sample,2024-10-21T15:50:26.614735,2024-10-21 11:50:26,LONG,20442.5,-210.0,True,18.03,True
716,NQ,Mon,11:30,In-Sample,2024-10-21T15:59:28.112234,2024-10-21 11:59:28,SHORT,20449.25,-465.0,True,18.03,True
716,NQ,Mon,11:30,In-Sample,2024-10-28T15:43:35.702172,2024-10-28 11:43:35,SHORT,20529.75,-1080.0,True,20.33,False
716,NQ,Mon,11:30,In-Sample,2024-10-28T15:47:27.997955,2024-10-28 11:47:27,LONG,20551.75,-405.0,True,20.33,False
716,NQ,Mon,11:30,In-Sample,2024-10-28T15:52:04.960189,2024-10-28 11:52:04,SHORT,20545.5,270.0,True,20.33,False
716,NQ,Mon,11:30,In-Sample,2024-10-28T15:52:04.960189,2024-10-28 11:52:04,SHORT,20545.5,500.0,True,20.33,False
716,NQ,Mon,11:30,In-Sample,2024-11-04T16:31:00.236356,2024-11-04 11:31:00,SHORT,20160.25,240.0,True,21.88,False
716,NQ,Mon,11:30,In-Sample,2024-11-04T16:31:00.236356,2024-11-04 11:31:00,SHORT,20160.25,475.0,True,21.88,False
716,NQ,Mon,11:30,In-Sample,2024-11-04T16:31:00.236356,2024-11-04 11:31:00,SHORT,20160.25,660.0,True,21.88,False
716,NQ,Mon,11:30,In-Sample,2024-11-04T16:33:00.258034,2024-11-04 11:33:00,SHORT,20148.75,50.0,True,21.88,False
716,NQ,Mon,11:30,In-Sample,2024-11-04T16:33:00.258034,2024-11-04 11:33:00,SHORT,20148.75,-360.0,True,21.88,False
716,NQ,Mon,11:30,In-Sample,2024-11-04T16:42:14.552238,2024-11-04 11:42:14,LONG,20127.25,-795.0,True,21.88,False
716,NQ,Mon,11:30,In-Sample,2024-11-04T16:43:57.543732,2024-11-04 11:43:57,SHORT,20098.75,225.0,True,21.88,False
716,NQ,Mon,11:30,In-Sample,2024-11-04T16:43:57.543732,2024-11-04 11:43:57,SHORT,20098.75,445.0,True,21.88,False
716,NQ,Mon,11:30,In-Sample,2024-11-04T16:43:57.543732,2024-11-04 11:43:57,SHORT,20098.75,375.0,True,21.88,False
716,NQ,Mon,11:30,In-Sample,2024-11-04T16:50:18.311592,2024-11-04 11:50:18,SHORT,20081.25,215.0,True,21.88,False
716,NQ,Mon,11:30,In-Sample,2024-11-04T16:50:18.311592,2024-11-04 11:50:18,SHORT,20081.25,435.0,True,21.88,False
716,NQ,Mon,11:30,In-Sample,2024-11-04T16:50:18.311592,2024-11-04 11:50:18,SHORT,20081.25,360.0,True,21.88,False
716,NQ,Mon,11:30,In-Sample,2024-11-04T16:57:01.579980,2024-11-04 11:57:01,SHORT,20057.75,50.0,True,21.88,False
716,NQ,Mon,11:30,In-Sample,2024-11-04T16:57:01.579980,2024-11-04 11:57:01,SHORT,20057.75,100.0,True,21.88,False
716,NQ,Mon,11:30,In-Sample,2024-11-04T16:57:01.579980,2024-11-04 11:57:01,SHORT,20057.75,-100.0,True,21.88,False
716,NQ,Mon,11:30,In-Sample,2024-11-04T16:57:20.055110,2024-11-04 11:57:20,SHORT,20053.5,-1230.0,True,21.88,False
716,NQ,Mon,11:30,In-Sample,2024-11-18T16:42:28.038516,2024-11-18 11:42:28,SHORT,20713.5,1020.0,True,16.14,True
716,NQ,Mon,11:30,In-Sample,2024-11-18T16:42:28.349115,2024-11-18 11:42:28,SHORT,20713.75,185.0,True,16.14,True
716,NQ,Mon,11:30,In-Sample,2024-11-18T16:42:28.349115,2024-11-18 11:42:28,SHORT,20713.75,370.0,True,16.14,True
716,NQ,Mon,11:30,In-Sample,2024-11-18T16:42:28.349115,2024-11-18 11:42:28,SHORT,20713.75,1025.0,True,16.14,True
716,NQ,Mon,11:30,In-Sample,2024-11-18T16:50:32.200555,2024-11-18 11:50:32,SHORT,20672.75,465.0,True,16.14,True
716,NQ,Mon,11:30,In-Sample,2024-11-18T16:50:32.200555,2024-11-18 11:50:32,SHORT,20672.75,280.0,True,16.14,True
716,NQ,Mon,11:30,In-Sample,2024-11-18T16:50:32.200555,2024-11-18 11:50:32,SHORT,20672.75,740.0,True,16.14,True
716,NQ,Mon,11:30,In-Sample,2024-11-25T16:33:41.098140,2024-11-25 11:33:41,SHORT,20938.5,240.0,True,15.24,True
716,NQ,Mon,11:30,In-Sample,2024-11-25T16:33:41.098140,2024-11-25 11:33:41,SHORT,20938.5,480.0,True,15.24,True
716,NQ,Mon,11:30,In-Sample,2024-11-25T16:33:41.098140,2024-11-25 11:33:41,SHORT,20938.5,530.0,True,15.24,True
716,NQ,Mon,11:30,In-Sample,2024-11-25T16:40:23.276887,2024-11-25 11:40:23,SHORT,20897.0,310.0,True,15.24,True
716,NQ,Mon,11:30,In-Sample,2024-11-25T16:40:23.276887,2024-11-25 11:40:23,SHORT,20897.0,60.0,True,15.24,True
716,NQ,Mon,11:30,In-Sample,2024-11-25T16:40:23.277052,2024-11-25 11:40:23,SHORT,20897.0,75.0,True,15.24,True
716,NQ,Mon,11:30,In-Sample,2024-11-25T16:40:23.277052,2024-11-25 11:40:23,SHORT,20897.0,10.0,True,15.24,True
716,NQ,Mon,11:30,In-Sample,2024-11-25T16:40:44.296363,2024-11-25 11:40:44,SHORT,20896.75,-780.0,True,15.24,True
716,NQ,Mon,11:30,In-Sample,2024-11-25T16:45:17.374500,2024-11-25 11:45:17,SHORT,20891.75,-1155.0,True,15.24,True
716,NQ,Mon,11:30,In-Sample,2024-12-02T16:37:14.656880,2024-12-02 11:37:14,SHORT,21203.0,-810.0,True,13.51,True
716,NQ,Mon,11:30,In-Sample,2024-12-02T16:38:12.015702,2024-12-02 11:38:12,LONG,21210.25,50.0,True,13.51,True
716,NQ,Mon,11:30,In-Sample,2024-12-02T16:38:12.015702,2024-12-02 11:38:12,LONG,21210.25,100.0,True,13.51,True
716,NQ,Mon,11:30,In-Sample,2024-12-02T16:38:12.015702,2024-12-02 11:38:12,LONG,21210.25,225.0,True,13.51,True
716,NQ,Mon,11:30,In-Sample,2024-12-02T16:39:03.088042,2024-12-02 11:39:03,SHORT,21216.0,-550.0,True,13.51,True
716,NQ,Mon,11:30,In-Sample,2024-12-02T16:39:10.120365,2024-12-02 11:39:10,LONG,21223.0,80.0,True,13.51,True
716,NQ,Mon,11:30,In-Sample,2024-12-02T16:39:10.120365,2024-12-02 11:39:10,LONG,21223.0,100.0,True,13.51,True
716,NQ,Mon,11:30,In-Sample,2024-12-02T16:39:10.120365,2024-12-02 11:39:10,LONG,21223.0,225.0,True,13.51,True
716,NQ,Mon,11:30,In-Sample,2024-12-02T16:41:31.554222,2024-12-02 11:41:31,SHORT,21229.5,-280.0,True,13.51,True
716,NQ,Mon,11:30,In-Sample,2024-12-02T16:41:36.508506,2024-12-02 11:41:36,SHORT,21227.0,-660.0,True,13.51,True
716,NQ,Mon,11:30,In-Sample,2024-12-02T16:46:45.523602,2024-12-02 11:46:45,SHORT,21225.0,-555.0,True,13.51,True
716,NQ,Mon,11:30,In-Sample,2024-12-02T16:53:26.633029,2024-12-02 11:53:26,SHORT,21227.5,-320.0,True,13.51,True
716,NQ,Mon,11:30,In-Sample,2024-12-02T16:53:36.321346,2024-12-02 11:53:36,SHORT,21221.75,-480.0,True,13.51,True
716,NQ,Mon,11:30,In-Sample,2024-12-09T16:38:37.951772,2024-12-09 11:38:37,SHORT,21496.75,175.0,True,12.77,True
716,NQ,Mon,11:30,In-Sample,2024-12-09T16:38:37.951772,2024-12-09 11:38:37,SHORT,21496.75,-540.0,True,12.77,True
716,NQ,Mon,11:30,In-Sample,2024-12-09T16:45:45.099599,2024-12-09 11:45:45,LONG,21506.75,-510.0,True,12.77,True
716,NQ,Mon,11:30,In-Sample,2024-12-09T16:50:21.368007,2024-12-09 11:50:21,LONG,21511.0,-855.0,True,12.77,True
716,NQ,Mon,11:30,In-Sample,2024-12-09T16:54:45.957398,2024-12-09 11:54:45,SHORT,21503.25,-690.0,True,12.77,True
716,NQ,Mon,11:30,In-Sample,2024-12-16T16:31:29.146737,2024-12-16 11:31:29,SHORT,22326.0,50.0,True,13.81,True
716,NQ,Mon,11:30,In-Sample,2024-12-16T16:31:29.146737,2024-12-16 11:31:29,SHORT,22326.0,255.0,True,13.81,True
716,NQ,Mon,11:30,In-Sample,2024-12-16T16:31:29.146737,2024-12-16 11:31:29,SHORT,22326.0,45.0,True,13.81,True
716,NQ,Mon,11:30,In-Sample,2024-12-16T16:31:29.146891,2024-12-16 11:31:29,SHORT,22326.0,205.0,True,13.81,True
716,NQ,Mon,11:30,In-Sample,2024-12-16T16:31:29.146891,2024-12-16 11:31:29,SHORT,22326.0,10.0,True,13.81,True
716,NQ,Mon,11:30,In-Sample,2024-12-16T16:35:29.528189,2024-12-16 11:35:29,SHORT,22312.25,-960.0,True,13.81,True
716,NQ,Mon,11:30,In-Sample,2024-12-16T16:50:30.088724,2024-12-16 11:50:30,LONG,22334.25,280.0,True,13.81,True
716,NQ,Mon,11:30,In-Sample,2024-12-16T16:50:30.088724,2024-12-16 11:50:30,LONG,22334.25,650.0,True,13.81,True
716,NQ,Mon,11:30,In-Sample,2024-12-16T16:53:03.405119,2024-12-16 11:53:03,SHORT,22323.25,-20.0,True,13.81,True
716,NQ,Mon,11:30,In-Sample,2024-12-16T16:53:03.405119,2024-12-16 11:53:03,SHORT,22323.25,0.0,True,13.81,True
716,NQ,Mon,11:30,In-Sample,2024-12-16T16:59:31.898225,2024-12-16 11:59:31,SHORT,22347.75,-240.0,True,13.81,True
716,NQ,Mon,11:30,In-Sample,2024-12-23T16:31:45.303229,2024-12-23 11:31:45,SHORT,21609.5,50.0,True,18.36,True
716,NQ,Mon,11:30,In-Sample,2024-12-23T16:31:45.303229,2024-12-23 11:31:45,SHORT,21609.5,100.0,True,18.36,True
716,NQ,Mon,11:30,In-Sample,2024-12-23T16:31:45.303229,2024-12-23 11:31:45,SHORT,21609.5,-15.0,True,18.36,True
716,NQ,Mon,11:30,In-Sample,2024-12-23T16:41:28.448393,2024-12-23 11:41:28,LONG,21652.25,50.0,True,18.36,True
716,NQ,Mon,11:30,In-Sample,2024-12-23T16:41:28.448393,2024-12-23 11:41:28,LONG,21652.25,100.0,True,18.36,True
716,NQ,Mon,11:30,In-Sample,2024-12-23T16:41:28.448393,2024-12-23 11:41:28,LONG,21652.25,225.0,True,18.36,True
716,NQ,Mon,11:30,In-Sample,2024-12-23T16:43:59.043310,2024-12-23 11:43:59,LONG,21678.5,-645.0,True,18.36,True
716,NQ,Mon,11:30,In-Sample,2024-12-23T16:53:39.061844,2024-12-23 11:53:39,SHORT,21674.25,-915.0,True,18.36,True
716,NQ,Mon,11:30,In-Sample,2024-12-30T16:36:50.856806,2024-12-30 11:36:50,LONG,21423.0,95.0,True,15.95,True
716,NQ,Mon,11:30,In-Sample,2024-12-30T16:36:50.856806,2024-12-30 11:36:50,LONG,21423.0,10.0,True,15.95,True
716,NQ,Mon,11:30,In-Sample,2024-12-30T16:36:50.857534,2024-12-30 11:36:50,LONG,21423.0,375.0,True,15.95,True
716,NQ,Mon,11:30,In-Sample,2024-12-30T16:36:50.857534,2024-12-30 11:36:50,LONG,21423.0,10.0,True,15.95,True
716,NQ,Mon,11:30,In-Sample,2024-12-30T16:40:05.805358,2024-12-30 11:40:05,LONG,21433.0,100.0,True,15.95,True
716,NQ,Mon,11:30,In-Sample,2024-12-30T16:40:05.805358,2024-12-30 11:40:05,LONG,21433.0,-20.0,True,15.95,True
716,NQ,Mon,11:30,In-Sample,2024-12-30T16:42:45.210135,2024-12-30 11:42:45,LONG,21456.0,50.0,True,15.95,True
716,NQ,Mon,11:30,In-Sample,2024-12-30T16:42:45.210135,2024-12-30 11:42:45,LONG,21456.0,100.0,True,15.95,True
716,NQ,Mon,11:30,In-Sample,2024-12-30T16:42:45.210135,2024-12-30 11:42:45,LONG,21456.0,-55.0,True,15.95,True
716,NQ,Mon,11:30,In-Sample,2024-12-30T16:43:36.771806,2024-12-30 11:43:36,LONG,21461.75,-1275.0,True,15.95,True
716,NQ,Mon,11:30,In-Sample,2024-12-30T16:46:27.378172,2024-12-30 11:46:27,SHORT,21440.5,310.0,True,15.95,True
716,NQ,Mon,11:30,In-Sample,2024-12-30T16:46:27.378172,2024-12-30 11:46:27,SHORT,21440.5,-790.0,True,15.95,True
716,NQ,Mon,11:30,In-Sample,2024-12-30T16:49:51.890038,2024-12-30 11:49:51,SHORT,21414.75,-495.0,True,15.95,True
716,NQ,Mon,11:30,In-Sample,2024-12-30T16:55:45.331506,2024-12-30 11:55:45,LONG,21449.0,95.0,True,15.95,True
716,NQ,Mon,11:30,In-Sample,2024-12-30T16:55:45.331506,2024-12-30 11:55:45,LONG,21449.0,30.0,True,15.95,True
716,NQ,Mon,11:30,In-Sample,2024-12-30T16:55:45.584458,2024-12-30 11:55:45,LONG,21449.0,385.0,True,15.95,True
716,NQ,Mon,11:30,In-Sample,2024-12-30T16:55:45.584458,2024-12-30 11:55:45,LONG,21449.0,60.0,True,15.95,True
716,NQ,Mon,11:30,In-Sample,2025-01-06T16:35:14.447054,2025-01-06 11:35:14,SHORT,21871.5,240.0,True,16.13,True
716,NQ,Mon,11:30,In-Sample,2025-01-06T16:35:14.447054,2025-01-06 11:35:14,SHORT,21871.5,480.0,True,16.13,True
716,NQ,Mon,11:30,In-Sample,2025-01-06T16:35:14.447054,2025-01-06 11:35:14,SHORT,21871.5,340.0,True,16.13,True
716,NQ,Mon,11:30,In-Sample,2025-01-20T16:59:30.473233,2025-01-20 11:59:30,SHORT,21698.0,50.0,True,,True
716,NQ,Mon,11:30,In-Sample,2025-01-20T16:59:30.473233,2025-01-20 11:59:30,SHORT,21698.0,100.0,True,,True
716,NQ,Mon,11:30,In-Sample,2025-01-20T16:59:30.473233,2025-01-20 11:59:30,SHORT,21698.0,-100.0,True,,True
716,NQ,Mon,11:30,In-Sample,2025-01-27T16:38:00.857870,2025-01-27 11:38:00,LONG,21235.75,-630.0,True,14.85,True
716,NQ,Mon,11:30,In-Sample,2025-01-27T16:38:57.860512,2025-01-27 11:38:57,SHORT,21225.25,300.0,True,14.85,True
716,NQ,Mon,11:30,In-Sample,2025-01-27T16:38:57.860512,2025-01-27 11:38:57,SHORT,21225.25,600.0,True,14.85,True
716,NQ,Mon,11:30,In-Sample,2025-01-27T16:38:57.860512,2025-01-27 11:38:57,SHORT,21225.25,400.0,True,14.85,True
716,NQ,Mon,11:30,In-Sample,2025-01-27T16:41:53.775636,2025-01-27 11:41:53,SHORT,21190.25,-1320.0,True,14.85,True
716,NQ,Mon,11:30,In-Sample,2025-01-27T16:44:32.374258,2025-01-27 11:44:32,LONG,21218.0,310.0,True,14.85,True
716,NQ,Mon,11:30,In-Sample,2025-01-27T16:44:32.374258,2025-01-27 11:44:32,LONG,21218.0,625.0,True,14.85,True
716,NQ,Mon,11:30,In-Sample,2025-01-27T16:44:32.374258,2025-01-27 11:44:32,LONG,21218.0,1000.0,True,14.85,True
716,NQ,Mon,11:30,In-Sample,2025-01-27T16:50:02.628444,2025-01-27 11:50:02,SHORT,21249.75,315.0,True,14.85,True
716,NQ,Mon,11:30,In-Sample,2025-01-27T16:50:02.628444,2025-01-27 11:50:02,SHORT,21249.75,625.0,True,14.85,True
716,NQ,Mon,11:30,In-Sample,2025-01-27T16:50:02.628444,2025-01-27 11:50:02,SHORT,21249.75,900.0,True,14.85,True
716,NQ,Mon,11:30,In-Sample,2025-01-27T16:58:09.254264,2025-01-27 11:58:09,SHORT,21222.0,345.0,True,14.85,True
716,NQ,Mon,11:30,In-Sample,2025-01-27T16:58:09.254264,2025-01-27 11:58:09,SHORT,21222.0,460.0,True,14.85,True
716,NQ,Mon,11:30,In-Sample,2025-02-03T16:30:55.549454,2025-02-03 11:30:55,SHORT,21394.0,125.0,True,16.43,True
716,NQ,Mon,11:30,In-Sample,2025-02-03T16:30:55.549454,2025-02-03 11:30:55,SHORT,21394.0,30.0,True,16.43,True
716,NQ,Mon,11:30,In-Sample,2025-02-03T16:30:55.550892,2025-02-03 11:30:55,SHORT,21394.25,-3150.0,True,16.43,True
716,NQ,Mon,11:30,In-Sample,2025-02-03T16:32:08.975284,2025-02-03 11:32:08,LONG,21413.0,60.0,True,16.43,True
716,NQ,Mon,11:30,In-Sample,2025-02-03T16:32:08.975284,2025-02-03 11:32:08,LONG,21413.0,100.0,True,16.43,True
716,NQ,Mon,11:30,In-Sample,2025-02-03T16:32:08.975284,2025-02-03 11:32:08,LONG,21413.0,-50.0,True,16.43,True
716,NQ,Mon,11:30,In-Sample,2025-02-03T16:43:34.231115,2025-02-03 11:43:34,SHORT,21399.0,-1200.0,True,16.43,True
716,NQ,Mon,11:30,In-Sample,2025-02-03T16:44:38.762674,2025-02-03 11:44:38,LONG,21436.0,-480.0,True,16.43,True
716,NQ,Mon,11:30,In-Sample,2025-02-03T16:49:29.164211,2025-02-03 11:49:29,SHORT,21416.5,50.0,True,16.43,True
716,NQ,Mon,11:30,In-Sample,2025-02-03T16:49:29.164211,2025-02-03 11:49:29,SHORT,21416.5,100.0,True,16.43,True
716,NQ,Mon,11:30,In-Sample,2025-02-03T16:49:29.164211,2025-02-03 11:49:29,SHORT,21416.5,225.0,True,16.43,True
716,NQ,Mon,11:30,In-Sample,2025-02-03T16:50:29.924008,2025-02-03 11:50:29,LONG,21437.75,-480.0,True,16.43,True
716,NQ,Mon,11:30,In-Sample,2025-02-03T16:56:14.370973,2025-02-03 11:56:14,SHORT,21415.25,440.0,True,16.43,True
716,NQ,Mon,11:30,In-Sample,2025-02-03T16:56:14.370973,2025-02-03 11:56:14,SHORT,21415.25,875.0,True,16.43,True
716,NQ,Mon,11:30,In-Sample,2025-02-03T16:56:14.370973,2025-02-03 11:56:14,SHORT,21415.25,715.0,True,16.43,True
716,NQ,Mon,11:30,In-Sample,2025-02-10T16:31:58.594884,2025-02-10 11:31:58,SHORT,21850.25,220.0,True,16.54,True
716,NQ,Mon,11:30,In-Sample,2025-02-10T16:31:58.594884,2025-02-10 11:31:58,SHORT,21850.25,-430.0,True,16.54,True
716,NQ,Mon,11:30,In-Sample,2025-02-24T16:34:51.433574,2025-02-24 11:34:51,SHORT,21591.25,210.0,True,18.21,True
716,NQ,Mon,11:30,In-Sample,2025-02-24T16:34:51.433574,2025-02-24 11:34:51,SHORT,21591.25,420.0,True,18.21,True
716,NQ,Mon,11:30,In-Sample,2025-02-24T16:34:51.433574,2025-02-24 11:34:51,SHORT,21591.25,330.0,True,18.21,True
716,NQ,Mon,11:30,In-Sample,2025-02-24T16:37:48.305277,2025-02-24 11:37:48,SHORT,21577.25,50.0,True,18.21,True
716,NQ,Mon,11:30,In-Sample,2025-02-24T16:37:48.305277,2025-02-24 11:37:48,SHORT,21577.25,100.0,True,18.21,True
716,NQ,Mon,11:30,In-Sample,2025-02-24T16:37:48.305277,2025-02-24 11:37:48,SHORT,21577.25,225.0,True,18.21,True
716,NQ,Mon,11:30,In-Sample,2025-02-24T16:38:48.166181,2025-02-24 11:38:48,SHORT,21558.0,-1200.0,True,18.21,True
716,NQ,Mon,11:30,In-Sample,2025-02-24T16:38:57.199863,2025-02-24 11:38:57,SHORT,21554.75,-465.0,True,18.21,True
716,NQ,Mon,11:30,In-Sample,2025-02-24T16:41:56.353580,2025-02-24 11:41:56,LONG,21590.25,50.0,True,18.21,True
716,NQ,Mon,11:30,In-Sample,2025-02-24T16:41:56.353580,2025-02-24 11:41:56,LONG,21590.25,100.0,True,18.21,True
716,NQ,Mon,11:30,In-Sample,2025-02-24T16:41:56.353580,2025-02-24 11:41:56,LONG,21590.25,225.0,True,18.21,True
716,NQ,Mon,11:30,In-Sample,2025-02-24T16:42:15.671904,2025-02-24 11:42:15,LONG,21601.0,50.0,True,18.21,True
716,NQ,Mon,11:30,In-Sample,2025-02-24T16:42:15.671904,2025-02-24 11:42:15,LONG,21601.0,100.0,True,18.21,True
716,NQ,Mon,11:30,In-Sample,2025-02-24T16:42:15.671904,2025-02-24 11:42:15,LONG,21601.0,225.0,True,18.21,True
716,NQ,Mon,11:30,In-Sample,2025-02-24T16:42:38.880238,2025-02-24 11:42:38,LONG,21621.0,-160.0,True,18.21,True
716,NQ,Mon,11:30,In-Sample,2025-02-24T16:42:38.880238,2025-02-24 11:42:38,LONG,21621.0,-350.0,True,18.21,True
716,NQ,Mon,11:30,In-Sample,2025-02-24T16:42:44.720104,2025-02-24 11:42:44,SHORT,21612.25,260.0,True,18.21,True
716,NQ,Mon,11:30,In-Sample,2025-02-24T16:45:30.478511,2025-02-24 11:45:30,LONG,21614.0,50.0,True,18.21,True
716,NQ,Mon,11:30,In-Sample,2025-02-24T16:45:30.478511,2025-02-24 11:45:30,LONG,21614.0,100.0,True,18.21,True
716,NQ,Mon,11:30,In-Sample,2025-02-24T16:45:30.478511,2025-02-24 11:45:30,LONG,21614.0,5.0,True,18.21,True
716,NQ,Mon,11:30,In-Sample,2025-02-24T16:45:59.095766,2025-02-24 11:45:59,LONG,21622.5,95.0,True,18.21,True
716,NQ,Mon,11:30,In-Sample,2025-02-24T16:45:59.095766,2025-02-24 11:45:59,LONG,21622.5,495.0,True,18.21,True
716,NQ,Mon,11:30,In-Sample,2025-02-24T16:45:59.095766,2025-02-24 11:45:59,LONG,21622.5,430.0,True,18.21,True
716,NQ,Mon,11:30,In-Sample,2025-02-24T16:45:59.095967,2025-02-24 11:45:59,LONG,21622.5,390.0,True,18.21,True
716,NQ,Mon,11:30,In-Sample,2025-02-24T16:45:59.095967,2025-02-24 11:45:59,LONG,21622.5,-2690.0,True,18.21,True
716,NQ,Mon,11:30,In-Sample,2025-02-24T16:49:34.110270,2025-02-24 11:49:34,SHORT,21604.25,255.0,True,18.21,True
716,NQ,Mon,11:30,In-Sample,2025-02-24T16:49:34.110270,2025-02-24 11:49:34,SHORT,21604.25,510.0,True,18.21,True
716,NQ,Mon,11:30,In-Sample,2025-02-24T16:49:34.110270,2025-02-24 11:49:34,SHORT,21604.25,365.0,True,18.21,True
716,NQ,Mon,11:30,In-Sample,2025-02-24T16:50:21.785848,2025-02-24 11:50:21,SHORT,21594.25,50.0,True,18.21,True
716,NQ,Mon,11:30,In-Sample,2025-02-24T16:50:21.785848,2025-02-24 11:50:21,SHORT,21594.25,100.0,True,18.21,True
716,NQ,Mon,11:30,In-Sample,2025-02-24T16:50:21.785848,2025-02-24 11:50:21,SHORT,21594.25,5.0,True,18.21,True
716,NQ,Mon,11:30,In-Sample,2025-02-24T16:57:35.453570,2025-02-24 11:57:35,SHORT,21575.25,-135.0,True,18.21,True
716,NQ,Mon,11:30,In-Sample,2025-03-03T16:33:06.212518,2025-03-03 11:33:06,SHORT,20884.0,410.0,True,19.63,True
716,NQ,Mon,11:30,In-Sample,2025-03-03T16:33:06.212518,2025-03-03 11:33:06,SHORT,20884.0,815.0,True,19.63,True
716,NQ,Mon,11:30,In-Sample,2025-03-03T16:33:06.212518,2025-03-03 11:33:06,SHORT,20884.0,650.0,True,19.63,True
716,NQ,Mon,11:30,In-Sample,2025-03-03T16:33:19.317109,2025-03-03 11:33:19,SHORT,20874.25,-855.0,True,19.63,True
716,NQ,Mon,11:30,In-Sample,2025-03-03T16:40:55.143808,2025-03-03 11:40:55,SHORT,20839.75,-1230.0,True,19.63,True
716,NQ,Mon,11:30,In-Sample,2025-03-03T16:42:20.456296,2025-03-03 11:42:20,LONG,20859.5,15.0,True,19.63,True
716,NQ,Mon,11:30,In-Sample,2025-03-03T16:46:42.014169,2025-03-03 11:46:42,LONG,20863.0,50.0,True,19.63,True
716,NQ,Mon,11:30,In-Sample,2025-03-03T16:46:42.014169,2025-03-03 11:46:42,LONG,20863.0,100.0,True,19.63,True
716,NQ,Mon,11:30,In-Sample,2025-03-03T16:46:42.014169,2025-03-03 11:46:42,LONG,20863.0,225.0,True,19.63,True
716,NQ,Mon,11:30,In-Sample,2025-03-03T16:48:00.878964,2025-03-03 11:48:00,LONG,20875.0,-360.0,True,19.63,True
716,NQ,Mon,11:30,In-Sample,2025-03-03T16:48:49.614849,2025-03-03 11:48:49,LONG,20885.25,50.0,True,19.63,True
716,NQ,Mon,11:30,In-Sample,2025-03-03T16:48:49.614849,2025-03-03 11:48:49,LONG,20885.25,100.0,True,19.63,True
716,NQ,Mon,11:30,In-Sample,2025-03-03T16:48:49.614849,2025-03-03 11:48:49,LONG,20885.25,225.0,True,19.63,True
716,NQ,Mon,11:30,In-Sample,2025-03-03T16:49:15.116134,2025-03-03 11:49:15,LONG,20897.25,50.0,True,19.63,True
716,NQ,Mon,11:30,In-Sample,2025-03-03T16:49:15.116134,2025-03-03 11:49:15,LONG,20897.25,120.0,True,19.63,True
716,NQ,Mon,11:30,In-Sample,2025-03-03T16:49:15.116134,2025-03-03 11:49:15,LONG,20897.25,-35.0,True,19.63,True
716,NQ,Mon,11:30,In-Sample,2025-03-03T16:50:15.749856,2025-03-03 11:50:15,LONG,20927.75,-525.0,True,19.63,True
716,NQ,Mon,11:30,In-Sample,2025-03-03T16:55:41.592693,2025-03-03 11:55:41,SHORT,20919.0,-1365.0,True,19.63,True
716,NQ,Mon,11:30,In-Sample,2025-03-10T15:30:08.805543,2025-03-10 11:30:08,SHORT,19639.25,-840.0,True,23.37,False
716,NQ,Mon,11:30,In-Sample,2025-03-10T15:30:13.480445,2025-03-10 11:30:13,SHORT,19633.5,-1910.0,True,23.37,False
716,NQ,Mon,11:30,In-Sample,2025-03-10T15:31:30.055580,2025-03-10 11:31:30,SHORT,19656.75,975.0,True,23.37,False
716,NQ,Mon,11:30,In-Sample,2025-03-10T15:35:21.011198,2025-03-10 11:35:21,SHORT,19657.5,-1665.0,True,23.37,False
716,NQ,Mon,11:30,In-Sample,2025-03-10T15:35:50.548135,2025-03-10 11:35:50,SHORT,19686.0,1560.0,True,23.37,False
716,NQ,Mon,11:30,In-Sample,2025-03-10T15:36:04.921699,2025-03-10 11:36:04,SHORT,19687.25,1585.0,True,23.37,False
716,NQ,Mon,11:30,In-Sample,2025-03-10T15:36:31.814410,2025-03-10 11:36:31,SHORT,19682.25,1485.0,True,23.37,False
716,NQ,Mon,11:30,In-Sample,2025-03-10T15:36:32.894341,2025-03-10 11:36:32,SHORT,19681.25,2930.0,True,23.37,False
716,NQ,Mon,11:30,In-Sample,2025-03-10T15:39:55.111369,2025-03-10 11:39:55,SHORT,19663.5,375.0,True,23.37,False
716,NQ,Mon,11:30,In-Sample,2025-03-10T15:39:55.111369,2025-03-10 11:39:55,SHORT,19663.5,750.0,True,23.37,False
716,NQ,Mon,11:30,In-Sample,2025-03-10T15:39:55.111369,2025-03-10 11:39:55,SHORT,19663.5,730.0,True,23.37,False
716,NQ,Mon,11:30,In-Sample,2025-03-10T15:43:50.826341,2025-03-10 11:43:50,SHORT,19606.0,-1695.0,True,23.37,False
716,NQ,Mon,11:30,In-Sample,2025-03-10T15:50:59.657060,2025-03-10 11:50:59,SHORT,19620.75,410.0,True,23.37,False
716,NQ,Mon,11:30,In-Sample,2025-03-10T15:50:59.657060,2025-03-10 11:50:59,SHORT,19620.75,820.0,True,23.37,False
716,NQ,Mon,11:30,In-Sample,2025-03-10T15:50:59.657060,2025-03-10 11:50:59,SHORT,19620.75,630.0,True,23.37,False
716,NQ,Mon,11:30,In-Sample,2025-03-17T15:30:00.386839,2025-03-17 11:30:00,SHORT,19677.5,95.0,True,21.77,False
716,NQ,Mon,11:30,In-Sample,2025-03-17T15:30:00.386839,2025-03-17 11:30:00,SHORT,19677.5,0.0,True,21.77,False
716,NQ,Mon,11:30,In-Sample,2025-03-17T15:30:00.563371,2025-03-17 11:30:00,SHORT,19677.5,375.0,True,21.77,False
716,NQ,Mon,11:30,In-Sample,2025-03-17T15:30:00.563371,2025-03-17 11:30:00,SHORT,19677.5,850.0,True,21.77,False
716,NQ,Mon,11:30,In-Sample,2025-03-17T15:30:00.563371,2025-03-17 11:30:00,SHORT,19677.5,675.0,True,21.77,False
716,NQ,Mon,11:30,In-Sample,2025-03-17T15:30:05.120005,2025-03-17 11:30:05,SHORT,19675.25,-480.0,True,21.77,False
716,NQ,Mon,11:30,In-Sample,2025-03-17T15:33:21.161739,2025-03-17 11:33:21,SHORT,19668.5,485.0,True,21.77,False
716,NQ,Mon,11:30,In-Sample,2025-03-17T15:33:21.161739,2025-03-17 11:33:21,SHORT,19668.5,-480.0,True,21.77,False
716,NQ,Mon,11:30,In-Sample,2025-03-17T15:33:25.338254,2025-03-17 11:33:25,SHORT,19662.75,50.0,True,21.77,False
716,NQ,Mon,11:30,In-Sample,2025-03-17T15:33:25.338254,2025-03-17 11:33:25,SHORT,19662.75,100.0,True,21.77,False
716,NQ,Mon,11:30,In-Sample,2025-03-17T15:33:25.338254,2025-03-17 11:33:25,SHORT,19662.75,255.0,True,21.77,False
716,NQ,Mon,11:30,In-Sample,2025-03-17T15:48:24.448616,2025-03-17 11:48:24,LONG,19683.0,-480.0,True,21.77,False
716,NQ,Mon,11:30,In-Sample,2025-03-17T15:59:55.087533,2025-03-17 11:59:55,SHORT,19679.75,-45.0,True,21.77,False
716,NQ,Mon,11:30,In-Sample,2025-03-24T15:34:50.990123,2025-03-24 11:34:50,LONG,20351.75,-525.0,True,19.28,True
716,NQ,Mon,11:30,In-Sample,2025-03-24T15:38:08.912092,2025-03-24 11:38:08,SHORT,20338.0,190.0,True,19.28,True
716,NQ,Mon,11:30,In-Sample,2025-03-24T15:38:08.912092,2025-03-24 11:38:08,SHORT,20338.0,-490.0,True,19.28,True
716,NQ,Mon,11:30,In-Sample,2025-03-24T15:40:51.644869,2025-03-24 11:40:51,SHORT,20331.0,-1830.0,True,19.28,True
716,NQ,Mon,11:30,In-Sample,2025-03-24T15:40:51.718709,2025-03-24 11:40:51,SHORT,20331.0,-1830.0,True,19.28,True
716,NQ,Mon,11:30,In-Sample,2025-03-24T15:55:52.129565,2025-03-24 11:55:52,LONG,20356.5,-90.0,True,19.28,True
716,NQ,Mon,11:30,In-Sample,2025-03-31T15:31:06.619742,2025-03-31 11:31:06,SHORT,19167.0,-1365.0,True,21.65,False
716,NQ,Mon,11:30,In-Sample,2025-03-31T15:35:12.074306,2025-03-31 11:35:12,LONG,19205.5,110.0,True,21.65,False
716,NQ,Mon,11:30,In-Sample,2025-03-31T15:35:12.074306,2025-03-31 11:35:12,LONG,19205.5,10.0,True,21.65,False
716,NQ,Mon,11:30,In-Sample,2025-03-31T15:35:12.079306,2025-03-31 11:35:12,LONG,19206.25,435.0,True,21.65,False
716,NQ,Mon,11:30,In-Sample,2025-03-31T15:35:12.079306,2025-03-31 11:35:12,LONG,19206.25,975.0,True,21.65,False
716,NQ,Mon,11:30,In-Sample,2025-03-31T15:35:12.079306,2025-03-31 11:35:12,LONG,19206.25,875.0,True,21.65,False
716,NQ,Mon,11:30,In-Sample,2025-03-31T15:40:31.022679,2025-03-31 11:40:31,LONG,19240.25,110.0,True,21.65,False
716,NQ,Mon,11:30,In-Sample,2025-03-31T15:40:31.022679,2025-03-31 11:40:31,LONG,19240.25,20.0,True,21.65,False
716,NQ,Mon,11:30,In-Sample,2025-03-31T15:42:20.227832,2025-03-31 11:42:20,SHORT,19226.75,-1425.0,True,21.65,False
716,NQ,Mon,11:30,In-Sample,2025-03-31T15:55:38.403359,2025-03-31 11:55:38,SHORT,19228.75,270.0,True,21.65,False
716,NQ,Mon,11:30,In-Sample,2025-03-31T15:55:38.403359,2025-03-31 11:55:38,SHORT,19228.75,390.0,True,21.65,False
716,NQ,Mon,11:30,In-Sample,2025-04-07T15:31:02.649727,2025-04-07 11:31:02,LONG,17287.75,1250.0,True,45.31,False
716,NQ,Mon,11:30,In-Sample,2025-04-07T15:31:02.649727,2025-04-07 11:31:02,LONG,17287.75,1305.0,True,45.31,False
716,NQ,Mon,11:30,In-Sample,2025-04-07T15:31:50.758198,2025-04-07 11:31:50,SHORT,17276.25,100.0,True,45.31,False
716,NQ,Mon,11:30,In-Sample,2025-04-07T15:31:50.758198,2025-04-07 11:31:50,SHORT,17276.25,50.0,True,45.31,False
716,NQ,Mon,11:30,In-Sample,2025-04-07T15:31:50.758198,2025-04-07 11:31:50,SHORT,17276.25,-220.0,True,45.31,False
716,NQ,Mon,11:30,In-Sample,2025-04-07T15:31:55.460033,2025-04-07 11:31:55,LONG,17300.75,75.0,True,45.31,False
716,NQ,Mon,11:30,In-Sample,2025-04-07T15:32:17.173135,2025-04-07 11:32:17,SHORT,17279.5,50.0,True,45.31,False
716,NQ,Mon,11:30,In-Sample,2025-04-07T15:32:17.173135,2025-04-07 11:32:17,SHORT,17279.5,120.0,True,45.31,False
716,NQ,Mon,11:30,In-Sample,2025-04-07T15:32:17.173135,2025-04-07 11:32:17,SHORT,17279.5,-80.0,True,45.31,False
716,NQ,Mon,11:30,In-Sample,2025-04-07T15:32:27.770143,2025-04-07 11:32:27,LONG,17289.75,-300.0,True,45.31,False
716,NQ,Mon,11:30,In-Sample,2025-04-07T15:32:40.228735,2025-04-07 11:32:40,LONG,17290.25,100.0,True,45.31,False
716,NQ,Mon,11:30,In-Sample,2025-04-07T15:32:40.228735,2025-04-07 11:32:40,LONG,17290.25,200.0,True,45.31,False
716,NQ,Mon,11:30,In-Sample,2025-04-07T15:32:40.228735,2025-04-07 11:32:40,LONG,17290.25,-145.0,True,45.31,False
716,NQ,Mon,11:30,In-Sample,2025-04-07T15:32:48.961388,2025-04-07 11:32:48,SHORT,17269.0,-735.0,True,45.31,False
716,NQ,Mon,11:30,In-Sample,2025-04-07T15:32:55.573734,2025-04-07 11:32:55,LONG,17293.25,50.0,True,45.31,False
716,NQ,Mon,11:30,In-Sample,2025-04-07T15:32:55.573734,2025-04-07 11:32:55,LONG,17293.25,100.0,True,45.31,False
716,NQ,Mon,11:30,In-Sample,2025-04-07T15:32:55.573734,2025-04-07 11:32:55,LONG,17293.25,-110.0,True,45.31,False
716,NQ,Mon,11:30,In-Sample,2025-04-07T15:32:58.217068,2025-04-07 11:32:58,LONG,17297.75,100.0,True,45.31,False
716,NQ,Mon,11:30,In-Sample,2025-04-07T15:32:58.217068,2025-04-07 11:32:58,LONG,17297.75,200.0,True,45.31,False
716,NQ,Mon,11:30,In-Sample,2025-04-07T15:32:58.217068,2025-04-07 11:32:58,LONG,17297.75,505.0,True,45.31,False
716,NQ,Mon,11:30,In-Sample,2025-04-07T15:33:35.072577,2025-04-07 11:33:35,LONG,17327.0,-570.0,True,45.31,False
716,NQ,Mon,11:30,In-Sample,2025-04-07T15:33:49.354552,2025-04-07 11:33:49,SHORT,17297.75,55.0,True,45.31,False
716,NQ,Mon,11:30,In-Sample,2025-04-07T15:33:49.354552,2025-04-07 11:33:49,SHORT,17297.75,-280.0,True,45.31,False
716,NQ,Mon,11:30,In-Sample,2025-04-07T15:33:51.586461,2025-04-07 11:33:51,LONG,17304.75,-25.0,True,45.31,False
716,NQ,Mon,11:30,In-Sample,2025-04-07T15:33:51.907298,2025-04-07 11:33:51,LONG,17303.75,-10.0,True,45.31,False
716,NQ,Mon,11:30,In-Sample,2025-04-07T15:34:16.619161,2025-04-07 11:34:16,SHORT,17296.25,-450.0,True,45.31,False
716,NQ,Mon,11:30,In-Sample,2025-04-07T15:35:04.387542,2025-04-07 11:35:04,SHORT,17316.75,85.0,True,45.31,False
716,NQ,Mon,11:30,In-Sample,2025-04-07T15:35:04.387542,2025-04-07 11:35:04,SHORT,17316.75,110.0,True,45.31,False
716,NQ,Mon,11:30,In-Sample,2025-04-07T15:35:04.387542,2025-04-07 11:35:04,SHORT,17316.75,-30.0,True,45.31,False
716,NQ,Mon,11:30,In-Sample,2025-04-07T15:35:05.466450,2025-04-07 11:35:05,SHORT,17308.5,-660.0,True,45.31,False
716,NQ,Mon,11:30,In-Sample,2025-04-07T15:35:07.132730,2025-04-07 11:35:07,LONG,17318.25,70.0,True,45.31,False
716,NQ,Mon,11:30,In-Sample,2025-04-07T15:35:07.132730,2025-04-07 11:35:07,LONG,17318.25,160.0,True,45.31,False
716,NQ,Mon,11:30,In-Sample,2025-04-07T15:36:08.425047,2025-04-07 11:36:08,LONG,17344.75,165.0,True,45.31,False
716,NQ,Mon,11:30,In-Sample,2025-04-07T15:36:08.425047,2025-04-07 11:36:08,LONG,17344.75,185.0,True,45.31,False
716,NQ,Mon,11:30,In-Sample,2025-04-07T15:36:08.425047,2025-04-07 11:36:08,LONG,17344.75,230.0,True,45.31,False
716,NQ,Mon,11:30,In-Sample,2025-04-07T15:36:20.947293,2025-04-07 11:36:20,LONG,17383.0,50.0,True,45.31,False
716,NQ,Mon,11:30,In-Sample,2025-04-07T15:36:20.947293,2025-04-07 11:36:20,LONG,17383.0,100.0,True,45.31,False
716,NQ,Mon,11:30,In-Sample,2025-04-07T15:36:20.947293,2025-04-07 11:36:20,LONG,17383.0,225.0,True,45.31,False
716,NQ,Mon,11:30,In-Sample,2025-04-07T15:36:37.383283,2025-04-07 11:36:37,SHORT,17382.25,50.0,True,45.31,False
716,NQ,Mon,11:30,In-Sample,2025-04-07T15:36:37.383283,2025-04-07 11:36:37,SHORT,17382.25,100.0,True,45.31,False
716,NQ,Mon,11:30,In-Sample,2025-04-07T15:36:37.383283,2025-04-07 11:36:37,SHORT,17382.25,225.0,True,45.31,False
716,NQ,Mon,11:30,In-Sample,2025-04-07T15:36:54.321363,2025-04-07 11:36:54,LONG,17383.75,-345.0,True,45.31,False
716,NQ,Mon,11:30,In-Sample,2025-04-07T15:37:38.046210,2025-04-07 11:37:38,LONG,17381.5,50.0,True,45.31,False
716,NQ,Mon,11:30,In-Sample,2025-04-07T15:37:38.046210,2025-04-07 11:37:38,LONG,17381.5,100.0,True,45.31,False
716,NQ,Mon,11:30,In-Sample,2025-04-07T15:37:38.046210,2025-04-07 11:37:38,LONG,17381.5,230.0,True,45.31,False
716,NQ,Mon,11:30,In-Sample,2025-04-07T15:38:03.926841,2025-04-07 11:38:03,SHORT,17394.0,75.0,True,45.31,False
716,NQ,Mon,11:30,In-Sample,2025-04-07T15:38:03.926841,2025-04-07 11:38:03,SHORT,17394.0,100.0,True,45.31,False
716,NQ,Mon,11:30,In-Sample,2025-04-07T15:38:03.926841,2025-04-07 11:38:03,SHORT,17394.0,225.0,True,45.31,False
716,NQ,Mon,11:30,In-Sample,2025-04-07T15:38:12.107138,2025-04-07 11:38:12,LONG,17430.0,220.0,True,45.31,False
716,NQ,Mon,11:30,In-Sample,2025-04-07T15:38:12.107138,2025-04-07 11:38:12,LONG,17430.0,220.0,True,45.31,False
716,NQ,Mon,11:30,In-Sample,2025-04-07T15:38:12.107138,2025-04-07 11:38:12,LONG,17430.0,225.0,True,45.31,False
716,NQ,Mon,11:30,In-Sample,2025-04-07T15:38:34.258375,2025-04-07 11:38:34,LONG,17429.75,110.0,True,45.31,False
716,NQ,Mon,11:30,In-Sample,2025-04-07T15:38:34.258375,2025-04-07 11:38:34,LONG,17429.75,200.0,True,45.31,False
716,NQ,Mon,11:30,In-Sample,2025-04-07T15:38:34.258375,2025-04-07 11:38:34,LONG,17429.75,-15.0,True,45.31,False
716,NQ,Mon,11:30,In-Sample,2025-04-07T15:38:45.924355,2025-04-07 11:38:45,SHORT,17408.75,60.0,True,45.31,False
716,NQ,Mon,11:30,In-Sample,2025-04-07T15:38:45.924355,2025-04-07 11:38:45,SHORT,17408.75,100.0,True,45.31,False
716,NQ,Mon,11:30,In-Sample,2025-04-07T15:38:45.924355,2025-04-07 11:38:45,SHORT,17408.75,225.0,True,45.31,False
716,NQ,Mon,11:30,In-Sample,2025-04-07T15:39:29.991866,2025-04-07 11:39:29,SHORT,17403.75,830.0,True,45.31,False
716,NQ,Mon,11:30,In-Sample,2025-04-07T15:39:29.991866,2025-04-07 11:39:29,SHORT,17403.75,30.0,True,45.31,False
716,NQ,Mon,11:30,In-Sample,2025-04-07T15:39:29.992445,2025-04-07 11:39:29,SHORT,17403.5,285.0,True,45.31,False
716,NQ,Mon,11:30,In-Sample,2025-04-07T15:39:43.869917,2025-04-07 11:39:43,LONG,17408.0,-465.0,True,45.31,False
716,NQ,Mon,11:30,In-Sample,2025-04-07T15:39:59.637467,2025-04-07 11:39:59,SHORT,17363.0,-4245.0,True,45.31,False
716,NQ,Mon,11:30,In-Sample,2025-04-07T15:39:59.637918,2025-04-07 11:39:59,SHORT,17360.25,-1035.0,True,45.31,False
716,NQ,Mon,11:30,In-Sample,2025-04-07T15:40:15.398606,2025-04-07 11:40:15,SHORT,17379.5,-5460.0,True,45.31,False
716,NQ,Mon,11:30,In-Sample,2025-04-07T15:40:23.411031,2025-04-07 11:40:23,LONG,17424.5,-465.0,True,45.31,False
716,NQ,Mon,11:30,In-Sample,2025-04-07T15:40:46.005658,2025-04-07 11:40:46,SHORT,17428.75,-540.0,True,45.31,False
716,NQ,Mon,11:30,In-Sample,2025-04-07T15:41:00.958225,2025-04-07 11:41:00,LONG,17471.0,-735.0,True,45.31,False
716,NQ,Mon,11:30,In-Sample,2025-04-07T15:41:04.604566,2025-04-07 11:41:04,SHORT,17477.0,-690.0,True,45.31,False
716,NQ,Mon,11:30,In-Sample,2025-04-07T15:41:16.346366,2025-04-07 11:41:16,SHORT,17470.0,-675.0,True,45.31,False
716,NQ,Mon,11:30,In-Sample,2025-04-07T15:41:17.139538,2025-04-07 11:41:17,SHORT,17471.5,-750.0,True,45.31,False
716,NQ,Mon,11:30,In-Sample,2025-04-07T15:41:45.802043,2025-04-07 11:41:45,LONG,17508.25,75.0,True,45.31,False
716,NQ,Mon,11:30,In-Sample,2025-04-07T15:41:45.802043,2025-04-07 11:41:45,LONG,17508.25,100.0,True,45.31,False
716,NQ,Mon,11:30,In-Sample,2025-04-07T15:41:45.802043,2025-04-07 11:41:45,LONG,17508.25,225.0,True,45.31,False
716,NQ,Mon,11:30,In-Sample,2025-04-07T15:41:48.808862,2025-04-07 11:41:48,LONG,17524.5,-1320.0,True,45.31,False
716,NQ,Mon,11:30,In-Sample,2025-04-07T15:41:48.811561,2025-04-07 11:41:48,LONG,17524.5,-690.0,True,45.31,False
716,NQ,Mon,11:30,In-Sample,2025-04-07T15:42:08.992528,2025-04-07 11:42:08,LONG,17539.5,-4275.0,True,45.31,False
716,NQ,Mon,11:30,In-Sample,2025-04-07T15:42:14.268937,2025-04-07 11:42:14,SHORT,17516.5,50.0,True,45.31,False
716,NQ,Mon,11:30,In-Sample,2025-04-07T15:42:14.268937,2025-04-07 11:42:14,SHORT,17516.5,100.0,True,45.31,False
716,NQ,Mon,11:30,In-Sample,2025-04-07T15:42:14.268937,2025-04-07 11:42:14,SHORT,17516.5,-100.0,True,45.31,False
716,NQ,Mon,11:30,In-Sample,2025-04-07T15:42:31.872178,2025-04-07 11:42:31,SHORT,17502.5,-2790.0,True,45.31,False
716,NQ,Mon,11:30,In-Sample,2025-04-07T15:42:31.873016,2025-04-07 11:42:31,SHORT,17506.0,-540.0,True,45.31,False
716,NQ,Mon,11:30,In-Sample,2025-04-07T15:42:35.594136,2025-04-07 11:42:35,LONG,17522.75,80.0,True,45.31,False
716,NQ,Mon,11:30,In-Sample,2025-04-07T15:42:35.594136,2025-04-07 11:42:35,LONG,17522.75,100.0,True,45.31,False
716,NQ,Mon,11:30,In-Sample,2025-04-07T15:42:35.594136,2025-04-07 11:42:35,LONG,17522.75,-60.0,True,45.31,False
716,NQ,Mon,11:30,In-Sample,2025-04-07T15:42:37.880054,2025-04-07 11:42:37,SHORT,17519.75,235.0,True,45.31,False
716,NQ,Mon,11:30,In-Sample,2025-04-07T15:42:38.212950,2025-04-07 11:42:38,SHORT,17517.5,190.0,True,45.31,False
716,NQ,Mon,11:30,In-Sample,2025-04-07T15:42:43.926044,2025-04-07 11:42:43,SHORT,17497.5,-1245.0,True,45.31,False
716,NQ,Mon,11:30,In-Sample,2025-04-07T15:43:01.214112,2025-04-07 11:43:01,SHORT,17469.25,-795.0,True,45.31,False
716,NQ,Mon,11:30,In-Sample,2025-04-07T15:43:12.618853,2025-04-07 11:43:12,LONG,17504.5,50.0,True,45.31,False
716,NQ,Mon,11:30,In-Sample,2025-04-07T15:43:12.618853,2025-04-07 11:43:12,LONG,17504.5,100.0,True,45.31,False
716,NQ,Mon,11:30,In-Sample,2025-04-07T15:43:12.618853,2025-04-07 11:43:12,LONG,17504.5,225.0,True,45.31,False
716,NQ,Mon,11:30,In-Sample,2025-04-07T15:43:16.442843,2025-04-07 11:43:16,LONG,17522.5,-375.0,True,45.31,False
716,NQ,Mon,11:30,In-Sample,2025-04-07T15:43:18.694845,2025-04-07 11:43:18,SHORT,17507.0,-1080.0,True,45.31,False
716,NQ,Mon,11:30,In-Sample,2025-04-07T15:43:58.080392,2025-04-07 11:43:58,SHORT,17507.75,50.0,True,45.31,False
716,NQ,Mon,11:30,In-Sample,2025-04-07T15:43:58.080392,2025-04-07 11:43:58,SHORT,17507.75,-330.0,True,45.31,False
716,NQ,Mon,11:30,In-Sample,2025-04-07T15:44:00.005660,2025-04-07 11:44:00,LONG,17516.0,-245.0,True,45.31,False
716,NQ,Mon,11:30,In-Sample,2025-04-07T15:44:03.072443,2025-04-07 11:44:03,LONG,17502.75,20.0,True,45.31,False
716,NQ,Mon,11:30,In-Sample,2025-04-07T15:44:07.971229,2025-04-07 11:44:07,LONG,17496.5,145.0,True,45.31,False
716,NQ,Mon,11:30,In-Sample,2025-04-07T15:44:27.005994,2025-04-07 11:44:27,SHORT,17481.0,-675.0,True,45.31,False
716,NQ,Mon,11:30,In-Sample,2025-04-07T15:44:54.362242,2025-04-07 11:44:54,SHORT,17542.25,-540.0,True,45.31,False
716,NQ,Mon,11:30,In-Sample,2025-04-07T15:45:04.574258,2025-04-07 11:45:04,SHORT,17522.75,100.0,True,45.31,False
716,NQ,Mon,11:30,In-Sample,2025-04-07T15:45:04.574258,2025-04-07 11:45:04,SHORT,17522.75,200.0,True,45.31,False
716,NQ,Mon,11:30,In-Sample,2025-04-07T15:45:04.574258,2025-04-07 11:45:04,SHORT,17522.75,245.0,True,45.31,False
716,NQ,Mon,11:30,In-Sample,2025-04-07T15:45:14.201302,2025-04-07 11:45:14,SHORT,17505.0,1370.0,True,45.31,False
716,NQ,Mon,11:30,In-Sample,2025-04-07T15:45:14.201302,2025-04-07 11:45:14,SHORT,17505.0,1270.0,True,45.31,False
716,NQ,Mon,11:30,In-Sample,2025-04-07T15:45:16.025400,2025-04-07 11:45:16,SHORT,17505.75,-405.0,True,45.31,False
716,NQ,Mon,11:30,In-Sample,2025-04-07T15:45:33.333165,2025-04-07 11:45:33,LONG,17527.25,-735.0,True,45.31,False
716,NQ,Mon,11:30,In-Sample,2025-04-07T15:45:35.784737,2025-04-07 11:45:35,SHORT,17500.5,-60.0,True,45.31,False
716,NQ,Mon,11:30,In-Sample,2025-04-07T15:45:56.373524,2025-04-07 11:45:56,LONG,17483.0,-705.0,True,45.31,False
716,NQ,Mon,11:30,In-Sample,2025-04-07T15:46:00.297053,2025-04-07 11:46:00,SHORT,17456.0,-4650.0,True,45.31,False
716,NQ,Mon,11:30,In-Sample,2025-04-07T15:46:00.298816,2025-04-07 11:46:00,SHORT,17459.75,-1095.0,True,45.31,False
716,NQ,Mon,11:30,In-Sample,2025-04-07T15:46:40.956864,2025-04-07 11:46:40,SHORT,17457.0,110.0,True,45.31,False
716,NQ,Mon,11:30,In-Sample,2025-04-07T15:46:40.956864,2025-04-07 11:46:40,SHORT,17457.0,110.0,True,45.31,False
716,NQ,Mon,11:30,In-Sample,2025-04-07T15:46:40.956864,2025-04-07 11:46:40,SHORT,17457.0,225.0,True,45.31,False
716,NQ,Mon,11:30,In-Sample,2025-04-07T15:46:42.841471,2025-04-07 11:46:42,SHORT,17443.75,-150.0,True,45.31,False
716,NQ,Mon,11:30,In-Sample,2025-04-07T15:46:43.795918,2025-04-07 11:46:43,SHORT,17444.5,-3075.0,True,45.31,False
716,NQ,Mon,11:30,In-Sample,2025-04-07T15:47:02.543539,2025-04-07 11:47:02,LONG,17452.25,50.0,True,45.31,False
716,NQ,Mon,11:30,In-Sample,2025-04-07T15:47:02.543539,2025-04-07 11:47:02,LONG,17452.25,100.0,True,45.31,False
716,NQ,Mon,11:30,In-Sample,2025-04-07T15:47:02.543539,2025-04-07 11:47:02,LONG,17452.25,-135.0,True,45.31,False
716,NQ,Mon,11:30,In-Sample,2025-04-07T15:47:19.164711,2025-04-07 11:47:19,SHORT,17440.0,-690.0,True,45.31,False
716,NQ,Mon,11:30,In-Sample,2025-04-07T15:47:31.747585,2025-04-07 11:47:31,SHORT,17439.0,-435.0,True,45.31,False
716,NQ,Mon,11:30,In-Sample,2025-04-07T15:48:06.127823,2025-04-07 11:48:06,LONG,17492.5,-435.0,True,45.31,False
716,NQ,Mon,11:30,In-Sample,2025-04-07T15:48:12.329538,2025-04-07 11:48:12,SHORT,17472.5,70.0,True,45.31,False
716,NQ,Mon,11:30,In-Sample,2025-04-07T15:48:12.329538,2025-04-07 11:48:12,SHORT,17472.5,110.0,True,45.31,False
716,NQ,Mon,11:30,In-Sample,2025-04-07T15:48:12.329538,2025-04-07 11:48:12,SHORT,17472.5,225.0,True,45.31,False
716,NQ,Mon,11:30,In-Sample,2025-04-07T15:48:28.769866,2025-04-07 11:48:28,LONG,17481.0,50.0,True,45.31,False
716,NQ,Mon,11:30,In-Sample,2025-04-07T15:48:28.769866,2025-04-07 11:48:28,LONG,17481.0,-300.0,True,45.31,False
716,NQ,Mon,11:30,In-Sample,2025-04-07T15:48:29.299210,2025-04-07 11:48:29,LONG,17480.5,-330.0,True,45.31,False
716,NQ,Mon,11:30,In-Sample,2025-04-07T15:50:02.841736,2025-04-07 11:50:02,LONG,17512.75,100.0,True,45.31,False
716,NQ,Mon,11:30,In-Sample,2025-04-07T15:50:02.841736,2025-04-07 11:50:02,LONG,17512.75,200.0,True,45.31,False
716,NQ,Mon,11:30,In-Sample,2025-04-07T15:50:02.841736,2025-04-07 11:50:02,LONG,17512.75,40.0,True,45.31,False
716,NQ,Mon,11:30,In-Sample,2025-04-07T15:50:15.622382,2025-04-07 11:50:15,LONG,17540.75,50.0,True,45.31,False
716,NQ,Mon,11:30,In-Sample,2025-04-07T15:50:15.622382,2025-04-07 11:50:15,LONG,17540.75,100.0,True,45.31,False
716,NQ,Mon,11:30,In-Sample,2025-04-07T15:50:15.622382,2025-04-07 11:50:15,LONG,17540.75,265.0,True,45.31,False
716,NQ,Mon,11:30,In-Sample,2025-04-07T15:50:19.351477,2025-04-07 11:50:19,LONG,17554.25,-5280.0,True,45.31,False
716,NQ,Mon,11:30,In-Sample,2025-04-07T15:50:19.852323,2025-04-07 11:50:19,LONG,17553.25,-510.0,True,45.31,False
716,NQ,Mon,11:30,In-Sample,2025-04-07T15:51:00.036158,2025-04-07 11:51:00,SHORT,17505.0,50.0,True,45.31,False
716,NQ,Mon,11:30,In-Sample,2025-04-07T15:51:00.036158,2025-04-07 11:51:00,SHORT,17505.0,100.0,True,45.31,False
716,NQ,Mon,11:30,In-Sample,2025-04-07T15:51:00.036158,2025-04-07 11:51:00,SHORT,17505.0,0.0,True,45.31,False
716,NQ,Mon,11:30,In-Sample,2025-04-07T15:51:11.202782,2025-04-07 11:51:11,SHORT,17488.5,845.0,True,45.31,False
716,NQ,Mon,11:30,In-Sample,2025-04-07T15:51:11.202782,2025-04-07 11:51:11,SHORT,17488.5,1695.0,True,45.31,False
716,NQ,Mon,11:30,In-Sample,2025-04-07T15:51:11.202782,2025-04-07 11:51:11,SHORT,17488.5,1635.0,True,45.31,False
716,NQ,Mon,11:30,In-Sample,2025-04-07T15:51:11.203371,2025-04-07 11:51:11,SHORT,17488.75,885.0,True,45.31,False
716,NQ,Mon,11:30,In-Sample,2025-04-07T15:51:43.566092,2025-04-07 11:51:43,SHORT,17459.75,-405.0,True,45.31,False
716,NQ,Mon,11:30,In-Sample,2025-04-07T15:51:43.566819,2025-04-07 11:51:43,SHORT,17459.75,50.0,True,45.31,False
716,NQ,Mon,11:30,In-Sample,2025-04-07T15:51:43.566819,2025-04-07 11:51:43,SHORT,17459.75,-140.0,True,45.31,False
716,NQ,Mon,11:30,In-Sample,2025-04-07T15:51:58.432945,2025-04-07 11:51:58,SHORT,17445.75,50.0,True,45.31,False
716,NQ,Mon,11:30,In-Sample,2025-04-07T15:51:58.432945,2025-04-07 11:51:58,SHORT,17445.75,100.0,True,45.31,False
716,NQ,Mon,11:30,In-Sample,2025-04-07T15:51:58.432945,2025-04-07 11:51:58,SHORT,17445.75,-125.0,True,45.31,False
716,NQ,Mon,11:30,In-Sample,2025-04-07T15:52:03.244432,2025-04-07 11:52:03,LONG,17456.25,100.0,True,45.31,False
716,NQ,Mon,11:30,In-Sample,2025-04-07T15:52:03.244432,2025-04-07 11:52:03,LONG,17456.25,200.0,True,45.31,False
716,NQ,Mon,11:30,In-Sample,2025-04-07T15:52:03.244432,2025-04-07 11:52:03,LONG,17456.25,65.0,True,45.31,False
716,NQ,Mon,11:30,In-Sample,2025-04-07T15:52:05.665936,2025-04-07 11:52:05,LONG,17458.75,50.0,True,45.31,False
716,NQ,Mon,11:30,In-Sample,2025-04-07T15:52:05.665936,2025-04-07 11:52:05,LONG,17458.75,100.0,True,45.31,False
716,NQ,Mon,11:30,In-Sample,2025-04-07T15:52:05.665936,2025-04-07 11:52:05,LONG,17458.75,225.0,True,45.31,False
716,NQ,Mon,11:30,In-Sample,2025-04-07T15:52:28.104308,2025-04-07 11:52:28,SHORT,17452.5,60.0,True,45.31,False
716,NQ,Mon,11:30,In-Sample,2025-04-07T15:52:28.104308,2025-04-07 11:52:28,SHORT,17452.5,-80.0,True,45.31,False
716,NQ,Mon,11:30,In-Sample,2025-04-07T15:52:29.963618,2025-04-07 11:52:29,LONG,17454.5,55.0,True,45.31,False
716,NQ,Mon,11:30,In-Sample,2025-04-07T15:52:48.271394,2025-04-07 11:52:48,LONG,17462.5,-210.0,True,45.31,False
716,NQ,Mon,11:30,In-Sample,2025-04-07T15:53:18.583418,2025-04-07 11:53:18,SHORT,17436.25,1890.0,True,45.31,False
716,NQ,Mon,11:30,In-Sample,2025-04-07T15:53:19.783309,2025-04-07 11:53:19,SHORT,17433.75,85.0,True,45.31,False
716,NQ,Mon,11:30,In-Sample,2025-04-07T15:53:19.783309,2025-04-07 11:53:19,SHORT,17433.75,100.0,True,45.31,False
716,NQ,Mon,11:30,In-Sample,2025-04-07T15:53:19.783309,2025-04-07 11:53:19,SHORT,17433.75,225.0,True,45.31,False
716,NQ,Mon,11:30,In-Sample,2025-04-07T15:53:22.055631,2025-04-07 11:53:22,SHORT,17418.5,515.0,True,45.31,False
716,NQ,Mon,11:30,In-Sample,2025-04-07T15:53:22.055631,2025-04-07 11:53:22,SHORT,17418.5,0.0,True,45.31,False
716,NQ,Mon,11:30,In-Sample,2025-04-07T15:53:22.055759,2025-04-07 11:53:22,SHORT,17418.5,2055.0,True,45.31,False
716,NQ,Mon,11:30,In-Sample,2025-04-07T15:53:22.055759,2025-04-07 11:53:22,SHORT,17418.5,-30.0,True,45.31,False
716,NQ,Mon,11:30,In-Sample,2025-04-07T15:53:27.567920,2025-04-07 11:53:27,LONG,17412.0,100.0,True,45.31,False
716,NQ,Mon,11:30,In-Sample,2025-04-07T15:53:27.567920,2025-04-07 11:53:27,LONG,17412.0,-320.0,True,45.31,False
716,NQ,Mon,11:30,In-Sample,2025-04-07T15:54:05.756025,2025-04-07 11:54:05,SHORT,17399.25,-1845.0,True,45.31,False
716,NQ,Mon,11:30,In-Sample,2025-04-07T15:54:05.919596,2025-04-07 11:54:05,SHORT,17402.5,-165.0,True,45.31,False
716,NQ,Mon,11:30,In-Sample,2025-04-07T15:54:53.121676,2025-04-07 11:54:53,SHORT,17398.25,50.0,True,45.31,False
716,NQ,Mon,11:30,In-Sample,2025-04-07T15:54:53.121676,2025-04-07 11:54:53,SHORT,17398.25,-1240.0,True,45.31,False
716,NQ,Mon,11:30,In-Sample,2025-04-07T15:55:05.784970,2025-04-07 11:55:05,LONG,17429.5,540.0,True,45.31,False
716,NQ,Mon,11:30,In-Sample,2025-04-07T15:55:08.726675,2025-04-07 11:55:08,LONG,17444.0,85.0,True,45.31,False
716,NQ,Mon,11:30,In-Sample,2025-04-07T15:55:08.726675,2025-04-07 11:55:08,LONG,17444.0,100.0,True,45.31,False
716,NQ,Mon,11:30,In-Sample,2025-04-07T15:55:08.726675,2025-04-07 11:55:08,LONG,17444.0,-110.0,True,45.31,False
716,NQ,Mon,11:30,In-Sample,2025-04-07T15:55:10.247624,2025-04-07 11:55:10,LONG,17448.5,-855.0,True,45.31,False
716,NQ,Mon,11:30,In-Sample,2025-04-07T15:55:10.797457,2025-04-07 11:55:10,LONG,17450.75,-3570.0,True,45.31,False
716,NQ,Mon,11:30,In-Sample,2025-04-07T15:55:14.242225,2025-04-07 11:55:14,SHORT,17427.25,-765.0,True,45.31,False
716,NQ,Mon,11:30,In-Sample,2025-04-07T15:55:22.812282,2025-04-07 11:55:22,SHORT,17401.0,-555.0,True,45.31,False
716,NQ,Mon,11:30,In-Sample,2025-04-07T15:55:32.000570,2025-04-07 11:55:32,LONG,17432.5,-495.0,True,45.31,False
716,NQ,Mon,11:30,In-Sample,2025-04-07T15:56:19.262859,2025-04-07 11:56:19,LONG,17435.75,0.0,True,45.31,False
716,NQ,Mon,11:30,In-Sample,2025-04-07T15:56:35.972621,2025-04-07 11:56:35,LONG,17463.75,100.0,True,45.31,False
716,NQ,Mon,11:30,In-Sample,2025-04-07T15:56:35.972621,2025-04-07 11:56:35,LONG,17463.75,50.0,True,45.31,False
716,NQ,Mon,11:30,In-Sample,2025-04-07T15:56:35.972621,2025-04-07 11:56:35,LONG,17463.75,-105.0,True,45.31,False
716,NQ,Mon,11:30,In-Sample,2025-04-07T15:56:44.897698,2025-04-07 11:56:44,LONG,17469.0,-855.0,True,45.31,False
716,NQ,Mon,11:30,In-Sample,2025-04-07T15:57:17.446893,2025-04-07 11:57:17,LONG,17474.0,-4965.0,True,45.31,False
716,NQ,Mon,11:30,In-Sample,2025-04-07T15:57:22.480872,2025-04-07 11:57:22,SHORT,17452.75,240.0,True,45.31,False
716,NQ,Mon,11:30,In-Sample,2025-04-07T15:57:22.480872,2025-04-07 11:57:22,SHORT,17452.75,240.0,True,45.31,False
716,NQ,Mon,11:30,In-Sample,2025-04-07T15:57:22.480872,2025-04-07 11:57:22,SHORT,17452.75,140.0,True,45.31,False
716,NQ,Mon,11:30,In-Sample,2025-04-07T15:57:23.846672,2025-04-07 11:57:23,SHORT,17440.75,50.0,True,45.31,False
716,NQ,Mon,11:30,In-Sample,2025-04-07T15:57:23.846672,2025-04-07 11:57:23,SHORT,17440.75,100.0,True,45.31,False
716,NQ,Mon,11:30,In-Sample,2025-04-07T15:57:23.846672,2025-04-07 11:57:23,SHORT,17440.75,-50.0,True,45.31,False
716,NQ,Mon,11:30,In-Sample,2025-04-07T15:58:21.821852,2025-04-07 11:58:21,SHORT,17398.0,125.0,True,45.31,False
716,NQ,Mon,11:30,In-Sample,2025-04-07T15:58:21.821852,2025-04-07 11:58:21,SHORT,17398.0,125.0,True,45.31,False
716,NQ,Mon,11:30,In-Sample,2025-04-07T15:58:21.821852,2025-04-07 11:58:21,SHORT,17398.0,-10.0,True,45.31,False
716,NQ,Mon,11:30,In-Sample,2025-04-07T15:58:22.371761,2025-04-07 11:58:22,SHORT,17392.5,515.0,True,45.31,False
716,NQ,Mon,11:30,In-Sample,2025-04-07T15:58:22.371761,2025-04-07 11:58:22,SHORT,17392.5,2570.0,True,45.31,False
716,NQ,Mon,11:30,In-Sample,2025-04-07T15:58:22.371761,2025-04-07 11:58:22,SHORT,17392.5,2580.0,True,45.31,False
716,NQ,Mon,11:30,In-Sample,2025-04-07T15:58:25.313989,2025-04-07 11:58:25,LONG,17398.5,65.0,True,45.31,False
716,NQ,Mon,11:30,In-Sample,2025-04-07T15:58:25.313989,2025-04-07 11:58:25,LONG,17398.5,75.0,True,45.31,False
716,NQ,Mon,11:30,In-Sample,2025-04-07T15:58:55.769942,2025-04-07 11:58:55,LONG,17424.25,-585.0,True,45.31,False
716,NQ,Mon,11:30,In-Sample,2025-04-07T15:59:03.201711,2025-04-07 11:59:03,SHORT,17393.25,-555.0,True,45.31,False
716,NQ,Mon,11:30,In-Sample,2025-04-07T15:59:03.203653,2025-04-07 11:59:03,SHORT,17396.0,815.0,True,45.31,False
716,NQ,Mon,11:30,In-Sample,2025-04-07T15:59:03.203653,2025-04-07 11:59:03,SHORT,17396.0,1635.0,True,45.31,False
716,NQ,Mon,11:30,In-Sample,2025-04-07T15:59:03.203653,2025-04-07 11:59:03,SHORT,17396.0,1455.0,True,45.31,False
716,NQ,Mon,11:30,In-Sample,2025-04-07T15:59:03.204228,2025-04-07 11:59:03,SHORT,17394.25,-645.0,True,45.31,False
716,NQ,Mon,11:30,In-Sample,2025-04-07T15:59:30.545865,2025-04-07 11:59:30,LONG,17418.75,-225.0,True,45.31,False
716,NQ,Mon,11:30,In-Sample,2025-04-07T15:59:36.688313,2025-04-07 11:59:36,SHORT,17402.75,50.0,True,45.31,False
716,NQ,Mon,11:30,In-Sample,2025-04-07T15:59:36.688313,2025-04-07 11:59:36,SHORT,17402.75,120.0,True,45.31,False
716,NQ,Mon,11:30,In-Sample,2025-04-07T15:59:36.688313,2025-04-07 11:59:36,SHORT,17402.75,225.0,True,45.31,False
716,NQ,Mon,11:30,In-Sample,2025-04-07T15:59:46.509984,2025-04-07 11:59:46,SHORT,17393.5,840.0,True,45.31,False
716,NQ,Mon,11:30,In-Sample,2025-04-07T15:59:46.509984,2025-04-07 11:59:46,SHORT,17393.5,1280.0,True,45.31,False
716,NQ,Mon,11:30,In-Sample,2025-04-14T15:30:06.632575,2025-04-14 11:30:06,SHORT,18937.0,10.0,True,37.56,False
716,NQ,Mon,11:30,In-Sample,2025-04-14T15:30:06.632575,2025-04-14 11:30:06,SHORT,18937.0,1055.0,True,37.56,False
716,NQ,Mon,11:30,In-Sample,2025-04-14T15:30:06.632575,2025-04-14 11:30:06,SHORT,18937.0,940.0,True,37.56,False
716,NQ,Mon,11:30,In-Sample,2025-04-14T15:30:06.890647,2025-04-14 11:30:06,SHORT,18936.5,475.0,True,37.56,False
716,NQ,Mon,11:30,In-Sample,2025-04-14T15:30:06.890647,2025-04-14 11:30:06,SHORT,18936.5,1065.0,True,37.56,False
716,NQ,Mon,11:30,In-Sample,2025-04-14T15:30:06.890647,2025-04-14 11:30:06,SHORT,18936.5,1150.0,True,37.56,False
716,NQ,Mon,11:30,In-Sample,2025-04-14T15:30:14.693242,2025-04-14 11:30:14,LONG,18938.5,115.0,True,37.56,False
716,NQ,Mon,11:30,In-Sample,2025-04-14T15:31:19.702488,2025-04-14 11:31:19,LONG,18961.25,540.0,True,37.56,False
716,NQ,Mon,11:30,In-Sample,2025-04-14T15:31:19.702488,2025-04-14 11:31:19,LONG,18961.25,440.0,True,37.56,False
716,NQ,Mon,11:30,In-Sample,2025-04-14T15:34:00.094757,2025-04-14 11:34:00,SHORT,18973.25,-690.0,True,37.56,False
716,NQ,Mon,11:30,In-Sample,2025-04-14T15:34:00.095022,2025-04-14 11:34:00,SHORT,18973.25,-495.0,True,37.56,False
716,NQ,Mon,11:30,In-Sample,2025-04-14T15:35:32.519934,2025-04-14 11:35:32,SHORT,18966.25,-45.0,True,37.56,False
716,NQ,Mon,11:30,In-Sample,2025-04-14T15:35:32.520049,2025-04-14 11:35:32,SHORT,18966.25,280.0,True,37.56,False
716,NQ,Mon,11:30,In-Sample,2025-04-14T15:35:32.520049,2025-04-14 11:35:32,SHORT,18966.25,30.0,True,37.56,False
716,NQ,Mon,11:30,In-Sample,2025-04-14T15:36:16.453594,2025-04-14 11:36:16,SHORT,18953.25,425.0,True,37.56,False
716,NQ,Mon,11:30,In-Sample,2025-04-14T15:36:16.453594,2025-04-14 11:36:16,SHORT,18953.25,855.0,True,37.56,False
716,NQ,Mon,11:30,In-Sample,2025-04-14T15:36:16.453594,2025-04-14 11:36:16,SHORT,18953.25,945.0,True,37.56,False
716,NQ,Mon,11:30,In-Sample,2025-04-14T15:36:40.315933,2025-04-14 11:36:40,LONG,18961.75,-435.0,True,37.56,False
716,NQ,Mon,11:30,In-Sample,2025-04-14T15:37:04.822378,2025-04-14 11:37:04,SHORT,18950.75,285.0,True,37.56,False
716,NQ,Mon,11:30,In-Sample,2025-04-14T15:37:04.822378,2025-04-14 11:37:04,SHORT,18950.75,570.0,True,37.56,False
716,NQ,Mon,11:30,In-Sample,2025-04-14T15:37:04.822378,2025-04-14 11:37:04,SHORT,18950.75,895.0,True,37.56,False
716,NQ,Mon,11:30,In-Sample,2025-04-14T15:37:04.822490,2025-04-14 11:37:04,SHORT,18950.75,285.0,True,37.56,False
716,NQ,Mon,11:30,In-Sample,2025-04-14T15:37:04.822490,2025-04-14 11:37:04,SHORT,18950.75,570.0,True,37.56,False
716,NQ,Mon,11:30,In-Sample,2025-04-14T15:37:04.822490,2025-04-14 11:37:04,SHORT,18950.75,895.0,True,37.56,False
716,NQ,Mon,11:30,In-Sample,2025-04-14T15:37:06.669733,2025-04-14 11:37:06,SHORT,18947.75,515.0,True,37.56,False
716,NQ,Mon,11:30,In-Sample,2025-04-14T15:37:06.669733,2025-04-14 11:37:06,SHORT,18947.75,935.0,True,37.56,False
716,NQ,Mon,11:30,In-Sample,2025-04-14T15:39:02.654714,2025-04-14 11:39:02,SHORT,18893.0,345.0,True,37.56,False
716,NQ,Mon,11:30,In-Sample,2025-04-14T15:39:02.654714,2025-04-14 11:39:02,SHORT,18893.0,20.0,True,37.56,False
716,NQ,Mon,11:30,In-Sample,2025-04-14T15:39:08.850275,2025-04-14 11:39:08,LONG,18899.5,100.0,True,37.56,False
716,NQ,Mon,11:30,In-Sample,2025-04-14T15:39:08.850275,2025-04-14 11:39:08,LONG,18899.5,-320.0,True,37.56,False
716,NQ,Mon,11:30,In-Sample,2025-04-14T15:40:12.930546,2025-04-14 11:40:12,SHORT,18891.25,300.0,True,37.56,False
716,NQ,Mon,11:30,In-Sample,2025-04-14T15:40:12.930546,2025-04-14 11:40:12,SHORT,18891.25,480.0,True,37.56,False
716,NQ,Mon,11:30,In-Sample,2025-04-14T15:40:12.930660,2025-04-14 11:40:12,SHORT,18891.25,300.0,True,37.56,False
716,NQ,Mon,11:30,In-Sample,2025-04-14T15:40:12.930660,2025-04-14 11:40:12,SHORT,18891.25,10.0,True,37.56,False
716,NQ,Mon,11:30,In-Sample,2025-04-14T15:40:12.930809,2025-04-14 11:40:12,SHORT,18890.5,10.0,True,37.56,False
716,NQ,Mon,11:30,In-Sample,2025-04-14T15:40:12.930809,2025-04-14 11:40:12,SHORT,18890.5,1590.0,True,37.56,False
716,NQ,Mon,11:30,In-Sample,2025-04-14T15:40:12.930809,2025-04-14 11:40:12,SHORT,18890.5,1460.0,True,37.56,False
716,NQ,Mon,11:30,In-Sample,2025-04-14T15:40:13.021557,2025-04-14 11:40:13,SHORT,18890.5,430.0,True,37.56,False
716,NQ,Mon,11:30,In-Sample,2025-04-14T15:40:13.021557,2025-04-14 11:40:13,SHORT,18890.5,-880.0,True,37.56,False
716,NQ,Mon,11:30,In-Sample,2025-04-14T15:40:25.563947,2025-04-14 11:40:25,LONG,18892.75,-315.0,True,37.56,False
716,NQ,Mon,11:30,In-Sample,2025-04-14T15:43:15.361991,2025-04-14 11:43:15,SHORT,18884.75,-855.0,True,37.56,False
716,NQ,Mon,11:30,In-Sample,2025-04-14T15:43:15.362099,2025-04-14 11:43:15,SHORT,18884.75,-540.0,True,37.56,False
716,NQ,Mon,11:30,In-Sample,2025-04-14T15:45:31.637815,2025-04-14 11:45:31,SHORT,18892.0,310.0,True,37.56,False
716,NQ,Mon,11:30,In-Sample,2025-04-14T15:45:31.637815,2025-04-14 11:45:31,SHORT,18892.0,625.0,True,37.56,False
716,NQ,Mon,11:30,In-Sample,2025-04-14T15:45:31.637815,2025-04-14 11:45:31,SHORT,18892.0,795.0,True,37.56,False
716,NQ,Mon,11:30,In-Sample,2025-04-14T15:45:31.815395,2025-04-14 11:45:31,SHORT,18889.75,315.0,True,37.56,False
716,NQ,Mon,11:30,In-Sample,2025-04-14T15:45:31.815395,2025-04-14 11:45:31,SHORT,18889.75,500.0,True,37.56,False
716,NQ,Mon,11:30,In-Sample,2025-04-14T15:45:56.270439,2025-04-14 11:45:56,LONG,18872.75,100.0,True,37.56,False
716,NQ,Mon,11:30,In-Sample,2025-04-14T15:45:56.270439,2025-04-14 11:45:56,LONG,18872.75,-270.0,True,37.56,False
716,NQ,Mon,11:30,In-Sample,2025-04-14T15:46:29.469267,2025-04-14 11:46:29,SHORT,18862.5,440.0,True,37.56,False
716,NQ,Mon,11:30,In-Sample,2025-04-14T15:46:29.469267,2025-04-14 11:46:29,SHORT,18862.5,885.0,True,37.56,False
716,NQ,Mon,11:30,In-Sample,2025-04-14T15:46:29.469267,2025-04-14 11:46:29,SHORT,18862.5,800.0,True,37.56,False
716,NQ,Mon,11:30,In-Sample,2025-04-14T15:46:29.469456,2025-04-14 11:46:29,SHORT,18862.5,315.0,True,37.56,False
716,NQ,Mon,11:30,In-Sample,2025-04-14T15:46:29.469456,2025-04-14 11:46:29,SHORT,18862.5,310.0,True,37.56,False
716,NQ,Mon,11:30,In-Sample,2025-04-14T15:47:11.673196,2025-04-14 11:47:11,SHORT,18844.0,-510.0,True,37.56,False
716,NQ,Mon,11:30,In-Sample,2025-04-14T15:47:25.379123,2025-04-14 11:47:25,SHORT,18837.0,-270.0,True,37.56,False
716,NQ,Mon,11:30,In-Sample,2025-04-14T15:47:45.572968,2025-04-14 11:47:45,LONG,18837.0,100.0,True,37.56,False
716,NQ,Mon,11:30,In-Sample,2025-04-14T15:47:45.572968,2025-04-14 11:47:45,LONG,18837.0,200.0,True,37.56,False
716,NQ,Mon,11:30,In-Sample,2025-04-14T15:47:45.572968,2025-04-14 11:47:45,LONG,18837.0,195.0,True,37.56,False
716,NQ,Mon,11:30,In-Sample,2025-04-14T15:47:58.559435,2025-04-14 11:47:58,LONG,18852.25,-1215.0,True,37.56,False
716,NQ,Mon,11:30,In-Sample,2025-04-14T15:47:58.559948,2025-04-14 11:47:58,LONG,18852.25,-570.0,True,37.56,False
716,NQ,Mon,11:30,In-Sample,2025-04-14T15:49:15.992669,2025-04-14 11:49:15,SHORT,18818.75,-570.0,True,37.56,False
716,NQ,Mon,11:30,In-Sample,2025-04-14T15:49:15.992778,2025-04-14 11:49:15,SHORT,18818.75,-1215.0,True,37.56,False
716,NQ,Mon,11:30,In-Sample,2025-04-14T15:49:16.314722,2025-04-14 11:49:16,SHORT,18818.25,-1335.0,True,37.56,False
716,NQ,Mon,11:30,In-Sample,2025-04-14T15:49:22.839329,2025-04-14 11:49:22,LONG,18823.25,100.0,True,37.56,False
716,NQ,Mon,11:30,In-Sample,2025-04-14T15:49:22.839329,2025-04-14 11:49:22,LONG,18823.25,-260.0,True,37.56,False
716,NQ,Mon,11:30,In-Sample,2025-04-14T15:50:07.535878,2025-04-14 11:50:07,SHORT,18817.75,535.0,True,37.56,False
716,NQ,Mon,11:30,In-Sample,2025-04-14T15:50:07.535878,2025-04-14 11:50:07,SHORT,18817.75,1205.0,True,37.56,False
716,NQ,Mon,11:30,In-Sample,2025-04-14T15:50:07.535878,2025-04-14 11:50:07,SHORT,18817.75,1355.0,True,37.56,False
716,NQ,Mon,11:30,In-Sample,2025-04-14T15:50:07.536067,2025-04-14 11:50:07,SHORT,18817.75,5.0,True,37.56,False
716,NQ,Mon,11:30,In-Sample,2025-04-14T15:50:07.536067,2025-04-14 11:50:07,SHORT,18817.75,295.0,True,37.56,False
716,NQ,Mon,11:30,In-Sample,2025-04-14T15:50:07.536067,2025-04-14 11:50:07,SHORT,18817.75,800.0,True,37.56,False
716,NQ,Mon,11:30,In-Sample,2025-04-14T15:51:26.605487,2025-04-14 11:51:26,LONG,18808.25,100.0,True,37.56,False
716,NQ,Mon,11:30,In-Sample,2025-04-14T15:51:26.605487,2025-04-14 11:51:26,LONG,18808.25,200.0,True,37.56,False
716,NQ,Mon,11:30,In-Sample,2025-04-14T15:51:26.605487,2025-04-14 11:51:26,LONG,18808.25,5.0,True,37.56,False
716,NQ,Mon,11:30,In-Sample,2025-04-14T15:56:17.121575,2025-04-14 11:56:17,LONG,18875.5,-1245.0,True,37.56,False
716,NQ,Mon,11:30,In-Sample,2025-04-14T15:56:17.124962,2025-04-14 11:56:17,LONG,18875.0,-600.0,True,37.56,False
716,NQ,Mon,11:30,In-Sample,2025-04-14T15:57:20.206023,2025-04-14 11:57:20,LONG,18879.0,-3135.0,True,37.56,False
716,NQ,Mon,11:30,In-Sample,2025-04-14T15:57:36.369379,2025-04-14 11:57:36,SHORT,18878.75,100.0,True,37.56,False
716,NQ,Mon,11:30,In-Sample,2025-04-14T15:57:36.369379,2025-04-14 11:57:36,SHORT,18878.75,200.0,True,37.56,False
716,NQ,Mon,11:30,In-Sample,2025-04-14T15:57:36.369379,2025-04-14 11:57:36,SHORT,18878.75,435.0,True,37.56,False
716,NQ,Mon,11:30,In-Sample,2025-04-14T15:58:10.660690,2025-04-14 11:58:10,SHORT,18858.5,460.0,True,37.56,False
716,NQ,Mon,11:30,In-Sample,2025-04-14T15:58:10.660690,2025-04-14 11:58:10,SHORT,18858.5,1140.0,True,37.56,False
716,NQ,Mon,11:30,In-Sample,2025-04-14T15:58:45.018715,2025-04-14 11:58:45,SHORT,18847.5,310.0,True,37.56,False
716,NQ,Mon,11:30,In-Sample,2025-04-14T15:58:45.018715,2025-04-14 11:58:45,SHORT,18847.5,620.0,True,37.56,False
716,NQ,Mon,11:30,In-Sample,2025-04-14T15:58:45.018715,2025-04-14 11:58:45,SHORT,18847.5,540.0,True,37.56,False
716,NQ,Mon,11:30,In-Sample,2025-04-14T15:58:45.018910,2025-04-14 11:58:45,SHORT,18847.5,-540.0,True,37.56,False
716,NQ,Mon,11:30,In-Sample,2025-04-14T15:59:11.043083,2025-04-14 11:59:11,SHORT,18846.0,-495.0,True,37.56,False
716,NQ,Mon,11:30,In-Sample,2025-04-14T15:59:49.952208,2025-04-14 11:59:49,SHORT,18829.5,305.0,True,37.56,False
716,NQ,Mon,11:30,In-Sample,2025-04-14T15:59:49.952208,2025-04-14 11:59:49,SHORT,18829.5,250.0,True,37.56,False
716,NQ,Mon,11:30,In-Sample,2025-04-14T15:59:58.010196,2025-04-14 11:59:58,SHORT,18829.5,30.0,True,37.56,False
716,NQ,Mon,11:30,In-Sample,2025-04-21T15:30:21.821984,2025-04-21 11:30:21,SHORT,17857.5,0.0,True,29.65,False
716,NQ,Mon,11:30,In-Sample,2025-04-21T15:30:21.821984,2025-04-21 11:30:21,SHORT,17857.5,-215.0,True,29.65,False
716,NQ,Mon,11:30,In-Sample,2025-04-21T15:30:29.175860,2025-04-21 11:30:29,LONG,17879.25,-1440.0,True,29.65,False
716,NQ,Mon,11:30,In-Sample,2025-04-21T15:30:29.247509,2025-04-21 11:30:29,LONG,17872.25,-1020.0,True,29.65,False
716,NQ,Mon,11:30,In-Sample,2025-04-21T15:30:30.505947,2025-04-21 11:30:30,SHORT,17867.0,-50.0,True,29.65,False
716,NQ,Mon,11:30,In-Sample,2025-04-21T15:30:30.505947,2025-04-21 11:30:30,SHORT,17867.0,710.0,True,29.65,False
716,NQ,Mon,11:30,In-Sample,2025-04-21T15:31:13.670825,2025-04-21 11:31:13,SHORT,17852.75,365.0,True,29.65,False
716,NQ,Mon,11:30,In-Sample,2025-04-21T15:31:13.670825,2025-04-21 11:31:13,SHORT,17852.75,230.0,True,29.65,False
716,NQ,Mon,11:30,In-Sample,2025-04-21T15:31:13.671284,2025-04-21 11:31:13,SHORT,17855.25,785.0,True,29.65,False
716,NQ,Mon,11:30,In-Sample,2025-04-21T15:31:13.671284,2025-04-21 11:31:13,SHORT,17855.25,1105.0,True,29.65,False
716,NQ,Mon,11:30,In-Sample,2025-04-21T15:31:13.671284,2025-04-21 11:31:13,SHORT,17855.25,1065.0,True,29.65,False
716,NQ,Mon,11:30,In-Sample,2025-04-21T15:31:13.819450,2025-04-21 11:31:13,SHORT,17855.25,785.0,True,29.65,False
716,NQ,Mon,11:30,In-Sample,2025-04-21T15:31:13.819450,2025-04-21 11:31:13,SHORT,17855.25,600.0,True,29.65,False
716,NQ,Mon,11:30,In-Sample,2025-04-21T15:31:13.819542,2025-04-21 11:31:13,SHORT,17855.25,780.0,True,29.65,False
716,NQ,Mon,11:30,In-Sample,2025-04-21T15:31:13.819542,2025-04-21 11:31:13,SHORT,17855.25,1100.0,True,29.65,False
716,NQ,Mon,11:30,In-Sample,2025-04-21T15:31:13.819542,2025-04-21 11:31:13,SHORT,17855.25,1065.0,True,29.65,False
716,NQ,Mon,11:30,In-Sample,2025-04-21T15:31:13.819603,2025-04-21 11:31:13,SHORT,17855.25,780.0,True,29.65,False
716,NQ,Mon,11:30,In-Sample,2025-04-21T15:31:13.819603,2025-04-21 11:31:13,SHORT,17855.25,630.0,True,29.65,False
716,NQ,Mon,11:30,In-Sample,2025-04-21T15:31:13.819669,2025-04-21 11:31:13,SHORT,17855.25,785.0,True,29.65,False
716,NQ,Mon,11:30,In-Sample,2025-04-21T15:31:13.819669,2025-04-21 11:31:13,SHORT,17855.25,600.0,True,29.65,False
716,NQ,Mon,11:30,In-Sample,2025-04-21T15:31:33.018980,2025-04-21 11:31:33,SHORT,17850.5,240.0,True,29.65,False
716,NQ,Mon,11:30,In-Sample,2025-04-21T15:31:33.018980,2025-04-21 11:31:33,SHORT,17850.5,10.0,True,29.65,False
716,NQ,Mon,11:30,In-Sample,2025-04-21T15:31:33.218424,2025-04-21 11:31:33,SHORT,17850.5,-60.0,True,29.65,False
716,NQ,Mon,11:30,In-Sample,2025-04-21T15:33:19.114604,2025-04-21 11:33:19,SHORT,17841.0,360.0,True,29.65,False
716,NQ,Mon,11:30,In-Sample,2025-04-21T15:33:19.114604,2025-04-21 11:33:19,SHORT,17841.0,720.0,True,29.65,False
716,NQ,Mon,11:30,In-Sample,2025-04-21T15:33:19.114604,2025-04-21 11:33:19,SHORT,17841.0,730.0,True,29.65,False
716,NQ,Mon,11:30,In-Sample,2025-04-21T15:33:36.670208,2025-04-21 11:33:36,LONG,17844.25,100.0,True,29.65,False
716,NQ,Mon,11:30,In-Sample,2025-04-21T15:33:36.670208,2025-04-21 11:33:36,LONG,17844.25,-210.0,True,29.65,False
716,NQ,Mon,11:30,In-Sample,2025-04-21T15:34:35.109936,2025-04-21 11:34:35,LONG,17839.25,-180.0,True,29.65,False
716,NQ,Mon,11:30,In-Sample,2025-04-21T15:36:08.747639,2025-04-21 11:36:08,LONG,17847.0,-1050.0,True,29.65,False
716,NQ,Mon,11:30,In-Sample,2025-04-21T15:36:08.747856,2025-04-21 11:36:08,LONG,17847.0,-1050.0,True,29.65,False
716,NQ,Mon,11:30,In-Sample,2025-04-21T15:37:02.911183,2025-04-21 11:37:02,SHORT,17834.0,-555.0,True,29.65,False
716,NQ,Mon,11:30,In-Sample,2025-04-21T15:39:18.365492,2025-04-21 11:39:18,SHORT,17836.0,235.0,True,29.65,False
716,NQ,Mon,11:30,In-Sample,2025-04-21T15:39:18.365492,2025-04-21 11:39:18,SHORT,17836.0,470.0,True,29.65,False
716,NQ,Mon,11:30,In-Sample,2025-04-21T15:39:18.365492,2025-04-21 11:39:18,SHORT,17836.0,320.0,True,29.65,False
716,NQ,Mon,11:30,In-Sample,2025-04-21T15:39:18.504311,2025-04-21 11:39:18,SHORT,17836.0,-375.0,True,29.65,False
716,NQ,Mon,11:30,In-Sample,2025-04-21T15:39:18.504519,2025-04-21 11:39:18,SHORT,17836.0,345.0,True,29.65,False
716,NQ,Mon,11:30,In-Sample,2025-04-21T15:39:18.504519,2025-04-21 11:39:18,SHORT,17836.0,695.0,True,29.65,False
716,NQ,Mon,11:30,In-Sample,2025-04-21T15:39:18.504519,2025-04-21 11:39:18,SHORT,17836.0,605.0,True,29.65,False
716,NQ,Mon,11:30,In-Sample,2025-04-21T15:43:48.804076,2025-04-21 11:43:48,SHORT,17835.25,150.0,True,29.65,False
716,NQ,Mon,11:30,In-Sample,2025-04-21T15:43:48.804076,2025-04-21 11:43:48,SHORT,17835.25,665.0,True,29.65,False
716,NQ,Mon,11:30,In-Sample,2025-04-21T15:43:48.804076,2025-04-21 11:43:48,SHORT,17835.25,725.0,True,29.65,False
716,NQ,Mon,11:30,In-Sample,2025-04-21T15:43:57.897488,2025-04-21 11:43:57,SHORT,17832.0,-510.0,True,29.65,False
716,NQ,Mon,11:30,In-Sample,2025-04-21T15:43:57.972935,2025-04-21 11:43:57,SHORT,17832.0,-765.0,True,29.65,False
716,NQ,Mon,11:30,In-Sample,2025-04-21T15:43:57.973052,2025-04-21 11:43:57,SHORT,17832.0,-510.0,True,29.65,False
716,NQ,Mon,11:30,In-Sample,2025-04-21T15:43:58.150363,2025-04-21 11:43:58,SHORT,17832.25,-750.0,True,29.65,False
716,NQ,Mon,11:30,In-Sample,2025-04-21T15:43:58.150529,2025-04-21 11:43:58,SHORT,17832.25,-500.0,True,29.65,False
716,NQ,Mon,11:30,In-Sample,2025-04-21T15:44:00.066690,2025-04-21 11:44:00,SHORT,17826.25,235.0,True,29.65,False
716,NQ,Mon,11:30,In-Sample,2025-04-21T15:44:00.066690,2025-04-21 11:44:00,SHORT,17826.25,475.0,True,29.65,False
716,NQ,Mon,11:30,In-Sample,2025-04-21T15:44:00.066690,2025-04-21 11:44:00,SHORT,17826.25,425.0,True,29.65,False
716,NQ,Mon,11:30,In-Sample,2025-04-21T15:44:06.709560,2025-04-21 11:44:06,LONG,17822.5,-270.0,True,29.65,False
716,NQ,Mon,11:30,In-Sample,2025-04-21T15:44:23.049070,2025-04-21 11:44:23,LONG,17821.0,-345.0,True,29.65,False
716,NQ,Mon,11:30,In-Sample,2025-04-21T15:47:29.127660,2025-04-21 11:47:29,SHORT,17807.75,310.0,True,29.65,False
716,NQ,Mon,11:30,In-Sample,2025-04-21T15:47:29.127660,2025-04-21 11:47:29,SHORT,17807.75,-230.0,True,29.65,False
716,NQ,Mon,11:30,In-Sample,2025-04-21T15:47:34.549793,2025-04-21 11:47:34,LONG,17808.0,-210.0,True,29.65,False
716,NQ,Mon,11:30,In-Sample,2025-04-21T15:48:08.792852,2025-04-21 11:48:08,SHORT,17806.25,210.0,True,29.65,False
716,NQ,Mon,11:30,In-Sample,2025-04-21T15:48:08.792852,2025-04-21 11:48:08,SHORT,17806.25,10.0,True,29.65,False
716,NQ,Mon,11:30,In-Sample,2025-04-21T15:49:14.438753,2025-04-21 11:49:14,LONG,17806.5,-705.0,True,29.65,False
716,NQ,Mon,11:30,In-Sample,2025-04-21T15:49:14.438965,2025-04-21 11:49:14,LONG,17806.5,-705.0,True,29.65,False
716,NQ,Mon,11:30,In-Sample,2025-04-21T15:51:45.852183,2025-04-21 11:51:45,SHORT,17798.5,-615.0,True,29.65,False
716,NQ,Mon,11:30,In-Sample,2025-04-21T15:51:45.992077,2025-04-21 11:51:45,SHORT,17798.5,-195.0,True,29.65,False
716,NQ,Mon,11:30,In-Sample,2025-04-21T15:51:46.139532,2025-04-21 11:51:46,SHORT,17798.5,-840.0,True,29.65,False
716,NQ,Mon,11:30,In-Sample,2025-04-21T15:52:19.137034,2025-04-21 11:52:19,SHORT,17794.5,5.0,True,29.65,False
716,NQ,Mon,11:30,In-Sample,2025-04-21T15:52:19.137034,2025-04-21 11:52:19,SHORT,17794.5,-1290.0,True,29.65,False
716,NQ,Mon,11:30,In-Sample,2025-04-21T15:52:19.137197,2025-04-21 11:52:19,SHORT,17794.5,-1965.0,True,29.65,False
716,NQ,Mon,11:30,In-Sample,2025-04-21T15:53:02.821075,2025-04-21 11:53:02,LONG,17806.25,-915.0,True,29.65,False
716,NQ,Mon,11:30,In-Sample,2025-04-21T15:53:03.008889,2025-04-21 11:53:03,LONG,17805.75,-885.0,True,29.65,False
716,NQ,Mon,11:30,In-Sample,2025-04-21T15:54:14.537957,2025-04-21 11:54:14,SHORT,17793.75,-210.0,True,29.65,False
716,NQ,Mon,11:30,In-Sample,2025-04-21T15:54:14.537957,2025-04-21 11:54:14,SHORT,17793.75,55.0,True,29.65,False
716,NQ,Mon,11:30,In-Sample,2025-04-21T15:55:09.375203,2025-04-21 11:55:09,SHORT,17791.5,-645.0,True,29.65,False
716,NQ,Mon,11:30,In-Sample,2025-04-21T15:55:09.633904,2025-04-21 11:55:09,SHORT,17789.75,-525.0,True,29.65,False
716,NQ,Mon,11:30,In-Sample,2025-04-21T15:55:09.905617,2025-04-21 11:55:09,SHORT,17790.0,-40.0,True,29.65,False
716,NQ,Mon,11:30,In-Sample,2025-04-21T15:55:09.905617,2025-04-21 11:55:09,SHORT,17790.0,-285.0,True,29.65,False
716,NQ,Mon,11:30,In-Sample,2025-04-21T15:56:00.415752,2025-04-21 11:56:00,LONG,17800.25,295.0,True,29.65,False
716,NQ,Mon,11:30,In-Sample,2025-04-21T15:56:00.415752,2025-04-21 11:56:00,LONG,17800.25,520.0,True,29.65,False
716,NQ,Mon,11:30,In-Sample,2025-04-21T15:56:00.580281,2025-04-21 11:56:00,LONG,17800.25,295.0,True,29.65,False
716,NQ,Mon,11:30,In-Sample,2025-04-21T15:56:00.580281,2025-04-21 11:56:00,LONG,17800.25,520.0,True,29.65,False
716,NQ,Mon,11:30,In-Sample,2025-04-21T15:58:01.883113,2025-04-21 11:58:01,LONG,17804.25,-340.0,True,29.65,False
716,NQ,Mon,11:30,In-Sample,2025-04-21T15:59:22.565989,2025-04-21 11:59:22,SHORT,17795.75,25.0,True,29.65,False
716,NQ,Mon,11:30,In-Sample,2025-04-21T15:59:23.408456,2025-04-21 11:59:23,SHORT,17794.25,-25.0,True,29.65,False
716,NQ,Mon,11:30,In-Sample,2025-04-21T15:59:23.408456,2025-04-21 11:59:23,SHORT,17794.25,-540.0,True,29.65,False
716,NQ,Mon,11:30,In-Sample,2025-04-28T15:33:20.608637,2025-04-28 11:33:20,LONG,19351.5,-885.0,True,24.84,False
716,NQ,Mon,11:30,In-Sample,2025-04-28T15:33:27.877195,2025-04-28 11:33:27,SHORT,19343.5,-570.0,True,24.84,False
716,NQ,Mon,11:30,In-Sample,2025-04-28T15:34:21.789590,2025-04-28 11:34:21,SHORT,19335.5,-1245.0,True,24.84,False
716,NQ,Mon,11:30,In-Sample,2025-04-28T15:34:48.474302,2025-04-28 11:34:48,SHORT,19332.75,-1005.0,True,24.84,False
716,NQ,Mon,11:30,In-Sample,2025-04-28T15:34:48.684041,2025-04-28 11:34:48,SHORT,19332.25,-600.0,True,24.84,False
716,NQ,Mon,11:30,In-Sample,2025-04-28T15:35:14.573605,2025-04-28 11:35:14,SHORT,19331.5,-120.0,True,24.84,False
716,NQ,Mon,11:30,In-Sample,2025-04-28T15:35:35.730937,2025-04-28 11:35:35,SHORT,19328.5,-1010.0,True,24.84,False
716,NQ,Mon,11:30,In-Sample,2025-04-28T15:36:38.467881,2025-04-28 11:36:38,LONG,19357.75,240.0,True,24.84,False
716,NQ,Mon,11:30,In-Sample,2025-04-28T15:36:38.467881,2025-04-28 11:36:38,LONG,19357.75,180.0,True,24.84,False
716,NQ,Mon,11:30,In-Sample,2025-04-28T15:36:38.627449,2025-04-28 11:36:38,LONG,19358.5,240.0,True,24.84,False
716,NQ,Mon,11:30,In-Sample,2025-04-28T15:36:38.627449,2025-04-28 11:36:38,LONG,19358.5,20.0,True,24.84,False
716,NQ,Mon,11:30,In-Sample,2025-04-28T15:39:51.449683,2025-04-28 11:39:51,LONG,19371.0,285.0,True,24.84,False
716,NQ,Mon,11:30,In-Sample,2025-04-28T15:39:51.449683,2025-04-28 11:39:51,LONG,19371.0,10.0,True,24.84,False
716,NQ,Mon,11:30,In-Sample,2025-04-28T15:40:01.626104,2025-04-28 11:40:01,LONG,19375.25,220.0,True,24.84,False
716,NQ,Mon,11:30,In-Sample,2025-04-28T15:40:01.626104,2025-04-28 11:40:01,LONG,19375.25,110.0,True,24.84,False
716,NQ,Mon,11:30,In-Sample,2025-04-28T15:40:01.626329,2025-04-28 11:40:01,LONG,19375.25,220.0,True,24.84,False
716,NQ,Mon,11:30,In-Sample,2025-04-28T15:40:01.626329,2025-04-28 11:40:01,LONG,19375.25,10.0,True,24.84,False
716,NQ,Mon,11:30,In-Sample,2025-04-28T15:43:55.737132,2025-04-28 11:43:55,SHORT,19372.5,315.0,True,24.84,False
716,NQ,Mon,11:30,In-Sample,2025-04-28T15:43:55.737132,2025-04-28 11:43:55,SHORT,19372.5,635.0,True,24.84,False
716,NQ,Mon,11:30,In-Sample,2025-04-28T15:43:55.737132,2025-04-28 11:43:55,SHORT,19372.5,445.0,True,24.84,False
716,NQ,Mon,11:30,In-Sample,2025-04-28T15:44:20.215719,2025-04-28 11:44:20,SHORT,19368.25,310.0,True,24.84,False
716,NQ,Mon,11:30,In-Sample,2025-04-28T15:44:20.215719,2025-04-28 11:44:20,SHORT,19368.25,165.0,True,24.84,False
716,NQ,Mon,11:30,In-Sample,2025-04-28T15:44:24.408390,2025-04-28 11:44:24,SHORT,19366.5,200.0,True,24.84,False
716,NQ,Mon,11:30,In-Sample,2025-04-28T15:44:24.408390,2025-04-28 11:44:24,SHORT,19366.5,230.0,True,24.84,False
716,NQ,Mon,11:30,In-Sample,2025-04-28T15:44:24.409110,2025-04-28 11:44:24,SHORT,19366.5,200.0,True,24.84,False
716,NQ,Mon,11:30,In-Sample,2025-04-28T15:44:24.409110,2025-04-28 11:44:24,SHORT,19366.5,400.0,True,24.84,False
716,NQ,Mon,11:30,In-Sample,2025-04-28T15:44:24.409110,2025-04-28 11:44:24,SHORT,19366.5,260.0,True,24.84,False
716,NQ,Mon,11:30,In-Sample,2025-04-28T15:45:30.636675,2025-04-28 11:45:30,SHORT,19350.75,285.0,True,24.84,False
716,NQ,Mon,11:30,In-Sample,2025-04-28T15:45:30.636675,2025-04-28 11:45:30,SHORT,19350.75,10.0,True,24.84,False
716,NQ,Mon,11:30,In-Sample,2025-04-28T15:45:33.659041,2025-04-28 11:45:33,SHORT,19349.5,-270.0,True,24.84,False
716,NQ,Mon,11:30,In-Sample,2025-04-28T15:48:31.293866,2025-04-28 11:48:31,SHORT,19343.5,-330.0,True,24.84,False
716,NQ,Mon,11:30,In-Sample,2025-04-28T15:48:31.294035,2025-04-28 11:48:31,SHORT,19343.5,220.0,True,24.84,False
716,NQ,Mon,11:30,In-Sample,2025-04-28T15:48:31.294035,2025-04-28 11:48:31,SHORT,19343.5,10.0,True,24.84,False
716,NQ,Mon,11:30,In-Sample,2025-04-28T15:50:21.712511,2025-04-28 11:50:21,SHORT,19336.0,-1065.0,True,24.84,False
716,NQ,Mon,11:30,In-Sample,2025-04-28T15:52:48.323534,2025-04-28 11:52:48,LONG,19368.5,225.0,True,24.84,False
716,NQ,Mon,11:30,In-Sample,2025-04-28T15:52:48.323534,2025-04-28 11:52:48,LONG,19368.5,0.0,True,24.84,False
716,NQ,Mon,11:30,In-Sample,2025-04-28T15:52:48.324044,2025-04-28 11:52:48,LONG,19368.0,225.0,True,24.84,False
716,NQ,Mon,11:30,In-Sample,2025-04-28T15:52:48.324044,2025-04-28 11:52:48,LONG,19368.0,250.0,True,24.84,False
716,NQ,Mon,11:30,In-Sample,2025-04-28T15:53:06.559619,2025-04-28 11:53:06,LONG,19376.25,-1650.0,True,24.84,False
716,NQ,Mon,11:30,In-Sample,2025-04-28T15:54:55.439015,2025-04-28 11:54:55,SHORT,19352.25,-450.0,True,24.84,False
716,NQ,Mon,11:30,In-Sample,2025-04-28T15:54:55.719650,2025-04-28 11:54:55,SHORT,19352.25,-1185.0,True,24.84,False
716,NQ,Mon,11:30,In-Sample,2025-04-28T15:56:30.315282,2025-04-28 11:56:30,SHORT,19348.75,45.0,True,24.84,False
716,NQ,Mon,11:30,In-Sample,2025-04-28T15:56:59.503199,2025-04-28 11:56:59,LONG,19344.75,-165.0,True,24.84,False
716,NQ,Mon,11:30,In-Sample,2025-04-28T15:57:11.287854,2025-04-28 11:57:11,SHORT,19341.5,-720.0,True,24.84,False
716,NQ,Mon,11:30,In-Sample,2025-04-28T15:57:11.287967,2025-04-28 11:57:11,SHORT,19341.25,-150.0,True,24.84,False
716,NQ,Mon,11:30,In-Sample,2025-05-05T15:32:29.690316,2025-05-05 11:32:29,SHORT,20086.5,280.0,True,22.68,False
716,NQ,Mon,11:30,In-Sample,2025-05-05T15:32:29.690316,2025-05-05 11:32:29,SHORT,20086.5,-620.0,True,22.68,False
716,NQ,Mon,11:30,In-Sample,2025-05-05T15:32:31.255807,2025-05-05 11:32:31,SHORT,20083.75,270.0,True,22.68,False
716,NQ,Mon,11:30,In-Sample,2025-05-05T15:32:31.255807,2025-05-05 11:32:31,SHORT,20083.75,30.0,True,22.68,False
716,NQ,Mon,11:30,In-Sample,2025-05-05T15:32:31.255958,2025-05-05 11:32:31,SHORT,20083.75,80.0,True,22.68,False
716,NQ,Mon,11:30,In-Sample,2025-05-05T15:32:31.255958,2025-05-05 11:32:31,SHORT,20083.75,0.0,True,22.68,False
716,NQ,Mon,11:30,In-Sample,2025-05-05T15:35:20.532377,2025-05-05 11:35:20,SHORT,20077.75,-495.0,True,22.68,False
716,NQ,Mon,11:30,In-Sample,2025-05-05T15:35:20.784525,2025-05-05 11:35:20,SHORT,20077.75,190.0,True,22.68,False
716,NQ,Mon,11:30,In-Sample,2025-05-05T15:35:20.784525,2025-05-05 11:35:20,SHORT,20077.75,10.0,True,22.68,False
716,NQ,Mon,11:30,In-Sample,2025-05-05T15:38:17.931522,2025-05-05 11:38:17,SHORT,20068.5,-435.0,True,22.68,False
716,NQ,Mon,11:30,In-Sample,2025-05-05T15:42:37.956430,2025-05-05 11:42:37,SHORT,20073.75,-915.0,True,22.68,False
716,NQ,Mon,11:30,In-Sample,2025-05-05T15:42:38.213646,2025-05-05 11:42:38,SHORT,20074.0,-600.0,True,22.68,False
716,NQ,Mon,11:30,In-Sample,2025-05-05T15:48:59.776190,2025-05-05 11:48:59,SHORT,20076.75,-180.0,True,22.68,False
716,NQ,Mon,11:30,In-Sample,2025-05-05T15:49:00.076667,2025-05-05 11:49:00,SHORT,20075.75,-825.0,True,22.68,False
716,NQ,Mon,11:30,In-Sample,2025-05-05T15:49:01.746695,2025-05-05 11:49:01,SHORT,20071.0,-1090.0,True,22.68,False
716,NQ,Mon,11:30,In-Sample,2025-05-05T15:54:18.323220,2025-05-05 11:54:18,LONG,20104.75,175.0,True,22.68,False
716,NQ,Mon,11:30,In-Sample,2025-05-05T15:54:18.323220,2025-05-05 11:54:18,LONG,20104.75,10.0,True,22.68,False
716,NQ,Mon,11:30,In-Sample,2025-05-05T15:57:29.936952,2025-05-05 11:57:29,SHORT,20095.75,-675.0,True,22.68,False
716,NQ,Mon,11:30,In-Sample,2025-05-05T15:57:30.008641,2025-05-05 11:57:30,SHORT,20095.75,-450.0,True,22.68,False
716,NQ,Mon,11:30,In-Sample,2025-05-12T15:32:35.435118,2025-05-12 11:32:35,LONG,20800.25,-1545.0,True,21.9,False
716,NQ,Mon,11:30,In-Sample,2025-05-12T15:32:35.464528,2025-05-12 11:32:35,LONG,20800.25,85.0,True,21.9,False
716,NQ,Mon,11:30,In-Sample,2025-05-12T15:32:35.464528,2025-05-12 11:32:35,LONG,20800.25,20.0,True,21.9,False
716,NQ,Mon,11:30,In-Sample,2025-05-12T15:32:35.464722,2025-05-12 11:32:35,LONG,20799.75,-2265.0,True,21.9,False
716,NQ,Mon,11:30,In-Sample,2025-05-12T15:33:37.850228,2025-05-12 11:33:37,SHORT,20789.0,-435.0,True,21.9,False
716,NQ,Mon,11:30,In-Sample,2025-05-12T15:33:40.298600,2025-05-12 11:33:40,SHORT,20790.5,-885.0,True,21.9,False
716,NQ,Mon,11:30,In-Sample,2025-05-12T15:33:40.346472,2025-05-12 11:33:40,SHORT,20790.5,-480.0,True,21.9,False
716,NQ,Mon,11:30,In-Sample,2025-05-12T15:35:36.409797,2025-05-12 11:35:36,LONG,20801.0,75.0,True,21.9,False
716,NQ,Mon,11:30,In-Sample,2025-05-12T15:35:36.409797,2025-05-12 11:35:36,LONG,20801.0,10.0,True,21.9,False
716,NQ,Mon,11:30,In-Sample,2025-05-12T15:39:20.252768,2025-05-12 11:39:20,SHORT,20798.5,215.0,True,21.9,False
716,NQ,Mon,11:30,In-Sample,2025-05-12T15:39:20.252768,2025-05-12 11:39:20,SHORT,20798.5,430.0,True,21.9,False
716,NQ,Mon,11:30,In-Sample,2025-05-12T15:39:20.252768,2025-05-12 11:39:20,SHORT,20798.5,300.0,True,21.9,False
716,NQ,Mon,11:30,In-Sample,2025-05-12T15:39:20.292036,2025-05-12 11:39:20,SHORT,20798.5,215.0,True,21.9,False
716,NQ,Mon,11:30,In-Sample,2025-05-12T15:39:20.292036,2025-05-12 11:39:20,SHORT,20798.5,430.0,True,21.9,False
716,NQ,Mon,11:30,In-Sample,2025-05-12T15:39:20.292036,2025-05-12 11:39:20,SHORT,20798.5,305.0,True,21.9,False
716,NQ,Mon,11:30,In-Sample,2025-05-12T15:39:21.866608,2025-05-12 11:39:21,SHORT,20792.75,75.0,True,21.9,False
716,NQ,Mon,11:30,In-Sample,2025-05-12T15:39:21.866608,2025-05-12 11:39:21,SHORT,20792.75,150.0,True,21.9,False
716,NQ,Mon,11:30,In-Sample,2025-05-12T15:39:21.866608,2025-05-12 11:39:21,SHORT,20792.75,175.0,True,21.9,False
716,NQ,Mon,11:30,In-Sample,2025-05-12T15:39:35.000441,2025-05-12 11:39:35,SHORT,20773.0,-480.0,True,21.9,False
716,NQ,Mon,11:30,In-Sample,2025-05-12T15:40:16.207078,2025-05-12 11:40:16,SHORT,20773.25,-1125.0,True,21.9,False
716,NQ,Mon,11:30,In-Sample,2025-05-12T15:40:16.207350,2025-05-12 11:40:16,SHORT,20773.25,-390.0,True,21.9,False
716,NQ,Mon,11:30,In-Sample,2025-05-12T15:40:16.266352,2025-05-12 11:40:16,SHORT,20773.0,225.0,True,21.9,False
716,NQ,Mon,11:30,In-Sample,2025-05-12T15:40:16.266352,2025-05-12 11:40:16,SHORT,20773.0,-20.0,True,21.9,False
716,NQ,Mon,11:30,In-Sample,2025-05-12T15:40:16.654372,2025-05-12 11:40:16,SHORT,20771.0,-240.0,True,21.9,False
716,NQ,Mon,11:30,In-Sample,2025-05-12T15:41:03.697234,2025-05-12 11:41:03,SHORT,20766.5,-345.0,True,21.9,False
716,NQ,Mon,11:30,In-Sample,2025-05-12T15:46:09.350247,2025-05-12 11:46:09,LONG,20790.0,-1650.0,True,21.9,False
716,NQ,Mon,11:30,In-Sample,2025-05-12T15:50:18.464455,2025-05-12 11:50:18,SHORT,20780.25,220.0,True,21.9,False
716,NQ,Mon,11:30,In-Sample,2025-05-12T15:50:18.464455,2025-05-12 11:50:18,SHORT,20780.25,440.0,True,21.9,False
716,NQ,Mon,11:30,In-Sample,2025-05-12T15:50:18.464455,2025-05-12 11:50:18,SHORT,20780.25,240.0,True,21.9,False
716,NQ,Mon,11:30,In-Sample,2025-05-12T15:50:18.527975,2025-05-12 11:50:18,SHORT,20780.75,-180.0,True,21.9,False
716,NQ,Mon,11:30,In-Sample,2025-05-12T15:51:15.419705,2025-05-12 11:51:15,SHORT,20769.25,220.0,True,21.9,False
716,NQ,Mon,11:30,In-Sample,2025-05-12T15:51:15.419705,2025-05-12 11:51:15,SHORT,20769.25,30.0,True,21.9,False
716,NQ,Mon,11:30,In-Sample,2025-05-12T15:51:39.386351,2025-05-12 11:51:39,SHORT,20761.25,-1590.0,True,21.9,False
716,NQ,Mon,11:30,In-Sample,2025-05-12T15:51:42.380822,2025-05-12 11:51:42,LONG,20763.0,100.0,True,21.9,False
716,NQ,Mon,11:30,In-Sample,2025-05-12T15:51:42.380822,2025-05-12 11:51:42,LONG,20763.0,200.0,True,21.9,False
716,NQ,Mon,11:30,In-Sample,2025-05-12T15:51:42.380822,2025-05-12 11:51:42,LONG,20763.0,60.0,True,21.9,False
716,NQ,Mon,11:30,In-Sample,2025-05-12T15:52:30.228157,2025-05-12 11:52:30,LONG,20774.75,-285.0,True,21.9,False
716,NQ,Mon,11:30,In-Sample,2025-05-12T15:55:20.948116,2025-05-12 11:55:20,LONG,20786.25,-465.0,True,21.9,False
716,NQ,Mon,11:30,In-Sample,2025-05-12T15:57:17.519587,2025-05-12 11:57:17,SHORT,20769.5,225.0,True,21.9,False
716,NQ,Mon,11:30,In-Sample,2025-05-12T15:57:17.519587,2025-05-12 11:57:17,SHORT,20769.5,10.0,True,21.9,False
716,NQ,Mon,11:30,In-Sample,2025-05-12T15:57:17.744434,2025-05-12 11:57:17,SHORT,20769.5,-60.0,True,21.9,False
716,NQ,Mon,11:30,In-Sample,2025-05-12T15:59:17.079438,2025-05-12 11:59:17,SHORT,20760.5,-330.0,True,21.9,False
716,NQ,Mon,11:30,In-Sample,2025-05-19T15:30:12.574320,2025-05-19 11:30:12,LONG,21412.0,75.0,True,17.24,True
716,NQ,Mon,11:30,In-Sample,2025-05-19T15:30:12.574320,2025-05-19 11:30:12,LONG,21412.0,10.0,True,17.24,True
716,NQ,Mon,11:30,In-Sample,2025-05-19T15:38:11.853680,2025-05-19 11:38:11,LONG,21440.25,75.0,True,17.24,True
716,NQ,Mon,11:30,In-Sample,2025-05-19T15:38:11.853680,2025-05-19 11:38:11,LONG,21440.25,150.0,True,17.24,True
716,NQ,Mon,11:30,In-Sample,2025-05-19T15:38:11.853680,2025-05-19 11:38:11,LONG,21440.25,455.0,True,17.24,True
716,NQ,Mon,11:30,In-Sample,2025-05-19T15:38:22.202478,2025-05-19 11:38:22,LONG,21443.25,185.0,True,17.24,True
716,NQ,Mon,11:30,In-Sample,2025-05-19T15:38:22.202478,2025-05-19 11:38:22,LONG,21443.25,565.0,True,17.24,True
716,NQ,Mon,11:30,In-Sample,2025-05-19T15:38:22.202478,2025-05-19 11:38:22,LONG,21443.25,425.0,True,17.24,True
716,NQ,Mon,11:30,In-Sample,2025-05-19T15:38:22.479643,2025-05-19 11:38:22,LONG,21443.25,185.0,True,17.24,True
716,NQ,Mon,11:30,In-Sample,2025-05-19T15:38:22.479643,2025-05-19 11:38:22,LONG,21443.25,565.0,True,17.24,True
716,NQ,Mon,11:30,In-Sample,2025-05-19T15:38:22.479643,2025-05-19 11:38:22,LONG,21443.25,425.0,True,17.24,True
716,NQ,Mon,11:30,In-Sample,2025-05-19T15:39:56.911703,2025-05-19 11:39:56,SHORT,21448.25,-375.0,True,17.24,True
716,NQ,Mon,11:30,In-Sample,2025-05-19T15:40:04.331394,2025-05-19 11:40:04,LONG,21455.25,70.0,True,17.24,True
716,NQ,Mon,11:30,In-Sample,2025-05-19T15:40:04.331394,2025-05-19 11:40:04,LONG,21455.25,0.0,True,17.24,True
716,NQ,Mon,11:30,In-Sample,2025-05-19T15:40:04.331549,2025-05-19 11:40:04,LONG,21455.25,-1425.0,True,17.24,True
716,NQ,Mon,11:30,In-Sample,2025-05-19T15:40:17.628795,2025-05-19 11:40:17,LONG,21467.25,-945.0,True,17.24,True
716,NQ,Mon,11:30,In-Sample,2025-05-19T15:40:51.774860,2025-05-19 11:40:51,SHORT,21464.5,185.0,True,17.24,True
716,NQ,Mon,11:30,In-Sample,2025-05-19T15:40:51.774860,2025-05-19 11:40:51,SHORT,21464.5,365.0,True,17.24,True
716,NQ,Mon,11:30,In-Sample,2025-05-19T15:40:51.774860,2025-05-19 11:40:51,SHORT,21464.5,235.0,True,17.24,True
716,NQ,Mon,11:30,In-Sample,2025-05-19T15:40:51.973051,2025-05-19 11:40:51,SHORT,21464.75,-255.0,True,17.24,True
716,NQ,Mon,11:30,In-Sample,2025-05-19T15:40:57.590130,2025-05-19 11:40:57,SHORT,21459.75,-30.0,True,17.24,True
716,NQ,Mon,11:30,In-Sample,2025-05-19T15:42:10.010967,2025-05-19 11:42:10,SHORT,21469.75,100.0,True,17.24,True
716,NQ,Mon,11:30,In-Sample,2025-05-19T15:42:10.010967,2025-05-19 11:42:10,SHORT,21469.75,200.0,True,17.24,True
716,NQ,Mon,11:30,In-Sample,2025-05-19T15:42:10.010967,2025-05-19 11:42:10,SHORT,21469.75,335.0,True,17.24,True
716,NQ,Mon,11:30,In-Sample,2025-05-19T15:43:00.384803,2025-05-19 11:43:00,SHORT,21463.5,180.0,True,17.24,True
716,NQ,Mon,11:30,In-Sample,2025-05-19T15:43:00.384803,2025-05-19 11:43:00,SHORT,21463.5,365.0,True,17.24,True
716,NQ,Mon,11:30,In-Sample,2025-05-19T15:43:00.384803,2025-05-19 11:43:00,SHORT,21463.5,200.0,True,17.24,True
716,NQ,Mon,11:30,In-Sample,2025-05-19T15:44:26.995572,2025-05-19 11:44:26,SHORT,21451.5,285.0,True,17.24,True
716,NQ,Mon,11:30,In-Sample,2025-05-19T15:44:26.995572,2025-05-19 11:44:26,SHORT,21451.5,565.0,True,17.24,True
716,NQ,Mon,11:30,In-Sample,2025-05-19T15:44:26.995572,2025-05-19 11:44:26,SHORT,21451.5,575.0,True,17.24,True
716,NQ,Mon,11:30,In-Sample,2025-05-19T15:47:36.541088,2025-05-19 11:47:36,SHORT,21436.75,175.0,True,17.24,True
716,NQ,Mon,11:30,In-Sample,2025-05-19T15:47:36.541088,2025-05-19 11:47:36,SHORT,21436.75,350.0,True,17.24,True
716,NQ,Mon,11:30,In-Sample,2025-05-19T15:47:36.541088,2025-05-19 11:47:36,SHORT,21436.75,265.0,True,17.24,True
716,NQ,Mon,11:30,In-Sample,2025-05-19T15:47:36.569742,2025-05-19 11:47:36,SHORT,21436.0,-210.0,True,17.24,True
716,NQ,Mon,11:30,In-Sample,2025-05-19T15:47:39.135495,2025-05-19 11:47:39,SHORT,21432.75,50.0,True,17.24,True
716,NQ,Mon,11:30,In-Sample,2025-05-19T15:47:39.135495,2025-05-19 11:47:39,SHORT,21432.75,100.0,True,17.24,True
716,NQ,Mon,11:30,In-Sample,2025-05-19T15:47:39.135495,2025-05-19 11:47:39,SHORT,21432.75,225.0,True,17.24,True
716,NQ,Mon,11:30,In-Sample,2025-05-19T15:49:35.692850,2025-05-19 11:49:35,SHORT,21418.75,50.0,True,17.24,True
716,NQ,Mon,11:30,In-Sample,2025-05-19T15:49:35.692850,2025-05-19 11:49:35,SHORT,21418.75,100.0,True,17.24,True
716,NQ,Mon,11:30,In-Sample,2025-05-19T15:49:35.692850,2025-05-19 11:49:35,SHORT,21418.75,-75.0,True,17.24,True
716,NQ,Mon,11:30,In-Sample,2025-05-19T15:50:21.265890,2025-05-19 11:50:21,SHORT,21414.75,-510.0,True,17.24,True
716,NQ,Mon,11:30,In-Sample,2025-05-19T15:55:46.239994,2025-05-19 11:55:46,SHORT,21422.5,-645.0,True,17.24,True
716,NQ,Mon,11:30,In-Sample,2025-05-19T15:55:46.483985,2025-05-19 11:55:46,SHORT,21422.5,-480.0,True,17.24,True
716,NQ,Mon,11:30,In-Sample,2025-05-19T15:58:14.805317,2025-05-19 11:58:14,SHORT,21424.0,-195.0,True,17.24,True
716,NQ,Mon,11:30,In-Sample,2025-06-02T15:30:26.358773,2025-06-02 11:30:26,SHORT,21365.0,-780.0,True,18.57,True
716,NQ,Mon,11:30,In-Sample,2025-06-02T15:33:42.920724,2025-06-02 11:33:42,SHORT,21363.0,-1080.0,True,18.57,True
716,NQ,Mon,11:30,In-Sample,2025-06-02T15:34:40.419976,2025-06-02 11:34:40,SHORT,21361.5,-1035.0,True,18.57,True
716,NQ,Mon,11:30,In-Sample,2025-06-02T15:34:40.450018,2025-06-02 11:34:40,SHORT,21361.5,75.0,True,18.57,True
716,NQ,Mon,11:30,In-Sample,2025-06-02T15:34:40.450018,2025-06-02 11:34:40,SHORT,21361.5,10.0,True,18.57,True
716,NQ,Mon,11:30,In-Sample,2025-06-02T15:34:40.450222,2025-06-02 11:34:40,SHORT,21361.5,-300.0,True,18.57,True
716,NQ,Mon,11:30,In-Sample,2025-06-02T15:34:40.733437,2025-06-02 11:34:40,SHORT,21361.75,75.0,True,18.57,True
716,NQ,Mon,11:30,In-Sample,2025-06-02T15:34:40.733437,2025-06-02 11:34:40,SHORT,21361.75,20.0,True,18.57,True
716,NQ,Mon,11:30,In-Sample,2025-06-02T15:35:36.969192,2025-06-02 11:35:36,LONG,21362.5,-270.0,True,18.57,True
716,NQ,Mon,11:30,In-Sample,2025-06-02T15:36:04.882968,2025-06-02 11:36:04,LONG,21372.25,75.0,True,18.57,True
716,NQ,Mon,11:30,In-Sample,2025-06-02T15:36:04.882968,2025-06-02 11:36:04,LONG,21372.25,-10.0,True,18.57,True
716,NQ,Mon,11:30,In-Sample,2025-06-02T15:36:04.934766,2025-06-02 11:36:04,LONG,21372.25,75.0,True,18.57,True
716,NQ,Mon,11:30,In-Sample,2025-06-02T15:36:04.934766,2025-06-02 11:36:04,LONG,21372.25,-10.0,True,18.57,True
716,NQ,Mon,11:30,In-Sample,2025-06-02T15:40:39.976019,2025-06-02 11:40:39,LONG,21383.0,75.0,True,18.57,True
716,NQ,Mon,11:30,In-Sample,2025-06-02T15:40:39.976019,2025-06-02 11:40:39,LONG,21383.0,10.0,True,18.57,True
716,NQ,Mon,11:30,In-Sample,2025-06-02T15:40:40.196045,2025-06-02 11:40:40,LONG,21383.0,75.0,True,18.57,True
716,NQ,Mon,11:30,In-Sample,2025-06-02T15:40:40.196045,2025-06-02 11:40:40,LONG,21383.0,10.0,True,18.57,True
716,NQ,Mon,11:30,In-Sample,2025-06-02T15:41:59.629642,2025-06-02 11:41:59,SHORT,21389.75,-1630.0,True,18.57,True
716,NQ,Mon,11:30,In-Sample,2025-06-02T15:42:18.544178,2025-06-02 11:42:18,SHORT,21385.0,-3450.0,True,18.57,True
716,NQ,Mon,11:30,In-Sample,2025-06-02T15:44:13.110478,2025-06-02 11:44:13,SHORT,21396.25,-315.0,True,18.57,True
716,NQ,Mon,11:30,In-Sample,2025-06-02T15:44:30.649029,2025-06-02 11:44:30,SHORT,21394.0,-450.0,True,18.57,True
716,NQ,Mon,11:30,In-Sample,2025-06-02T15:46:04.224371,2025-06-02 11:46:04,LONG,21402.0,80.0,True,18.57,True
716,NQ,Mon,11:30,In-Sample,2025-06-02T15:46:04.224371,2025-06-02 11:46:04,LONG,21402.0,150.0,True,18.57,True
716,NQ,Mon,11:30,In-Sample,2025-06-02T15:46:04.224371,2025-06-02 11:46:04,LONG,21402.0,55.0,True,18.57,True
716,NQ,Mon,11:30,In-Sample,2025-06-02T15:46:04.478716,2025-06-02 11:46:04,LONG,21402.0,80.0,True,18.57,True
716,NQ,Mon,11:30,In-Sample,2025-06-02T15:46:04.478716,2025-06-02 11:46:04,LONG,21402.0,150.0,True,18.57,True
716,NQ,Mon,11:30,In-Sample,2025-06-02T15:46:04.478716,2025-06-02 11:46:04,LONG,21402.0,55.0,True,18.57,True
716,NQ,Mon,11:30,In-Sample,2025-06-02T15:46:04.696463,2025-06-02 11:46:04,SHORT,21402.75,-1365.0,True,18.57,True
716,NQ,Mon,11:30,In-Sample,2025-06-02T15:46:17.231380,2025-06-02 11:46:17,LONG,21409.0,320.0,True,18.57,True
716,NQ,Mon,11:30,In-Sample,2025-06-02T15:46:17.231380,2025-06-02 11:46:17,LONG,21409.0,370.0,True,18.57,True
716,NQ,Mon,11:30,In-Sample,2025-06-02T15:46:17.231494,2025-06-02 11:46:17,LONG,21408.5,320.0,True,18.57,True
716,NQ,Mon,11:30,In-Sample,2025-06-02T15:46:17.231494,2025-06-02 11:46:17,LONG,21408.5,330.0,True,18.57,True
716,NQ,Mon,11:30,In-Sample,2025-06-02T15:46:17.231585,2025-06-02 11:46:17,LONG,21408.5,320.0,True,18.57,True
716,NQ,Mon,11:30,In-Sample,2025-06-02T15:46:17.231585,2025-06-02 11:46:17,LONG,21408.5,330.0,True,18.57,True
716,NQ,Mon,11:30,In-Sample,2025-06-02T15:46:17.489451,2025-06-02 11:46:17,LONG,21408.5,320.0,True,18.57,True
716,NQ,Mon,11:30,In-Sample,2025-06-02T15:46:17.489451,2025-06-02 11:46:17,LONG,21408.5,640.0,True,18.57,True
716,NQ,Mon,11:30,In-Sample,2025-06-02T15:46:17.489451,2025-06-02 11:46:17,LONG,21408.5,525.0,True,18.57,True
716,NQ,Mon,11:30,In-Sample,2025-06-02T15:46:17.489583,2025-06-02 11:46:17,LONG,21408.5,320.0,True,18.57,True
716,NQ,Mon,11:30,In-Sample,2025-06-02T15:46:17.489583,2025-06-02 11:46:17,LONG,21408.5,640.0,True,18.57,True
716,NQ,Mon,11:30,In-Sample,2025-06-02T15:46:17.489583,2025-06-02 11:46:17,LONG,21408.5,525.0,True,18.57,True
716,NQ,Mon,11:30,In-Sample,2025-06-02T15:46:27.006346,2025-06-02 11:46:27,LONG,21410.5,50.0,True,18.57,True
716,NQ,Mon,11:30,In-Sample,2025-06-02T15:46:27.006346,2025-06-02 11:46:27,LONG,21410.5,-350.0,True,18.57,True
716,NQ,Mon,11:30,In-Sample,2025-06-02T15:47:17.100691,2025-06-02 11:47:17,LONG,21412.75,-585.0,True,18.57,True
716,NQ,Mon,11:30,In-Sample,2025-06-02T15:47:17.270374,2025-06-02 11:47:17,LONG,21412.5,-510.0,True,18.57,True
716,NQ,Mon,11:30,In-Sample,2025-06-02T15:47:17.270588,2025-06-02 11:47:17,LONG,21412.5,-570.0,True,18.57,True
716,NQ,Mon,11:30,In-Sample,2025-06-02T15:48:19.225923,2025-06-02 11:48:19,SHORT,21401.75,-765.0,True,18.57,True
716,NQ,Mon,11:30,In-Sample,2025-06-02T15:48:19.425198,2025-06-02 11:48:19,SHORT,21402.25,-735.0,True,18.57,True
716,NQ,Mon,11:30,In-Sample,2025-06-02T15:48:19.462893,2025-06-02 11:48:19,SHORT,21402.75,-450.0,True,18.57,True
716,NQ,Mon,11:30,In-Sample,2025-06-02T15:49:20.145482,2025-06-02 11:49:20,SHORT,21399.0,-750.0,True,18.57,True
716,NQ,Mon,11:30,In-Sample,2025-06-02T15:49:20.145701,2025-06-02 11:49:20,SHORT,21399.0,-585.0,True,18.57,True
716,NQ,Mon,11:30,In-Sample,2025-06-02T15:49:20.359760,2025-06-02 11:49:20,SHORT,21399.0,-750.0,True,18.57,True
716,NQ,Mon,11:30,In-Sample,2025-06-02T15:50:25.550847,2025-06-02 11:50:25,LONG,21410.25,330.0,True,18.57,True
716,NQ,Mon,11:30,In-Sample,2025-06-02T15:50:25.550847,2025-06-02 11:50:25,LONG,21410.25,590.0,True,18.57,True
716,NQ,Mon,11:30,In-Sample,2025-06-02T15:50:25.551008,2025-06-02 11:50:25,LONG,21410.75,330.0,True,18.57,True
716,NQ,Mon,11:30,In-Sample,2025-06-02T15:50:25.551008,2025-06-02 11:50:25,LONG,21410.75,285.0,True,18.57,True
716,NQ,Mon,11:30,In-Sample,2025-06-02T15:50:28.426246,2025-06-02 11:50:28,LONG,21415.0,210.0,True,18.57,True
716,NQ,Mon,11:30,In-Sample,2025-06-02T15:50:28.426246,2025-06-02 11:50:28,LONG,21415.0,470.0,True,18.57,True
716,NQ,Mon,11:30,In-Sample,2025-06-02T15:50:28.426246,2025-06-02 11:50:28,LONG,21415.0,395.0,True,18.57,True
716,NQ,Mon,11:30,In-Sample,2025-06-02T15:50:54.413512,2025-06-02 11:50:54,SHORT,21425.25,-915.0,True,18.57,True
716,NQ,Mon,11:30,In-Sample,2025-06-02T15:50:54.866082,2025-06-02 11:50:54,LONG,21424.75,50.0,True,18.57,True
716,NQ,Mon,11:30,In-Sample,2025-06-02T15:50:54.866082,2025-06-02 11:50:54,LONG,21424.75,100.0,True,18.57,True
716,NQ,Mon,11:30,In-Sample,2025-06-02T15:50:54.866082,2025-06-02 11:50:54,LONG,21424.75,225.0,True,18.57,True
716,NQ,Mon,11:30,In-Sample,2025-06-02T15:51:17.360728,2025-06-02 11:51:17,LONG,21434.5,-495.0,True,18.57,True
716,NQ,Mon,11:30,In-Sample,2025-06-02T15:51:17.360893,2025-06-02 11:51:17,LONG,21435.0,-705.0,True,18.57,True
716,NQ,Mon,11:30,In-Sample,2025-06-02T15:51:17.665792,2025-06-02 11:51:17,LONG,21435.25,-60.0,True,18.57,True
716,NQ,Mon,11:30,In-Sample,2025-06-02T15:51:17.666003,2025-06-02 11:51:17,LONG,21435.25,-540.0,True,18.57,True
716,NQ,Mon,11:30,In-Sample,2025-06-02T15:51:17.666187,2025-06-02 11:51:17,LONG,21435.25,-615.0,True,18.57,True
716,NQ,Mon,11:30,In-Sample,2025-06-02T15:51:18.156943,2025-06-02 11:51:18,LONG,21435.75,-540.0,True,18.57,True
716,NQ,Mon,11:30,In-Sample,2025-06-02T15:51:21.189543,2025-06-02 11:51:21,SHORT,21432.25,100.0,True,18.57,True
716,NQ,Mon,11:30,In-Sample,2025-06-02T15:51:21.189543,2025-06-02 11:51:21,SHORT,21432.25,200.0,True,18.57,True
716,NQ,Mon,11:30,In-Sample,2025-06-02T15:51:21.189543,2025-06-02 11:51:21,SHORT,21432.25,55.0,True,18.57,True
716,NQ,Mon,11:30,In-Sample,2025-06-02T15:51:37.860344,2025-06-02 11:51:37,SHORT,21427.5,-870.0,True,18.57,True
716,NQ,Mon,11:30,In-Sample,2025-06-02T15:51:40.097308,2025-06-02 11:51:40,SHORT,21424.0,-150.0,True,18.57,True
716,NQ,Mon,11:30,In-Sample,2025-06-02T15:51:40.099909,2025-06-02 11:51:40,SHORT,21424.0,30.0,True,18.57,True
716,NQ,Mon,11:30,In-Sample,2025-06-02T15:51:40.100216,2025-06-02 11:51:40,SHORT,21423.75,-1020.0,True,18.57,True
716,NQ,Mon,11:30,In-Sample,2025-06-02T15:51:40.100461,2025-06-02 11:51:40,SHORT,21423.75,-840.0,True,18.57,True
716,NQ,Mon,11:30,In-Sample,2025-06-02T15:51:40.100646,2025-06-02 11:51:40,SHORT,21423.75,-840.0,True,18.57,True
716,NQ,Mon,11:30,In-Sample,2025-06-02T15:51:40.100929,2025-06-02 11:51:40,SHORT,21423.75,-840.0,True,18.57,True
716,NQ,Mon,11:30,In-Sample,2025-06-02T15:55:12.479423,2025-06-02 11:55:12,LONG,21442.25,-360.0,True,18.57,True
716,NQ,Mon,11:30,In-Sample,2025-06-02T15:55:12.479598,2025-06-02 11:55:12,LONG,21442.25,-360.0,True,18.57,True
716,NQ,Mon,11:30,In-Sample,2025-06-02T15:56:27.324067,2025-06-02 11:56:27,SHORT,21436.5,300.0,True,18.57,True
716,NQ,Mon,11:30,In-Sample,2025-06-02T15:56:27.324067,2025-06-02 11:56:27,SHORT,21436.5,540.0,True,18.57,True
716,NQ,Mon,11:30,In-Sample,2025-06-02T15:56:27.516062,2025-06-02 11:56:27,SHORT,21436.5,300.0,True,18.57,True
716,NQ,Mon,11:30,In-Sample,2025-06-02T15:56:27.516062,2025-06-02 11:56:27,SHORT,21436.5,540.0,True,18.57,True
716,NQ,Mon,11:30,In-Sample,2025-06-02T15:56:27.721074,2025-06-02 11:56:27,SHORT,21436.5,300.0,True,18.57,True
716,NQ,Mon,11:30,In-Sample,2025-06-02T15:56:27.721074,2025-06-02 11:56:27,SHORT,21436.5,540.0,True,18.57,True
716,NQ,Mon,11:30,In-Sample,2025-06-02T15:57:01.237944,2025-06-02 11:57:01,SHORT,21434.0,180.0,True,18.57,True
716,NQ,Mon,11:30,In-Sample,2025-06-02T15:57:01.237944,2025-06-02 11:57:01,SHORT,21434.0,365.0,True,18.57,True
716,NQ,Mon,11:30,In-Sample,2025-06-02T15:57:01.237944,2025-06-02 11:57:01,SHORT,21434.0,300.0,True,18.57,True
716,NQ,Mon,11:30,In-Sample,2025-06-02T15:57:01.259208,2025-06-02 11:57:01,SHORT,21434.0,180.0,True,18.57,True
716,NQ,Mon,11:30,In-Sample,2025-06-02T15:57:01.259208,2025-06-02 11:57:01,SHORT,21434.0,365.0,True,18.57,True
716,NQ,Mon,11:30,In-Sample,2025-06-02T15:57:01.259208,2025-06-02 11:57:01,SHORT,21434.0,300.0,True,18.57,True
716,NQ,Mon,11:30,In-Sample,2025-06-02T15:57:01.451905,2025-06-02 11:57:01,SHORT,21433.75,-120.0,True,18.57,True
716,NQ,Mon,11:30,In-Sample,2025-06-02T15:57:49.662828,2025-06-02 11:57:49,SHORT,21432.0,80.0,True,18.57,True
716,NQ,Mon,11:30,In-Sample,2025-06-02T15:57:49.662828,2025-06-02 11:57:49,SHORT,21432.0,10.0,True,18.57,True
716,NQ,Mon,11:30,In-Sample,2025-06-02T15:57:49.700121,2025-06-02 11:57:49,SHORT,21432.0,80.0,True,18.57,True
716,NQ,Mon,11:30,In-Sample,2025-06-02T15:57:49.700121,2025-06-02 11:57:49,SHORT,21432.0,10.0,True,18.57,True
716,NQ,Mon,11:30,In-Sample,2025-06-09T15:30:33.974879,2025-06-09 11:30:33,LONG,21832.25,75.0,True,16.77,True
716,NQ,Mon,11:30,In-Sample,2025-06-09T15:30:33.974879,2025-06-09 11:30:33,LONG,21832.25,10.0,True,16.77,True
716,NQ,Mon,11:30,In-Sample,2025-06-09T15:30:34.174944,2025-06-09 11:30:34,LONG,21832.25,75.0,True,16.77,True
716,NQ,Mon,11:30,In-Sample,2025-06-09T15:30:34.174944,2025-06-09 11:30:34,LONG,21832.25,10.0,True,16.77,True
716,NQ,Mon,11:30,In-Sample,2025-06-09T15:35:21.520392,2025-06-09 11:35:21,LONG,21839.75,45.0,True,16.77,True
716,NQ,Mon,11:30,In-Sample,2025-06-09T15:35:21.520392,2025-06-09 11:35:21,LONG,21839.75,10.0,True,16.77,True
716,NQ,Mon,11:30,In-Sample,2025-06-09T15:35:47.529779,2025-06-09 11:35:47,LONG,21841.0,-465.0,True,16.77,True
716,NQ,Mon,11:30,In-Sample,2025-06-09T15:35:47.752592,2025-06-09 11:35:47,LONG,21840.75,-450.0,True,16.77,True
716,NQ,Mon,11:30,In-Sample,2025-06-09T15:37:05.442429,2025-06-09 11:37:05,SHORT,21830.5,-645.0,True,16.77,True
716,NQ,Mon,11:30,In-Sample,2025-06-09T15:41:10.973681,2025-06-09 11:41:10,SHORT,21830.75,220.0,True,16.77,True
716,NQ,Mon,11:30,In-Sample,2025-06-09T15:41:10.973681,2025-06-09 11:41:10,SHORT,21830.75,-130.0,True,16.77,True
716,NQ,Mon,11:30,In-Sample,2025-06-09T15:42:08.954766,2025-06-09 11:42:08,SHORT,21825.25,-585.0,True,16.77,True
716,NQ,Mon,11:30,In-Sample,2025-06-09T15:42:08.984074,2025-06-09 11:42:08,SHORT,21825.25,-810.0,True,16.77,True
716,NQ,Mon,11:30,In-Sample,2025-06-09T15:46:14.047750,2025-06-09 11:46:14,SHORT,21824.5,-585.0,True,16.77,True
716,NQ,Mon,11:30,In-Sample,2025-06-09T15:48:25.542046,2025-06-09 11:48:25,SHORT,21822.25,-495.0,True,16.77,True
716,NQ,Mon,11:30,In-Sample,2025-06-09T15:48:25.788222,2025-06-09 11:48:25,SHORT,21823.25,75.0,True,16.77,True
716,NQ,Mon,11:30,In-Sample,2025-06-09T15:48:25.788222,2025-06-09 11:48:25,SHORT,21823.25,10.0,True,16.77,True
716,NQ,Mon,11:30,In-Sample,2025-06-09T15:48:57.577886,2025-06-09 11:48:57,SHORT,21821.0,-570.0,True,16.77,True
716,NQ,Mon,11:30,In-Sample,2025-06-09T15:48:57.578036,2025-06-09 11:48:57,SHORT,21821.0,-945.0,True,16.77,True
716,NQ,Mon,11:30,In-Sample,2025-06-09T15:48:57.813222,2025-06-09 11:48:57,SHORT,21821.0,-945.0,True,16.77,True
716,NQ,Mon,11:30,In-Sample,2025-06-09T15:50:12.045768,2025-06-09 11:50:12,LONG,21836.25,75.0,True,16.77,True
716,NQ,Mon,11:30,In-Sample,2025-06-09T15:50:12.045768,2025-06-09 11:50:12,LONG,21836.25,150.0,True,16.77,True
716,NQ,Mon,11:30,In-Sample,2025-06-09T15:50:12.045768,2025-06-09 11:50:12,LONG,21836.25,35.0,True,16.77,True
716,NQ,Mon,11:30,In-Sample,2025-06-09T15:50:12.249930,2025-06-09 11:50:12,LONG,21836.75,225.0,True,16.77,True
716,NQ,Mon,11:30,In-Sample,2025-06-09T15:50:12.249930,2025-06-09 11:50:12,LONG,21836.75,-830.0,True,16.77,True
716,NQ,Mon,11:30,In-Sample,2025-06-09T15:50:12.250130,2025-06-09 11:50:12,LONG,21836.75,90.0,True,16.77,True
716,NQ,Mon,11:30,In-Sample,2025-06-09T15:50:12.250238,2025-06-09 11:50:12,LONG,21836.75,15.0,True,16.77,True
716,NQ,Mon,11:30,In-Sample,2025-06-09T15:50:12.275184,2025-06-09 11:50:12,LONG,21836.75,75.0,True,16.77,True
716,NQ,Mon,11:30,In-Sample,2025-06-09T15:50:12.275184,2025-06-09 11:50:12,LONG,21836.75,20.0,True,16.77,True
716,NQ,Mon,11:30,In-Sample,2025-06-09T15:51:04.664525,2025-06-09 11:51:04,LONG,21839.25,125.0,True,16.77,True
716,NQ,Mon,11:30,In-Sample,2025-06-09T15:51:04.664525,2025-06-09 11:51:04,LONG,21839.25,10.0,True,16.77,True
716,NQ,Mon,11:30,In-Sample,2025-06-09T15:56:12.214682,2025-06-09 11:56:12,LONG,21845.75,45.0,True,16.77,True
716,NQ,Mon,11:30,In-Sample,2025-06-09T15:56:12.214682,2025-06-09 11:56:12,LONG,21845.75,10.0,True,16.77,True
716,NQ,Mon,11:30,In-Sample,2025-06-09T15:57:11.792304,2025-06-09 11:57:11,SHORT,21837.0,-615.0,True,16.77,True
716,NQ,Mon,11:30,In-Sample,2025-06-09T15:57:15.149342,2025-06-09 11:57:15,SHORT,21832.75,-465.0,True,16.77,True
716,NQ,Mon,11:30,In-Sample,2025-06-09T15:57:15.369136,2025-06-09 11:57:15,SHORT,21832.75,-570.0,True,16.77,True
716,NQ,Mon,11:30,In-Sample,2025-06-16T15:31:25.986775,2025-06-16 11:31:25,LONG,22190.0,205.0,True,20.82,False
716,NQ,Mon,11:30,In-Sample,2025-06-16T15:31:48.301667,2025-06-16 11:31:48,LONG,22193.75,70.0,True,20.82,False
716,NQ,Mon,11:30,In-Sample,2025-06-16T15:38:03.432707,2025-06-16 11:38:03,LONG,22196.5,-2250.0,True,20.82,False
716,NQ,Mon,11:30,In-Sample,2025-06-16T15:42:20.709798,2025-06-16 11:42:20,SHORT,22190.5,-555.0,True,20.82,False
716,NQ,Mon,11:30,In-Sample,2025-06-16T15:51:08.443190,2025-06-16 11:51:08,SHORT,22190.75,210.0,True,20.82,False
716,NQ,Mon,11:30,In-Sample,2025-06-16T15:51:08.443190,2025-06-16 11:51:08,SHORT,22190.75,425.0,True,20.82,False
716,NQ,Mon,11:30,In-Sample,2025-06-16T15:51:08.443190,2025-06-16 11:51:08,SHORT,22190.75,505.0,True,20.82,False
716,NQ,Mon,11:30,In-Sample,2025-06-16T15:54:59.613162,2025-06-16 11:54:59,SHORT,22173.75,55.0,True,20.82,False
716,NQ,Mon,11:30,In-Sample,2025-06-16T15:54:59.613162,2025-06-16 11:54:59,SHORT,22173.75,275.0,True,20.82,False
716,NQ,Mon,11:30,In-Sample,2025-06-16T15:54:59.613162,2025-06-16 11:54:59,SHORT,22173.75,165.0,True,20.82,False
716,NQ,Mon,11:30,In-Sample,2025-06-16T15:54:59.693692,2025-06-16 11:54:59,SHORT,22173.75,220.0,True,20.82,False
716,NQ,Mon,11:30,In-Sample,2025-06-16T15:54:59.693692,2025-06-16 11:54:59,SHORT,22173.75,330.0,True,20.82,False
716,NQ,Mon,11:30,In-Sample,2025-06-16T15:56:11.291726,2025-06-16 11:56:11,SHORT,22157.5,-795.0,True,20.82,False
716,NQ,Mon,11:30,In-Sample,2025-06-16T15:56:14.651018,2025-06-16 11:56:14,LONG,22161.25,100.0,True,20.82,False
716,NQ,Mon,11:30,In-Sample,2025-06-16T15:56:14.651018,2025-06-16 11:56:14,LONG,22161.25,245.0,True,20.82,False
716,NQ,Mon,11:30,In-Sample,2025-06-16T15:56:14.651018,2025-06-16 11:56:14,LONG,22161.25,155.0,True,20.82,False
716,NQ,Mon,11:30,In-Sample,2025-06-16T15:56:15.759452,2025-06-16 11:56:15,LONG,22165.0,195.0,True,20.82,False
716,NQ,Mon,11:30,In-Sample,2025-06-16T15:56:23.509321,2025-06-16 11:56:23,LONG,22178.25,150.0,True,20.82,False
716,NQ,Mon,11:30,In-Sample,2025-06-23T15:30:10.884676,2025-06-23 11:30:10,SHORT,21934.75,50.0,True,20.62,False
716,NQ,Mon,11:30,In-Sample,2025-06-23T15:30:10.884676,2025-06-23 11:30:10,SHORT,21934.75,-280.0,True,20.62,False
716,NQ,Mon,11:30,In-Sample,2025-06-23T15:30:27.627945,2025-06-23 11:30:27,LONG,21954.0,50.0,True,20.62,False
716,NQ,Mon,11:30,In-Sample,2025-06-23T15:30:35.128160,2025-06-23 11:30:35,LONG,21957.5,-20.0,True,20.62,False
716,NQ,Mon,11:30,In-Sample,2025-06-23T15:35:28.934047,2025-06-23 11:35:28,SHORT,21950.0,75.0,True,20.62,False
716,NQ,Mon,11:30,In-Sample,2025-06-23T15:35:28.934047,2025-06-23 11:35:28,SHORT,21950.0,0.0,True,20.62,False
716,NQ,Mon,11:30,In-Sample,2025-06-23T15:35:36.797051,2025-06-23 11:35:36,SHORT,21947.0,-1185.0,True,20.62,False
716,NQ,Mon,11:30,In-Sample,2025-06-23T15:35:38.858384,2025-06-23 11:35:38,SHORT,21943.75,-400.0,True,20.62,False
716,NQ,Mon,11:30,In-Sample,2025-06-23T15:39:51.441968,2025-06-23 11:39:51,SHORT,21952.0,190.0,True,20.62,False
716,NQ,Mon,11:30,In-Sample,2025-06-23T15:39:51.441968,2025-06-23 11:39:51,SHORT,21952.0,-30.0,True,20.62,False
716,NQ,Mon,11:30,In-Sample,2025-06-23T15:39:51.631043,2025-06-23 11:39:51,SHORT,21952.0,190.0,True,20.62,False
716,NQ,Mon,11:30,In-Sample,2025-06-23T15:39:51.631043,2025-06-23 11:39:51,SHORT,21952.0,10.0,True,20.62,False
716,NQ,Mon,11:30,In-Sample,2025-06-23T15:40:30.395430,2025-06-23 11:40:30,SHORT,21944.5,265.0,True,20.62,False
716,NQ,Mon,11:30,In-Sample,2025-06-23T15:40:30.395430,2025-06-23 11:40:30,SHORT,21944.5,170.0,True,20.62,False
716,NQ,Mon,11:30,In-Sample,2025-06-23T15:41:42.087062,2025-06-23 11:41:42,SHORT,21941.25,205.0,True,20.62,False
716,NQ,Mon,11:30,In-Sample,2025-06-23T15:41:42.087062,2025-06-23 11:41:42,SHORT,21941.25,320.0,True,20.62,False
716,NQ,Mon,11:30,In-Sample,2025-06-23T15:41:42.097095,2025-06-23 11:41:42,SHORT,21941.25,205.0,True,20.62,False
716,NQ,Mon,11:30,In-Sample,2025-06-23T15:41:42.097095,2025-06-23 11:41:42,SHORT,21941.25,30.0,True,20.62,False
716,NQ,Mon,11:30,In-Sample,2025-06-23T15:41:53.750961,2025-06-23 11:41:53,SHORT,21927.0,75.0,True,20.62,False
716,NQ,Mon,11:30,In-Sample,2025-06-23T15:41:53.750961,2025-06-23 11:41:53,SHORT,21927.0,10.0,True,20.62,False
716,NQ,Mon,11:30,In-Sample,2025-06-23T15:42:01.194901,2025-06-23 11:42:01,LONG,21929.25,100.0,True,20.62,False
716,NQ,Mon,11:30,In-Sample,2025-06-23T15:42:01.194901,2025-06-23 11:42:01,LONG,21929.25,200.0,True,20.62,False
716,NQ,Mon,11:30,In-Sample,2025-06-23T15:42:01.194901,2025-06-23 11:42:01,LONG,21929.25,220.0,True,20.62,False
716,NQ,Mon,11:30,In-Sample,2025-06-23T15:42:08.093103,2025-06-23 11:42:08,LONG,21933.5,235.0,True,20.62,False
716,NQ,Mon,11:30,In-Sample,2025-06-23T15:42:08.093103,2025-06-23 11:42:08,LONG,21933.5,165.0,True,20.62,False
716,NQ,Mon,11:30,In-Sample,2025-06-23T15:45:34.987687,2025-06-23 11:45:34,SHORT,21938.0,75.0,True,20.62,False
716,NQ,Mon,11:30,In-Sample,2025-06-23T15:45:34.987687,2025-06-23 11:45:34,SHORT,21938.0,10.0,True,20.62,False
716,NQ,Mon,11:30,In-Sample,2025-06-23T15:48:37.168048,2025-06-23 11:48:37,LONG,21951.75,-540.0,True,20.62,False
716,NQ,Mon,11:30,In-Sample,2025-06-23T15:48:37.477671,2025-06-23 11:48:37,LONG,21952.0,215.0,True,20.62,False
716,NQ,Mon,11:30,In-Sample,2025-06-23T15:48:37.477671,2025-06-23 11:48:37,LONG,21952.0,-440.0,True,20.62,False
716,NQ,Mon,11:30,In-Sample,2025-06-23T15:55:01.046296,2025-06-23 11:55:01,SHORT,21941.0,-930.0,True,20.62,False
716,NQ,Mon,11:30,In-Sample,2025-06-23T15:55:01.231619,2025-06-23 11:55:01,SHORT,21940.5,-465.0,True,20.62,False
716,NQ,Mon,11:30,In-Sample,2025-06-23T15:55:50.384776,2025-06-23 11:55:50,LONG,21957.25,75.0,True,20.62,False
716,NQ,Mon,11:30,In-Sample,2025-06-23T15:55:50.384776,2025-06-23 11:55:50,LONG,21957.25,30.0,True,20.62,False
716,NQ,Mon,11:30,In-Sample,2025-06-23T15:57:06.985061,2025-06-23 11:57:06,SHORT,21947.25,225.0,True,20.62,False
716,NQ,Mon,11:30,In-Sample,2025-06-23T15:57:06.985061,2025-06-23 11:57:06,SHORT,21947.25,445.0,True,20.62,False
716,NQ,Mon,11:30,In-Sample,2025-06-23T15:57:06.985061,2025-06-23 11:57:06,SHORT,21947.25,265.0,True,20.62,False
716,NQ,Mon,11:30,In-Sample,2025-06-23T15:57:07.146842,2025-06-23 11:57:07,SHORT,21947.0,225.0,True,20.62,False
716,NQ,Mon,11:30,In-Sample,2025-06-23T15:57:07.146842,2025-06-23 11:57:07,SHORT,21947.0,445.0,True,20.62,False
716,NQ,Mon,11:30,In-Sample,2025-06-23T15:57:07.146842,2025-06-23 11:57:07,SHORT,21947.0,260.0,True,20.62,False
716,NQ,Mon,11:30,In-Sample,2025-06-30T15:34:41.812504,2025-06-30 11:34:41,LONG,22836.5,50.0,True,16.32,True
716,NQ,Mon,11:30,In-Sample,2025-06-30T15:34:41.812504,2025-06-30 11:34:41,LONG,22836.5,100.0,True,16.32,True
716,NQ,Mon,11:30,In-Sample,2025-06-30T15:34:41.812504,2025-06-30 11:34:41,LONG,22836.5,225.0,True,16.32,True
716,NQ,Mon,11:30,In-Sample,2025-06-30T15:35:55.322739,2025-06-30 11:35:55,SHORT,22832.5,-420.0,True,16.32,True
716,NQ,Mon,11:30,In-Sample,2025-06-30T15:35:55.364593,2025-06-30 11:35:55,SHORT,22832.5,-540.0,True,16.32,True
716,NQ,Mon,11:30,In-Sample,2025-06-30T15:35:55.529316,2025-06-30 11:35:55,SHORT,22832.5,-540.0,True,16.32,True
716,NQ,Mon,11:30,In-Sample,2025-06-30T15:35:55.529447,2025-06-30 11:35:55,SHORT,22832.25,-495.0,True,16.32,True
716,NQ,Mon,11:30,In-Sample,2025-06-30T15:41:00.541098,2025-06-30 11:41:00,SHORT,22833.5,-465.0,True,16.32,True
716,NQ,Mon,11:30,In-Sample,2025-06-30T15:42:17.025424,2025-06-30 11:42:17,LONG,22842.0,75.0,True,16.32,True
716,NQ,Mon,11:30,In-Sample,2025-06-30T15:42:17.025424,2025-06-30 11:42:17,LONG,22842.0,150.0,True,16.32,True
716,NQ,Mon,11:30,In-Sample,2025-06-30T15:42:17.025424,2025-06-30 11:42:17,LONG,22842.0,140.0,True,16.32,True
716,NQ,Mon,11:30,In-Sample,2025-06-30T15:42:17.217197,2025-06-30 11:42:17,LONG,22842.25,75.0,True,16.32,True
716,NQ,Mon,11:30,In-Sample,2025-06-30T15:42:17.217197,2025-06-30 11:42:17,LONG,22842.25,150.0,True,16.32,True
716,NQ,Mon,11:30,In-Sample,2025-06-30T15:42:17.217197,2025-06-30 11:42:17,LONG,22842.25,125.0,True,16.32,True
716,NQ,Mon,11:30,In-Sample,2025-06-30T15:44:48.523231,2025-06-30 11:44:48,SHORT,22847.25,100.0,True,16.32,True
716,NQ,Mon,11:30,In-Sample,2025-06-30T15:44:48.523231,2025-06-30 11:44:48,SHORT,22847.25,-120.0,True,16.32,True
716,NQ,Mon,11:30,In-Sample,2025-06-30T15:46:25.952869,2025-06-30 11:46:25,SHORT,22843.5,-405.0,True,16.32,True
716,NQ,Mon,11:30,In-Sample,2025-06-30T15:46:25.996293,2025-06-30 11:46:25,SHORT,22843.5,-405.0,True,16.32,True
716,NQ,Mon,11:30,In-Sample,2025-06-30T15:46:25.996477,2025-06-30 11:46:25,SHORT,22843.5,-405.0,True,16.32,True
716,NQ,Mon,11:30,In-Sample,2025-06-30T15:46:26.189078,2025-06-30 11:46:26,SHORT,22843.5,-405.0,True,16.32,True
716,NQ,Mon,11:30,In-Sample,2025-06-30T15:46:26.189179,2025-06-30 11:46:26,SHORT,22843.5,-405.0,True,16.32,True
716,NQ,Mon,11:30,In-Sample,2025-06-30T15:52:36.529587,2025-06-30 11:52:36,SHORT,22850.5,190.0,True,16.32,True
716,NQ,Mon,11:30,In-Sample,2025-06-30T15:52:36.529587,2025-06-30 11:52:36,SHORT,22850.5,170.0,True,16.32,True
716,NQ,Mon,11:30,In-Sample,2025-06-30T15:52:36.529839,2025-06-30 11:52:36,SHORT,22850.5,190.0,True,16.32,True
716,NQ,Mon,11:30,In-Sample,2025-06-30T15:52:36.529839,2025-06-30 11:52:36,SHORT,22850.5,170.0,True,16.32,True
716,NQ,Mon,11:30,In-Sample,2025-06-30T15:52:36.529985,2025-06-30 11:52:36,SHORT,22850.5,190.0,True,16.32,True
716,NQ,Mon,11:30,In-Sample,2025-06-30T15:52:36.529985,2025-06-30 11:52:36,SHORT,22850.5,170.0,True,16.32,True
716,NQ,Mon,11:30,In-Sample,2025-06-30T15:55:38.542744,2025-06-30 11:55:38,SHORT,22846.5,130.0,True,16.32,True
716,NQ,Mon,11:30,In-Sample,2025-06-30T15:55:38.542744,2025-06-30 11:55:38,SHORT,22846.5,10.0,True,16.32,True
716,NQ,Mon,11:30,In-Sample,2025-06-30T15:55:38.579368,2025-06-30 11:55:38,SHORT,22846.5,130.0,True,16.32,True
716,NQ,Mon,11:30,In-Sample,2025-06-30T15:55:38.579368,2025-06-30 11:55:38,SHORT,22846.5,-470.0,True,16.32,True
716,NQ,Mon,11:30,In-Sample,2025-06-30T15:55:38.607247,2025-06-30 11:55:38,SHORT,22846.5,130.0,True,16.32,True
716,NQ,Mon,11:30,In-Sample,2025-06-30T15:55:38.607247,2025-06-30 11:55:38,SHORT,22846.5,10.0,True,16.32,True
716,NQ,Mon,11:30,In-Sample,2025-06-30T15:56:33.682455,2025-06-30 11:56:33,SHORT,22842.0,-650.0,True,16.32,True
716,NQ,Mon,11:30,In-Sample,2025-06-30T15:56:33.782230,2025-06-30 11:56:33,SHORT,22842.25,-640.0,True,16.32,True
716,NQ,Mon,11:30,In-Sample,2025-06-30T15:56:33.782400,2025-06-30 11:56:33,SHORT,22842.25,-720.0,True,16.32,True
716,NQ,Mon,11:30,In-Sample,2025-06-30T15:56:33.782483,2025-06-30 11:56:33,SHORT,22842.25,-75.0,True,16.32,True
716,NQ,Mon,11:30,In-Sample,2025-06-30T15:56:33.782564,2025-06-30 11:56:33,SHORT,22842.25,-960.0,True,16.32,True
716,NQ,Mon,11:30,In-Sample,2025-06-30T15:56:33.782640,2025-06-30 11:56:33,SHORT,22842.25,-960.0,True,16.32,True
716,NQ,Mon,11:30,In-Sample,2025-06-30T15:56:33.782714,2025-06-30 11:56:33,SHORT,22842.25,-640.0,True,16.32,True
716,NQ,Mon,11:30,In-Sample,2025-06-30T15:56:34.589837,2025-06-30 11:56:34,SHORT,22841.75,-1230.0,True,16.32,True
716,NQ,Mon,11:30,In-Sample,2025-06-30T15:56:34.589998,2025-06-30 11:56:34,SHORT,22841.75,-1230.0,True,16.32,True
716,NQ,Mon,11:30,In-Sample,2025-06-30T15:56:35.154203,2025-06-30 11:56:35,SHORT,22839.75,-315.0,True,16.32,True
716,NQ,Mon,11:30,In-Sample,2025-06-30T15:56:35.286799,2025-06-30 11:56:35,SHORT,22839.5,-330.0,True,16.32,True
716,NQ,Mon,11:30,In-Sample,2025-06-30T15:57:43.578845,2025-06-30 11:57:43,SHORT,22839.25,-1080.0,True,16.32,True
716,NQ,Mon,11:30,In-Sample,2025-06-30T15:57:43.772225,2025-06-30 11:57:43,SHORT,22839.0,-600.0,True,16.32,True
716,NQ,Mon,11:30,In-Sample,2025-06-30T15:57:57.018238,2025-06-30 11:57:57,SHORT,22837.0,-370.0,True,16.32,True
716,NQ,Mon,11:30,Out-of-Sample,2025-07-07T15:31:25.699392,2025-07-07 11:31:25,LONG,22922.5,-1200.0,True,16.38,True
716,NQ,Mon,11:30,Out-of-Sample,2025-07-07T15:31:25.699545,2025-07-07 11:31:25,LONG,22922.5,50.0,True,16.38,True
716,NQ,Mon,11:30,Out-of-Sample,2025-07-07T15:31:25.699545,2025-07-07 11:31:25,LONG,22922.5,20.0,True,16.38,True
716,NQ,Mon,11:30,Out-of-Sample,2025-07-07T15:31:40.650774,2025-07-07 11:31:40,LONG,22926.75,-90.0,True,16.38,True
716,NQ,Mon,11:30,Out-of-Sample,2025-07-07T15:31:40.765356,2025-07-07 11:31:40,LONG,22927.0,-105.0,True,16.38,True
716,NQ,Mon,11:30,Out-of-Sample,2025-07-07T15:34:16.773640,2025-07-07 11:34:16,SHORT,22917.75,140.0,True,16.38,True
716,NQ,Mon,11:30,Out-of-Sample,2025-07-07T15:34:16.773640,2025-07-07 11:34:16,SHORT,22917.75,280.0,True,16.38,True
716,NQ,Mon,11:30,Out-of-Sample,2025-07-07T15:34:16.773640,2025-07-07 11:34:16,SHORT,22917.75,180.0,True,16.38,True
716,NQ,Mon,11:30,Out-of-Sample,2025-07-07T15:34:16.801379,2025-07-07 11:34:16,SHORT,22917.75,-270.0,True,16.38,True
716,NQ,Mon,11:30,Out-of-Sample,2025-07-07T15:34:25.254362,2025-07-07 11:34:25,SHORT,22917.0,170.0,True,16.38,True
716,NQ,Mon,11:30,Out-of-Sample,2025-07-07T15:34:25.254362,2025-07-07 11:34:25,SHORT,22917.0,110.0,True,16.38,True
716,NQ,Mon,11:30,Out-of-Sample,2025-07-07T15:34:25.333642,2025-07-07 11:34:25,SHORT,22917.0,170.0,True,16.38,True
716,NQ,Mon,11:30,Out-of-Sample,2025-07-07T15:34:25.333642,2025-07-07 11:34:25,SHORT,22917.0,110.0,True,16.38,True
716,NQ,Mon,11:30,Out-of-Sample,2025-07-07T15:34:25.522137,2025-07-07 11:34:25,SHORT,22917.0,170.0,True,16.38,True
716,NQ,Mon,11:30,Out-of-Sample,2025-07-07T15:34:25.522137,2025-07-07 11:34:25,SHORT,22917.0,110.0,True,16.38,True
716,NQ,Mon,11:30,Out-of-Sample,2025-07-07T15:36:04.479362,2025-07-07 11:36:04,SHORT,22912.75,-810.0,True,16.38,True
716,NQ,Mon,11:30,Out-of-Sample,2025-07-07T15:43:23.081451,2025-07-07 11:43:23,SHORT,22917.25,135.0,True,16.38,True
716,NQ,Mon,11:30,Out-of-Sample,2025-07-07T15:43:23.081451,2025-07-07 11:43:23,SHORT,22917.25,270.0,True,16.38,True
716,NQ,Mon,11:30,Out-of-Sample,2025-07-07T15:43:23.081451,2025-07-07 11:43:23,SHORT,22917.25,170.0,True,16.38,True
716,NQ,Mon,11:30,Out-of-Sample,2025-07-07T15:46:27.867148,2025-07-07 11:46:27,SHORT,22909.0,-975.0,True,16.38,True
716,NQ,Mon,11:30,Out-of-Sample,2025-07-07T15:46:27.867626,2025-07-07 11:46:27,SHORT,22909.0,130.0,True,16.38,True
716,NQ,Mon,11:30,Out-of-Sample,2025-07-07T15:46:27.867626,2025-07-07 11:46:27,SHORT,22909.0,-740.0,True,16.38,True
716,NQ,Mon,11:30,Out-of-Sample,2025-07-07T15:46:30.249376,2025-07-07 11:46:30,SHORT,22903.0,-390.0,True,16.38,True
716,NQ,Mon,11:30,Out-of-Sample,2025-07-07T15:55:31.333033,2025-07-07 11:55:31,LONG,22919.25,75.0,True,16.38,True
716,NQ,Mon,11:30,Out-of-Sample,2025-07-07T15:55:31.333033,2025-07-07 11:55:31,LONG,22919.25,-10.0,True,16.38,True
716,NQ,Mon,11:30,Out-of-Sample,2025-07-07T15:55:31.333201,2025-07-07 11:55:31,LONG,22919.5,75.0,True,16.38,True
716,NQ,Mon,11:30,Out-of-Sample,2025-07-07T15:55:31.333201,2025-07-07 11:55:31,LONG,22919.5,150.0,True,16.38,True
716,NQ,Mon,11:30,Out-of-Sample,2025-07-07T15:55:31.333201,2025-07-07 11:55:31,LONG,22919.5,140.0,True,16.38,True
716,NQ,Mon,11:30,Out-of-Sample,2025-07-07T15:57:38.725239,2025-07-07 11:57:38,LONG,22927.5,-5.0,True,16.38,True
716,NQ,Mon,11:30,Out-of-Sample,2025-07-07T15:57:53.369079,2025-07-07 11:57:53,LONG,22930.25,50.0,True,16.38,True
716,NQ,Mon,11:30,Out-of-Sample,2025-07-07T15:57:53.369079,2025-07-07 11:57:53,LONG,22930.25,115.0,True,16.38,True
716,NQ,Mon,11:30,Out-of-Sample,2025-07-07T15:57:53.369079,2025-07-07 11:57:53,LONG,22930.25,-60.0,True,16.38,True
716,NQ,Mon,11:30,Out-of-Sample,2025-07-07T15:57:56.845444,2025-07-07 11:57:56,LONG,22935.25,-405.0,True,16.38,True
716,NQ,Mon,11:30,Out-of-Sample,2025-07-07T15:57:57.028523,2025-07-07 11:57:57,LONG,22935.25,-225.0,True,16.38,True
716,NQ,Mon,11:30,Out-of-Sample,2025-07-07T15:57:57.193183,2025-07-07 11:57:57,LONG,22934.75,-180.0,True,16.38,True
716,NQ,Mon,11:30,Out-of-Sample,2025-07-07T15:58:31.893698,2025-07-07 11:58:31,LONG,22936.0,-450.0,True,16.38,True
716,NQ,Mon,11:30,Out-of-Sample,2025-07-07T15:59:13.397416,2025-07-07 11:59:13,SHORT,22931.75,-135.0,True,16.38,True
716,NQ,Mon,11:30,Out-of-Sample,2025-07-07T15:59:13.550579,2025-07-07 11:59:13,SHORT,22931.5,-540.0,True,16.38,True
716,NQ,Mon,11:30,Out-of-Sample,2025-07-14T15:30:03.102410,2025-07-14 11:30:03,SHORT,23014.25,165.0,True,16.4,True
716,NQ,Mon,11:30,Out-of-Sample,2025-07-14T15:30:25.405352,2025-07-14 11:30:25,SHORT,23006.0,0.0,True,16.4,True
716,NQ,Mon,11:30,Out-of-Sample,2025-07-14T15:31:29.488002,2025-07-14 11:31:29,SHORT,23001.75,140.0,True,16.4,True
716,NQ,Mon,11:30,Out-of-Sample,2025-07-14T15:31:29.488002,2025-07-14 11:31:29,SHORT,23001.75,-90.0,True,16.4,True
716,NQ,Mon,11:30,Out-of-Sample,2025-07-14T15:31:29.535464,2025-07-14 11:31:29,SHORT,23001.75,140.0,True,16.4,True
716,NQ,Mon,11:30,Out-of-Sample,2025-07-14T15:31:29.535464,2025-07-14 11:31:29,SHORT,23001.75,10.0,True,16.4,True
716,NQ,Mon,11:30,Out-of-Sample,2025-07-14T15:31:29.786557,2025-07-14 11:31:29,SHORT,23003.0,205.0,True,16.4,True
716,NQ,Mon,11:30,Out-of-Sample,2025-07-14T15:31:29.786557,2025-07-14 11:31:29,SHORT,23003.0,-260.0,True,16.4,True
716,NQ,Mon,11:30,Out-of-Sample,2025-07-14T15:45:40.373646,2025-07-14 11:45:40,SHORT,22994.75,-540.0,True,16.4,True
716,NQ,Mon,11:30,Out-of-Sample,2025-07-14T15:45:40.373880,2025-07-14 11:45:40,SHORT,22994.75,-540.0,True,16.4,True
716,NQ,Mon,11:30,Out-of-Sample,2025-07-14T15:51:54.689302,2025-07-14 11:51:54,LONG,23009.5,-525.0,True,16.4,True
716,NQ,Mon,11:30,Out-of-Sample,2025-07-14T15:51:54.689408,2025-07-14 11:51:54,LONG,23009.5,-495.0,True,16.4,True
716,NQ,Mon,11:30,Out-of-Sample,2025-07-14T15:51:54.689599,2025-07-14 11:51:54,LONG,23009.5,-525.0,True,16.4,True
716,NQ,Mon,11:30,Out-of-Sample,2025-07-14T15:55:25.209278,2025-07-14 11:55:25,SHORT,23000.75,-315.0,True,16.4,True
716,NQ,Mon,11:30,Out-of-Sample,2025-07-14T15:55:25.209411,2025-07-14 11:55:25,SHORT,23001.0,-345.0,True,16.4,True
716,NQ,Mon,11:30,Out-of-Sample,2025-07-14T15:55:41.328701,2025-07-14 11:55:41,SHORT,22998.0,-825.0,True,16.4,True
716,NQ,Mon,11:30,Out-of-Sample,2025-07-14T15:58:20.489487,2025-07-14 11:58:20,LONG,23006.75,-405.0,True,16.4,True
716,NQ,Mon,11:30,Out-of-Sample,2025-07-14T15:58:20.571913,2025-07-14 11:58:20,LONG,23006.75,130.0,True,16.4,True
716,NQ,Mon,11:30,Out-of-Sample,2025-07-14T15:58:20.571913,2025-07-14 11:58:20,LONG,23006.75,260.0,True,16.4,True
716,NQ,Mon,11:30,Out-of-Sample,2025-07-14T15:58:20.571913,2025-07-14 11:58:20,LONG,23006.75,255.0,True,16.4,True
716,NQ,Mon,11:30,Out-of-Sample,2025-07-14T15:58:59.486816,2025-07-14 11:58:59,LONG,23008.75,-15.0,True,16.4,True
716,NQ,Mon,11:30,Out-of-Sample,2025-07-21T15:30:25.359869,2025-07-21 11:30:25,LONG,23400.25,35.0,True,16.41,True
716,NQ,Mon,11:30,Out-of-Sample,2025-07-21T15:30:25.359869,2025-07-21 11:30:25,LONG,23400.25,10.0,True,16.41,True
716,NQ,Mon,11:30,Out-of-Sample,2025-07-21T15:30:25.360089,2025-07-21 11:30:25,LONG,23400.25,-420.0,True,16.41,True
716,NQ,Mon,11:30,Out-of-Sample,2025-07-21T15:42:21.831534,2025-07-21 11:42:21,SHORT,23397.5,100.0,True,16.41,True
716,NQ,Mon,11:30,Out-of-Sample,2025-07-21T15:42:21.831534,2025-07-21 11:42:21,SHORT,23397.5,10.0,True,16.41,True
716,NQ,Mon,11:30,Out-of-Sample,2025-07-21T15:42:21.898324,2025-07-21 11:42:21,SHORT,23397.25,-360.0,True,16.41,True
716,NQ,Mon,11:30,Out-of-Sample,2025-07-21T15:45:10.443485,2025-07-21 11:45:10,SHORT,23395.0,-450.0,True,16.41,True
716,NQ,Mon,11:30,Out-of-Sample,2025-07-21T15:45:10.676580,2025-07-21 11:45:10,SHORT,23395.0,145.0,True,16.41,True
716,NQ,Mon,11:30,Out-of-Sample,2025-07-21T15:45:10.676580,2025-07-21 11:45:10,SHORT,23395.0,370.0,True,16.41,True
716,NQ,Mon,11:30,Out-of-Sample,2025-07-21T15:45:23.790465,2025-07-21 11:45:23,SHORT,23393.5,-465.0,True,16.41,True
716,NQ,Mon,11:30,Out-of-Sample,2025-07-21T15:50:24.098155,2025-07-21 11:50:24,SHORT,23397.0,100.0,True,16.41,True
716,NQ,Mon,11:30,Out-of-Sample,2025-07-21T15:50:24.098155,2025-07-21 11:50:24,SHORT,23397.0,200.0,True,16.41,True
716,NQ,Mon,11:30,Out-of-Sample,2025-07-21T15:50:24.098155,2025-07-21 11:50:24,SHORT,23397.0,295.0,True,16.41,True
716,NQ,Mon,11:30,Out-of-Sample,2025-07-21T15:56:32.460495,2025-07-21 11:56:32,SHORT,23390.25,75.0,True,16.41,True
716,NQ,Mon,11:30,Out-of-Sample,2025-07-21T15:56:32.460495,2025-07-21 11:56:32,SHORT,23390.25,150.0,True,16.41,True
716,NQ,Mon,11:30,Out-of-Sample,2025-07-21T15:56:32.460495,2025-07-21 11:56:32,SHORT,23390.25,195.0,True,16.41,True
716,NQ,Mon,11:30,Out-of-Sample,2025-07-21T15:56:32.988325,2025-07-21 11:56:32,SHORT,23389.75,220.0,True,16.41,True
716,NQ,Mon,11:30,Out-of-Sample,2025-07-21T15:57:04.126786,2025-07-21 11:57:04,SHORT,23386.0,75.0,True,16.41,True
716,NQ,Mon,11:30,Out-of-Sample,2025-07-21T15:57:04.126786,2025-07-21 11:57:04,SHORT,23386.0,10.0,True,16.41,True
716,NQ,Mon,11:30,Out-of-Sample,2025-07-21T15:57:25.248550,2025-07-21 11:57:25,SHORT,23385.25,105.0,True,16.41,True
716,NQ,Mon,11:30,Out-of-Sample,2025-07-21T15:57:25.248550,2025-07-21 11:57:25,SHORT,23385.25,210.0,True,16.41,True
716,NQ,Mon,11:30,Out-of-Sample,2025-07-21T15:57:25.248550,2025-07-21 11:57:25,SHORT,23385.25,80.0,True,16.41,True
716,NQ,Mon,11:30,Out-of-Sample,2025-07-28T15:31:11.010585,2025-07-28 11:31:11,SHORT,23478.25,-240.0,True,14.93,True
716,NQ,Mon,11:30,Out-of-Sample,2025-07-28T15:31:53.600265,2025-07-28 11:31:53,LONG,23486.5,0.0,True,14.93,True
716,NQ,Mon,11:30,Out-of-Sample,2025-07-28T15:32:58.025572,2025-07-28 11:32:58,SHORT,23480.75,-400.0,True,14.93,True
716,NQ,Mon,11:30,Out-of-Sample,2025-07-28T15:32:59.171841,2025-07-28 11:32:59,SHORT,23480.0,100.0,True,14.93,True
716,NQ,Mon,11:30,Out-of-Sample,2025-07-28T15:39:52.204444,2025-07-28 11:39:52,SHORT,23483.5,-330.0,True,14.93,True
716,NQ,Mon,11:30,Out-of-Sample,2025-07-28T15:39:52.339613,2025-07-28 11:39:52,SHORT,23483.5,-85.0,True,14.93,True
716,NQ,Mon,11:30,Out-of-Sample,2025-07-28T15:39:52.339613,2025-07-28 11:39:52,SHORT,23483.5,10.0,True,14.93,True
716,NQ,Mon,11:30,Out-of-Sample,2025-07-28T15:39:52.339613,2025-07-28 11:39:52,SHORT,23483.5,-10.0,True,14.93,True
716,NQ,Mon,11:30,Out-of-Sample,2025-07-28T15:40:48.799450,2025-07-28 11:40:48,SHORT,23480.25,-615.0,True,14.93,True
716,NQ,Mon,11:30,Out-of-Sample,2025-07-28T15:47:14.124877,2025-07-28 11:47:14,LONG,23492.5,-50.0,True,14.93,True
716,NQ,Mon,11:30,Out-of-Sample,2025-07-28T15:50:53.928267,2025-07-28 11:50:53,SHORT,23495.0,-60.0,True,14.93,True
716,NQ,Mon,11:30,Out-of-Sample,2025-07-28T15:58:38.613682,2025-07-28 11:58:38,SHORT,23492.5,100.0,True,14.93,True
716,NQ,Mon,11:30,Out-of-Sample,2025-07-28T15:58:38.613682,2025-07-28 11:58:38,SHORT,23492.5,195.0,True,14.93,True
716,NQ,Mon,11:30,Out-of-Sample,2025-07-28T15:58:38.613682,2025-07-28 11:58:38,SHORT,23492.5,170.0,True,14.93,True
716,NQ,Mon,11:30,Out-of-Sample,2025-07-28T15:58:38.780763,2025-07-28 11:58:38,SHORT,23492.75,-840.0,True,14.93,True
716,NQ,Mon,11:30,Out-of-Sample,2025-08-04T15:31:40.697389,2025-08-04 11:31:40,SHORT,23206.25,-420.0,True,20.38,False
716,NQ,Mon,11:30,Out-of-Sample,2025-08-04T15:34:20.564668,2025-08-04 11:34:20,LONG,23223.0,55.0,True,20.38,False
716,NQ,Mon,11:30,Out-of-Sample,2025-08-04T15:34:20.564668,2025-08-04 11:34:20,LONG,23223.0,10.0,True,20.38,False
716,NQ,Mon,11:30,Out-of-Sample,2025-08-04T15:34:20.565248,2025-08-04 11:34:20,LONG,23223.0,-265.0,True,20.38,False
716,NQ,Mon,11:30,Out-of-Sample,2025-08-04T15:40:53.352799,2025-08-04 11:40:53,SHORT,23209.75,-490.0,True,20.38,False
716,NQ,Mon,11:30,Out-of-Sample,2025-08-04T15:42:06.343074,2025-08-04 11:42:06,SHORT,23207.0,170.0,True,20.38,False
716,NQ,Mon,11:30,Out-of-Sample,2025-08-04T15:42:06.343074,2025-08-04 11:42:06,SHORT,23207.0,10.0,True,20.38,False
716,NQ,Mon,11:30,Out-of-Sample,2025-08-04T15:42:06.343504,2025-08-04 11:42:06,SHORT,23207.0,170.0,True,20.38,False
716,NQ,Mon,11:30,Out-of-Sample,2025-08-04T15:42:06.343504,2025-08-04 11:42:06,SHORT,23207.0,-90.0,True,20.38,False
716,NQ,Mon,11:30,Out-of-Sample,2025-08-04T15:42:06.365146,2025-08-04 11:42:06,SHORT,23207.25,-1155.0,True,20.38,False
716,NQ,Mon,11:30,Out-of-Sample,2025-08-04T15:50:00.440854,2025-08-04 11:50:00,LONG,23222.0,225.0,True,20.38,False
716,NQ,Mon,11:30,Out-of-Sample,2025-08-04T15:50:00.623012,2025-08-04 11:50:00,LONG,23221.5,55.0,True,20.38,False
716,NQ,Mon,11:30,Out-of-Sample,2025-08-04T15:50:00.623012,2025-08-04 11:50:00,LONG,23221.5,285.0,True,20.38,False
716,NQ,Mon,11:30,Out-of-Sample,2025-08-04T15:50:00.623012,2025-08-04 11:50:00,LONG,23221.5,655.0,True,20.38,False
716,NQ,Mon,11:30,Out-of-Sample,2025-08-04T15:50:32.942443,2025-08-04 11:50:32,LONG,23227.0,75.0,True,20.38,False
716,NQ,Mon,11:30,Out-of-Sample,2025-08-04T15:50:32.942443,2025-08-04 11:50:32,LONG,23227.0,0.0,True,20.38,False
716,NQ,Mon,11:30,Out-of-Sample,2025-08-04T15:52:42.986525,2025-08-04 11:52:42,LONG,23232.5,155.0,True,20.38,False
716,NQ,Mon,11:30,Out-of-Sample,2025-08-04T15:52:42.986525,2025-08-04 11:52:42,LONG,23232.5,345.0,True,20.38,False
716,NQ,Mon,11:30,Out-of-Sample,2025-08-04T15:52:42.986525,2025-08-04 11:52:42,LONG,23232.5,405.0,True,20.38,False
716,NQ,Mon,11:30,Out-of-Sample,2025-08-04T15:52:42.996405,2025-08-04 11:52:42,LONG,23232.5,50.0,True,20.38,False
716,NQ,Mon,11:30,Out-of-Sample,2025-08-04T15:52:42.996405,2025-08-04 11:52:42,LONG,23232.5,100.0,True,20.38,False
716,NQ,Mon,11:30,Out-of-Sample,2025-08-04T15:52:42.996405,2025-08-04 11:52:42,LONG,23232.5,225.0,True,20.38,False
716,NQ,Mon,11:30,Out-of-Sample,2025-08-04T15:53:38.680718,2025-08-04 11:53:38,LONG,23234.5,75.0,True,20.38,False
716,NQ,Mon,11:30,Out-of-Sample,2025-08-04T15:53:38.680718,2025-08-04 11:53:38,LONG,23234.5,150.0,True,20.38,False
716,NQ,Mon,11:30,Out-of-Sample,2025-08-04T15:53:38.680718,2025-08-04 11:53:38,LONG,23234.5,405.0,True,20.38,False
716,NQ,Mon,11:30,Out-of-Sample,2025-08-04T15:56:12.194014,2025-08-04 11:56:12,LONG,23245.5,160.0,True,20.38,False
716,NQ,Mon,11:30,Out-of-Sample,2025-08-04T15:56:12.194014,2025-08-04 11:56:12,LONG,23245.5,320.0,True,20.38,False
716,NQ,Mon,11:30,Out-of-Sample,2025-08-04T15:56:12.194014,2025-08-04 11:56:12,LONG,23245.5,280.0,True,20.38,False
716,NQ,Mon,11:30,Out-of-Sample,2025-08-04T15:56:12.367057,2025-08-04 11:56:12,LONG,23245.25,160.0,True,20.38,False
716,NQ,Mon,11:30,Out-of-Sample,2025-08-04T15:56:12.367057,2025-08-04 11:56:12,LONG,23245.25,320.0,True,20.38,False
716,NQ,Mon,11:30,Out-of-Sample,2025-08-04T15:56:12.367057,2025-08-04 11:56:12,LONG,23245.25,280.0,True,20.38,False
716,NQ,Mon,11:30,Out-of-Sample,2025-08-04T15:56:43.479818,2025-08-04 11:56:43,LONG,23247.0,225.0,True,20.38,False
716,NQ,Mon,11:30,Out-of-Sample,2025-08-04T15:56:43.479818,2025-08-04 11:56:43,LONG,23247.0,280.0,True,20.38,False
716,NQ,Mon,11:30,Out-of-Sample,2025-08-04T15:57:03.190447,2025-08-04 11:57:03,SHORT,23247.5,-530.0,True,20.38,False
716,NQ,Mon,11:30,Out-of-Sample,2025-08-04T15:57:20.223357,2025-08-04 11:57:20,SHORT,23253.0,-240.0,True,20.38,False
716,NQ,Mon,11:30,Out-of-Sample,2025-08-11T15:30:32.674970,2025-08-11 11:30:32,SHORT,23728.25,-450.0,True,15.15,True
716,NQ,Mon,11:30,Out-of-Sample,2025-08-11T15:31:03.366194,2025-08-11 11:31:03,LONG,23735.75,-60.0,True,15.15,True
716,NQ,Mon,11:30,Out-of-Sample,2025-08-11T15:31:07.114457,2025-08-11 11:31:07,LONG,23736.25,-200.0,True,15.15,True
716,NQ,Mon,11:30,Out-of-Sample,2025-08-11T15:37:32.199547,2025-08-11 11:37:32,SHORT,23731.25,130.0,True,15.15,True
716,NQ,Mon,11:30,Out-of-Sample,2025-08-11T15:37:32.199547,2025-08-11 11:37:32,SHORT,23731.25,265.0,True,15.15,True
716,NQ,Mon,11:30,Out-of-Sample,2025-08-11T15:37:32.199547,2025-08-11 11:37:32,SHORT,23731.25,120.0,True,15.15,True
716,NQ,Mon,11:30,Out-of-Sample,2025-08-11T15:37:32.438449,2025-08-11 11:37:32,SHORT,23731.25,130.0,True,15.15,True
716,NQ,Mon,11:30,Out-of-Sample,2025-08-11T15:38:58.746767,2025-08-11 11:38:58,SHORT,23724.25,-900.0,True,15.15,True
716,NQ,Mon,11:30,Out-of-Sample,2025-08-11T15:40:34.026367,2025-08-11 11:40:34,LONG,23729.0,495.0,True,15.15,True
716,NQ,Mon,11:30,Out-of-Sample,2025-08-11T15:40:34.026367,2025-08-11 11:40:34,LONG,23729.0,440.0,True,15.15,True
716,NQ,Mon,11:30,Out-of-Sample,2025-08-11T15:50:16.494972,2025-08-11 11:50:16,LONG,23742.25,175.0,True,15.15,True
716,NQ,Mon,11:30,Out-of-Sample,2025-08-11T15:50:16.494972,2025-08-11 11:50:16,LONG,23742.25,355.0,True,15.15,True
716,NQ,Mon,11:30,Out-of-Sample,2025-08-11T15:50:16.494972,2025-08-11 11:50:16,LONG,23742.25,390.0,True,15.15,True
716,NQ,Mon,11:30,Out-of-Sample,2025-08-11T15:50:31.465938,2025-08-11 11:50:31,LONG,23747.0,80.0,True,15.15,True
716,NQ,Mon,11:30,Out-of-Sample,2025-08-11T15:50:31.465938,2025-08-11 11:50:31,LONG,23747.0,160.0,True,15.15,True
716,NQ,Mon,11:30,Out-of-Sample,2025-08-11T15:50:31.624631,2025-08-11 11:50:31,LONG,23747.0,135.0,True,15.15,True
716,NQ,Mon,11:30,Out-of-Sample,2025-08-11T15:50:31.624631,2025-08-11 11:50:31,LONG,23747.0,160.0,True,15.15,True
716,NQ,Mon,11:30,Out-of-Sample,2025-08-11T15:51:20.870862,2025-08-11 11:51:20,LONG,23749.0,115.0,True,15.15,True
716,NQ,Mon,11:30,Out-of-Sample,2025-08-11T15:51:20.870862,2025-08-11 11:51:20,LONG,23749.0,10.0,True,15.15,True
716,NQ,Mon,11:30,Out-of-Sample,2025-08-11T15:51:59.730751,2025-08-11 11:51:59,LONG,23753.0,-150.0,True,15.15,True
716,NQ,Mon,11:30,Out-of-Sample,2025-08-11T15:54:23.910536,2025-08-11 11:54:23,SHORT,23751.0,-495.0,True,15.15,True
716,NQ,Mon,11:30,Out-of-Sample,2025-08-11T15:54:24.264130,2025-08-11 11:54:24,SHORT,23751.0,-190.0,True,15.15,True
716,NQ,Mon,11:30,Out-of-Sample,2025-08-11T15:55:16.604653,2025-08-11 11:55:16,LONG,23757.5,90.0,True,15.15,True
716,NQ,Mon,11:30,Out-of-Sample,2025-08-11T15:55:16.604653,2025-08-11 11:55:16,LONG,23757.5,10.0,True,15.15,True
716,NQ,Mon,11:30,Out-of-Sample,2025-08-11T15:57:30.537174,2025-08-11 11:57:30,LONG,23760.5,-10.0,True,15.15,True
716,NQ,Mon,11:30,Out-of-Sample,2025-08-18T15:31:13.983642,2025-08-18 11:31:13,SHORT,23736.75,-690.0,True,15.09,True
716,NQ,Mon,11:30,Out-of-Sample,2025-08-18T15:48:01.044045,2025-08-18 11:48:01,LONG,23756.5,-720.0,True,15.09,True
716,NQ,Mon,11:30,Out-of-Sample,2025-08-18T15:55:25.015638,2025-08-18 11:55:25,SHORT,23745.0,-165.0,True,15.09,True
716,NQ,Mon,11:30,Out-of-Sample,2025-08-25T15:30:51.801701,2025-08-25 11:30:51,SHORT,23591.5,-480.0,True,14.22,True
716,NQ,Mon,11:30,Out-of-Sample,2025-08-25T15:33:50.064298,2025-08-25 11:33:50,SHORT,23595.75,125.0,True,14.22,True
716,NQ,Mon,11:30,Out-of-Sample,2025-08-25T15:33:50.064298,2025-08-25 11:33:50,SHORT,23595.75,255.0,True,14.22,True
716,NQ,Mon,11:30,Out-of-Sample,2025-08-25T15:33:50.064298,2025-08-25 11:33:50,SHORT,23595.75,125.0,True,14.22,True
716,NQ,Mon,11:30,Out-of-Sample,2025-08-25T15:33:50.130007,2025-08-25 11:33:50,SHORT,23595.75,125.0,True,14.22,True
716,NQ,Mon,11:30,Out-of-Sample,2025-08-25T15:33:50.130007,2025-08-25 11:33:50,SHORT,23595.75,255.0,True,14.22,True
716,NQ,Mon,11:30,Out-of-Sample,2025-08-25T15:33:50.130007,2025-08-25 11:33:50,SHORT,23595.75,125.0,True,14.22,True
716,NQ,Mon,11:30,Out-of-Sample,2025-08-25T15:35:54.408517,2025-08-25 11:35:54,SHORT,23589.75,200.0,True,14.22,True
716,NQ,Mon,11:30,Out-of-Sample,2025-08-25T15:35:54.408517,2025-08-25 11:35:54,SHORT,23589.75,-620.0,True,14.22,True
716,NQ,Mon,11:30,Out-of-Sample,2025-08-25T15:36:16.803010,2025-08-25 11:36:16,SHORT,23587.75,135.0,True,14.22,True
716,NQ,Mon,11:30,Out-of-Sample,2025-08-25T15:36:16.803010,2025-08-25 11:36:16,SHORT,23587.75,10.0,True,14.22,True
716,NQ,Mon,11:30,Out-of-Sample,2025-08-25T15:42:45.324034,2025-08-25 11:42:45,SHORT,23585.75,-570.0,True,14.22,True
716,NQ,Mon,11:30,Out-of-Sample,2025-08-25T15:42:45.569277,2025-08-25 11:42:45,SHORT,23586.0,-390.0,True,14.22,True
716,NQ,Mon,11:30,Out-of-Sample,2025-08-25T15:50:22.822459,2025-08-25 11:50:22,LONG,23599.25,75.0,True,14.22,True
716,NQ,Mon,11:30,Out-of-Sample,2025-08-25T15:50:22.822459,2025-08-25 11:50:22,LONG,23599.25,150.0,True,14.22,True
716,NQ,Mon,11:30,Out-of-Sample,2025-08-25T15:50:22.822459,2025-08-25 11:50:22,LONG,23599.25,115.0,True,14.22,True
716,NQ,Mon,11:30,Out-of-Sample,2025-08-25T15:51:54.387379,2025-08-25 11:51:54,LONG,23608.75,125.0,True,14.22,True
716,NQ,Mon,11:30,Out-of-Sample,2025-08-25T15:51:54.387379,2025-08-25 11:51:54,LONG,23608.75,50.0,True,14.22,True
716,NQ,Mon,11:30,Out-of-Sample,2025-08-25T15:53:51.521646,2025-08-25 11:53:51,SHORT,23612.25,100.0,True,14.22,True
716,NQ,Mon,11:30,Out-of-Sample,2025-08-25T15:53:51.521646,2025-08-25 11:53:51,SHORT,23612.25,200.0,True,14.22,True
716,NQ,Mon,11:30,Out-of-Sample,2025-08-25T15:53:51.521646,2025-08-25 11:53:51,SHORT,23612.25,115.0,True,14.22,True
716,NQ,Mon,11:30,Out-of-Sample,2025-08-25T15:56:30.926441,2025-08-25 11:56:30,SHORT,23599.25,-390.0,True,14.22,True
716,NQ,Mon,11:30,Out-of-Sample,2025-08-25T15:56:31.175338,2025-08-25 11:56:31,SHORT,23599.25,-795.0,True,14.22,True
716,NQ,Mon,11:30,Out-of-Sample,2025-08-25T15:57:19.607507,2025-08-25 11:57:19,SHORT,23597.25,-195.0,True,14.22,True
716,NQ,Mon,11:30,Out-of-Sample,2025-09-01T15:39:01.100626,2025-09-01 11:39:01,LONG,23506.0,-270.0,True,,True
716,NQ,Mon,11:30,Out-of-Sample,2025-09-01T15:55:45.458193,2025-09-01 11:55:45,SHORT,23497.0,40.0,True,,True
716,NQ,Mon,11:30,Out-of-Sample,2025-09-01T15:55:45.458193,2025-09-01 11:55:45,SHORT,23497.0,10.0,True,,True
716,NQ,Mon,11:30,Out-of-Sample,2025-09-08T15:30:01.880622,2025-09-08 11:30:01,SHORT,23871.25,-190.0,True,15.18,True
716,NQ,Mon,11:30,Out-of-Sample,2025-09-08T15:30:10.369461,2025-09-08 11:30:10,LONG,23876.75,50.0,True,15.18,True
716,NQ,Mon,11:30,Out-of-Sample,2025-09-08T15:30:10.369461,2025-09-08 11:30:10,LONG,23876.75,10.0,True,15.18,True
716,NQ,Mon,11:30,Out-of-Sample,2025-09-08T15:30:10.369681,2025-09-08 11:30:10,LONG,23876.75,-1710.0,True,15.18,True
716,NQ,Mon,11:30,Out-of-Sample,2025-09-08T15:34:15.910390,2025-09-08 11:34:15,SHORT,23873.5,545.0,True,15.18,True
716,NQ,Mon,11:30,Out-of-Sample,2025-09-08T15:34:15.910846,2025-09-08 11:34:15,SHORT,23873.25,175.0,True,15.18,True
716,NQ,Mon,11:30,Out-of-Sample,2025-09-08T15:34:15.910846,2025-09-08 11:34:15,SHORT,23873.25,355.0,True,15.18,True
716,NQ,Mon,11:30,Out-of-Sample,2025-09-08T15:34:15.910846,2025-09-08 11:34:15,SHORT,23873.25,440.0,True,15.18,True
716,NQ,Mon,11:30,Out-of-Sample,2025-09-08T15:34:18.969803,2025-09-08 11:34:18,SHORT,23870.25,160.0,True,15.18,True
716,NQ,Mon,11:30,Out-of-Sample,2025-09-08T15:34:18.969803,2025-09-08 11:34:18,SHORT,23870.25,395.0,True,15.18,True
716,NQ,Mon,11:30,Out-of-Sample,2025-09-08T15:46:21.945953,2025-09-08 11:46:21,SHORT,23851.5,120.0,True,15.18,True
716,NQ,Mon,11:30,Out-of-Sample,2025-09-08T15:46:21.945953,2025-09-08 11:46:21,SHORT,23851.5,245.0,True,15.18,True
716,NQ,Mon,11:30,Out-of-Sample,2025-09-08T15:46:21.945953,2025-09-08 11:46:21,SHORT,23851.5,85.0,True,15.18,True
716,NQ,Mon,11:30,Out-of-Sample,2025-09-08T15:46:22.152918,2025-09-08 11:46:22,SHORT,23851.75,120.0,True,15.18,True
716,NQ,Mon,11:30,Out-of-Sample,2025-09-08T15:46:22.152918,2025-09-08 11:46:22,SHORT,23851.75,245.0,True,15.18,True
716,NQ,Mon,11:30,Out-of-Sample,2025-09-08T15:46:22.152918,2025-09-08 11:46:22,SHORT,23851.75,90.0,True,15.18,True
716,NQ,Mon,11:30,Out-of-Sample,2025-09-08T15:46:29.171422,2025-09-08 11:46:29,SHORT,23847.75,50.0,True,15.18,True
716,NQ,Mon,11:30,Out-of-Sample,2025-09-08T15:46:29.171422,2025-09-08 11:46:29,SHORT,23847.75,100.0,True,15.18,True
716,NQ,Mon,11:30,Out-of-Sample,2025-09-08T15:46:29.171422,2025-09-08 11:46:29,SHORT,23847.75,-5.0,True,15.18,True
716,NQ,Mon,11:30,Out-of-Sample,2025-09-08T15:46:33.441123,2025-09-08 11:46:33,SHORT,23846.75,10.0,True,15.18,True
716,NQ,Mon,11:30,Out-of-Sample,2025-09-08T15:46:33.441123,2025-09-08 11:46:33,SHORT,23846.75,-10.0,True,15.18,True
716,NQ,Mon,11:30,Out-of-Sample,2025-09-08T15:46:33.441123,2025-09-08 11:46:33,SHORT,23846.75,210.0,True,15.18,True
716,NQ,Mon,11:30,Out-of-Sample,2025-09-08T15:47:25.749670,2025-09-08 11:47:25,LONG,23847.25,-30.0,True,15.18,True
716,NQ,Mon,11:30,Out-of-Sample,2025-09-08T15:47:25.846539,2025-09-08 11:47:25,LONG,23847.25,-15.0,True,15.18,True
716,NQ,Mon,11:30,Out-of-Sample,2025-09-08T15:47:27.458262,2025-09-08 11:47:27,SHORT,23846.75,420.0,True,15.18,True
716,NQ,Mon,11:30,Out-of-Sample,2025-09-08T15:47:51.665608,2025-09-08 11:47:51,SHORT,23837.25,125.0,True,15.18,True
716,NQ,Mon,11:30,Out-of-Sample,2025-09-08T15:47:51.665608,2025-09-08 11:47:51,SHORT,23837.25,-100.0,True,15.18,True
716,NQ,Mon,11:30,Out-of-Sample,2025-09-08T15:47:51.900322,2025-09-08 11:47:51,SHORT,23837.5,125.0,True,15.18,True
716,NQ,Mon,11:30,Out-of-Sample,2025-09-08T15:47:51.900322,2025-09-08 11:47:51,SHORT,23837.5,0.0,True,15.18,True
716,NQ,Mon,11:30,Out-of-Sample,2025-09-08T15:48:00.959083,2025-09-08 11:48:00,SHORT,23832.75,-1785.0,True,15.18,True
716,NQ,Mon,11:30,Out-of-Sample,2025-09-08T15:48:01.508097,2025-09-08 11:48:01,SHORT,23832.0,-60.0,True,15.18,True
716,NQ,Mon,11:30,Out-of-Sample,2025-09-08T15:48:01.508097,2025-09-08 11:48:01,SHORT,23832.0,-250.0,True,15.18,True
716,NQ,Mon,11:30,Out-of-Sample,2025-09-08T15:55:25.784562,2025-09-08 11:55:25,LONG,23869.5,50.0,True,15.18,True
716,NQ,Mon,11:30,Out-of-Sample,2025-09-08T15:55:25.784562,2025-09-08 11:55:25,LONG,23869.5,100.0,True,15.18,True
716,NQ,Mon,11:30,Out-of-Sample,2025-09-08T15:55:25.784562,2025-09-08 11:55:25,LONG,23869.5,-75.0,True,15.18,True
716,NQ,Mon,11:30,Out-of-Sample,2025-09-15T15:31:49.289124,2025-09-15 11:31:49,SHORT,24250.75,-570.0,True,14.76,True
716,NQ,Mon,11:30,Out-of-Sample,2025-09-15T15:31:49.326625,2025-09-15 11:31:49,SHORT,24250.75,-525.0,True,14.76,True
716,NQ,Mon,11:30,Out-of-Sample,2025-09-15T15:38:27.950738,2025-09-15 11:38:27,LONG,24261.75,75.0,True,14.76,True
716,NQ,Mon,11:30,Out-of-Sample,2025-09-15T15:38:27.950738,2025-09-15 11:38:27,LONG,24261.75,330.0,True,14.76,True
716,NQ,Mon,11:30,Out-of-Sample,2025-09-15T15:38:27.950738,2025-09-15 11:38:27,LONG,24261.75,0.0,True,14.76,True
716,NQ,Mon,11:30,Out-of-Sample,2025-09-15T15:39:02.020840,2025-09-15 11:39:02,LONG,24262.5,95.0,True,14.76,True
716,NQ,Mon,11:30,Out-of-Sample,2025-09-15T15:39:02.020840,2025-09-15 11:39:02,LONG,24262.5,10.0,True,14.76,True
716,NQ,Mon,11:30,Out-of-Sample,2025-09-15T15:40:01.007562,2025-09-15 11:40:01,LONG,24266.5,570.0,True,14.76,True
716,NQ,Mon,11:30,Out-of-Sample,2025-09-15T15:40:01.007562,2025-09-15 11:40:01,LONG,24266.5,670.0,True,14.76,True
716,NQ,Mon,11:30,Out-of-Sample,2025-09-15T15:40:01.099996,2025-09-15 11:40:01,LONG,24266.5,35.0,True,14.76,True
716,NQ,Mon,11:30,Out-of-Sample,2025-09-15T15:40:01.099996,2025-09-15 11:40:01,LONG,24266.5,10.0,True,14.76,True
716,NQ,Mon,11:30,Out-of-Sample,2025-09-15T15:41:07.060471,2025-09-15 11:41:07,LONG,24271.25,-540.0,True,14.76,True
716,NQ,Mon,11:30,Out-of-Sample,2025-09-15T15:41:07.216537,2025-09-15 11:41:07,LONG,24271.75,-450.0,True,14.76,True
716,NQ,Mon,11:30,Out-of-Sample,2025-09-15T15:44:37.133344,2025-09-15 11:44:37,SHORT,24262.25,-630.0,True,14.76,True
716,NQ,Mon,11:30,Out-of-Sample,2025-09-15T15:44:37.283025,2025-09-15 11:44:37,SHORT,24262.25,-435.0,True,14.76,True
716,NQ,Mon,11:30,Out-of-Sample,2025-09-15T15:45:04.247729,2025-09-15 11:45:04,SHORT,24260.0,-900.0,True,14.76,True
716,NQ,Mon,11:30,Out-of-Sample,2025-09-15T15:50:23.251781,2025-09-15 11:50:23,SHORT,24278.0,-300.0,True,14.76,True
716,NQ,Mon,11:30,Out-of-Sample,2025-09-15T15:54:59.933201,2025-09-15 11:54:59,LONG,24283.0,-465.0,True,14.76,True
716,NQ,Mon,11:30,Out-of-Sample,2025-09-15T15:59:10.258630,2025-09-15 11:59:10,SHORT,24280.75,135.0,True,14.76,True
716,NQ,Mon,11:30,Out-of-Sample,2025-09-15T15:59:10.258630,2025-09-15 11:59:10,SHORT,24280.75,85.0,True,14.76,True
716,NQ,Mon,11:30,Out-of-Sample,2025-09-22T15:33:12.070956,2025-09-22 11:33:12,SHORT,24919.5,90.0,True,15.45,True
716,NQ,Mon,11:30,Out-of-Sample,2025-09-22T15:33:12.070956,2025-09-22 11:33:12,SHORT,24919.5,185.0,True,15.45,True
716,NQ,Mon,11:30,Out-of-Sample,2025-09-22T15:33:12.070956,2025-09-22 11:33:12,SHORT,24919.5,210.0,True,15.45,True
716,NQ,Mon,11:30,Out-of-Sample,2025-09-22T15:33:12.084404,2025-09-22 11:33:12,SHORT,24919.5,90.0,True,15.45,True
716,NQ,Mon,11:30,Out-of-Sample,2025-09-22T15:33:12.084404,2025-09-22 11:33:12,SHORT,24919.5,185.0,True,15.45,True
716,NQ,Mon,11:30,Out-of-Sample,2025-09-22T15:33:12.084404,2025-09-22 11:33:12,SHORT,24919.5,210.0,True,15.45,True
716,NQ,Mon,11:30,Out-of-Sample,2025-09-22T15:34:43.184456,2025-09-22 11:34:43,SHORT,24905.75,-150.0,True,15.45,True
716,NQ,Mon,11:30,Out-of-Sample,2025-09-22T15:34:43.390829,2025-09-22 11:34:43,SHORT,24908.0,135.0,True,15.45,True
716,NQ,Mon,11:30,Out-of-Sample,2025-09-22T15:34:43.390829,2025-09-22 11:34:43,SHORT,24908.0,-160.0,True,15.45,True
716,NQ,Mon,11:30,Out-of-Sample,2025-09-22T15:35:01.673495,2025-09-22 11:35:01,SHORT,24897.75,-1710.0,True,15.45,True
716,NQ,Mon,11:30,Out-of-Sample,2025-09-22T15:35:01.673757,2025-09-22 11:35:01,SHORT,24897.75,-2775.0,True,15.45,True
716,NQ,Mon,11:30,Out-of-Sample,2025-09-22T15:36:56.390960,2025-09-22 11:36:56,SHORT,24898.5,-555.0,True,15.45,True
716,NQ,Mon,11:30,Out-of-Sample,2025-09-22T15:36:56.425109,2025-09-22 11:36:56,SHORT,24898.5,-585.0,True,15.45,True
716,NQ,Mon,11:30,Out-of-Sample,2025-09-22T15:40:53.058405,2025-09-22 11:40:53,SHORT,24907.5,-450.0,True,15.45,True
716,NQ,Mon,11:30,Out-of-Sample,2025-09-22T15:40:53.122799,2025-09-22 11:40:53,SHORT,24907.5,-420.0,True,15.45,True
716,NQ,Mon,11:30,Out-of-Sample,2025-09-22T15:50:32.592270,2025-09-22 11:50:32,LONG,24918.0,-465.0,True,15.45,True
716,NQ,Mon,11:30,Out-of-Sample,2025-10-06T15:46:17.632959,2025-10-06 11:46:17,LONG,25193.25,185.0,True,16.65,True
716,NQ,Mon,11:30,Out-of-Sample,2025-10-06T15:46:17.632959,2025-10-06 11:46:17,LONG,25193.25,365.0,True,16.65,True
716,NQ,Mon,11:30,Out-of-Sample,2025-10-06T15:46:17.632959,2025-10-06 11:46:17,LONG,25193.25,190.0,True,16.65,True
716,NQ,Mon,11:30,Out-of-Sample,2025-10-06T15:49:16.171352,2025-10-06 11:49:16,LONG,25197.5,130.0,True,16.65,True
716,NQ,Mon,11:30,Out-of-Sample,2025-10-06T15:49:16.171352,2025-10-06 11:49:16,LONG,25197.5,295.0,True,16.65,True
716,NQ,Mon,11:30,Out-of-Sample,2025-10-06T15:49:16.171352,2025-10-06 11:49:16,LONG,25197.5,120.0,True,16.65,True
716,NQ,Mon,11:30,Out-of-Sample,2025-10-06T15:49:59.521533,2025-10-06 11:49:59,LONG,25204.0,210.0,True,16.65,True
716,NQ,Mon,11:30,Out-of-Sample,2025-10-06T15:49:59.521533,2025-10-06 11:49:59,LONG,25204.0,20.0,True,16.65,True
716,NQ,Mon,11:30,Out-of-Sample,2025-10-06T15:49:59.657516,2025-10-06 11:49:59,LONG,25204.0,55.0,True,16.65,True
716,NQ,Mon,11:30,Out-of-Sample,2025-10-06T15:49:59.657516,2025-10-06 11:49:59,LONG,25204.0,10.0,True,16.65,True
716,NQ,Mon,11:30,Out-of-Sample,2025-10-13T15:32:04.074881,2025-10-13 11:32:04,LONG,24896.75,-1380.0,True,21.66,False
716,NQ,Mon,11:30,Out-of-Sample,2025-10-13T15:32:14.630729,2025-10-13 11:32:14,SHORT,24887.25,130.0,True,21.66,False
716,NQ,Mon,11:30,Out-of-Sample,2025-10-13T15:40:03.342982,2025-10-13 11:40:03,SHORT,24872.0,260.0,True,21.66,False
716,NQ,Mon,11:30,Out-of-Sample,2025-10-13T15:40:03.342982,2025-10-13 11:40:03,SHORT,24872.0,-470.0,True,21.66,False
716,NQ,Mon,11:30,Out-of-Sample,2025-10-13T15:40:07.142825,2025-10-13 11:40:07,SHORT,24870.25,-595.0,True,21.66,False
716,NQ,Mon,11:30,Out-of-Sample,2025-10-13T15:42:17.310088,2025-10-13 11:42:17,SHORT,24861.0,-790.0,True,21.66,False
716,NQ,Mon,11:30,Out-of-Sample,2025-10-13T15:42:17.310088,2025-10-13 11:42:17,SHORT,24861.0,-565.0,True,21.66,False
716,NQ,Mon,11:30,Out-of-Sample,2025-10-13T15:44:47.010357,2025-10-13 11:44:47,SHORT,24852.75,-495.0,True,21.66,False
716,NQ,Mon,11:30,Out-of-Sample,2025-10-13T15:48:18.984687,2025-10-13 11:48:18,SHORT,24860.25,50.0,True,21.66,False
716,NQ,Mon,11:30,Out-of-Sample,2025-10-13T15:48:18.984687,2025-10-13 11:48:18,SHORT,24860.25,-390.0,True,21.66,False
716,NQ,Mon,11:30,Out-of-Sample,2025-10-13T15:55:30.133172,2025-10-13 11:55:30,LONG,24889.25,245.0,True,21.66,False
716,NQ,Mon,11:30,Out-of-Sample,2025-10-13T15:55:30.133172,2025-10-13 11:55:30,LONG,24889.25,575.0,True,21.66,False
716,NQ,Mon,11:30,Out-of-Sample,2025-10-13T15:58:19.747167,2025-10-13 11:58:19,LONG,24900.75,-570.0,True,21.66,False
716,NQ,Mon,11:30,Out-of-Sample,2025-10-20T15:50:10.778100,2025-10-20 11:50:10,LONG,25336.25,55.0,True,20.78,False
716,NQ,Mon,11:30,Out-of-Sample,2025-10-20T15:50:10.778100,2025-10-20 11:50:10,LONG,25336.25,60.0,True,20.78,False
716,NQ,Mon,11:30,Out-of-Sample,2025-10-20T15:50:10.778244,2025-10-20 11:50:10,LONG,25336.25,-1665.0,True,20.78,False
716,NQ,Mon,11:30,Out-of-Sample,2025-10-20T15:51:25.611818,2025-10-20 11:51:25,LONG,25342.5,-1425.0,True,20.78,False
716,NQ,Mon,11:30,Out-of-Sample,2025-10-20T15:52:16.824515,2025-10-20 11:52:16,SHORT,25325.75,225.0,True,20.78,False
716,NQ,Mon,11:30,Out-of-Sample,2025-10-20T15:52:16.824515,2025-10-20 11:52:16,SHORT,25325.75,450.0,True,20.78,False
716,NQ,Mon,11:30,Out-of-Sample,2025-10-20T15:52:16.824515,2025-10-20 11:52:16,SHORT,25325.75,295.0,True,20.78,False
716,NQ,Mon,11:30,Out-of-Sample,2025-10-20T15:53:16.427590,2025-10-20 11:53:16,SHORT,25311.25,-525.0,True,20.78,False
716,NQ,Mon,11:30,Out-of-Sample,2025-10-27T15:32:56.334180,2025-10-27 11:32:56,SHORT,25895.25,-310.0,True,16.37,True
716,NQ,Mon,11:30,Out-of-Sample,2025-10-27T15:36:13.716118,2025-10-27 11:36:13,SHORT,25896.75,-270.0,True,16.37,True
716,NQ,Mon,11:30,Out-of-Sample,2025-10-27T15:36:13.716772,2025-10-27 11:36:13,SHORT,25896.75,-270.0,True,16.37,True
716,NQ,Mon,11:30,Out-of-Sample,2025-10-27T15:41:16.938809,2025-10-27 11:41:16,LONG,25905.25,-135.0,True,16.37,True
716,NQ,Mon,11:30,Out-of-Sample,2025-10-27T15:41:16.938931,2025-10-27 11:41:16,LONG,25905.25,-120.0,True,16.37,True
716,NQ,Mon,11:30,Out-of-Sample,2025-10-27T15:41:17.248306,2025-10-27 11:41:17,LONG,25904.75,30.0,True,16.37,True
716,NQ,Mon,11:30,Out-of-Sample,2025-10-27T15:45:48.518809,2025-10-27 11:45:48,SHORT,25902.75,110.0,True,16.37,True
716,NQ,Mon,11:30,Out-of-Sample,2025-10-27T15:45:48.518809,2025-10-27 11:45:48,SHORT,25902.75,10.0,True,16.37,True
716,NQ,Mon,11:30,Out-of-Sample,2025-10-27T15:45:48.704741,2025-10-27 11:45:48,SHORT,25903.0,110.0,True,16.37,True
716,NQ,Mon,11:30,Out-of-Sample,2025-10-27T15:45:48.704741,2025-10-27 11:45:48,SHORT,25903.0,215.0,True,16.37,True
716,NQ,Mon,11:30,Out-of-Sample,2025-10-27T15:45:48.704741,2025-10-27 11:45:48,SHORT,25903.0,50.0,True,16.37,True
716,NQ,Mon,11:30,Out-of-Sample,2025-10-27T15:45:48.704870,2025-10-27 11:45:48,SHORT,25903.0,50.0,True,16.37,True
716,NQ,Mon,11:30,Out-of-Sample,2025-10-27T15:45:48.704870,2025-10-27 11:45:48,SHORT,25903.0,35.0,True,16.37,True
716,NQ,Mon,11:30,Out-of-Sample,2025-10-27T15:45:48.704870,2025-10-27 11:45:48,SHORT,25903.0,115.0,True,16.37,True
716,NQ,Mon,11:30,Out-of-Sample,2025-10-27T15:50:16.338376,2025-10-27 11:50:16,SHORT,25895.25,120.0,True,16.37,True
716,NQ,Mon,11:30,Out-of-Sample,2025-10-27T15:50:16.338376,2025-10-27 11:50:16,SHORT,25895.25,10.0,True,16.37,True
716,NQ,Mon,11:30,Out-of-Sample,2025-10-27T15:50:16.370554,2025-10-27 11:50:16,SHORT,25895.25,75.0,True,16.37,True
716,NQ,Mon,11:30,Out-of-Sample,2025-10-27T15:50:16.370554,2025-10-27 11:50:16,SHORT,25895.25,-330.0,True,16.37,True
716,NQ,Mon,11:30,Out-of-Sample,2025-10-27T15:50:20.838375,2025-10-27 11:50:20,SHORT,25894.0,60.0,True,16.37,True
716,NQ,Mon,11:30,Out-of-Sample,2025-10-27T15:51:21.511130,2025-10-27 11:51:21,LONG,25903.5,-25.0,True,16.37,True
716,NQ,Mon,11:30,Out-of-Sample,2025-10-27T15:51:23.262177,2025-10-27 11:51:23,SHORT,25902.25,200.0,True,16.37,True
716,NQ,Mon,11:30,Out-of-Sample,2025-10-27T15:54:25.304029,2025-10-27 11:54:25,SHORT,25890.5,-690.0,True,16.37,True
716,NQ,Mon,11:30,Out-of-Sample,2025-10-27T15:54:25.449701,2025-10-27 11:54:25,SHORT,25890.5,-1050.0,True,16.37,True
716,NQ,Mon,11:30,Out-of-Sample,2025-10-27T15:55:02.281495,2025-10-27 11:55:02,SHORT,25888.25,-990.0,True,16.37,True
716,NQ,Mon,11:30,Out-of-Sample,2025-10-27T15:55:02.281751,2025-10-27 11:55:02,SHORT,25888.25,-990.0,True,16.37,True
716,NQ,Mon,11:30,Out-of-Sample,2025-11-03T16:30:26.152231,2025-11-03 11:30:26,SHORT,26049.5,-690.0,True,17.44,True
716,NQ,Mon,11:30,Out-of-Sample,2025-11-03T16:30:26.345015,2025-11-03 11:30:26,SHORT,26049.0,-210.0,True,17.44,True
716,NQ,Mon,11:30,Out-of-Sample,2025-11-03T16:30:26.345134,2025-11-03 11:30:26,SHORT,26049.0,-1020.0,True,17.44,True
716,NQ,Mon,11:30,Out-of-Sample,2025-11-03T16:32:15.565661,2025-11-03 11:32:15,LONG,26071.75,50.0,True,17.44,True
716,NQ,Mon,11:30,Out-of-Sample,2025-11-03T16:32:15.565661,2025-11-03 11:32:15,LONG,26071.75,100.0,True,17.44,True
716,NQ,Mon,11:30,Out-of-Sample,2025-11-03T16:32:15.565661,2025-11-03 11:32:15,LONG,26071.75,225.0,True,17.44,True
716,NQ,Mon,11:30,Out-of-Sample,2025-11-03T16:32:51.235104,2025-11-03 11:32:51,LONG,26083.75,-480.0,True,17.44,True
716,NQ,Mon,11:30,Out-of-Sample,2025-11-03T16:33:39.088914,2025-11-03 11:33:39,LONG,26085.25,240.0,True,17.44,True
716,NQ,Mon,11:30,Out-of-Sample,2025-11-03T16:33:39.088914,2025-11-03 11:33:39,LONG,26085.25,0.0,True,17.44,True
716,NQ,Mon,11:30,Out-of-Sample,2025-11-03T16:33:52.661598,2025-11-03 11:33:52,LONG,26086.25,-540.0,True,17.44,True
716,NQ,Mon,11:30,Out-of-Sample,2025-11-03T16:33:52.661911,2025-11-03 11:33:52,LONG,26086.25,-690.0,True,17.44,True
716,NQ,Mon,11:30,Out-of-Sample,2025-11-03T16:33:52.778492,2025-11-03 11:33:52,LONG,26086.25,-825.0,True,17.44,True
716,NQ,Mon,11:30,Out-of-Sample,2025-11-03T16:33:52.778684,2025-11-03 11:33:52,LONG,26086.25,-825.0,True,17.44,True
716,NQ,Mon,11:30,Out-of-Sample,2025-11-03T16:34:40.745836,2025-11-03 11:34:40,LONG,26078.0,-225.0,True,17.44,True
716,NQ,Mon,11:30,Out-of-Sample,2025-11-03T16:35:12.794972,2025-11-03 11:35:12,SHORT,26071.75,-165.0,True,17.44,True
716,NQ,Mon,11:30,Out-of-Sample,2025-11-03T16:35:54.890058,2025-11-03 11:35:54,SHORT,26062.5,-1110.0,True,17.44,True
716,NQ,Mon,11:30,Out-of-Sample,2025-11-03T16:35:56.323154,2025-11-03 11:35:56,SHORT,26059.0,-525.0,True,17.44,True
716,NQ,Mon,11:30,Out-of-Sample,2025-11-03T16:39:23.379626,2025-11-03 11:39:23,LONG,26087.0,50.0,True,17.44,True
716,NQ,Mon,11:30,Out-of-Sample,2025-11-03T16:39:23.379626,2025-11-03 11:39:23,LONG,26087.0,100.0,True,17.44,True
716,NQ,Mon,11:30,Out-of-Sample,2025-11-03T16:39:23.379626,2025-11-03 11:39:23,LONG,26087.0,225.0,True,17.44,True
716,NQ,Mon,11:30,Out-of-Sample,2025-11-03T16:41:36.332302,2025-11-03 11:41:36,SHORT,26084.5,210.0,True,17.44,True
716,NQ,Mon,11:30,Out-of-Sample,2025-11-03T16:41:36.332302,2025-11-03 11:41:36,SHORT,26084.5,0.0,True,17.44,True
716,NQ,Mon,11:30,Out-of-Sample,2025-11-03T16:41:36.535797,2025-11-03 11:41:36,SHORT,26084.5,210.0,True,17.44,True
716,NQ,Mon,11:30,Out-of-Sample,2025-11-03T16:41:36.535797,2025-11-03 11:41:36,SHORT,26084.5,0.0,True,17.44,True
716,NQ,Mon,11:30,Out-of-Sample,2025-11-03T16:42:28.452842,2025-11-03 11:42:28,SHORT,26075.0,290.0,True,17.44,True
716,NQ,Mon,11:30,Out-of-Sample,2025-11-03T16:42:28.452842,2025-11-03 11:42:28,SHORT,26075.0,205.0,True,17.44,True
716,NQ,Mon,11:30,Out-of-Sample,2025-11-03T16:42:29.796612,2025-11-03 11:42:29,LONG,26077.0,150.0,True,17.44,True
716,NQ,Mon,11:30,Out-of-Sample,2025-11-03T16:47:52.460380,2025-11-03 11:47:52,SHORT,26079.75,220.0,True,17.44,True
716,NQ,Mon,11:30,Out-of-Sample,2025-11-03T16:47:52.460380,2025-11-03 11:47:52,SHORT,26079.75,435.0,True,17.44,True
716,NQ,Mon,11:30,Out-of-Sample,2025-11-03T16:47:52.460380,2025-11-03 11:47:52,SHORT,26079.75,300.0,True,17.44,True
716,NQ,Mon,11:30,Out-of-Sample,2025-11-03T16:47:52.697118,2025-11-03 11:47:52,SHORT,26079.75,220.0,True,17.44,True
716,NQ,Mon,11:30,Out-of-Sample,2025-11-03T16:47:52.697118,2025-11-03 11:47:52,SHORT,26079.75,435.0,True,17.44,True
716,NQ,Mon,11:30,Out-of-Sample,2025-11-03T16:47:52.697118,2025-11-03 11:47:52,SHORT,26079.75,305.0,True,17.44,True
716,NQ,Mon,11:30,Out-of-Sample,2025-11-03T16:48:01.769888,2025-11-03 11:48:01,LONG,26075.75,15.0,True,17.44,True
716,NQ,Mon,11:30,Out-of-Sample,2025-11-03T16:48:17.218291,2025-11-03 11:48:17,LONG,26072.0,90.0,True,17.44,True
716,NQ,Mon,11:30,Out-of-Sample,2025-11-03T16:50:02.209262,2025-11-03 11:50:02,SHORT,26062.0,-765.0,True,17.44,True
716,NQ,Mon,11:30,Out-of-Sample,2025-11-03T16:51:02.236575,2025-11-03 11:51:02,LONG,26066.25,205.0,True,17.44,True
716,NQ,Mon,11:30,Out-of-Sample,2025-11-03T16:51:03.915357,2025-11-03 11:51:03,LONG,26071.0,290.0,True,17.44,True
716,NQ,Mon,11:30,Out-of-Sample,2025-11-03T16:51:03.915357,2025-11-03 11:51:03,LONG,26071.0,905.0,True,17.44,True
716,NQ,Mon,11:30,Out-of-Sample,2025-11-03T16:51:04.087047,2025-11-03 11:51:04,LONG,26071.0,485.0,True,17.44,True
716,NQ,Mon,11:30,Out-of-Sample,2025-11-03T16:51:04.087047,2025-11-03 11:51:04,LONG,26071.0,840.0,True,17.44,True
716,NQ,Mon,11:30,Out-of-Sample,2025-11-03T16:54:29.096376,2025-11-03 11:54:29,LONG,26091.5,225.0,True,17.44,True
716,NQ,Mon,11:30,Out-of-Sample,2025-11-03T16:54:29.096376,2025-11-03 11:54:29,LONG,26091.5,300.0,True,17.44,True
716,NQ,Mon,11:30,Out-of-Sample,2025-11-03T16:54:29.096376,2025-11-03 11:54:29,LONG,26091.5,535.0,True,17.44,True
716,NQ,Mon,11:30,Out-of-Sample,2025-11-03T16:56:26.496106,2025-11-03 11:56:26,LONG,26099.0,840.0,True,17.44,True
716,NQ,Mon,11:30,Out-of-Sample,2025-11-03T16:56:53.343326,2025-11-03 11:56:53,LONG,26106.5,300.0,True,17.44,True
716,NQ,Mon,11:30,Out-of-Sample,2025-11-03T16:56:53.343326,2025-11-03 11:56:53,LONG,26106.5,490.0,True,17.44,True
716,NQ,Mon,11:30,Out-of-Sample,2025-11-03T16:57:04.782806,2025-11-03 11:57:04,LONG,26113.0,195.0,True,17.44,True
716,NQ,Mon,11:30,Out-of-Sample,2025-11-03T16:57:04.782806,2025-11-03 11:57:04,LONG,26113.0,160.0,True,17.44,True
716,NQ,Mon,11:30,Out-of-Sample,2025-11-03T16:57:04.783038,2025-11-03 11:57:04,LONG,26113.0,195.0,True,17.44,True
716,NQ,Mon,11:30,Out-of-Sample,2025-11-03T16:57:04.783038,2025-11-03 11:57:04,LONG,26113.0,30.0,True,17.44,True
716,NQ,Mon,11:30,Out-of-Sample,2025-11-03T16:57:04.921649,2025-11-03 11:57:04,LONG,26113.0,215.0,True,17.44,True
716,NQ,Mon,11:30,Out-of-Sample,2025-11-03T16:57:04.921649,2025-11-03 11:57:04,LONG,26113.0,30.0,True,17.44,True
716,NQ,Mon,11:30,Out-of-Sample,2025-11-03T16:57:10.283366,2025-11-03 11:57:10,SHORT,26114.75,-210.0,True,17.44,True
716,NQ,Mon,11:30,Out-of-Sample,2025-11-03T16:58:42.088678,2025-11-03 11:58:42,LONG,26126.0,-435.0,True,17.44,True
716,NQ,Mon,11:30,Out-of-Sample,2025-11-17T16:31:09.578745,2025-11-17 11:31:09,LONG,25088.75,50.0,True,19.83,True
716,NQ,Mon,11:30,Out-of-Sample,2025-11-17T16:31:09.578745,2025-11-17 11:31:09,LONG,25088.75,100.0,True,19.83,True
716,NQ,Mon,11:30,Out-of-Sample,2025-11-17T16:31:09.578745,2025-11-17 11:31:09,LONG,25088.75,-95.0,True,19.83,True
716,NQ,Mon,11:30,Out-of-Sample,2025-11-17T16:31:14.329932,2025-11-17 11:31:14,LONG,25093.5,330.0,True,19.83,True
716,NQ,Mon,11:30,Out-of-Sample,2025-11-17T16:31:14.329932,2025-11-17 11:31:14,LONG,25093.5,655.0,True,19.83,True
716,NQ,Mon,11:30,Out-of-Sample,2025-11-17T16:31:14.329932,2025-11-17 11:31:14,LONG,25093.5,895.0,True,19.83,True
716,NQ,Mon,11:30,Out-of-Sample,2025-11-17T16:33:46.871682,2025-11-17 11:33:46,SHORT,25086.0,-420.0,True,19.83,True
716,NQ,Mon,11:30,Out-of-Sample,2025-11-17T16:33:47.116051,2025-11-17 11:33:47,SHORT,25086.0,-1245.0,True,19.83,True
716,NQ,Mon,11:30,Out-of-Sample,2025-11-17T16:35:37.955350,2025-11-17 11:35:37,SHORT,25080.75,-240.0,True,19.83,True
716,NQ,Mon,11:30,Out-of-Sample,2025-11-17T16:36:25.880815,2025-11-17 11:36:25,LONG,25111.75,-255.0,True,19.83,True
716,NQ,Mon,11:30,Out-of-Sample,2025-11-17T16:36:29.721034,2025-11-17 11:36:29,SHORT,25109.0,100.0,True,19.83,True
716,NQ,Mon,11:30,Out-of-Sample,2025-11-17T16:36:29.721034,2025-11-17 11:36:29,SHORT,25109.0,-180.0,True,19.83,True
716,NQ,Mon,11:30,Out-of-Sample,2025-11-17T16:37:49.220689,2025-11-17 11:37:49,LONG,25121.0,-810.0,True,19.83,True
716,NQ,Mon,11:30,Out-of-Sample,2025-11-17T16:37:49.221223,2025-11-17 11:37:49,LONG,25122.0,-630.0,True,19.83,True
716,NQ,Mon,11:30,Out-of-Sample,2025-11-17T16:38:05.455004,2025-11-17 11:38:05,SHORT,25108.75,-240.0,True,19.83,True
716,NQ,Mon,11:30,Out-of-Sample,2025-11-17T16:40:22.985984,2025-11-17 11:40:22,LONG,25131.5,75.0,True,19.83,True
716,NQ,Mon,11:30,Out-of-Sample,2025-11-17T16:40:22.985984,2025-11-17 11:40:22,LONG,25131.5,150.0,True,19.83,True
716,NQ,Mon,11:30,Out-of-Sample,2025-11-17T16:40:22.985984,2025-11-17 11:40:22,LONG,25131.5,120.0,True,19.83,True
716,NQ,Mon,11:30,Out-of-Sample,2025-11-17T16:40:31.493358,2025-11-17 11:40:31,LONG,25135.25,50.0,True,19.83,True
716,NQ,Mon,11:30,Out-of-Sample,2025-11-17T16:40:31.493358,2025-11-17 11:40:31,LONG,25135.25,100.0,True,19.83,True
716,NQ,Mon,11:30,Out-of-Sample,2025-11-17T16:40:31.493358,2025-11-17 11:40:31,LONG,25135.25,225.0,True,19.83,True
716,NQ,Mon,11:30,Out-of-Sample,2025-11-17T16:41:43.223150,2025-11-17 11:41:43,SHORT,25138.25,-730.0,True,19.83,True
716,NQ,Mon,11:30,Out-of-Sample,2025-11-17T16:43:43.799334,2025-11-17 11:43:43,LONG,25153.25,-615.0,True,19.83,True
716,NQ,Mon,11:30,Out-of-Sample,2025-11-17T16:43:56.989485,2025-11-17 11:43:56,SHORT,25139.5,-330.0,True,19.83,True
716,NQ,Mon,11:30,Out-of-Sample,2025-11-17T16:43:56.991401,2025-11-17 11:43:56,SHORT,25139.5,-1020.0,True,19.83,True
716,NQ,Mon,11:30,Out-of-Sample,2025-11-17T16:44:14.240986,2025-11-17 11:44:14,SHORT,25135.5,-1260.0,True,19.83,True
716,NQ,Mon,11:30,Out-of-Sample,2025-11-17T16:45:11.343172,2025-11-17 11:45:11,SHORT,25133.25,-1125.0,True,19.83,True
716,NQ,Mon,11:30,Out-of-Sample,2025-11-17T16:45:11.343811,2025-11-17 11:45:11,SHORT,25133.25,-225.0,True,19.83,True
716,NQ,Mon,11:30,Out-of-Sample,2025-11-17T16:46:19.985052,2025-11-17 11:46:19,SHORT,25143.0,-465.0,True,19.83,True
716,NQ,Mon,11:30,Out-of-Sample,2025-11-17T16:47:22.845291,2025-11-17 11:47:22,SHORT,25141.75,-710.0,True,19.83,True
716,NQ,Mon,11:30,Out-of-Sample,2025-11-17T16:47:22.845440,2025-11-17 11:47:22,SHORT,25141.75,-690.0,True,19.83,True
716,NQ,Mon,11:30,Out-of-Sample,2025-11-17T16:47:23.252271,2025-11-17 11:47:23,SHORT,25142.5,-135.0,True,19.83,True
716,NQ,Mon,11:30,Out-of-Sample,2025-11-17T16:48:46.540906,2025-11-17 11:48:46,LONG,25157.25,320.0,True,19.83,True
716,NQ,Mon,11:30,Out-of-Sample,2025-11-17T16:48:46.540906,2025-11-17 11:48:46,LONG,25157.25,635.0,True,19.83,True
716,NQ,Mon,11:30,Out-of-Sample,2025-11-17T16:48:46.540906,2025-11-17 11:48:46,LONG,25157.25,505.0,True,19.83,True
716,NQ,Mon,11:30,Out-of-Sample,2025-11-17T16:50:32.243448,2025-11-17 11:50:32,LONG,25173.0,50.0,True,19.83,True
716,NQ,Mon,11:30,Out-of-Sample,2025-11-17T16:50:32.243448,2025-11-17 11:50:32,LONG,25173.0,100.0,True,19.83,True
716,NQ,Mon,11:30,Out-of-Sample,2025-11-17T16:50:32.243448,2025-11-17 11:50:32,LONG,25173.0,-85.0,True,19.83,True
716,NQ,Mon,11:30,Out-of-Sample,2025-11-17T16:51:37.888801,2025-11-17 11:51:37,LONG,25180.0,345.0,True,19.83,True
716,NQ,Mon,11:30,Out-of-Sample,2025-11-17T16:51:37.888801,2025-11-17 11:51:37,LONG,25180.0,10.0,True,19.83,True
716,NQ,Mon,11:30,Out-of-Sample,2025-11-17T16:53:17.452259,2025-11-17 11:53:17,SHORT,25182.75,100.0,True,19.83,True
716,NQ,Mon,11:30,Out-of-Sample,2025-11-17T16:53:17.452259,2025-11-17 11:53:17,SHORT,25182.75,200.0,True,19.83,True
716,NQ,Mon,11:30,Out-of-Sample,2025-11-17T16:53:17.452259,2025-11-17 11:53:17,SHORT,25182.75,150.0,True,19.83,True
716,NQ,Mon,11:30,Out-of-Sample,2025-11-17T16:53:36.651867,2025-11-17 11:53:36,SHORT,25172.75,75.0,True,19.83,True
716,NQ,Mon,11:30,Out-of-Sample,2025-11-17T16:53:36.651867,2025-11-17 11:53:36,SHORT,25172.75,10.0,True,19.83,True
716,NQ,Mon,11:30,Out-of-Sample,2025-11-17T16:54:07.284842,2025-11-17 11:54:07,SHORT,25169.75,325.0,True,19.83,True
716,NQ,Mon,11:30,Out-of-Sample,2025-11-17T16:54:07.284842,2025-11-17 11:54:07,SHORT,25169.75,-760.0,True,19.83,True
716,NQ,Mon,11:30,Out-of-Sample,2025-11-17T16:55:06.603062,2025-11-17 11:55:06,SHORT,25169.5,220.0,True,19.83,True
716,NQ,Mon,11:30,Out-of-Sample,2025-11-17T16:55:06.603062,2025-11-17 11:55:06,SHORT,25169.5,340.0,True,19.83,True
716,NQ,Mon,11:30,Out-of-Sample,2025-11-17T16:55:06.615326,2025-11-17 11:55:06,SHORT,25168.5,220.0,True,19.83,True
716,NQ,Mon,11:30,Out-of-Sample,2025-11-17T16:55:06.615326,2025-11-17 11:55:06,SHORT,25168.5,10.0,True,19.83,True
716,NQ,Mon,11:30,Out-of-Sample,2025-11-17T16:55:09.481141,2025-11-17 11:55:09,SHORT,25162.75,75.0,True,19.83,True
716,NQ,Mon,11:30,Out-of-Sample,2025-11-17T16:55:09.481141,2025-11-17 11:55:09,SHORT,25162.75,150.0,True,19.83,True
716,NQ,Mon,11:30,Out-of-Sample,2025-11-17T16:55:09.481141,2025-11-17 11:55:09,SHORT,25162.75,50.0,True,19.83,True
716,NQ,Mon,11:30,Out-of-Sample,2025-11-17T16:57:39.240807,2025-11-17 11:57:39,LONG,25192.25,90.0,True,19.83,True
716,NQ,Mon,11:30,Out-of-Sample,2025-11-17T16:57:39.242765,2025-11-17 11:57:39,LONG,25192.5,-570.0,True,19.83,True
716,NQ,Mon,11:30,Out-of-Sample,2025-11-17T16:57:39.242907,2025-11-17 11:57:39,LONG,25192.5,-150.0,True,19.83,True
716,NQ,Mon,11:30,Out-of-Sample,2025-11-17T16:58:31.011532,2025-11-17 11:58:31,LONG,25193.75,75.0,True,19.83,True
716,NQ,Mon,11:30,Out-of-Sample,2025-11-17T16:58:31.011532,2025-11-17 11:58:31,LONG,25193.75,20.0,True,19.83,True
716,NQ,Mon,11:30,Out-of-Sample,2025-11-24T16:32:09.420619,2025-11-24 11:32:09,SHORT,24849.0,50.0,True,23.43,False
716,NQ,Mon,11:30,Out-of-Sample,2025-11-24T16:32:09.420619,2025-11-24 11:32:09,SHORT,24849.0,100.0,True,23.43,False
716,NQ,Mon,11:30,Out-of-Sample,2025-11-24T16:32:09.420619,2025-11-24 11:32:09,SHORT,24849.0,-40.0,True,23.43,False
716,NQ,Mon,11:30,Out-of-Sample,2025-11-24T16:33:24.415699,2025-11-24 11:33:24,SHORT,24845.25,-1560.0,True,23.43,False
716,NQ,Mon,11:30,Out-of-Sample,2025-11-24T16:33:28.246668,2025-11-24 11:33:28,SHORT,24843.0,-870.0,True,23.43,False
716,NQ,Mon,11:30,Out-of-Sample,2025-11-24T16:35:28.881369,2025-11-24 11:35:28,SHORT,24848.5,-420.0,True,23.43,False
716,NQ,Mon,11:30,Out-of-Sample,2025-11-24T16:39:30.796263,2025-11-24 11:39:30,SHORT,24845.75,-1020.0,True,23.43,False
716,NQ,Mon,11:30,Out-of-Sample,2025-11-24T16:41:34.856115,2025-11-24 11:41:34,LONG,24877.75,-495.0,True,23.43,False
716,NQ,Mon,11:30,Out-of-Sample,2025-11-24T16:49:54.476860,2025-11-24 11:49:54,SHORT,24873.0,285.0,True,23.43,False
716,NQ,Mon,11:30,Out-of-Sample,2025-11-24T16:49:54.476860,2025-11-24 11:49:54,SHORT,24873.0,570.0,True,23.43,False
716,NQ,Mon,11:30,Out-of-Sample,2025-11-24T16:49:54.476860,2025-11-24 11:49:54,SHORT,24873.0,570.0,True,23.43,False
716,NQ,Mon,11:30,Out-of-Sample,2025-11-24T16:50:59.756699,2025-11-24 11:50:59,SHORT,24865.5,205.0,True,23.43,False
716,NQ,Mon,11:30,Out-of-Sample,2025-11-24T16:50:59.756699,2025-11-24 11:50:59,SHORT,24865.5,10.0,True,23.43,False
716,NQ,Mon,11:30,Out-of-Sample,2025-11-24T16:57:08.960488,2025-11-24 11:57:08,SHORT,24852.0,190.0,True,23.43,False
716,NQ,Mon,11:30,Out-of-Sample,2025-11-24T16:57:08.960488,2025-11-24 11:57:08,SHORT,24852.0,430.0,True,23.43,False
716,NQ,Mon,11:30,Out-of-Sample,2025-11-24T16:57:08.960488,2025-11-24 11:57:08,SHORT,24852.0,260.0,True,23.43,False
716,NQ,Mon,11:30,Out-of-Sample,2025-11-24T16:57:59.576680,2025-11-24 11:57:59,SHORT,24840.25,50.0,True,23.43,False
716,NQ,Mon,11:30,Out-of-Sample,2025-11-24T16:57:59.576680,2025-11-24 11:57:59,SHORT,24840.25,100.0,True,23.43,False
716,NQ,Mon,11:30,Out-of-Sample,2025-11-24T16:57:59.576680,2025-11-24 11:57:59,SHORT,24840.25,-85.0,True,23.43,False
716,NQ,Mon,11:30,Out-of-Sample,2025-11-24T16:58:50.508271,2025-11-24 11:58:50,SHORT,24835.5,-750.0,True,23.43,False
716,NQ,Mon,11:30,Out-of-Sample,2025-12-01T16:40:18.891086,2025-12-01 11:40:18,SHORT,25390.0,-1365.0,True,16.35,True
716,NQ,Mon,11:30,Out-of-Sample,2025-12-01T16:42:26.869425,2025-12-01 11:42:26,LONG,25421.75,50.0,True,16.35,True
716,NQ,Mon,11:30,Out-of-Sample,2025-12-01T16:42:26.869425,2025-12-01 11:42:26,LONG,25421.75,100.0,True,16.35,True
716,NQ,Mon,11:30,Out-of-Sample,2025-12-01T16:42:26.869425,2025-12-01 11:42:26,LONG,25421.75,225.0,True,16.35,True
716,NQ,Mon,11:30,Out-of-Sample,2025-12-01T16:43:56.557005,2025-12-01 11:43:56,LONG,25432.5,290.0,True,16.35,True
716,NQ,Mon,11:30,Out-of-Sample,2025-12-01T16:43:56.557005,2025-12-01 11:43:56,LONG,25432.5,-190.0,True,16.35,True
716,NQ,Mon,11:30,Out-of-Sample,2025-12-01T16:46:32.718575,2025-12-01 11:46:32,LONG,25435.5,235.0,True,16.35,True
716,NQ,Mon,11:30,Out-of-Sample,2025-12-01T16:46:32.718575,2025-12-01 11:46:32,LONG,25435.5,10.0,True,16.35,True
716,NQ,Mon,11:30,Out-of-Sample,2025-12-01T16:46:39.576990,2025-12-01 11:46:39,SHORT,25440.0,70.0,True,16.35,True
716,NQ,Mon,11:30,Out-of-Sample,2025-12-01T16:46:51.659224,2025-12-01 11:46:51,SHORT,25436.0,280.0,True,16.35,True
716,NQ,Mon,11:30,Out-of-Sample,2025-12-01T16:46:51.659224,2025-12-01 11:46:51,SHORT,25436.0,240.0,True,16.35,True
716,NQ,Mon,11:30,Out-of-Sample,2025-12-01T16:58:23.466122,2025-12-01 11:58:23,SHORT,25427.75,-420.0,True,16.35,True
716,NQ,Mon,11:30,Out-of-Sample,2025-12-08T16:32:00.672102,2025-12-08 11:32:00,SHORT,25649.25,175.0,True,15.41,True
716,NQ,Mon,11:30,Out-of-Sample,2025-12-08T16:32:00.672102,2025-12-08 11:32:00,SHORT,25649.25,110.0,True,15.41,True
716,NQ,Mon,11:30,Out-of-Sample,2025-12-08T16:32:00.984992,2025-12-08 11:32:00,SHORT,25649.0,175.0,True,15.41,True
716,NQ,Mon,11:30,Out-of-Sample,2025-12-08T16:32:00.984992,2025-12-08 11:32:00,SHORT,25649.0,10.0,True,15.41,True
716,NQ,Mon,11:30,Out-of-Sample,2025-12-08T16:34:07.204741,2025-12-08 11:34:07,SHORT,25641.25,-900.0,True,15.41,True
716,NQ,Mon,11:30,Out-of-Sample,2025-12-08T16:36:42.939758,2025-12-08 11:36:42,LONG,25650.0,75.0,True,15.41,True
716,NQ,Mon,11:30,Out-of-Sample,2025-12-08T16:36:42.939758,2025-12-08 11:36:42,LONG,25650.0,0.0,True,15.41,True
716,NQ,Mon,11:30,Out-of-Sample,2025-12-08T16:43:32.509966,2025-12-08 11:43:32,SHORT,25641.75,-615.0,True,15.41,True
716,NQ,Mon,11:30,Out-of-Sample,2025-12-08T16:43:32.589512,2025-12-08 11:43:32,SHORT,25642.25,-765.0,True,15.41,True
716,NQ,Mon,11:30,Out-of-Sample,2025-12-08T16:49:27.135736,2025-12-08 11:49:27,SHORT,25646.0,260.0,True,15.41,True
716,NQ,Mon,11:30,Out-of-Sample,2025-12-08T16:49:27.135736,2025-12-08 11:49:27,SHORT,25646.0,520.0,True,15.41,True
716,NQ,Mon,11:30,Out-of-Sample,2025-12-08T16:49:27.135736,2025-12-08 11:49:27,SHORT,25646.0,350.0,True,15.41,True
716,NQ,Mon,11:30,Out-of-Sample,2025-12-08T16:49:43.603274,2025-12-08 11:49:43,SHORT,25643.0,75.0,True,15.41,True
716,NQ,Mon,11:30,Out-of-Sample,2025-12-08T16:49:43.603274,2025-12-08 11:49:43,SHORT,25643.0,10.0,True,15.41,True
716,NQ,Mon,11:30,Out-of-Sample,2025-12-08T16:49:57.030468,2025-12-08 11:49:57,SHORT,25640.0,0.0,True,15.41,True
716,NQ,Mon,11:30,Out-of-Sample,2025-12-08T16:50:20.706885,2025-12-08 11:50:20,LONG,25654.75,-330.0,True,15.41,True
716,NQ,Mon,11:30,Out-of-Sample,2025-12-08T16:52:29.229320,2025-12-08 11:52:29,SHORT,25639.75,180.0,True,15.41,True
716,NQ,Mon,11:30,Out-of-Sample,2025-12-08T16:52:29.229320,2025-12-08 11:52:29,SHORT,25639.75,360.0,True,15.41,True
716,NQ,Mon,11:30,Out-of-Sample,2025-12-08T16:52:29.229320,2025-12-08 11:52:29,SHORT,25639.75,525.0,True,15.41,True
716,NQ,Mon,11:30,Out-of-Sample,2025-12-08T16:52:29.274681,2025-12-08 11:52:29,SHORT,25640.0,-120.0,True,15.41,True
716,NQ,Mon,11:30,Out-of-Sample,2025-12-08T16:56:00.664416,2025-12-08 11:56:00,SHORT,25637.25,-585.0,True,15.41,True
716,NQ,Mon,11:30,Out-of-Sample,2025-12-15T16:32:34.513734,2025-12-15 11:32:34,SHORT,25208.75,50.0,True,15.74,True
716,NQ,Mon,11:30,Out-of-Sample,2025-12-15T16:32:34.513734,2025-12-15 11:32:34,SHORT,25208.75,100.0,True,15.74,True
716,NQ,Mon,11:30,Out-of-Sample,2025-12-15T16:32:34.513734,2025-12-15 11:32:34,SHORT,25208.75,225.0,True,15.74,True
716,NQ,Mon,11:30,Out-of-Sample,2025-12-15T16:33:18.833373,2025-12-15 11:33:18,SHORT,25204.25,2250.0,True,15.74,True
716,NQ,Mon,11:30,Out-of-Sample,2025-12-15T16:33:26.528585,2025-12-15 11:33:26,SHORT,25199.25,-255.0,True,15.74,True
716,NQ,Mon,11:30,Out-of-Sample,2025-12-15T16:38:31.180957,2025-12-15 11:38:31,SHORT,25145.0,-705.0,True,15.74,True
716,NQ,Mon,11:30,Out-of-Sample,2025-12-15T16:41:30.967757,2025-12-15 11:41:30,SHORT,25151.0,50.0,True,15.74,True
716,NQ,Mon,11:30,Out-of-Sample,2025-12-15T16:41:30.967757,2025-12-15 11:41:30,SHORT,25151.0,100.0,True,15.74,True
716,NQ,Mon,11:30,Out-of-Sample,2025-12-15T16:41:30.967757,2025-12-15 11:41:30,SHORT,25151.0,225.0,True,15.74,True
716,NQ,Mon,11:30,Out-of-Sample,2025-12-15T16:42:06.144321,2025-12-15 11:42:06,SHORT,25135.0,50.0,True,15.74,True
716,NQ,Mon,11:30,Out-of-Sample,2025-12-15T16:42:06.144321,2025-12-15 11:42:06,SHORT,25135.0,-410.0,True,15.74,True
716,NQ,Mon,11:30,Out-of-Sample,2025-12-15T16:46:18.688090,2025-12-15 11:46:18,SHORT,25125.5,515.0,True,15.74,True
716,NQ,Mon,11:30,Out-of-Sample,2025-12-15T16:46:18.688090,2025-12-15 11:46:18,SHORT,25125.5,-1340.0,True,15.74,True
716,NQ,Mon,11:30,Out-of-Sample,2025-12-15T16:51:03.496815,2025-12-15 11:51:03,LONG,25157.75,-600.0,True,15.74,True
716,NQ,Mon,11:30,Out-of-Sample,2025-12-15T16:55:48.676563,2025-12-15 11:55:48,LONG,25192.75,-450.0,True,15.74,True
716,NQ,Mon,11:30,Out-of-Sample,2025-12-15T16:56:05.552817,2025-12-15 11:56:05,SHORT,25170.25,50.0,True,15.74,True
716,NQ,Mon,11:30,Out-of-Sample,2025-12-15T16:56:05.552817,2025-12-15 11:56:05,SHORT,25170.25,100.0,True,15.74,True
716,NQ,Mon,11:30,Out-of-Sample,2025-12-15T16:56:05.552817,2025-12-15 11:56:05,SHORT,25170.25,225.0,True,15.74,True
716,NQ,Mon,11:30,Out-of-Sample,2025-12-15T16:56:33.071891,2025-12-15 11:56:33,SHORT,25158.0,50.0,True,15.74,True
716,NQ,Mon,11:30,Out-of-Sample,2025-12-15T16:56:33.071891,2025-12-15 11:56:33,SHORT,25158.0,100.0,True,15.74,True
716,NQ,Mon,11:30,Out-of-Sample,2025-12-15T16:56:33.071891,2025-12-15 11:56:33,SHORT,25158.0,225.0,True,15.74,True
716,NQ,Mon,11:30,Out-of-Sample,2025-12-15T16:57:01.983675,2025-12-15 11:57:01,SHORT,25149.0,-165.0,True,15.74,True
716,NQ,Mon,11:30,Out-of-Sample,2025-12-22T16:31:34.627453,2025-12-22 11:31:34,SHORT,25698.0,75.0,True,14.91,True
716,NQ,Mon,11:30,Out-of-Sample,2025-12-22T16:31:34.627453,2025-12-22 11:31:34,SHORT,25698.0,10.0,True,14.91,True
716,NQ,Mon,11:30,Out-of-Sample,2025-12-22T16:34:40.045596,2025-12-22 11:34:40,SHORT,25695.0,-420.0,True,14.91,True
716,NQ,Mon,11:30,Out-of-Sample,2025-12-22T16:35:22.793075,2025-12-22 11:35:22,LONG,25698.0,120.0,True,14.91,True
716,NQ,Mon,11:30,Out-of-Sample,2025-12-22T16:35:22.793075,2025-12-22 11:35:22,LONG,25698.0,5.0,True,14.91,True
716,NQ,Mon,11:30,Out-of-Sample,2025-12-22T16:35:22.793564,2025-12-22 11:35:22,LONG,25698.0,120.0,True,14.91,True
716,NQ,Mon,11:30,Out-of-Sample,2025-12-22T16:35:22.793564,2025-12-22 11:35:22,LONG,25698.0,-120.0,True,14.91,True
716,NQ,Mon,11:30,Out-of-Sample,2025-12-22T16:36:24.307796,2025-12-22 11:36:24,LONG,25702.0,-510.0,True,14.91,True
716,NQ,Mon,11:30,Out-of-Sample,2025-12-22T16:38:25.070058,2025-12-22 11:38:25,SHORT,25698.25,155.0,True,14.91,True
716,NQ,Mon,11:30,Out-of-Sample,2025-12-22T16:40:24.997454,2025-12-22 11:40:24,LONG,25705.5,-720.0,True,14.91,True
716,NQ,Mon,11:30,Out-of-Sample,2025-12-22T16:40:25.258943,2025-12-22 11:40:25,LONG,25705.75,-735.0,True,14.91,True
716,NQ,Mon,11:30,Out-of-Sample,2025-12-22T16:44:06.987617,2025-12-22 11:44:06,SHORT,25696.5,125.0,True,14.91,True
716,NQ,Mon,11:30,Out-of-Sample,2025-12-22T16:44:06.987617,2025-12-22 11:44:06,SHORT,25696.5,-120.0,True,14.91,True
716,NQ,Mon,11:30,Out-of-Sample,2025-12-22T16:44:07.186451,2025-12-22 11:44:07,SHORT,25696.75,10.0,True,14.91,True
716,NQ,Mon,11:30,Out-of-Sample,2025-12-22T16:44:07.186451,2025-12-22 11:44:07,SHORT,25696.75,-150.0,True,14.91,True
716,NQ,Mon,11:30,Out-of-Sample,2025-12-22T16:50:20.371617,2025-12-22 11:50:20,LONG,25704.25,-120.0,True,14.91,True
716,NQ,Mon,11:30,Out-of-Sample,2025-12-22T16:50:20.471128,2025-12-22 11:50:20,LONG,25704.25,-80.0,True,14.91,True
716,NQ,Mon,11:30,Out-of-Sample,2025-12-22T16:51:01.060199,2025-12-22 11:51:01,LONG,25705.0,130.0,True,14.91,True
716,NQ,Mon,11:30,Out-of-Sample,2025-12-22T16:51:01.060199,2025-12-22 11:51:01,LONG,25705.0,20.0,True,14.91,True
716,NQ,Mon,11:30,Out-of-Sample,2025-12-22T16:54:38.537851,2025-12-22 11:54:38,SHORT,25702.25,-145.0,True,14.91,True
716,NQ,Mon,11:30,Out-of-Sample,2025-12-22T16:54:38.538179,2025-12-22 11:54:38,SHORT,25702.25,-290.0,True,14.91,True
716,NQ,Mon,11:30,Out-of-Sample,2025-12-22T16:54:38.538179,2025-12-22 11:54:38,SHORT,25702.25,85.0,True,14.91,True
716,NQ,Mon,11:30,Out-of-Sample,2025-12-22T16:54:38.689904,2025-12-22 11:54:38,SHORT,25702.25,-600.0,True,14.91,True
716,NQ,Mon,11:30,Out-of-Sample,2025-12-22T16:59:14.523373,2025-12-22 11:59:14,LONG,25711.5,75.0,True,14.91,True
716,NQ,Mon,11:30,Out-of-Sample,2025-12-22T16:59:14.523373,2025-12-22 11:59:14,LONG,25711.5,10.0,True,14.91,True
716,NQ,Mon,11:30,Out-of-Sample,2025-12-29T16:30:07.878374,2025-12-29 11:30:07,LONG,25706.5,175.0,True,13.6,True
716,NQ,Mon,11:30,Out-of-Sample,2025-12-29T16:30:07.878374,2025-12-29 11:30:07,LONG,25706.5,10.0,True,13.6,True
716,NQ,Mon,11:30,Out-of-Sample,2025-12-29T16:34:40.411026,2025-12-29 11:34:40,SHORT,25698.5,75.0,True,13.6,True
716,NQ,Mon,11:30,Out-of-Sample,2025-12-29T16:34:40.411026,2025-12-29 11:34:40,SHORT,25698.5,20.0,True,13.6,True
716,NQ,Mon,11:30,Out-of-Sample,2025-12-29T16:35:01.389040,2025-12-29 11:35:01,SHORT,25693.0,-540.0,True,13.6,True
716,NQ,Mon,11:30,Out-of-Sample,2025-12-29T16:35:01.594136,2025-12-29 11:35:01,SHORT,25693.75,-840.0,True,13.6,True
716,NQ,Mon,11:30,Out-of-Sample,2025-12-29T16:38:03.021902,2025-12-29 11:38:03,LONG,25704.25,75.0,True,13.6,True
716,NQ,Mon,11:30,Out-of-Sample,2025-12-29T16:38:03.021902,2025-12-29 11:38:03,LONG,25704.25,10.0,True,13.6,True
716,NQ,Mon,11:30,Out-of-Sample,2025-12-29T16:39:45.918490,2025-12-29 11:39:45,SHORT,25691.5,-255.0,True,13.6,True
716,NQ,Mon,11:30,Out-of-Sample,2025-12-29T16:40:21.371248,2025-12-29 11:40:21,SHORT,25687.0,-165.0,True,13.6,True
716,NQ,Mon,11:30,Out-of-Sample,2025-12-29T16:40:21.571135,2025-12-29 11:40:21,SHORT,25685.75,-735.0,True,13.6,True
716,NQ,Mon,11:30,Out-of-Sample,2025-12-29T16:40:21.678650,2025-12-29 11:40:21,SHORT,25686.0,75.0,True,13.6,True
716,NQ,Mon,11:30,Out-of-Sample,2025-12-29T16:40:21.678650,2025-12-29 11:40:21,SHORT,25686.0,40.0,True,13.6,True
716,NQ,Mon,11:30,Out-of-Sample,2025-12-29T16:41:04.319957,2025-12-29 11:41:04,SHORT,25682.5,-435.0,True,13.6,True
716,NQ,Mon,11:30,Out-of-Sample,2025-12-29T16:45:12.022509,2025-12-29 11:45:12,LONG,25693.0,205.0,True,13.6,True
716,NQ,Mon,11:30,Out-of-Sample,2025-12-29T16:45:12.022509,2025-12-29 11:45:12,LONG,25693.0,5.0,True,13.6,True
716,NQ,Mon,11:30,Out-of-Sample,2025-12-29T16:45:12.022636,2025-12-29 11:45:12,LONG,25693.0,75.0,True,13.6,True
716,NQ,Mon,11:30,Out-of-Sample,2025-12-29T16:45:12.022636,2025-12-29 11:45:12,LONG,25693.0,190.0,True,13.6,True
716,NQ,Mon,11:30,Out-of-Sample,2025-12-29T16:45:12.022636,2025-12-29 11:45:12,LONG,25693.0,-10.0,True,13.6,True
716,NQ,Mon,11:30,Out-of-Sample,2025-12-29T16:50:05.328540,2025-12-29 11:50:05,SHORT,25695.5,-480.0,True,13.6,True
716,NQ,Mon,11:30,Out-of-Sample,2025-12-29T16:50:05.399692,2025-12-29 11:50:05,SHORT,25695.5,-660.0,True,13.6,True
716,NQ,Mon,11:30,Out-of-Sample,2025-12-29T16:51:00.904737,2025-12-29 11:51:00,LONG,25704.5,75.0,True,13.6,True
716,NQ,Mon,11:30,Out-of-Sample,2025-12-29T16:51:00.904737,2025-12-29 11:51:00,LONG,25704.5,20.0,True,13.6,True
716,NQ,Mon,11:30,Out-of-Sample,2026-01-05T16:31:18.428507,2026-01-05 11:31:18,LONG,25693.0,-465.0,True,14.51,True
716,NQ,Mon,11:30,Out-of-Sample,2026-01-05T16:34:10.464749,2026-01-05 11:34:10,SHORT,25685.25,190.0,True,14.51,True
716,NQ,Mon,11:30,Out-of-Sample,2026-01-05T16:34:10.464749,2026-01-05 11:34:10,SHORT,25685.25,30.0,True,14.51,True
716,NQ,Mon,11:30,Out-of-Sample,2026-01-05T16:34:10.465049,2026-01-05 11:34:10,SHORT,25685.25,145.0,True,14.51,True
716,NQ,Mon,11:30,Out-of-Sample,2026-01-05T16:34:10.465049,2026-01-05 11:34:10,SHORT,25685.25,10.0,True,14.51,True
716,NQ,Mon,11:30,Out-of-Sample,2026-01-05T16:34:10.465241,2026-01-05 11:34:10,SHORT,25685.25,145.0,True,14.51,True
716,NQ,Mon,11:30,Out-of-Sample,2026-01-05T16:34:10.465241,2026-01-05 11:34:10,SHORT,25685.25,-40.0,True,14.51,True
716,NQ,Mon,11:30,Out-of-Sample,2026-01-05T16:36:50.465809,2026-01-05 11:36:50,SHORT,25675.75,-840.0,True,14.51,True
716,NQ,Mon,11:30,Out-of-Sample,2026-01-05T16:41:13.923908,2026-01-05 11:41:13,SHORT,25674.25,150.0,True,14.51,True
716,NQ,Mon,11:30,Out-of-Sample,2026-01-05T16:41:13.923908,2026-01-05 11:41:13,SHORT,25674.25,60.0,True,14.51,True
716,NQ,Mon,11:30,Out-of-Sample,2026-01-05T16:41:14.116049,2026-01-05 11:41:14,SHORT,25674.25,150.0,True,14.51,True
716,NQ,Mon,11:30,Out-of-Sample,2026-01-05T16:41:14.116049,2026-01-05 11:41:14,SHORT,25674.25,10.0,True,14.51,True
716,NQ,Mon,11:30,Out-of-Sample,2026-01-05T16:42:12.491896,2026-01-05 11:42:12,SHORT,25662.5,-1065.0,True,14.51,True
716,NQ,Mon,11:30,Out-of-Sample,2026-01-05T16:42:52.064860,2026-01-05 11:42:52,LONG,25675.0,75.0,True,14.51,True
716,NQ,Mon,11:30,Out-of-Sample,2026-01-05T16:42:52.064860,2026-01-05 11:42:52,LONG,25675.0,150.0,True,14.51,True
716,NQ,Mon,11:30,Out-of-Sample,2026-01-05T16:42:52.064860,2026-01-05 11:42:52,LONG,25675.0,445.0,True,14.51,True
716,NQ,Mon,11:30,Out-of-Sample,2026-01-05T16:46:00.476645,2026-01-05 11:46:00,LONG,25686.75,160.0,True,14.51,True
716,NQ,Mon,11:30,Out-of-Sample,2026-01-05T16:46:00.476645,2026-01-05 11:46:00,LONG,25686.75,365.0,True,14.51,True
716,NQ,Mon,11:30,Out-of-Sample,2026-01-05T16:46:00.476645,2026-01-05 11:46:00,LONG,25686.75,215.0,True,14.51,True
716,NQ,Mon,11:30,Out-of-Sample,2026-01-05T16:50:02.791182,2026-01-05 11:50:02,LONG,25707.0,-1695.0,True,14.51,True
716,NQ,Mon,11:30,Out-of-Sample,2026-01-05T16:50:02.937574,2026-01-05 11:50:02,LONG,25707.0,-870.0,True,14.51,True
716,NQ,Mon,11:30,Out-of-Sample,2026-01-05T16:52:07.852737,2026-01-05 11:52:07,SHORT,25696.75,145.0,True,14.51,True
716,NQ,Mon,11:30,Out-of-Sample,2026-01-05T16:52:07.852737,2026-01-05 11:52:07,SHORT,25696.75,290.0,True,14.51,True
716,NQ,Mon,11:30,Out-of-Sample,2026-01-05T16:52:07.852737,2026-01-05 11:52:07,SHORT,25696.75,615.0,True,14.51,True
716,NQ,Mon,11:30,Out-of-Sample,2026-01-05T16:52:07.926426,2026-01-05 11:52:07,SHORT,25696.75,145.0,True,14.51,True
716,NQ,Mon,11:30,Out-of-Sample,2026-01-05T16:52:07.926426,2026-01-05 11:52:07,SHORT,25696.75,290.0,True,14.51,True
716,NQ,Mon,11:30,Out-of-Sample,2026-01-05T16:52:07.926426,2026-01-05 11:52:07,SHORT,25696.75,615.0,True,14.51,True
716,NQ,Mon,11:30,Out-of-Sample,2026-01-05T16:52:25.425528,2026-01-05 11:52:25,SHORT,25690.0,75.0,True,14.51,True
716,NQ,Mon,11:30,Out-of-Sample,2026-01-05T16:52:25.425528,2026-01-05 11:52:25,SHORT,25690.0,150.0,True,14.51,True
716,NQ,Mon,11:30,Out-of-Sample,2026-01-05T16:52:25.425528,2026-01-05 11:52:25,SHORT,25690.0,480.0,True,14.51,True
716,NQ,Mon,11:30,Out-of-Sample,2026-01-05T16:53:01.153990,2026-01-05 11:53:01,SHORT,25684.75,215.0,True,14.51,True
716,NQ,Mon,11:30,Out-of-Sample,2026-01-05T16:53:01.153990,2026-01-05 11:53:01,SHORT,25684.75,430.0,True,14.51,True
716,NQ,Mon,11:30,Out-of-Sample,2026-01-05T16:53:01.153990,2026-01-05 11:53:01,SHORT,25684.75,520.0,True,14.51,True
716,NQ,Mon,11:30,Out-of-Sample,2026-01-05T16:54:05.925850,2026-01-05 11:54:05,SHORT,25683.75,155.0,True,14.51,True
716,NQ,Mon,11:30,Out-of-Sample,2026-01-05T16:54:05.925850,2026-01-05 11:54:05,SHORT,25683.75,350.0,True,14.51,True
716,NQ,Mon,11:30,Out-of-Sample,2026-01-05T16:54:05.925850,2026-01-05 11:54:05,SHORT,25683.75,365.0,True,14.51,True
716,NQ,Mon,11:30,Out-of-Sample,2026-01-05T16:55:20.937828,2026-01-05 11:55:20,SHORT,25675.75,70.0,True,14.51,True
716,NQ,Mon,11:30,Out-of-Sample,2026-01-05T16:55:20.937828,2026-01-05 11:55:20,SHORT,25675.75,0.0,True,14.51,True
716,NQ,Mon,11:30,Out-of-Sample,2026-01-05T16:56:36.027481,2026-01-05 11:56:36,SHORT,25670.0,50.0,True,14.51,True
716,NQ,Mon,11:30,Out-of-Sample,2026-01-05T16:56:36.027481,2026-01-05 11:56:36,SHORT,25670.0,100.0,True,14.51,True
716,NQ,Mon,11:30,Out-of-Sample,2026-01-05T16:56:36.027481,2026-01-05 11:56:36,SHORT,25670.0,225.0,True,14.51,True
716,NQ,Mon,11:30,Out-of-Sample,2026-01-05T16:58:02.595050,2026-01-05 11:58:02,SHORT,25657.75,-465.0,True,14.51,True
716,NQ,Mon,11:30,Out-of-Sample,2026-01-12T16:30:04.282397,2026-01-12 11:30:04,LONG,25943.25,5.0,True,14.49,True
716,NQ,Mon,11:30,Out-of-Sample,2026-01-12T16:30:04.282397,2026-01-12 11:30:04,LONG,25943.25,-600.0,True,14.49,True
716,NQ,Mon,11:30,Out-of-Sample,2026-01-12T16:36:39.208300,2026-01-12 11:36:39,LONG,25949.75,-945.0,True,14.49,True
716,NQ,Mon,11:30,Out-of-Sample,2026-01-12T16:44:41.608327,2026-01-12 11:44:41,SHORT,25932.5,-1410.0,True,14.49,True
716,NQ,Mon,11:30,Out-of-Sample,2026-01-12T16:44:41.656514,2026-01-12 11:44:41,SHORT,25932.5,-180.0,True,14.49,True
716,NQ,Mon,11:30,Out-of-Sample,2026-01-12T16:45:00.612076,2026-01-12 11:45:00,SHORT,25931.25,-540.0,True,14.49,True
716,NQ,Mon,11:30,Out-of-Sample,2026-01-12T16:47:55.697443,2026-01-12 11:47:55,SHORT,25928.25,75.0,True,14.49,True
716,NQ,Mon,11:30,Out-of-Sample,2026-01-12T16:47:58.694066,2026-01-12 11:47:58,SHORT,25924.75,-1170.0,True,14.49,True
716,NQ,Mon,11:30,Out-of-Sample,2026-01-12T16:48:00.704361,2026-01-12 11:48:00,SHORT,25924.5,-1185.0,True,14.49,True
716,NQ,Mon,11:30,Out-of-Sample,2026-01-12T16:48:11.672319,2026-01-12 11:48:11,LONG,25928.0,1190.0,True,14.49,True
716,NQ,Mon,11:30,Out-of-Sample,2026-01-12T16:51:03.829012,2026-01-12 11:51:03,LONG,25952.25,145.0,True,14.49,True
716,NQ,Mon,11:30,Out-of-Sample,2026-01-12T16:51:03.829012,2026-01-12 11:51:03,LONG,25952.25,330.0,True,14.49,True
716,NQ,Mon,11:30,Out-of-Sample,2026-01-12T16:51:03.829012,2026-01-12 11:51:03,LONG,25952.25,170.0,True,14.49,True
716,NQ,Mon,11:30,Out-of-Sample,2026-01-12T16:51:39.177277,2026-01-12 11:51:39,SHORT,25943.0,-255.0,True,14.49,True
716,NQ,Mon,11:30,Out-of-Sample,2026-01-12T16:51:39.177277,2026-01-12 11:51:39,SHORT,25943.0,-780.0,True,14.49,True
716,NQ,Mon,11:30,Out-of-Sample,2026-01-12T16:51:39.242806,2026-01-12 11:51:39,SHORT,25943.0,-555.0,True,14.49,True
716,NQ,Mon,11:30,Out-of-Sample,2026-01-12T16:58:00.146257,2026-01-12 11:58:00,SHORT,25966.5,-165.0,True,14.49,True
716,NQ,Mon,11:30,Out-of-Sample,2026-01-12T16:58:31.741536,2026-01-12 11:58:31,SHORT,25962.75,-330.0,True,14.49,True
716,NQ,Mon,11:30,Out-of-Sample,2026-01-12T16:58:31.741906,2026-01-12 11:58:31,SHORT,25963.0,140.0,True,14.49,True
716,NQ,Mon,11:30,Out-of-Sample,2026-01-12T16:58:31.741906,2026-01-12 11:58:31,SHORT,25963.0,60.0,True,14.49,True
716,NQ,Mon,11:30,Out-of-Sample,2026-01-12T16:58:32.798764,2026-01-12 11:58:32,SHORT,25962.5,60.0,True,14.49,True
716,NQ,Mon,11:30,Out-of-Sample,2026-01-19T16:30:06.862648,2026-01-19 11:30:06,LONG,25345.75,-405.0,True,,True
716,NQ,Mon,11:30,Out-of-Sample,2026-01-19T16:38:12.442994,2026-01-19 11:38:12,LONG,25361.25,55.0,True,,True
716,NQ,Mon,11:30,Out-of-Sample,2026-01-19T16:38:12.442994,2026-01-19 11:38:12,LONG,25361.25,100.0,True,,True
716,NQ,Mon,11:30,Out-of-Sample,2026-01-19T16:38:12.442994,2026-01-19 11:38:12,LONG,25361.25,225.0,True,,True
716,NQ,Mon,11:30,Out-of-Sample,2026-01-19T16:39:03.522473,2026-01-19 11:39:03,LONG,25370.25,135.0,True,,True
716,NQ,Mon,11:30,Out-of-Sample,2026-01-19T16:39:03.522473,2026-01-19 11:39:03,LONG,25370.25,300.0,True,,True
716,NQ,Mon,11:30,Out-of-Sample,2026-01-19T16:39:03.522473,2026-01-19 11:39:03,LONG,25370.25,365.0,True,,True
716,NQ,Mon,11:30,Out-of-Sample,2026-01-26T16:31:10.307506,2026-01-26 11:31:10,SHORT,25914.25,70.0,True,16.09,True
716,NQ,Mon,11:30,Out-of-Sample,2026-01-26T16:31:17.249483,2026-01-26 11:31:17,SHORT,25916.25,280.0,True,16.09,True
716,NQ,Mon,11:30,Out-of-Sample,2026-01-26T16:31:56.395264,2026-01-26 11:31:56,SHORT,25922.25,220.0,True,16.09,True
716,NQ,Mon,11:30,Out-of-Sample,2026-01-26T16:31:59.936878,2026-01-26 11:31:59,SHORT,25925.75,250.0,True,16.09,True
716,NQ,Mon,11:30,Out-of-Sample,2026-01-26T16:32:25.308388,2026-01-26 11:32:25,SHORT,25919.0,220.0,True,16.09,True
716,NQ,Mon,11:30,Out-of-Sample,2026-01-26T16:32:27.818966,2026-01-26 11:32:27,SHORT,25916.75,175.0,True,16.09,True
716,NQ,Mon,11:30,Out-of-Sample,2026-01-26T16:32:27.819468,2026-01-26 11:32:27,SHORT,25916.75,325.0,True,16.09,True
716,NQ,Mon,11:30,Out-of-Sample,2026-01-26T16:32:27.819468,2026-01-26 11:32:27,SHORT,25916.75,470.0,True,16.09,True
716,NQ,Mon,11:30,Out-of-Sample,2026-01-26T16:32:27.819468,2026-01-26 11:32:27,SHORT,25916.75,310.0,True,16.09,True
716,NQ,Mon,11:30,Out-of-Sample,2026-01-26T16:32:27.819695,2026-01-26 11:32:27,SHORT,25916.75,325.0,True,16.09,True
716,NQ,Mon,11:30,Out-of-Sample,2026-01-26T16:32:27.819695,2026-01-26 11:32:27,SHORT,25916.75,470.0,True,16.09,True
716,NQ,Mon,11:30,Out-of-Sample,2026-01-26T16:32:27.819695,2026-01-26 11:32:27,SHORT,25916.75,310.0,True,16.09,True
716,NQ,Mon,11:30,Out-of-Sample,2026-01-26T16:32:27.819938,2026-01-26 11:32:27,SHORT,25917.25,120.0,True,16.09,True
716,NQ,Mon,11:30,Out-of-Sample,2026-01-26T16:32:27.908362,2026-01-26 11:32:27,SHORT,25918.0,95.0,True,16.09,True
716,NQ,Mon,11:30,Out-of-Sample,2026-01-26T16:34:52.344266,2026-01-26 11:34:52,SHORT,25904.25,-615.0,True,16.09,True
716,NQ,Mon,11:30,Out-of-Sample,2026-01-26T16:37:53.810858,2026-01-26 11:37:53,SHORT,25915.25,825.0,True,16.09,True
716,NQ,Mon,11:30,Out-of-Sample,2026-01-26T16:39:27.364053,2026-01-26 11:39:27,SHORT,25907.75,155.0,True,16.09,True
716,NQ,Mon,11:30,Out-of-Sample,2026-01-26T16:39:27.364053,2026-01-26 11:39:27,SHORT,25907.75,115.0,True,16.09,True
716,NQ,Mon,11:30,Out-of-Sample,2026-01-26T16:39:27.519045,2026-01-26 11:39:27,SHORT,25907.75,630.0,True,16.09,True
716,NQ,Mon,11:30,Out-of-Sample,2026-01-26T16:39:27.519305,2026-01-26 11:39:27,SHORT,25907.75,585.0,True,16.09,True
716,NQ,Mon,11:30,Out-of-Sample,2026-01-26T16:40:55.855815,2026-01-26 11:40:55,SHORT,25902.0,220.0,True,16.09,True
716,NQ,Mon,11:30,Out-of-Sample,2026-01-26T16:40:55.855815,2026-01-26 11:40:55,SHORT,25902.0,-140.0,True,16.09,True
716,NQ,Mon,11:30,Out-of-Sample,2026-01-26T16:42:16.835813,2026-01-26 11:42:16,SHORT,25899.25,170.0,True,16.09,True
716,NQ,Mon,11:30,Out-of-Sample,2026-01-26T16:42:16.835813,2026-01-26 11:42:16,SHORT,25899.25,20.0,True,16.09,True
716,NQ,Mon,11:30,Out-of-Sample,2026-01-26T16:45:02.905029,2026-01-26 11:45:02,SHORT,25896.0,-270.0,True,16.09,True
716,NQ,Mon,11:30,Out-of-Sample,2026-01-26T16:45:02.905029,2026-01-26 11:45:02,SHORT,25896.0,-75.0,True,16.09,True
716,NQ,Mon,11:30,Out-of-Sample,2026-01-26T16:45:02.905029,2026-01-26 11:45:02,SHORT,25896.0,-245.0,True,16.09,True
716,NQ,Mon,11:30,Out-of-Sample,2026-01-26T16:45:03.148644,2026-01-26 11:45:03,SHORT,25895.75,-140.0,True,16.09,True
716,NQ,Mon,11:30,Out-of-Sample,2026-01-26T16:45:03.148644,2026-01-26 11:45:03,SHORT,25895.75,-690.0,True,16.09,True
716,NQ,Mon,11:30,Out-of-Sample,2026-01-26T16:48:43.419373,2026-01-26 11:48:43,SHORT,25889.0,-1215.0,True,16.09,True
716,NQ,Mon,11:30,Out-of-Sample,2026-01-26T16:48:43.419614,2026-01-26 11:48:43,SHORT,25889.0,-1125.0,True,16.09,True
716,NQ,Mon,11:30,Out-of-Sample,2026-01-26T16:51:29.545556,2026-01-26 11:51:29,LONG,25898.75,165.0,True,16.09,True
716,NQ,Mon,11:30,Out-of-Sample,2026-01-26T16:51:29.545556,2026-01-26 11:51:29,LONG,25898.75,-15.0,True,16.09,True
716,NQ,Mon,11:30,Out-of-Sample,2026-01-26T16:51:32.015268,2026-01-26 11:51:32,SHORT,25905.25,0.0,True,16.09,True
716,NQ,Mon,11:30,Out-of-Sample,2026-01-26T16:52:44.030459,2026-01-26 11:52:44,SHORT,25901.75,-140.0,True,16.09,True
716,NQ,Mon,11:30,Out-of-Sample,2026-01-26T16:54:08.945561,2026-01-26 11:54:08,SHORT,25900.75,-185.0,True,16.09,True
716,NQ,Mon,11:30,Out-of-Sample,2026-01-26T16:54:08.945561,2026-01-26 11:54:08,SHORT,25900.75,-640.0,True,16.09,True
716,NQ,Mon,11:30,Out-of-Sample,2026-01-26T16:54:08.966443,2026-01-26 11:54:08,SHORT,25900.75,-185.0,True,16.09,True
716,NQ,Mon,11:30,Out-of-Sample,2026-01-26T16:54:08.966443,2026-01-26 11:54:08,SHORT,25900.75,-670.0,True,16.09,True
716,NQ,Mon,11:30,Out-of-Sample,2026-01-26T16:55:55.460226,2026-01-26 11:55:55,SHORT,25898.25,-1890.0,True,16.09,True
716,NQ,Mon,11:30,Out-of-Sample,2026-02-02T16:40:06.089585,2026-02-02 11:40:06,SHORT,25879.75,285.0,True,17.44,True
716,NQ,Mon,11:30,Out-of-Sample,2026-02-02T16:40:06.089585,2026-02-02 11:40:06,SHORT,25879.75,565.0,True,17.44,True
716,NQ,Mon,11:30,Out-of-Sample,2026-02-02T16:40:06.089585,2026-02-02 11:40:06,SHORT,25879.75,675.0,True,17.44,True
716,NQ,Mon,11:30,Out-of-Sample,2026-02-02T16:40:31.992511,2026-02-02 11:40:31,SHORT,25869.25,50.0,True,17.44,True
716,NQ,Mon,11:30,Out-of-Sample,2026-02-02T16:40:31.992511,2026-02-02 11:40:31,SHORT,25869.25,100.0,True,17.44,True
716,NQ,Mon,11:30,Out-of-Sample,2026-02-02T16:40:31.992511,2026-02-02 11:40:31,SHORT,25869.25,5.0,True,17.44,True
716,NQ,Mon,11:30,Out-of-Sample,2026-02-02T16:47:59.844874,2026-02-02 11:47:59,SHORT,25840.5,-1710.0,True,17.44,True
716,NQ,Mon,11:30,Out-of-Sample,2026-02-02T16:48:18.443346,2026-02-02 11:48:18,SHORT,25837.25,-360.0,True,17.44,True
716,NQ,Mon,11:30,Out-of-Sample,2026-02-02T16:50:19.343365,2026-02-02 11:50:19,LONG,25859.25,-450.0,True,17.44,True
716,NQ,Mon,11:30,Out-of-Sample,2026-02-02T16:54:49.318702,2026-02-02 11:54:49,LONG,25877.0,200.0,True,17.44,True
716,NQ,Mon,11:30,Out-of-Sample,2026-02-02T16:54:49.318702,2026-02-02 11:54:49,LONG,25877.0,450.0,True,17.44,True
716,NQ,Mon,11:30,Out-of-Sample,2026-02-02T16:54:49.318702,2026-02-02 11:54:49,LONG,25877.0,250.0,True,17.44,True
716,NQ,Mon,11:30,Out-of-Sample,2026-02-02T16:55:05.284787,2026-02-02 11:55:05,LONG,25881.5,340.0,True,17.44,True
716,NQ,Mon,11:30,Out-of-Sample,2026-02-02T16:55:05.284787,2026-02-02 11:55:05,LONG,25881.5,765.0,True,17.44,True
716,NQ,Mon,11:30,Out-of-Sample,2026-02-02T16:55:05.284787,2026-02-02 11:55:05,LONG,25881.5,610.0,True,17.44,True
716,NQ,Mon,11:30,Out-of-Sample,2026-02-02T16:55:05.285738,2026-02-02 11:55:05,LONG,25882.0,85.0,True,17.44,True
716,NQ,Mon,11:30,Out-of-Sample,2026-02-02T16:55:05.285738,2026-02-02 11:55:05,LONG,25882.0,0.0,True,17.44,True
716,NQ,Mon,11:30,Out-of-Sample,2026-02-02T16:59:05.498076,2026-02-02 11:59:05,LONG,25901.5,-240.0,True,17.44,True
716,NQ,Mon,11:30,Out-of-Sample,2026-02-09T16:30:30.459786,2026-02-09 11:30:30,LONG,25357.25,-50.0,True,20.37,False
716,NQ,Mon,11:30,Out-of-Sample,2026-02-09T16:33:21.388515,2026-02-09 11:33:21,SHORT,25349.25,-450.0,True,20.37,False
716,NQ,Mon,11:30,Out-of-Sample,2026-02-09T16:37:28.717663,2026-02-09 11:37:28,SHORT,25343.25,-660.0,True,20.37,False
716,NQ,Mon,11:30,Out-of-Sample,2026-02-09T16:38:11.171982,2026-02-09 11:38:11,SHORT,25340.25,-570.0,True,20.37,False
716,NQ,Mon,11:30,Out-of-Sample,2026-02-09T16:38:11.233647,2026-02-09 11:38:11,SHORT,25340.25,-630.0,True,20.37,False
716,NQ,Mon,11:30,Out-of-Sample,2026-02-09T16:42:57.782507,2026-02-09 11:42:57,LONG,25365.0,190.0,True,20.37,False
716,NQ,Mon,11:30,Out-of-Sample,2026-02-09T16:42:57.782507,2026-02-09 11:42:57,LONG,25365.0,425.0,True,20.37,False
716,NQ,Mon,11:30,Out-of-Sample,2026-02-09T16:42:57.782507,2026-02-09 11:42:57,LONG,25365.0,340.0,True,20.37,False
716,NQ,Mon,11:30,Out-of-Sample,2026-02-09T16:45:03.186795,2026-02-09 11:45:03,LONG,25366.5,75.0,True,20.37,False
716,NQ,Mon,11:30,Out-of-Sample,2026-02-09T16:45:03.186795,2026-02-09 11:45:03,LONG,25366.5,150.0,True,20.37,False
716,NQ,Mon,11:30,Out-of-Sample,2026-02-09T16:45:03.186795,2026-02-09 11:45:03,LONG,25366.5,250.0,True,20.37,False
716,NQ,Mon,11:30,Out-of-Sample,2026-02-09T16:45:13.867455,2026-02-09 11:45:13,LONG,25374.0,50.0,True,20.37,False
716,NQ,Mon,11:30,Out-of-Sample,2026-02-09T16:45:13.867455,2026-02-09 11:45:13,LONG,25374.0,100.0,True,20.37,False
716,NQ,Mon,11:30,Out-of-Sample,2026-02-09T16:45:13.867455,2026-02-09 11:45:13,LONG,25374.0,225.0,True,20.37,False
716,NQ,Mon,11:30,Out-of-Sample,2026-02-09T16:45:53.973410,2026-02-09 11:45:53,SHORT,25378.25,-255.0,True,20.37,False
716,NQ,Mon,11:30,Out-of-Sample,2026-02-09T16:46:00.970164,2026-02-09 11:46:00,LONG,25382.75,140.0,True,20.37,False
716,NQ,Mon,11:30,Out-of-Sample,2026-02-09T16:46:00.970164,2026-02-09 11:46:00,LONG,25382.75,0.0,True,20.37,False
716,NQ,Mon,11:30,Out-of-Sample,2026-02-09T16:46:01.166089,2026-02-09 11:46:01,LONG,25383.25,155.0,True,20.37,False
716,NQ,Mon,11:30,Out-of-Sample,2026-02-09T16:46:01.166089,2026-02-09 11:46:01,LONG,25383.25,10.0,True,20.37,False
716,NQ,Mon,11:30,Out-of-Sample,2026-02-09T16:46:44.221329,2026-02-09 11:46:44,LONG,25382.75,215.0,True,20.37,False
716,NQ,Mon,11:30,Out-of-Sample,2026-02-09T16:46:44.221329,2026-02-09 11:46:44,LONG,25382.75,260.0,True,20.37,False
716,NQ,Mon,11:30,Out-of-Sample,2026-02-09T16:46:55.127912,2026-02-09 11:46:55,SHORT,25385.25,-120.0,True,20.37,False
716,NQ,Mon,11:30,Out-of-Sample,2026-02-09T16:47:08.848563,2026-02-09 11:47:08,SHORT,25386.5,-190.0,True,20.37,False
716,NQ,Mon,11:30,Out-of-Sample,2026-02-09T16:47:31.692050,2026-02-09 11:47:31,SHORT,25382.0,-525.0,True,20.37,False
716,NQ,Mon,11:30,Out-of-Sample,2026-02-09T16:47:31.828823,2026-02-09 11:47:31,SHORT,25382.75,-300.0,True,20.37,False
716,NQ,Mon,11:30,Out-of-Sample,2026-02-09T16:52:41.665887,2026-02-09 11:52:41,LONG,25399.5,-570.0,True,20.37,False
716,NQ,Mon,11:30,Out-of-Sample,2026-02-09T16:52:41.666357,2026-02-09 11:52:41,LONG,25399.75,-450.0,True,20.37,False
716,NQ,Mon,11:30,Out-of-Sample,2026-02-09T16:53:00.773322,2026-02-09 11:53:00,SHORT,25398.75,100.0,True,20.37,False
716,NQ,Mon,11:30,Out-of-Sample,2026-02-09T16:53:00.773322,2026-02-09 11:53:00,SHORT,25398.75,-140.0,True,20.37,False
716,NQ,Mon,11:30,Out-of-Sample,2026-02-09T16:53:10.579676,2026-02-09 11:53:10,SHORT,25394.25,-320.0,True,20.37,False
716,NQ,Mon,11:30,Out-of-Sample,2026-02-09T16:59:33.232855,2026-02-09 11:59:33,SHORT,25390.5,75.0,True,20.37,False
716,NQ,Mon,11:30,Out-of-Sample,2026-02-09T16:59:33.232855,2026-02-09 11:59:33,SHORT,25390.5,150.0,True,20.37,False
716,NQ,Mon,11:30,Out-of-Sample,2026-02-09T16:59:33.232855,2026-02-09 11:59:33,SHORT,25390.5,-55.0,True,20.37,False
716,NQ,Mon,11:30,Out-of-Sample,2026-02-09T16:59:45.699960,2026-02-09 11:59:45,SHORT,25390.0,130.0,True,20.37,False
716,NQ,Mon,11:30,Out-of-Sample,2026-02-09T16:59:45.699960,2026-02-09 11:59:45,SHORT,25390.0,20.0,True,20.37,False
716,NQ,Mon,11:30,Out-of-Sample,2026-02-09T16:59:45.746505,2026-02-09 11:59:45,SHORT,25390.0,130.0,True,20.37,False
716,NQ,Mon,11:30,Out-of-Sample,2026-02-09T16:59:45.746505,2026-02-09 11:59:45,SHORT,25390.0,-130.0,True,20.37,False
716,NQ,Mon,11:30,Out-of-Sample,2026-02-09T16:59:52.944248,2026-02-09 11:59:52,SHORT,25388.5,-620.0,True,20.37,False
716,NQ,Mon,11:30,Out-of-Sample,2026-02-16T16:35:16.947800,2026-02-16 11:35:16,SHORT,24707.0,-390.0,True,,True
716,NQ,Mon,11:30,Out-of-Sample,2026-02-16T16:46:57.555333,2026-02-16 11:46:57,SHORT,24716.0,-250.0,True,,True
716,NQ,Mon,11:30,Out-of-Sample,2026-02-16T16:48:30.249023,2026-02-16 11:48:30,SHORT,24718.5,-200.0,True,,True
716,NQ,Mon,11:30,Out-of-Sample,2026-02-16T16:49:04.626362,2026-02-16 11:49:04,SHORT,24724.75,-75.0,True,,True
716,NQ,Mon,11:30,Out-of-Sample,2026-02-16T16:51:02.139469,2026-02-16 11:51:02,SHORT,24731.0,-275.0,True,,True
716,NQ,Mon,11:30,Out-of-Sample,2026-02-16T16:55:07.803278,2026-02-16 11:55:07,SHORT,24717.75,-1080.0,True,,True
716,NQ,Mon,11:30,Out-of-Sample,2026-02-23T16:30:32.912737,2026-02-23 11:30:32,LONG,24783.0,95.0,True,19.09,True
716,NQ,Mon,11:30,Out-of-Sample,2026-02-23T16:30:32.912737,2026-02-23 11:30:32,LONG,24783.0,0.0,True,19.09,True
716,NQ,Mon,11:30,Out-of-Sample,2026-02-23T16:31:16.817041,2026-02-23 11:31:16,LONG,24787.25,-465.0,True,19.09,True
716,NQ,Mon,11:30,Out-of-Sample,2026-02-23T16:31:24.610213,2026-02-23 11:31:24,SHORT,24785.5,100.0,True,19.09,True
716,NQ,Mon,11:30,Out-of-Sample,2026-02-23T16:31:24.610213,2026-02-23 11:31:24,SHORT,24785.5,200.0,True,19.09,True
716,NQ,Mon,11:30,Out-of-Sample,2026-02-23T16:31:24.610213,2026-02-23 11:31:24,SHORT,24785.5,270.0,True,19.09,True
716,NQ,Mon,11:30,Out-of-Sample,2026-02-23T16:31:34.918673,2026-02-23 11:31:34,SHORT,24772.75,260.0,True,19.09,True
716,NQ,Mon,11:30,Out-of-Sample,2026-02-23T16:31:34.918673,2026-02-23 11:31:34,SHORT,24772.75,60.0,True,19.09,True
716,NQ,Mon,11:30,Out-of-Sample,2026-02-23T16:31:44.341023,2026-02-23 11:31:44,SHORT,24772.0,310.0,True,19.09,True
716,NQ,Mon,11:30,Out-of-Sample,2026-02-23T16:31:44.341023,2026-02-23 11:31:44,SHORT,24772.0,625.0,True,19.09,True
716,NQ,Mon,11:30,Out-of-Sample,2026-02-23T16:31:44.341023,2026-02-23 11:31:44,SHORT,24772.0,585.0,True,19.09,True
716,NQ,Mon,11:30,Out-of-Sample,2026-02-23T16:31:52.668602,2026-02-23 11:31:52,SHORT,24762.75,-210.0,True,19.09,True
716,NQ,Mon,11:30,Out-of-Sample,2026-02-23T16:32:03.520926,2026-02-23 11:32:03,SHORT,24761.25,-465.0,True,19.09,True
716,NQ,Mon,11:30,Out-of-Sample,2026-02-23T16:32:03.683878,2026-02-23 11:32:03,SHORT,24761.25,-600.0,True,19.09,True
716,NQ,Mon,11:30,Out-of-Sample,2026-02-23T16:32:03.684170,2026-02-23 11:32:03,SHORT,24761.25,235.0,True,19.09,True
716,NQ,Mon,11:30,Out-of-Sample,2026-02-23T16:32:03.684170,2026-02-23 11:32:03,SHORT,24761.25,0.0,True,19.09,True
716,NQ,Mon,11:30,Out-of-Sample,2026-02-23T16:35:26.064988,2026-02-23 11:35:26,SHORT,24759.5,-60.0,True,19.09,True
716,NQ,Mon,11:30,Out-of-Sample,2026-02-23T16:37:56.433712,2026-02-23 11:37:56,LONG,24779.5,-420.0,True,19.09,True
716,NQ,Mon,11:30,Out-of-Sample,2026-02-23T16:38:44.562402,2026-02-23 11:38:44,SHORT,24760.75,50.0,True,19.09,True
716,NQ,Mon,11:30,Out-of-Sample,2026-02-23T16:38:44.562402,2026-02-23 11:38:44,SHORT,24760.75,100.0,True,19.09,True
716,NQ,Mon,11:30,Out-of-Sample,2026-02-23T16:38:44.562402,2026-02-23 11:38:44,SHORT,24760.75,-95.0,True,19.09,True
716,NQ,Mon,11:30,Out-of-Sample,2026-02-23T16:40:27.140407,2026-02-23 11:40:27,SHORT,24756.0,-570.0,True,19.09,True
716,NQ,Mon,11:30,Out-of-Sample,2026-02-23T16:40:27.361418,2026-02-23 11:40:27,SHORT,24756.25,-915.0,True,19.09,True
716,NQ,Mon,11:30,Out-of-Sample,2026-02-23T16:41:20.591734,2026-02-23 11:41:20,SHORT,24758.75,-225.0,True,19.09,True
716,NQ,Mon,11:30,Out-of-Sample,2026-02-23T16:43:48.864037,2026-02-23 11:43:48,LONG,24780.0,-1155.0,True,19.09,True
716,NQ,Mon,11:30,Out-of-Sample,2026-02-23T16:44:27.709916,2026-02-23 11:44:27,SHORT,24764.0,-15.0,True,19.09,True
716,NQ,Mon,11:30,Out-of-Sample,2026-02-23T16:44:27.710266,2026-02-23 11:44:27,SHORT,24763.75,245.0,True,19.09,True
716,NQ,Mon,11:30,Out-of-Sample,2026-02-23T16:44:27.710266,2026-02-23 11:44:27,SHORT,24763.75,490.0,True,19.09,True
716,NQ,Mon,11:30,Out-of-Sample,2026-02-23T16:44:27.710266,2026-02-23 11:44:27,SHORT,24763.75,390.0,True,19.09,True
716,NQ,Mon,11:30,Out-of-Sample,2026-02-23T16:47:31.268126,2026-02-23 11:47:31,SHORT,24743.75,-570.0,True,19.09,True
716,NQ,Mon,11:30,Out-of-Sample,2026-02-23T16:48:16.518674,2026-02-23 11:48:16,SHORT,24742.75,75.0,True,19.09,True
716,NQ,Mon,11:30,Out-of-Sample,2026-02-23T16:48:16.518674,2026-02-23 11:48:16,SHORT,24742.75,150.0,True,19.09,True
716,NQ,Mon,11:30,Out-of-Sample,2026-02-23T16:48:16.518674,2026-02-23 11:48:16,SHORT,24742.75,-10.0,True,19.09,True
716,NQ,Mon,11:30,Out-of-Sample,2026-02-23T16:48:17.401993,2026-02-23 11:48:17,SHORT,24742.25,-120.0,True,19.09,True
716,NQ,Mon,11:30,Out-of-Sample,2026-02-23T16:48:37.525149,2026-02-23 11:48:37,LONG,24739.5,-255.0,True,19.09,True
716,NQ,Mon,11:30,Out-of-Sample,2026-02-23T16:48:59.064906,2026-02-23 11:48:59,LONG,24740.25,100.0,True,19.09,True
716,NQ,Mon,11:30,Out-of-Sample,2026-02-23T16:48:59.064906,2026-02-23 11:48:59,LONG,24740.25,200.0,True,19.09,True
716,NQ,Mon,11:30,Out-of-Sample,2026-02-23T16:48:59.064906,2026-02-23 11:48:59,LONG,24740.25,105.0,True,19.09,True
716,NQ,Mon,11:30,Out-of-Sample,2026-02-23T16:49:00.057903,2026-02-23 11:49:00,LONG,24741.75,310.0,True,19.09,True
716,NQ,Mon,11:30,Out-of-Sample,2026-02-23T16:49:00.057903,2026-02-23 11:49:00,LONG,24741.75,225.0,True,19.09,True
716,NQ,Mon,11:30,Out-of-Sample,2026-02-23T16:49:06.649145,2026-02-23 11:49:06,LONG,24746.0,75.0,True,19.09,True
716,NQ,Mon,11:30,Out-of-Sample,2026-02-23T16:49:06.649145,2026-02-23 11:49:06,LONG,24746.0,150.0,True,19.09,True
716,NQ,Mon,11:30,Out-of-Sample,2026-02-23T16:49:06.649145,2026-02-23 11:49:06,LONG,24746.0,15.0,True,19.09,True
716,NQ,Mon,11:30,Out-of-Sample,2026-02-23T16:50:06.949830,2026-02-23 11:50:06,LONG,24753.75,75.0,True,19.09,True
716,NQ,Mon,11:30,Out-of-Sample,2026-02-23T16:50:06.949830,2026-02-23 11:50:06,LONG,24753.75,10.0,True,19.09,True
716,NQ,Mon,11:30,Out-of-Sample,2026-02-23T16:51:07.103571,2026-02-23 11:51:07,SHORT,24741.25,-1425.0,True,19.09,True
716,NQ,Mon,11:30,Out-of-Sample,2026-02-23T16:51:07.103941,2026-02-23 11:51:07,SHORT,24741.25,-1425.0,True,19.09,True
716,NQ,Mon,11:30,Out-of-Sample,2026-02-23T16:51:07.172868,2026-02-23 11:51:07,SHORT,24741.25,-495.0,True,19.09,True
716,NQ,Mon,11:30,Out-of-Sample,2026-02-23T16:51:25.107933,2026-02-23 11:51:25,LONG,24753.75,75.0,True,19.09,True
716,NQ,Mon,11:30,Out-of-Sample,2026-02-23T16:51:25.107933,2026-02-23 11:51:25,LONG,24753.75,10.0,True,19.09,True
716,NQ,Mon,11:30,Out-of-Sample,2026-02-23T16:51:36.175897,2026-02-23 11:51:36,LONG,24762.75,-1770.0,True,19.09,True
716,NQ,Mon,11:30,Out-of-Sample,2026-02-23T16:53:26.695474,2026-02-23 11:53:26,SHORT,24754.75,-480.0,True,19.09,True
716,NQ,Mon,11:30,Out-of-Sample,2026-02-23T16:53:35.103724,2026-02-23 11:53:35,SHORT,24753.25,335.0,True,19.09,True
716,NQ,Mon,11:30,Out-of-Sample,2026-02-23T16:53:35.103724,2026-02-23 11:53:35,SHORT,24753.25,675.0,True,19.09,True
716,NQ,Mon,11:30,Out-of-Sample,2026-02-23T16:53:35.103724,2026-02-23 11:53:35,SHORT,24753.25,1165.0,True,19.09,True
716,NQ,Mon,11:30,Out-of-Sample,2026-02-23T16:53:35.104006,2026-02-23 11:53:35,SHORT,24752.75,335.0,True,19.09,True
716,NQ,Mon,11:30,Out-of-Sample,2026-02-23T16:53:35.104006,2026-02-23 11:53:35,SHORT,24752.75,730.0,True,19.09,True
716,NQ,Mon,11:30,Out-of-Sample,2026-02-23T16:55:27.734945,2026-02-23 11:55:27,SHORT,24743.0,-405.0,True,19.09,True
716,NQ,Mon,11:30,Out-of-Sample,2026-02-23T16:55:27.878740,2026-02-23 11:55:27,SHORT,24743.0,265.0,True,19.09,True
716,NQ,Mon,11:30,Out-of-Sample,2026-02-23T16:55:27.878740,2026-02-23 11:55:27,SHORT,24743.0,40.0,True,19.09,True
716,NQ,Mon,11:30,Out-of-Sample,2026-02-23T16:56:28.577373,2026-02-23 11:56:28,SHORT,24740.5,-570.0,True,19.09,True
716,NQ,Mon,11:30,Out-of-Sample,2026-02-23T16:57:34.487817,2026-02-23 11:57:34,LONG,24751.25,-435.0,True,19.09,True
716,NQ,Mon,11:30,Out-of-Sample,2026-02-23T16:58:46.703594,2026-02-23 11:58:46,SHORT,24731.5,50.0,True,19.09,True
716,NQ,Mon,11:30,Out-of-Sample,2026-02-23T16:58:46.703594,2026-02-23 11:58:46,SHORT,24731.5,-490.0,True,19.09,True
716,NQ,Mon,11:30,Out-of-Sample,2026-03-02T16:30:07.537983,2026-03-02 11:30:07,LONG,24894.25,-570.0,True,19.86,True
716,NQ,Mon,11:30,Out-of-Sample,2026-03-02T16:30:10.592979,2026-03-02 11:30:10,LONG,24893.25,-255.0,True,19.86,True
716,NQ,Mon,11:30,Out-of-Sample,2026-03-02T16:31:17.095091,2026-03-02 11:31:17,SHORT,24874.25,-135.0,True,19.86,True
716,NQ,Mon,11:30,Out-of-Sample,2026-03-02T16:31:17.095736,2026-03-02 11:31:17,SHORT,24874.25,245.0,True,19.86,True
716,NQ,Mon,11:30,Out-of-Sample,2026-03-02T16:31:17.095736,2026-03-02 11:31:17,SHORT,24874.25,40.0,True,19.86,True
716,NQ,Mon,11:30,Out-of-Sample,2026-03-02T16:31:58.249859,2026-03-02 11:31:58,SHORT,24866.0,-510.0,True,19.86,True
716,NQ,Mon,11:30,Out-of-Sample,2026-03-02T16:33:18.346998,2026-03-02 11:33:18,SHORT,24862.75,-1380.0,True,19.86,True
716,NQ,Mon,11:30,Out-of-Sample,2026-03-02T16:34:21.447850,2026-03-02 11:34:21,LONG,24893.0,-270.0,True,19.86,True
716,NQ,Mon,11:30,Out-of-Sample,2026-03-02T16:34:42.098845,2026-03-02 11:34:42,LONG,24900.75,75.0,True,19.86,True
716,NQ,Mon,11:30,Out-of-Sample,2026-03-02T16:34:42.098845,2026-03-02 11:34:42,LONG,24900.75,150.0,True,19.86,True
716,NQ,Mon,11:30,Out-of-Sample,2026-03-02T16:34:42.098845,2026-03-02 11:34:42,LONG,24900.75,0.0,True,19.86,True
716,NQ,Mon,11:30,Out-of-Sample,2026-03-02T16:35:00.501840,2026-03-02 11:35:00,SHORT,24900.75,145.0,True,19.86,True
716,NQ,Mon,11:30,Out-of-Sample,2026-03-02T16:35:00.501840,2026-03-02 11:35:00,SHORT,24900.75,115.0,True,19.86,True
716,NQ,Mon,11:30,Out-of-Sample,2026-03-02T16:35:22.639860,2026-03-02 11:35:22,LONG,24900.25,-120.0,True,19.86,True
716,NQ,Mon,11:30,Out-of-Sample,2026-03-02T16:36:27.794747,2026-03-02 11:36:27,LONG,24926.5,-450.0,True,19.86,True
716,NQ,Mon,11:30,Out-of-Sample,2026-03-02T16:38:09.676584,2026-03-02 11:38:09,SHORT,24937.25,-465.0,True,19.86,True
716,NQ,Mon,11:30,Out-of-Sample,2026-03-02T16:39:04.172332,2026-03-02 11:39:04,LONG,24960.25,300.0,True,19.86,True
716,NQ,Mon,11:30,Out-of-Sample,2026-03-02T16:39:04.172332,2026-03-02 11:39:04,LONG,24960.25,695.0,True,19.86,True
716,NQ,Mon,11:30,Out-of-Sample,2026-03-02T16:39:04.172332,2026-03-02 11:39:04,LONG,24960.25,635.0,True,19.86,True
716,NQ,Mon,11:30,Out-of-Sample,2026-03-02T16:39:31.271499,2026-03-02 11:39:31,SHORT,24950.25,-405.0,True,19.86,True
716,NQ,Mon,11:30,Out-of-Sample,2026-03-02T16:41:33.457713,2026-03-02 11:41:33,LONG,25000.25,50.0,True,19.86,True
716,NQ,Mon,11:30,Out-of-Sample,2026-03-02T16:41:33.457713,2026-03-02 11:41:33,LONG,25000.25,-330.0,True,19.86,True
716,NQ,Mon,11:30,Out-of-Sample,2026-03-02T16:41:33.820000,2026-03-02 11:41:33,LONG,25000.75,-420.0,True,19.86,True
716,NQ,Mon,11:30,Out-of-Sample,2026-03-02T16:41:33.899680,2026-03-02 11:41:33,LONG,25000.75,-300.0,True,19.86,True
716,NQ,Mon,11:30,Out-of-Sample,2026-03-02T16:42:06.501142,2026-03-02 11:42:06,SHORT,24995.75,-690.0,True,19.86,True
716,NQ,Mon,11:30,Out-of-Sample,2026-03-02T16:42:29.367686,2026-03-02 11:42:29,SHORT,24992.25,-495.0,True,19.86,True
716,NQ,Mon,11:30,Out-of-Sample,2026-03-02T16:43:19.476296,2026-03-02 11:43:19,LONG,25001.75,75.0,True,19.86,True
716,NQ,Mon,11:30,Out-of-Sample,2026-03-02T16:43:19.476296,2026-03-02 11:43:19,LONG,25001.75,150.0,True,19.86,True
716,NQ,Mon,11:30,Out-of-Sample,2026-03-02T16:43:19.476296,2026-03-02 11:43:19,LONG,25001.75,305.0,True,19.86,True
716,NQ,Mon,11:30,Out-of-Sample,2026-03-02T16:44:49.672770,2026-03-02 11:44:49,SHORT,25015.5,-240.0,True,19.86,True
716,NQ,Mon,11:30,Out-of-Sample,2026-03-02T16:47:08.456456,2026-03-02 11:47:08,SHORT,25014.25,-525.0,True,19.86,True
716,NQ,Mon,11:30,Out-of-Sample,2026-03-02T16:47:34.266522,2026-03-02 11:47:34,SHORT,25030.0,100.0,True,19.86,True
716,NQ,Mon,11:30,Out-of-Sample,2026-03-02T16:47:34.266522,2026-03-02 11:47:34,SHORT,25030.0,-160.0,True,19.86,True
716,NQ,Mon,11:30,Out-of-Sample,2026-03-02T16:47:34.537907,2026-03-02 11:47:34,SHORT,25030.0,-310.0,True,19.86,True
716,NQ,Mon,11:30,Out-of-Sample,2026-03-02T16:47:56.870621,2026-03-02 11:47:56,LONG,25035.75,-840.0,True,19.86,True
716,NQ,Mon,11:30,Out-of-Sample,2026-03-02T16:48:26.018632,2026-03-02 11:48:26,SHORT,25027.5,75.0,True,19.86,True
716,NQ,Mon,11:30,Out-of-Sample,2026-03-02T16:48:26.018632,2026-03-02 11:48:26,SHORT,25027.5,150.0,True,19.86,True
716,NQ,Mon,11:30,Out-of-Sample,2026-03-02T16:48:26.018632,2026-03-02 11:48:26,SHORT,25027.5,340.0,True,19.86,True
716,NQ,Mon,11:30,Out-of-Sample,2026-03-02T16:48:26.976915,2026-03-02 11:48:26,SHORT,25022.5,200.0,True,19.86,True
716,NQ,Mon,11:30,Out-of-Sample,2026-03-02T16:48:26.976915,2026-03-02 11:48:26,SHORT,25022.5,20.0,True,19.86,True
716,NQ,Mon,11:30,Out-of-Sample,2026-03-02T16:48:26.977847,2026-03-02 11:48:26,SHORT,25022.5,200.0,True,19.86,True
716,NQ,Mon,11:30,Out-of-Sample,2026-03-02T16:48:26.977847,2026-03-02 11:48:26,SHORT,25022.5,150.0,True,19.86,True
716,NQ,Mon,11:30,Out-of-Sample,2026-03-02T16:48:50.705960,2026-03-02 11:48:50,LONG,25015.0,60.0,True,19.86,True
716,NQ,Mon,11:30,Out-of-Sample,2026-03-02T16:50:27.486253,2026-03-02 11:50:27,SHORT,25004.75,-1215.0,True,19.86,True
716,NQ,Mon,11:30,Out-of-Sample,2026-03-02T16:50:27.674469,2026-03-02 11:50:27,SHORT,25004.0,-60.0,True,19.86,True
716,NQ,Mon,11:30,Out-of-Sample,2026-03-02T16:50:27.674887,2026-03-02 11:50:27,SHORT,25004.0,-1260.0,True,19.86,True
716,NQ,Mon,11:30,Out-of-Sample,2026-03-02T16:51:06.380595,2026-03-02 11:51:06,SHORT,25000.5,-1200.0,True,19.86,True
716,NQ,Mon,11:30,Out-of-Sample,2026-03-02T16:51:06.381042,2026-03-02 11:51:06,SHORT,25000.5,-2370.0,True,19.86,True
716,NQ,Mon,11:30,Out-of-Sample,2026-03-02T16:54:25.783273,2026-03-02 11:54:25,SHORT,25013.75,-525.0,True,19.86,True
716,NQ,Mon,11:30,Out-of-Sample,2026-03-02T16:55:01.315415,2026-03-02 11:55:01,SHORT,25012.75,-285.0,True,19.86,True
716,NQ,Mon,11:30,Out-of-Sample,2026-03-02T16:55:01.582094,2026-03-02 11:55:01,SHORT,25013.5,-795.0,True,19.86,True
716,NQ,Mon,11:30,Out-of-Sample,2026-03-02T16:55:44.801615,2026-03-02 11:55:44,LONG,25027.0,275.0,True,19.86,True
716,NQ,Mon,11:30,Out-of-Sample,2026-03-02T16:55:44.801615,2026-03-02 11:55:44,LONG,25027.0,150.0,True,19.86,True
716,NQ,Mon,11:30,Out-of-Sample,2026-03-09T15:30:07.796709,2026-03-09 11:30:07,SHORT,24629.75,-255.0,True,29.49,False
716,NQ,Mon,11:30,Out-of-Sample,2026-03-09T15:32:25.085455,2026-03-09 11:32:25,SHORT,24625.5,360.0,True,29.49,False
716,NQ,Mon,11:30,Out-of-Sample,2026-03-09T15:32:25.085455,2026-03-09 11:32:25,SHORT,24625.5,-840.0,True,29.49,False
716,NQ,Mon,11:30,Out-of-Sample,2026-03-09T15:33:00.596156,2026-03-09 11:33:00,SHORT,24620.0,-285.0,True,29.49,False
716,NQ,Mon,11:30,Out-of-Sample,2026-03-09T15:33:00.597598,2026-03-09 11:33:00,SHORT,24619.75,235.0,True,29.49,False
716,NQ,Mon,11:30,Out-of-Sample,2026-03-09T15:33:00.597598,2026-03-09 11:33:00,SHORT,24619.75,475.0,True,29.49,False
716,NQ,Mon,11:30,Out-of-Sample,2026-03-09T15:33:00.597598,2026-03-09 11:33:00,SHORT,24619.75,285.0,True,29.49,False
716,NQ,Mon,11:30,Out-of-Sample,2026-03-09T15:33:01.933494,2026-03-09 11:33:01,SHORT,24618.25,50.0,True,29.49,False
716,NQ,Mon,11:30,Out-of-Sample,2026-03-09T15:33:01.933494,2026-03-09 11:33:01,SHORT,24618.25,100.0,True,29.49,False
716,NQ,Mon,11:30,Out-of-Sample,2026-03-09T15:33:01.933494,2026-03-09 11:33:01,SHORT,24618.25,225.0,True,29.49,False
716,NQ,Mon,11:30,Out-of-Sample,2026-03-09T15:34:17.610915,2026-03-09 11:34:17,SHORT,24610.25,-75.0,True,29.49,False
716,NQ,Mon,11:30,Out-of-Sample,2026-03-09T15:35:02.782762,2026-03-09 11:35:02,SHORT,24599.25,-2700.0,True,29.49,False
716,NQ,Mon,11:30,Out-of-Sample,2026-03-09T15:35:02.784683,2026-03-09 11:35:02,SHORT,24599.75,135.0,True,29.49,False
716,NQ,Mon,11:30,Out-of-Sample,2026-03-09T15:35:02.784683,2026-03-09 11:35:02,SHORT,24599.75,60.0,True,29.49,False
716,NQ,Mon,11:30,Out-of-Sample,2026-03-09T15:35:03.362706,2026-03-09 11:35:03,SHORT,24598.5,-300.0,True,29.49,False
716,NQ,Mon,11:30,Out-of-Sample,2026-03-09T15:35:06.504761,2026-03-09 11:35:06,LONG,24606.0,100.0,True,29.49,False
716,NQ,Mon,11:30,Out-of-Sample,2026-03-09T15:35:06.504761,2026-03-09 11:35:06,LONG,24606.0,-330.0,True,29.49,False
716,NQ,Mon,11:30,Out-of-Sample,2026-03-09T15:35:27.738774,2026-03-09 11:35:27,SHORT,24598.75,-300.0,True,29.49,False
716,NQ,Mon,11:30,Out-of-Sample,2026-03-09T15:36:36.119937,2026-03-09 11:36:36,SHORT,24596.75,-585.0,True,29.49,False
716,NQ,Mon,11:30,Out-of-Sample,2026-03-09T15:36:36.121290,2026-03-09 11:36:36,SHORT,24596.75,-720.0,True,29.49,False
716,NQ,Mon,11:30,Out-of-Sample,2026-03-09T15:37:54.659685,2026-03-09 11:37:54,LONG,24614.0,-300.0,True,29.49,False
716,NQ,Mon,11:30,Out-of-Sample,2026-03-09T15:41:44.821672,2026-03-09 11:41:44,LONG,24610.75,-465.0,True,29.49,False
716,NQ,Mon,11:30,Out-of-Sample,2026-03-09T15:43:21.035661,2026-03-09 11:43:21,LONG,24612.25,85.0,True,29.49,False
716,NQ,Mon,11:30,Out-of-Sample,2026-03-09T15:43:21.035661,2026-03-09 11:43:21,LONG,24612.25,10.0,True,29.49,False
716,NQ,Mon,11:30,Out-of-Sample,2026-03-09T15:45:16.059499,2026-03-09 11:45:16,SHORT,24600.5,-240.0,True,29.49,False
716,NQ,Mon,11:30,Out-of-Sample,2026-03-09T15:45:59.120305,2026-03-09 11:45:59,LONG,24637.0,75.0,True,29.49,False
716,NQ,Mon,11:30,Out-of-Sample,2026-03-09T15:45:59.120305,2026-03-09 11:45:59,LONG,24637.0,10.0,True,29.49,False
716,NQ,Mon,11:30,Out-of-Sample,2026-03-09T15:46:53.866730,2026-03-09 11:46:53,SHORT,24624.75,75.0,True,29.49,False
716,NQ,Mon,11:30,Out-of-Sample,2026-03-09T15:46:53.866730,2026-03-09 11:46:53,SHORT,24624.75,10.0,True,29.49,False
716,NQ,Mon,11:30,Out-of-Sample,2026-03-09T15:48:06.039085,2026-03-09 11:48:06,SHORT,24613.0,-315.0,True,29.49,False
716,NQ,Mon,11:30,Out-of-Sample,2026-03-09T15:51:45.936791,2026-03-09 11:51:45,SHORT,24630.75,-135.0,True,29.49,False
716,NQ,Mon,11:30,Out-of-Sample,2026-03-09T15:54:01.473831,2026-03-09 11:54:01,LONG,24653.25,375.0,True,29.49,False
716,NQ,Mon,11:30,Out-of-Sample,2026-03-09T15:54:01.473831,2026-03-09 11:54:01,LONG,24653.25,605.0,True,29.49,False
716,NQ,Mon,11:30,Out-of-Sample,2026-03-09T15:54:01.473831,2026-03-09 11:54:01,LONG,24653.25,910.0,True,29.49,False
716,NQ,Mon,11:30,Out-of-Sample,2026-03-09T15:54:01.943297,2026-03-09 11:54:01,LONG,24653.5,55.0,True,29.49,False
716,NQ,Mon,11:30,Out-of-Sample,2026-03-09T15:54:01.943297,2026-03-09 11:54:01,LONG,24653.5,-380.0,True,29.49,False
716,NQ,Mon,11:30,Out-of-Sample,2026-03-09T15:54:07.368358,2026-03-09 11:54:07,SHORT,24653.75,100.0,True,29.49,False
716,NQ,Mon,11:30,Out-of-Sample,2026-03-09T15:54:07.368358,2026-03-09 11:54:07,SHORT,24653.75,200.0,True,29.49,False
716,NQ,Mon,11:30,Out-of-Sample,2026-03-09T15:54:07.368358,2026-03-09 11:54:07,SHORT,24653.75,80.0,True,29.49,False
716,NQ,Mon,11:30,Out-of-Sample,2026-03-09T15:56:16.789094,2026-03-09 11:56:16,SHORT,24646.75,-630.0,True,29.49,False
716,NQ,Mon,11:30,Out-of-Sample,2026-03-09T15:56:16.789777,2026-03-09 11:56:16,SHORT,24646.75,-285.0,True,29.49,False
716,NQ,Mon,11:30,Out-of-Sample,2026-03-09T15:56:23.949875,2026-03-09 11:56:23,SHORT,24643.75,-570.0,True,29.49,False
716,NQ,Mon,11:30,Out-of-Sample,2026-03-09T15:58:07.262861,2026-03-09 11:58:07,LONG,24657.5,125.0,True,29.49,False
716,NQ,Mon,11:30,Out-of-Sample,2026-03-09T15:58:07.262861,2026-03-09 11:58:07,LONG,24657.5,10.0,True,29.49,False
716,NQ,Mon,11:30,Out-of-Sample,2026-03-09T15:58:07.263540,2026-03-09 11:58:07,LONG,24657.25,495.0,True,29.49,False
716,NQ,Mon,11:30,Out-of-Sample,2026-03-09T15:58:07.263540,2026-03-09 11:58:07,LONG,24657.25,1115.0,True,29.49,False
716,NQ,Mon,11:30,Out-of-Sample,2026-03-09T15:58:07.263540,2026-03-09 11:58:07,LONG,24657.25,1260.0,True,29.49,False
716,NQ,Mon,11:30,Out-of-Sample,2026-03-09T15:59:01.221590,2026-03-09 11:59:01,SHORT,24638.0,-435.0,True,29.49,False
716,NQ,Mon,11:30,Out-of-Sample,2026-03-09T15:59:01.222525,2026-03-09 11:59:01,SHORT,24637.0,-1440.0,True,29.49,False
716,NQ,Mon,11:30,Out-of-Sample,2026-03-09T15:59:01.224011,2026-03-09 11:59:01,SHORT,24637.0,-465.0,True,29.49,False
716,NQ,Mon,11:30,Out-of-Sample,2026-03-09T15:59:01.228525,2026-03-09 11:59:01,SHORT,24637.75,-510.0,True,29.49,False
716,NQ,Mon,11:30,Out-of-Sample,2026-03-09T15:59:55.207179,2026-03-09 11:59:55,SHORT,24644.0,60.0,True,29.49,False
716,NQ,Mon,11:30,Out-of-Sample,2026-03-16T15:30:11.687084,2026-03-16 11:30:11,LONG,24939.0,50.0,True,27.19,False
716,NQ,Mon,11:30,Out-of-Sample,2026-03-16T15:30:11.687084,2026-03-16 11:30:11,LONG,24939.0,100.0,True,27.19,False
716,NQ,Mon,11:30,Out-of-Sample,2026-03-16T15:30:11.687084,2026-03-16 11:30:11,LONG,24939.0,-15.0,True,27.19,False
716,NQ,Mon,11:30,Out-of-Sample,2026-03-16T15:34:00.379944,2026-03-16 11:34:00,LONG,24952.5,-1395.0,True,27.19,False
716,NQ,Mon,11:30,Out-of-Sample,2026-03-16T15:36:38.726542,2026-03-16 11:36:38,SHORT,24942.5,-450.0,True,27.19,False
716,NQ,Mon,11:30,Out-of-Sample,2026-03-16T15:38:36.013714,2026-03-16 11:38:36,SHORT,24941.25,165.0,True,27.19,False
716,NQ,Mon,11:30,Out-of-Sample,2026-03-16T15:38:36.014381,2026-03-16 11:38:36,SHORT,24941.5,310.0,True,27.19,False
716,NQ,Mon,11:30,Out-of-Sample,2026-03-16T15:38:36.014381,2026-03-16 11:38:36,SHORT,24941.5,620.0,True,27.19,False
716,NQ,Mon,11:30,Out-of-Sample,2026-03-16T15:38:36.014381,2026-03-16 11:38:36,SHORT,24941.5,455.0,True,27.19,False
716,NQ,Mon,11:30,Out-of-Sample,2026-03-16T15:38:40.335319,2026-03-16 11:38:40,SHORT,24936.75,-225.0,True,27.19,False
716,NQ,Mon,11:30,Out-of-Sample,2026-03-16T15:47:25.091005,2026-03-16 11:47:25,LONG,24946.0,75.0,True,27.19,False
716,NQ,Mon,11:30,Out-of-Sample,2026-03-16T15:47:25.091005,2026-03-16 11:47:25,LONG,24946.0,0.0,True,27.19,False
716,NQ,Mon,11:30,Out-of-Sample,2026-03-16T15:50:21.396476,2026-03-16 11:50:21,SHORT,24933.25,75.0,True,27.19,False
716,NQ,Mon,11:30,Out-of-Sample,2026-03-16T15:50:21.396476,2026-03-16 11:50:21,SHORT,24933.25,150.0,True,27.19,False
716,NQ,Mon,11:30,Out-of-Sample,2026-03-16T15:50:21.396476,2026-03-16 11:50:21,SHORT,24933.25,170.0,True,27.19,False
716,NQ,Mon,11:30,Out-of-Sample,2026-03-16T15:50:36.101494,2026-03-16 11:50:36,SHORT,24919.5,50.0,True,27.19,False
716,NQ,Mon,11:30,Out-of-Sample,2026-03-16T15:50:36.101494,2026-03-16 11:50:36,SHORT,24919.5,-370.0,True,27.19,False
716,NQ,Mon,11:30,Out-of-Sample,2026-03-16T15:53:08.864193,2026-03-16 11:53:08,SHORT,24914.75,225.0,True,27.19,False
716,NQ,Mon,11:30,Out-of-Sample,2026-03-16T15:53:08.864193,2026-03-16 11:53:08,SHORT,24914.75,505.0,True,27.19,False
716,NQ,Mon,11:30,Out-of-Sample,2026-03-16T15:53:08.864193,2026-03-16 11:53:08,SHORT,24914.75,390.0,True,27.19,False
716,NQ,Mon,11:30,Out-of-Sample,2026-03-16T15:55:24.259985,2026-03-16 11:55:24,SHORT,24908.5,315.0,True,27.19,False
716,NQ,Mon,11:30,Out-of-Sample,2026-03-16T15:55:24.259985,2026-03-16 11:55:24,SHORT,24908.5,10.0,True,27.19,False
716,NQ,Mon,11:30,Out-of-Sample,2026-03-16T15:55:24.435214,2026-03-16 11:55:24,SHORT,24908.25,1425.0,True,27.19,False
716,NQ,Mon,11:30,Out-of-Sample,2026-03-16T15:55:24.435214,2026-03-16 11:55:24,SHORT,24908.25,2720.0,True,27.19,False
716,NQ,Mon,11:30,Out-of-Sample,2026-03-16T15:55:26.895891,2026-03-16 11:55:26,SHORT,24906.75,305.0,True,27.19,False
716,NQ,Mon,11:30,Out-of-Sample,2026-03-16T15:55:26.895891,2026-03-16 11:55:26,SHORT,24906.75,0.0,True,27.19,False
716,NQ,Mon,11:30,Out-of-Sample,2026-03-16T15:55:27.176374,2026-03-16 11:55:27,SHORT,24906.25,-660.0,True,27.19,False
716,NQ,Mon,11:30,Out-of-Sample,2026-03-16T15:56:40.356630,2026-03-16 11:56:40,LONG,24924.5,75.0,True,27.19,False
716,NQ,Mon,11:30,Out-of-Sample,2026-03-16T15:56:40.356630,2026-03-16 11:56:40,LONG,24924.5,-50.0,True,27.19,False
716,NQ,Mon,11:30,Out-of-Sample,2026-03-16T15:57:34.925859,2026-03-16 11:57:34,SHORT,24906.0,-225.0,True,27.19,False
716,NQ,Mon,11:30,Out-of-Sample,2026-03-16T15:58:00.843283,2026-03-16 11:58:00,LONG,24899.5,75.0,True,27.19,False
716,NQ,Mon,11:30,Out-of-Sample,2026-03-16T15:58:00.843283,2026-03-16 11:58:00,LONG,24899.5,0.0,True,27.19,False
716,NQ,Mon,11:30,Out-of-Sample,2026-03-16T15:58:32.303345,2026-03-16 11:58:32,SHORT,24889.0,-1260.0,True,27.19,False
716,NQ,Mon,11:30,Out-of-Sample,2026-03-16T15:58:32.486442,2026-03-16 11:58:32,SHORT,24888.0,75.0,True,27.19,False
716,NQ,Mon,11:30,Out-of-Sample,2026-03-16T15:58:32.486442,2026-03-16 11:58:32,SHORT,24888.0,10.0,True,27.19,False
716,NQ,Mon,11:30,Out-of-Sample,2026-03-16T15:58:32.523606,2026-03-16 11:58:32,SHORT,24887.5,-420.0,True,27.19,False
716,NQ,Mon,11:30,Out-of-Sample,2026-03-16T15:58:44.921145,2026-03-16 11:58:44,LONG,24896.5,-495.0,True,27.19,False
716,NQ,Mon,11:30,Out-of-Sample,2026-03-16T15:59:59.863812,2026-03-16 11:59:59,SHORT,24888.75,-390.0,True,27.19,False
716,NQ,Mon,11:30,Out-of-Sample,2026-03-23T15:33:10.094938,2026-03-23 11:33:10,SHORT,24612.25,295.0,True,26.78,False
716,NQ,Mon,11:30,Out-of-Sample,2026-03-23T15:33:10.094938,2026-03-23 11:33:10,SHORT,24612.25,585.0,True,26.78,False
716,NQ,Mon,11:30,Out-of-Sample,2026-03-23T15:33:10.094938,2026-03-23 11:33:10,SHORT,24612.25,420.0,True,26.78,False
716,NQ,Mon,11:30,Out-of-Sample,2026-03-23T15:35:16.922505,2026-03-23 11:35:16,SHORT,24596.25,110.0,True,26.78,False
716,NQ,Mon,11:30,Out-of-Sample,2026-03-23T15:35:16.922505,2026-03-23 11:35:16,SHORT,24596.25,545.0,True,26.78,False
716,NQ,Mon,11:30,Out-of-Sample,2026-03-23T15:35:16.922505,2026-03-23 11:35:16,SHORT,24596.25,500.0,True,26.78,False
716,NQ,Mon,11:30,Out-of-Sample,2026-03-23T15:35:16.923715,2026-03-23 11:35:16,SHORT,24595.75,435.0,True,26.78,False
716,NQ,Mon,11:30,Out-of-Sample,2026-03-23T15:35:16.923715,2026-03-23 11:35:16,SHORT,24595.75,980.0,True,26.78,False
716,NQ,Mon,11:30,Out-of-Sample,2026-03-23T15:35:16.923715,2026-03-23 11:35:16,SHORT,24595.75,995.0,True,26.78,False
716,NQ,Mon,11:30,Out-of-Sample,2026-03-23T15:35:20.318909,2026-03-23 11:35:20,SHORT,24588.25,385.0,True,26.78,False
716,NQ,Mon,11:30,Out-of-Sample,2026-03-23T15:35:20.318909,2026-03-23 11:35:20,SHORT,24588.25,770.0,True,26.78,False
716,NQ,Mon,11:30,Out-of-Sample,2026-03-23T15:35:20.318909,2026-03-23 11:35:20,SHORT,24588.25,820.0,True,26.78,False
716,NQ,Mon,11:30,Out-of-Sample,2026-03-23T15:36:02.207269,2026-03-23 11:36:02,SHORT,24580.75,295.0,True,26.78,False
716,NQ,Mon,11:30,Out-of-Sample,2026-03-23T15:36:02.207269,2026-03-23 11:36:02,SHORT,24580.75,595.0,True,26.78,False
716,NQ,Mon,11:30,Out-of-Sample,2026-03-23T15:36:02.207269,2026-03-23 11:36:02,SHORT,24580.75,630.0,True,26.78,False
716,NQ,Mon,11:30,Out-of-Sample,2026-03-23T15:36:02.297623,2026-03-23 11:36:02,SHORT,24581.75,295.0,True,26.78,False
716,NQ,Mon,11:30,Out-of-Sample,2026-03-23T15:36:02.297623,2026-03-23 11:36:02,SHORT,24581.75,660.0,True,26.78,False
716,NQ,Mon,11:30,Out-of-Sample,2026-03-23T15:36:02.297623,2026-03-23 11:36:02,SHORT,24581.75,690.0,True,26.78,False
716,NQ,Mon,11:30,Out-of-Sample,2026-03-23T15:38:59.026179,2026-03-23 11:38:59,LONG,24544.0,-270.0,True,26.78,False
716,NQ,Mon,11:30,Out-of-Sample,2026-03-23T15:40:39.229884,2026-03-23 11:40:39,SHORT,24535.0,-930.0,True,26.78,False
716,NQ,Mon,11:30,Out-of-Sample,2026-03-23T15:40:41.166570,2026-03-23 11:40:41,SHORT,24535.75,110.0,True,26.78,False
716,NQ,Mon,11:30,Out-of-Sample,2026-03-23T15:40:41.166570,2026-03-23 11:40:41,SHORT,24535.75,10.0,True,26.78,False
716,NQ,Mon,11:30,Out-of-Sample,2026-03-23T15:40:41.274745,2026-03-23 11:40:41,SHORT,24535.25,445.0,True,26.78,False
716,NQ,Mon,11:30,Out-of-Sample,2026-03-23T15:40:41.274745,2026-03-23 11:40:41,SHORT,24535.25,1005.0,True,26.78,False
716,NQ,Mon,11:30,Out-of-Sample,2026-03-23T15:40:41.274745,2026-03-23 11:40:41,SHORT,24535.25,815.0,True,26.78,False
716,NQ,Mon,11:30,Out-of-Sample,2026-03-23T15:40:53.998544,2026-03-23 11:40:53,LONG,24536.0,-225.0,True,26.78,False
716,NQ,Mon,11:30,Out-of-Sample,2026-03-23T15:41:09.186627,2026-03-23 11:41:09,SHORT,24531.5,-1020.0,True,26.78,False
716,NQ,Mon,11:30,Out-of-Sample,2026-03-23T15:41:35.559253,2026-03-23 11:41:35,LONG,24560.0,-930.0,True,26.78,False
716,NQ,Mon,11:30,Out-of-Sample,2026-03-23T15:43:15.673393,2026-03-23 11:43:15,LONG,24521.75,100.0,True,26.78,False
716,NQ,Mon,11:30,Out-of-Sample,2026-03-23T15:43:15.673393,2026-03-23 11:43:15,LONG,24521.75,-100.0,True,26.78,False
716,NQ,Mon,11:30,Out-of-Sample,2026-03-23T15:43:47.103936,2026-03-23 11:43:47,SHORT,24520.0,-675.0,True,26.78,False
716,NQ,Mon,11:30,Out-of-Sample,2026-03-23T15:45:45.143247,2026-03-23 11:45:45,SHORT,24518.0,290.0,True,26.78,False
716,NQ,Mon,11:30,Out-of-Sample,2026-03-23T15:45:45.143247,2026-03-23 11:45:45,SHORT,24518.0,580.0,True,26.78,False
716,NQ,Mon,11:30,Out-of-Sample,2026-03-23T15:45:45.143247,2026-03-23 11:45:45,SHORT,24518.0,450.0,True,26.78,False
716,NQ,Mon,11:30,Out-of-Sample,2026-03-23T15:45:50.874126,2026-03-23 11:45:50,SHORT,24512.0,50.0,True,26.78,False
716,NQ,Mon,11:30,Out-of-Sample,2026-03-23T15:45:50.874126,2026-03-23 11:45:50,SHORT,24512.0,100.0,True,26.78,False
716,NQ,Mon,11:30,Out-of-Sample,2026-03-23T15:45:50.874126,2026-03-23 11:45:50,SHORT,24512.0,225.0,True,26.78,False
716,NQ,Mon,11:30,Out-of-Sample,2026-03-23T15:46:11.837808,2026-03-23 11:46:11,SHORT,24497.5,50.0,True,26.78,False
716,NQ,Mon,11:30,Out-of-Sample,2026-03-23T15:46:11.837808,2026-03-23 11:46:11,SHORT,24497.5,100.0,True,26.78,False
716,NQ,Mon,11:30,Out-of-Sample,2026-03-23T15:46:11.837808,2026-03-23 11:46:11,SHORT,24497.5,-90.0,True,26.78,False
716,NQ,Mon,11:30,Out-of-Sample,2026-03-23T15:47:04.976196,2026-03-23 11:47:04,SHORT,24488.25,50.0,True,26.78,False
716,NQ,Mon,11:30,Out-of-Sample,2026-03-23T15:47:04.976196,2026-03-23 11:47:04,SHORT,24488.25,-120.0,True,26.78,False
716,NQ,Mon,11:30,Out-of-Sample,2026-03-23T15:47:04.976770,2026-03-23 11:47:04,SHORT,24488.25,-1335.0,True,26.78,False
716,NQ,Mon,11:30,Out-of-Sample,2026-03-23T15:47:51.698784,2026-03-23 11:47:51,LONG,24507.5,-315.0,True,26.78,False
716,NQ,Mon,11:30,Out-of-Sample,2026-03-23T15:50:52.910586,2026-03-23 11:50:52,SHORT,24500.0,340.0,True,26.78,False
716,NQ,Mon,11:30,Out-of-Sample,2026-03-23T15:50:52.910586,2026-03-23 11:50:52,SHORT,24500.0,600.0,True,26.78,False
716,NQ,Mon,11:30,Out-of-Sample,2026-03-23T15:50:52.910586,2026-03-23 11:50:52,SHORT,24500.0,1150.0,True,26.78,False
716,NQ,Mon,11:30,Out-of-Sample,2026-03-23T15:52:09.744523,2026-03-23 11:52:09,SHORT,24475.25,505.0,True,26.78,False
716,NQ,Mon,11:30,Out-of-Sample,2026-03-23T15:52:09.744523,2026-03-23 11:52:09,SHORT,24475.25,860.0,True,26.78,False
716,NQ,Mon,11:30,Out-of-Sample,2026-03-23T15:52:09.744523,2026-03-23 11:52:09,SHORT,24475.25,660.0,True,26.78,False
716,NQ,Mon,11:30,Out-of-Sample,2026-03-23T15:53:12.546218,2026-03-23 11:53:12,LONG,24465.75,50.0,True,26.78,False
716,NQ,Mon,11:30,Out-of-Sample,2026-03-23T15:53:12.546218,2026-03-23 11:53:12,LONG,24465.75,100.0,True,26.78,False
716,NQ,Mon,11:30,Out-of-Sample,2026-03-23T15:53:12.546218,2026-03-23 11:53:12,LONG,24465.75,-120.0,True,26.78,False
716,NQ,Mon,11:30,Out-of-Sample,2026-03-23T15:54:25.676050,2026-03-23 11:54:25,SHORT,24443.0,345.0,True,26.78,False
716,NQ,Mon,11:30,Out-of-Sample,2026-03-23T15:54:25.676050,2026-03-23 11:54:25,SHORT,24443.0,695.0,True,26.78,False
716,NQ,Mon,11:30,Out-of-Sample,2026-03-23T15:54:25.676050,2026-03-23 11:54:25,SHORT,24443.0,500.0,True,26.78,False
716,NQ,Mon,11:30,Out-of-Sample,2026-03-23T15:55:11.881270,2026-03-23 11:55:11,SHORT,24431.0,445.0,True,26.78,False
716,NQ,Mon,11:30,Out-of-Sample,2026-03-23T15:55:11.881270,2026-03-23 11:55:11,SHORT,24431.0,890.0,True,26.78,False
716,NQ,Mon,11:30,Out-of-Sample,2026-03-23T15:55:11.881270,2026-03-23 11:55:11,SHORT,24431.0,1010.0,True,26.78,False
716,NQ,Mon,11:30,Out-of-Sample,2026-03-23T15:55:13.140341,2026-03-23 11:55:13,SHORT,24422.75,465.0,True,26.78,False
716,NQ,Mon,11:30,Out-of-Sample,2026-03-23T15:55:13.140341,2026-03-23 11:55:13,SHORT,24422.75,-10.0,True,26.78,False
716,NQ,Mon,11:30,Out-of-Sample,2026-03-23T15:55:13.386471,2026-03-23 11:55:13,SHORT,24420.75,315.0,True,26.78,False
716,NQ,Mon,11:30,Out-of-Sample,2026-03-23T15:55:13.386471,2026-03-23 11:55:13,SHORT,24420.75,710.0,True,26.78,False
716,NQ,Mon,11:30,Out-of-Sample,2026-03-23T15:55:13.386471,2026-03-23 11:55:13,SHORT,24420.75,815.0,True,26.78,False
716,NQ,Mon,11:30,Out-of-Sample,2026-03-23T15:55:13.387145,2026-03-23 11:55:13,SHORT,24420.75,115.0,True,26.78,False
716,NQ,Mon,11:30,Out-of-Sample,2026-03-23T15:55:13.387145,2026-03-23 11:55:13,SHORT,24420.75,-10.0,True,26.78,False
716,NQ,Mon,11:30,Out-of-Sample,2026-03-23T15:55:14.464761,2026-03-23 11:55:14,SHORT,24413.5,-450.0,True,26.78,False
716,NQ,Mon,11:30,Out-of-Sample,2026-03-23T15:55:46.789684,2026-03-23 11:55:46,LONG,24433.0,50.0,True,26.78,False
716,NQ,Mon,11:30,Out-of-Sample,2026-03-23T15:55:46.789684,2026-03-23 11:55:46,LONG,24433.0,100.0,True,26.78,False
716,NQ,Mon,11:30,Out-of-Sample,2026-03-23T15:55:46.789684,2026-03-23 11:55:46,LONG,24433.0,-55.0,True,26.78,False
716,NQ,Mon,11:30,Out-of-Sample,2026-03-23T15:56:34.238575,2026-03-23 11:56:34,LONG,24410.5,100.0,True,26.78,False
716,NQ,Mon,11:30,Out-of-Sample,2026-03-23T15:56:34.238575,2026-03-23 11:56:34,LONG,24410.5,-270.0,True,26.78,False
716,NQ,Mon,11:30,Out-of-Sample,2026-03-23T15:56:55.144950,2026-03-23 11:56:55,SHORT,24401.5,345.0,True,26.78,False
716,NQ,Mon,11:30,Out-of-Sample,2026-03-23T15:56:55.144950,2026-03-23 11:56:55,SHORT,24401.5,-10.0,True,26.78,False
716,NQ,Mon,11:30,Out-of-Sample,2026-03-23T15:56:57.259585,2026-03-23 11:56:57,LONG,24407.75,-450.0,True,26.78,False
716,NQ,Mon,11:30,Out-of-Sample,2026-03-23T15:57:05.361894,2026-03-23 11:57:05,LONG,24408.25,105.0,True,26.78,False
716,NQ,Mon,11:30,Out-of-Sample,2026-03-23T15:57:05.361894,2026-03-23 11:57:05,LONG,24408.25,-120.0,True,26.78,False
716,NQ,Mon,11:30,Out-of-Sample,2026-03-23T15:57:24.956560,2026-03-23 11:57:24,LONG,24403.25,-420.0,True,26.78,False
716,NQ,Mon,11:30,Out-of-Sample,2026-03-23T15:58:12.840556,2026-03-23 11:58:12,LONG,24399.0,100.0,True,26.78,False
716,NQ,Mon,11:30,Out-of-Sample,2026-03-23T15:58:12.840556,2026-03-23 11:58:12,LONG,24399.0,200.0,True,26.78,False
716,NQ,Mon,11:30,Out-of-Sample,2026-03-23T15:58:12.840556,2026-03-23 11:58:12,LONG,24399.0,85.0,True,26.78,False
716,NQ,Mon,11:30,Out-of-Sample,2026-03-23T15:58:53.215573,2026-03-23 11:58:53,LONG,24380.75,-435.0,True,26.78,False
716,NQ,Mon,11:30,Out-of-Sample,2026-03-30T15:30:16.428465,2026-03-30 11:30:16,SHORT,23324.75,-1935.0,True,31.05,False
716,NQ,Mon,11:30,Out-of-Sample,2026-03-30T15:32:22.519101,2026-03-30 11:32:22,LONG,23348.5,50.0,True,31.05,False
716,NQ,Mon,11:30,Out-of-Sample,2026-03-30T15:32:22.519101,2026-03-30 11:32:22,LONG,23348.5,100.0,True,31.05,False
716,NQ,Mon,11:30,Out-of-Sample,2026-03-30T15:32:22.519101,2026-03-30 11:32:22,LONG,23348.5,-35.0,True,31.05,False
716,NQ,Mon,11:30,Out-of-Sample,2026-03-30T15:33:27.472146,2026-03-30 11:33:27,LONG,23369.5,50.0,True,31.05,False
716,NQ,Mon,11:30,Out-of-Sample,2026-03-30T15:33:27.472146,2026-03-30 11:33:27,LONG,23369.5,100.0,True,31.05,False
716,NQ,Mon,11:30,Out-of-Sample,2026-03-30T15:33:27.472146,2026-03-30 11:33:27,LONG,23369.5,225.0,True,31.05,False
716,NQ,Mon,11:30,Out-of-Sample,2026-03-30T15:36:29.113647,2026-03-30 11:36:29,LONG,23404.25,315.0,True,31.05,False
716,NQ,Mon,11:30,Out-of-Sample,2026-03-30T15:36:29.113647,2026-03-30 11:36:29,LONG,23404.25,0.0,True,31.05,False
716,NQ,Mon,11:30,Out-of-Sample,2026-03-30T15:36:29.118086,2026-03-30 11:36:29,LONG,23404.25,-1140.0,True,31.05,False
716,NQ,Mon,11:30,Out-of-Sample,2026-03-30T15:39:16.327685,2026-03-30 11:39:16,SHORT,23376.0,50.0,True,31.05,False
716,NQ,Mon,11:30,Out-of-Sample,2026-03-30T15:39:16.327685,2026-03-30 11:39:16,SHORT,23376.0,100.0,True,31.05,False
716,NQ,Mon,11:30,Out-of-Sample,2026-03-30T15:39:16.327685,2026-03-30 11:39:16,SHORT,23376.0,-85.0,True,31.05,False
716,NQ,Mon,11:30,Out-of-Sample,2026-03-30T15:40:02.960056,2026-03-30 11:40:02,SHORT,23369.75,-1050.0,True,31.05,False
716,NQ,Mon,11:30,Out-of-Sample,2026-03-30T15:45:38.120018,2026-03-30 11:45:38,SHORT,23387.0,-1380.0,True,31.05,False
716,NQ,Mon,11:30,Out-of-Sample,2026-03-30T15:50:56.434321,2026-03-30 11:50:56,LONG,23421.75,50.0,True,31.05,False
716,NQ,Mon,11:30,Out-of-Sample,2026-03-30T15:50:56.434321,2026-03-30 11:50:56,LONG,23421.75,100.0,True,31.05,False
716,NQ,Mon,11:30,Out-of-Sample,2026-03-30T15:50:56.434321,2026-03-30 11:50:56,LONG,23421.75,235.0,True,31.05,False
716,NQ,Mon,11:30,Out-of-Sample,2026-03-30T15:51:09.684211,2026-03-30 11:51:09,LONG,23423.75,-1170.0,True,31.05,False
716,NQ,Mon,11:30,Out-of-Sample,2026-03-30T15:58:42.116426,2026-03-30 11:58:42,LONG,23389.25,-450.0,True,31.05,False
716,NQ,Mon,11:30,Out-of-Sample,2026-04-06T15:30:30.666403,2026-04-06 11:30:30,SHORT,24279.5,705.0,True,23.87,False
716,NQ,Mon,11:30,Out-of-Sample,2026-04-06T15:30:32.422178,2026-04-06 11:30:32,SHORT,24278.75,-435.0,True,23.87,False
716,NQ,Mon,11:30,Out-of-Sample,2026-04-06T15:30:32.451900,2026-04-06 11:30:32,SHORT,24278.5,300.0,True,23.87,False
716,NQ,Mon,11:30,Out-of-Sample,2026-04-06T15:30:32.451900,2026-04-06 11:30:32,SHORT,24278.5,20.0,True,23.87,False
716,NQ,Mon,11:30,Out-of-Sample,2026-04-06T15:31:42.649335,2026-04-06 11:31:42,SHORT,24274.5,305.0,True,23.87,False
716,NQ,Mon,11:30,Out-of-Sample,2026-04-06T15:31:42.649335,2026-04-06 11:31:42,SHORT,24274.5,420.0,True,23.87,False
716,NQ,Mon,11:30,Out-of-Sample,2026-04-06T15:32:28.851508,2026-04-06 11:32:28,SHORT,24270.25,-1185.0,True,23.87,False
716,NQ,Mon,11:30,Out-of-Sample,2026-04-06T15:32:50.400682,2026-04-06 11:32:50,SHORT,24265.5,-660.0,True,23.87,False
716,NQ,Mon,11:30,Out-of-Sample,2026-04-06T15:33:00.111807,2026-04-06 11:33:00,SHORT,24255.5,-1890.0,True,23.87,False
716,NQ,Mon,11:30,Out-of-Sample,2026-04-06T15:33:10.313707,2026-04-06 11:33:10,LONG,24264.0,335.0,True,23.87,False
716,NQ,Mon,11:30,Out-of-Sample,2026-04-06T15:33:10.313707,2026-04-06 11:33:10,LONG,24264.0,670.0,True,23.87,False
716,NQ,Mon,11:30,Out-of-Sample,2026-04-06T15:33:10.313707,2026-04-06 11:33:10,LONG,24264.0,470.0,True,23.87,False
716,NQ,Mon,11:30,Out-of-Sample,2026-04-06T15:33:10.480965,2026-04-06 11:33:10,LONG,24264.0,335.0,True,23.87,False
716,NQ,Mon,11:30,Out-of-Sample,2026-04-06T15:33:10.480965,2026-04-06 11:33:10,LONG,24264.0,250.0,True,23.87,False
716,NQ,Mon,11:30,Out-of-Sample,2026-04-06T15:33:10.481223,2026-04-06 11:33:10,LONG,24264.0,335.0,True,23.87,False
716,NQ,Mon,11:30,Out-of-Sample,2026-04-06T15:33:10.481223,2026-04-06 11:33:10,LONG,24264.0,250.0,True,23.87,False
716,NQ,Mon,11:30,Out-of-Sample,2026-04-06T15:33:10.481553,2026-04-06 11:33:10,LONG,24264.0,335.0,True,23.87,False
716,NQ,Mon,11:30,Out-of-Sample,2026-04-06T15:33:10.481553,2026-04-06 11:33:10,LONG,24264.0,250.0,True,23.87,False
716,NQ,Mon,11:30,Out-of-Sample,2026-04-06T15:34:38.246694,2026-04-06 11:34:38,SHORT,24270.25,-675.0,True,23.87,False
716,NQ,Mon,11:30,Out-of-Sample,2026-04-06T15:35:25.884220,2026-04-06 11:35:25,SHORT,24280.75,-265.0,True,23.87,False
716,NQ,Mon,11:30,Out-of-Sample,2026-04-06T15:35:35.835165,2026-04-06 11:35:35,SHORT,24285.25,585.0,True,23.87,False
716,NQ,Mon,11:30,Out-of-Sample,2026-04-06T15:35:38.311615,2026-04-06 11:35:38,SHORT,24281.75,850.0,True,23.87,False
716,NQ,Mon,11:30,Out-of-Sample,2026-04-06T15:37:11.673586,2026-04-06 11:37:11,SHORT,24259.75,-1275.0,True,23.87,False
716,NQ,Mon,11:30,Out-of-Sample,2026-04-06T15:37:28.286410,2026-04-06 11:37:28,SHORT,24254.75,-540.0,True,23.87,False
716,NQ,Mon,11:30,Out-of-Sample,2026-04-06T15:37:28.465434,2026-04-06 11:37:28,SHORT,24254.75,-930.0,True,23.87,False
716,NQ,Mon,11:30,Out-of-Sample,2026-04-06T15:39:34.562160,2026-04-06 11:39:34,LONG,24283.0,50.0,True,23.87,False
716,NQ,Mon,11:30,Out-of-Sample,2026-04-06T15:39:34.562160,2026-04-06 11:39:34,LONG,24283.0,100.0,True,23.87,False
716,NQ,Mon,11:30,Out-of-Sample,2026-04-06T15:39:34.562160,2026-04-06 11:39:34,LONG,24283.0,0.0,True,23.87,False
716,NQ,Mon,11:30,Out-of-Sample,2026-04-06T15:41:35.559956,2026-04-06 11:41:35,SHORT,24274.0,-2040.0,True,23.87,False
716,NQ,Mon,11:30,Out-of-Sample,2026-04-06T15:42:44.779755,2026-04-06 11:42:44,SHORT,24297.5,-630.0,True,23.87,False
716,NQ,Mon,11:30,Out-of-Sample,2026-04-06T15:43:28.010529,2026-04-06 11:43:28,SHORT,24287.5,-830.0,True,23.87,False
716,NQ,Mon,11:30,Out-of-Sample,2026-04-06T15:47:23.843911,2026-04-06 11:47:23,LONG,24313.25,-570.0,True,23.87,False
716,NQ,Mon,11:30,Out-of-Sample,2026-04-06T15:47:24.152026,2026-04-06 11:47:24,LONG,24313.5,265.0,True,23.87,False
716,NQ,Mon,11:30,Out-of-Sample,2026-04-06T15:47:24.152026,2026-04-06 11:47:24,LONG,24313.5,20.0,True,23.87,False
716,NQ,Mon,11:30,Out-of-Sample,2026-04-06T15:49:06.934527,2026-04-06 11:49:06,SHORT,24300.5,-1050.0,True,23.87,False
716,NQ,Mon,11:30,Out-of-Sample,2026-04-06T15:50:26.999546,2026-04-06 11:50:26,SHORT,24316.25,300.0,True,23.87,False
716,NQ,Mon,11:30,Out-of-Sample,2026-04-06T15:50:27.050855,2026-04-06 11:50:27,LONG,24316.75,260.0,True,23.87,False
716,NQ,Mon,11:30,Out-of-Sample,2026-04-06T15:50:27.050855,2026-04-06 11:50:27,LONG,24316.75,20.0,True,23.87,False
716,NQ,Mon,11:30,Out-of-Sample,2026-04-06T15:50:48.386962,2026-04-06 11:50:48,SHORT,24321.75,-115.0,True,23.87,False
716,NQ,Mon,11:30,Out-of-Sample,2026-04-06T15:51:09.652404,2026-04-06 11:51:09,SHORT,24317.75,-390.0,True,23.87,False
716,NQ,Mon,11:30,Out-of-Sample,2026-04-06T15:52:51.936294,2026-04-06 11:52:51,SHORT,24322.75,-390.0,True,23.87,False
716,NQ,Mon,11:30,Out-of-Sample,2026-04-06T15:53:07.611012,2026-04-06 11:53:07,SHORT,24331.25,310.0,True,23.87,False
716,NQ,Mon,11:30,Out-of-Sample,2026-04-06T15:53:16.349261,2026-04-06 11:53:16,SHORT,24327.25,305.0,True,23.87,False
716,NQ,Mon,11:30,Out-of-Sample,2026-04-06T15:53:16.349261,2026-04-06 11:53:16,SHORT,24327.25,170.0,True,23.87,False
716,NQ,Mon,11:30,Out-of-Sample,2026-04-06T15:55:40.090214,2026-04-06 11:55:40,SHORT,24319.5,735.0,True,23.87,False
716,NQ,Mon,11:30,Out-of-Sample,2026-04-06T15:56:04.182386,2026-04-06 11:56:04,SHORT,24314.75,540.0,True,23.87,False
716,NQ,Mon,11:30,Out-of-Sample,2026-04-06T15:56:18.368745,2026-04-06 11:56:18,SHORT,24310.5,-465.0,True,23.87,False
716,NQ,Mon,11:30,Out-of-Sample,2026-04-06T15:56:18.671384,2026-04-06 11:56:18,SHORT,24310.5,-990.0,True,23.87,False
716,NQ,Mon,11:30,Out-of-Sample,2026-04-13T15:30:00.567201,2026-04-13 11:30:00,SHORT,25308.75,-255.0,True,19.23,True
716,NQ,Mon,11:30,Out-of-Sample,2026-04-13T15:31:27.931294,2026-04-13 11:31:27,SHORT,25305.0,75.0,True,19.23,True
716,NQ,Mon,11:30,Out-of-Sample,2026-04-13T15:31:27.931294,2026-04-13 11:31:27,SHORT,25305.0,10.0,True,19.23,True
716,NQ,Mon,11:30,Out-of-Sample,2026-04-13T15:31:37.527740,2026-04-13 11:31:37,SHORT,25299.75,-1035.0,True,19.23,True
716,NQ,Mon,11:30,Out-of-Sample,2026-04-13T15:31:47.194981,2026-04-13 11:31:47,LONG,25301.5,100.0,True,19.23,True
716,NQ,Mon,11:30,Out-of-Sample,2026-04-13T15:31:47.194981,2026-04-13 11:31:47,LONG,25301.5,200.0,True,19.23,True
716,NQ,Mon,11:30,Out-of-Sample,2026-04-13T15:31:47.194981,2026-04-13 11:31:47,LONG,25301.5,110.0,True,19.23,True
716,NQ,Mon,11:30,Out-of-Sample,2026-04-13T15:36:38.253371,2026-04-13 11:36:38,LONG,25317.0,190.0,True,19.23,True
716,NQ,Mon,11:30,Out-of-Sample,2026-04-13T15:36:38.253371,2026-04-13 11:36:38,LONG,25317.0,145.0,True,19.23,True
716,NQ,Mon,11:30,Out-of-Sample,2026-04-13T15:36:55.070310,2026-04-13 11:36:55,LONG,25318.25,185.0,True,19.23,True
716,NQ,Mon,11:30,Out-of-Sample,2026-04-13T15:36:55.070310,2026-04-13 11:36:55,LONG,25318.25,420.0,True,19.23,True
716,NQ,Mon,11:30,Out-of-Sample,2026-04-13T15:36:55.070310,2026-04-13 11:36:55,LONG,25318.25,245.0,True,19.23,True
716,NQ,Mon,11:30,Out-of-Sample,2026-04-13T15:36:55.884050,2026-04-13 11:36:55,LONG,25319.5,75.0,True,19.23,True
716,NQ,Mon,11:30,Out-of-Sample,2026-04-13T15:36:55.884050,2026-04-13 11:36:55,LONG,25319.5,150.0,True,19.23,True
716,NQ,Mon,11:30,Out-of-Sample,2026-04-13T15:36:55.884050,2026-04-13 11:36:55,LONG,25319.5,95.0,True,19.23,True
716,NQ,Mon,11:30,Out-of-Sample,2026-04-13T15:37:24.235829,2026-04-13 11:37:24,LONG,25329.75,50.0,True,19.23,True
716,NQ,Mon,11:30,Out-of-Sample,2026-04-13T15:37:24.235829,2026-04-13 11:37:24,LONG,25329.75,100.0,True,19.23,True
716,NQ,Mon,11:30,Out-of-Sample,2026-04-13T15:37:24.235829,2026-04-13 11:37:24,LONG,25329.75,250.0,True,19.23,True
716,NQ,Mon,11:30,Out-of-Sample,2026-04-13T15:38:23.036192,2026-04-13 11:38:23,SHORT,25340.5,100.0,True,19.23,True
716,NQ,Mon,11:30,Out-of-Sample,2026-04-13T15:38:23.036192,2026-04-13 11:38:23,SHORT,25340.5,200.0,True,19.23,True
716,NQ,Mon,11:30,Out-of-Sample,2026-04-13T15:38:23.036192,2026-04-13 11:38:23,SHORT,25340.5,10.0,True,19.23,True
716,NQ,Mon,11:30,Out-of-Sample,2026-04-13T15:38:34.574925,2026-04-13 11:38:34,SHORT,25338.0,215.0,True,19.23,True
716,NQ,Mon,11:30,Out-of-Sample,2026-04-13T15:38:34.574925,2026-04-13 11:38:34,SHORT,25338.0,430.0,True,19.23,True
716,NQ,Mon,11:30,Out-of-Sample,2026-04-13T15:38:34.574925,2026-04-13 11:38:34,SHORT,25338.0,265.0,True,19.23,True
716,NQ,Mon,11:30,Out-of-Sample,2026-04-13T15:38:34.836410,2026-04-13 11:38:34,SHORT,25336.75,-240.0,True,19.23,True
716,NQ,Mon,11:30,Out-of-Sample,2026-04-13T15:40:14.622531,2026-04-13 11:40:14,SHORT,25332.25,285.0,True,19.23,True
716,NQ,Mon,11:30,Out-of-Sample,2026-04-13T15:40:14.622531,2026-04-13 11:40:14,SHORT,25332.25,565.0,True,19.23,True
716,NQ,Mon,11:30,Out-of-Sample,2026-04-13T15:40:14.622531,2026-04-13 11:40:14,SHORT,25332.25,415.0,True,19.23,True
716,NQ,Mon,11:30,Out-of-Sample,2026-04-13T15:40:14.629423,2026-04-13 11:40:14,SHORT,25332.25,285.0,True,19.23,True
716,NQ,Mon,11:30,Out-of-Sample,2026-04-13T15:40:14.629423,2026-04-13 11:40:14,SHORT,25332.25,565.0,True,19.23,True
716,NQ,Mon,11:30,Out-of-Sample,2026-04-13T15:40:14.629423,2026-04-13 11:40:14,SHORT,25332.25,425.0,True,19.23,True
716,NQ,Mon,11:30,Out-of-Sample,2026-04-13T15:42:12.433257,2026-04-13 11:42:12,SHORT,25323.5,-270.0,True,19.23,True
716,NQ,Mon,11:30,Out-of-Sample,2026-04-13T15:43:01.788216,2026-04-13 11:43:01,SHORT,25321.5,-195.0,True,19.23,True
716,NQ,Mon,11:30,Out-of-Sample,2026-04-13T15:49:27.931795,2026-04-13 11:49:27,SHORT,25312.25,5.0,True,19.23,True
716,NQ,Mon,11:30,Out-of-Sample,2026-04-13T15:49:27.931795,2026-04-13 11:49:27,SHORT,25312.25,275.0,True,19.23,True
716,NQ,Mon,11:30,Out-of-Sample,2026-04-13T15:49:27.931795,2026-04-13 11:49:27,SHORT,25312.25,210.0,True,19.23,True
716,NQ,Mon,11:30,Out-of-Sample,2026-04-13T15:49:27.932050,2026-04-13 11:49:27,SHORT,25312.25,-5100.0,True,19.23,True
716,NQ,Mon,11:30,Out-of-Sample,2026-04-13T15:51:29.065615,2026-04-13 11:51:29,SHORT,25311.75,210.0,True,19.23,True
716,NQ,Mon,11:30,Out-of-Sample,2026-04-13T15:51:29.065615,2026-04-13 11:51:29,SHORT,25311.75,10.0,True,19.23,True
716,NQ,Mon,11:30,Out-of-Sample,2026-04-13T15:51:29.094466,2026-04-13 11:51:29,SHORT,25311.75,0.0,True,19.23,True
716,NQ,Mon,11:30,Out-of-Sample,2026-04-13T15:54:51.524824,2026-04-13 11:54:51,SHORT,25307.25,170.0,True,19.23,True
716,NQ,Mon,11:30,Out-of-Sample,2026-04-13T15:54:51.524824,2026-04-13 11:54:51,SHORT,25307.25,0.0,True,19.23,True
716,NQ,Mon,11:30,Out-of-Sample,2026-04-13T15:54:59.274574,2026-04-13 11:54:59,SHORT,25302.0,5.0,True,19.23,True
716,NQ,Mon,11:30,Out-of-Sample,2026-04-13T15:54:59.274574,2026-04-13 11:54:59,SHORT,25302.0,-520.0,True,19.23,True
716,NQ,Mon,11:30,Out-of-Sample,2026-04-13T15:57:08.567345,2026-04-13 11:57:08,SHORT,25301.5,-495.0,True,19.23,True
716,NQ,Mon,11:30,Out-of-Sample,2026-04-20T15:30:18.484790,2026-04-20 11:30:18,SHORT,26680.0,670.0,True,17.48,True
716,NQ,Mon,11:30,Out-of-Sample,2026-04-20T15:30:18.484790,2026-04-20 11:30:18,SHORT,26680.0,670.0,True,17.48,True
716,NQ,Mon,11:30,Out-of-Sample,2026-04-20T15:30:19.316804,2026-04-20 11:30:19,SHORT,26680.0,-195.0,True,17.48,True
716,NQ,Mon,11:30,Out-of-Sample,2026-04-20T15:30:19.316804,2026-04-20 11:30:19,SHORT,26680.0,-195.0,True,17.48,True
716,NQ,Mon,11:30,Out-of-Sample,2026-04-20T15:31:00.125456,2026-04-20 11:31:00,SHORT,26676.75,340.0,True,17.48,True
716,NQ,Mon,11:30,Out-of-Sample,2026-04-20T15:31:00.125456,2026-04-20 11:31:00,SHORT,26676.75,680.0,True,17.48,True
716,NQ,Mon,11:30,Out-of-Sample,2026-04-20T15:31:00.125456,2026-04-20 11:31:00,SHORT,26676.75,665.0,True,17.48,True
716,NQ,Mon,11:30,Out-of-Sample,2026-04-20T15:31:00.125456,2026-04-20 11:31:00,SHORT,26676.75,340.0,True,17.48,True
716,NQ,Mon,11:30,Out-of-Sample,2026-04-20T15:31:00.125456,2026-04-20 11:31:00,SHORT,26676.75,680.0,True,17.48,True
716,NQ,Mon,11:30,Out-of-Sample,2026-04-20T15:31:00.125456,2026-04-20 11:31:00,SHORT,26676.75,665.0,True,17.48,True
716,NQ,Mon,11:30,Out-of-Sample,2026-04-20T15:31:44.111129,2026-04-20 11:31:44,SHORT,26673.5,245.0,True,17.48,True
716,NQ,Mon,11:30,Out-of-Sample,2026-04-20T15:31:44.111129,2026-04-20 11:31:44,SHORT,26673.5,490.0,True,17.48,True
716,NQ,Mon,11:30,Out-of-Sample,2026-04-20T15:31:44.111129,2026-04-20 11:31:44,SHORT,26673.5,310.0,True,17.48,True
716,NQ,Mon,11:30,Out-of-Sample,2026-04-20T15:31:44.111129,2026-04-20 11:31:44,SHORT,26673.5,245.0,True,17.48,True
716,NQ,Mon,11:30,Out-of-Sample,2026-04-20T15:31:44.111129,2026-04-20 11:31:44,SHORT,26673.5,490.0,True,17.48,True
716,NQ,Mon,11:30,Out-of-Sample,2026-04-20T15:31:44.111129,2026-04-20 11:31:44,SHORT,26673.5,310.0,True,17.48,True
716,NQ,Mon,11:30,Out-of-Sample,2026-04-20T15:31:44.387794,2026-04-20 11:31:44,SHORT,26673.5,-450.0,True,17.48,True
716,NQ,Mon,11:30,Out-of-Sample,2026-04-20T15:31:44.387794,2026-04-20 11:31:44,SHORT,26673.5,-450.0,True,17.48,True
716,NQ,Mon,11:30,Out-of-Sample,2026-04-20T15:32:38.540242,2026-04-20 11:32:38,SHORT,26667.25,245.0,True,17.48,True
716,NQ,Mon,11:30,Out-of-Sample,2026-04-20T15:32:38.540242,2026-04-20 11:32:38,SHORT,26667.25,210.0,True,17.48,True
716,NQ,Mon,11:30,Out-of-Sample,2026-04-20T15:32:38.540242,2026-04-20 11:32:38,SHORT,26667.25,245.0,True,17.48,True
716,NQ,Mon,11:30,Out-of-Sample,2026-04-20T15:32:38.540242,2026-04-20 11:32:38,SHORT,26667.25,210.0,True,17.48,True
716,NQ,Mon,11:30,Out-of-Sample,2026-04-20T15:34:07.061271,2026-04-20 11:34:07,SHORT,26663.75,-975.0,True,17.48,True
716,NQ,Mon,11:30,Out-of-Sample,2026-04-20T15:34:07.061271,2026-04-20 11:34:07,SHORT,26663.75,-975.0,True,17.48,True
716,NQ,Mon,11:30,Out-of-Sample,2026-04-20T15:34:07.452714,2026-04-20 11:34:07,SHORT,26661.0,75.0,True,17.48,True
716,NQ,Mon,11:30,Out-of-Sample,2026-04-20T15:34:07.452714,2026-04-20 11:34:07,SHORT,26661.0,20.0,True,17.48,True
716,NQ,Mon,11:30,Out-of-Sample,2026-04-20T15:34:07.452714,2026-04-20 11:34:07,SHORT,26661.0,75.0,True,17.48,True
716,NQ,Mon,11:30,Out-of-Sample,2026-04-20T15:34:07.452714,2026-04-20 11:34:07,SHORT,26661.0,20.0,True,17.48,True
716,NQ,Mon,11:30,Out-of-Sample,2026-04-20T15:35:41.495635,2026-04-20 11:35:41,LONG,26666.5,-480.0,True,17.48,True
716,NQ,Mon,11:30,Out-of-Sample,2026-04-20T15:35:41.495635,2026-04-20 11:35:41,LONG,26666.5,-480.0,True,17.48,True
716,NQ,Mon,11:30,Out-of-Sample,2026-04-20T15:43:10.476175,2026-04-20 11:43:10,SHORT,26660.5,230.0,True,17.48,True
716,NQ,Mon,11:30,Out-of-Sample,2026-04-20T15:43:10.476175,2026-04-20 11:43:10,SHORT,26660.5,20.0,True,17.48,True
716,NQ,Mon,11:30,Out-of-Sample,2026-04-20T15:43:10.476175,2026-04-20 11:43:10,SHORT,26660.5,230.0,True,17.48,True
716,NQ,Mon,11:30,Out-of-Sample,2026-04-20T15:43:10.476175,2026-04-20 11:43:10,SHORT,26660.5,20.0,True,17.48,True
716,NQ,Mon,11:30,Out-of-Sample,2026-04-20T15:43:10.588262,2026-04-20 11:43:10,SHORT,26660.5,230.0,True,17.48,True
716,NQ,Mon,11:30,Out-of-Sample,2026-04-20T15:43:10.588262,2026-04-20 11:43:10,SHORT,26660.5,70.0,True,17.48,True
716,NQ,Mon,11:30,Out-of-Sample,2026-04-20T15:43:10.588262,2026-04-20 11:43:10,SHORT,26660.5,230.0,True,17.48,True
716,NQ,Mon,11:30,Out-of-Sample,2026-04-20T15:43:10.588262,2026-04-20 11:43:10,SHORT,26660.5,70.0,True,17.48,True
716,NQ,Mon,11:30,Out-of-Sample,2026-04-20T15:45:04.810319,2026-04-20 11:45:04,SHORT,26650.75,-285.0,True,17.48,True
716,NQ,Mon,11:30,Out-of-Sample,2026-04-20T15:45:04.810319,2026-04-20 11:45:04,SHORT,26650.75,-285.0,True,17.48,True
716,NQ,Mon,11:30,Out-of-Sample,2026-04-20T15:45:12.938905,2026-04-20 11:45:12,SHORT,26646.0,-2940.0,True,17.48,True
716,NQ,Mon,11:30,Out-of-Sample,2026-04-20T15:45:12.938905,2026-04-20 11:45:12,SHORT,26646.0,-2940.0,True,17.48,True
716,NQ,Mon,11:30,Out-of-Sample,2026-04-20T15:45:19.964947,2026-04-20 11:45:19,LONG,26648.5,100.0,True,17.48,True
716,NQ,Mon,11:30,Out-of-Sample,2026-04-20T15:45:19.964947,2026-04-20 11:45:19,LONG,26648.5,200.0,True,17.48,True
716,NQ,Mon,11:30,Out-of-Sample,2026-04-20T15:45:19.964947,2026-04-20 11:45:19,LONG,26648.5,295.0,True,17.48,True
716,NQ,Mon,11:30,Out-of-Sample,2026-04-20T15:45:19.964947,2026-04-20 11:45:19,LONG,26648.5,100.0,True,17.48,True
716,NQ,Mon,11:30,Out-of-Sample,2026-04-20T15:45:19.964947,2026-04-20 11:45:19,LONG,26648.5,200.0,True,17.48,True
716,NQ,Mon,11:30,Out-of-Sample,2026-04-20T15:45:19.964947,2026-04-20 11:45:19,LONG,26648.5,295.0,True,17.48,True
716,NQ,Mon,11:30,Out-of-Sample,2026-04-20T15:49:29.666581,2026-04-20 11:49:29,SHORT,26660.25,75.0,True,17.48,True
716,NQ,Mon,11:30,Out-of-Sample,2026-04-20T15:49:29.666581,2026-04-20 11:49:29,SHORT,26660.25,150.0,True,17.48,True
716,NQ,Mon,11:30,Out-of-Sample,2026-04-20T15:49:29.666581,2026-04-20 11:49:29,SHORT,26660.25,320.0,True,17.48,True
716,NQ,Mon,11:30,Out-of-Sample,2026-04-20T15:49:29.666581,2026-04-20 11:49:29,SHORT,26660.25,75.0,True,17.48,True
716,NQ,Mon,11:30,Out-of-Sample,2026-04-20T15:49:29.666581,2026-04-20 11:49:29,SHORT,26660.25,150.0,True,17.48,True
716,NQ,Mon,11:30,Out-of-Sample,2026-04-20T15:49:29.666581,2026-04-20 11:49:29,SHORT,26660.25,320.0,True,17.48,True
716,NQ,Mon,11:30,Out-of-Sample,2026-04-20T15:50:18.768967,2026-04-20 11:50:18,SHORT,26644.25,50.0,True,17.48,True
716,NQ,Mon,11:30,Out-of-Sample,2026-04-20T15:50:18.768967,2026-04-20 11:50:18,SHORT,26644.25,100.0,True,17.48,True
716,NQ,Mon,11:30,Out-of-Sample,2026-04-20T15:50:18.768967,2026-04-20 11:50:18,SHORT,26644.25,35.0,True,17.48,True
716,NQ,Mon,11:30,Out-of-Sample,2026-04-20T15:50:18.768967,2026-04-20 11:50:18,SHORT,26644.25,50.0,True,17.48,True
716,NQ,Mon,11:30,Out-of-Sample,2026-04-20T15:50:18.768967,2026-04-20 11:50:18,SHORT,26644.25,100.0,True,17.48,True
716,NQ,Mon,11:30,Out-of-Sample,2026-04-20T15:50:18.768967,2026-04-20 11:50:18,SHORT,26644.25,35.0,True,17.48,True
716,NQ,Mon,11:30,Out-of-Sample,2026-04-20T15:50:23.160626,2026-04-20 11:50:23,SHORT,26643.5,-915.0,True,17.48,True
716,NQ,Mon,11:30,Out-of-Sample,2026-04-20T15:50:23.160626,2026-04-20 11:50:23,SHORT,26643.5,-915.0,True,17.48,True
716,NQ,Mon,11:30,Out-of-Sample,2026-04-20T15:50:23.544695,2026-04-20 11:50:23,SHORT,26644.5,15.0,True,17.48,True
716,NQ,Mon,11:30,Out-of-Sample,2026-04-20T15:50:23.544695,2026-04-20 11:50:23,SHORT,26644.5,15.0,True,17.48,True
716,NQ,Mon,11:30,Out-of-Sample,2026-04-20T15:50:38.051472,2026-04-20 11:50:38,LONG,26643.25,-255.0,True,17.48,True
716,NQ,Mon,11:30,Out-of-Sample,2026-04-20T15:50:38.051472,2026-04-20 11:50:38,LONG,26643.25,-255.0,True,17.48,True
716,NQ,Mon,11:30,Out-of-Sample,2026-04-20T15:51:23.561011,2026-04-20 11:51:23,LONG,26637.75,100.0,True,17.48,True
716,NQ,Mon,11:30,Out-of-Sample,2026-04-20T15:51:23.561011,2026-04-20 11:51:23,LONG,26637.75,200.0,True,17.48,True
716,NQ,Mon,11:30,Out-of-Sample,2026-04-20T15:51:23.561011,2026-04-20 11:51:23,LONG,26637.75,35.0,True,17.48,True
716,NQ,Mon,11:30,Out-of-Sample,2026-04-20T15:51:23.561011,2026-04-20 11:51:23,LONG,26637.75,100.0,True,17.48,True
716,NQ,Mon,11:30,Out-of-Sample,2026-04-20T15:51:23.561011,2026-04-20 11:51:23,LONG,26637.75,200.0,True,17.48,True
716,NQ,Mon,11:30,Out-of-Sample,2026-04-20T15:51:23.561011,2026-04-20 11:51:23,LONG,26637.75,35.0,True,17.48,True
716,NQ,Mon,11:30,Out-of-Sample,2026-04-20T15:54:11.978392,2026-04-20 11:54:11,LONG,26655.75,75.0,True,17.48,True
716,NQ,Mon,11:30,Out-of-Sample,2026-04-20T15:54:11.978392,2026-04-20 11:54:11,LONG,26655.75,75.0,True,17.48,True
716,NQ,Mon,11:30,Out-of-Sample,2026-04-20T15:55:03.089501,2026-04-20 11:55:03,LONG,26658.25,-300.0,True,17.48,True
716,NQ,Mon,11:30,Out-of-Sample,2026-04-20T15:55:03.089501,2026-04-20 11:55:03,LONG,26658.25,-300.0,True,17.48,True
716,NQ,Mon,11:30,Out-of-Sample,2026-04-20T15:55:03.290580,2026-04-20 11:55:03,LONG,26658.5,-135.0,True,17.48,True
716,NQ,Mon,11:30,Out-of-Sample,2026-04-20T15:55:03.290580,2026-04-20 11:55:03,LONG,26658.5,-135.0,True,17.48,True
716,NQ,Mon,11:30,Out-of-Sample,2026-04-20T15:57:53.046975,2026-04-20 11:57:53,SHORT,26656.25,75.0,True,17.48,True
716,NQ,Mon,11:30,Out-of-Sample,2026-04-20T15:57:53.046975,2026-04-20 11:57:53,SHORT,26656.25,10.0,True,17.48,True
716,NQ,Mon,11:30,Out-of-Sample,2026-04-20T15:57:53.046975,2026-04-20 11:57:53,SHORT,26656.25,75.0,True,17.48,True
716,NQ,Mon,11:30,Out-of-Sample,2026-04-20T15:57:53.046975,2026-04-20 11:57:53,SHORT,26656.25,10.0,True,17.48,True
716,NQ,Mon,11:30,Out-of-Sample,2026-04-20T15:58:31.597561,2026-04-20 11:58:31,SHORT,26653.75,-450.0,True,17.48,True
716,NQ,Mon,11:30,Out-of-Sample,2026-04-20T15:58:31.597561,2026-04-20 11:58:31,SHORT,26653.75,-450.0,True,17.48,True
716,NQ,Mon,11:30,Out-of-Sample,2026-04-20T15:58:31.966838,2026-04-20 11:58:31,SHORT,26653.25,-660.0,True,17.48,True
716,NQ,Mon,11:30,Out-of-Sample,2026-04-20T15:58:31.966838,2026-04-20 11:58:31,SHORT,26653.25,-660.0,True,17.48,True
716,NQ,Mon,11:30,Out-of-Sample,2026-04-27T15:42:07.005888,2026-04-27 11:42:07,LONG,27371.75,210.0,True,18.71,True
716,NQ,Mon,11:30,Out-of-Sample,2026-04-27T15:42:07.005888,2026-04-27 11:42:07,LONG,27371.75,20.0,True,18.71,True
716,NQ,Mon,11:30,Out-of-Sample,2026-04-27T15:52:23.451410,2026-04-27 11:52:23,SHORT,27359.0,205.0,True,18.71,True
716,NQ,Mon,11:30,Out-of-Sample,2026-04-27T15:52:23.451410,2026-04-27 11:52:23,SHORT,27359.0,20.0,True,18.71,True
716,NQ,Mon,11:30,Out-of-Sample,2026-04-27T15:54:21.125476,2026-04-27 11:54:21,SHORT,27355.25,-585.0,True,18.71,True
716,NQ,Mon,11:30,Out-of-Sample,2026-05-04T15:30:31.941265,2026-05-04 11:30:31,SHORT,27767.75,75.0,True,16.99,True
716,NQ,Mon,11:30,Out-of-Sample,2026-05-04T15:30:31.941265,2026-05-04 11:30:31,SHORT,27767.75,150.0,True,16.99,True
716,NQ,Mon,11:30,Out-of-Sample,2026-05-04T15:30:31.941265,2026-05-04 11:30:31,SHORT,27767.75,25.0,True,16.99,True
716,NQ,Mon,11:30,Out-of-Sample,2026-05-04T15:31:13.082050,2026-05-04 11:31:13,SHORT,27754.5,405.0,True,16.99,True
716,NQ,Mon,11:30,Out-of-Sample,2026-05-04T15:31:13.082050,2026-05-04 11:31:13,SHORT,27754.5,-500.0,True,16.99,True
716,NQ,Mon,11:30,Out-of-Sample,2026-05-04T15:31:13.082515,2026-05-04 11:31:13,SHORT,27754.5,-600.0,True,16.99,True
716,NQ,Mon,11:30,Out-of-Sample,2026-05-04T15:32:21.835600,2026-05-04 11:32:21,SHORT,27745.5,275.0,True,16.99,True
716,NQ,Mon,11:30,Out-of-Sample,2026-05-04T15:32:21.835600,2026-05-04 11:32:21,SHORT,27745.5,510.0,True,16.99,True
716,NQ,Mon,11:30,Out-of-Sample,2026-05-04T15:33:42.575388,2026-05-04 11:33:42,LONG,27740.5,75.0,True,16.99,True
716,NQ,Mon,11:30,Out-of-Sample,2026-05-04T15:33:42.575388,2026-05-04 11:33:42,LONG,27740.5,155.0,True,16.99,True
716,NQ,Mon,11:30,Out-of-Sample,2026-05-04T15:33:42.575388,2026-05-04 11:33:42,LONG,27740.5,160.0,True,16.99,True
716,NQ,Mon,11:30,Out-of-Sample,2026-05-04T15:33:50.624013,2026-05-04 11:33:50,LONG,27751.25,50.0,True,16.99,True
716,NQ,Mon,11:30,Out-of-Sample,2026-05-04T15:33:50.624013,2026-05-04 11:33:50,LONG,27751.25,100.0,True,16.99,True
716,NQ,Mon,11:30,Out-of-Sample,2026-05-04T15:33:50.624013,2026-05-04 11:33:50,LONG,27751.25,-75.0,True,16.99,True
716,NQ,Mon,11:30,Out-of-Sample,2026-05-04T15:34:17.961675,2026-05-04 11:34:17,LONG,27763.5,75.0,True,16.99,True
716,NQ,Mon,11:30,Out-of-Sample,2026-05-04T15:34:17.961675,2026-05-04 11:34:17,LONG,27763.5,0.0,True,16.99,True
716,NQ,Mon,11:30,Out-of-Sample,2026-05-04T15:35:03.661509,2026-05-04 11:35:03,SHORT,27745.75,75.0,True,16.99,True
716,NQ,Mon,11:30,Out-of-Sample,2026-05-04T15:35:03.661509,2026-05-04 11:35:03,SHORT,27745.75,150.0,True,16.99,True
716,NQ,Mon,11:30,Out-of-Sample,2026-05-04T15:35:03.661509,2026-05-04 11:35:03,SHORT,27745.75,275.0,True,16.99,True
716,NQ,Mon,11:30,Out-of-Sample,2026-05-04T15:35:25.288624,2026-05-04 11:35:25,SHORT,27726.25,280.0,True,16.99,True
716,NQ,Mon,11:30,Out-of-Sample,2026-05-04T15:35:25.288624,2026-05-04 11:35:25,SHORT,27726.25,60.0,True,16.99,True
716,NQ,Mon,11:30,Out-of-Sample,2026-05-04T15:35:25.288964,2026-05-04 11:35:25,SHORT,27725.25,-450.0,True,16.99,True
716,NQ,Mon,11:30,Out-of-Sample,2026-05-04T15:35:25.289208,2026-05-04 11:35:25,SHORT,27725.25,-705.0,True,16.99,True
716,NQ,Mon,11:30,Out-of-Sample,2026-05-04T15:36:40.647063,2026-05-04 11:36:40,LONG,27750.5,50.0,True,16.99,True
716,NQ,Mon,11:30,Out-of-Sample,2026-05-04T15:36:40.647063,2026-05-04 11:36:40,LONG,27750.5,100.0,True,16.99,True
716,NQ,Mon,11:30,Out-of-Sample,2026-05-04T15:36:40.647063,2026-05-04 11:36:40,LONG,27750.5,-125.0,True,16.99,True
716,NQ,Mon,11:30,Out-of-Sample,2026-05-04T15:37:32.087405,2026-05-04 11:37:32,LONG,27751.75,-240.0,True,16.99,True
716,NQ,Mon,11:30,Out-of-Sample,2026-05-04T15:38:04.641050,2026-05-04 11:38:04,LONG,27767.0,-1830.0,True,16.99,True
716,NQ,Mon,11:30,Out-of-Sample,2026-05-04T15:38:04.904592,2026-05-04 11:38:04,LONG,27769.25,-675.0,True,16.99,True
716,NQ,Mon,11:30,Out-of-Sample,2026-05-04T15:38:14.365217,2026-05-04 11:38:14,SHORT,27758.0,-255.0,True,16.99,True
716,NQ,Mon,11:30,Out-of-Sample,2026-05-04T15:38:57.576917,2026-05-04 11:38:57,SHORT,27750.75,-705.0,True,16.99,True
716,NQ,Mon,11:30,Out-of-Sample,2026-05-04T15:38:57.577338,2026-05-04 11:38:57,SHORT,27750.75,-705.0,True,16.99,True
716,NQ,Mon,11:30,Out-of-Sample,2026-05-04T15:39:07.646318,2026-05-04 11:39:07,LONG,27763.75,-105.0,True,16.99,True
716,NQ,Mon,11:30,Out-of-Sample,2026-05-04T15:39:13.680651,2026-05-04 11:39:13,SHORT,27750.25,-135.0,True,16.99,True
716,NQ,Mon,11:30,Out-of-Sample,2026-05-04T15:39:55.729712,2026-05-04 11:39:55,SHORT,27734.25,50.0,True,16.99,True
716,NQ,Mon,11:30,Out-of-Sample,2026-05-04T15:39:55.729712,2026-05-04 11:39:55,SHORT,27734.25,100.0,True,16.99,True
716,NQ,Mon,11:30,Out-of-Sample,2026-05-04T15:39:55.729712,2026-05-04 11:39:55,SHORT,27734.25,225.0,True,16.99,True
716,NQ,Mon,11:30,Out-of-Sample,2026-05-04T15:40:15.211596,2026-05-04 11:40:15,SHORT,27728.25,415.0,True,16.99,True
716,NQ,Mon,11:30,Out-of-Sample,2026-05-04T15:40:15.211596,2026-05-04 11:40:15,SHORT,27728.25,-1240.0,True,16.99,True
716,NQ,Mon,11:30,Out-of-Sample,2026-05-04T15:40:15.212024,2026-05-04 11:40:15,SHORT,27728.25,295.0,True,16.99,True
716,NQ,Mon,11:30,Out-of-Sample,2026-05-04T15:40:15.212024,2026-05-04 11:40:15,SHORT,27728.25,595.0,True,16.99,True
716,NQ,Mon,11:30,Out-of-Sample,2026-05-04T15:40:15.212024,2026-05-04 11:40:15,SHORT,27728.25,400.0,True,16.99,True
716,NQ,Mon,11:30,Out-of-Sample,2026-05-04T15:40:15.212794,2026-05-04 11:40:15,SHORT,27728.5,295.0,True,16.99,True
716,NQ,Mon,11:30,Out-of-Sample,2026-05-04T15:40:15.212794,2026-05-04 11:40:15,SHORT,27728.5,585.0,True,16.99,True
716,NQ,Mon,11:30,Out-of-Sample,2026-05-04T15:40:15.212794,2026-05-04 11:40:15,SHORT,27728.5,430.0,True,16.99,True
716,NQ,Mon,11:30,Out-of-Sample,2026-05-04T15:41:24.022706,2026-05-04 11:41:24,LONG,27726.0,-120.0,True,16.99,True
716,NQ,Mon,11:30,Out-of-Sample,2026-05-04T15:41:24.022988,2026-05-04 11:41:24,LONG,27726.0,290.0,True,16.99,True
716,NQ,Mon,11:30,Out-of-Sample,2026-05-04T15:41:24.022988,2026-05-04 11:41:24,LONG,27726.0,575.0,True,16.99,True
716,NQ,Mon,11:30,Out-of-Sample,2026-05-04T15:41:24.022988,2026-05-04 11:41:24,LONG,27726.0,735.0,True,16.99,True
716,NQ,Mon,11:30,Out-of-Sample,2026-05-04T15:41:58.159198,2026-05-04 11:41:58,LONG,27736.0,-510.0,True,16.99,True
716,NQ,Mon,11:30,Out-of-Sample,2026-05-04T15:43:22.922672,2026-05-04 11:43:22,SHORT,27737.25,75.0,True,16.99,True
716,NQ,Mon,11:30,Out-of-Sample,2026-05-04T15:43:22.922672,2026-05-04 11:43:22,SHORT,27737.25,0.0,True,16.99,True
716,NQ,Mon,11:30,Out-of-Sample,2026-05-04T15:44:37.338616,2026-05-04 11:44:37,SHORT,27762.5,340.0,True,16.99,True
716,NQ,Mon,11:30,Out-of-Sample,2026-05-04T15:44:37.338616,2026-05-04 11:44:37,SHORT,27762.5,270.0,True,16.99,True
716,NQ,Mon,11:30,Out-of-Sample,2026-05-04T15:44:59.693924,2026-05-04 11:44:59,SHORT,27758.25,75.0,True,16.99,True
716,NQ,Mon,11:30,Out-of-Sample,2026-05-04T15:44:59.693924,2026-05-04 11:44:59,SHORT,27758.25,20.0,True,16.99,True
716,NQ,Mon,11:30,Out-of-Sample,2026-05-04T15:45:44.681288,2026-05-04 11:45:44,SHORT,27754.25,280.0,True,16.99,True
716,NQ,Mon,11:30,Out-of-Sample,2026-05-04T15:45:44.681288,2026-05-04 11:45:44,SHORT,27754.25,150.0,True,16.99,True
716,NQ,Mon,11:30,Out-of-Sample,2026-05-04T15:45:44.771971,2026-05-04 11:45:44,SHORT,27752.75,280.0,True,16.99,True
716,NQ,Mon,11:30,Out-of-Sample,2026-05-04T15:45:44.771971,2026-05-04 11:45:44,SHORT,27752.75,100.0,True,16.99,True
716,NQ,Mon,11:30,Out-of-Sample,2026-05-04T15:45:46.032103,2026-05-04 11:45:46,SHORT,27752.25,75.0,True,16.99,True
716,NQ,Mon,11:30,Out-of-Sample,2026-05-04T15:45:46.032103,2026-05-04 11:45:46,SHORT,27752.25,150.0,True,16.99,True
716,NQ,Mon,11:30,Out-of-Sample,2026-05-04T15:45:46.032103,2026-05-04 11:45:46,SHORT,27752.25,35.0,True,16.99,True
716,NQ,Mon,11:30,Out-of-Sample,2026-05-04T15:46:17.256376,2026-05-04 11:46:17,LONG,27758.5,-780.0,True,16.99,True
716,NQ,Mon,11:30,Out-of-Sample,2026-05-04T15:47:46.576059,2026-05-04 11:47:46,SHORT,27743.75,405.0,True,16.99,True
716,NQ,Mon,11:30,Out-of-Sample,2026-05-04T15:47:46.576059,2026-05-04 11:47:46,SHORT,27743.75,815.0,True,16.99,True
716,NQ,Mon,11:30,Out-of-Sample,2026-05-04T15:47:46.576059,2026-05-04 11:47:46,SHORT,27743.75,675.0,True,16.99,True
716,NQ,Mon,11:30,Out-of-Sample,2026-05-04T15:47:54.227840,2026-05-04 11:47:54,SHORT,27738.0,-135.0,True,16.99,True
716,NQ,Mon,11:30,Out-of-Sample,2026-05-04T15:48:00.051593,2026-05-04 11:48:00,SHORT,27734.25,-510.0,True,16.99,True
716,NQ,Mon,11:30,Out-of-Sample,2026-05-04T15:48:01.615288,2026-05-04 11:48:01,SHORT,27732.5,-450.0,True,16.99,True
716,NQ,Mon,11:30,Out-of-Sample,2026-05-04T15:49:22.621047,2026-05-04 11:49:22,SHORT,27731.5,-405.0,True,16.99,True
716,NQ,Mon,11:30,Out-of-Sample,2026-05-04T15:49:22.621327,2026-05-04 11:49:22,SHORT,27731.5,270.0,True,16.99,True
716,NQ,Mon,11:30,Out-of-Sample,2026-05-04T15:49:22.621327,2026-05-04 11:49:22,SHORT,27731.5,540.0,True,16.99,True
716,NQ,Mon,11:30,Out-of-Sample,2026-05-04T15:49:22.621327,2026-05-04 11:49:22,SHORT,27731.5,390.0,True,16.99,True
716,NQ,Mon,11:30,Out-of-Sample,2026-05-04T15:49:31.016080,2026-05-04 11:49:31,SHORT,27727.75,-360.0,True,16.99,True
716,NQ,Mon,11:30,Out-of-Sample,2026-05-04T15:49:38.670350,2026-05-04 11:49:38,SHORT,27728.0,-300.0,True,16.99,True
716,NQ,Mon,11:30,Out-of-Sample,2026-05-04T15:50:52.937211,2026-05-04 11:50:52,SHORT,27723.5,270.0,True,16.99,True
716,NQ,Mon,11:30,Out-of-Sample,2026-05-04T15:50:52.937211,2026-05-04 11:50:52,SHORT,27723.5,440.0,True,16.99,True
716,NQ,Mon,11:30,Out-of-Sample,2026-05-04T15:51:07.692467,2026-05-04 11:51:07,SHORT,27720.75,75.0,True,16.99,True
716,NQ,Mon,11:30,Out-of-Sample,2026-05-04T15:51:07.692467,2026-05-04 11:51:07,SHORT,27720.75,150.0,True,16.99,True
716,NQ,Mon,11:30,Out-of-Sample,2026-05-04T15:51:07.692467,2026-05-04 11:51:07,SHORT,27720.75,130.0,True,16.99,True
716,NQ,Mon,11:30,Out-of-Sample,2026-05-04T15:51:14.634560,2026-05-04 11:51:14,LONG,27718.5,600.0,True,16.99,True
716,NQ,Mon,11:30,Out-of-Sample,2026-05-04T15:51:20.029956,2026-05-04 11:51:20,SHORT,27708.0,50.0,True,16.99,True
716,NQ,Mon,11:30,Out-of-Sample,2026-05-04T15:51:20.029956,2026-05-04 11:51:20,SHORT,27708.0,100.0,True,16.99,True
716,NQ,Mon,11:30,Out-of-Sample,2026-05-04T15:51:20.029956,2026-05-04 11:51:20,SHORT,27708.0,-40.0,True,16.99,True
716,NQ,Mon,11:30,Out-of-Sample,2026-05-04T15:51:30.288742,2026-05-04 11:51:30,LONG,27707.25,100.0,True,16.99,True
716,NQ,Mon,11:30,Out-of-Sample,2026-05-04T15:51:30.288742,2026-05-04 11:51:30,LONG,27707.25,-230.0,True,16.99,True
716,NQ,Mon,11:30,Out-of-Sample,2026-05-04T15:52:18.598638,2026-05-04 11:52:18,SHORT,27703.25,-1005.0,True,16.99,True
716,NQ,Mon,11:30,Out-of-Sample,2026-05-04T15:52:29.785867,2026-05-04 11:52:29,LONG,27721.25,900.0,True,16.99,True
716,NQ,Mon,11:30,Out-of-Sample,2026-05-04T15:52:29.786878,2026-05-04 11:52:29,LONG,27723.25,375.0,True,16.99,True
716,NQ,Mon,11:30,Out-of-Sample,2026-05-04T15:52:29.786878,2026-05-04 11:52:29,LONG,27723.25,115.0,True,16.99,True
716,NQ,Mon,11:30,Out-of-Sample,2026-05-04T15:52:31.853436,2026-05-04 11:52:31,LONG,27736.0,120.0,True,16.99,True
716,NQ,Mon,11:30,Out-of-Sample,2026-05-04T15:52:31.853436,2026-05-04 11:52:31,LONG,27736.0,120.0,True,16.99,True
716,NQ,Mon,11:30,Out-of-Sample,2026-05-04T15:52:31.853436,2026-05-04 11:52:31,LONG,27736.0,225.0,True,16.99,True
716,NQ,Mon,11:30,Out-of-Sample,2026-05-04T15:52:33.533017,2026-05-04 11:52:33,LONG,27748.75,110.0,True,16.99,True
716,NQ,Mon,11:30,Out-of-Sample,2026-05-04T15:52:33.533017,2026-05-04 11:52:33,LONG,27748.75,110.0,True,16.99,True
716,NQ,Mon,11:30,Out-of-Sample,2026-05-04T15:52:33.533017,2026-05-04 11:52:33,LONG,27748.75,225.0,True,16.99,True
716,NQ,Mon,11:30,Out-of-Sample,2026-05-04T15:53:55.297434,2026-05-04 11:53:55,LONG,27739.5,-105.0,True,16.99,True
716,NQ,Mon,11:30,Out-of-Sample,2026-05-04T15:56:48.756084,2026-05-04 11:56:48,SHORT,27743.0,-570.0,True,16.99,True
716,NQ,Mon,11:30,Out-of-Sample,2026-05-04T15:56:48.800982,2026-05-04 11:56:48,SHORT,27743.0,-585.0,True,16.99,True
716,NQ,Mon,11:30,Out-of-Sample,2026-05-04T15:57:44.619471,2026-05-04 11:57:44,SHORT,27741.0,325.0,True,16.99,True
716,NQ,Mon,11:30,Out-of-Sample,2026-05-04T15:57:44.619471,2026-05-04 11:57:44,SHORT,27741.0,645.0,True,16.99,True
716,NQ,Mon,11:30,Out-of-Sample,2026-05-04T15:57:44.619471,2026-05-04 11:57:44,SHORT,27741.0,480.0,True,16.99,True
716,NQ,Mon,11:30,Out-of-Sample,2026-05-04T15:57:57.199203,2026-05-04 11:57:57,SHORT,27738.25,195.0,True,16.99,True
716,NQ,Mon,11:30,Out-of-Sample,2026-05-04T15:58:44.163194,2026-05-04 11:58:44,LONG,27745.25,75.0,True,16.99,True
716,NQ,Mon,11:30,Out-of-Sample,2026-05-04T15:58:44.163194,2026-05-04 11:58:44,LONG,27745.25,150.0,True,16.99,True
716,NQ,Mon,11:30,Out-of-Sample,2026-05-04T15:58:44.163194,2026-05-04 11:58:44,LONG,27745.25,-35.0,True,16.99,True
716,NQ,Mon,11:30,Out-of-Sample,2026-05-04T15:59:40.187901,2026-05-04 11:59:40,SHORT,27731.0,-315.0,True,16.99,True
716,NQ,Mon,11:30,Out-of-Sample,2026-05-11T15:30:35.432452,2026-05-11 11:30:35,LONG,29435.75,15.0,True,17.19,True
716,NQ,Mon,11:30,Out-of-Sample,2026-05-11T15:31:17.362158,2026-05-11 11:31:17,SHORT,29422.5,195.0,True,17.19,True
716,NQ,Mon,11:30,Out-of-Sample,2026-05-11T15:31:17.362158,2026-05-11 11:31:17,SHORT,29422.5,100.0,True,17.19,True
716,NQ,Mon,11:30,Out-of-Sample,2026-05-11T15:31:17.362476,2026-05-11 11:31:17,SHORT,29422.75,195.0,True,17.19,True
716,NQ,Mon,11:30,Out-of-Sample,2026-05-11T15:31:17.362476,2026-05-11 11:31:17,SHORT,29422.75,10.0,True,17.19,True
716,NQ,Mon,11:30,Out-of-Sample,2026-05-11T15:32:15.942862,2026-05-11 11:32:15,SHORT,29412.5,-1065.0,True,17.19,True
716,NQ,Mon,11:30,Out-of-Sample,2026-05-11T15:35:01.363349,2026-05-11 11:35:01,LONG,29422.5,-405.0,True,17.19,True
716,NQ,Mon,11:30,Out-of-Sample,2026-05-11T15:42:37.616219,2026-05-11 11:42:37,LONG,29434.75,-855.0,True,17.19,True
716,NQ,Mon,11:30,Out-of-Sample,2026-05-11T15:44:08.231555,2026-05-11 11:44:08,SHORT,29428.0,-210.0,True,17.19,True
716,NQ,Mon,11:30,Out-of-Sample,2026-05-11T15:44:41.102261,2026-05-11 11:44:41,SHORT,29421.5,-420.0,True,17.19,True
716,NQ,Mon,11:30,Out-of-Sample,2026-05-11T15:44:41.365652,2026-05-11 11:44:41,SHORT,29426.0,80.0,True,17.19,True
716,NQ,Mon,11:30,Out-of-Sample,2026-05-11T15:44:41.365652,2026-05-11 11:44:41,SHORT,29426.0,150.0,True,17.19,True
716,NQ,Mon,11:30,Out-of-Sample,2026-05-11T15:44:41.365652,2026-05-11 11:44:41,SHORT,29426.0,95.0,True,17.19,True
716,NQ,Mon,11:30,Out-of-Sample,2026-05-11T15:44:46.056285,2026-05-11 11:44:46,SHORT,29419.5,180.0,True,17.19,True
716,NQ,Mon,11:30,Out-of-Sample,2026-05-11T15:44:46.056285,2026-05-11 11:44:46,SHORT,29419.5,-500.0,True,17.19,True
716,NQ,Mon,11:30,Out-of-Sample,2026-05-11T15:44:46.056848,2026-05-11 11:44:46,SHORT,29419.5,180.0,True,17.19,True
716,NQ,Mon,11:30,Out-of-Sample,2026-05-11T15:44:46.056848,2026-05-11 11:44:46,SHORT,29419.5,-150.0,True,17.19,True
716,NQ,Mon,11:30,Out-of-Sample,2026-05-11T15:44:53.306272,2026-05-11 11:44:53,LONG,29423.25,-70.0,True,17.19,True
716,NQ,Mon,11:30,Out-of-Sample,2026-05-11T15:45:43.637806,2026-05-11 11:45:43,LONG,29432.0,0.0,True,17.19,True
716,NQ,Mon,11:30,Out-of-Sample,2026-05-11T15:46:39.611273,2026-05-11 11:46:39,LONG,29436.0,235.0,True,17.19,True
716,NQ,Mon,11:30,Out-of-Sample,2026-05-11T15:46:39.611273,2026-05-11 11:46:39,LONG,29436.0,45.0,True,17.19,True
716,NQ,Mon,11:30,Out-of-Sample,2026-05-11T15:48:56.333089,2026-05-11 11:48:56,LONG,29440.0,275.0,True,17.19,True
716,NQ,Mon,11:30,Out-of-Sample,2026-05-11T15:48:56.333089,2026-05-11 11:48:56,LONG,29440.0,550.0,True,17.19,True
716,NQ,Mon,11:30,Out-of-Sample,2026-05-11T15:48:56.333089,2026-05-11 11:48:56,LONG,29440.0,475.0,True,17.19,True
716,NQ,Mon,11:30,Out-of-Sample,2026-05-11T15:50:43.461547,2026-05-11 11:50:43,SHORT,29432.5,-1095.0,True,17.19,True
716,NQ,Mon,11:30,Out-of-Sample,2026-05-11T15:50:43.525137,2026-05-11 11:50:43,SHORT,29432.0,-525.0,True,17.19,True
716,NQ,Mon,11:30,Out-of-Sample,2026-05-11T15:53:28.300388,2026-05-11 11:53:28,LONG,29455.5,75.0,True,17.19,True
716,NQ,Mon,11:30,Out-of-Sample,2026-05-11T15:53:28.300388,2026-05-11 11:53:28,LONG,29455.5,150.0,True,17.19,True
716,NQ,Mon,11:30,Out-of-Sample,2026-05-11T15:53:28.300388,2026-05-11 11:53:28,LONG,29455.5,200.0,True,17.19,True
716,NQ,Mon,11:30,Out-of-Sample,2026-05-11T15:54:12.132531,2026-05-11 11:54:12,LONG,29457.5,195.0,True,17.19,True
716,NQ,Mon,11:30,Out-of-Sample,2026-05-11T15:54:12.132531,2026-05-11 11:54:12,LONG,29457.5,320.0,True,17.19,True
716,NQ,Mon,11:30,Out-of-Sample,2026-05-11T15:54:12.132913,2026-05-11 11:54:12,LONG,29457.5,195.0,True,17.19,True
716,NQ,Mon,11:30,Out-of-Sample,2026-05-11T15:54:12.132913,2026-05-11 11:54:12,LONG,29457.5,130.0,True,17.19,True
716,NQ,Mon,11:30,Out-of-Sample,2026-05-11T15:54:13.650117,2026-05-11 11:54:13,LONG,29459.75,230.0,True,17.19,True
716,NQ,Mon,11:30,Out-of-Sample,2026-05-11T15:54:13.650117,2026-05-11 11:54:13,LONG,29459.75,10.0,True,17.19,True
716,NQ,Mon,11:30,Out-of-Sample,2026-05-11T15:54:48.636300,2026-05-11 11:54:48,SHORT,29463.0,-120.0,True,17.19,True
716,NQ,Mon,11:30,Out-of-Sample,2026-05-11T15:55:01.896113,2026-05-11 11:55:01,SHORT,29462.5,-210.0,True,17.19,True
716,NQ,Mon,11:30,Out-of-Sample,2026-05-11T15:57:56.572221,2026-05-11 11:57:56,SHORT,29460.75,-165.0,True,17.19,True
716,NQ,Mon,11:30,Out-of-Sample,2026-05-11T15:57:56.572905,2026-05-11 11:57:56,SHORT,29460.75,-780.0,True,17.19,True
716,NQ,Mon,11:30,Out-of-Sample,2026-05-18T15:30:08.275112,2026-05-18 11:30:08,LONG,28974.5,1430.0,True,18.43,True
716,NQ,Mon,11:30,Out-of-Sample,2026-05-18T15:30:08.275112,2026-05-18 11:30:08,LONG,28974.5,950.0,True,18.43,True
716,NQ,Mon,11:30,Out-of-Sample,2026-05-18T15:30:27.173248,2026-05-18 11:30:27,SHORT,28956.25,-5415.0,True,18.43,True
716,NQ,Mon,11:30,Out-of-Sample,2026-05-18T15:30:27.173674,2026-05-18 11:30:27,SHORT,28956.0,155.0,True,18.43,True
716,NQ,Mon,11:30,Out-of-Sample,2026-05-18T15:30:27.173674,2026-05-18 11:30:27,SHORT,28956.0,10.0,True,18.43,True
716,NQ,Mon,11:30,Out-of-Sample,2026-05-18T15:30:31.152446,2026-05-18 11:30:31,SHORT,28947.25,-2115.0,True,18.43,True
716,NQ,Mon,11:30,Out-of-Sample,2026-05-18T15:30:59.563040,2026-05-18 11:30:59,LONG,28952.75,2770.0,True,18.43,True
716,NQ,Mon,11:30,Out-of-Sample,2026-05-18T15:30:59.563040,2026-05-18 11:30:59,LONG,28952.75,1610.0,True,18.43,True
716,NQ,Mon,11:30,Out-of-Sample,2026-05-18T15:34:34.252264,2026-05-18 11:34:34,LONG,29001.0,515.0,True,18.43,True
716,NQ,Mon,11:30,Out-of-Sample,2026-05-18T15:34:34.252264,2026-05-18 11:34:34,LONG,29001.0,1155.0,True,18.43,True
716,NQ,Mon,11:30,Out-of-Sample,2026-05-18T15:34:34.252264,2026-05-18 11:34:34,LONG,29001.0,995.0,True,18.43,True
716,NQ,Mon,11:30,Out-of-Sample,2026-05-18T15:34:52.336093,2026-05-18 11:34:52,LONG,29013.0,810.0,True,18.43,True
716,NQ,Mon,11:30,Out-of-Sample,2026-05-18T15:34:52.336093,2026-05-18 11:34:52,LONG,29013.0,-190.0,True,18.43,True
716,NQ,Mon,11:30,Out-of-Sample,2026-05-18T15:35:29.809579,2026-05-18 11:35:29,LONG,29034.75,-1250.0,True,18.43,True
716,NQ,Mon,11:30,Out-of-Sample,2026-05-18T15:35:29.809579,2026-05-18 11:35:29,LONG,29034.75,-1510.0,True,18.43,True
716,NQ,Mon,11:30,Out-of-Sample,2026-05-18T15:37:43.182037,2026-05-18 11:37:43,LONG,29047.5,-3530.0,True,18.43,True
716,NQ,Mon,11:30,Out-of-Sample,2026-05-18T15:37:43.182037,2026-05-18 11:37:43,LONG,29047.5,-1485.0,True,18.43,True
716,NQ,Mon,11:30,Out-of-Sample,2026-05-18T15:38:01.607868,2026-05-18 11:38:01,LONG,29063.5,-3610.0,True,18.43,True
716,NQ,Mon,11:30,Out-of-Sample,2026-05-18T15:38:01.607868,2026-05-18 11:38:01,LONG,29063.5,-1455.0,True,18.43,True
716,NQ,Mon,11:30,Out-of-Sample,2026-05-18T15:41:11.876913,2026-05-18 11:41:11,LONG,29052.5,-1185.0,True,18.43,True
716,NQ,Mon,11:30,Out-of-Sample,2026-05-18T15:41:11.876913,2026-05-18 11:41:11,LONG,29052.5,-1375.0,True,18.43,True
716,NQ,Mon,11:30,Out-of-Sample,2026-05-18T15:41:11.876913,2026-05-18 11:41:11,LONG,29052.5,-1010.0,True,18.43,True
716,NQ,Mon,11:30,Out-of-Sample,2026-05-18T15:43:11.863047,2026-05-18 11:43:11,SHORT,29041.0,480.0,True,18.43,True
716,NQ,Mon,11:30,Out-of-Sample,2026-05-18T15:43:11.863047,2026-05-18 11:43:11,SHORT,29041.0,965.0,True,18.43,True
716,NQ,Mon,11:30,Out-of-Sample,2026-05-18T15:43:11.863047,2026-05-18 11:43:11,SHORT,29041.0,765.0,True,18.43,True
716,NQ,Mon,11:30,Out-of-Sample,2026-05-18T15:43:37.292262,2026-05-18 11:43:37,LONG,29029.5,-500.0,True,18.43,True
716,NQ,Mon,11:30,Out-of-Sample,2026-05-18T15:43:37.292262,2026-05-18 11:43:37,LONG,29029.5,-625.0,True,18.43,True
716,NQ,Mon,11:30,Out-of-Sample,2026-05-18T15:43:37.292262,2026-05-18 11:43:37,LONG,29029.5,-15.0,True,18.43,True
716,NQ,Mon,11:30,Out-of-Sample,2026-05-18T15:44:59.782178,2026-05-18 11:44:59,SHORT,28999.0,480.0,True,18.43,True
716,NQ,Mon,11:30,Out-of-Sample,2026-05-18T15:44:59.782178,2026-05-18 11:44:59,SHORT,28999.0,20.0,True,18.43,True
716,NQ,Mon,11:30,Out-of-Sample,2026-05-18T15:49:11.723349,2026-05-18 11:49:11,LONG,29041.5,-1040.0,True,18.43,True
716,NQ,Mon,11:30,Out-of-Sample,2026-05-18T15:49:11.723349,2026-05-18 11:49:11,LONG,29041.5,355.0,True,18.43,True
716,NQ,Mon,11:30,Out-of-Sample,2026-05-18T15:51:48.986836,2026-05-18 11:51:48,SHORT,28978.5,-2040.0,True,18.43,True
716,NQ,Mon,11:30,Out-of-Sample,2026-05-18T15:59:02.601208,2026-05-18 11:59:02,LONG,29011.25,1010.0,True,18.43,True
716,NQ,Mon,11:30,Out-of-Sample,2026-05-18T15:59:02.601208,2026-05-18 11:59:02,LONG,29011.25,1255.0,True,18.43,True
716,NQ,Mon,11:30,Out-of-Sample,2026-05-18T15:59:02.601208,2026-05-18 11:59:02,LONG,29011.25,1020.0,True,18.43,True
716,NQ,Mon,11:30,Out-of-Sample,2026-05-25T15:30:14.867064,2026-05-25 11:30:14,SHORT,29931.5,115.0,True,16.7,True
716,NQ,Mon,11:30,Out-of-Sample,2026-05-25T15:30:14.867064,2026-05-25 11:30:14,SHORT,29931.5,10.0,True,16.7,True
716,NQ,Mon,11:30,Out-of-Sample,2026-05-25T15:34:33.423248,2026-05-25 11:34:33,LONG,29938.5,-510.0,True,16.7,True
716,NQ,Mon,11:30,Out-of-Sample,2026-05-25T15:40:01.909337,2026-05-25 11:40:01,SHORT,29925.0,115.0,True,16.7,True
716,NQ,Mon,11:30,Out-of-Sample,2026-05-25T15:40:01.909337,2026-05-25 11:40:01,SHORT,29925.0,0.0,True,16.7,True
716,NQ,Mon,11:30,Out-of-Sample,2026-05-25T15:53:36.504853,2026-05-25 11:53:36,SHORT,29920.25,75.0,True,16.7,True
716,NQ,Mon,11:30,Out-of-Sample,2026-05-25T15:53:36.504853,2026-05-25 11:53:36,SHORT,29920.25,170.0,True,16.7,True
716,NQ,Mon,11:30,Out-of-Sample,2026-06-01T15:30:23.933116,2026-06-01 11:30:23,LONG,30496.0,335.0,True,15.32,True
716,NQ,Mon,11:30,Out-of-Sample,2026-06-01T15:30:23.933116,2026-06-01 11:30:23,LONG,30496.0,535.0,True,15.32,True
716,NQ,Mon,11:30,Out-of-Sample,2026-06-01T15:30:23.933223,2026-06-01 11:30:23,LONG,30496.0,335.0,True,15.32,True
716,NQ,Mon,11:30,Out-of-Sample,2026-06-01T15:30:23.933223,2026-06-01 11:30:23,LONG,30496.0,670.0,True,15.32,True
716,NQ,Mon,11:30,Out-of-Sample,2026-06-01T15:30:23.933223,2026-06-01 11:30:23,LONG,30496.0,670.0,True,15.32,True
716,NQ,Mon,11:30,Out-of-Sample,2026-06-01T15:30:24.152371,2026-06-01 11:30:24,LONG,30495.5,310.0,True,15.32,True
716,NQ,Mon,11:30,Out-of-Sample,2026-06-01T15:30:24.152371,2026-06-01 11:30:24,LONG,30495.5,310.0,True,15.32,True
716,NQ,Mon,11:30,Out-of-Sample,2026-06-01T15:30:24.152371,2026-06-01 11:30:24,LONG,30495.5,310.0,True,15.32,True
716,NQ,Mon,11:30,Out-of-Sample,2026-06-01T15:30:24.383663,2026-06-01 11:30:24,SHORT,30494.25,-350.0,True,15.32,True
716,NQ,Mon,11:30,Out-of-Sample,2026-06-01T15:30:24.757159,2026-06-01 11:30:24,SHORT,30493.0,-1390.0,True,15.32,True
716,NQ,Mon,11:30,Out-of-Sample,2026-06-01T15:30:24.757159,2026-06-01 11:30:24,SHORT,30493.0,-485.0,True,15.32,True
716,NQ,Mon,11:30,Out-of-Sample,2026-06-01T15:30:25.652459,2026-06-01 11:30:25,SHORT,30511.0,-60.0,True,15.32,True
716,NQ,Mon,11:30,Out-of-Sample,2026-06-01T15:30:25.652955,2026-06-01 11:30:25,SHORT,30511.0,-245.0,True,15.32,True
716,NQ,Mon,11:30,Out-of-Sample,2026-06-01T15:31:04.315699,2026-06-01 11:31:04,SHORT,30529.5,330.0,True,15.32,True
716,NQ,Mon,11:30,Out-of-Sample,2026-06-01T15:31:04.315699,2026-06-01 11:31:04,SHORT,30529.5,-220.0,True,15.32,True
716,NQ,Mon,11:30,Out-of-Sample,2026-06-01T15:31:20.024047,2026-06-01 11:31:20,SHORT,30522.75,-100.0,True,15.32,True
716,NQ,Mon,11:30,Out-of-Sample,2026-06-01T15:31:20.024467,2026-06-01 11:31:20,SHORT,30521.5,-1110.0,True,15.32,True
716,NQ,Mon,11:30,Out-of-Sample,2026-06-01T15:31:20.445980,2026-06-01 11:31:20,SHORT,30519.75,-415.0,True,15.32,True
716,NQ,Mon,11:30,Out-of-Sample,2026-06-01T15:32:44.747978,2026-06-01 11:32:44,LONG,30536.75,-40.0,True,15.32,True
716,NQ,Mon,11:30,Out-of-Sample,2026-06-01T15:33:25.953169,2026-06-01 11:33:25,LONG,30541.5,-555.0,True,15.32,True
716,NQ,Mon,11:30,Out-of-Sample,2026-06-01T15:33:25.954189,2026-06-01 11:33:25,LONG,30541.0,-225.0,True,15.32,True
716,NQ,Mon,11:30,Out-of-Sample,2026-06-01T15:34:57.018046,2026-06-01 11:34:57,SHORT,30533.0,-45.0,True,15.32,True
716,NQ,Mon,11:30,Out-of-Sample,2026-06-01T15:34:57.018046,2026-06-01 11:34:57,SHORT,30533.0,-230.0,True,15.32,True
716,NQ,Mon,11:30,Out-of-Sample,2026-06-01T15:34:57.018467,2026-06-01 11:34:57,SHORT,30532.75,-570.0,True,15.32,True
716,NQ,Mon,11:30,Out-of-Sample,2026-06-01T15:34:57.403483,2026-06-01 11:34:57,SHORT,30532.25,-765.0,True,15.32,True
716,NQ,Mon,11:30,Out-of-Sample,2026-06-01T15:35:40.559818,2026-06-01 11:35:40,LONG,30548.0,-490.0,True,15.32,True
716,NQ,Mon,11:30,Out-of-Sample,2026-06-01T15:35:40.681106,2026-06-01 11:35:40,LONG,30548.75,110.0,True,15.32,True
716,NQ,Mon,11:30,Out-of-Sample,2026-06-01T15:35:40.681106,2026-06-01 11:35:40,LONG,30548.75,20.0,True,15.32,True
716,NQ,Mon,11:30,Out-of-Sample,2026-06-01T15:35:40.681314,2026-06-01 11:35:40,LONG,30548.75,-4275.0,True,15.32,True
716,NQ,Mon,11:30,Out-of-Sample,2026-06-01T15:37:17.972266,2026-06-01 11:37:17,SHORT,30539.0,300.0,True,15.32,True
716,NQ,Mon,11:30,Out-of-Sample,2026-06-01T15:37:17.972266,2026-06-01 11:37:17,SHORT,30539.0,460.0,True,15.32,True
716,NQ,Mon,11:30,Out-of-Sample,2026-06-01T15:38:01.631899,2026-06-01 11:38:01,SHORT,30534.0,205.0,True,15.32,True
716,NQ,Mon,11:30,Out-of-Sample,2026-06-01T15:38:01.631899,2026-06-01 11:38:01,SHORT,30534.0,120.0,True,15.32,True
716,NQ,Mon,11:30,Out-of-Sample,2026-06-01T15:38:01.632272,2026-06-01 11:38:01,SHORT,30533.75,205.0,True,15.32,True
716,NQ,Mon,11:30,Out-of-Sample,2026-06-01T15:38:01.632272,2026-06-01 11:38:01,SHORT,30533.75,30.0,True,15.32,True
716,NQ,Mon,11:30,Out-of-Sample,2026-06-01T15:38:01.697696,2026-06-01 11:38:01,SHORT,30533.75,285.0,True,15.32,True
716,NQ,Mon,11:30,Out-of-Sample,2026-06-01T15:38:01.697696,2026-06-01 11:38:01,SHORT,30533.75,570.0,True,15.32,True
716,NQ,Mon,11:30,Out-of-Sample,2026-06-01T15:38:01.697696,2026-06-01 11:38:01,SHORT,30533.75,450.0,True,15.32,True
716,NQ,Mon,11:30,Out-of-Sample,2026-06-01T15:40:29.256143,2026-06-01 11:40:29,SHORT,30527.75,55.0,True,15.32,True
716,NQ,Mon,11:30,Out-of-Sample,2026-06-01T15:40:29.256143,2026-06-01 11:40:29,SHORT,30527.75,-20.0,True,15.32,True
716,NQ,Mon,11:30,Out-of-Sample,2026-06-01T15:45:31.786864,2026-06-01 11:45:31,SHORT,30532.25,190.0,True,15.32,True
716,NQ,Mon,11:30,Out-of-Sample,2026-06-01T15:45:31.786864,2026-06-01 11:45:31,SHORT,30532.25,375.0,True,15.32,True
716,NQ,Mon,11:30,Out-of-Sample,2026-06-01T15:45:31.786864,2026-06-01 11:45:31,SHORT,30532.25,185.0,True,15.32,True
716,NQ,Mon,11:30,Out-of-Sample,2026-06-01T15:45:31.787777,2026-06-01 11:45:31,SHORT,30532.25,190.0,True,15.32,True
716,NQ,Mon,11:30,Out-of-Sample,2026-06-01T15:45:31.787777,2026-06-01 11:45:31,SHORT,30532.25,375.0,True,15.32,True
716,NQ,Mon,11:30,Out-of-Sample,2026-06-01T15:45:31.787777,2026-06-01 11:45:31,SHORT,30532.25,185.0,True,15.32,True
716,NQ,Mon,11:30,Out-of-Sample,2026-06-01T15:46:59.986665,2026-06-01 11:46:59,SHORT,30528.75,870.0,True,15.32,True
716,NQ,Mon,11:30,Out-of-Sample,2026-06-01T15:50:08.632829,2026-06-01 11:50:08,SHORT,30507.75,-120.0,True,15.32,True
716,NQ,Mon,11:30,Out-of-Sample,2026-06-01T15:50:08.832894,2026-06-01 11:50:08,SHORT,30508.25,95.0,True,15.32,True
716,NQ,Mon,11:30,Out-of-Sample,2026-06-01T15:50:08.832894,2026-06-01 11:50:08,SHORT,30508.25,10.0,True,15.32,True
716,NQ,Mon,11:30,Out-of-Sample,2026-06-01T15:50:08.833192,2026-06-01 11:50:08,SHORT,30508.25,-465.0,True,15.32,True
716,NQ,Mon,11:30,Out-of-Sample,2026-06-01T15:52:19.510481,2026-06-01 11:52:19,SHORT,30518.0,275.0,True,15.32,True
716,NQ,Mon,11:30,Out-of-Sample,2026-06-01T15:52:27.951429,2026-06-01 11:52:27,SHORT,30523.0,375.0,True,15.32,True
716,NQ,Mon,11:30,Out-of-Sample,2026-06-01T15:55:07.691864,2026-06-01 11:55:07,SHORT,30522.75,370.0,True,15.32,True
716,NQ,Mon,11:30,Out-of-Sample,2026-06-01T15:55:45.792879,2026-06-01 11:55:45,SHORT,30511.5,195.0,True,15.32,True
716,NQ,Mon,11:30,Out-of-Sample,2026-06-01T15:55:45.792879,2026-06-01 11:55:45,SHORT,30511.5,150.0,True,15.32,True
716,NQ,Mon,11:30,Out-of-Sample,2026-06-01T15:55:46.101926,2026-06-01 11:55:46,SHORT,30511.5,195.0,True,15.32,True
716,NQ,Mon,11:30,Out-of-Sample,2026-06-01T15:55:46.101926,2026-06-01 11:55:46,SHORT,30511.5,10.0,True,15.32,True
716,NQ,Mon,11:30,Out-of-Sample,2026-06-01T15:59:08.629969,2026-06-01 11:59:08,SHORT,30498.25,-405.0,True,15.32,True
716,NQ,Mon,11:30,Out-of-Sample,2026-06-01T15:59:51.730051,2026-06-01 11:59:51,SHORT,30497.0,-150.0,True,15.32,True
716,NQ,Mon,11:30,Out-of-Sample,2026-06-01T15:59:51.731010,2026-06-01 11:59:51,SHORT,30497.0,-1725.0,True,15.32,True
716,NQ,Mon,11:30,Out-of-Sample,2026-06-29T15:30:33.858738,2026-06-29 11:30:33,LONG,29795.0,85.0,True,18.41,True
716,NQ,Mon,11:30,Out-of-Sample,2026-06-29T15:30:33.858738,2026-06-29 11:30:33,LONG,29795.0,-40.0,True,18.41,True
716,NQ,Mon,11:30,Out-of-Sample,2026-06-29T15:30:35.167206,2026-06-29 11:30:35,SHORT,29794.0,70.0,True,18.41,True
716,NQ,Mon,11:30,Out-of-Sample,2026-06-29T15:30:38.411562,2026-06-29 11:30:38,SHORT,29784.25,-315.0,True,18.41,True
716,NQ,Mon,11:30,Out-of-Sample,2026-06-29T15:31:00.230822,2026-06-29 11:31:00,SHORT,29778.0,450.0,True,18.41,True
716,NQ,Mon,11:30,Out-of-Sample,2026-06-29T15:31:00.230822,2026-06-29 11:31:00,SHORT,29778.0,0.0,True,18.41,True
716,NQ,Mon,11:30,Out-of-Sample,2026-06-29T15:31:00.386606,2026-06-29 11:31:00,SHORT,29777.5,210.0,True,18.41,True
716,NQ,Mon,11:30,Out-of-Sample,2026-06-29T15:31:00.387492,2026-06-29 11:31:00,SHORT,29777.75,450.0,True,18.41,True
716,NQ,Mon,11:30,Out-of-Sample,2026-06-29T15:31:00.387492,2026-06-29 11:31:00,SHORT,29777.75,-1130.0,True,18.41,True
716,NQ,Mon,11:30,Out-of-Sample,2026-06-29T15:31:00.497429,2026-06-29 11:31:00,SHORT,29778.0,75.0,True,18.41,True
716,NQ,Mon,11:30,Out-of-Sample,2026-06-29T15:31:00.497429,2026-06-29 11:31:00,SHORT,29778.0,10.0,True,18.41,True
716,NQ,Mon,11:30,Out-of-Sample,2026-06-29T15:31:28.689720,2026-06-29 11:31:28,SHORT,29765.25,-2280.0,True,18.41,True
716,NQ,Mon,11:30,Out-of-Sample,2026-06-29T15:31:28.689906,2026-06-29 11:31:28,SHORT,29765.25,-2280.0,True,18.41,True
716,NQ,Mon,11:30,Out-of-Sample,2026-06-29T15:31:28.691689,2026-06-29 11:31:28,SHORT,29765.0,-2460.0,True,18.41,True
716,NQ,Mon,11:30,Out-of-Sample,2026-06-29T15:35:00.370561,2026-06-29 11:35:00,SHORT,29757.75,75.0,True,18.41,True
716,NQ,Mon,11:30,Out-of-Sample,2026-06-29T15:35:00.370561,2026-06-29 11:35:00,SHORT,29757.75,150.0,True,18.41,True
716,NQ,Mon,11:30,Out-of-Sample,2026-06-29T15:35:00.370561,2026-06-29 11:35:00,SHORT,29757.75,255.0,True,18.41,True
716,NQ,Mon,11:30,Out-of-Sample,2026-06-29T15:35:01.976498,2026-06-29 11:35:01,SHORT,29755.5,50.0,True,18.41,True
716,NQ,Mon,11:30,Out-of-Sample,2026-06-29T15:35:01.976498,2026-06-29 11:35:01,SHORT,29755.5,100.0,True,18.41,True
716,NQ,Mon,11:30,Out-of-Sample,2026-06-29T15:35:01.976498,2026-06-29 11:35:01,SHORT,29755.5,225.0,True,18.41,True
716,NQ,Mon,11:30,Out-of-Sample,2026-06-29T15:35:14.645504,2026-06-29 11:35:14,SHORT,29739.75,50.0,True,18.41,True
716,NQ,Mon,11:30,Out-of-Sample,2026-06-29T15:35:14.645504,2026-06-29 11:35:14,SHORT,29739.75,-360.0,True,18.41,True
716,NQ,Mon,11:30,Out-of-Sample,2026-06-29T15:35:41.849513,2026-06-29 11:35:41,LONG,29740.75,45.0,True,18.41,True
716,NQ,Mon,11:30,Out-of-Sample,2026-06-29T15:35:57.449926,2026-06-29 11:35:57,LONG,29755.25,-435.0,True,18.41,True
716,NQ,Mon,11:30,Out-of-Sample,2026-06-29T15:36:38.287047,2026-06-29 11:36:38,LONG,29771.0,-285.0,True,18.41,True
716,NQ,Mon,11:30,Out-of-Sample,2026-06-29T15:38:08.689859,2026-06-29 11:38:08,LONG,29792.5,75.0,True,18.41,True
716,NQ,Mon,11:30,Out-of-Sample,2026-06-29T15:38:08.689859,2026-06-29 11:38:08,LONG,29792.5,150.0,True,18.41,True
716,NQ,Mon,11:30,Out-of-Sample,2026-06-29T15:38:08.689859,2026-06-29 11:38:08,LONG,29792.5,-10.0,True,18.41,True
716,NQ,Mon,11:30,Out-of-Sample,2026-06-29T15:38:45.390209,2026-06-29 11:38:45,SHORT,29790.5,15.0,True,18.41,True
716,NQ,Mon,11:30,Out-of-Sample,2026-06-29T15:38:48.089229,2026-06-29 11:38:48,SHORT,29786.75,-630.0,True,18.41,True
716,NQ,Mon,11:30,Out-of-Sample,2026-06-29T15:39:03.851501,2026-06-29 11:39:03,SHORT,29774.75,-390.0,True,18.41,True
716,NQ,Mon,11:30,Out-of-Sample,2026-06-29T15:41:01.817652,2026-06-29 11:41:01,SHORT,29773.5,-525.0,True,18.41,True
716,NQ,Mon,11:30,Out-of-Sample,2026-06-29T15:41:39.013094,2026-06-29 11:41:39,LONG,29787.25,75.0,True,18.41,True
716,NQ,Mon,11:30,Out-of-Sample,2026-06-29T15:41:39.013094,2026-06-29 11:41:39,LONG,29787.25,10.0,True,18.41,True
716,NQ,Mon,11:30,Out-of-Sample,2026-06-29T15:41:54.709775,2026-06-29 11:41:54,LONG,29807.5,50.0,True,18.41,True
716,NQ,Mon,11:30,Out-of-Sample,2026-06-29T15:41:54.709775,2026-06-29 11:41:54,LONG,29807.5,100.0,True,18.41,True
716,NQ,Mon,11:30,Out-of-Sample,2026-06-29T15:41:54.709775,2026-06-29 11:41:54,LONG,29807.5,-70.0,True,18.41,True
716,NQ,Mon,11:30,Out-of-Sample,2026-06-29T15:42:14.275754,2026-06-29 11:42:14,LONG,29810.0,-675.0,True,18.41,True
716,NQ,Mon,11:30,Out-of-Sample,2026-06-29T15:42:14.275925,2026-06-29 11:42:14,LONG,29809.75,-345.0,True,18.41,True
716,NQ,Mon,11:30,Out-of-Sample,2026-06-29T15:42:14.691074,2026-06-29 11:42:14,LONG,29809.75,-660.0,True,18.41,True
716,NQ,Mon,11:30,Out-of-Sample,2026-06-29T15:42:27.288562,2026-06-29 11:42:27,LONG,29813.5,-480.0,True,18.41,True
716,NQ,Mon,11:30,Out-of-Sample,2026-06-29T15:42:38.372270,2026-06-29 11:42:38,SHORT,29798.75,-490.0,True,18.41,True
716,NQ,Mon,11:30,Out-of-Sample,2026-06-29T15:42:38.373207,2026-06-29 11:42:38,SHORT,29798.75,-1065.0,True,18.41,True
716,NQ,Mon,11:30,Out-of-Sample,2026-06-29T15:42:38.374278,2026-06-29 11:42:38,SHORT,29798.75,-270.0,True,18.41,True
716,NQ,Mon,11:30,Out-of-Sample,2026-06-29T15:42:38.374696,2026-06-29 11:42:38,SHORT,29798.75,-1065.0,True,18.41,True
716,NQ,Mon,11:30,Out-of-Sample,2026-06-29T15:42:41.669140,2026-06-29 11:42:41,SHORT,29794.5,-525.0,True,18.41,True
716,NQ,Mon,11:30,Out-of-Sample,2026-06-29T15:42:41.990458,2026-06-29 11:42:41,SHORT,29795.5,-45.0,True,18.41,True
716,NQ,Mon,11:30,Out-of-Sample,2026-06-29T15:43:30.830173,2026-06-29 11:43:30,LONG,29811.0,75.0,True,18.41,True
716,NQ,Mon,11:30,Out-of-Sample,2026-06-29T15:43:30.830173,2026-06-29 11:43:30,LONG,29811.0,10.0,True,18.41,True
716,NQ,Mon,11:30,Out-of-Sample,2026-06-29T15:45:04.512297,2026-06-29 11:45:04,SHORT,29810.5,100.0,True,18.41,True
716,NQ,Mon,11:30,Out-of-Sample,2026-06-29T15:45:04.512297,2026-06-29 11:45:04,SHORT,29810.5,300.0,True,18.41,True
716,NQ,Mon,11:30,Out-of-Sample,2026-06-29T15:45:04.512297,2026-06-29 11:45:04,SHORT,29810.5,290.0,True,18.41,True
716,NQ,Mon,11:30,Out-of-Sample,2026-06-29T15:46:16.319191,2026-06-29 11:46:16,SHORT,29789.75,-1340.0,True,18.41,True
716,NQ,Mon,11:30,Out-of-Sample,2026-06-29T15:46:23.200637,2026-06-29 11:46:23,SHORT,29784.25,-195.0,True,18.41,True
716,NQ,Mon,11:30,Out-of-Sample,2026-06-29T15:46:44.126393,2026-06-29 11:46:44,SHORT,29784.25,-1170.0,True,18.41,True
716,NQ,Mon,11:30,Out-of-Sample,2026-06-29T15:46:44.126667,2026-06-29 11:46:44,SHORT,29784.5,-1155.0,True,18.41,True
716,NQ,Mon,11:30,Out-of-Sample,2026-06-29T15:46:44.127653,2026-06-29 11:46:44,SHORT,29784.75,-495.0,True,18.41,True
716,NQ,Mon,11:30,Out-of-Sample,2026-06-29T15:49:18.799255,2026-06-29 11:49:18,SHORT,29781.25,-1860.0,True,18.41,True
716,NQ,Mon,11:30,Out-of-Sample,2026-06-29T15:49:18.800080,2026-06-29 11:49:18,SHORT,29780.75,-240.0,True,18.41,True
716,NQ,Mon,11:30,Out-of-Sample,2026-06-29T15:50:51.926089,2026-06-29 11:50:51,LONG,29813.25,50.0,True,18.41,True
716,NQ,Mon,11:30,Out-of-Sample,2026-06-29T15:50:51.926089,2026-06-29 11:50:51,LONG,29813.25,100.0,True,18.41,True
716,NQ,Mon,11:30,Out-of-Sample,2026-06-29T15:50:51.926089,2026-06-29 11:50:51,LONG,29813.25,-50.0,True,18.41,True
716,NQ,Mon,11:30,Out-of-Sample,2026-06-29T15:50:52.221004,2026-06-29 11:50:52,LONG,29813.25,75.0,True,18.41,True
716,NQ,Mon,11:30,Out-of-Sample,2026-06-29T15:50:52.221004,2026-06-29 11:50:52,LONG,29813.25,10.0,True,18.41,True
716,NQ,Mon,11:30,Out-of-Sample,2026-06-29T15:51:35.388955,2026-06-29 11:51:35,LONG,29823.5,75.0,True,18.41,True
716,NQ,Mon,11:30,Out-of-Sample,2026-06-29T15:51:35.388955,2026-06-29 11:51:35,LONG,29823.5,0.0,True,18.41,True
716,NQ,Mon,11:30,Out-of-Sample,2026-06-29T15:51:36.227426,2026-06-29 11:51:36,LONG,29827.75,0.0,True,18.41,True
716,NQ,Mon,11:30,Out-of-Sample,2026-06-29T15:51:36.634339,2026-06-29 11:51:36,LONG,29828.0,-450.0,True,18.41,True
716,NQ,Mon,11:30,Out-of-Sample,2026-06-29T15:51:59.395779,2026-06-29 11:51:59,SHORT,29817.25,75.0,True,18.41,True
716,NQ,Mon,11:30,Out-of-Sample,2026-06-29T15:51:59.395779,2026-06-29 11:51:59,SHORT,29817.25,10.0,True,18.41,True
716,NQ,Mon,11:30,Out-of-Sample,2026-06-29T15:53:02.446082,2026-06-29 11:53:02,LONG,29813.5,75.0,True,18.41,True
716,NQ,Mon,11:30,Out-of-Sample,2026-06-29T15:53:02.446082,2026-06-29 11:53:02,LONG,29813.5,150.0,True,18.41,True
716,NQ,Mon,11:30,Out-of-Sample,2026-06-29T15:53:02.446082,2026-06-29 11:53:02,LONG,29813.5,20.0,True,18.41,True
716,NQ,Mon,11:30,Out-of-Sample,2026-06-29T15:53:57.662681,2026-06-29 11:53:57,SHORT,29814.75,15.0,True,18.41,True
716,NQ,Mon,11:30,Out-of-Sample,2026-06-29T15:55:12.463709,2026-06-29 11:55:12,SHORT,29801.5,-1485.0,True,18.41,True
716,NQ,Mon,11:30,Out-of-Sample,2026-06-29T15:55:12.464815,2026-06-29 11:55:12,SHORT,29801.25,-1500.0,True,18.41,True
716,NQ,Mon,11:30,Out-of-Sample,2026-06-29T15:55:12.465790,2026-06-29 11:55:12,SHORT,29801.5,-1665.0,True,18.41,True
716,NQ,Mon,11:30,Out-of-Sample,2026-06-29T15:55:12.465951,2026-06-29 11:55:12,SHORT,29801.5,-585.0,True,18.41,True
716,NQ,Mon,11:30,Out-of-Sample,2026-06-29T15:55:12.759728,2026-06-29 11:55:12,SHORT,29801.25,-450.0,True,18.41,True
716,NQ,Mon,11:30,Out-of-Sample,2026-06-29T15:56:42.102146,2026-06-29 11:56:42,SHORT,29816.0,-120.0,True,18.41,True
716,NQ,Mon,11:30,Out-of-Sample,2026-06-29T15:57:12.322111,2026-06-29 11:57:12,SHORT,29798.0,-285.0,True,18.41,True
716,NQ,Mon,11:30,Out-of-Sample,2026-06-29T15:59:09.064749,2026-06-29 11:59:09,LONG,29843.0,75.0,True,18.41,True
716,NQ,Mon,11:30,Out-of-Sample,2026-06-29T15:59:09.064749,2026-06-29 11:59:09,LONG,29843.0,20.0,True,18.41,True
716,NQ,Mon,11:30,Out-of-Sample,2026-07-06T15:30:02.840843,2026-07-06 11:30:02,SHORT,30047.75,-420.0,True,16.15,True
716,NQ,Mon,11:30,Out-of-Sample,2026-07-06T15:30:20.842312,2026-07-06 11:30:20,LONG,30059.75,-405.0,True,16.15,True
716,NQ,Mon,11:30,Out-of-Sample,2026-07-06T15:31:02.745020,2026-07-06 11:31:02,LONG,30062.5,335.0,True,16.15,True
716,NQ,Mon,11:30,Out-of-Sample,2026-07-06T15:31:02.745020,2026-07-06 11:31:02,LONG,30062.5,40.0,True,16.15,True
716,NQ,Mon,11:30,Out-of-Sample,2026-07-06T15:31:05.850193,2026-07-06 11:31:05,LONG,30070.25,-270.0,True,16.15,True
716,NQ,Mon,11:30,Out-of-Sample,2026-07-06T15:31:06.260595,2026-07-06 11:31:06,LONG,30068.75,50.0,True,16.15,True
716,NQ,Mon,11:30,Out-of-Sample,2026-07-06T15:31:06.260595,2026-07-06 11:31:06,LONG,30068.75,-480.0,True,16.15,True
716,NQ,Mon,11:30,Out-of-Sample,2026-07-06T15:32:07.332374,2026-07-06 11:32:07,SHORT,30059.25,75.0,True,16.15,True
716,NQ,Mon,11:30,Out-of-Sample,2026-07-06T15:32:07.332374,2026-07-06 11:32:07,SHORT,30059.25,0.0,True,16.15,True
716,NQ,Mon,11:30,Out-of-Sample,2026-07-06T15:32:20.195590,2026-07-06 11:32:20,SHORT,30054.25,-525.0,True,16.15,True
716,NQ,Mon,11:30,Out-of-Sample,2026-07-06T15:32:20.195992,2026-07-06 11:32:20,SHORT,30054.25,305.0,True,16.15,True
716,NQ,Mon,11:30,Out-of-Sample,2026-07-06T15:32:20.195992,2026-07-06 11:32:20,SHORT,30054.25,-710.0,True,16.15,True
716,NQ,Mon,11:30,Out-of-Sample,2026-07-06T15:32:20.326084,2026-07-06 11:32:20,SHORT,30054.0,305.0,True,16.15,True
716,NQ,Mon,11:30,Out-of-Sample,2026-07-06T15:32:20.326084,2026-07-06 11:32:20,SHORT,30054.0,50.0,True,16.15,True
716,NQ,Mon,11:30,Out-of-Sample,2026-07-06T15:34:53.661582,2026-07-06 11:34:53,SHORT,30049.25,-1260.0,True,16.15,True
716,NQ,Mon,11:30,Out-of-Sample,2026-07-06T15:35:24.006049,2026-07-06 11:35:24,SHORT,30040.0,-375.0,True,16.15,True
716,NQ,Mon,11:30,Out-of-Sample,2026-07-06T15:35:56.117383,2026-07-06 11:35:56,SHORT,30034.75,-510.0,True,16.15,True
716,NQ,Mon,11:30,Out-of-Sample,2026-07-06T15:35:56.890210,2026-07-06 11:35:56,SHORT,30032.0,-345.0,True,16.15,True
716,NQ,Mon,11:30,Out-of-Sample,2026-07-06T15:37:41.957489,2026-07-06 11:37:41,LONG,30048.25,75.0,True,16.15,True
716,NQ,Mon,11:30,Out-of-Sample,2026-07-06T15:37:41.957489,2026-07-06 11:37:41,LONG,30048.25,150.0,True,16.15,True
716,NQ,Mon,11:30,Out-of-Sample,2026-07-06T15:37:41.957489,2026-07-06 11:37:41,LONG,30048.25,160.0,True,16.15,True
716,NQ,Mon,11:30,Out-of-Sample,2026-07-06T15:38:43.968620,2026-07-06 11:38:43,LONG,30063.25,50.0,True,16.15,True
716,NQ,Mon,11:30,Out-of-Sample,2026-07-06T15:38:43.968620,2026-07-06 11:38:43,LONG,30063.25,-490.0,True,16.15,True
716,NQ,Mon,11:30,Out-of-Sample,2026-07-06T15:40:22.499634,2026-07-06 11:40:22,SHORT,30048.25,-1245.0,True,16.15,True
716,NQ,Mon,11:30,Out-of-Sample,2026-07-06T15:40:22.554211,2026-07-06 11:40:22,SHORT,30048.25,-405.0,True,16.15,True
716,NQ,Mon,11:30,Out-of-Sample,2026-07-06T15:41:35.069687,2026-07-06 11:41:35,LONG,30067.25,140.0,True,16.15,True
716,NQ,Mon,11:30,Out-of-Sample,2026-07-06T15:43:06.590862,2026-07-06 11:43:06,LONG,30078.25,-495.0,True,16.15,True
716,NQ,Mon,11:30,Out-of-Sample,2026-07-06T15:44:26.140769,2026-07-06 11:44:26,SHORT,30071.0,-465.0,True,16.15,True
716,NQ,Mon,11:30,Out-of-Sample,2026-07-06T15:44:38.121998,2026-07-06 11:44:38,SHORT,30066.0,-510.0,True,16.15,True
716,NQ,Mon,11:30,Out-of-Sample,2026-07-06T15:45:00.492145,2026-07-06 11:45:00,LONG,30078.25,115.0,True,16.15,True
716,NQ,Mon,11:30,Out-of-Sample,2026-07-06T15:45:00.492145,2026-07-06 11:45:00,LONG,30078.25,-10.0,True,16.15,True
716,NQ,Mon,11:30,Out-of-Sample,2026-07-06T15:45:00.492284,2026-07-06 11:45:00,LONG,30078.75,-1995.0,True,16.15,True
716,NQ,Mon,11:30,Out-of-Sample,2026-07-06T15:48:25.304005,2026-07-06 11:48:25,SHORT,30068.25,-765.0,True,16.15,True
716,NQ,Mon,11:30,Out-of-Sample,2026-07-06T15:48:27.742370,2026-07-06 11:48:27,SHORT,30068.5,75.0,True,16.15,True
716,NQ,Mon,11:30,Out-of-Sample,2026-07-06T15:48:27.742370,2026-07-06 11:48:27,SHORT,30068.5,10.0,True,16.15,True
716,NQ,Mon,11:30,Out-of-Sample,2026-07-06T15:50:01.806456,2026-07-06 11:50:01,LONG,30080.0,-195.0,True,16.15,True
716,NQ,Mon,11:30,Out-of-Sample,2026-07-06T15:50:49.355288,2026-07-06 11:50:49,SHORT,30077.75,100.0,True,16.15,True
716,NQ,Mon,11:30,Out-of-Sample,2026-07-06T15:50:49.355288,2026-07-06 11:50:49,SHORT,30077.75,200.0,True,16.15,True
716,NQ,Mon,11:30,Out-of-Sample,2026-07-06T15:50:49.355288,2026-07-06 11:50:49,SHORT,30077.75,355.0,True,16.15,True
716,NQ,Mon,11:30,Out-of-Sample,2026-07-06T15:51:49.800159,2026-07-06 11:51:49,SHORT,30072.0,75.0,True,16.15,True
716,NQ,Mon,11:30,Out-of-Sample,2026-07-06T15:51:49.800159,2026-07-06 11:51:49,SHORT,30072.0,10.0,True,16.15,True
716,NQ,Mon,11:30,Out-of-Sample,2026-07-06T15:52:16.768654,2026-07-06 11:52:16,SHORT,30059.75,-240.0,True,16.15,True
716,NQ,Mon,11:30,Out-of-Sample,2026-07-06T15:53:20.258958,2026-07-06 11:53:20,SHORT,30056.75,-1065.0,True,16.15,True
716,NQ,Mon,11:30,Out-of-Sample,2026-07-06T15:53:20.322037,2026-07-06 11:53:20,SHORT,30056.75,-1065.0,True,16.15,True
716,NQ,Mon,11:30,Out-of-Sample,2026-07-06T15:53:20.447086,2026-07-06 11:53:20,SHORT,30057.5,-150.0,True,16.15,True
716,NQ,Mon,11:30,Out-of-Sample,2026-07-06T15:54:06.910416,2026-07-06 11:54:06,SHORT,30056.75,-1515.0,True,16.15,True
716,NQ,Mon,11:30,Out-of-Sample,2026-07-06T15:54:40.840122,2026-07-06 11:54:40,SHORT,30055.25,75.0,True,16.15,True
716,NQ,Mon,11:30,Out-of-Sample,2026-07-06T15:54:40.840122,2026-07-06 11:54:40,SHORT,30055.25,0.0,True,16.15,True
716,NQ,Mon,11:30,Out-of-Sample,2026-07-13T15:30:07.467370,2026-07-13 11:30:07,SHORT,29697.5,330.0,True,15.03,True
716,NQ,Mon,11:30,Out-of-Sample,2026-07-13T15:30:07.619006,2026-07-13 11:30:07,SHORT,29697.0,-1350.0,True,15.03,True
716,NQ,Mon,11:30,Out-of-Sample,2026-07-13T15:30:07.650206,2026-07-13 11:30:07,SHORT,29697.0,75.0,True,15.03,True
716,NQ,Mon,11:30,Out-of-Sample,2026-07-13T15:30:07.650206,2026-07-13 11:30:07,SHORT,29697.0,150.0,True,15.03,True
716,NQ,Mon,11:30,Out-of-Sample,2026-07-13T15:30:07.650206,2026-07-13 11:30:07,SHORT,29697.0,100.0,True,15.03,True
716,NQ,Mon,11:30,Out-of-Sample,2026-07-13T15:30:31.480467,2026-07-13 11:30:31,SHORT,29683.0,-450.0,True,15.03,True
716,NQ,Mon,11:30,Out-of-Sample,2026-07-13T15:32:16.617299,2026-07-13 11:32:16,LONG,29719.5,0.0,True,15.03,True
716,NQ,Mon,11:30,Out-of-Sample,2026-07-13T15:34:47.645865,2026-07-13 11:34:47,SHORT,29695.25,75.0,True,15.03,True
716,NQ,Mon,11:30,Out-of-Sample,2026-07-13T15:34:47.645865,2026-07-13 11:34:47,SHORT,29695.25,20.0,True,15.03,True
716,NQ,Mon,11:30,Out-of-Sample,2026-07-13T15:35:14.153831,2026-07-13 11:35:14,LONG,29701.25,-465.0,True,15.03,True
716,NQ,Mon,11:30,Out-of-Sample,2026-07-13T15:35:29.062475,2026-07-13 11:35:29,SHORT,29687.25,365.0,True,15.03,True
716,NQ,Mon,11:30,Out-of-Sample,2026-07-13T15:35:29.062475,2026-07-13 11:35:29,SHORT,29687.25,460.0,True,15.03,True
716,NQ,Mon,11:30,Out-of-Sample,2026-07-13T15:35:29.238020,2026-07-13 11:35:29,SHORT,29686.0,365.0,True,15.03,True
716,NQ,Mon,11:30,Out-of-Sample,2026-07-13T15:35:29.238020,2026-07-13 11:35:29,SHORT,29686.0,0.0,True,15.03,True
716,NQ,Mon,11:30,Out-of-Sample,2026-07-13T15:35:46.845123,2026-07-13 11:35:46,SHORT,29681.25,75.0,True,15.03,True
716,NQ,Mon,11:30,Out-of-Sample,2026-07-13T15:35:46.845123,2026-07-13 11:35:46,SHORT,29681.25,150.0,True,15.03,True
716,NQ,Mon,11:30,Out-of-Sample,2026-07-13T15:35:46.845123,2026-07-13 11:35:46,SHORT,29681.25,80.0,True,15.03,True
716,NQ,Mon,11:30,Out-of-Sample,2026-07-13T15:35:50.552782,2026-07-13 11:35:50,SHORT,29673.75,460.0,True,15.03,True
716,NQ,Mon,11:30,Out-of-Sample,2026-07-13T15:35:50.552782,2026-07-13 11:35:50,SHORT,29673.75,605.0,True,15.03,True
716,NQ,Mon,11:30,Out-of-Sample,2026-07-13T15:36:00.978478,2026-07-13 11:36:00,SHORT,29670.25,375.0,True,15.03,True
716,NQ,Mon,11:30,Out-of-Sample,2026-07-13T15:36:00.978478,2026-07-13 11:36:00,SHORT,29670.25,840.0,True,15.03,True
716,NQ,Mon,11:30,Out-of-Sample,2026-07-13T15:36:00.978478,2026-07-13 11:36:00,SHORT,29670.25,810.0,True,15.03,True
716,NQ,Mon,11:30,Out-of-Sample,2026-07-13T15:36:01.697725,2026-07-13 11:36:01,SHORT,29669.75,50.0,True,15.03,True
716,NQ,Mon,11:30,Out-of-Sample,2026-07-13T15:36:01.697725,2026-07-13 11:36:01,SHORT,29669.75,-340.0,True,15.03,True
716,NQ,Mon,11:30,Out-of-Sample,2026-07-13T15:36:07.074647,2026-07-13 11:36:07,SHORT,29667.5,490.0,True,15.03,True
716,NQ,Mon,11:30,Out-of-Sample,2026-07-13T15:36:07.074647,2026-07-13 11:36:07,SHORT,29667.5,985.0,True,15.03,True
716,NQ,Mon,11:30,Out-of-Sample,2026-07-13T15:36:07.074647,2026-07-13 11:36:07,SHORT,29667.5,1145.0,True,15.03,True
716,NQ,Mon,11:30,Out-of-Sample,2026-07-13T15:36:20.573400,2026-07-13 11:36:20,LONG,29677.25,-465.0,True,15.03,True
716,NQ,Mon,11:30,Out-of-Sample,2026-07-13T15:37:13.209904,2026-07-13 11:37:13,LONG,29682.75,75.0,True,15.03,True
716,NQ,Mon,11:30,Out-of-Sample,2026-07-13T15:37:13.209904,2026-07-13 11:37:13,LONG,29682.75,-20.0,True,15.03,True
716,NQ,Mon,11:30,Out-of-Sample,2026-07-13T15:37:56.936956,2026-07-13 11:37:56,LONG,29692.25,-165.0,True,15.03,True
716,NQ,Mon,11:30,Out-of-Sample,2026-07-13T15:42:01.701919,2026-07-13 11:42:01,SHORT,29659.75,-615.0,True,15.03,True
716,NQ,Mon,11:30,Out-of-Sample,2026-07-13T15:42:01.702335,2026-07-13 11:42:01,SHORT,29658.75,-600.0,True,15.03,True
716,NQ,Mon,11:30,Out-of-Sample,2026-07-13T15:42:01.702629,2026-07-13 11:42:01,SHORT,29658.75,360.0,True,15.03,True
716,NQ,Mon,11:30,Out-of-Sample,2026-07-13T15:42:01.702629,2026-07-13 11:42:01,SHORT,29658.75,720.0,True,15.03,True
716,NQ,Mon,11:30,Out-of-Sample,2026-07-13T15:42:01.702629,2026-07-13 11:42:01,SHORT,29658.75,615.0,True,15.03,True
716,NQ,Mon,11:30,Out-of-Sample,2026-07-13T15:42:01.932521,2026-07-13 11:42:01,SHORT,29660.0,360.0,True,15.03,True
716,NQ,Mon,11:30,Out-of-Sample,2026-07-13T15:42:01.932521,2026-07-13 11:42:01,SHORT,29660.0,720.0,True,15.03,True
716,NQ,Mon,11:30,Out-of-Sample,2026-07-13T15:42:01.932521,2026-07-13 11:42:01,SHORT,29660.0,605.0,True,15.03,True
716,NQ,Mon,11:30,Out-of-Sample,2026-07-13T15:42:31.846789,2026-07-13 11:42:31,LONG,29674.75,-510.0,True,15.03,True
716,NQ,Mon,11:30,Out-of-Sample,2026-07-13T15:44:51.758547,2026-07-13 11:44:51,SHORT,29651.0,340.0,True,15.03,True
716,NQ,Mon,11:30,Out-of-Sample,2026-07-13T15:44:51.758547,2026-07-13 11:44:51,SHORT,29651.0,310.0,True,15.03,True
716,NQ,Mon,11:30,Out-of-Sample,2026-07-13T15:44:52.219608,2026-07-13 11:44:52,SHORT,29649.75,-465.0,True,15.03,True
716,NQ,Mon,11:30,Out-of-Sample,2026-07-13T15:45:04.747839,2026-07-13 11:45:04,LONG,29656.5,-450.0,True,15.03,True
716,NQ,Mon,11:30,Out-of-Sample,2026-07-13T15:45:08.911769,2026-07-13 11:45:08,SHORT,29646.0,505.0,True,15.03,True
716,NQ,Mon,11:30,Out-of-Sample,2026-07-13T15:45:08.911769,2026-07-13 11:45:08,SHORT,29646.0,1135.0,True,15.03,True
716,NQ,Mon,11:30,Out-of-Sample,2026-07-13T15:45:08.911769,2026-07-13 11:45:08,SHORT,29646.0,1020.0,True,15.03,True
716,NQ,Mon,11:30,Out-of-Sample,2026-07-13T15:45:09.106252,2026-07-13 11:45:09,SHORT,29646.25,125.0,True,15.03,True
716,NQ,Mon,11:30,Out-of-Sample,2026-07-13T15:45:09.106252,2026-07-13 11:45:09,SHORT,29646.25,10.0,True,15.03,True
716,NQ,Mon,11:30,Out-of-Sample,2026-07-13T15:45:16.247539,2026-07-13 11:45:16,SHORT,29643.0,-120.0,True,15.03,True
716,NQ,Mon,11:30,Out-of-Sample,2026-07-13T15:45:18.412138,2026-07-13 11:45:18,SHORT,29638.75,50.0,True,15.03,True
716,NQ,Mon,11:30,Out-of-Sample,2026-07-13T15:45:18.412138,2026-07-13 11:45:18,SHORT,29638.75,100.0,True,15.03,True
716,NQ,Mon,11:30,Out-of-Sample,2026-07-13T15:45:18.412138,2026-07-13 11:45:18,SHORT,29638.75,-90.0,True,15.03,True
716,NQ,Mon,11:30,Out-of-Sample,2026-07-13T15:46:09.376869,2026-07-13 11:46:09,SHORT,29633.75,-450.0,True,15.03,True
716,NQ,Mon,11:30,Out-of-Sample,2026-07-13T15:46:42.296104,2026-07-13 11:46:42,LONG,29637.75,100.0,True,15.03,True
716,NQ,Mon,11:30,Out-of-Sample,2026-07-13T15:46:42.296104,2026-07-13 11:46:42,LONG,29637.75,200.0,True,15.03,True
716,NQ,Mon,11:30,Out-of-Sample,2026-07-13T15:46:42.296104,2026-07-13 11:46:42,LONG,29637.75,5.0,True,15.03,True
716,NQ,Mon,11:30,Out-of-Sample,2026-07-13T15:49:01.238882,2026-07-13 11:49:01,SHORT,29620.25,-330.0,True,15.03,True
716,NQ,Mon,11:30,Out-of-Sample,2026-07-13T15:49:12.242999,2026-07-13 11:49:12,LONG,29630.0,100.0,True,15.03,True
716,NQ,Mon,11:30,Out-of-Sample,2026-07-13T15:49:12.242999,2026-07-13 11:49:12,LONG,29630.0,-310.0,True,15.03,True
716,NQ,Mon,11:30,Out-of-Sample,2026-07-13T15:50:11.374857,2026-07-13 11:50:11,SHORT,29630.5,15.0,True,15.03,True
716,NQ,Mon,11:30,Out-of-Sample,2026-07-13T15:51:04.754323,2026-07-13 11:51:04,SHORT,29619.0,50.0,True,15.03,True
716,NQ,Mon,11:30,Out-of-Sample,2026-07-13T15:51:04.754323,2026-07-13 11:51:04,SHORT,29619.0,100.0,True,15.03,True
716,NQ,Mon,11:30,Out-of-Sample,2026-07-13T15:51:04.754323,2026-07-13 11:51:04,SHORT,29619.0,235.0,True,15.03,True
716,NQ,Mon,11:30,Out-of-Sample,2026-07-13T15:51:04.859731,2026-07-13 11:51:04,SHORT,29620.0,320.0,True,15.03,True
716,NQ,Mon,11:30,Out-of-Sample,2026-07-13T15:51:04.859731,2026-07-13 11:51:04,SHORT,29620.0,0.0,True,15.03,True
716,NQ,Mon,11:30,Out-of-Sample,2026-07-13T15:51:04.860253,2026-07-13 11:51:04,SHORT,29620.0,130.0,True,15.03,True
716,NQ,Mon,11:30,Out-of-Sample,2026-07-13T15:51:04.860253,2026-07-13 11:51:04,SHORT,29620.0,0.0,True,15.03,True
716,NQ,Mon,11:30,Out-of-Sample,2026-07-13T15:51:43.407121,2026-07-13 11:51:43,SHORT,29609.25,-1185.0,True,15.03,True
716,NQ,Mon,11:30,Out-of-Sample,2026-07-13T15:51:43.490932,2026-07-13 11:51:43,SHORT,29610.0,-15.0,True,15.03,True
716,NQ,Mon,11:30,Out-of-Sample,2026-07-13T15:51:43.492106,2026-07-13 11:51:43,SHORT,29609.75,-1155.0,True,15.03,True
716,NQ,Mon,11:30,Out-of-Sample,2026-07-13T15:51:47.611890,2026-07-13 11:51:47,SHORT,29601.75,-510.0,True,15.03,True
716,NQ,Mon,11:30,Out-of-Sample,2026-07-13T15:51:50.811522,2026-07-13 11:51:50,LONG,29605.25,-330.0,True,15.03,True
716,NQ,Mon,11:30,Out-of-Sample,2026-07-13T15:52:44.759392,2026-07-13 11:52:44,LONG,29618.5,-1140.0,True,15.03,True
716,NQ,Mon,11:30,Out-of-Sample,2026-07-13T15:52:44.943469,2026-07-13 11:52:44,LONG,29617.75,-1095.0,True,15.03,True
716,NQ,Mon,11:30,Out-of-Sample,2026-07-13T15:52:59.478528,2026-07-13 11:52:59,LONG,29621.75,75.0,True,15.03,True
716,NQ,Mon,11:30,Out-of-Sample,2026-07-13T15:52:59.478528,2026-07-13 11:52:59,LONG,29621.75,10.0,True,15.03,True
716,NQ,Mon,11:30,Out-of-Sample,2026-07-13T15:53:55.157799,2026-07-13 11:53:55,LONG,29630.25,75.0,True,15.03,True
716,NQ,Mon,11:30,Out-of-Sample,2026-07-13T15:53:55.157799,2026-07-13 11:53:55,LONG,29630.25,-110.0,True,15.03,True
716,NQ,Mon,11:30,Out-of-Sample,2026-07-13T15:56:34.966608,2026-07-13 11:56:34,SHORT,29607.75,320.0,True,15.03,True
716,NQ,Mon,11:30,Out-of-Sample,2026-07-13T15:56:34.966608,2026-07-13 11:56:34,SHORT,29607.75,-10.0,True,15.03,True
716,NQ,Mon,11:30,Out-of-Sample,2026-07-13T15:56:34.967226,2026-07-13 11:56:34,SHORT,29607.0,30.0,True,15.03,True
716,NQ,Mon,11:30,Out-of-Sample,2026-07-13T15:56:35.133553,2026-07-13 11:56:35,SHORT,29606.5,320.0,True,15.03,True
716,NQ,Mon,11:30,Out-of-Sample,2026-07-13T15:56:35.133553,2026-07-13 11:56:35,SHORT,29606.5,-1100.0,True,15.03,True
716,NQ,Mon,11:30,Out-of-Sample,2026-07-13T15:56:39.824091,2026-07-13 11:56:39,SHORT,29603.0,60.0,True,15.03,True
716,NQ,Mon,11:30,Out-of-Sample,2026-07-13T15:56:39.824091,2026-07-13 11:56:39,SHORT,29603.0,100.0,True,15.03,True
716,NQ,Mon,11:30,Out-of-Sample,2026-07-13T15:56:39.824091,2026-07-13 11:56:39,SHORT,29603.0,-70.0,True,15.03,True
716,NQ,Mon,11:30,Out-of-Sample,2026-07-13T15:57:04.840920,2026-07-13 11:57:04,SHORT,29601.0,290.0,True,15.03,True
716,NQ,Mon,11:30,Out-of-Sample,2026-07-13T15:57:04.840920,2026-07-13 11:57:04,SHORT,29601.0,10.0,True,15.03,True
716,NQ,Mon,11:30,Out-of-Sample,2026-07-13T15:57:36.354848,2026-07-13 11:57:36,LONG,29609.5,100.0,True,15.03,True
716,NQ,Mon,11:30,Out-of-Sample,2026-07-13T15:57:36.354848,2026-07-13 11:57:36,LONG,29609.5,-350.0,True,15.03,True
