slot_id,symbol,day_name,bucket_label,period,entry_time,entry_time_et,side,entry_price,profit_loss,macro_blackout_pass,prior_day_vix,vix_pass_under_20
863,NQ,Thu,14:00,In-Sample,2024-01-25T19:00:39.000001,2024-01-25 14:00:39,LONG,17574.25,-370.0,True,13.14,True
863,NQ,Thu,14:00,In-Sample,2024-01-25T19:00:53,2024-01-25 14:00:53,LONG,17570.5,-110.0,True,13.14,True
863,NQ,Thu,14:00,In-Sample,2024-01-25T19:01:14,2024-01-25 14:01:14,SHORT,17560.75,-310.0,True,13.14,True
863,NQ,Thu,14:00,In-Sample,2024-01-25T19:01:14,2024-01-25 14:01:14,SHORT,17559.25,-80.0,True,13.14,True
863,NQ,Thu,14:00,In-Sample,2024-01-25T19:01:14,2024-01-25 14:01:14,SHORT,17559.25,-80.0,True,13.14,True
863,NQ,Thu,14:00,In-Sample,2024-01-25T19:01:48,2024-01-25 14:01:48,SHORT,17563.75,-95.0,True,13.14,True
863,NQ,Thu,14:00,In-Sample,2024-01-25T19:07:14,2024-01-25 14:07:14,SHORT,17560.0,100.0,True,13.14,True
863,NQ,Thu,14:00,In-Sample,2024-01-25T19:07:14,2024-01-25 14:07:14,SHORT,17560.0,0.0,True,13.14,True
863,NQ,Thu,14:00,In-Sample,2024-01-25T19:07:14,2024-01-25 14:07:14,SHORT,17560.0,100.0,True,13.14,True
863,NQ,Thu,14:00,In-Sample,2024-01-25T19:07:14,2024-01-25 14:07:14,SHORT,17560.0,-55.0,True,13.14,True
863,NQ,Thu,14:00,In-Sample,2024-01-25T19:07:14,2024-01-25 14:07:14,SHORT,17559.75,100.0,True,13.14,True
863,NQ,Thu,14:00,In-Sample,2024-01-25T19:07:14,2024-01-25 14:07:14,SHORT,17559.75,10.0,True,13.14,True
863,NQ,Thu,14:00,In-Sample,2024-01-25T19:10:15,2024-01-25 14:10:15,LONG,17554.25,100.0,True,13.14,True
863,NQ,Thu,14:00,In-Sample,2024-01-25T19:10:15,2024-01-25 14:10:15,LONG,17554.25,280.0,True,13.14,True
863,NQ,Thu,14:00,In-Sample,2024-01-25T19:14:03,2024-01-25 14:14:03,SHORT,17568.0,100.0,True,13.14,True
863,NQ,Thu,14:00,In-Sample,2024-01-25T19:14:03,2024-01-25 14:14:03,SHORT,17568.0,-50.0,True,13.14,True
863,NQ,Thu,14:00,In-Sample,2024-01-25T19:14:10,2024-01-25 14:14:10,SHORT,17565.25,200.0,True,13.14,True
863,NQ,Thu,14:00,In-Sample,2024-01-25T19:14:10,2024-01-25 14:14:10,SHORT,17565.0,200.0,True,13.14,True
863,NQ,Thu,14:00,In-Sample,2024-01-25T19:14:10,2024-01-25 14:14:10,SHORT,17565.0,200.0,True,13.14,True
863,NQ,Thu,14:00,In-Sample,2024-01-25T19:14:39,2024-01-25 14:14:39,SHORT,17567.25,45.0,True,13.14,True
863,NQ,Thu,14:00,In-Sample,2024-01-25T19:14:39,2024-01-25 14:14:39,SHORT,17567.25,-70.0,True,13.14,True
863,NQ,Thu,14:00,In-Sample,2024-01-25T19:14:39,2024-01-25 14:14:39,SHORT,17567.25,50.0,True,13.14,True
863,NQ,Thu,14:00,In-Sample,2024-01-25T19:17:22,2024-01-25 14:17:22,SHORT,17557.5,-360.0,True,13.14,True
863,NQ,Thu,14:00,In-Sample,2024-01-25T19:17:25,2024-01-25 14:17:25,SHORT,17560.75,-115.0,True,13.14,True
863,NQ,Thu,14:00,In-Sample,2024-01-25T19:19:28,2024-01-25 14:19:28,LONG,17570.75,-10.0,True,13.14,True
863,NQ,Thu,14:00,In-Sample,2024-01-25T19:19:28,2024-01-25 14:19:28,LONG,17570.75,-20.0,True,13.14,True
863,NQ,Thu,14:00,In-Sample,2024-01-25T19:19:28.000001,2024-01-25 14:19:28,LONG,17570.75,100.0,True,13.14,True
863,NQ,Thu,14:00,In-Sample,2024-01-25T19:19:28.000001,2024-01-25 14:19:28,LONG,17570.75,-105.0,True,13.14,True
863,NQ,Thu,14:00,In-Sample,2024-01-25T19:19:29,2024-01-25 14:19:29,LONG,17571.0,-20.0,True,13.14,True
863,NQ,Thu,14:00,In-Sample,2024-01-25T19:19:29,2024-01-25 14:19:29,LONG,17571.0,-30.0,True,13.14,True
863,NQ,Thu,14:00,In-Sample,2024-01-25T19:19:29.000001,2024-01-25 14:19:29,LONG,17571.0,-10.0,True,13.14,True
863,NQ,Thu,14:00,In-Sample,2024-01-25T19:19:29.000001,2024-01-25 14:19:29,LONG,17571.0,-15.0,True,13.14,True
863,NQ,Thu,14:00,In-Sample,2024-01-25T19:22:20,2024-01-25 14:22:20,SHORT,17579.25,0.0,True,13.14,True
863,NQ,Thu,14:00,In-Sample,2024-01-25T19:22:20,2024-01-25 14:22:20,SHORT,17579.25,15.0,True,13.14,True
863,NQ,Thu,14:00,In-Sample,2024-01-25T19:22:20,2024-01-25 14:22:20,SHORT,17579.25,10.0,True,13.14,True
863,NQ,Thu,14:00,In-Sample,2024-01-25T19:22:20,2024-01-25 14:22:20,SHORT,17579.25,0.0,True,13.14,True
863,NQ,Thu,14:00,In-Sample,2024-01-25T19:27:25,2024-01-25 14:27:25,LONG,17568.0,20.0,True,13.14,True
863,NQ,Thu,14:00,In-Sample,2024-01-25T19:27:25.000001,2024-01-25 14:27:25,LONG,17569.0,-20.0,True,13.14,True
863,NQ,Thu,14:00,In-Sample,2024-01-25T19:27:25.000002,2024-01-25 14:27:25,LONG,17569.0,-10.0,True,13.14,True
863,NQ,Thu,14:00,In-Sample,2024-02-01T19:11:30,2024-02-01 14:11:30,LONG,17390.75,-110.0,True,14.35,True
863,NQ,Thu,14:00,In-Sample,2024-02-01T19:12:26,2024-02-01 14:12:26,LONG,17384.5,-115.0,True,14.35,True
863,NQ,Thu,14:00,In-Sample,2024-02-01T19:27:46,2024-02-01 14:27:46,LONG,17390.25,155.0,True,14.35,True
863,NQ,Thu,14:00,In-Sample,2024-02-08T19:08:23,2024-02-08 14:08:23,LONG,17852.25,-35.0,True,12.83,True
863,NQ,Thu,14:00,In-Sample,2024-02-08T19:08:23,2024-02-08 14:08:23,LONG,17852.25,-35.0,True,12.83,True
863,NQ,Thu,14:00,In-Sample,2024-02-08T19:10:39,2024-02-08 14:10:39,SHORT,17850.5,-30.0,True,12.83,True
863,NQ,Thu,14:00,In-Sample,2024-02-08T19:10:39,2024-02-08 14:10:39,SHORT,17850.5,-30.0,True,12.83,True
863,NQ,Thu,14:00,In-Sample,2024-02-08T19:10:39,2024-02-08 14:10:39,LONG,17850.75,100.0,True,12.83,True
863,NQ,Thu,14:00,In-Sample,2024-02-08T19:10:39,2024-02-08 14:10:39,LONG,17850.75,-15.0,True,12.83,True
863,NQ,Thu,14:00,In-Sample,2024-02-08T19:10:39,2024-02-08 14:10:39,LONG,17851.0,100.0,True,12.83,True
863,NQ,Thu,14:00,In-Sample,2024-02-08T19:10:39,2024-02-08 14:10:39,LONG,17851.0,-20.0,True,12.83,True
863,NQ,Thu,14:00,In-Sample,2024-02-08T19:12:38.000001,2024-02-08 14:12:38,SHORT,17850.0,-340.0,True,12.83,True
863,NQ,Thu,14:00,In-Sample,2024-02-08T19:12:38.000001,2024-02-08 14:12:38,SHORT,17850.0,-340.0,True,12.83,True
863,NQ,Thu,14:00,In-Sample,2024-02-08T19:13:42,2024-02-08 14:13:42,SHORT,17852.5,-120.0,True,12.83,True
863,NQ,Thu,14:00,In-Sample,2024-02-08T19:13:42,2024-02-08 14:13:42,SHORT,17852.5,-120.0,True,12.83,True
863,NQ,Thu,14:00,In-Sample,2024-02-15T19:01:04,2024-02-15 14:01:04,SHORT,17900.5,-840.0,True,14.38,True
863,NQ,Thu,14:00,In-Sample,2024-02-15T19:03:31,2024-02-15 14:03:31,LONG,17910.5,100.0,True,14.38,True
863,NQ,Thu,14:00,In-Sample,2024-02-15T19:03:31,2024-02-15 14:03:31,LONG,17910.5,5.0,True,14.38,True
863,NQ,Thu,14:00,In-Sample,2024-02-15T19:04:31,2024-02-15 14:04:31,SHORT,17911.25,115.0,True,14.38,True
863,NQ,Thu,14:00,In-Sample,2024-02-15T19:04:31,2024-02-15 14:04:31,SHORT,17911.25,-230.0,True,14.38,True
863,NQ,Thu,14:00,In-Sample,2024-02-15T19:09:54,2024-02-15 14:09:54,SHORT,17914.0,100.0,True,14.38,True
863,NQ,Thu,14:00,In-Sample,2024-02-15T19:09:54,2024-02-15 14:09:54,SHORT,17914.0,500.0,True,14.38,True
863,NQ,Thu,14:00,In-Sample,2024-02-15T19:12:42,2024-02-15 14:12:42,LONG,17886.25,-15.0,True,14.38,True
863,NQ,Thu,14:00,In-Sample,2024-02-15T19:14:48,2024-02-15 14:14:48,LONG,17897.0,125.0,True,14.38,True
863,NQ,Thu,14:00,In-Sample,2024-02-15T19:14:48,2024-02-15 14:14:48,LONG,17897.0,250.0,True,14.38,True
863,NQ,Thu,14:00,In-Sample,2024-02-15T19:14:48,2024-02-15 14:14:48,LONG,17897.0,190.0,True,14.38,True
863,NQ,Thu,14:00,In-Sample,2024-02-15T19:14:49,2024-02-15 14:14:49,LONG,17896.75,200.0,True,14.38,True
863,NQ,Thu,14:00,In-Sample,2024-02-15T19:15:01,2024-02-15 14:15:01,LONG,17894.75,-55.0,True,14.38,True
863,NQ,Thu,14:00,In-Sample,2024-02-15T19:15:01,2024-02-15 14:15:01,LONG,17894.75,85.0,True,14.38,True
863,NQ,Thu,14:00,In-Sample,2024-02-15T19:19:05,2024-02-15 14:19:05,LONG,17904.75,110.0,True,14.38,True
863,NQ,Thu,14:00,In-Sample,2024-02-15T19:19:05,2024-02-15 14:19:05,LONG,17904.75,-300.0,True,14.38,True
863,NQ,Thu,14:00,In-Sample,2024-02-15T19:23:49,2024-02-15 14:23:49,SHORT,17910.75,-30.0,True,14.38,True
863,NQ,Thu,14:00,In-Sample,2024-02-22T19:00:00.000001,2024-02-22 14:00:00,SHORT,18052.75,-10.0,True,15.34,True
863,NQ,Thu,14:00,In-Sample,2024-02-22T19:00:00.000003,2024-02-22 14:00:00,SHORT,18052.75,-20.0,True,15.34,True
863,NQ,Thu,14:00,In-Sample,2024-02-22T19:00:00.000005,2024-02-22 14:00:00,SHORT,18052.75,0.0,True,15.34,True
863,NQ,Thu,14:00,In-Sample,2024-02-22T19:00:01.000001,2024-02-22 14:00:01,SHORT,18052.5,-10.0,True,15.34,True
863,NQ,Thu,14:00,In-Sample,2024-02-22T19:00:02.000001,2024-02-22 14:00:02,SHORT,18052.25,20.0,True,15.34,True
863,NQ,Thu,14:00,In-Sample,2024-02-22T19:00:02.000003,2024-02-22 14:00:02,SHORT,18051.25,-10.0,True,15.34,True
863,NQ,Thu,14:00,In-Sample,2024-02-22T19:00:03.000001,2024-02-22 14:00:03,SHORT,18051.25,-30.0,True,15.34,True
863,NQ,Thu,14:00,In-Sample,2024-02-22T19:00:03.000003,2024-02-22 14:00:03,SHORT,18051.5,-40.0,True,15.34,True
863,NQ,Thu,14:00,In-Sample,2024-02-22T19:00:04.000001,2024-02-22 14:00:04,SHORT,18052.0,-30.0,True,15.34,True
863,NQ,Thu,14:00,In-Sample,2024-02-22T19:00:04.000003,2024-02-22 14:00:04,SHORT,18052.25,-10.0,True,15.34,True
863,NQ,Thu,14:00,In-Sample,2024-02-22T19:00:05.000001,2024-02-22 14:00:05,SHORT,18052.0,-10.0,True,15.34,True
863,NQ,Thu,14:00,In-Sample,2024-02-22T19:00:05.000003,2024-02-22 14:00:05,SHORT,18052.0,10.0,True,15.34,True
863,NQ,Thu,14:00,In-Sample,2024-02-22T19:00:05.000005,2024-02-22 14:00:05,SHORT,18051.5,-20.0,True,15.34,True
863,NQ,Thu,14:00,In-Sample,2024-02-22T19:00:06.000001,2024-02-22 14:00:06,SHORT,18051.5,-10.0,True,15.34,True
863,NQ,Thu,14:00,In-Sample,2024-02-22T19:00:06.000003,2024-02-22 14:00:06,SHORT,18051.5,-10.0,True,15.34,True
863,NQ,Thu,14:00,In-Sample,2024-02-22T19:00:07.000001,2024-02-22 14:00:07,SHORT,18051.25,-10.0,True,15.34,True
863,NQ,Thu,14:00,In-Sample,2024-02-22T19:00:07.000003,2024-02-22 14:00:07,SHORT,18051.25,-10.0,True,15.34,True
863,NQ,Thu,14:00,In-Sample,2024-02-22T19:00:08.000001,2024-02-22 14:00:08,SHORT,18051.0,-20.0,True,15.34,True
863,NQ,Thu,14:00,In-Sample,2024-02-22T19:00:08.000003,2024-02-22 14:00:08,SHORT,18051.25,0.0,True,15.34,True
863,NQ,Thu,14:00,In-Sample,2024-02-22T19:00:09.000001,2024-02-22 14:00:09,SHORT,18050.75,-80.0,True,15.34,True
863,NQ,Thu,14:00,In-Sample,2024-02-22T19:00:10.000001,2024-02-22 14:00:10,SHORT,18052.5,-20.0,True,15.34,True
863,NQ,Thu,14:00,In-Sample,2024-02-22T19:00:10.000003,2024-02-22 14:00:10,SHORT,18052.5,-10.0,True,15.34,True
863,NQ,Thu,14:00,In-Sample,2024-02-22T19:00:10.000005,2024-02-22 14:00:10,SHORT,18052.25,-10.0,True,15.34,True
863,NQ,Thu,14:00,In-Sample,2024-02-22T19:00:11.000001,2024-02-22 14:00:11,SHORT,18052.0,-20.0,True,15.34,True
863,NQ,Thu,14:00,In-Sample,2024-02-22T19:00:11.000003,2024-02-22 14:00:11,SHORT,18052.0,-30.0,True,15.34,True
863,NQ,Thu,14:00,In-Sample,2024-02-22T19:00:12.000001,2024-02-22 14:00:12,SHORT,18052.25,-20.0,True,15.34,True
863,NQ,Thu,14:00,In-Sample,2024-02-22T19:00:13.000001,2024-02-22 14:00:13,SHORT,18052.5,0.0,True,15.34,True
863,NQ,Thu,14:00,In-Sample,2024-02-22T19:00:13.000003,2024-02-22 14:00:13,SHORT,18052.0,-10.0,True,15.34,True
863,NQ,Thu,14:00,In-Sample,2024-02-22T19:00:14.000001,2024-02-22 14:00:14,SHORT,18051.75,-20.0,True,15.34,True
863,NQ,Thu,14:00,In-Sample,2024-02-22T19:00:14.000003,2024-02-22 14:00:14,SHORT,18051.75,-10.0,True,15.34,True
863,NQ,Thu,14:00,In-Sample,2024-02-22T19:00:14.000005,2024-02-22 14:00:14,SHORT,18051.75,-10.0,True,15.34,True
863,NQ,Thu,14:00,In-Sample,2024-02-22T19:00:14.000007,2024-02-22 14:00:14,SHORT,18051.75,-20.0,True,15.34,True
863,NQ,Thu,14:00,In-Sample,2024-02-22T19:00:16.000001,2024-02-22 14:00:16,SHORT,18051.75,-20.0,True,15.34,True
863,NQ,Thu,14:00,In-Sample,2024-02-22T19:00:16.000003,2024-02-22 14:00:16,SHORT,18051.75,-20.0,True,15.34,True
863,NQ,Thu,14:00,In-Sample,2024-02-22T19:00:16.000005,2024-02-22 14:00:16,SHORT,18051.75,-10.0,True,15.34,True
863,NQ,Thu,14:00,In-Sample,2024-02-22T19:00:16.000007,2024-02-22 14:00:16,SHORT,18051.75,-10.0,True,15.34,True
863,NQ,Thu,14:00,In-Sample,2024-02-22T19:00:17.000001,2024-02-22 14:00:17,SHORT,18051.5,-10.0,True,15.34,True
863,NQ,Thu,14:00,In-Sample,2024-02-22T19:00:18.000001,2024-02-22 14:00:18,SHORT,18051.5,-10.0,True,15.34,True
863,NQ,Thu,14:00,In-Sample,2024-02-22T19:00:19.000001,2024-02-22 14:00:19,SHORT,18051.5,-10.0,True,15.34,True
863,NQ,Thu,14:00,In-Sample,2024-02-22T19:00:19.000003,2024-02-22 14:00:19,SHORT,18051.25,-20.0,True,15.34,True
863,NQ,Thu,14:00,In-Sample,2024-02-22T19:00:19.000005,2024-02-22 14:00:19,SHORT,18051.25,10.0,True,15.34,True
863,NQ,Thu,14:00,In-Sample,2024-02-22T19:00:20.000001,2024-02-22 14:00:20,SHORT,18050.5,-10.0,True,15.34,True
863,NQ,Thu,14:00,In-Sample,2024-02-22T19:00:21.000001,2024-02-22 14:00:21,SHORT,18050.5,20.0,True,15.34,True
863,NQ,Thu,14:00,In-Sample,2024-02-22T19:00:21.000003,2024-02-22 14:00:21,SHORT,18049.5,-10.0,True,15.34,True
863,NQ,Thu,14:00,In-Sample,2024-02-22T19:00:22.000001,2024-02-22 14:00:22,SHORT,18049.25,-40.0,True,15.34,True
863,NQ,Thu,14:00,In-Sample,2024-02-22T19:00:22.000003,2024-02-22 14:00:22,SHORT,18049.75,-10.0,True,15.34,True
863,NQ,Thu,14:00,In-Sample,2024-02-22T19:00:22.000005,2024-02-22 14:00:22,SHORT,18049.75,-40.0,True,15.34,True
863,NQ,Thu,14:00,In-Sample,2024-02-22T19:00:23.000001,2024-02-22 14:00:23,SHORT,18050.25,-20.0,True,15.34,True
863,NQ,Thu,14:00,In-Sample,2024-02-22T19:00:24.000001,2024-02-22 14:00:24,SHORT,18050.5,-10.0,True,15.34,True
863,NQ,Thu,14:00,In-Sample,2024-02-22T19:00:24.000003,2024-02-22 14:00:24,SHORT,18050.5,-10.0,True,15.34,True
863,NQ,Thu,14:00,In-Sample,2024-02-22T19:00:24.000005,2024-02-22 14:00:24,SHORT,18050.5,-10.0,True,15.34,True
863,NQ,Thu,14:00,In-Sample,2024-02-22T19:00:25.000001,2024-02-22 14:00:25,SHORT,18050.5,0.0,True,15.34,True
863,NQ,Thu,14:00,In-Sample,2024-02-22T19:00:25.000003,2024-02-22 14:00:25,SHORT,18050.0,-10.0,True,15.34,True
863,NQ,Thu,14:00,In-Sample,2024-02-22T19:00:26.000001,2024-02-22 14:00:26,SHORT,18049.75,-20.0,True,15.34,True
863,NQ,Thu,14:00,In-Sample,2024-02-22T19:00:27.000001,2024-02-22 14:00:27,SHORT,18049.75,-20.0,True,15.34,True
863,NQ,Thu,14:00,In-Sample,2024-02-22T19:00:27.000003,2024-02-22 14:00:27,SHORT,18050.0,-10.0,True,15.34,True
863,NQ,Thu,14:00,In-Sample,2024-02-22T19:00:27.000005,2024-02-22 14:00:27,SHORT,18050.0,-80.0,True,15.34,True
863,NQ,Thu,14:00,In-Sample,2024-02-22T19:00:28.000001,2024-02-22 14:00:28,SHORT,18051.5,-30.0,True,15.34,True
863,NQ,Thu,14:00,In-Sample,2024-02-22T19:00:28.000003,2024-02-22 14:00:28,SHORT,18051.75,0.0,True,15.34,True
863,NQ,Thu,14:00,In-Sample,2024-02-22T19:00:29.000001,2024-02-22 14:00:29,SHORT,18051.25,-20.0,True,15.34,True
863,NQ,Thu,14:00,In-Sample,2024-02-22T19:00:29.000003,2024-02-22 14:00:29,SHORT,18051.5,-10.0,True,15.34,True
863,NQ,Thu,14:00,In-Sample,2024-02-22T19:00:30.000001,2024-02-22 14:00:30,SHORT,18051.5,-10.0,True,15.34,True
863,NQ,Thu,14:00,In-Sample,2024-02-22T19:00:30.000003,2024-02-22 14:00:30,SHORT,18051.25,-10.0,True,15.34,True
863,NQ,Thu,14:00,In-Sample,2024-02-22T19:00:30.000005,2024-02-22 14:00:30,SHORT,18051.0,-30.0,True,15.34,True
863,NQ,Thu,14:00,In-Sample,2024-02-22T19:00:32.000001,2024-02-22 14:00:32,SHORT,18051.25,-20.0,True,15.34,True
863,NQ,Thu,14:00,In-Sample,2024-02-22T19:00:32.000003,2024-02-22 14:00:32,SHORT,18051.25,-10.0,True,15.34,True
863,NQ,Thu,14:00,In-Sample,2024-02-22T19:00:32.000005,2024-02-22 14:00:32,SHORT,18051.0,0.0,True,15.34,True
863,NQ,Thu,14:00,In-Sample,2024-02-22T19:00:33.000001,2024-02-22 14:00:33,SHORT,18050.75,-40.0,True,15.34,True
863,NQ,Thu,14:00,In-Sample,2024-02-22T19:00:34.000001,2024-02-22 14:00:34,SHORT,18051.25,-20.0,True,15.34,True
863,NQ,Thu,14:00,In-Sample,2024-02-22T19:00:34.000003,2024-02-22 14:00:34,SHORT,18051.25,-20.0,True,15.34,True
863,NQ,Thu,14:00,In-Sample,2024-02-22T19:00:34.000005,2024-02-22 14:00:34,SHORT,18051.25,-20.0,True,15.34,True
863,NQ,Thu,14:00,In-Sample,2024-02-22T19:00:35.000001,2024-02-22 14:00:35,SHORT,18051.25,10.0,True,15.34,True
863,NQ,Thu,14:00,In-Sample,2024-02-22T19:00:35.000003,2024-02-22 14:00:35,SHORT,18050.75,-30.0,True,15.34,True
863,NQ,Thu,14:00,In-Sample,2024-02-22T19:00:36.000001,2024-02-22 14:00:36,SHORT,18051.25,-10.0,True,15.34,True
863,NQ,Thu,14:00,In-Sample,2024-02-22T19:00:36.000003,2024-02-22 14:00:36,SHORT,18051.0,-60.0,True,15.34,True
863,NQ,Thu,14:00,In-Sample,2024-02-22T19:00:37.000001,2024-02-22 14:00:37,SHORT,18052.0,-30.0,True,15.34,True
863,NQ,Thu,14:00,In-Sample,2024-02-22T19:00:38.000001,2024-02-22 14:00:38,SHORT,18052.5,-10.0,True,15.34,True
863,NQ,Thu,14:00,In-Sample,2024-02-22T19:00:38.000002,2024-02-22 14:00:38,SHORT,18052.5,-10.0,True,15.34,True
863,NQ,Thu,14:00,In-Sample,2024-02-22T19:00:38.000004,2024-02-22 14:00:38,SHORT,18052.5,-20.0,True,15.34,True
863,NQ,Thu,14:00,In-Sample,2024-02-22T19:00:38.000006,2024-02-22 14:00:38,SHORT,18052.5,-30.0,True,15.34,True
863,NQ,Thu,14:00,In-Sample,2024-02-22T19:00:39.000001,2024-02-22 14:00:39,SHORT,18053.0,-20.0,True,15.34,True
863,NQ,Thu,14:00,In-Sample,2024-02-22T19:00:39.000003,2024-02-22 14:00:39,SHORT,18053.0,30.0,True,15.34,True
863,NQ,Thu,14:00,In-Sample,2024-02-22T19:00:40.000001,2024-02-22 14:00:40,SHORT,18051.75,-60.0,True,15.34,True
863,NQ,Thu,14:00,In-Sample,2024-02-22T19:00:40.000003,2024-02-22 14:00:40,SHORT,18052.75,-20.0,True,15.34,True
863,NQ,Thu,14:00,In-Sample,2024-02-22T19:00:40.000005,2024-02-22 14:00:40,SHORT,18052.75,-20.0,True,15.34,True
863,NQ,Thu,14:00,In-Sample,2024-02-22T19:00:41.000001,2024-02-22 14:00:41,SHORT,18053.0,-20.0,True,15.34,True
863,NQ,Thu,14:00,In-Sample,2024-02-22T19:00:42.000001,2024-02-22 14:00:42,SHORT,18053.0,-10.0,True,15.34,True
863,NQ,Thu,14:00,In-Sample,2024-02-22T19:00:42.000003,2024-02-22 14:00:42,SHORT,18053.0,-20.0,True,15.34,True
863,NQ,Thu,14:00,In-Sample,2024-02-22T19:00:43.000001,2024-02-22 14:00:43,SHORT,18053.0,-20.0,True,15.34,True
863,NQ,Thu,14:00,In-Sample,2024-02-22T19:00:43.000003,2024-02-22 14:00:43,SHORT,18053.0,-20.0,True,15.34,True
863,NQ,Thu,14:00,In-Sample,2024-02-22T19:00:43.000005,2024-02-22 14:00:43,SHORT,18053.0,-60.0,True,15.34,True
863,NQ,Thu,14:00,In-Sample,2024-02-22T19:00:45.000001,2024-02-22 14:00:45,SHORT,18054.25,-40.0,True,15.34,True
863,NQ,Thu,14:00,In-Sample,2024-02-22T19:00:45.000003,2024-02-22 14:00:45,SHORT,18055.0,0.0,True,15.34,True
863,NQ,Thu,14:00,In-Sample,2024-02-22T19:00:45.000004,2024-02-22 14:00:45,SHORT,18055.0,0.0,True,15.34,True
863,NQ,Thu,14:00,In-Sample,2024-02-22T19:00:46.000001,2024-02-22 14:00:46,SHORT,18054.5,-10.0,True,15.34,True
863,NQ,Thu,14:00,In-Sample,2024-02-22T19:00:46.000003,2024-02-22 14:00:46,SHORT,18054.25,-20.0,True,15.34,True
863,NQ,Thu,14:00,In-Sample,2024-02-22T19:00:46.000005,2024-02-22 14:00:46,SHORT,18054.25,-10.0,True,15.34,True
863,NQ,Thu,14:00,In-Sample,2024-02-22T19:00:47.000001,2024-02-22 14:00:47,SHORT,18054.0,-10.0,True,15.34,True
863,NQ,Thu,14:00,In-Sample,2024-02-22T19:00:47.000003,2024-02-22 14:00:47,SHORT,18053.75,-20.0,True,15.34,True
863,NQ,Thu,14:00,In-Sample,2024-02-22T19:00:48.000001,2024-02-22 14:00:48,SHORT,18054.0,0.0,True,15.34,True
863,NQ,Thu,14:00,In-Sample,2024-02-22T19:00:49.000001,2024-02-22 14:00:49,SHORT,18053.5,-20.0,True,15.34,True
863,NQ,Thu,14:00,In-Sample,2024-02-22T19:00:49.000003,2024-02-22 14:00:49,SHORT,18053.5,-20.0,True,15.34,True
863,NQ,Thu,14:00,In-Sample,2024-02-22T19:00:49.000005,2024-02-22 14:00:49,SHORT,18053.5,-20.0,True,15.34,True
863,NQ,Thu,14:00,In-Sample,2024-02-22T19:00:50.000001,2024-02-22 14:00:50,SHORT,18053.5,-10.0,True,15.34,True
863,NQ,Thu,14:00,In-Sample,2024-02-22T19:00:50.000003,2024-02-22 14:00:50,SHORT,18053.5,-20.0,True,15.34,True
863,NQ,Thu,14:00,In-Sample,2024-02-22T19:00:51.000001,2024-02-22 14:00:51,SHORT,18053.75,-20.0,True,15.34,True
863,NQ,Thu,14:00,In-Sample,2024-02-22T19:00:52.000001,2024-02-22 14:00:52,SHORT,18053.75,-10.0,True,15.34,True
863,NQ,Thu,14:00,In-Sample,2024-02-22T19:00:52.000003,2024-02-22 14:00:52,SHORT,18053.75,-10.0,True,15.34,True
863,NQ,Thu,14:00,In-Sample,2024-02-22T19:00:53.000001,2024-02-22 14:00:53,SHORT,18053.5,-10.0,True,15.34,True
863,NQ,Thu,14:00,In-Sample,2024-02-22T19:00:53.000003,2024-02-22 14:00:53,SHORT,18053.5,-20.0,True,15.34,True
863,NQ,Thu,14:00,In-Sample,2024-02-22T19:00:53.000005,2024-02-22 14:00:53,SHORT,18053.5,-20.0,True,15.34,True
863,NQ,Thu,14:00,In-Sample,2024-02-22T19:00:54.000001,2024-02-22 14:00:54,SHORT,18053.75,-10.0,True,15.34,True
863,NQ,Thu,14:00,In-Sample,2024-02-22T19:00:54.000003,2024-02-22 14:00:54,SHORT,18053.75,40.0,True,15.34,True
863,NQ,Thu,14:00,In-Sample,2024-02-22T19:00:55.000001,2024-02-22 14:00:55,SHORT,18052.5,0.0,True,15.34,True
863,NQ,Thu,14:00,In-Sample,2024-02-22T19:00:55.000003,2024-02-22 14:00:55,SHORT,18052.25,-30.0,True,15.34,True
863,NQ,Thu,14:00,In-Sample,2024-02-22T19:00:56.000001,2024-02-22 14:00:56,SHORT,18052.5,-20.0,True,15.34,True
863,NQ,Thu,14:00,In-Sample,2024-02-22T19:00:56.000003,2024-02-22 14:00:56,SHORT,18052.5,-20.0,True,15.34,True
863,NQ,Thu,14:00,In-Sample,2024-02-22T19:00:57.000001,2024-02-22 14:00:57,SHORT,18052.5,-20.0,True,15.34,True
863,NQ,Thu,14:00,In-Sample,2024-02-22T19:00:58.000001,2024-02-22 14:00:58,SHORT,18052.75,-20.0,True,15.34,True
863,NQ,Thu,14:00,In-Sample,2024-02-22T19:00:58.000003,2024-02-22 14:00:58,SHORT,18052.75,-20.0,True,15.34,True
863,NQ,Thu,14:00,In-Sample,2024-02-22T19:00:58.000005,2024-02-22 14:00:58,SHORT,18053.0,0.0,True,15.34,True
863,NQ,Thu,14:00,In-Sample,2024-02-22T19:00:59.000001,2024-02-22 14:00:59,SHORT,18052.75,-30.0,True,15.34,True
863,NQ,Thu,14:00,In-Sample,2024-02-22T19:01:00.000001,2024-02-22 14:01:00,SHORT,18053.0,-10.0,True,15.34,True
863,NQ,Thu,14:00,In-Sample,2024-02-22T19:01:00.000003,2024-02-22 14:01:00,SHORT,18052.75,-20.0,True,15.34,True
863,NQ,Thu,14:00,In-Sample,2024-02-22T19:01:00.000005,2024-02-22 14:01:00,SHORT,18052.75,-20.0,True,15.34,True
863,NQ,Thu,14:00,In-Sample,2024-02-22T19:01:01.000001,2024-02-22 14:01:01,SHORT,18053.0,-20.0,True,15.34,True
863,NQ,Thu,14:00,In-Sample,2024-02-22T19:01:01.000003,2024-02-22 14:01:01,SHORT,18053.0,-60.0,True,15.34,True
863,NQ,Thu,14:00,In-Sample,2024-02-22T19:01:02.000001,2024-02-22 14:01:02,SHORT,18054.0,-40.0,True,15.34,True
863,NQ,Thu,14:00,In-Sample,2024-02-22T19:01:03.000001,2024-02-22 14:01:03,SHORT,18054.5,-20.0,True,15.34,True
863,NQ,Thu,14:00,In-Sample,2024-02-22T19:01:03.000003,2024-02-22 14:01:03,SHORT,18054.75,-10.0,True,15.34,True
863,NQ,Thu,14:00,In-Sample,2024-02-22T19:01:04.000001,2024-02-22 14:01:04,SHORT,18054.75,-10.0,True,15.34,True
863,NQ,Thu,14:00,In-Sample,2024-02-22T19:01:04.000003,2024-02-22 14:01:04,SHORT,18054.5,-10.0,True,15.34,True
863,NQ,Thu,14:00,In-Sample,2024-02-22T19:01:05.000001,2024-02-22 14:01:05,SHORT,18054.25,-20.0,True,15.34,True
863,NQ,Thu,14:00,In-Sample,2024-02-22T19:01:05.000003,2024-02-22 14:01:05,SHORT,18054.25,-10.0,True,15.34,True
863,NQ,Thu,14:00,In-Sample,2024-02-22T19:01:06.000001,2024-02-22 14:01:06,SHORT,18054.25,-10.0,True,15.34,True
863,NQ,Thu,14:00,In-Sample,2024-02-22T19:01:06.000003,2024-02-22 14:01:06,SHORT,18054.0,-60.0,True,15.34,True
863,NQ,Thu,14:00,In-Sample,2024-02-22T19:01:07.000001,2024-02-22 14:01:07,SHORT,18055.0,-20.0,True,15.34,True
863,NQ,Thu,14:00,In-Sample,2024-02-22T19:01:07.000003,2024-02-22 14:01:07,SHORT,18055.0,-10.0,True,15.34,True
863,NQ,Thu,14:00,In-Sample,2024-02-22T19:01:07.000004,2024-02-22 14:01:07,SHORT,18055.0,-10.0,True,15.34,True
863,NQ,Thu,14:00,In-Sample,2024-02-22T19:01:08.000001,2024-02-22 14:01:08,SHORT,18055.0,-20.0,True,15.34,True
863,NQ,Thu,14:00,In-Sample,2024-02-22T19:01:08.000003,2024-02-22 14:01:08,SHORT,18055.0,-20.0,True,15.34,True
863,NQ,Thu,14:00,In-Sample,2024-02-22T19:01:08.000005,2024-02-22 14:01:08,SHORT,18055.25,-20.0,True,15.34,True
863,NQ,Thu,14:00,In-Sample,2024-02-22T19:01:09.000001,2024-02-22 14:01:09,SHORT,18055.25,0.0,True,15.34,True
863,NQ,Thu,14:00,In-Sample,2024-02-22T19:01:10.000001,2024-02-22 14:01:10,SHORT,18054.75,-20.0,True,15.34,True
863,NQ,Thu,14:00,In-Sample,2024-02-22T19:01:10.000003,2024-02-22 14:01:10,SHORT,18054.75,-10.0,True,15.34,True
863,NQ,Thu,14:00,In-Sample,2024-02-22T19:01:10.000005,2024-02-22 14:01:10,SHORT,18054.5,-30.0,True,15.34,True
863,NQ,Thu,14:00,In-Sample,2024-02-22T19:01:10.000007,2024-02-22 14:01:10,SHORT,18054.75,-20.0,True,15.34,True
863,NQ,Thu,14:00,In-Sample,2024-02-22T19:01:12.000001,2024-02-22 14:01:12,SHORT,18054.75,0.0,True,15.34,True
863,NQ,Thu,14:00,In-Sample,2024-02-22T19:01:12.000003,2024-02-22 14:01:12,SHORT,18054.5,-20.0,True,15.34,True
863,NQ,Thu,14:00,In-Sample,2024-02-22T19:01:12.000005,2024-02-22 14:01:12,SHORT,18054.5,-10.0,True,15.34,True
863,NQ,Thu,14:00,In-Sample,2024-02-22T19:01:13.000001,2024-02-22 14:01:13,SHORT,18054.5,10.0,True,15.34,True
863,NQ,Thu,14:00,In-Sample,2024-02-22T19:01:14.000001,2024-02-22 14:01:14,SHORT,18053.75,-20.0,True,15.34,True
863,NQ,Thu,14:00,In-Sample,2024-02-22T19:01:14.000003,2024-02-22 14:01:14,SHORT,18053.75,-10.0,True,15.34,True
863,NQ,Thu,14:00,In-Sample,2024-02-22T19:01:14.000005,2024-02-22 14:01:14,SHORT,18053.75,-20.0,True,15.34,True
863,NQ,Thu,14:00,In-Sample,2024-02-22T19:01:15.000001,2024-02-22 14:01:15,SHORT,18053.75,-20.0,True,15.34,True
863,NQ,Thu,14:00,In-Sample,2024-02-22T19:01:15.000003,2024-02-22 14:01:15,SHORT,18053.75,-20.0,True,15.34,True
863,NQ,Thu,14:00,In-Sample,2024-02-22T19:01:16.000001,2024-02-22 14:01:16,SHORT,18053.75,-10.0,True,15.34,True
863,NQ,Thu,14:00,In-Sample,2024-02-22T19:01:17.000001,2024-02-22 14:01:17,SHORT,18053.5,-20.0,True,15.34,True
863,NQ,Thu,14:00,In-Sample,2024-02-22T19:01:17.000003,2024-02-22 14:01:17,SHORT,18053.5,-20.0,True,15.34,True
863,NQ,Thu,14:00,In-Sample,2024-02-22T19:01:17.000005,2024-02-22 14:01:17,SHORT,18053.75,0.0,True,15.34,True
863,NQ,Thu,14:00,In-Sample,2024-02-22T19:01:18.000001,2024-02-22 14:01:18,SHORT,18053.25,-10.0,True,15.34,True
863,NQ,Thu,14:00,In-Sample,2024-02-22T19:01:19.000001,2024-02-22 14:01:19,SHORT,18053.25,-10.0,True,15.34,True
863,NQ,Thu,14:00,In-Sample,2024-02-22T19:01:19.000003,2024-02-22 14:01:19,SHORT,18053.25,-30.0,True,15.34,True
863,NQ,Thu,14:00,In-Sample,2024-02-22T19:01:20.000001,2024-02-22 14:01:20,SHORT,18053.5,20.0,True,15.34,True
863,NQ,Thu,14:00,In-Sample,2024-02-22T19:01:20.000003,2024-02-22 14:01:20,SHORT,18052.5,-10.0,True,15.34,True
863,NQ,Thu,14:00,In-Sample,2024-02-22T19:01:20.000005,2024-02-22 14:01:20,SHORT,18052.5,0.0,True,15.34,True
863,NQ,Thu,14:00,In-Sample,2024-02-22T19:01:21.000001,2024-02-22 14:01:21,SHORT,18052.0,-30.0,True,15.34,True
863,NQ,Thu,14:00,In-Sample,2024-02-22T19:01:22.000001,2024-02-22 14:01:22,SHORT,18052.25,-10.0,True,15.34,True
863,NQ,Thu,14:00,In-Sample,2024-02-22T19:01:22.000003,2024-02-22 14:01:22,SHORT,18052.0,20.0,True,15.34,True
863,NQ,Thu,14:00,In-Sample,2024-02-22T19:01:23.000001,2024-02-22 14:01:23,SHORT,18051.0,-20.0,True,15.34,True
863,NQ,Thu,14:00,In-Sample,2024-02-22T19:01:23.000003,2024-02-22 14:01:23,SHORT,18051.0,-50.0,True,15.34,True
863,NQ,Thu,14:00,In-Sample,2024-02-22T19:01:24.000001,2024-02-22 14:01:24,SHORT,18052.0,-40.0,True,15.34,True
863,NQ,Thu,14:00,In-Sample,2024-02-22T19:01:24.000003,2024-02-22 14:01:24,SHORT,18052.5,-20.0,True,15.34,True
863,NQ,Thu,14:00,In-Sample,2024-02-22T19:01:25.000001,2024-02-22 14:01:25,SHORT,18052.5,-20.0,True,15.34,True
863,NQ,Thu,14:00,In-Sample,2024-02-22T19:01:25.000003,2024-02-22 14:01:25,SHORT,18052.75,-10.0,True,15.34,True
863,NQ,Thu,14:00,In-Sample,2024-02-22T19:01:26.000001,2024-02-22 14:01:26,SHORT,18052.5,-40.0,True,15.34,True
863,NQ,Thu,14:00,In-Sample,2024-02-22T19:01:26.000003,2024-02-22 14:01:26,SHORT,18053.25,-20.0,True,15.34,True
863,NQ,Thu,14:00,In-Sample,2024-02-22T19:01:27.000001,2024-02-22 14:01:27,SHORT,18053.25,-10.0,True,15.34,True
863,NQ,Thu,14:00,In-Sample,2024-02-22T19:01:27.000003,2024-02-22 14:01:27,SHORT,18053.0,-30.0,True,15.34,True
863,NQ,Thu,14:00,In-Sample,2024-02-22T19:01:27.000005,2024-02-22 14:01:27,SHORT,18053.25,-10.0,True,15.34,True
863,NQ,Thu,14:00,In-Sample,2024-02-22T19:01:28.000001,2024-02-22 14:01:28,SHORT,18053.0,-30.0,True,15.34,True
863,NQ,Thu,14:00,In-Sample,2024-02-22T19:01:28.000003,2024-02-22 14:01:28,SHORT,18053.5,0.0,True,15.34,True
863,NQ,Thu,14:00,In-Sample,2024-02-22T19:01:29.000001,2024-02-22 14:01:29,SHORT,18053.25,-30.0,True,15.34,True
863,NQ,Thu,14:00,In-Sample,2024-02-22T19:01:30.000001,2024-02-22 14:01:30,SHORT,18053.5,-20.0,True,15.34,True
863,NQ,Thu,14:00,In-Sample,2024-02-22T19:01:30.000003,2024-02-22 14:01:30,SHORT,18053.5,-40.0,True,15.34,True
863,NQ,Thu,14:00,In-Sample,2024-02-22T19:01:31.000001,2024-02-22 14:01:31,SHORT,18054.0,-40.0,True,15.34,True
863,NQ,Thu,14:00,In-Sample,2024-02-22T19:01:31.000003,2024-02-22 14:01:31,SHORT,18054.75,-10.0,True,15.34,True
863,NQ,Thu,14:00,In-Sample,2024-02-22T19:01:31.000005,2024-02-22 14:01:31,SHORT,18054.75,-10.0,True,15.34,True
863,NQ,Thu,14:00,In-Sample,2024-02-22T19:01:32.000001,2024-02-22 14:01:32,SHORT,18054.75,-110.0,True,15.34,True
863,NQ,Thu,14:00,In-Sample,2024-02-22T19:01:33.000001,2024-02-22 14:01:33,SHORT,18057.0,-10.0,True,15.34,True
863,NQ,Thu,14:00,In-Sample,2024-02-22T19:01:33.000003,2024-02-22 14:01:33,SHORT,18057.0,-10.0,True,15.34,True
863,NQ,Thu,14:00,In-Sample,2024-02-22T19:01:33.000004,2024-02-22 14:01:33,SHORT,18057.0,-10.0,True,15.34,True
863,NQ,Thu,14:00,In-Sample,2024-02-22T19:01:33.000005,2024-02-22 14:01:33,SHORT,18057.0,-10.0,True,15.34,True
863,NQ,Thu,14:00,In-Sample,2024-02-22T19:01:33.000006,2024-02-22 14:01:33,SHORT,18057.0,-10.0,True,15.34,True
863,NQ,Thu,14:00,In-Sample,2024-02-22T19:01:34.000001,2024-02-22 14:01:34,SHORT,18057.0,10.0,True,15.34,True
863,NQ,Thu,14:00,In-Sample,2024-02-22T19:01:34.000003,2024-02-22 14:01:34,SHORT,18056.25,-30.0,True,15.34,True
863,NQ,Thu,14:00,In-Sample,2024-02-22T19:01:35.000001,2024-02-22 14:01:35,SHORT,18056.5,-10.0,True,15.34,True
863,NQ,Thu,14:00,In-Sample,2024-02-22T19:01:35.000003,2024-02-22 14:01:35,SHORT,18056.5,10.0,True,15.34,True
863,NQ,Thu,14:00,In-Sample,2024-02-22T19:01:36.000001,2024-02-22 14:01:36,SHORT,18055.75,-20.0,True,15.34,True
863,NQ,Thu,14:00,In-Sample,2024-02-22T19:01:36.000003,2024-02-22 14:01:36,SHORT,18055.75,-20.0,True,15.34,True
863,NQ,Thu,14:00,In-Sample,2024-02-22T19:01:36.000005,2024-02-22 14:01:36,SHORT,18055.75,-20.0,True,15.34,True
863,NQ,Thu,14:00,In-Sample,2024-02-22T19:01:37.000001,2024-02-22 14:01:37,SHORT,18056.0,-10.0,True,15.34,True
863,NQ,Thu,14:00,In-Sample,2024-02-22T19:01:38.000001,2024-02-22 14:01:38,SHORT,18055.75,-50.0,True,15.34,True
863,NQ,Thu,14:00,In-Sample,2024-02-22T19:01:38.000003,2024-02-22 14:01:38,SHORT,18056.75,10.0,True,15.34,True
863,NQ,Thu,14:00,In-Sample,2024-02-22T19:01:38.000005,2024-02-22 14:01:38,SHORT,18056.0,-20.0,True,15.34,True
863,NQ,Thu,14:00,In-Sample,2024-02-22T19:01:39.000001,2024-02-22 14:01:39,SHORT,18056.0,-20.0,True,15.34,True
863,NQ,Thu,14:00,In-Sample,2024-02-22T19:01:40.000001,2024-02-22 14:01:40,SHORT,18056.0,-20.0,True,15.34,True
863,NQ,Thu,14:00,In-Sample,2024-02-22T19:01:40.000003,2024-02-22 14:01:40,SHORT,18056.0,-20.0,True,15.34,True
863,NQ,Thu,14:00,In-Sample,2024-02-22T19:01:40.000005,2024-02-22 14:01:40,SHORT,18056.25,-10.0,True,15.34,True
863,NQ,Thu,14:00,In-Sample,2024-02-22T19:01:41.000001,2024-02-22 14:01:41,SHORT,18056.25,0.0,True,15.34,True
863,NQ,Thu,14:00,In-Sample,2024-02-22T19:01:42.000001,2024-02-22 14:01:42,SHORT,18056.0,-10.0,True,15.34,True
863,NQ,Thu,14:00,In-Sample,2024-02-22T19:01:42.000003,2024-02-22 14:01:42,SHORT,18055.75,-10.0,True,15.34,True
863,NQ,Thu,14:00,In-Sample,2024-02-22T19:01:42.000005,2024-02-22 14:01:42,SHORT,18055.5,-20.0,True,15.34,True
863,NQ,Thu,14:00,In-Sample,2024-02-22T19:01:43.000001,2024-02-22 14:01:43,SHORT,18055.75,-20.0,True,15.34,True
863,NQ,Thu,14:00,In-Sample,2024-02-22T19:01:44.000001,2024-02-22 14:01:44,SHORT,18055.75,-20.0,True,15.34,True
863,NQ,Thu,14:00,In-Sample,2024-02-22T19:01:44.000003,2024-02-22 14:01:44,SHORT,18056.0,-30.0,True,15.34,True
863,NQ,Thu,14:00,In-Sample,2024-02-22T19:01:45.000001,2024-02-22 14:01:45,SHORT,18056.25,-10.0,True,15.34,True
863,NQ,Thu,14:00,In-Sample,2024-02-22T19:01:45.000003,2024-02-22 14:01:45,SHORT,18056.0,-20.0,True,15.34,True
863,NQ,Thu,14:00,In-Sample,2024-02-22T19:01:46.000001,2024-02-22 14:01:46,SHORT,18056.25,10.0,True,15.34,True
863,NQ,Thu,14:00,In-Sample,2024-02-22T19:01:46.000003,2024-02-22 14:01:46,SHORT,18055.5,-20.0,True,15.34,True
863,NQ,Thu,14:00,In-Sample,2024-02-22T19:01:46.000005,2024-02-22 14:01:46,SHORT,18055.5,-20.0,True,15.34,True
863,NQ,Thu,14:00,In-Sample,2024-02-22T19:01:47.000001,2024-02-22 14:01:47,SHORT,18055.5,-20.0,True,15.34,True
863,NQ,Thu,14:00,In-Sample,2024-02-22T19:01:48.000001,2024-02-22 14:01:48,SHORT,18055.5,-10.0,True,15.34,True
863,NQ,Thu,14:00,In-Sample,2024-02-22T19:01:48.000003,2024-02-22 14:01:48,SHORT,18055.25,10.0,True,15.34,True
863,NQ,Thu,14:00,In-Sample,2024-02-22T19:01:49.000001,2024-02-22 14:01:49,SHORT,18054.5,-40.0,True,15.34,True
863,NQ,Thu,14:00,In-Sample,2024-02-22T19:01:49.000003,2024-02-22 14:01:49,SHORT,18055.0,20.0,True,15.34,True
863,NQ,Thu,14:00,In-Sample,2024-02-22T19:01:50.000001,2024-02-22 14:01:50,SHORT,18054.25,-10.0,True,15.34,True
863,NQ,Thu,14:00,In-Sample,2024-02-22T19:01:50.000003,2024-02-22 14:01:50,SHORT,18054.0,-10.0,True,15.34,True
863,NQ,Thu,14:00,In-Sample,2024-02-22T19:01:51.000001,2024-02-22 14:01:51,SHORT,18054.0,-10.0,True,15.34,True
863,NQ,Thu,14:00,In-Sample,2024-02-22T19:01:51.000003,2024-02-22 14:01:51,SHORT,18054.0,-20.0,True,15.34,True
863,NQ,Thu,14:00,In-Sample,2024-02-22T19:01:52.000001,2024-02-22 14:01:52,SHORT,18054.25,10.0,True,15.34,True
863,NQ,Thu,14:00,In-Sample,2024-02-22T19:01:52.000003,2024-02-22 14:01:52,SHORT,18053.75,-40.0,True,15.34,True
863,NQ,Thu,14:00,In-Sample,2024-02-22T19:01:53.000001,2024-02-22 14:01:53,SHORT,18054.25,-20.0,True,15.34,True
863,NQ,Thu,14:00,In-Sample,2024-02-22T19:01:53.000003,2024-02-22 14:01:53,SHORT,18054.5,-30.0,True,15.34,True
863,NQ,Thu,14:00,In-Sample,2024-02-22T19:01:54.000001,2024-02-22 14:01:54,SHORT,18054.75,-30.0,True,15.34,True
863,NQ,Thu,14:00,In-Sample,2024-02-22T19:01:54.000003,2024-02-22 14:01:54,SHORT,18055.25,20.0,True,15.34,True
863,NQ,Thu,14:00,In-Sample,2024-02-22T19:01:55.000001,2024-02-22 14:01:55,SHORT,18054.25,0.0,True,15.34,True
863,NQ,Thu,14:00,In-Sample,2024-02-22T19:01:55.000003,2024-02-22 14:01:55,SHORT,18053.75,-40.0,True,15.34,True
863,NQ,Thu,14:00,In-Sample,2024-02-22T19:01:56.000001,2024-02-22 14:01:56,SHORT,18054.25,-10.0,True,15.34,True
863,NQ,Thu,14:00,In-Sample,2024-02-22T19:01:56.000003,2024-02-22 14:01:56,SHORT,18054.0,-30.0,True,15.34,True
863,NQ,Thu,14:00,In-Sample,2024-02-22T19:01:57.000001,2024-02-22 14:01:57,SHORT,18054.5,-10.0,True,15.34,True
863,NQ,Thu,14:00,In-Sample,2024-02-22T19:01:57.000003,2024-02-22 14:01:57,SHORT,18054.5,-20.0,True,15.34,True
863,NQ,Thu,14:00,In-Sample,2024-02-22T19:01:57.000005,2024-02-22 14:01:57,SHORT,18054.5,0.0,True,15.34,True
863,NQ,Thu,14:00,In-Sample,2024-02-22T19:01:58.000001,2024-02-22 14:01:58,SHORT,18054.0,-20.0,True,15.34,True
863,NQ,Thu,14:00,In-Sample,2024-02-22T19:01:58.000003,2024-02-22 14:01:58,SHORT,18054.0,10.0,True,15.34,True
863,NQ,Thu,14:00,In-Sample,2024-02-22T19:01:59.000001,2024-02-22 14:01:59,SHORT,18053.25,-20.0,True,15.34,True
863,NQ,Thu,14:00,In-Sample,2024-02-22T19:02:00.000001,2024-02-22 14:02:00,SHORT,18053.5,-20.0,True,15.34,True
863,NQ,Thu,14:00,In-Sample,2024-02-22T19:02:00.000003,2024-02-22 14:02:00,SHORT,18053.5,-30.0,True,15.34,True
863,NQ,Thu,14:00,In-Sample,2024-02-22T19:02:00.000005,2024-02-22 14:02:00,SHORT,18053.75,-30.0,True,15.34,True
863,NQ,Thu,14:00,In-Sample,2024-02-22T19:02:00.000007,2024-02-22 14:02:00,SHORT,18054.0,-20.0,True,15.34,True
863,NQ,Thu,14:00,In-Sample,2024-02-22T19:02:00.000009,2024-02-22 14:02:00,SHORT,18054.25,-10.0,True,15.34,True
863,NQ,Thu,14:00,In-Sample,2024-02-22T19:02:02.000001,2024-02-22 14:02:02,SHORT,18054.25,-10.0,True,15.34,True
863,NQ,Thu,14:00,In-Sample,2024-02-22T19:02:03.000001,2024-02-22 14:02:03,SHORT,18054.25,-20.0,True,15.34,True
863,NQ,Thu,14:00,In-Sample,2024-02-22T19:02:03.000003,2024-02-22 14:02:03,SHORT,18054.25,-30.0,True,15.34,True
863,NQ,Thu,14:00,In-Sample,2024-02-22T19:02:04.000001,2024-02-22 14:02:04,SHORT,18054.5,-10.0,True,15.34,True
863,NQ,Thu,14:00,In-Sample,2024-02-22T19:02:04.000003,2024-02-22 14:02:04,SHORT,18054.5,0.0,True,15.34,True
863,NQ,Thu,14:00,In-Sample,2024-02-22T19:02:04.000005,2024-02-22 14:02:04,SHORT,18054.25,-10.0,True,15.34,True
863,NQ,Thu,14:00,In-Sample,2024-02-22T19:02:05.000001,2024-02-22 14:02:05,SHORT,18054.0,0.0,True,15.34,True
863,NQ,Thu,14:00,In-Sample,2024-02-22T19:02:06.000001,2024-02-22 14:02:06,SHORT,18053.75,-10.0,True,15.34,True
863,NQ,Thu,14:00,In-Sample,2024-02-22T19:02:06.000003,2024-02-22 14:02:06,SHORT,18053.5,-40.0,True,15.34,True
863,NQ,Thu,14:00,In-Sample,2024-02-22T19:02:06.000005,2024-02-22 14:02:06,SHORT,18054.0,0.0,True,15.34,True
863,NQ,Thu,14:00,In-Sample,2024-02-22T19:02:07.000001,2024-02-22 14:02:07,SHORT,18053.5,-10.0,True,15.34,True
863,NQ,Thu,14:00,In-Sample,2024-02-22T19:02:07.000003,2024-02-22 14:02:07,SHORT,18053.5,-20.0,True,15.34,True
863,NQ,Thu,14:00,In-Sample,2024-02-22T19:02:08.000001,2024-02-22 14:02:08,SHORT,18053.75,-20.0,True,15.34,True
863,NQ,Thu,14:00,In-Sample,2024-02-22T19:02:08.000003,2024-02-22 14:02:08,SHORT,18053.75,0.0,True,15.34,True
863,NQ,Thu,14:00,In-Sample,2024-02-22T19:02:09.000001,2024-02-22 14:02:09,SHORT,18053.25,-20.0,True,15.34,True
863,NQ,Thu,14:00,In-Sample,2024-02-22T19:02:09.000003,2024-02-22 14:02:09,SHORT,18053.25,-10.0,True,15.34,True
863,NQ,Thu,14:00,In-Sample,2024-02-22T19:02:09.000005,2024-02-22 14:02:09,SHORT,18053.25,-20.0,True,15.34,True
863,NQ,Thu,14:00,In-Sample,2024-02-22T19:02:10.000001,2024-02-22 14:02:10,SHORT,18053.5,-60.0,True,15.34,True
863,NQ,Thu,14:00,In-Sample,2024-02-22T19:02:11.000001,2024-02-22 14:02:11,SHORT,18054.5,-60.0,True,15.34,True
863,NQ,Thu,14:00,In-Sample,2024-02-22T19:02:12.000001,2024-02-22 14:02:12,SHORT,18055.5,-30.0,True,15.34,True
863,NQ,Thu,14:00,In-Sample,2024-02-22T19:02:12.000003,2024-02-22 14:02:12,SHORT,18056.0,0.0,True,15.34,True
863,NQ,Thu,14:00,In-Sample,2024-02-22T19:02:12.000005,2024-02-22 14:02:12,SHORT,18055.5,-30.0,True,15.34,True
863,NQ,Thu,14:00,In-Sample,2024-02-22T19:02:13.000001,2024-02-22 14:02:13,SHORT,18055.75,-20.0,True,15.34,True
863,NQ,Thu,14:00,In-Sample,2024-02-22T19:02:13.000003,2024-02-22 14:02:13,SHORT,18055.75,-10.0,True,15.34,True
863,NQ,Thu,14:00,In-Sample,2024-02-22T19:02:14.000001,2024-02-22 14:02:14,SHORT,18055.5,-20.0,True,15.34,True
863,NQ,Thu,14:00,In-Sample,2024-02-22T19:02:15.000001,2024-02-22 14:02:15,SHORT,18055.5,-70.0,True,15.34,True
863,NQ,Thu,14:00,In-Sample,2024-02-22T19:02:15.000003,2024-02-22 14:02:15,SHORT,18057.0,-40.0,True,15.34,True
863,NQ,Thu,14:00,In-Sample,2024-02-22T19:02:16.000001,2024-02-22 14:02:16,SHORT,18057.75,-10.0,True,15.34,True
863,NQ,Thu,14:00,In-Sample,2024-02-22T19:02:16.000003,2024-02-22 14:02:16,SHORT,18057.5,-20.0,True,15.34,True
863,NQ,Thu,14:00,In-Sample,2024-02-22T19:02:17.000001,2024-02-22 14:02:17,SHORT,18057.5,-80.0,True,15.34,True
863,NQ,Thu,14:00,In-Sample,2024-02-22T19:02:17.000003,2024-02-22 14:02:17,SHORT,18059.25,-30.0,True,15.34,True
863,NQ,Thu,14:00,In-Sample,2024-02-22T19:02:17.000004,2024-02-22 14:02:17,SHORT,18059.25,-30.0,True,15.34,True
863,NQ,Thu,14:00,In-Sample,2024-02-22T19:02:17.000005,2024-02-22 14:02:17,SHORT,18059.5,-20.0,True,15.34,True
863,NQ,Thu,14:00,In-Sample,2024-02-22T19:02:18.000001,2024-02-22 14:02:18,SHORT,18059.75,-60.0,True,15.34,True
863,NQ,Thu,14:00,In-Sample,2024-02-22T19:02:18.000003,2024-02-22 14:02:18,SHORT,18060.75,-20.0,True,15.34,True
863,NQ,Thu,14:00,In-Sample,2024-02-22T19:02:19.000001,2024-02-22 14:02:19,SHORT,18060.75,0.0,True,15.34,True
863,NQ,Thu,14:00,In-Sample,2024-02-22T19:02:19.000002,2024-02-22 14:02:19,SHORT,18060.75,0.0,True,15.34,True
863,NQ,Thu,14:00,In-Sample,2024-02-22T19:02:19.000004,2024-02-22 14:02:19,SHORT,18060.5,-30.0,True,15.34,True
863,NQ,Thu,14:00,In-Sample,2024-02-22T19:02:20.000001,2024-02-22 14:02:20,SHORT,18060.75,-10.0,True,15.34,True
863,NQ,Thu,14:00,In-Sample,2024-02-22T19:02:20.000003,2024-02-22 14:02:20,SHORT,18060.5,0.0,True,15.34,True
863,NQ,Thu,14:00,In-Sample,2024-02-22T19:02:21.000001,2024-02-22 14:02:21,SHORT,18060.0,-10.0,True,15.34,True
863,NQ,Thu,14:00,In-Sample,2024-02-22T19:02:21.000003,2024-02-22 14:02:21,SHORT,18060.0,-50.0,True,15.34,True
863,NQ,Thu,14:00,In-Sample,2024-02-22T19:02:22.000001,2024-02-22 14:02:22,SHORT,18060.75,-10.0,True,15.34,True
863,NQ,Thu,14:00,In-Sample,2024-02-22T19:02:22.000003,2024-02-22 14:02:22,SHORT,18060.75,30.0,True,15.34,True
863,NQ,Thu,14:00,In-Sample,2024-02-22T19:02:23.000001,2024-02-22 14:02:23,SHORT,18059.5,-20.0,True,15.34,True
863,NQ,Thu,14:00,In-Sample,2024-02-22T19:02:23.000003,2024-02-22 14:02:23,SHORT,18059.5,-10.0,True,15.34,True
863,NQ,Thu,14:00,In-Sample,2024-02-22T19:02:24.000001,2024-02-22 14:02:24,SHORT,18059.5,-20.0,True,15.34,True
863,NQ,Thu,14:00,In-Sample,2024-02-22T19:02:24.000003,2024-02-22 14:02:24,SHORT,18059.5,-20.0,True,15.34,True
863,NQ,Thu,14:00,In-Sample,2024-02-22T19:02:25.000001,2024-02-22 14:02:25,SHORT,18059.5,-10.0,True,15.34,True
863,NQ,Thu,14:00,In-Sample,2024-02-22T19:02:25.000003,2024-02-22 14:02:25,SHORT,18059.25,40.0,True,15.34,True
863,NQ,Thu,14:00,In-Sample,2024-02-22T19:02:26.000001,2024-02-22 14:02:26,SHORT,18058.0,10.0,True,15.34,True
863,NQ,Thu,14:00,In-Sample,2024-02-22T19:02:26.000003,2024-02-22 14:02:26,SHORT,18057.5,-30.0,True,15.34,True
863,NQ,Thu,14:00,In-Sample,2024-02-22T19:02:27.000001,2024-02-22 14:02:27,SHORT,18057.75,-10.0,True,15.34,True
863,NQ,Thu,14:00,In-Sample,2024-02-22T19:02:27.000003,2024-02-22 14:02:27,SHORT,18057.75,-10.0,True,15.34,True
863,NQ,Thu,14:00,In-Sample,2024-02-22T19:02:28.000001,2024-02-22 14:02:28,SHORT,18057.5,-10.0,True,15.34,True
863,NQ,Thu,14:00,In-Sample,2024-02-22T19:02:28.000003,2024-02-22 14:02:28,SHORT,18057.5,-50.0,True,15.34,True
863,NQ,Thu,14:00,In-Sample,2024-02-22T19:02:29.000001,2024-02-22 14:02:29,SHORT,18058.5,-10.0,True,15.34,True
863,NQ,Thu,14:00,In-Sample,2024-02-22T19:02:29.000003,2024-02-22 14:02:29,SHORT,18058.25,-40.0,True,15.34,True
863,NQ,Thu,14:00,In-Sample,2024-02-22T19:02:30.000001,2024-02-22 14:02:30,SHORT,18058.75,-10.0,True,15.34,True
863,NQ,Thu,14:00,In-Sample,2024-02-22T19:02:30.000003,2024-02-22 14:02:30,SHORT,18058.5,-10.0,True,15.34,True
863,NQ,Thu,14:00,In-Sample,2024-02-22T19:02:30.000005,2024-02-22 14:02:30,SHORT,18058.5,-10.0,True,15.34,True
863,NQ,Thu,14:00,In-Sample,2024-02-22T19:02:31.000001,2024-02-22 14:02:31,SHORT,18058.25,0.0,True,15.34,True
863,NQ,Thu,14:00,In-Sample,2024-02-22T19:02:32.000001,2024-02-22 14:02:32,SHORT,18057.75,-40.0,True,15.34,True
863,NQ,Thu,14:00,In-Sample,2024-02-22T19:02:32.000003,2024-02-22 14:02:32,SHORT,18058.25,-10.0,True,15.34,True
863,NQ,Thu,14:00,In-Sample,2024-02-22T19:02:33.000001,2024-02-22 14:02:33,SHORT,18058.0,-20.0,True,15.34,True
863,NQ,Thu,14:00,In-Sample,2024-02-22T19:02:33.000003,2024-02-22 14:02:33,SHORT,18058.0,-20.0,True,15.34,True
863,NQ,Thu,14:00,In-Sample,2024-02-22T19:02:34.000001,2024-02-22 14:02:34,SHORT,18058.0,-20.0,True,15.34,True
863,NQ,Thu,14:00,In-Sample,2024-02-22T19:02:34.000003,2024-02-22 14:02:34,SHORT,18058.0,10.0,True,15.34,True
863,NQ,Thu,14:00,In-Sample,2024-02-22T19:02:35.000001,2024-02-22 14:02:35,SHORT,18057.25,-10.0,True,15.34,True
863,NQ,Thu,14:00,In-Sample,2024-02-22T19:02:35.000003,2024-02-22 14:02:35,SHORT,18057.25,-20.0,True,15.34,True
863,NQ,Thu,14:00,In-Sample,2024-02-22T19:02:35.000005,2024-02-22 14:02:35,SHORT,18057.5,-20.0,True,15.34,True
863,NQ,Thu,14:00,In-Sample,2024-02-22T19:02:36.000001,2024-02-22 14:02:36,SHORT,18057.75,-20.0,True,15.34,True
863,NQ,Thu,14:00,In-Sample,2024-02-22T19:02:36.000003,2024-02-22 14:02:36,SHORT,18057.75,20.0,True,15.34,True
863,NQ,Thu,14:00,In-Sample,2024-02-22T19:02:37.000001,2024-02-22 14:02:37,SHORT,18057.0,20.0,True,15.34,True
863,NQ,Thu,14:00,In-Sample,2024-02-22T19:02:37.000003,2024-02-22 14:02:37,SHORT,18056.25,-10.0,True,15.34,True
863,NQ,Thu,14:00,In-Sample,2024-02-22T19:02:38.000001,2024-02-22 14:02:38,SHORT,18056.25,40.0,True,15.34,True
863,NQ,Thu,14:00,In-Sample,2024-02-22T19:02:39.000001,2024-02-22 14:02:39,SHORT,18055.0,-30.0,True,15.34,True
863,NQ,Thu,14:00,In-Sample,2024-02-22T19:02:39.000003,2024-02-22 14:02:39,SHORT,18055.25,-50.0,True,15.34,True
863,NQ,Thu,14:00,In-Sample,2024-02-22T19:02:40.000001,2024-02-22 14:02:40,SHORT,18056.25,-10.0,True,15.34,True
863,NQ,Thu,14:00,In-Sample,2024-02-22T19:02:40.000003,2024-02-22 14:02:40,SHORT,18056.25,-10.0,True,15.34,True
863,NQ,Thu,14:00,In-Sample,2024-02-22T19:02:40.000005,2024-02-22 14:02:40,SHORT,18056.25,0.0,True,15.34,True
863,NQ,Thu,14:00,In-Sample,2024-02-22T19:02:41.000001,2024-02-22 14:02:41,SHORT,18056.0,-10.0,True,15.34,True
863,NQ,Thu,14:00,In-Sample,2024-02-22T19:02:41.000003,2024-02-22 14:02:41,SHORT,18055.75,-20.0,True,15.34,True
863,NQ,Thu,14:00,In-Sample,2024-02-22T19:02:42.000001,2024-02-22 14:02:42,SHORT,18056.0,0.0,True,15.34,True
863,NQ,Thu,14:00,In-Sample,2024-02-22T19:02:43.000001,2024-02-22 14:02:43,SHORT,18055.75,-10.0,True,15.34,True
863,NQ,Thu,14:00,In-Sample,2024-02-22T19:02:43.000003,2024-02-22 14:02:43,SHORT,18055.5,-30.0,True,15.34,True
863,NQ,Thu,14:00,In-Sample,2024-02-22T19:02:43.000005,2024-02-22 14:02:43,SHORT,18055.75,-20.0,True,15.34,True
863,NQ,Thu,14:00,In-Sample,2024-02-22T19:02:43.000007,2024-02-22 14:02:43,SHORT,18056.0,0.0,True,15.34,True
863,NQ,Thu,14:00,In-Sample,2024-02-22T19:02:45.000001,2024-02-22 14:02:45,SHORT,18055.5,0.0,True,15.34,True
863,NQ,Thu,14:00,In-Sample,2024-02-22T19:02:45.000003,2024-02-22 14:02:45,SHORT,18055.25,30.0,True,15.34,True
863,NQ,Thu,14:00,In-Sample,2024-02-22T19:02:46.000001,2024-02-22 14:02:46,SHORT,18054.0,-80.0,True,15.34,True
863,NQ,Thu,14:00,In-Sample,2024-02-22T19:02:46.000003,2024-02-22 14:02:46,SHORT,18055.5,-40.0,True,15.34,True
863,NQ,Thu,14:00,In-Sample,2024-02-22T19:02:46.000004,2024-02-22 14:02:46,SHORT,18055.5,-40.0,True,15.34,True
863,NQ,Thu,14:00,In-Sample,2024-02-22T19:02:47.000001,2024-02-22 14:02:47,SHORT,18056.0,10.0,True,15.34,True
863,NQ,Thu,14:00,In-Sample,2024-02-22T19:02:47.000003,2024-02-22 14:02:47,SHORT,18055.25,0.0,True,15.34,True
863,NQ,Thu,14:00,In-Sample,2024-02-22T19:02:47.000005,2024-02-22 14:02:47,SHORT,18055.0,10.0,True,15.34,True
863,NQ,Thu,14:00,In-Sample,2024-02-22T19:02:48.000001,2024-02-22 14:02:48,SHORT,18054.25,10.0,True,15.34,True
863,NQ,Thu,14:00,In-Sample,2024-02-22T19:02:49.000001,2024-02-22 14:02:49,SHORT,18053.75,-30.0,True,15.34,True
863,NQ,Thu,14:00,In-Sample,2024-02-22T19:02:49.000003,2024-02-22 14:02:49,SHORT,18054.25,-10.0,True,15.34,True
863,NQ,Thu,14:00,In-Sample,2024-02-22T19:02:50.000001,2024-02-22 14:02:50,SHORT,18054.0,-30.0,True,15.34,True
863,NQ,Thu,14:00,In-Sample,2024-02-22T19:02:50.000003,2024-02-22 14:02:50,SHORT,18054.5,-10.0,True,15.34,True
863,NQ,Thu,14:00,In-Sample,2024-02-22T19:02:51.000001,2024-02-22 14:02:51,SHORT,18054.5,-40.0,True,15.34,True
863,NQ,Thu,14:00,In-Sample,2024-02-22T19:02:51.000003,2024-02-22 14:02:51,SHORT,18055.25,-20.0,True,15.34,True
863,NQ,Thu,14:00,In-Sample,2024-02-22T19:02:52.000001,2024-02-22 14:02:52,SHORT,18055.25,-20.0,True,15.34,True
863,NQ,Thu,14:00,In-Sample,2024-02-22T19:02:52.000003,2024-02-22 14:02:52,SHORT,18055.5,-20.0,True,15.34,True
863,NQ,Thu,14:00,In-Sample,2024-02-22T19:02:52.000005,2024-02-22 14:02:52,SHORT,18055.75,-10.0,True,15.34,True
863,NQ,Thu,14:00,In-Sample,2024-02-22T19:02:53.000001,2024-02-22 14:02:53,SHORT,18055.5,-20.0,True,15.34,True
863,NQ,Thu,14:00,In-Sample,2024-02-22T19:02:54.000001,2024-02-22 14:02:54,SHORT,18055.75,-10.0,True,15.34,True
863,NQ,Thu,14:00,In-Sample,2024-02-22T19:02:54.000003,2024-02-22 14:02:54,SHORT,18055.5,-20.0,True,15.34,True
863,NQ,Thu,14:00,In-Sample,2024-02-22T19:02:55.000001,2024-02-22 14:02:55,SHORT,18055.75,-10.0,True,15.34,True
863,NQ,Thu,14:00,In-Sample,2024-02-22T19:02:55.000003,2024-02-22 14:02:55,SHORT,18055.75,-30.0,True,15.34,True
863,NQ,Thu,14:00,In-Sample,2024-02-22T19:02:56.000001,2024-02-22 14:02:56,SHORT,18056.25,-10.0,True,15.34,True
863,NQ,Thu,14:00,In-Sample,2024-02-22T19:02:56.000003,2024-02-22 14:02:56,SHORT,18056.25,-10.0,True,15.34,True
863,NQ,Thu,14:00,In-Sample,2024-02-22T19:02:57.000001,2024-02-22 14:02:57,SHORT,18056.25,0.0,True,15.34,True
863,NQ,Thu,14:00,In-Sample,2024-02-22T19:02:57.000003,2024-02-22 14:02:57,SHORT,18055.75,-40.0,True,15.34,True
863,NQ,Thu,14:00,In-Sample,2024-02-22T19:02:58.000001,2024-02-22 14:02:58,SHORT,18056.25,-40.0,True,15.34,True
863,NQ,Thu,14:00,In-Sample,2024-02-22T19:02:58.000003,2024-02-22 14:02:58,SHORT,18057.0,0.0,True,15.34,True
863,NQ,Thu,14:00,In-Sample,2024-02-22T19:02:58.000005,2024-02-22 14:02:58,SHORT,18056.75,-10.0,True,15.34,True
863,NQ,Thu,14:00,In-Sample,2024-02-22T19:02:59.000001,2024-02-22 14:02:59,SHORT,18056.5,-30.0,True,15.34,True
863,NQ,Thu,14:00,In-Sample,2024-02-22T19:03:00.000001,2024-02-22 14:03:00,SHORT,18056.75,-30.0,True,15.34,True
863,NQ,Thu,14:00,In-Sample,2024-02-22T19:03:00.000003,2024-02-22 14:03:00,SHORT,18057.0,-70.0,True,15.34,True
863,NQ,Thu,14:00,In-Sample,2024-02-22T19:03:01.000001,2024-02-22 14:03:01,SHORT,18058.5,-40.0,True,15.34,True
863,NQ,Thu,14:00,In-Sample,2024-02-22T19:03:01.000003,2024-02-22 14:03:01,SHORT,18059.25,-50.0,True,15.34,True
863,NQ,Thu,14:00,In-Sample,2024-02-22T19:03:02.000001,2024-02-22 14:03:02,SHORT,18060.0,-20.0,True,15.34,True
863,NQ,Thu,14:00,In-Sample,2024-02-22T19:03:02.000003,2024-02-22 14:03:02,SHORT,18060.0,-10.0,True,15.34,True
863,NQ,Thu,14:00,In-Sample,2024-02-22T19:03:02.000004,2024-02-22 14:03:02,SHORT,18060.0,-10.0,True,15.34,True
863,NQ,Thu,14:00,In-Sample,2024-02-22T19:03:03.000001,2024-02-22 14:03:03,SHORT,18059.75,-20.0,True,15.34,True
863,NQ,Thu,14:00,In-Sample,2024-02-22T19:03:03.000003,2024-02-22 14:03:03,SHORT,18060.0,-40.0,True,15.34,True
863,NQ,Thu,14:00,In-Sample,2024-02-22T19:03:04.000001,2024-02-22 14:03:04,SHORT,18060.5,-40.0,True,15.34,True
863,NQ,Thu,14:00,In-Sample,2024-02-22T19:03:04.000003,2024-02-22 14:03:04,SHORT,18061.25,-30.0,True,15.34,True
863,NQ,Thu,14:00,In-Sample,2024-02-22T19:03:05.000001,2024-02-22 14:03:05,SHORT,18061.75,-20.0,True,15.34,True
863,NQ,Thu,14:00,In-Sample,2024-02-22T19:03:05.000003,2024-02-22 14:03:05,SHORT,18061.75,-30.0,True,15.34,True
863,NQ,Thu,14:00,In-Sample,2024-02-22T19:03:05.000004,2024-02-22 14:03:05,SHORT,18061.75,-70.0,True,15.34,True
863,NQ,Thu,14:00,In-Sample,2024-02-22T19:08:45,2024-02-22 14:08:45,SHORT,18053.5,-20.0,True,15.34,True
863,NQ,Thu,14:00,In-Sample,2024-02-22T19:08:45,2024-02-22 14:08:45,SHORT,18053.5,-20.0,True,15.34,True
863,NQ,Thu,14:00,In-Sample,2024-02-22T19:14:33,2024-02-22 14:14:33,SHORT,18068.0,-320.0,True,15.34,True
863,NQ,Thu,14:00,In-Sample,2024-02-22T19:14:34,2024-02-22 14:14:34,SHORT,18068.0,-430.0,True,15.34,True
863,NQ,Thu,14:00,In-Sample,2024-02-22T19:14:35,2024-02-22 14:14:35,SHORT,18067.0,-470.0,True,15.34,True
863,NQ,Thu,14:00,In-Sample,2024-02-22T19:14:41,2024-02-22 14:14:41,SHORT,18069.75,-180.0,True,15.34,True
863,NQ,Thu,14:00,In-Sample,2024-02-22T19:14:44,2024-02-22 14:14:44,SHORT,18071.0,-155.0,True,15.34,True
863,NQ,Thu,14:00,In-Sample,2024-02-22T19:14:44,2024-02-22 14:14:44,SHORT,18071.0,-100.0,True,15.34,True
863,NQ,Thu,14:00,In-Sample,2024-02-22T19:24:32,2024-02-22 14:24:32,SHORT,18082.25,200.0,True,15.34,True
863,NQ,Thu,14:00,In-Sample,2024-02-22T19:24:32,2024-02-22 14:24:32,SHORT,18082.25,-70.0,True,15.34,True
863,NQ,Thu,14:00,In-Sample,2024-02-22T19:24:57,2024-02-22 14:24:57,SHORT,18084.5,245.0,True,15.34,True
863,NQ,Thu,14:00,In-Sample,2024-02-22T19:24:57,2024-02-22 14:24:57,SHORT,18084.5,10.0,True,15.34,True
863,NQ,Thu,14:00,In-Sample,2024-02-22T19:26:02,2024-02-22 14:26:02,SHORT,18085.0,100.0,True,15.34,True
863,NQ,Thu,14:00,In-Sample,2024-02-22T19:26:02,2024-02-22 14:26:02,SHORT,18085.0,200.0,True,15.34,True
863,NQ,Thu,14:00,In-Sample,2024-02-22T19:26:21,2024-02-22 14:26:21,SHORT,18080.5,200.0,True,15.34,True
863,NQ,Thu,14:00,In-Sample,2024-02-22T19:26:42,2024-02-22 14:26:42,SHORT,18083.25,245.0,True,15.34,True
863,NQ,Thu,14:00,In-Sample,2024-02-29T19:03:26,2024-02-29 14:03:26,LONG,18040.5,-380.0,True,13.84,True
863,NQ,Thu,14:00,In-Sample,2024-02-29T19:03:26,2024-02-29 14:03:26,LONG,18040.5,-290.0,True,13.84,True
863,NQ,Thu,14:00,In-Sample,2024-02-29T19:04:06,2024-02-29 14:04:06,SHORT,18041.0,100.0,True,13.84,True
863,NQ,Thu,14:00,In-Sample,2024-02-29T19:04:06,2024-02-29 14:04:06,SHORT,18041.0,75.0,True,13.84,True
863,NQ,Thu,14:00,In-Sample,2024-02-29T19:04:51,2024-02-29 14:04:51,LONG,18037.5,-130.0,True,13.84,True
863,NQ,Thu,14:00,In-Sample,2024-02-29T19:04:51,2024-02-29 14:04:51,SHORT,18037.5,100.0,True,13.84,True
863,NQ,Thu,14:00,In-Sample,2024-02-29T19:04:51,2024-02-29 14:04:51,SHORT,18037.5,5.0,True,13.84,True
863,NQ,Thu,14:00,In-Sample,2024-02-29T19:04:51,2024-02-29 14:04:51,SHORT,18037.5,100.0,True,13.84,True
863,NQ,Thu,14:00,In-Sample,2024-02-29T19:04:51,2024-02-29 14:04:51,SHORT,18037.5,90.0,True,13.84,True
863,NQ,Thu,14:00,In-Sample,2024-02-29T19:04:51,2024-02-29 14:04:51,SHORT,18037.5,100.0,True,13.84,True
863,NQ,Thu,14:00,In-Sample,2024-02-29T19:04:51,2024-02-29 14:04:51,SHORT,18037.5,90.0,True,13.84,True
863,NQ,Thu,14:00,In-Sample,2024-02-29T19:04:51,2024-02-29 14:04:51,LONG,18037.5,25.0,True,13.84,True
863,NQ,Thu,14:00,In-Sample,2024-02-29T19:13:15,2024-02-29 14:13:15,SHORT,18038.75,-450.0,True,13.84,True
863,NQ,Thu,14:00,In-Sample,2024-02-29T19:13:15,2024-02-29 14:13:15,SHORT,18038.75,-190.0,True,13.84,True
863,NQ,Thu,14:00,In-Sample,2024-02-29T19:13:24,2024-02-29 14:13:24,SHORT,18042.5,-150.0,True,13.84,True
863,NQ,Thu,14:00,In-Sample,2024-02-29T19:13:24,2024-02-29 14:13:24,SHORT,18042.5,-115.0,True,13.84,True
863,NQ,Thu,14:00,In-Sample,2024-02-29T19:13:58,2024-02-29 14:13:58,LONG,18045.75,260.0,True,13.84,True
863,NQ,Thu,14:00,In-Sample,2024-02-29T19:13:58,2024-02-29 14:13:58,LONG,18045.75,260.0,True,13.84,True
863,NQ,Thu,14:00,In-Sample,2024-02-29T19:14:08,2024-02-29 14:14:08,LONG,18043.5,55.0,True,13.84,True
863,NQ,Thu,14:00,In-Sample,2024-02-29T19:14:08,2024-02-29 14:14:08,LONG,18043.5,125.0,True,13.84,True
863,NQ,Thu,14:00,In-Sample,2024-02-29T19:15:06,2024-02-29 14:15:06,LONG,18048.25,205.0,True,13.84,True
863,NQ,Thu,14:00,In-Sample,2024-02-29T19:16:36.000001,2024-02-29 14:16:36,SHORT,18049.75,-110.0,True,13.84,True
863,NQ,Thu,14:00,In-Sample,2024-02-29T19:16:43,2024-02-29 14:16:43,SHORT,18052.5,0.0,True,13.84,True
863,NQ,Thu,14:00,In-Sample,2024-02-29T19:18:04,2024-02-29 14:18:04,LONG,18053.5,200.0,True,13.84,True
863,NQ,Thu,14:00,In-Sample,2024-02-29T19:18:04,2024-02-29 14:18:04,LONG,18053.5,100.0,True,13.84,True
863,NQ,Thu,14:00,In-Sample,2024-02-29T19:18:04,2024-02-29 14:18:04,LONG,18053.5,65.0,True,13.84,True
863,NQ,Thu,14:00,In-Sample,2024-02-29T19:18:04.000001,2024-02-29 14:18:04,LONG,18053.5,-145.0,True,13.84,True
863,NQ,Thu,14:00,In-Sample,2024-02-29T19:18:04.000001,2024-02-29 14:18:04,LONG,18053.5,65.0,True,13.84,True
863,NQ,Thu,14:00,In-Sample,2024-02-29T19:19:01,2024-02-29 14:19:01,SHORT,18056.75,-10.0,True,13.84,True
863,NQ,Thu,14:00,In-Sample,2024-02-29T19:23:26,2024-02-29 14:23:26,SHORT,18046.25,-10.0,True,13.84,True
863,NQ,Thu,14:00,In-Sample,2024-02-29T19:28:28,2024-02-29 14:28:28,LONG,18022.0,100.0,True,13.84,True
863,NQ,Thu,14:00,In-Sample,2024-02-29T19:28:28,2024-02-29 14:28:28,LONG,18022.0,10.0,True,13.84,True
863,NQ,Thu,14:00,In-Sample,2024-02-29T19:28:28,2024-02-29 14:28:28,LONG,18022.0,100.0,True,13.84,True
863,NQ,Thu,14:00,In-Sample,2024-02-29T19:28:28,2024-02-29 14:28:28,LONG,18022.0,70.0,True,13.84,True
863,NQ,Thu,14:00,In-Sample,2024-02-29T19:28:28,2024-02-29 14:28:28,LONG,18022.25,100.0,True,13.84,True
863,NQ,Thu,14:00,In-Sample,2024-02-29T19:28:28,2024-02-29 14:28:28,LONG,18022.25,65.0,True,13.84,True
863,NQ,Thu,14:00,In-Sample,2024-03-07T19:02:16.773059,2024-03-07 14:02:16,LONG,18353.0,100.0,True,14.5,True
863,NQ,Thu,14:00,In-Sample,2024-03-07T19:02:16.773059,2024-03-07 14:02:16,LONG,18353.0,-25.0,True,14.5,True
863,NQ,Thu,14:00,In-Sample,2024-03-07T19:02:16.899564,2024-03-07 14:02:16,LONG,18352.75,100.0,True,14.5,True
863,NQ,Thu,14:00,In-Sample,2024-03-07T19:02:16.899564,2024-03-07 14:02:16,LONG,18352.75,-20.0,True,14.5,True
863,NQ,Thu,14:00,In-Sample,2024-03-07T19:02:16.899676,2024-03-07 14:02:16,LONG,18352.75,100.0,True,14.5,True
863,NQ,Thu,14:00,In-Sample,2024-03-07T19:02:16.899676,2024-03-07 14:02:16,LONG,18352.75,-630.0,True,14.5,True
863,NQ,Thu,14:00,In-Sample,2024-03-07T19:02:18,2024-03-07 14:02:18,LONG,18353.0,100.0,True,14.5,True
863,NQ,Thu,14:00,In-Sample,2024-03-07T19:02:18,2024-03-07 14:02:18,LONG,18353.0,10.0,True,14.5,True
863,NQ,Thu,14:00,In-Sample,2024-03-07T19:02:18,2024-03-07 14:02:18,LONG,18352.75,100.0,True,14.5,True
863,NQ,Thu,14:00,In-Sample,2024-03-07T19:02:18,2024-03-07 14:02:18,LONG,18352.75,15.0,True,14.5,True
863,NQ,Thu,14:00,In-Sample,2024-03-07T19:23:34,2024-03-07 14:23:34,SHORT,18337.75,0.0,True,14.5,True
863,NQ,Thu,14:00,In-Sample,2024-03-07T19:23:35.000001,2024-03-07 14:23:35,LONG,18337.75,200.0,True,14.5,True
863,NQ,Thu,14:00,In-Sample,2024-03-07T19:23:38,2024-03-07 14:23:38,LONG,18337.0,50.0,True,14.5,True
863,NQ,Thu,14:00,In-Sample,2024-03-07T19:26:57,2024-03-07 14:26:57,LONG,18341.25,200.0,True,14.5,True
863,NQ,Thu,14:00,In-Sample,2024-03-07T19:28:51,2024-03-07 14:28:51,LONG,18338.5,55.0,True,14.5,True
863,NQ,Thu,14:00,In-Sample,2024-03-07T19:28:59,2024-03-07 14:28:59,LONG,18339.5,100.0,True,14.5,True
863,NQ,Thu,14:00,In-Sample,2024-03-07T19:28:59,2024-03-07 14:28:59,LONG,18339.5,10.0,True,14.5,True
863,NQ,Thu,14:00,In-Sample,2024-03-14T18:00:03.550591,2024-03-14 14:00:03,SHORT,18294.5,-735.0,True,13.75,True
863,NQ,Thu,14:00,In-Sample,2024-03-14T18:00:19.677894,2024-03-14 14:00:19,SHORT,18303.5,-225.0,True,13.75,True
863,NQ,Thu,14:00,In-Sample,2024-03-14T18:00:20,2024-03-14 14:00:20,SHORT,18303.75,200.0,True,13.75,True
863,NQ,Thu,14:00,In-Sample,2024-03-14T18:00:20,2024-03-14 14:00:20,SHORT,18303.75,200.0,True,13.75,True
863,NQ,Thu,14:00,In-Sample,2024-03-14T18:00:20,2024-03-14 14:00:20,SHORT,18303.75,200.0,True,13.75,True
863,NQ,Thu,14:00,In-Sample,2024-03-14T18:00:39,2024-03-14 14:00:39,SHORT,18306.5,60.0,True,13.75,True
863,NQ,Thu,14:00,In-Sample,2024-03-14T18:00:40,2024-03-14 14:00:40,SHORT,18307.0,70.0,True,13.75,True
863,NQ,Thu,14:00,In-Sample,2024-03-14T18:00:40,2024-03-14 14:00:40,SHORT,18307.0,75.0,True,13.75,True
863,NQ,Thu,14:00,In-Sample,2024-03-14T18:00:43.617351,2024-03-14 14:00:43,SHORT,18304.25,110.0,True,13.75,True
863,NQ,Thu,14:00,In-Sample,2024-03-14T18:00:43.617351,2024-03-14 14:00:43,SHORT,18304.25,250.0,True,13.75,True
863,NQ,Thu,14:00,In-Sample,2024-03-14T18:00:50.114671,2024-03-14 14:00:50,SHORT,18303.75,-390.0,True,13.75,True
863,NQ,Thu,14:00,In-Sample,2024-03-14T18:01:06.655351,2024-03-14 14:01:06,SHORT,18300.75,-390.0,True,13.75,True
863,NQ,Thu,14:00,In-Sample,2024-03-14T18:01:06.811522,2024-03-14 14:01:06,SHORT,18300.75,-390.0,True,13.75,True
863,NQ,Thu,14:00,In-Sample,2024-03-14T18:01:29.222726,2024-03-14 14:01:29,LONG,18307.5,405.0,True,13.75,True
863,NQ,Thu,14:00,In-Sample,2024-03-14T18:01:32.684254,2024-03-14 14:01:32,SHORT,18308.0,-300.0,True,13.75,True
863,NQ,Thu,14:00,In-Sample,2024-03-14T18:01:36.653238,2024-03-14 14:01:36,LONG,18310.5,255.0,True,13.75,True
863,NQ,Thu,14:00,In-Sample,2024-03-14T18:01:46,2024-03-14 14:01:46,LONG,18313.5,-20.0,True,13.75,True
863,NQ,Thu,14:00,In-Sample,2024-03-14T18:01:46,2024-03-14 14:01:46,LONG,18313.25,-10.0,True,13.75,True
863,NQ,Thu,14:00,In-Sample,2024-03-14T18:01:47,2024-03-14 14:01:47,LONG,18313.25,-10.0,True,13.75,True
863,NQ,Thu,14:00,In-Sample,2024-03-14T18:01:47,2024-03-14 14:01:47,LONG,18313.25,-10.0,True,13.75,True
863,NQ,Thu,14:00,In-Sample,2024-03-14T18:01:47.000001,2024-03-14 14:01:47,LONG,18313.25,-5.0,True,13.75,True
863,NQ,Thu,14:00,In-Sample,2024-03-14T18:01:47.000001,2024-03-14 14:01:47,LONG,18313.25,-5.0,True,13.75,True
863,NQ,Thu,14:00,In-Sample,2024-03-14T18:01:48.707610,2024-03-14 14:01:48,SHORT,18312.0,-255.0,True,13.75,True
863,NQ,Thu,14:00,In-Sample,2024-03-14T18:01:52,2024-03-14 14:01:52,LONG,18313.0,100.0,True,13.75,True
863,NQ,Thu,14:00,In-Sample,2024-03-14T18:01:52,2024-03-14 14:01:52,LONG,18313.0,5.0,True,13.75,True
863,NQ,Thu,14:00,In-Sample,2024-03-14T18:01:52,2024-03-14 14:01:52,LONG,18313.0,100.0,True,13.75,True
863,NQ,Thu,14:00,In-Sample,2024-03-14T18:01:52,2024-03-14 14:01:52,LONG,18313.0,200.0,True,13.75,True
863,NQ,Thu,14:00,In-Sample,2024-03-14T18:02:06.385266,2024-03-14 14:02:06,SHORT,18314.75,-15.0,True,13.75,True
863,NQ,Thu,14:00,In-Sample,2024-03-14T18:02:06.385651,2024-03-14 14:02:06,SHORT,18314.75,0.0,True,13.75,True
863,NQ,Thu,14:00,In-Sample,2024-03-14T18:02:07,2024-03-14 14:02:07,LONG,18313.0,-30.0,True,13.75,True
863,NQ,Thu,14:00,In-Sample,2024-03-14T18:02:07.000001,2024-03-14 14:02:07,LONG,18312.5,-10.0,True,13.75,True
863,NQ,Thu,14:00,In-Sample,2024-03-14T18:02:07.000002,2024-03-14 14:02:07,LONG,18312.5,-5.0,True,13.75,True
863,NQ,Thu,14:00,In-Sample,2024-03-14T18:02:07.386404,2024-03-14 14:02:07,LONG,18313.5,180.0,True,13.75,True
863,NQ,Thu,14:00,In-Sample,2024-03-14T18:02:07.386404,2024-03-14 14:02:07,LONG,18313.5,250.0,True,13.75,True
863,NQ,Thu,14:00,In-Sample,2024-03-14T18:02:07.853843,2024-03-14 14:02:07,SHORT,18313.0,-210.0,True,13.75,True
863,NQ,Thu,14:00,In-Sample,2024-03-14T18:02:09,2024-03-14 14:02:09,LONG,18315.25,100.0,True,13.75,True
863,NQ,Thu,14:00,In-Sample,2024-03-14T18:02:09,2024-03-14 14:02:09,LONG,18315.25,5.0,True,13.75,True
863,NQ,Thu,14:00,In-Sample,2024-03-14T18:02:15.706358,2024-03-14 14:02:15,SHORT,18314.25,-570.0,True,13.75,True
863,NQ,Thu,14:00,In-Sample,2024-03-14T18:02:56,2024-03-14 14:02:56,LONG,18314.5,100.0,True,13.75,True
863,NQ,Thu,14:00,In-Sample,2024-03-14T18:02:56,2024-03-14 14:02:56,LONG,18314.5,5.0,True,13.75,True
863,NQ,Thu,14:00,In-Sample,2024-03-14T18:03:12.236507,2024-03-14 14:03:12,LONG,18323.25,-270.0,True,13.75,True
863,NQ,Thu,14:00,In-Sample,2024-03-14T18:03:13.732111,2024-03-14 14:03:13,SHORT,18321.0,95.0,True,13.75,True
863,NQ,Thu,14:00,In-Sample,2024-03-14T18:03:13.732111,2024-03-14 14:03:13,SHORT,18321.0,300.0,True,13.75,True
863,NQ,Thu,14:00,In-Sample,2024-03-14T18:03:27.734250,2024-03-14 14:03:27,SHORT,18321.25,60.0,True,13.75,True
863,NQ,Thu,14:00,In-Sample,2024-03-14T18:03:27.734250,2024-03-14 14:03:27,SHORT,18321.25,220.0,True,13.75,True
863,NQ,Thu,14:00,In-Sample,2024-03-14T18:03:33.369001,2024-03-14 14:03:33,SHORT,18319.0,165.0,True,13.75,True
863,NQ,Thu,14:00,In-Sample,2024-03-14T18:03:33.369001,2024-03-14 14:03:33,SHORT,18319.0,-40.0,True,13.75,True
863,NQ,Thu,14:00,In-Sample,2024-03-14T18:03:33.369452,2024-03-14 14:03:33,SHORT,18318.75,165.0,True,13.75,True
863,NQ,Thu,14:00,In-Sample,2024-03-14T18:03:33.369452,2024-03-14 14:03:33,SHORT,18318.75,230.0,True,13.75,True
863,NQ,Thu,14:00,In-Sample,2024-03-14T18:03:49,2024-03-14 14:03:49,LONG,18313.25,100.0,True,13.75,True
863,NQ,Thu,14:00,In-Sample,2024-03-14T18:03:49,2024-03-14 14:03:49,LONG,18313.25,30.0,True,13.75,True
863,NQ,Thu,14:00,In-Sample,2024-03-14T18:03:49,2024-03-14 14:03:49,LONG,18313.25,100.0,True,13.75,True
863,NQ,Thu,14:00,In-Sample,2024-03-14T18:03:49,2024-03-14 14:03:49,LONG,18313.25,25.0,True,13.75,True
863,NQ,Thu,14:00,In-Sample,2024-03-14T18:09:38,2024-03-14 14:09:38,LONG,18320.0,100.0,True,13.75,True
863,NQ,Thu,14:00,In-Sample,2024-03-14T18:09:38,2024-03-14 14:09:38,LONG,18320.0,0.0,True,13.75,True
863,NQ,Thu,14:00,In-Sample,2024-03-14T18:09:38,2024-03-14 14:09:38,LONG,18320.0,100.0,True,13.75,True
863,NQ,Thu,14:00,In-Sample,2024-03-14T18:09:38,2024-03-14 14:09:38,LONG,18320.0,0.0,True,13.75,True
863,NQ,Thu,14:00,In-Sample,2024-03-14T18:10:02.674824,2024-03-14 14:10:02,SHORT,18325.75,420.0,True,13.75,True
863,NQ,Thu,14:00,In-Sample,2024-03-14T18:10:02.750564,2024-03-14 14:10:02,SHORT,18325.75,420.0,True,13.75,True
863,NQ,Thu,14:00,In-Sample,2024-03-14T18:10:02.750708,2024-03-14 14:10:02,SHORT,18325.75,420.0,True,13.75,True
863,NQ,Thu,14:00,In-Sample,2024-03-14T18:10:02.750817,2024-03-14 14:10:02,SHORT,18325.75,420.0,True,13.75,True
863,NQ,Thu,14:00,In-Sample,2024-03-14T18:10:02.750893,2024-03-14 14:10:02,SHORT,18325.75,420.0,True,13.75,True
863,NQ,Thu,14:00,In-Sample,2024-03-14T18:10:06.819281,2024-03-14 14:10:06,SHORT,18323.25,-10.0,True,13.75,True
863,NQ,Thu,14:00,In-Sample,2024-03-14T18:10:06.819281,2024-03-14 14:10:06,SHORT,18323.25,-80.0,True,13.75,True
863,NQ,Thu,14:00,In-Sample,2024-03-14T18:10:14.814885,2024-03-14 14:10:14,SHORT,18317.75,-510.0,True,13.75,True
863,NQ,Thu,14:00,In-Sample,2024-03-14T18:10:14.815101,2024-03-14 14:10:14,SHORT,18317.75,-510.0,True,13.75,True
863,NQ,Thu,14:00,In-Sample,2024-03-14T18:10:27.053698,2024-03-14 14:10:27,SHORT,18315.5,215.0,True,13.75,True
863,NQ,Thu,14:00,In-Sample,2024-03-14T18:10:27.142692,2024-03-14 14:10:27,SHORT,18315.5,215.0,True,13.75,True
863,NQ,Thu,14:00,In-Sample,2024-03-14T18:10:27.142826,2024-03-14 14:10:27,SHORT,18315.0,205.0,True,13.75,True
863,NQ,Thu,14:00,In-Sample,2024-03-14T18:11:59,2024-03-14 14:11:59,LONG,18323.25,100.0,True,13.75,True
863,NQ,Thu,14:00,In-Sample,2024-03-14T18:11:59,2024-03-14 14:11:59,LONG,18323.25,110.0,True,13.75,True
863,NQ,Thu,14:00,In-Sample,2024-03-14T18:11:59,2024-03-14 14:11:59,LONG,18323.25,100.0,True,13.75,True
863,NQ,Thu,14:00,In-Sample,2024-03-14T18:11:59,2024-03-14 14:11:59,LONG,18323.25,100.0,True,13.75,True
863,NQ,Thu,14:00,In-Sample,2024-03-14T18:12:08.399055,2024-03-14 14:12:08,SHORT,18332.25,550.0,True,13.75,True
863,NQ,Thu,14:00,In-Sample,2024-03-14T18:12:08.399184,2024-03-14 14:12:08,SHORT,18332.25,550.0,True,13.75,True
863,NQ,Thu,14:00,In-Sample,2024-03-14T18:12:08.523062,2024-03-14 14:12:08,LONG,18329.0,-285.0,True,13.75,True
863,NQ,Thu,14:00,In-Sample,2024-03-14T18:12:09.054710,2024-03-14 14:12:09,SHORT,18328.75,1920.0,True,13.75,True
863,NQ,Thu,14:00,In-Sample,2024-03-14T18:12:11,2024-03-14 14:12:11,SHORT,18328.75,100.0,True,13.75,True
863,NQ,Thu,14:00,In-Sample,2024-03-14T18:12:11,2024-03-14 14:12:11,SHORT,18328.25,100.0,True,13.75,True
863,NQ,Thu,14:00,In-Sample,2024-03-14T18:12:11,2024-03-14 14:12:11,SHORT,18328.25,100.0,True,13.75,True
863,NQ,Thu,14:00,In-Sample,2024-03-14T18:12:11,2024-03-14 14:12:11,SHORT,18328.25,180.0,True,13.75,True
863,NQ,Thu,14:00,In-Sample,2024-03-14T18:12:11.000001,2024-03-14 14:12:11,SHORT,18328.75,200.0,True,13.75,True
863,NQ,Thu,14:00,In-Sample,2024-03-14T18:12:11.000001,2024-03-14 14:12:11,SHORT,18328.75,195.0,True,13.75,True
863,NQ,Thu,14:00,In-Sample,2024-03-14T18:12:11.000001,2024-03-14 14:12:11,SHORT,18328.25,200.0,True,13.75,True
863,NQ,Thu,14:00,In-Sample,2024-03-14T18:12:11.000001,2024-03-14 14:12:11,SHORT,18328.25,185.0,True,13.75,True
863,NQ,Thu,14:00,In-Sample,2024-03-14T18:12:22,2024-03-14 14:12:22,SHORT,18325.0,200.0,True,13.75,True
863,NQ,Thu,14:00,In-Sample,2024-03-14T18:12:22,2024-03-14 14:12:22,SHORT,18325.75,200.0,True,13.75,True
863,NQ,Thu,14:00,In-Sample,2024-03-14T18:12:22,2024-03-14 14:12:22,SHORT,18325.75,200.0,True,13.75,True
863,NQ,Thu,14:00,In-Sample,2024-03-14T18:12:26,2024-03-14 14:12:26,SHORT,18328.5,70.0,True,13.75,True
863,NQ,Thu,14:00,In-Sample,2024-03-14T18:12:26,2024-03-14 14:12:26,SHORT,18328.5,255.0,True,13.75,True
863,NQ,Thu,14:00,In-Sample,2024-03-14T18:12:26,2024-03-14 14:12:26,SHORT,18328.5,255.0,True,13.75,True
863,NQ,Thu,14:00,In-Sample,2024-03-14T18:12:41.437688,2024-03-14 14:12:41,SHORT,18324.25,160.0,True,13.75,True
863,NQ,Thu,14:00,In-Sample,2024-03-14T18:12:41.437688,2024-03-14 14:12:41,SHORT,18324.25,320.0,True,13.75,True
863,NQ,Thu,14:00,In-Sample,2024-03-14T18:12:41.437688,2024-03-14 14:12:41,SHORT,18324.25,180.0,True,13.75,True
863,NQ,Thu,14:00,In-Sample,2024-03-14T18:12:41.437824,2024-03-14 14:12:41,SHORT,18324.25,160.0,True,13.75,True
863,NQ,Thu,14:00,In-Sample,2024-03-14T18:12:41.437824,2024-03-14 14:12:41,SHORT,18324.25,320.0,True,13.75,True
863,NQ,Thu,14:00,In-Sample,2024-03-14T18:12:41.437824,2024-03-14 14:12:41,SHORT,18324.25,180.0,True,13.75,True
863,NQ,Thu,14:00,In-Sample,2024-03-14T18:12:56.473731,2024-03-14 14:12:56,SHORT,18323.25,745.0,True,13.75,True
863,NQ,Thu,14:00,In-Sample,2024-03-14T18:12:56.474074,2024-03-14 14:12:56,SHORT,18323.25,745.0,True,13.75,True
863,NQ,Thu,14:00,In-Sample,2024-03-14T18:16:12,2024-03-14 14:16:12,SHORT,18321.0,100.0,True,13.75,True
863,NQ,Thu,14:00,In-Sample,2024-03-14T18:16:12,2024-03-14 14:16:12,SHORT,18321.0,200.0,True,13.75,True
863,NQ,Thu,14:00,In-Sample,2024-03-14T18:16:12,2024-03-14 14:16:12,SHORT,18321.0,100.0,True,13.75,True
863,NQ,Thu,14:00,In-Sample,2024-03-14T18:16:12,2024-03-14 14:16:12,SHORT,18321.0,200.0,True,13.75,True
863,NQ,Thu,14:00,In-Sample,2024-03-14T18:20:36.489993,2024-03-14 14:20:36,SHORT,18307.25,155.0,True,13.75,True
863,NQ,Thu,14:00,In-Sample,2024-03-14T18:20:36.489993,2024-03-14 14:20:36,SHORT,18307.25,120.0,True,13.75,True
863,NQ,Thu,14:00,In-Sample,2024-03-14T18:21:03,2024-03-14 14:21:03,LONG,18300.0,100.0,True,13.75,True
863,NQ,Thu,14:00,In-Sample,2024-03-14T18:21:03,2024-03-14 14:21:03,LONG,18300.0,5.0,True,13.75,True
863,NQ,Thu,14:00,In-Sample,2024-03-14T18:21:03,2024-03-14 14:21:03,LONG,18300.25,100.0,True,13.75,True
863,NQ,Thu,14:00,In-Sample,2024-03-14T18:21:03,2024-03-14 14:21:03,LONG,18300.25,200.0,True,13.75,True
863,NQ,Thu,14:00,In-Sample,2024-03-14T18:21:06,2024-03-14 14:21:06,LONG,18301.75,200.0,True,13.75,True
863,NQ,Thu,14:00,In-Sample,2024-03-14T18:21:06,2024-03-14 14:21:06,LONG,18302.0,200.0,True,13.75,True
863,NQ,Thu,14:00,In-Sample,2024-03-14T18:21:15,2024-03-14 14:21:15,LONG,18299.0,55.0,True,13.75,True
863,NQ,Thu,14:00,In-Sample,2024-03-14T18:21:15,2024-03-14 14:21:15,LONG,18299.0,65.0,True,13.75,True
863,NQ,Thu,14:00,In-Sample,2024-03-14T18:22:44,2024-03-14 14:22:44,LONG,18306.0,-470.0,True,13.75,True
863,NQ,Thu,14:00,In-Sample,2024-03-14T18:23:21,2024-03-14 14:23:21,LONG,18302.75,-170.0,True,13.75,True
863,NQ,Thu,14:00,In-Sample,2024-03-14T18:23:32.045892,2024-03-14 14:23:32,SHORT,18298.25,-555.0,True,13.75,True
863,NQ,Thu,14:00,In-Sample,2024-03-14T18:23:53,2024-03-14 14:23:53,SHORT,18296.0,-410.0,True,13.75,True
863,NQ,Thu,14:00,In-Sample,2024-03-14T18:23:53,2024-03-14 14:23:53,SHORT,18296.0,-410.0,True,13.75,True
863,NQ,Thu,14:00,In-Sample,2024-03-14T18:24:05,2024-03-14 14:24:05,SHORT,18299.5,-135.0,True,13.75,True
863,NQ,Thu,14:00,In-Sample,2024-03-14T18:24:05,2024-03-14 14:24:05,SHORT,18299.5,-135.0,True,13.75,True
863,NQ,Thu,14:00,In-Sample,2024-03-14T18:25:11.287219,2024-03-14 14:25:11,SHORT,18301.75,260.0,True,13.75,True
863,NQ,Thu,14:00,In-Sample,2024-03-14T18:25:11.881177,2024-03-14 14:25:11,LONG,18302.25,165.0,True,13.75,True
863,NQ,Thu,14:00,In-Sample,2024-03-14T18:25:11.881177,2024-03-14 14:25:11,LONG,18302.25,-120.0,True,13.75,True
863,NQ,Thu,14:00,In-Sample,2024-03-14T18:25:13.105571,2024-03-14 14:25:13,SHORT,18300.5,470.0,True,13.75,True
863,NQ,Thu,14:00,In-Sample,2024-03-14T18:27:26.233643,2024-03-14 14:27:26,SHORT,18311.0,500.0,True,13.75,True
863,NQ,Thu,14:00,In-Sample,2024-03-14T18:27:26.310779,2024-03-14 14:27:26,SHORT,18311.0,500.0,True,13.75,True
863,NQ,Thu,14:00,In-Sample,2024-03-14T18:27:26.310907,2024-03-14 14:27:26,SHORT,18311.0,500.0,True,13.75,True
863,NQ,Thu,14:00,In-Sample,2024-03-14T18:27:26.311022,2024-03-14 14:27:26,SHORT,18311.0,500.0,True,13.75,True
863,NQ,Thu,14:00,In-Sample,2024-03-14T18:27:26.311139,2024-03-14 14:27:26,SHORT,18311.0,500.0,True,13.75,True
863,NQ,Thu,14:00,In-Sample,2024-03-14T18:27:32,2024-03-14 14:27:32,LONG,18311.0,-490.0,True,13.75,True
863,NQ,Thu,14:00,In-Sample,2024-03-14T18:27:32,2024-03-14 14:27:32,LONG,18311.0,-380.0,True,13.75,True
863,NQ,Thu,14:00,In-Sample,2024-03-14T18:27:42,2024-03-14 14:27:42,LONG,18308.5,-195.0,True,13.75,True
863,NQ,Thu,14:00,In-Sample,2024-03-14T18:27:42,2024-03-14 14:27:42,LONG,18308.5,-140.0,True,13.75,True
863,NQ,Thu,14:00,In-Sample,2024-03-14T18:27:44.675817,2024-03-14 14:27:44,SHORT,18302.25,325.0,True,13.75,True
863,NQ,Thu,14:00,In-Sample,2024-03-14T18:27:44.675944,2024-03-14 14:27:44,SHORT,18302.75,335.0,True,13.75,True
863,NQ,Thu,14:00,In-Sample,2024-03-14T18:27:44.752045,2024-03-14 14:27:44,SHORT,18302.75,335.0,True,13.75,True
863,NQ,Thu,14:00,In-Sample,2024-03-14T18:28:12.683949,2024-03-14 14:28:12,SHORT,18299.0,170.0,True,13.75,True
863,NQ,Thu,14:00,In-Sample,2024-03-14T18:28:12.683949,2024-03-14 14:28:12,SHORT,18299.0,170.0,True,13.75,True
863,NQ,Thu,14:00,In-Sample,2024-03-14T18:28:12.683949,2024-03-14 14:28:12,SHORT,18299.0,140.0,True,13.75,True
863,NQ,Thu,14:00,In-Sample,2024-03-21T18:00:08.985243,2024-03-21 14:00:08,SHORT,18614.25,-405.0,True,13.04,True
863,NQ,Thu,14:00,In-Sample,2024-03-21T18:00:08.985342,2024-03-21 14:00:08,SHORT,18614.25,165.0,True,13.04,True
863,NQ,Thu,14:00,In-Sample,2024-03-21T18:00:08.985342,2024-03-21 14:00:08,SHORT,18614.25,330.0,True,13.04,True
863,NQ,Thu,14:00,In-Sample,2024-03-21T18:00:08.985342,2024-03-21 14:00:08,SHORT,18614.25,415.0,True,13.04,True
863,NQ,Thu,14:00,In-Sample,2024-03-21T18:00:08.995471,2024-03-21 14:00:08,SHORT,18614.0,165.0,True,13.04,True
863,NQ,Thu,14:00,In-Sample,2024-03-21T18:00:08.995471,2024-03-21 14:00:08,SHORT,18614.0,330.0,True,13.04,True
863,NQ,Thu,14:00,In-Sample,2024-03-21T18:00:08.995471,2024-03-21 14:00:08,SHORT,18614.0,410.0,True,13.04,True
863,NQ,Thu,14:00,In-Sample,2024-03-21T18:00:10,2024-03-21 14:00:10,SHORT,18614.5,40.0,True,13.04,True
863,NQ,Thu,14:00,In-Sample,2024-03-21T18:00:10,2024-03-21 14:00:10,SHORT,18614.5,40.0,True,13.04,True
863,NQ,Thu,14:00,In-Sample,2024-03-21T18:00:18.652729,2024-03-21 14:00:18,SHORT,18611.0,-555.0,True,13.04,True
863,NQ,Thu,14:00,In-Sample,2024-03-21T18:00:18.652864,2024-03-21 14:00:18,SHORT,18611.0,-555.0,True,13.04,True
863,NQ,Thu,14:00,In-Sample,2024-03-21T18:00:19,2024-03-21 14:00:19,SHORT,18612.75,-410.0,True,13.04,True
863,NQ,Thu,14:00,In-Sample,2024-03-21T18:00:21.000001,2024-03-21 14:00:21,LONG,18613.5,100.0,True,13.04,True
863,NQ,Thu,14:00,In-Sample,2024-03-21T18:00:21.000001,2024-03-21 14:00:21,LONG,18613.5,200.0,True,13.04,True
863,NQ,Thu,14:00,In-Sample,2024-03-21T18:00:21.000001,2024-03-21 14:00:21,LONG,18613.5,100.0,True,13.04,True
863,NQ,Thu,14:00,In-Sample,2024-03-21T18:00:21.000001,2024-03-21 14:00:21,LONG,18613.5,200.0,True,13.04,True
863,NQ,Thu,14:00,In-Sample,2024-03-21T18:00:23,2024-03-21 14:00:23,SHORT,18615.0,-160.0,True,13.04,True
863,NQ,Thu,14:00,In-Sample,2024-03-21T18:00:50.127282,2024-03-21 14:00:50,SHORT,18621.75,-15.0,True,13.04,True
863,NQ,Thu,14:00,In-Sample,2024-03-21T18:00:50.127430,2024-03-21 14:00:50,LONG,18622.25,-30.0,True,13.04,True
863,NQ,Thu,14:00,In-Sample,2024-03-21T18:01:56,2024-03-21 14:01:56,SHORT,18611.25,100.0,True,13.04,True
863,NQ,Thu,14:00,In-Sample,2024-03-21T18:01:56,2024-03-21 14:01:56,SHORT,18611.25,200.0,True,13.04,True
863,NQ,Thu,14:00,In-Sample,2024-03-21T18:01:56,2024-03-21 14:01:56,SHORT,18611.25,100.0,True,13.04,True
863,NQ,Thu,14:00,In-Sample,2024-03-21T18:01:56,2024-03-21 14:01:56,SHORT,18611.25,200.0,True,13.04,True
863,NQ,Thu,14:00,In-Sample,2024-03-21T18:01:57.450693,2024-03-21 14:01:57,SHORT,18610.0,30.0,True,13.04,True
863,NQ,Thu,14:00,In-Sample,2024-03-21T18:01:58.433411,2024-03-21 14:01:58,SHORT,18610.25,165.0,True,13.04,True
863,NQ,Thu,14:00,In-Sample,2024-03-21T18:01:58.433411,2024-03-21 14:01:58,SHORT,18610.25,180.0,True,13.04,True
863,NQ,Thu,14:00,In-Sample,2024-03-21T18:02:12.208997,2024-03-21 14:02:12,SHORT,18602.0,-480.0,True,13.04,True
863,NQ,Thu,14:00,In-Sample,2024-03-21T18:02:49.024100,2024-03-21 14:02:49,LONG,18605.75,125.0,True,13.04,True
863,NQ,Thu,14:00,In-Sample,2024-03-21T18:02:49.024100,2024-03-21 14:02:49,LONG,18605.75,255.0,True,13.04,True
863,NQ,Thu,14:00,In-Sample,2024-03-21T18:02:49.024100,2024-03-21 14:02:49,LONG,18605.75,75.0,True,13.04,True
863,NQ,Thu,14:00,In-Sample,2024-03-21T18:02:49.119481,2024-03-21 14:02:49,LONG,18605.75,-145.0,True,13.04,True
863,NQ,Thu,14:00,In-Sample,2024-03-21T18:02:49.119481,2024-03-21 14:02:49,LONG,18605.75,-480.0,True,13.04,True
863,NQ,Thu,14:00,In-Sample,2024-03-21T18:02:49.119576,2024-03-21 14:02:49,LONG,18605.5,125.0,True,13.04,True
863,NQ,Thu,14:00,In-Sample,2024-03-21T18:02:49.119576,2024-03-21 14:02:49,LONG,18605.5,120.0,True,13.04,True
863,NQ,Thu,14:00,In-Sample,2024-03-21T18:02:49.245248,2024-03-21 14:02:49,LONG,18605.5,125.0,True,13.04,True
863,NQ,Thu,14:00,In-Sample,2024-03-21T18:02:49.245248,2024-03-21 14:02:49,LONG,18605.5,120.0,True,13.04,True
863,NQ,Thu,14:00,In-Sample,2024-03-21T18:02:49.245399,2024-03-21 14:02:49,LONG,18605.5,120.0,True,13.04,True
863,NQ,Thu,14:00,In-Sample,2024-03-21T18:02:49.245399,2024-03-21 14:02:49,LONG,18605.5,-360.0,True,13.04,True
863,NQ,Thu,14:00,In-Sample,2024-03-21T18:02:49.245515,2024-03-21 14:02:49,LONG,18605.5,165.0,True,13.04,True
863,NQ,Thu,14:00,In-Sample,2024-03-21T18:02:49.245515,2024-03-21 14:02:49,LONG,18605.5,260.0,True,13.04,True
863,NQ,Thu,14:00,In-Sample,2024-03-21T18:02:49.245573,2024-03-21 14:02:49,LONG,18605.5,125.0,True,13.04,True
863,NQ,Thu,14:00,In-Sample,2024-03-21T18:02:49.245573,2024-03-21 14:02:49,LONG,18605.5,255.0,True,13.04,True
863,NQ,Thu,14:00,In-Sample,2024-03-21T18:02:49.245573,2024-03-21 14:02:49,LONG,18605.5,80.0,True,13.04,True
863,NQ,Thu,14:00,In-Sample,2024-03-21T18:02:49.245674,2024-03-21 14:02:49,LONG,18605.5,165.0,True,13.04,True
863,NQ,Thu,14:00,In-Sample,2024-03-21T18:02:49.245674,2024-03-21 14:02:49,LONG,18605.5,260.0,True,13.04,True
863,NQ,Thu,14:00,In-Sample,2024-03-21T18:03:37.489739,2024-03-21 14:03:37,LONG,18608.0,160.0,True,13.04,True
863,NQ,Thu,14:00,In-Sample,2024-03-21T18:03:37.489739,2024-03-21 14:03:37,LONG,18608.0,160.0,True,13.04,True
863,NQ,Thu,14:00,In-Sample,2024-03-21T18:05:04.672503,2024-03-21 14:05:04,LONG,18617.0,-195.0,True,13.04,True
863,NQ,Thu,14:00,In-Sample,2024-03-21T18:05:05.203961,2024-03-21 14:05:05,LONG,18616.75,-180.0,True,13.04,True
863,NQ,Thu,14:00,In-Sample,2024-03-21T18:07:40.660970,2024-03-21 14:07:40,SHORT,18607.0,-30.0,True,13.04,True
863,NQ,Thu,14:00,In-Sample,2024-03-21T18:07:50,2024-03-21 14:07:50,LONG,18608.0,-500.0,True,13.04,True
863,NQ,Thu,14:00,In-Sample,2024-03-21T18:07:50,2024-03-21 14:07:50,LONG,18608.0,-400.0,True,13.04,True
863,NQ,Thu,14:00,In-Sample,2024-03-21T18:07:52.604648,2024-03-21 14:07:52,SHORT,18606.0,160.0,True,13.04,True
863,NQ,Thu,14:00,In-Sample,2024-03-21T18:07:52.604648,2024-03-21 14:07:52,SHORT,18606.0,320.0,True,13.04,True
863,NQ,Thu,14:00,In-Sample,2024-03-21T18:07:52.604648,2024-03-21 14:07:52,SHORT,18606.0,315.0,True,13.04,True
863,NQ,Thu,14:00,In-Sample,2024-03-21T18:07:56,2024-03-21 14:07:56,LONG,18605.25,-195.0,True,13.04,True
863,NQ,Thu,14:00,In-Sample,2024-03-21T18:07:56,2024-03-21 14:07:56,LONG,18605.25,-145.0,True,13.04,True
863,NQ,Thu,14:00,In-Sample,2024-03-21T18:08:43.750075,2024-03-21 14:08:43,LONG,18595.75,-60.0,True,13.04,True
863,NQ,Thu,14:00,In-Sample,2024-03-21T18:09:11.726387,2024-03-21 14:09:11,LONG,18593.75,-250.0,True,13.04,True
863,NQ,Thu,14:00,In-Sample,2024-03-21T18:09:11.811323,2024-03-21 14:09:11,LONG,18593.75,-125.0,True,13.04,True
863,NQ,Thu,14:00,In-Sample,2024-03-21T18:09:11.811323,2024-03-21 14:09:11,LONG,18593.75,45.0,True,13.04,True
863,NQ,Thu,14:00,In-Sample,2024-03-21T18:09:11.811464,2024-03-21 14:09:11,LONG,18594.5,-420.0,True,13.04,True
863,NQ,Thu,14:00,In-Sample,2024-03-21T18:09:12.152656,2024-03-21 14:09:12,LONG,18595.0,-450.0,True,13.04,True
863,NQ,Thu,14:00,In-Sample,2024-03-21T18:09:12.217388,2024-03-21 14:09:12,LONG,18595.0,-300.0,True,13.04,True
863,NQ,Thu,14:00,In-Sample,2024-03-21T18:10:23.730824,2024-03-21 14:10:23,LONG,18590.5,110.0,True,13.04,True
863,NQ,Thu,14:00,In-Sample,2024-03-21T18:10:23.730824,2024-03-21 14:10:23,LONG,18590.5,220.0,True,13.04,True
863,NQ,Thu,14:00,In-Sample,2024-03-21T18:10:23.730824,2024-03-21 14:10:23,LONG,18590.5,160.0,True,13.04,True
863,NQ,Thu,14:00,In-Sample,2024-03-21T18:10:23.855543,2024-03-21 14:10:23,LONG,18590.5,-210.0,True,13.04,True
863,NQ,Thu,14:00,In-Sample,2024-03-21T18:10:23.855543,2024-03-21 14:10:23,LONG,18590.5,-490.0,True,13.04,True
863,NQ,Thu,14:00,In-Sample,2024-03-21T18:10:23.855726,2024-03-21 14:10:23,LONG,18590.5,110.0,True,13.04,True
863,NQ,Thu,14:00,In-Sample,2024-03-21T18:10:23.855726,2024-03-21 14:10:23,LONG,18590.5,160.0,True,13.04,True
863,NQ,Thu,14:00,In-Sample,2024-03-21T18:10:23.855789,2024-03-21 14:10:23,LONG,18590.5,110.0,True,13.04,True
863,NQ,Thu,14:00,In-Sample,2024-03-21T18:10:23.855789,2024-03-21 14:10:23,LONG,18590.5,160.0,True,13.04,True
863,NQ,Thu,14:00,In-Sample,2024-03-21T18:10:23.855849,2024-03-21 14:10:23,LONG,18590.5,160.0,True,13.04,True
863,NQ,Thu,14:00,In-Sample,2024-03-21T18:10:23.855849,2024-03-21 14:10:23,LONG,18590.5,70.0,True,13.04,True
863,NQ,Thu,14:00,In-Sample,2024-03-21T18:10:23.855980,2024-03-21 14:10:23,LONG,18590.5,160.0,True,13.04,True
863,NQ,Thu,14:00,In-Sample,2024-03-21T18:10:23.855980,2024-03-21 14:10:23,LONG,18590.5,130.0,True,13.04,True
863,NQ,Thu,14:00,In-Sample,2024-03-21T18:10:23.856043,2024-03-21 14:10:23,LONG,18590.5,110.0,True,13.04,True
863,NQ,Thu,14:00,In-Sample,2024-03-21T18:10:23.856043,2024-03-21 14:10:23,LONG,18590.5,220.0,True,13.04,True
863,NQ,Thu,14:00,In-Sample,2024-03-21T18:10:23.856043,2024-03-21 14:10:23,LONG,18590.5,160.0,True,13.04,True
863,NQ,Thu,14:00,In-Sample,2024-03-21T18:10:23.856159,2024-03-21 14:10:23,LONG,18590.5,160.0,True,13.04,True
863,NQ,Thu,14:00,In-Sample,2024-03-21T18:10:23.856159,2024-03-21 14:10:23,LONG,18590.5,130.0,True,13.04,True
863,NQ,Thu,14:00,In-Sample,2024-03-21T18:12:17.221530,2024-03-21 14:12:17,SHORT,18593.5,-555.0,True,13.04,True
863,NQ,Thu,14:00,In-Sample,2024-03-21T18:12:47.753083,2024-03-21 14:12:47,LONG,18601.25,-450.0,True,13.04,True
863,NQ,Thu,14:00,In-Sample,2024-03-21T18:12:47.820596,2024-03-21 14:12:47,LONG,18601.25,-450.0,True,13.04,True
863,NQ,Thu,14:00,In-Sample,2024-03-21T18:13:38,2024-03-21 14:13:38,SHORT,18595.25,200.0,True,13.04,True
863,NQ,Thu,14:00,In-Sample,2024-03-21T18:13:38,2024-03-21 14:13:38,SHORT,18595.25,200.0,True,13.04,True
863,NQ,Thu,14:00,In-Sample,2024-03-21T18:13:40,2024-03-21 14:13:40,SHORT,18597.0,40.0,True,13.04,True
863,NQ,Thu,14:00,In-Sample,2024-03-21T18:13:40,2024-03-21 14:13:40,SHORT,18597.0,-15.0,True,13.04,True
863,NQ,Thu,14:00,In-Sample,2024-03-21T18:16:42.987672,2024-03-21 14:16:42,SHORT,18593.75,-540.0,True,13.04,True
863,NQ,Thu,14:00,In-Sample,2024-03-21T18:16:43.394018,2024-03-21 14:16:43,SHORT,18593.75,-540.0,True,13.04,True
863,NQ,Thu,14:00,In-Sample,2024-03-21T18:16:43.581562,2024-03-21 14:16:43,SHORT,18594.0,-350.0,True,13.04,True
863,NQ,Thu,14:00,In-Sample,2024-03-21T18:16:43.581672,2024-03-21 14:16:43,SHORT,18594.0,-350.0,True,13.04,True
863,NQ,Thu,14:00,In-Sample,2024-03-21T18:16:43.581734,2024-03-21 14:16:43,SHORT,18594.0,-175.0,True,13.04,True
863,NQ,Thu,14:00,In-Sample,2024-03-21T18:16:54.990094,2024-03-21 14:16:54,SHORT,18592.0,-90.0,True,13.04,True
863,NQ,Thu,14:00,In-Sample,2024-03-21T18:18:59.139105,2024-03-21 14:18:59,LONG,18602.75,25.0,True,13.04,True
863,NQ,Thu,14:00,In-Sample,2024-03-21T18:18:59.536933,2024-03-21 14:18:59,LONG,18603.0,20.0,True,13.04,True
863,NQ,Thu,14:00,In-Sample,2024-03-21T18:18:59.536933,2024-03-21 14:18:59,LONG,18603.0,170.0,True,13.04,True
863,NQ,Thu,14:00,In-Sample,2024-03-21T18:20:17.514879,2024-03-21 14:20:17,LONG,18608.5,75.0,True,13.04,True
863,NQ,Thu,14:00,In-Sample,2024-03-21T18:20:17.514879,2024-03-21 14:20:17,LONG,18608.5,10.0,True,13.04,True
863,NQ,Thu,14:00,In-Sample,2024-03-21T18:20:17.587101,2024-03-21 14:20:17,LONG,18608.5,75.0,True,13.04,True
863,NQ,Thu,14:00,In-Sample,2024-03-21T18:20:17.587101,2024-03-21 14:20:17,LONG,18608.5,10.0,True,13.04,True
863,NQ,Thu,14:00,In-Sample,2024-03-21T18:22:13.956411,2024-03-21 14:22:13,SHORT,18608.75,165.0,True,13.04,True
863,NQ,Thu,14:00,In-Sample,2024-03-21T18:22:13.956411,2024-03-21 14:22:13,SHORT,18608.75,0.0,True,13.04,True
863,NQ,Thu,14:00,In-Sample,2024-03-21T18:24:17.566695,2024-03-21 14:24:17,SHORT,18601.0,-630.0,True,13.04,True
863,NQ,Thu,14:00,In-Sample,2024-03-21T18:25:24.082350,2024-03-21 14:25:24,SHORT,18609.25,-75.0,True,13.04,True
863,NQ,Thu,14:00,In-Sample,2024-03-21T18:26:39.014146,2024-03-21 14:26:39,LONG,18614.5,-180.0,True,13.04,True
863,NQ,Thu,14:00,In-Sample,2024-03-21T18:26:39.095747,2024-03-21 14:26:39,LONG,18614.5,-120.0,True,13.04,True
863,NQ,Thu,14:00,In-Sample,2024-03-21T18:26:39.095883,2024-03-21 14:26:39,LONG,18614.5,-120.0,True,13.04,True
863,NQ,Thu,14:00,In-Sample,2024-03-21T18:26:39.161424,2024-03-21 14:26:39,LONG,18614.75,-65.0,True,13.04,True
863,NQ,Thu,14:00,In-Sample,2024-03-21T18:26:39.161424,2024-03-21 14:26:39,LONG,18614.75,-165.0,True,13.04,True
863,NQ,Thu,14:00,In-Sample,2024-03-21T18:26:39.251847,2024-03-21 14:26:39,LONG,18614.75,-195.0,True,13.04,True
863,NQ,Thu,14:00,In-Sample,2024-03-28T18:00:18.049951,2024-03-28 14:00:18,SHORT,18465.25,140.0,True,12.78,True
863,NQ,Thu,14:00,In-Sample,2024-03-28T18:00:18.049951,2024-03-28 14:00:18,SHORT,18465.25,275.0,True,12.78,True
863,NQ,Thu,14:00,In-Sample,2024-03-28T18:00:18.049951,2024-03-28 14:00:18,SHORT,18465.25,185.0,True,12.78,True
863,NQ,Thu,14:00,In-Sample,2024-03-28T18:01:05.611792,2024-03-28 14:01:05,SHORT,18459.75,75.0,True,12.78,True
863,NQ,Thu,14:00,In-Sample,2024-03-28T18:01:05.611792,2024-03-28 14:01:05,SHORT,18459.75,150.0,True,12.78,True
863,NQ,Thu,14:00,In-Sample,2024-03-28T18:01:05.611792,2024-03-28 14:01:05,SHORT,18459.75,25.0,True,12.78,True
863,NQ,Thu,14:00,In-Sample,2024-03-28T18:01:05.679868,2024-03-28 14:01:05,SHORT,18459.75,75.0,True,12.78,True
863,NQ,Thu,14:00,In-Sample,2024-03-28T18:01:05.679868,2024-03-28 14:01:05,SHORT,18459.75,150.0,True,12.78,True
863,NQ,Thu,14:00,In-Sample,2024-03-28T18:01:05.679868,2024-03-28 14:01:05,SHORT,18459.75,25.0,True,12.78,True
863,NQ,Thu,14:00,In-Sample,2024-03-28T18:01:54,2024-03-28 14:01:54,LONG,18452.25,115.0,True,12.78,True
863,NQ,Thu,14:00,In-Sample,2024-03-28T18:01:54,2024-03-28 14:01:54,LONG,18452.25,115.0,True,12.78,True
863,NQ,Thu,14:00,In-Sample,2024-03-28T18:02:15.113693,2024-03-28 14:02:15,SHORT,18457.25,-685.0,True,12.78,True
863,NQ,Thu,14:00,In-Sample,2024-03-28T18:02:31.000001,2024-03-28 14:02:31,SHORT,18458.0,-75.0,True,12.78,True
863,NQ,Thu,14:00,In-Sample,2024-03-28T18:04:06,2024-03-28 14:04:06,SHORT,18460.5,-25.0,True,12.78,True
863,NQ,Thu,14:00,In-Sample,2024-03-28T18:05:14.784426,2024-03-28 14:05:14,SHORT,18455.5,-375.0,True,12.78,True
863,NQ,Thu,14:00,In-Sample,2024-03-28T18:05:27,2024-03-28 14:05:27,LONG,18461.75,100.0,True,12.78,True
863,NQ,Thu,14:00,In-Sample,2024-03-28T18:05:27.000001,2024-03-28 14:05:27,LONG,18461.75,200.0,True,12.78,True
863,NQ,Thu,14:00,In-Sample,2024-03-28T18:05:27.000001,2024-03-28 14:05:27,LONG,18461.75,95.0,True,12.78,True
863,NQ,Thu,14:00,In-Sample,2024-03-28T18:05:28.567536,2024-03-28 14:05:28,SHORT,18463.0,-865.0,True,12.78,True
863,NQ,Thu,14:00,In-Sample,2024-03-28T18:05:28.658962,2024-03-28 14:05:28,SHORT,18462.75,-870.0,True,12.78,True
863,NQ,Thu,14:00,In-Sample,2024-03-28T18:05:28.659026,2024-03-28 14:05:28,SHORT,18462.75,-870.0,True,12.78,True
863,NQ,Thu,14:00,In-Sample,2024-03-28T18:05:49.509024,2024-03-28 14:05:49,SHORT,18467.25,-485.0,True,12.78,True
863,NQ,Thu,14:00,In-Sample,2024-03-28T18:06:07.313410,2024-03-28 14:06:07,SHORT,18469.75,-730.0,True,12.78,True
863,NQ,Thu,14:00,In-Sample,2024-03-28T18:06:07.375645,2024-03-28 14:06:07,SHORT,18469.75,-730.0,True,12.78,True
863,NQ,Thu,14:00,In-Sample,2024-03-28T18:06:09.230037,2024-03-28 14:06:09,SHORT,18470.0,-725.0,True,12.78,True
863,NQ,Thu,14:00,In-Sample,2024-03-28T18:06:58.581843,2024-03-28 14:06:58,SHORT,18471.25,-405.0,True,12.78,True
863,NQ,Thu,14:00,In-Sample,2024-03-28T18:09:37.301267,2024-03-28 14:09:37,SHORT,18471.0,-390.0,True,12.78,True
863,NQ,Thu,14:00,In-Sample,2024-03-28T18:09:37.333194,2024-03-28 14:09:37,SHORT,18471.25,-700.0,True,12.78,True
863,NQ,Thu,14:00,In-Sample,2024-03-28T18:09:37.429331,2024-03-28 14:09:37,SHORT,18471.25,-700.0,True,12.78,True
863,NQ,Thu,14:00,In-Sample,2024-03-28T18:11:01.081747,2024-03-28 14:11:01,SHORT,18471.0,-705.0,True,12.78,True
863,NQ,Thu,14:00,In-Sample,2024-03-28T18:12:01.511468,2024-03-28 14:12:01,LONG,18477.5,-210.0,True,12.78,True
863,NQ,Thu,14:00,In-Sample,2024-03-28T18:12:01.511547,2024-03-28 14:12:01,LONG,18477.5,-200.0,True,12.78,True
863,NQ,Thu,14:00,In-Sample,2024-03-28T18:12:01.511596,2024-03-28 14:12:01,LONG,18477.5,-440.0,True,12.78,True
863,NQ,Thu,14:00,In-Sample,2024-03-28T18:12:01.511637,2024-03-28 14:12:01,LONG,18477.5,-330.0,True,12.78,True
863,NQ,Thu,14:00,In-Sample,2024-03-28T18:12:01.511637,2024-03-28 14:12:01,LONG,18477.5,-215.0,True,12.78,True
863,NQ,Thu,14:00,In-Sample,2024-03-28T18:12:01.511637,2024-03-28 14:12:01,LONG,18477.5,-30.0,True,12.78,True
863,NQ,Thu,14:00,In-Sample,2024-03-28T18:12:01.511683,2024-03-28 14:12:01,LONG,18477.5,-330.0,True,12.78,True
863,NQ,Thu,14:00,In-Sample,2024-03-28T18:12:01.511683,2024-03-28 14:12:01,LONG,18477.5,-215.0,True,12.78,True
863,NQ,Thu,14:00,In-Sample,2024-03-28T18:12:01.511683,2024-03-28 14:12:01,LONG,18477.5,-30.0,True,12.78,True
863,NQ,Thu,14:00,In-Sample,2024-03-28T18:12:02.043606,2024-03-28 14:12:02,LONG,18477.25,-325.0,True,12.78,True
863,NQ,Thu,14:00,In-Sample,2024-03-28T18:12:02.043606,2024-03-28 14:12:02,LONG,18477.25,-25.0,True,12.78,True
863,NQ,Thu,14:00,In-Sample,2024-03-28T18:15:35.972605,2024-03-28 14:15:35,LONG,18478.25,-465.0,True,12.78,True
863,NQ,Thu,14:00,In-Sample,2024-03-28T18:15:36.053287,2024-03-28 14:15:36,LONG,18478.25,-465.0,True,12.78,True
863,NQ,Thu,14:00,In-Sample,2024-03-28T18:15:37,2024-03-28 14:15:37,LONG,18478.25,-470.0,True,12.78,True
863,NQ,Thu,14:00,In-Sample,2024-03-28T18:16:05,2024-03-28 14:16:05,LONG,18476.0,-270.0,True,12.78,True
863,NQ,Thu,14:00,In-Sample,2024-03-28T18:16:16.990699,2024-03-28 14:16:16,SHORT,18474.5,135.0,True,12.78,True
863,NQ,Thu,14:00,In-Sample,2024-03-28T18:16:16.990699,2024-03-28 14:16:16,SHORT,18474.5,70.0,True,12.78,True
863,NQ,Thu,14:00,In-Sample,2024-03-28T18:17:13.020855,2024-03-28 14:17:13,SHORT,18468.5,-90.0,True,12.78,True
863,NQ,Thu,14:00,In-Sample,2024-03-28T18:19:39.689305,2024-03-28 14:19:39,LONG,18466.75,655.0,True,12.78,True
863,NQ,Thu,14:00,In-Sample,2024-03-28T18:19:39.689359,2024-03-28 14:19:39,LONG,18466.75,-115.0,True,12.78,True
863,NQ,Thu,14:00,In-Sample,2024-03-28T18:19:39.689398,2024-03-28 14:19:39,LONG,18466.5,-110.0,True,12.78,True
863,NQ,Thu,14:00,In-Sample,2024-03-28T18:19:39.689435,2024-03-28 14:19:39,LONG,18466.75,655.0,True,12.78,True
863,NQ,Thu,14:00,In-Sample,2024-03-28T18:19:40.254235,2024-03-28 14:19:40,SHORT,18466.0,90.0,True,12.78,True
863,NQ,Thu,14:00,In-Sample,2024-03-28T18:19:40.254235,2024-03-28 14:19:40,SHORT,18466.0,225.0,True,12.78,True
863,NQ,Thu,14:00,In-Sample,2024-03-28T18:19:40.254235,2024-03-28 14:19:40,SHORT,18466.0,120.0,True,12.78,True
863,NQ,Thu,14:00,In-Sample,2024-03-28T18:20:32.721559,2024-03-28 14:20:32,LONG,18469.5,130.0,True,12.78,True
863,NQ,Thu,14:00,In-Sample,2024-03-28T18:20:32.794433,2024-03-28 14:20:32,LONG,18469.5,130.0,True,12.78,True
863,NQ,Thu,14:00,In-Sample,2024-03-28T18:20:52.729591,2024-03-28 14:20:52,SHORT,18472.25,-60.0,True,12.78,True
863,NQ,Thu,14:00,In-Sample,2024-03-28T18:24:00.255535,2024-03-28 14:24:00,SHORT,18465.5,-585.0,True,12.78,True
863,NQ,Thu,14:00,In-Sample,2024-04-04T18:00:17.931893,2024-04-04 14:00:17,LONG,18485.0,90.0,True,14.33,True
863,NQ,Thu,14:00,In-Sample,2024-04-04T18:00:18.363988,2024-04-04 14:00:18,SHORT,18485.5,-180.0,True,14.33,True
863,NQ,Thu,14:00,In-Sample,2024-04-04T18:00:18.434320,2024-04-04 14:00:18,SHORT,18485.5,-180.0,True,14.33,True
863,NQ,Thu,14:00,In-Sample,2024-04-04T18:00:18.434508,2024-04-04 14:00:18,SHORT,18484.5,-330.0,True,14.33,True
863,NQ,Thu,14:00,In-Sample,2024-04-04T18:00:18.625786,2024-04-04 14:00:18,SHORT,18485.75,-255.0,True,14.33,True
863,NQ,Thu,14:00,In-Sample,2024-04-04T18:00:18.626090,2024-04-04 14:00:18,SHORT,18485.75,-170.0,True,14.33,True
863,NQ,Thu,14:00,In-Sample,2024-04-04T18:00:21.571190,2024-04-04 14:00:21,LONG,18489.75,-360.0,True,14.33,True
863,NQ,Thu,14:00,In-Sample,2024-04-04T18:00:34.437502,2024-04-04 14:00:34,SHORT,18487.0,-260.0,True,14.33,True
863,NQ,Thu,14:00,In-Sample,2024-04-04T18:00:34.437626,2024-04-04 14:00:34,SHORT,18487.0,-390.0,True,14.33,True
863,NQ,Thu,14:00,In-Sample,2024-04-04T18:00:34.438209,2024-04-04 14:00:34,SHORT,18487.0,-390.0,True,14.33,True
863,NQ,Thu,14:00,In-Sample,2024-04-04T18:00:34.562983,2024-04-04 14:00:34,SHORT,18486.75,-270.0,True,14.33,True
863,NQ,Thu,14:00,In-Sample,2024-04-04T18:01:31.348858,2024-04-04 14:01:31,SHORT,18487.5,-130.0,True,14.33,True
863,NQ,Thu,14:00,In-Sample,2024-04-04T18:01:31.416750,2024-04-04 14:01:31,SHORT,18487.75,-180.0,True,14.33,True
863,NQ,Thu,14:00,In-Sample,2024-04-04T18:01:31.416869,2024-04-04 14:01:31,SHORT,18487.75,-180.0,True,14.33,True
863,NQ,Thu,14:00,In-Sample,2024-04-04T18:01:31.573834,2024-04-04 14:01:31,SHORT,18487.75,-120.0,True,14.33,True
863,NQ,Thu,14:00,In-Sample,2024-04-04T18:02:58.867568,2024-04-04 14:02:58,SHORT,18486.0,-150.0,True,14.33,True
863,NQ,Thu,14:00,In-Sample,2024-04-04T18:02:58.933674,2024-04-04 14:02:58,SHORT,18486.0,-150.0,True,14.33,True
863,NQ,Thu,14:00,In-Sample,2024-04-04T18:02:58.933828,2024-04-04 14:02:58,SHORT,18486.0,-100.0,True,14.33,True
863,NQ,Thu,14:00,In-Sample,2024-04-04T18:02:59.122123,2024-04-04 14:02:59,SHORT,18486.0,150.0,True,14.33,True
863,NQ,Thu,14:00,In-Sample,2024-04-04T18:02:59.122123,2024-04-04 14:02:59,SHORT,18486.0,300.0,True,14.33,True
863,NQ,Thu,14:00,In-Sample,2024-04-04T18:02:59.122123,2024-04-04 14:02:59,SHORT,18486.0,1080.0,True,14.33,True
863,NQ,Thu,14:00,In-Sample,2024-04-04T18:02:59.383921,2024-04-04 14:02:59,SHORT,18486.0,-100.0,True,14.33,True
863,NQ,Thu,14:00,In-Sample,2024-04-04T18:03:04,2024-04-04 14:03:04,LONG,18488.25,100.0,True,14.33,True
863,NQ,Thu,14:00,In-Sample,2024-04-04T18:03:04,2024-04-04 14:03:04,LONG,18488.25,35.0,True,14.33,True
863,NQ,Thu,14:00,In-Sample,2024-04-04T18:04:19.858916,2024-04-04 14:04:19,SHORT,18482.75,100.0,True,14.33,True
863,NQ,Thu,14:00,In-Sample,2024-04-04T18:04:19.858916,2024-04-04 14:04:19,SHORT,18482.75,280.0,True,14.33,True
863,NQ,Thu,14:00,In-Sample,2024-04-04T18:04:19.951560,2024-04-04 14:04:19,SHORT,18482.5,100.0,True,14.33,True
863,NQ,Thu,14:00,In-Sample,2024-04-04T18:04:19.951560,2024-04-04 14:04:19,SHORT,18482.5,195.0,True,14.33,True
863,NQ,Thu,14:00,In-Sample,2024-04-04T18:04:19.951560,2024-04-04 14:04:19,SHORT,18482.5,275.0,True,14.33,True
863,NQ,Thu,14:00,In-Sample,2024-04-04T18:04:19.951799,2024-04-04 14:04:19,SHORT,18482.5,100.0,True,14.33,True
863,NQ,Thu,14:00,In-Sample,2024-04-04T18:04:19.951799,2024-04-04 14:04:19,SHORT,18482.5,195.0,True,14.33,True
863,NQ,Thu,14:00,In-Sample,2024-04-04T18:04:19.951799,2024-04-04 14:04:19,SHORT,18482.5,275.0,True,14.33,True
863,NQ,Thu,14:00,In-Sample,2024-04-04T18:04:20.109204,2024-04-04 14:04:20,SHORT,18482.25,100.0,True,14.33,True
863,NQ,Thu,14:00,In-Sample,2024-04-04T18:04:20.109204,2024-04-04 14:04:20,SHORT,18482.25,270.0,True,14.33,True
863,NQ,Thu,14:00,In-Sample,2024-04-04T18:05:26.944227,2024-04-04 14:05:26,SHORT,18480.5,0.0,True,14.33,True
863,NQ,Thu,14:00,In-Sample,2024-04-04T18:05:27.159046,2024-04-04 14:05:27,SHORT,18480.5,-15.0,True,14.33,True
863,NQ,Thu,14:00,In-Sample,2024-04-04T18:05:32,2024-04-04 14:05:32,LONG,18477.5,-350.0,True,14.33,True
863,NQ,Thu,14:00,In-Sample,2024-04-04T18:05:33,2024-04-04 14:05:33,LONG,18478.0,-370.0,True,14.33,True
863,NQ,Thu,14:00,In-Sample,2024-04-04T18:05:44,2024-04-04 14:05:44,LONG,18475.0,-125.0,True,14.33,True
863,NQ,Thu,14:00,In-Sample,2024-04-04T18:06:09,2024-04-04 14:06:09,LONG,18473.75,-100.0,True,14.33,True
863,NQ,Thu,14:00,In-Sample,2024-04-04T18:06:09,2024-04-04 14:06:09,LONG,18473.75,-100.0,True,14.33,True
863,NQ,Thu,14:00,In-Sample,2024-04-04T18:06:09.096783,2024-04-04 14:06:09,SHORT,18466.0,-180.0,True,14.33,True
863,NQ,Thu,14:00,In-Sample,2024-04-04T18:06:09.406796,2024-04-04 14:06:09,SHORT,18466.5,-150.0,True,14.33,True
863,NQ,Thu,14:00,In-Sample,2024-04-04T18:06:16.034488,2024-04-04 14:06:16,LONG,18463.75,100.0,True,14.33,True
863,NQ,Thu,14:00,In-Sample,2024-04-04T18:06:16.034488,2024-04-04 14:06:16,LONG,18463.75,-80.0,True,14.33,True
863,NQ,Thu,14:00,In-Sample,2024-04-04T18:06:17,2024-04-04 14:06:17,SHORT,18463.5,200.0,True,14.33,True
863,NQ,Thu,14:00,In-Sample,2024-04-04T18:06:18,2024-04-04 14:06:18,SHORT,18464.5,115.0,True,14.33,True
863,NQ,Thu,14:00,In-Sample,2024-04-04T18:07:02.578168,2024-04-04 14:07:02,LONG,18461.25,-60.0,True,14.33,True
863,NQ,Thu,14:00,In-Sample,2024-04-04T18:07:25.000001,2024-04-04 14:07:25,LONG,18458.75,60.0,True,14.33,True
863,NQ,Thu,14:00,In-Sample,2024-04-04T18:07:33.867927,2024-04-04 14:07:33,LONG,18465.0,-615.0,True,14.33,True
863,NQ,Thu,14:00,In-Sample,2024-04-04T18:07:33.957519,2024-04-04 14:07:33,LONG,18465.0,-615.0,True,14.33,True
863,NQ,Thu,14:00,In-Sample,2024-04-04T18:07:34.395129,2024-04-04 14:07:34,LONG,18465.75,-440.0,True,14.33,True
863,NQ,Thu,14:00,In-Sample,2024-04-04T18:07:34.395251,2024-04-04 14:07:34,LONG,18465.75,-440.0,True,14.33,True
863,NQ,Thu,14:00,In-Sample,2024-04-04T18:07:34.395328,2024-04-04 14:07:34,LONG,18465.75,-660.0,True,14.33,True
863,NQ,Thu,14:00,In-Sample,2024-04-04T18:07:34.521644,2024-04-04 14:07:34,LONG,18465.75,-660.0,True,14.33,True
863,NQ,Thu,14:00,In-Sample,2024-04-04T18:07:34.522649,2024-04-04 14:07:34,LONG,18465.75,-660.0,True,14.33,True
863,NQ,Thu,14:00,In-Sample,2024-04-04T18:07:34.523206,2024-04-04 14:07:34,LONG,18465.75,-440.0,True,14.33,True
863,NQ,Thu,14:00,In-Sample,2024-04-04T18:08:20,2024-04-04 14:08:20,SHORT,18459.25,70.0,True,14.33,True
863,NQ,Thu,14:00,In-Sample,2024-04-04T18:09:41.391597,2024-04-04 14:09:41,LONG,18458.0,-360.0,True,14.33,True
863,NQ,Thu,14:00,In-Sample,2024-04-04T18:09:41.482690,2024-04-04 14:09:41,LONG,18458.0,-360.0,True,14.33,True
863,NQ,Thu,14:00,In-Sample,2024-04-04T18:09:41.482881,2024-04-04 14:09:41,LONG,18458.0,-360.0,True,14.33,True
863,NQ,Thu,14:00,In-Sample,2024-04-04T18:10:00.912774,2024-04-04 14:10:00,LONG,18451.0,-75.0,True,14.33,True
863,NQ,Thu,14:00,In-Sample,2024-04-04T18:10:21.351093,2024-04-04 14:10:21,LONG,18445.75,-210.0,True,14.33,True
863,NQ,Thu,14:00,In-Sample,2024-04-04T18:10:34.432888,2024-04-04 14:10:34,LONG,18443.5,-195.0,True,14.33,True
863,NQ,Thu,14:00,In-Sample,2024-04-04T18:10:47.845682,2024-04-04 14:10:47,LONG,18429.25,45.0,True,14.33,True
863,NQ,Thu,14:00,In-Sample,2024-04-04T18:11:17.453435,2024-04-04 14:11:17,LONG,18429.25,160.0,True,14.33,True
863,NQ,Thu,14:00,In-Sample,2024-04-04T18:11:17.453435,2024-04-04 14:11:17,LONG,18429.25,330.0,True,14.33,True
863,NQ,Thu,14:00,In-Sample,2024-04-04T18:11:17.969410,2024-04-04 14:11:17,LONG,18428.5,160.0,True,14.33,True
863,NQ,Thu,14:00,In-Sample,2024-04-04T18:11:17.969410,2024-04-04 14:11:17,LONG,18428.5,200.0,True,14.33,True
863,NQ,Thu,14:00,In-Sample,2024-04-04T18:11:18.123303,2024-04-04 14:11:18,LONG,18428.5,160.0,True,14.33,True
863,NQ,Thu,14:00,In-Sample,2024-04-04T18:11:18.123303,2024-04-04 14:11:18,LONG,18428.5,200.0,True,14.33,True
863,NQ,Thu,14:00,In-Sample,2024-04-04T18:11:19,2024-04-04 14:11:19,LONG,18428.5,100.0,True,14.33,True
863,NQ,Thu,14:00,In-Sample,2024-04-04T18:11:19,2024-04-04 14:11:19,LONG,18428.5,200.0,True,14.33,True
863,NQ,Thu,14:00,In-Sample,2024-04-04T18:11:24.875213,2024-04-04 14:11:24,LONG,18436.0,120.0,True,14.33,True
863,NQ,Thu,14:00,In-Sample,2024-04-04T18:11:24.875213,2024-04-04 14:11:24,LONG,18436.0,15.0,True,14.33,True
863,NQ,Thu,14:00,In-Sample,2024-04-04T18:11:25.063091,2024-04-04 14:11:25,LONG,18436.0,120.0,True,14.33,True
863,NQ,Thu,14:00,In-Sample,2024-04-04T18:11:25.063091,2024-04-04 14:11:25,LONG,18436.0,15.0,True,14.33,True
863,NQ,Thu,14:00,In-Sample,2024-04-04T18:11:25.063171,2024-04-04 14:11:25,LONG,18436.0,120.0,True,14.33,True
863,NQ,Thu,14:00,In-Sample,2024-04-04T18:11:25.063171,2024-04-04 14:11:25,LONG,18436.0,-640.0,True,14.33,True
863,NQ,Thu,14:00,In-Sample,2024-04-04T18:11:25.063249,2024-04-04 14:11:25,LONG,18436.0,120.0,True,14.33,True
863,NQ,Thu,14:00,In-Sample,2024-04-04T18:11:25.063249,2024-04-04 14:11:25,LONG,18436.0,-640.0,True,14.33,True
863,NQ,Thu,14:00,In-Sample,2024-04-04T18:11:25.159452,2024-04-04 14:11:25,LONG,18436.25,120.0,True,14.33,True
863,NQ,Thu,14:00,In-Sample,2024-04-04T18:11:25.159452,2024-04-04 14:11:25,LONG,18436.25,-25.0,True,14.33,True
863,NQ,Thu,14:00,In-Sample,2024-04-04T18:11:26,2024-04-04 14:11:26,LONG,18436.0,100.0,True,14.33,True
863,NQ,Thu,14:00,In-Sample,2024-04-04T18:11:26,2024-04-04 14:11:26,LONG,18436.0,5.0,True,14.33,True
863,NQ,Thu,14:00,In-Sample,2024-04-04T18:11:26,2024-04-04 14:11:26,LONG,18436.0,100.0,True,14.33,True
863,NQ,Thu,14:00,In-Sample,2024-04-04T18:11:26,2024-04-04 14:11:26,LONG,18436.0,5.0,True,14.33,True
863,NQ,Thu,14:00,In-Sample,2024-04-04T18:13:03.363854,2024-04-04 14:13:03,SHORT,18430.75,120.0,True,14.33,True
863,NQ,Thu,14:00,In-Sample,2024-04-04T18:13:03.363854,2024-04-04 14:13:03,SHORT,18430.75,-40.0,True,14.33,True
863,NQ,Thu,14:00,In-Sample,2024-04-04T18:13:03.428656,2024-04-04 14:13:03,SHORT,18430.75,120.0,True,14.33,True
863,NQ,Thu,14:00,In-Sample,2024-04-04T18:13:03.428656,2024-04-04 14:13:03,SHORT,18430.75,-40.0,True,14.33,True
863,NQ,Thu,14:00,In-Sample,2024-04-04T18:13:03.550200,2024-04-04 14:13:03,SHORT,18431.0,120.0,True,14.33,True
863,NQ,Thu,14:00,In-Sample,2024-04-04T18:13:03.550200,2024-04-04 14:13:03,SHORT,18431.0,25.0,True,14.33,True
863,NQ,Thu,14:00,In-Sample,2024-04-04T18:13:20.491006,2024-04-04 14:13:20,SHORT,18425.0,150.0,True,14.33,True
863,NQ,Thu,14:00,In-Sample,2024-04-04T18:13:20.491006,2024-04-04 14:13:20,SHORT,18425.0,305.0,True,14.33,True
863,NQ,Thu,14:00,In-Sample,2024-04-04T18:13:20.491006,2024-04-04 14:13:20,SHORT,18425.0,150.0,True,14.33,True
863,NQ,Thu,14:00,In-Sample,2024-04-04T18:13:22,2024-04-04 14:13:22,SHORT,18426.0,200.0,True,14.33,True
863,NQ,Thu,14:00,In-Sample,2024-04-04T18:13:23,2024-04-04 14:13:23,SHORT,18428.25,245.0,True,14.33,True
863,NQ,Thu,14:00,In-Sample,2024-04-04T18:15:01,2024-04-04 14:15:01,SHORT,18409.75,10.0,True,14.33,True
863,NQ,Thu,14:00,In-Sample,2024-04-04T18:15:01,2024-04-04 14:15:01,SHORT,18409.75,50.0,True,14.33,True
863,NQ,Thu,14:00,In-Sample,2024-04-04T18:15:07.894490,2024-04-04 14:15:07,LONG,18415.75,-600.0,True,14.33,True
863,NQ,Thu,14:00,In-Sample,2024-04-04T18:15:07.984313,2024-04-04 14:15:07,LONG,18415.5,-585.0,True,14.33,True
863,NQ,Thu,14:00,In-Sample,2024-04-04T18:15:07.984445,2024-04-04 14:15:07,LONG,18415.5,-585.0,True,14.33,True
863,NQ,Thu,14:00,In-Sample,2024-04-04T18:15:52,2024-04-04 14:15:52,SHORT,18409.25,200.0,True,14.33,True
863,NQ,Thu,14:00,In-Sample,2024-04-04T18:15:58,2024-04-04 14:15:58,SHORT,18412.25,70.0,True,14.33,True
863,NQ,Thu,14:00,In-Sample,2024-04-04T18:16:10.491837,2024-04-04 14:16:10,SHORT,18407.5,160.0,True,14.33,True
863,NQ,Thu,14:00,In-Sample,2024-04-04T18:16:10.491837,2024-04-04 14:16:10,SHORT,18407.5,320.0,True,14.33,True
863,NQ,Thu,14:00,In-Sample,2024-04-04T18:16:10.491837,2024-04-04 14:16:10,SHORT,18407.5,335.0,True,14.33,True
863,NQ,Thu,14:00,In-Sample,2024-04-04T18:16:41.864533,2024-04-04 14:16:41,LONG,18410.5,-390.0,True,14.33,True
863,NQ,Thu,14:00,In-Sample,2024-04-04T18:16:41.934689,2024-04-04 14:16:41,LONG,18410.5,-390.0,True,14.33,True
863,NQ,Thu,14:00,In-Sample,2024-04-04T18:16:42.090172,2024-04-04 14:16:42,LONG,18410.5,-585.0,True,14.33,True
863,NQ,Thu,14:00,In-Sample,2024-04-04T18:16:42.090294,2024-04-04 14:16:42,LONG,18410.5,-585.0,True,14.33,True
863,NQ,Thu,14:00,In-Sample,2024-04-04T18:16:42.090764,2024-04-04 14:16:42,LONG,18410.5,-585.0,True,14.33,True
863,NQ,Thu,14:00,In-Sample,2024-04-04T18:16:42.091349,2024-04-04 14:16:42,LONG,18410.5,-585.0,True,14.33,True
863,NQ,Thu,14:00,In-Sample,2024-04-04T18:16:42.091496,2024-04-04 14:16:42,LONG,18410.5,-390.0,True,14.33,True
863,NQ,Thu,14:00,In-Sample,2024-04-04T18:16:42.091576,2024-04-04 14:16:42,LONG,18410.5,-585.0,True,14.33,True
863,NQ,Thu,14:00,In-Sample,2024-04-04T18:17:00,2024-04-04 14:17:00,SHORT,18408.0,200.0,True,14.33,True
863,NQ,Thu,14:00,In-Sample,2024-04-04T18:17:06,2024-04-04 14:17:06,SHORT,18411.25,60.0,True,14.33,True
863,NQ,Thu,14:00,In-Sample,2024-04-04T18:18:17.381076,2024-04-04 14:18:17,SHORT,18380.75,-330.0,True,14.33,True
863,NQ,Thu,14:00,In-Sample,2024-04-04T18:18:17.464107,2024-04-04 14:18:17,SHORT,18380.5,-345.0,True,14.33,True
863,NQ,Thu,14:00,In-Sample,2024-04-04T18:18:17.619617,2024-04-04 14:18:17,SHORT,18381.0,-420.0,True,14.33,True
863,NQ,Thu,14:00,In-Sample,2024-04-04T18:18:21.493354,2024-04-04 14:18:21,LONG,18389.0,-410.0,True,14.33,True
863,NQ,Thu,14:00,In-Sample,2024-04-04T18:18:21.493493,2024-04-04 14:18:21,LONG,18389.0,-410.0,True,14.33,True
863,NQ,Thu,14:00,In-Sample,2024-04-04T18:18:21.643176,2024-04-04 14:18:21,LONG,18389.0,-615.0,True,14.33,True
863,NQ,Thu,14:00,In-Sample,2024-04-04T18:18:21.643316,2024-04-04 14:18:21,LONG,18389.0,-615.0,True,14.33,True
863,NQ,Thu,14:00,In-Sample,2024-04-04T18:18:21.643437,2024-04-04 14:18:21,LONG,18389.0,-615.0,True,14.33,True
863,NQ,Thu,14:00,In-Sample,2024-04-04T18:18:21.643516,2024-04-04 14:18:21,LONG,18389.0,-615.0,True,14.33,True
863,NQ,Thu,14:00,In-Sample,2024-04-04T18:18:21.643658,2024-04-04 14:18:21,LONG,18389.0,-410.0,True,14.33,True
863,NQ,Thu,14:00,In-Sample,2024-04-04T18:18:21.643776,2024-04-04 14:18:21,LONG,18389.0,-615.0,True,14.33,True
863,NQ,Thu,14:00,In-Sample,2024-04-04T18:18:21.908787,2024-04-04 14:18:21,LONG,18388.0,90.0,True,14.33,True
863,NQ,Thu,14:00,In-Sample,2024-04-04T18:19:20.023488,2024-04-04 14:19:20,LONG,18378.0,-45.0,True,14.33,True
863,NQ,Thu,14:00,In-Sample,2024-04-04T18:19:31.429592,2024-04-04 14:19:31,LONG,18389.0,-810.0,True,14.33,True
863,NQ,Thu,14:00,In-Sample,2024-04-04T18:19:31.586409,2024-04-04 14:19:31,LONG,18388.75,-795.0,True,14.33,True
863,NQ,Thu,14:00,In-Sample,2024-04-04T18:19:31.684170,2024-04-04 14:19:31,LONG,18388.75,-795.0,True,14.33,True
863,NQ,Thu,14:00,In-Sample,2024-04-04T18:19:37.404235,2024-04-04 14:19:37,LONG,18393.75,-330.0,True,14.33,True
863,NQ,Thu,14:00,In-Sample,2024-04-04T18:19:37.489598,2024-04-04 14:19:37,LONG,18393.75,-330.0,True,14.33,True
863,NQ,Thu,14:00,In-Sample,2024-04-04T18:19:58.926454,2024-04-04 14:19:58,SHORT,18384.25,0.0,True,14.33,True
863,NQ,Thu,14:00,In-Sample,2024-04-04T18:20:47.518703,2024-04-04 14:20:47,LONG,18390.0,-60.0,True,14.33,True
863,NQ,Thu,14:00,In-Sample,2024-04-04T18:20:47.590967,2024-04-04 14:20:47,LONG,18390.0,190.0,True,14.33,True
863,NQ,Thu,14:00,In-Sample,2024-04-04T18:20:47.590967,2024-04-04 14:20:47,LONG,18390.0,250.0,True,14.33,True
863,NQ,Thu,14:00,In-Sample,2024-04-04T18:20:47.706470,2024-04-04 14:20:47,LONG,18390.0,190.0,True,14.33,True
863,NQ,Thu,14:00,In-Sample,2024-04-04T18:20:47.706470,2024-04-04 14:20:47,LONG,18390.0,250.0,True,14.33,True
863,NQ,Thu,14:00,In-Sample,2024-04-04T18:20:57.427033,2024-04-04 14:20:57,LONG,18397.25,-270.0,True,14.33,True
863,NQ,Thu,14:00,In-Sample,2024-04-04T18:20:57.521744,2024-04-04 14:20:57,LONG,18397.25,-270.0,True,14.33,True
863,NQ,Thu,14:00,In-Sample,2024-04-04T18:21:02.573444,2024-04-04 14:21:02,LONG,18398.0,-795.0,True,14.33,True
863,NQ,Thu,14:00,In-Sample,2024-04-04T18:21:33.056433,2024-04-04 14:21:33,SHORT,18389.75,145.0,True,14.33,True
863,NQ,Thu,14:00,In-Sample,2024-04-04T18:21:33.056433,2024-04-04 14:21:33,SHORT,18389.75,-30.0,True,14.33,True
863,NQ,Thu,14:00,In-Sample,2024-04-04T18:21:33.165654,2024-04-04 14:21:33,SHORT,18389.75,145.0,True,14.33,True
863,NQ,Thu,14:00,In-Sample,2024-04-04T18:21:33.165654,2024-04-04 14:21:33,SHORT,18389.75,-30.0,True,14.33,True
863,NQ,Thu,14:00,In-Sample,2024-04-04T18:21:33.165770,2024-04-04 14:21:33,SHORT,18389.75,145.0,True,14.33,True
863,NQ,Thu,14:00,In-Sample,2024-04-04T18:21:33.165770,2024-04-04 14:21:33,SHORT,18389.75,-360.0,True,14.33,True
863,NQ,Thu,14:00,In-Sample,2024-04-04T18:21:33.289595,2024-04-04 14:21:33,SHORT,18390.25,145.0,True,14.33,True
863,NQ,Thu,14:00,In-Sample,2024-04-04T18:21:33.289595,2024-04-04 14:21:33,SHORT,18390.25,-340.0,True,14.33,True
863,NQ,Thu,14:00,In-Sample,2024-04-04T18:21:33.290744,2024-04-04 14:21:33,SHORT,18390.25,145.0,True,14.33,True
863,NQ,Thu,14:00,In-Sample,2024-04-04T18:21:33.290744,2024-04-04 14:21:33,SHORT,18390.25,-45.0,True,14.33,True
863,NQ,Thu,14:00,In-Sample,2024-04-04T18:21:39.050150,2024-04-04 14:21:39,SHORT,18385.25,90.0,True,14.33,True
863,NQ,Thu,14:00,In-Sample,2024-04-04T18:21:39.652785,2024-04-04 14:21:39,SHORT,18384.0,-135.0,True,14.33,True
863,NQ,Thu,14:00,In-Sample,2024-04-04T18:21:40.173096,2024-04-04 14:21:40,SHORT,18384.25,-120.0,True,14.33,True
863,NQ,Thu,14:00,In-Sample,2024-04-04T18:21:55.121929,2024-04-04 14:21:55,LONG,18392.0,-120.0,True,14.33,True
863,NQ,Thu,14:00,In-Sample,2024-04-04T18:23:10,2024-04-04 14:23:10,LONG,18397.75,0.0,True,14.33,True
863,NQ,Thu,14:00,In-Sample,2024-04-04T18:23:10.000001,2024-04-04 14:23:10,LONG,18398.0,-10.0,True,14.33,True
863,NQ,Thu,14:00,In-Sample,2024-04-04T18:23:10.000002,2024-04-04 14:23:10,LONG,18398.0,-5.0,True,14.33,True
863,NQ,Thu,14:00,In-Sample,2024-04-04T18:23:25,2024-04-04 14:23:25,LONG,18397.75,-50.0,True,14.33,True
863,NQ,Thu,14:00,In-Sample,2024-04-04T18:23:25.000001,2024-04-04 14:23:25,LONG,18398.0,-60.0,True,14.33,True
863,NQ,Thu,14:00,In-Sample,2024-04-04T18:23:25.000002,2024-04-04 14:23:25,LONG,18398.0,-30.0,True,14.33,True
863,NQ,Thu,14:00,In-Sample,2024-04-04T18:23:27.634185,2024-04-04 14:23:27,LONG,18399.5,-200.0,True,14.33,True
863,NQ,Thu,14:00,In-Sample,2024-04-04T18:23:27.634309,2024-04-04 14:23:27,LONG,18399.5,-200.0,True,14.33,True
863,NQ,Thu,14:00,In-Sample,2024-04-04T18:23:27.634384,2024-04-04 14:23:27,LONG,18399.5,-300.0,True,14.33,True
863,NQ,Thu,14:00,In-Sample,2024-04-04T18:23:27.634529,2024-04-04 14:23:27,LONG,18399.5,-300.0,True,14.33,True
863,NQ,Thu,14:00,In-Sample,2024-04-04T18:23:27.634613,2024-04-04 14:23:27,LONG,18399.5,-200.0,True,14.33,True
863,NQ,Thu,14:00,In-Sample,2024-04-04T18:23:36.545941,2024-04-04 14:23:36,LONG,18401.0,-60.0,True,14.33,True
863,NQ,Thu,14:00,In-Sample,2024-04-04T18:25:32,2024-04-04 14:25:32,SHORT,18399.0,200.0,True,14.33,True
863,NQ,Thu,14:00,In-Sample,2024-04-04T18:25:32.000001,2024-04-04 14:25:32,SHORT,18400.5,230.0,True,14.33,True
863,NQ,Thu,14:00,In-Sample,2024-04-04T18:26:11.432239,2024-04-04 14:26:11,SHORT,18392.25,75.0,True,14.33,True
863,NQ,Thu,14:00,In-Sample,2024-04-04T18:26:11.432239,2024-04-04 14:26:11,SHORT,18392.25,150.0,True,14.33,True
863,NQ,Thu,14:00,In-Sample,2024-04-04T18:26:11.432239,2024-04-04 14:26:11,SHORT,18392.25,675.0,True,14.33,True
863,NQ,Thu,14:00,In-Sample,2024-04-04T18:26:11.699336,2024-04-04 14:26:11,SHORT,18391.75,75.0,True,14.33,True
863,NQ,Thu,14:00,In-Sample,2024-04-04T18:26:11.699336,2024-04-04 14:26:11,SHORT,18391.75,150.0,True,14.33,True
863,NQ,Thu,14:00,In-Sample,2024-04-04T18:26:11.699336,2024-04-04 14:26:11,SHORT,18391.75,665.0,True,14.33,True
863,NQ,Thu,14:00,In-Sample,2024-04-04T18:26:12.669359,2024-04-04 14:26:12,SHORT,18389.25,190.0,True,14.33,True
863,NQ,Thu,14:00,In-Sample,2024-04-04T18:26:12.669359,2024-04-04 14:26:12,SHORT,18389.25,375.0,True,14.33,True
863,NQ,Thu,14:00,In-Sample,2024-04-04T18:26:12.669359,2024-04-04 14:26:12,SHORT,18389.25,605.0,True,14.33,True
863,NQ,Thu,14:00,In-Sample,2024-04-04T18:26:23,2024-04-04 14:26:23,LONG,18389.25,-210.0,True,14.33,True
863,NQ,Thu,14:00,In-Sample,2024-04-04T18:26:55,2024-04-04 14:26:55,LONG,18385.0,-20.0,True,14.33,True
863,NQ,Thu,14:00,In-Sample,2024-04-04T18:27:01,2024-04-04 14:27:01,SHORT,18383.25,200.0,True,14.33,True
863,NQ,Thu,14:00,In-Sample,2024-04-04T18:27:09,2024-04-04 14:27:09,SHORT,18386.25,260.0,True,14.33,True
863,NQ,Thu,14:00,In-Sample,2024-04-04T18:27:16.622922,2024-04-04 14:27:16,SHORT,18371.0,150.0,True,14.33,True
863,NQ,Thu,14:00,In-Sample,2024-04-04T18:27:16.622922,2024-04-04 14:27:16,SHORT,18371.0,350.0,True,14.33,True
863,NQ,Thu,14:00,In-Sample,2024-04-04T18:27:16.622922,2024-04-04 14:27:16,SHORT,18371.0,240.0,True,14.33,True
863,NQ,Thu,14:00,In-Sample,2024-04-04T18:27:28.954640,2024-04-04 14:27:28,LONG,18361.75,-105.0,True,14.33,True
863,NQ,Thu,14:00,In-Sample,2024-04-04T18:27:30,2024-04-04 14:27:30,SHORT,18358.75,70.0,True,14.33,True
863,NQ,Thu,14:00,In-Sample,2024-04-04T18:27:32.544189,2024-04-04 14:27:32,LONG,18357.75,-105.0,True,14.33,True
863,NQ,Thu,14:00,In-Sample,2024-04-04T18:27:55.065137,2024-04-04 14:27:55,LONG,18353.25,100.0,True,14.33,True
863,NQ,Thu,14:00,In-Sample,2024-04-04T18:27:55.065137,2024-04-04 14:27:55,LONG,18353.25,-150.0,True,14.33,True
863,NQ,Thu,14:00,In-Sample,2024-04-04T18:27:56.948652,2024-04-04 14:27:56,LONG,18358.0,-510.0,True,14.33,True
863,NQ,Thu,14:00,In-Sample,2024-04-04T18:27:57.031673,2024-04-04 14:27:57,LONG,18358.0,-510.0,True,14.33,True
863,NQ,Thu,14:00,In-Sample,2024-04-04T18:27:57.031800,2024-04-04 14:27:57,LONG,18358.0,-510.0,True,14.33,True
863,NQ,Thu,14:00,In-Sample,2024-04-04T18:27:57.935032,2024-04-04 14:27:57,LONG,18358.75,-370.0,True,14.33,True
863,NQ,Thu,14:00,In-Sample,2024-04-04T18:27:58.004154,2024-04-04 14:27:58,LONG,18358.75,-370.0,True,14.33,True
863,NQ,Thu,14:00,In-Sample,2024-04-04T18:27:58.004278,2024-04-04 14:27:58,LONG,18358.5,-540.0,True,14.33,True
863,NQ,Thu,14:00,In-Sample,2024-04-04T18:27:58.128391,2024-04-04 14:27:58,LONG,18358.5,-540.0,True,14.33,True
863,NQ,Thu,14:00,In-Sample,2024-04-04T18:27:58.128472,2024-04-04 14:27:58,LONG,18358.5,-360.0,True,14.33,True
863,NQ,Thu,14:00,In-Sample,2024-04-04T18:28:26.505869,2024-04-04 14:28:26,SHORT,18348.25,75.0,True,14.33,True
863,NQ,Thu,14:00,In-Sample,2024-04-04T18:28:26.505869,2024-04-04 14:28:26,SHORT,18348.25,150.0,True,14.33,True
863,NQ,Thu,14:00,In-Sample,2024-04-04T18:28:26.505869,2024-04-04 14:28:26,SHORT,18348.25,125.0,True,14.33,True
863,NQ,Thu,14:00,In-Sample,2024-04-04T18:28:26.696402,2024-04-04 14:28:26,SHORT,18348.5,75.0,True,14.33,True
863,NQ,Thu,14:00,In-Sample,2024-04-04T18:28:26.696402,2024-04-04 14:28:26,SHORT,18348.5,150.0,True,14.33,True
863,NQ,Thu,14:00,In-Sample,2024-04-04T18:28:26.696402,2024-04-04 14:28:26,SHORT,18348.5,1000.0,True,14.33,True
863,NQ,Thu,14:00,In-Sample,2024-04-04T18:28:29.600173,2024-04-04 14:28:29,LONG,18346.75,-240.0,True,14.33,True
863,NQ,Thu,14:00,In-Sample,2024-04-04T18:28:41.524939,2024-04-04 14:28:41,LONG,18340.0,100.0,True,14.33,True
863,NQ,Thu,14:00,In-Sample,2024-04-04T18:28:41.524939,2024-04-04 14:28:41,LONG,18340.0,-170.0,True,14.33,True
863,NQ,Thu,14:00,In-Sample,2024-04-04T18:29:01.641425,2024-04-04 14:29:01,SHORT,18335.0,195.0,True,14.33,True
863,NQ,Thu,14:00,In-Sample,2024-04-04T18:29:01.641425,2024-04-04 14:29:01,SHORT,18335.0,385.0,True,14.33,True
863,NQ,Thu,14:00,In-Sample,2024-04-04T18:29:01.641425,2024-04-04 14:29:01,SHORT,18335.0,610.0,True,14.33,True
863,NQ,Thu,14:00,In-Sample,2024-04-04T18:29:03,2024-04-04 14:29:03,SHORT,18335.0,200.0,True,14.33,True
863,NQ,Thu,14:00,In-Sample,2024-04-04T18:29:03,2024-04-04 14:29:03,SHORT,18335.75,200.0,True,14.33,True
863,NQ,Thu,14:00,In-Sample,2024-04-04T18:29:13,2024-04-04 14:29:13,SHORT,18338.5,75.0,True,14.33,True
863,NQ,Thu,14:00,In-Sample,2024-04-04T18:29:13,2024-04-04 14:29:13,SHORT,18338.5,60.0,True,14.33,True
863,NQ,Thu,14:00,In-Sample,2024-04-04T18:29:18.047424,2024-04-04 14:29:18,LONG,18343.75,-765.0,True,14.33,True
863,NQ,Thu,14:00,In-Sample,2024-04-04T18:29:18.171937,2024-04-04 14:29:18,LONG,18343.25,-735.0,True,14.33,True
863,NQ,Thu,14:00,In-Sample,2024-04-04T18:29:18.549332,2024-04-04 14:29:18,LONG,18341.5,-630.0,True,14.33,True
863,NQ,Thu,14:00,In-Sample,2024-04-04T18:29:44.543443,2024-04-04 14:29:44,LONG,18330.25,-135.0,True,14.33,True
863,NQ,Thu,14:00,In-Sample,2024-04-04T18:29:56.022804,2024-04-04 14:29:56,LONG,18335.75,-465.0,True,14.33,True
863,NQ,Thu,14:00,In-Sample,2024-04-04T18:29:57,2024-04-04 14:29:57,LONG,18335.75,-500.0,True,14.33,True
863,NQ,Thu,14:00,In-Sample,2024-04-04T18:29:57.000001,2024-04-04 14:29:57,SHORT,18335.25,200.0,True,14.33,True
863,NQ,Thu,14:00,In-Sample,2024-04-04T18:29:58,2024-04-04 14:29:58,SHORT,18336.5,525.0,True,14.33,True
863,NQ,Thu,14:00,In-Sample,2024-04-04T18:29:58,2024-04-04 14:29:58,SHORT,18336.5,230.0,True,14.33,True
863,NQ,Thu,14:00,In-Sample,2024-04-04T18:29:58.000001,2024-04-04 14:29:58,SHORT,18336.5,500.0,True,14.33,True
863,NQ,Thu,14:00,In-Sample,2024-04-11T18:00:53.444844,2024-04-11 14:00:53,LONG,18443.0,-150.0,True,15.8,True
863,NQ,Thu,14:00,In-Sample,2024-04-11T18:00:53.534759,2024-04-11 14:00:53,LONG,18442.25,-120.0,True,15.8,True
863,NQ,Thu,14:00,In-Sample,2024-04-11T18:00:54,2024-04-11 14:00:54,SHORT,18441.75,100.0,True,15.8,True
863,NQ,Thu,14:00,In-Sample,2024-04-11T18:00:54,2024-04-11 14:00:54,SHORT,18441.75,5.0,True,15.8,True
863,NQ,Thu,14:00,In-Sample,2024-04-11T18:00:54,2024-04-11 14:00:54,LONG,18441.25,-50.0,True,15.8,True
863,NQ,Thu,14:00,In-Sample,2024-04-11T18:00:56,2024-04-11 14:00:56,SHORT,18439.5,-340.0,True,15.8,True
863,NQ,Thu,14:00,In-Sample,2024-04-11T18:01:40,2024-04-11 14:01:40,SHORT,18442.0,-120.0,True,15.8,True
863,NQ,Thu,14:00,In-Sample,2024-04-11T18:02:21.190630,2024-04-11 14:02:21,LONG,18444.75,220.0,True,15.8,True
863,NQ,Thu,14:00,In-Sample,2024-04-11T18:02:21.190630,2024-04-11 14:02:21,LONG,18444.75,120.0,True,15.8,True
863,NQ,Thu,14:00,In-Sample,2024-04-11T18:02:21.190898,2024-04-11 14:02:21,LONG,18444.75,220.0,True,15.8,True
863,NQ,Thu,14:00,In-Sample,2024-04-11T18:02:21.190898,2024-04-11 14:02:21,LONG,18444.75,120.0,True,15.8,True
863,NQ,Thu,14:00,In-Sample,2024-04-11T18:02:24.441686,2024-04-11 14:02:24,SHORT,18444.25,-150.0,True,15.8,True
863,NQ,Thu,14:00,In-Sample,2024-04-11T18:02:27.707773,2024-04-11 14:02:27,LONG,18452.0,-270.0,True,15.8,True
863,NQ,Thu,14:00,In-Sample,2024-04-11T18:02:27.978094,2024-04-11 14:02:27,LONG,18452.5,-150.0,True,15.8,True
863,NQ,Thu,14:00,In-Sample,2024-04-11T18:02:28.145459,2024-04-11 14:02:28,LONG,18452.0,-120.0,True,15.8,True
863,NQ,Thu,14:00,In-Sample,2024-04-11T18:02:31,2024-04-11 14:02:31,SHORT,18450.5,200.0,True,15.8,True
863,NQ,Thu,14:00,In-Sample,2024-04-11T18:02:32,2024-04-11 14:02:32,SHORT,18452.25,65.0,True,15.8,True
863,NQ,Thu,14:00,In-Sample,2024-04-11T18:02:34.205502,2024-04-11 14:02:34,SHORT,18447.75,-2055.0,True,15.8,True
863,NQ,Thu,14:00,In-Sample,2024-04-11T18:02:34.205799,2024-04-11 14:02:34,SHORT,18447.75,-495.0,True,15.8,True
863,NQ,Thu,14:00,In-Sample,2024-04-11T18:02:34.326671,2024-04-11 14:02:34,SHORT,18447.75,-495.0,True,15.8,True
863,NQ,Thu,14:00,In-Sample,2024-04-11T18:02:34.327056,2024-04-11 14:02:34,SHORT,18447.75,-495.0,True,15.8,True
863,NQ,Thu,14:00,In-Sample,2024-04-11T18:02:34.507927,2024-04-11 14:02:34,SHORT,18447.5,-1380.0,True,15.8,True
863,NQ,Thu,14:00,In-Sample,2024-04-11T18:02:59,2024-04-11 14:02:59,LONG,18455.5,-540.0,True,15.8,True
863,NQ,Thu,14:00,In-Sample,2024-04-11T18:03:00.521828,2024-04-11 14:03:00,SHORT,18453.75,100.0,True,15.8,True
863,NQ,Thu,14:00,In-Sample,2024-04-11T18:03:00.521828,2024-04-11 14:03:00,SHORT,18453.75,330.0,True,15.8,True
863,NQ,Thu,14:00,In-Sample,2024-04-11T18:03:02,2024-04-11 14:03:02,LONG,18452.75,-215.0,True,15.8,True
863,NQ,Thu,14:00,In-Sample,2024-04-11T18:03:02,2024-04-11 14:03:02,LONG,18452.75,-20.0,True,15.8,True
863,NQ,Thu,14:00,In-Sample,2024-04-11T18:03:41.625844,2024-04-11 14:03:41,SHORT,18447.75,120.0,True,15.8,True
863,NQ,Thu,14:00,In-Sample,2024-04-11T18:03:41.625844,2024-04-11 14:03:41,SHORT,18447.75,-35.0,True,15.8,True
863,NQ,Thu,14:00,In-Sample,2024-04-11T18:03:41.626053,2024-04-11 14:03:41,SHORT,18447.75,120.0,True,15.8,True
863,NQ,Thu,14:00,In-Sample,2024-04-11T18:03:41.626053,2024-04-11 14:03:41,SHORT,18447.75,-35.0,True,15.8,True
863,NQ,Thu,14:00,In-Sample,2024-04-11T18:03:42.027099,2024-04-11 14:03:42,SHORT,18447.5,210.0,True,15.8,True
863,NQ,Thu,14:00,In-Sample,2024-04-11T18:03:42.153418,2024-04-11 14:03:42,SHORT,18447.75,225.0,True,15.8,True
863,NQ,Thu,14:00,In-Sample,2024-04-11T18:03:42.322550,2024-04-11 14:03:42,SHORT,18447.5,140.0,True,15.8,True
863,NQ,Thu,14:00,In-Sample,2024-04-11T18:03:43,2024-04-11 14:03:43,SHORT,18448.0,100.0,True,15.8,True
863,NQ,Thu,14:00,In-Sample,2024-04-11T18:03:43,2024-04-11 14:03:43,SHORT,18448.0,5.0,True,15.8,True
863,NQ,Thu,14:00,In-Sample,2024-04-11T18:03:43,2024-04-11 14:03:43,SHORT,18447.75,100.0,True,15.8,True
863,NQ,Thu,14:00,In-Sample,2024-04-11T18:03:43,2024-04-11 14:03:43,SHORT,18447.75,5.0,True,15.8,True
863,NQ,Thu,14:00,In-Sample,2024-04-11T18:03:48.216279,2024-04-11 14:03:48,SHORT,18445.5,-2370.0,True,15.8,True
863,NQ,Thu,14:00,In-Sample,2024-04-11T18:03:55.630805,2024-04-11 14:03:55,SHORT,18443.5,-90.0,True,15.8,True
863,NQ,Thu,14:00,In-Sample,2024-04-11T18:06:37,2024-04-11 14:06:37,LONG,18453.75,100.0,True,15.8,True
863,NQ,Thu,14:00,In-Sample,2024-04-11T18:06:37,2024-04-11 14:06:37,LONG,18453.75,215.0,True,15.8,True
863,NQ,Thu,14:00,In-Sample,2024-04-11T18:06:37,2024-04-11 14:06:37,LONG,18453.5,100.0,True,15.8,True
863,NQ,Thu,14:00,In-Sample,2024-04-11T18:06:37,2024-04-11 14:06:37,LONG,18453.5,245.0,True,15.8,True
863,NQ,Thu,14:00,In-Sample,2024-04-11T18:06:37,2024-04-11 14:06:37,LONG,18453.5,100.0,True,15.8,True
863,NQ,Thu,14:00,In-Sample,2024-04-11T18:06:37,2024-04-11 14:06:37,LONG,18453.5,500.0,True,15.8,True
863,NQ,Thu,14:00,In-Sample,2024-04-11T18:06:42.556322,2024-04-11 14:06:42,SHORT,18453.25,-165.0,True,15.8,True
863,NQ,Thu,14:00,In-Sample,2024-04-11T18:07:12.166494,2024-04-11 14:07:12,SHORT,18453.25,-180.0,True,15.8,True
863,NQ,Thu,14:00,In-Sample,2024-04-11T18:07:45.083915,2024-04-11 14:07:45,LONG,18465.5,-30.0,True,15.8,True
863,NQ,Thu,14:00,In-Sample,2024-04-11T18:07:45.137159,2024-04-11 14:07:45,LONG,18465.5,-30.0,True,15.8,True
863,NQ,Thu,14:00,In-Sample,2024-04-11T18:07:45.263912,2024-04-11 14:07:45,SHORT,18465.75,-60.0,True,15.8,True
863,NQ,Thu,14:00,In-Sample,2024-04-11T18:07:45.736376,2024-04-11 14:07:45,LONG,18466.25,150.0,True,15.8,True
863,NQ,Thu,14:00,In-Sample,2024-04-11T18:07:45.736376,2024-04-11 14:07:45,LONG,18466.25,350.0,True,15.8,True
863,NQ,Thu,14:00,In-Sample,2024-04-11T18:07:45.736376,2024-04-11 14:07:45,LONG,18466.25,140.0,True,15.8,True
863,NQ,Thu,14:00,In-Sample,2024-04-11T18:07:46.000001,2024-04-11 14:07:46,SHORT,18465.75,-10.0,True,15.8,True
863,NQ,Thu,14:00,In-Sample,2024-04-11T18:07:46.000001,2024-04-11 14:07:46,SHORT,18465.75,-250.0,True,15.8,True
863,NQ,Thu,14:00,In-Sample,2024-04-11T18:07:46.000002,2024-04-11 14:07:46,SHORT,18465.75,-20.0,True,15.8,True
863,NQ,Thu,14:00,In-Sample,2024-04-11T18:08:10,2024-04-11 14:08:10,SHORT,18472.0,0.0,True,15.8,True
863,NQ,Thu,14:00,In-Sample,2024-04-11T18:08:10.142696,2024-04-11 14:08:10,SHORT,18471.75,-15.0,True,15.8,True
863,NQ,Thu,14:00,In-Sample,2024-04-11T18:08:10.142891,2024-04-11 14:08:10,SHORT,18471.75,-60.0,True,15.8,True
863,NQ,Thu,14:00,In-Sample,2024-04-11T18:08:10.267715,2024-04-11 14:08:10,SHORT,18471.75,-150.0,True,15.8,True
863,NQ,Thu,14:00,In-Sample,2024-04-11T18:08:11.737853,2024-04-11 14:08:11,SHORT,18473.25,30.0,True,15.8,True
863,NQ,Thu,14:00,In-Sample,2024-04-11T18:08:13.270007,2024-04-11 14:08:13,SHORT,18475.5,-270.0,True,15.8,True
863,NQ,Thu,14:00,In-Sample,2024-04-11T18:08:14,2024-04-11 14:08:14,SHORT,18475.5,-160.0,True,15.8,True
863,NQ,Thu,14:00,In-Sample,2024-04-11T18:08:14,2024-04-11 14:08:14,SHORT,18475.25,-290.0,True,15.8,True
863,NQ,Thu,14:00,In-Sample,2024-04-11T18:08:17,2024-04-11 14:08:17,SHORT,18480.25,15.0,True,15.8,True
863,NQ,Thu,14:00,In-Sample,2024-04-11T18:08:17,2024-04-11 14:08:17,SHORT,18480.0,-50.0,True,15.8,True
863,NQ,Thu,14:00,In-Sample,2024-04-11T18:08:18.548616,2024-04-11 14:08:18,LONG,18481.5,-240.0,True,15.8,True
863,NQ,Thu,14:00,In-Sample,2024-04-11T18:08:20.557693,2024-04-11 14:08:20,SHORT,18478.5,-210.0,True,15.8,True
863,NQ,Thu,14:00,In-Sample,2024-04-11T18:08:26.000001,2024-04-11 14:08:26,LONG,18479.25,-170.0,True,15.8,True
863,NQ,Thu,14:00,In-Sample,2024-04-11T18:08:27,2024-04-11 14:08:27,LONG,18477.25,-45.0,True,15.8,True
863,NQ,Thu,14:00,In-Sample,2024-04-11T18:08:35.775590,2024-04-11 14:08:35,SHORT,18476.5,-30.0,True,15.8,True
863,NQ,Thu,14:00,In-Sample,2024-04-11T18:08:35.877175,2024-04-11 14:08:35,SHORT,18476.5,-30.0,True,15.8,True
863,NQ,Thu,14:00,In-Sample,2024-04-11T18:08:36.136284,2024-04-11 14:08:36,SHORT,18477.75,-375.0,True,15.8,True
863,NQ,Thu,14:00,In-Sample,2024-04-11T18:08:36.150087,2024-04-11 14:08:36,SHORT,18477.5,-270.0,True,15.8,True
863,NQ,Thu,14:00,In-Sample,2024-04-11T18:08:36.150273,2024-04-11 14:08:36,LONG,18478.0,-10.0,True,15.8,True
863,NQ,Thu,14:00,In-Sample,2024-04-11T18:08:36.150407,2024-04-11 14:08:36,SHORT,18477.5,-180.0,True,15.8,True
863,NQ,Thu,14:00,In-Sample,2024-04-11T18:08:36.150585,2024-04-11 14:08:36,LONG,18478.0,-10.0,True,15.8,True
863,NQ,Thu,14:00,In-Sample,2024-04-11T18:08:36.150709,2024-04-11 14:08:36,SHORT,18477.5,-180.0,True,15.8,True
863,NQ,Thu,14:00,In-Sample,2024-04-11T18:08:36.150828,2024-04-11 14:08:36,SHORT,18477.5,-150.0,True,15.8,True
863,NQ,Thu,14:00,In-Sample,2024-04-11T18:08:42.151113,2024-04-11 14:08:42,LONG,18482.0,-95.0,True,15.8,True
863,NQ,Thu,14:00,In-Sample,2024-04-11T18:08:42.151217,2024-04-11 14:08:42,LONG,18482.0,-95.0,True,15.8,True
863,NQ,Thu,14:00,In-Sample,2024-04-11T18:08:42.776382,2024-04-11 14:08:42,LONG,18482.5,-210.0,True,15.8,True
863,NQ,Thu,14:00,In-Sample,2024-04-11T18:08:42.776382,2024-04-11 14:08:42,LONG,18482.5,-105.0,True,15.8,True
863,NQ,Thu,14:00,In-Sample,2024-04-11T18:08:42.776630,2024-04-11 14:08:42,LONG,18482.5,-210.0,True,15.8,True
863,NQ,Thu,14:00,In-Sample,2024-04-11T18:08:42.776630,2024-04-11 14:08:42,LONG,18482.5,-105.0,True,15.8,True
863,NQ,Thu,14:00,In-Sample,2024-04-11T18:08:43.590306,2024-04-11 14:08:43,SHORT,18481.5,-135.0,True,15.8,True
863,NQ,Thu,14:00,In-Sample,2024-04-11T18:09:12,2024-04-11 14:09:12,LONG,18482.5,200.0,True,15.8,True
863,NQ,Thu,14:00,In-Sample,2024-04-11T18:09:12.000001,2024-04-11 14:09:12,LONG,18482.5,200.0,True,15.8,True
863,NQ,Thu,14:00,In-Sample,2024-04-11T18:09:13,2024-04-11 14:09:13,LONG,18481.0,65.0,True,15.8,True
863,NQ,Thu,14:00,In-Sample,2024-04-11T18:09:13,2024-04-11 14:09:13,LONG,18481.0,65.0,True,15.8,True
863,NQ,Thu,14:00,In-Sample,2024-04-11T18:09:14.159368,2024-04-11 14:09:14,SHORT,18480.75,100.0,True,15.8,True
863,NQ,Thu,14:00,In-Sample,2024-04-11T18:09:14.159368,2024-04-11 14:09:14,SHORT,18480.75,230.0,True,15.8,True
863,NQ,Thu,14:00,In-Sample,2024-04-11T18:09:24.590020,2024-04-11 14:09:24,SHORT,18477.0,-480.0,True,15.8,True
863,NQ,Thu,14:00,In-Sample,2024-04-11T18:09:24.665935,2024-04-11 14:09:24,SHORT,18477.0,-420.0,True,15.8,True
863,NQ,Thu,14:00,In-Sample,2024-04-11T18:09:24.752442,2024-04-11 14:09:24,SHORT,18477.25,-270.0,True,15.8,True
863,NQ,Thu,14:00,In-Sample,2024-04-11T18:09:24.752850,2024-04-11 14:09:24,SHORT,18477.25,-270.0,True,15.8,True
863,NQ,Thu,14:00,In-Sample,2024-04-11T18:09:24.752976,2024-04-11 14:09:24,SHORT,18477.25,-310.0,True,15.8,True
863,NQ,Thu,14:00,In-Sample,2024-04-11T18:09:24.895041,2024-04-11 14:09:24,SHORT,18478.25,-345.0,True,15.8,True
863,NQ,Thu,14:00,In-Sample,2024-04-11T18:10:15.000001,2024-04-11 14:10:15,SHORT,18475.0,-260.0,True,15.8,True
863,NQ,Thu,14:00,In-Sample,2024-04-11T18:10:33,2024-04-11 14:10:33,SHORT,18477.75,-75.0,True,15.8,True
863,NQ,Thu,14:00,In-Sample,2024-04-11T18:11:04.271993,2024-04-11 14:11:04,SHORT,18472.0,-315.0,True,15.8,True
863,NQ,Thu,14:00,In-Sample,2024-04-11T18:11:04.271993,2024-04-11 14:11:04,SHORT,18472.0,-150.0,True,15.8,True
863,NQ,Thu,14:00,In-Sample,2024-04-11T18:11:04.271993,2024-04-11 14:11:04,SHORT,18472.0,-360.0,True,15.8,True
863,NQ,Thu,14:00,In-Sample,2024-04-11T18:16:04.210153,2024-04-11 14:16:04,LONG,18484.0,-420.0,True,15.8,True
863,NQ,Thu,14:00,In-Sample,2024-04-11T18:16:04.210339,2024-04-11 14:16:04,LONG,18484.0,-420.0,True,15.8,True
863,NQ,Thu,14:00,In-Sample,2024-04-11T18:16:04.334173,2024-04-11 14:16:04,LONG,18484.0,-110.0,True,15.8,True
863,NQ,Thu,14:00,In-Sample,2024-04-11T18:16:04.334301,2024-04-11 14:16:04,LONG,18484.0,-110.0,True,15.8,True
863,NQ,Thu,14:00,In-Sample,2024-04-11T18:16:04.885647,2024-04-11 14:16:04,LONG,18484.75,-250.0,True,15.8,True
863,NQ,Thu,14:00,In-Sample,2024-04-11T18:16:04.885647,2024-04-11 14:16:04,LONG,18484.75,-125.0,True,15.8,True
863,NQ,Thu,14:00,In-Sample,2024-04-11T18:16:04.885893,2024-04-11 14:16:04,LONG,18484.75,-250.0,True,15.8,True
863,NQ,Thu,14:00,In-Sample,2024-04-11T18:16:04.885893,2024-04-11 14:16:04,LONG,18484.75,-125.0,True,15.8,True
863,NQ,Thu,14:00,In-Sample,2024-04-11T18:16:06.658932,2024-04-11 14:16:06,SHORT,18483.0,100.0,True,15.8,True
863,NQ,Thu,14:00,In-Sample,2024-04-11T18:16:06.658932,2024-04-11 14:16:06,SHORT,18483.0,120.0,True,15.8,True
863,NQ,Thu,14:00,In-Sample,2024-04-11T18:16:15.163171,2024-04-11 14:16:15,SHORT,18478.5,60.0,True,15.8,True
863,NQ,Thu,14:00,In-Sample,2024-04-11T18:16:15.163171,2024-04-11 14:16:15,SHORT,18478.5,110.0,True,15.8,True
863,NQ,Thu,14:00,In-Sample,2024-04-11T18:16:15.207972,2024-04-11 14:16:15,SHORT,18478.5,-390.0,True,15.8,True
863,NQ,Thu,14:00,In-Sample,2024-04-11T18:16:15.365934,2024-04-11 14:16:15,SHORT,18478.5,-260.0,True,15.8,True
863,NQ,Thu,14:00,In-Sample,2024-04-11T18:16:15.366302,2024-04-11 14:16:15,SHORT,18478.5,-260.0,True,15.8,True
863,NQ,Thu,14:00,In-Sample,2024-04-11T18:16:15.366423,2024-04-11 14:16:15,SHORT,18478.5,60.0,True,15.8,True
863,NQ,Thu,14:00,In-Sample,2024-04-11T18:16:15.366423,2024-04-11 14:16:15,SHORT,18478.5,55.0,True,15.8,True
863,NQ,Thu,14:00,In-Sample,2024-04-11T18:16:24,2024-04-11 14:16:24,LONG,18480.0,-20.0,True,15.8,True
863,NQ,Thu,14:00,In-Sample,2024-04-11T18:16:25,2024-04-11 14:16:25,LONG,18479.25,10.0,True,15.8,True
863,NQ,Thu,14:00,In-Sample,2024-04-11T18:16:25.000001,2024-04-11 14:16:25,LONG,18479.25,5.0,True,15.8,True
863,NQ,Thu,14:00,In-Sample,2024-04-11T18:17:24.035460,2024-04-11 14:17:24,LONG,18485.0,-45.0,True,15.8,True
863,NQ,Thu,14:00,In-Sample,2024-04-11T18:17:24.035618,2024-04-11 14:17:24,LONG,18485.0,-45.0,True,15.8,True
863,NQ,Thu,14:00,In-Sample,2024-04-11T18:17:24.364368,2024-04-11 14:17:24,LONG,18485.25,-405.0,True,15.8,True
863,NQ,Thu,14:00,In-Sample,2024-04-11T18:17:24.576711,2024-04-11 14:17:24,LONG,18485.75,-120.0,True,15.8,True
863,NQ,Thu,14:00,In-Sample,2024-04-11T18:17:24.576711,2024-04-11 14:17:24,LONG,18485.75,-60.0,True,15.8,True
863,NQ,Thu,14:00,In-Sample,2024-04-11T18:17:24.785831,2024-04-11 14:17:24,SHORT,18486.0,100.0,True,15.8,True
863,NQ,Thu,14:00,In-Sample,2024-04-11T18:17:24.785831,2024-04-11 14:17:24,SHORT,18486.0,300.0,True,15.8,True
863,NQ,Thu,14:00,In-Sample,2024-04-11T18:17:24.785831,2024-04-11 14:17:24,SHORT,18486.0,225.0,True,15.8,True
863,NQ,Thu,14:00,In-Sample,2024-04-11T18:17:24.907466,2024-04-11 14:17:24,LONG,18486.5,-150.0,True,15.8,True
863,NQ,Thu,14:00,In-Sample,2024-04-11T18:17:24.907466,2024-04-11 14:17:24,LONG,18486.5,-75.0,True,15.8,True
863,NQ,Thu,14:00,In-Sample,2024-04-11T18:17:26.724776,2024-04-11 14:17:26,SHORT,18482.75,145.0,True,15.8,True
863,NQ,Thu,14:00,In-Sample,2024-04-11T18:17:26.724776,2024-04-11 14:17:26,SHORT,18482.75,140.0,True,15.8,True
863,NQ,Thu,14:00,In-Sample,2024-04-11T18:17:26.724962,2024-04-11 14:17:26,SHORT,18482.75,-630.0,True,15.8,True
863,NQ,Thu,14:00,In-Sample,2024-04-11T18:17:26.725086,2024-04-11 14:17:26,SHORT,18482.75,-60.0,True,15.8,True
863,NQ,Thu,14:00,In-Sample,2024-04-11T18:17:26.725210,2024-04-11 14:17:26,SHORT,18482.75,-945.0,True,15.8,True
863,NQ,Thu,14:00,In-Sample,2024-04-11T18:17:26.725359,2024-04-11 14:17:26,SHORT,18482.75,145.0,True,15.8,True
863,NQ,Thu,14:00,In-Sample,2024-04-11T18:17:26.725359,2024-04-11 14:17:26,SHORT,18482.75,280.0,True,15.8,True
863,NQ,Thu,14:00,In-Sample,2024-04-11T18:17:26.725620,2024-04-11 14:17:26,SHORT,18482.75,145.0,True,15.8,True
863,NQ,Thu,14:00,In-Sample,2024-04-11T18:17:26.725620,2024-04-11 14:17:26,SHORT,18482.75,140.0,True,15.8,True
863,NQ,Thu,14:00,In-Sample,2024-04-11T18:17:28,2024-04-11 14:17:28,SHORT,18482.75,100.0,True,15.8,True
863,NQ,Thu,14:00,In-Sample,2024-04-11T18:17:28,2024-04-11 14:17:28,SHORT,18482.75,35.0,True,15.8,True
863,NQ,Thu,14:00,In-Sample,2024-04-11T18:19:42.191170,2024-04-11 14:19:42,LONG,18475.75,400.0,True,15.8,True
863,NQ,Thu,14:00,In-Sample,2024-04-11T18:19:42.191274,2024-04-11 14:19:42,LONG,18475.75,380.0,True,15.8,True
863,NQ,Thu,14:00,In-Sample,2024-04-11T18:21:34.273527,2024-04-11 14:21:34,SHORT,18470.75,-450.0,True,15.8,True
863,NQ,Thu,14:00,In-Sample,2024-04-11T18:24:49,2024-04-11 14:24:49,LONG,18481.25,100.0,True,15.8,True
863,NQ,Thu,14:00,In-Sample,2024-04-11T18:24:49,2024-04-11 14:24:49,LONG,18481.25,260.0,True,15.8,True
863,NQ,Thu,14:00,In-Sample,2024-04-11T18:24:49,2024-04-11 14:24:49,LONG,18481.25,100.0,True,15.8,True
863,NQ,Thu,14:00,In-Sample,2024-04-11T18:24:49,2024-04-11 14:24:49,LONG,18481.25,510.0,True,15.8,True
863,NQ,Thu,14:00,In-Sample,2024-04-11T18:25:24.620490,2024-04-11 14:25:24,LONG,18484.0,75.0,True,15.8,True
863,NQ,Thu,14:00,In-Sample,2024-04-11T18:25:24.620490,2024-04-11 14:25:24,LONG,18484.0,150.0,True,15.8,True
863,NQ,Thu,14:00,In-Sample,2024-04-11T18:25:24.620490,2024-04-11 14:25:24,LONG,18484.0,170.0,True,15.8,True
863,NQ,Thu,14:00,In-Sample,2024-04-11T18:25:24.695321,2024-04-11 14:25:24,LONG,18484.0,75.0,True,15.8,True
863,NQ,Thu,14:00,In-Sample,2024-04-11T18:25:24.695321,2024-04-11 14:25:24,LONG,18484.0,150.0,True,15.8,True
863,NQ,Thu,14:00,In-Sample,2024-04-11T18:25:24.695321,2024-04-11 14:25:24,LONG,18484.0,170.0,True,15.8,True
863,NQ,Thu,14:00,In-Sample,2024-04-11T18:25:34,2024-04-11 14:25:34,LONG,18485.0,100.0,True,15.8,True
863,NQ,Thu,14:00,In-Sample,2024-04-11T18:25:34,2024-04-11 14:25:34,LONG,18485.0,200.0,True,15.8,True
863,NQ,Thu,14:00,In-Sample,2024-04-11T18:26:15.799197,2024-04-11 14:26:15,SHORT,18492.5,-60.0,True,15.8,True
863,NQ,Thu,14:00,In-Sample,2024-04-11T18:26:19.701323,2024-04-11 14:26:19,SHORT,18492.25,30.0,True,15.8,True
863,NQ,Thu,14:00,In-Sample,2024-04-11T18:26:52,2024-04-11 14:26:52,LONG,18497.25,-20.0,True,15.8,True
863,NQ,Thu,14:00,In-Sample,2024-04-11T18:27:04.178986,2024-04-11 14:27:04,SHORT,18494.75,-150.0,True,15.8,True
863,NQ,Thu,14:00,In-Sample,2024-04-11T18:27:04.179167,2024-04-11 14:27:04,SHORT,18494.75,-130.0,True,15.8,True
863,NQ,Thu,14:00,In-Sample,2024-04-11T18:27:04.216781,2024-04-11 14:27:04,SHORT,18494.75,-330.0,True,15.8,True
863,NQ,Thu,14:00,In-Sample,2024-04-11T18:27:04.341616,2024-04-11 14:27:04,SHORT,18495.75,-165.0,True,15.8,True
863,NQ,Thu,14:00,In-Sample,2024-04-11T18:27:04.341817,2024-04-11 14:27:04,SHORT,18495.75,-110.0,True,15.8,True
863,NQ,Thu,14:00,In-Sample,2024-04-11T18:27:30.253520,2024-04-11 14:27:30,SHORT,18495.75,-165.0,True,15.8,True
863,NQ,Thu,14:00,In-Sample,2024-04-11T18:28:36.192422,2024-04-11 14:28:36,LONG,18498.5,-80.0,True,15.8,True
863,NQ,Thu,14:00,In-Sample,2024-04-11T18:28:36.265548,2024-04-11 14:28:36,LONG,18498.5,-85.0,True,15.8,True
863,NQ,Thu,14:00,In-Sample,2024-04-11T18:28:36.700017,2024-04-11 14:28:36,LONG,18499.75,-210.0,True,15.8,True
863,NQ,Thu,14:00,In-Sample,2024-04-11T18:28:36.700017,2024-04-11 14:28:36,LONG,18499.75,-105.0,True,15.8,True
863,NQ,Thu,14:00,In-Sample,2024-04-11T18:28:36.836476,2024-04-11 14:28:36,LONG,18499.75,-220.0,True,15.8,True
863,NQ,Thu,14:00,In-Sample,2024-04-11T18:28:36.836476,2024-04-11 14:28:36,LONG,18499.75,-110.0,True,15.8,True
863,NQ,Thu,14:00,In-Sample,2024-04-11T18:28:37.200689,2024-04-11 14:28:37,SHORT,18498.0,100.0,True,15.8,True
863,NQ,Thu,14:00,In-Sample,2024-04-11T18:28:37.200689,2024-04-11 14:28:37,SHORT,18498.0,150.0,True,15.8,True
863,NQ,Thu,14:00,In-Sample,2024-04-11T18:28:38,2024-04-11 14:28:38,LONG,18499.75,-10.0,True,15.8,True
863,NQ,Thu,14:00,In-Sample,2024-04-11T18:28:39,2024-04-11 14:28:39,LONG,18497.25,45.0,True,15.8,True
863,NQ,Thu,14:00,In-Sample,2024-04-11T18:28:41.205804,2024-04-11 14:28:41,SHORT,18494.5,-230.0,True,15.8,True
863,NQ,Thu,14:00,In-Sample,2024-04-11T18:28:41.205917,2024-04-11 14:28:41,SHORT,18494.25,-330.0,True,15.8,True
863,NQ,Thu,14:00,In-Sample,2024-04-11T18:28:41.392614,2024-04-11 14:28:41,SHORT,18494.25,-615.0,True,15.8,True
863,NQ,Thu,14:00,In-Sample,2024-04-11T18:28:41.392920,2024-04-11 14:28:41,SHORT,18494.25,-360.0,True,15.8,True
863,NQ,Thu,14:00,In-Sample,2024-04-11T18:28:41.405694,2024-04-11 14:28:41,SHORT,18494.25,-240.0,True,15.8,True
863,NQ,Thu,14:00,In-Sample,2024-04-11T18:28:42.000001,2024-04-11 14:28:42,SHORT,18494.25,-270.0,True,15.8,True
863,NQ,Thu,14:00,In-Sample,2024-04-11T18:28:47,2024-04-11 14:28:47,SHORT,18497.5,-70.0,True,15.8,True
863,NQ,Thu,14:00,In-Sample,2024-04-18T18:00:06.915715,2024-04-18 14:00:06,SHORT,17557.25,220.0,True,18.21,True
863,NQ,Thu,14:00,In-Sample,2024-04-18T18:00:06.915715,2024-04-18 14:00:06,SHORT,17557.25,40.0,True,18.21,True
863,NQ,Thu,14:00,In-Sample,2024-04-18T18:02:27.421796,2024-04-18 14:02:27,SHORT,17550.75,215.0,True,18.21,True
863,NQ,Thu,14:00,In-Sample,2024-04-18T18:02:27.421796,2024-04-18 14:02:27,SHORT,17550.75,435.0,True,18.21,True
863,NQ,Thu,14:00,In-Sample,2024-04-18T18:02:27.421796,2024-04-18 14:02:27,SHORT,17550.75,375.0,True,18.21,True
863,NQ,Thu,14:00,In-Sample,2024-04-18T18:03:46.719268,2024-04-18 14:03:46,SHORT,17556.0,-15.0,True,18.21,True
863,NQ,Thu,14:00,In-Sample,2024-04-18T18:05:27.828156,2024-04-18 14:05:27,SHORT,17548.75,230.0,True,18.21,True
863,NQ,Thu,14:00,In-Sample,2024-04-18T18:05:27.828156,2024-04-18 14:05:27,SHORT,17548.75,220.0,True,18.21,True
863,NQ,Thu,14:00,In-Sample,2024-04-18T18:05:35.992614,2024-04-18 14:05:35,SHORT,17543.5,75.0,True,18.21,True
863,NQ,Thu,14:00,In-Sample,2024-04-18T18:05:35.992614,2024-04-18 14:05:35,SHORT,17543.5,10.0,True,18.21,True
863,NQ,Thu,14:00,In-Sample,2024-04-18T18:05:35.992890,2024-04-18 14:05:35,LONG,17544.0,60.0,True,18.21,True
863,NQ,Thu,14:00,In-Sample,2024-04-18T18:05:35.992890,2024-04-18 14:05:35,LONG,17544.0,30.0,True,18.21,True
863,NQ,Thu,14:00,In-Sample,2024-04-18T18:05:53.784015,2024-04-18 14:05:53,LONG,17542.0,-255.0,True,18.21,True
863,NQ,Thu,14:00,In-Sample,2024-04-18T18:05:56.511607,2024-04-18 14:05:56,LONG,17545.0,100.0,True,18.21,True
863,NQ,Thu,14:00,In-Sample,2024-04-18T18:05:56.511607,2024-04-18 14:05:56,LONG,17545.0,-260.0,True,18.21,True
863,NQ,Thu,14:00,In-Sample,2024-04-18T18:05:56.770549,2024-04-18 14:05:56,LONG,17544.75,180.0,True,18.21,True
863,NQ,Thu,14:00,In-Sample,2024-04-18T18:05:56.770549,2024-04-18 14:05:56,LONG,17544.75,15.0,True,18.21,True
863,NQ,Thu,14:00,In-Sample,2024-04-18T18:05:56.961370,2024-04-18 14:05:56,LONG,17544.75,180.0,True,18.21,True
863,NQ,Thu,14:00,In-Sample,2024-04-18T18:05:56.961370,2024-04-18 14:05:56,LONG,17544.75,-250.0,True,18.21,True
863,NQ,Thu,14:00,In-Sample,2024-04-18T18:05:57.030762,2024-04-18 14:05:57,LONG,17544.75,180.0,True,18.21,True
863,NQ,Thu,14:00,In-Sample,2024-04-18T18:05:57.030762,2024-04-18 14:05:57,LONG,17544.75,15.0,True,18.21,True
863,NQ,Thu,14:00,In-Sample,2024-04-18T18:05:57.229185,2024-04-18 14:05:57,LONG,17544.75,180.0,True,18.21,True
863,NQ,Thu,14:00,In-Sample,2024-04-18T18:05:57.229185,2024-04-18 14:05:57,LONG,17544.75,-250.0,True,18.21,True
863,NQ,Thu,14:00,In-Sample,2024-04-18T18:05:57.229333,2024-04-18 14:05:57,LONG,17544.75,180.0,True,18.21,True
863,NQ,Thu,14:00,In-Sample,2024-04-18T18:05:57.229333,2024-04-18 14:05:57,LONG,17544.75,15.0,True,18.21,True
863,NQ,Thu,14:00,In-Sample,2024-04-18T18:06:25.375139,2024-04-18 14:06:25,LONG,17548.75,-410.0,True,18.21,True
863,NQ,Thu,14:00,In-Sample,2024-04-18T18:07:52,2024-04-18 14:07:52,LONG,17552.5,-155.0,True,18.21,True
863,NQ,Thu,14:00,In-Sample,2024-04-18T18:08:44,2024-04-18 14:08:44,SHORT,17543.25,380.0,True,18.21,True
863,NQ,Thu,14:00,In-Sample,2024-04-18T18:08:44,2024-04-18 14:08:44,SHORT,17543.25,155.0,True,18.21,True
863,NQ,Thu,14:00,In-Sample,2024-04-18T18:09:03.018448,2024-04-18 14:09:03,LONG,17542.75,-15.0,True,18.21,True
863,NQ,Thu,14:00,In-Sample,2024-04-18T18:09:03.018448,2024-04-18 14:09:03,LONG,17542.75,10.0,True,18.21,True
863,NQ,Thu,14:00,In-Sample,2024-04-18T18:09:09.663924,2024-04-18 14:09:09,SHORT,17533.5,-105.0,True,18.21,True
863,NQ,Thu,14:00,In-Sample,2024-04-18T18:09:10.694240,2024-04-18 14:09:10,SHORT,17534.75,-30.0,True,18.21,True
863,NQ,Thu,14:00,In-Sample,2024-04-18T18:09:11.511494,2024-04-18 14:09:11,SHORT,17535.0,-135.0,True,18.21,True
863,NQ,Thu,14:00,In-Sample,2024-04-18T18:09:12.113812,2024-04-18 14:09:12,LONG,17537.0,-450.0,True,18.21,True
863,NQ,Thu,14:00,In-Sample,2024-04-18T18:09:14,2024-04-18 14:09:14,LONG,17537.0,100.0,True,18.21,True
863,NQ,Thu,14:00,In-Sample,2024-04-18T18:09:14,2024-04-18 14:09:14,LONG,17537.0,10.0,True,18.21,True
863,NQ,Thu,14:00,In-Sample,2024-04-18T18:09:16,2024-04-18 14:09:16,SHORT,17538.75,165.0,True,18.21,True
863,NQ,Thu,14:00,In-Sample,2024-04-18T18:09:20.600079,2024-04-18 14:09:20,LONG,17546.5,-870.0,True,18.21,True
863,NQ,Thu,14:00,In-Sample,2024-04-18T18:09:20.793584,2024-04-18 14:09:20,LONG,17545.25,-310.0,True,18.21,True
863,NQ,Thu,14:00,In-Sample,2024-04-18T18:09:21,2024-04-18 14:09:21,SHORT,17543.75,280.0,True,18.21,True
863,NQ,Thu,14:00,In-Sample,2024-04-18T18:10:42,2024-04-18 14:10:42,SHORT,17540.5,215.0,True,18.21,True
863,NQ,Thu,14:00,In-Sample,2024-04-18T18:10:42,2024-04-18 14:10:42,SHORT,17540.5,-655.0,True,18.21,True
863,NQ,Thu,14:00,In-Sample,2024-04-18T18:10:43.445257,2024-04-18 14:10:43,SHORT,17538.5,225.0,True,18.21,True
863,NQ,Thu,14:00,In-Sample,2024-04-18T18:10:43.445257,2024-04-18 14:10:43,SHORT,17538.5,140.0,True,18.21,True
863,NQ,Thu,14:00,In-Sample,2024-04-18T18:11:00,2024-04-18 14:11:00,LONG,17532.5,-60.0,True,18.21,True
863,NQ,Thu,14:00,In-Sample,2024-04-18T18:11:00.113739,2024-04-18 14:11:00,LONG,17531.5,-75.0,True,18.21,True
863,NQ,Thu,14:00,In-Sample,2024-04-18T18:11:00.286674,2024-04-18 14:11:00,SHORT,17530.75,75.0,True,18.21,True
863,NQ,Thu,14:00,In-Sample,2024-04-18T18:11:00.286674,2024-04-18 14:11:00,SHORT,17530.75,10.0,True,18.21,True
863,NQ,Thu,14:00,In-Sample,2024-04-18T18:11:00.286911,2024-04-18 14:11:00,LONG,17530.0,115.0,True,18.21,True
863,NQ,Thu,14:00,In-Sample,2024-04-18T18:11:00.286911,2024-04-18 14:11:00,LONG,17530.0,270.0,True,18.21,True
863,NQ,Thu,14:00,In-Sample,2024-04-18T18:11:04.545361,2024-04-18 14:11:04,LONG,17530.5,100.0,True,18.21,True
863,NQ,Thu,14:00,In-Sample,2024-04-18T18:11:04.545361,2024-04-18 14:11:04,LONG,17530.5,200.0,True,18.21,True
863,NQ,Thu,14:00,In-Sample,2024-04-18T18:11:04.545361,2024-04-18 14:11:04,LONG,17530.5,125.0,True,18.21,True
863,NQ,Thu,14:00,In-Sample,2024-04-18T18:11:04.743102,2024-04-18 14:11:04,LONG,17530.75,-360.0,True,18.21,True
863,NQ,Thu,14:00,In-Sample,2024-04-18T18:11:11,2024-04-18 14:11:11,SHORT,17534.75,-770.0,True,18.21,True
863,NQ,Thu,14:00,In-Sample,2024-04-18T18:11:12.335220,2024-04-18 14:11:12,LONG,17537.25,-440.0,True,18.21,True
863,NQ,Thu,14:00,In-Sample,2024-04-18T18:11:12.691213,2024-04-18 14:11:12,LONG,17537.5,-735.0,True,18.21,True
863,NQ,Thu,14:00,In-Sample,2024-04-18T18:11:23,2024-04-18 14:11:23,SHORT,17539.75,-670.0,True,18.21,True
863,NQ,Thu,14:00,In-Sample,2024-04-18T18:12:13.556316,2024-04-18 14:12:13,SHORT,17533.75,230.0,True,18.21,True
863,NQ,Thu,14:00,In-Sample,2024-04-18T18:12:13.556316,2024-04-18 14:12:13,SHORT,17533.75,30.0,True,18.21,True
863,NQ,Thu,14:00,In-Sample,2024-04-18T18:12:21,2024-04-18 14:12:21,LONG,17525.75,5.0,True,18.21,True
863,NQ,Thu,14:00,In-Sample,2024-04-18T18:12:21.190038,2024-04-18 14:12:21,SHORT,17522.25,-1350.0,True,18.21,True
863,NQ,Thu,14:00,In-Sample,2024-04-18T18:12:22.233911,2024-04-18 14:12:22,LONG,17525.0,1815.0,True,18.21,True
863,NQ,Thu,14:00,In-Sample,2024-04-18T18:12:43.602832,2024-04-18 14:12:43,LONG,17533.5,235.0,True,18.21,True
863,NQ,Thu,14:00,In-Sample,2024-04-18T18:12:43.602832,2024-04-18 14:12:43,LONG,17533.5,385.0,True,18.21,True
863,NQ,Thu,14:00,In-Sample,2024-04-18T18:12:57.205664,2024-04-18 14:12:57,LONG,17540.25,75.0,True,18.21,True
863,NQ,Thu,14:00,In-Sample,2024-04-18T18:12:57.205664,2024-04-18 14:12:57,LONG,17540.25,0.0,True,18.21,True
863,NQ,Thu,14:00,In-Sample,2024-04-18T18:13:41.938231,2024-04-18 14:13:41,LONG,17551.0,75.0,True,18.21,True
863,NQ,Thu,14:00,In-Sample,2024-04-18T18:13:41.938231,2024-04-18 14:13:41,LONG,17551.0,150.0,True,18.21,True
863,NQ,Thu,14:00,In-Sample,2024-04-18T18:13:41.938231,2024-04-18 14:13:41,LONG,17551.0,5.0,True,18.21,True
863,NQ,Thu,14:00,In-Sample,2024-04-18T18:13:43,2024-04-18 14:13:43,SHORT,17550.5,-420.0,True,18.21,True
863,NQ,Thu,14:00,In-Sample,2024-04-18T18:13:43,2024-04-18 14:13:43,SHORT,17552.75,-370.0,True,18.21,True
863,NQ,Thu,14:00,In-Sample,2024-04-18T18:13:43.000001,2024-04-18 14:13:43,SHORT,17552.75,-165.0,True,18.21,True
863,NQ,Thu,14:00,In-Sample,2024-04-18T18:13:43.000001,2024-04-18 14:13:43,SHORT,17552.75,-185.0,True,18.21,True
863,NQ,Thu,14:00,In-Sample,2024-04-18T18:13:48.531408,2024-04-18 14:13:48,LONG,17555.5,150.0,True,18.21,True
863,NQ,Thu,14:00,In-Sample,2024-04-18T18:13:48.531408,2024-04-18 14:13:48,LONG,17555.5,350.0,True,18.21,True
863,NQ,Thu,14:00,In-Sample,2024-04-18T18:13:48.531408,2024-04-18 14:13:48,LONG,17555.5,165.0,True,18.21,True
863,NQ,Thu,14:00,In-Sample,2024-04-18T18:13:56.885688,2024-04-18 14:13:56,LONG,17559.25,-30.0,True,18.21,True
863,NQ,Thu,14:00,In-Sample,2024-04-18T18:13:59.106515,2024-04-18 14:13:59,LONG,17557.75,-75.0,True,18.21,True
863,NQ,Thu,14:00,In-Sample,2024-04-18T18:14:47.904121,2024-04-18 14:14:47,SHORT,17552.5,-540.0,True,18.21,True
863,NQ,Thu,14:00,In-Sample,2024-04-18T18:14:48.127356,2024-04-18 14:14:48,SHORT,17552.75,-350.0,True,18.21,True
863,NQ,Thu,14:00,In-Sample,2024-04-18T18:14:50.098384,2024-04-18 14:14:50,LONG,17551.5,200.0,True,18.21,True
863,NQ,Thu,14:00,In-Sample,2024-04-18T18:14:58.961272,2024-04-18 14:14:58,SHORT,17549.25,-405.0,True,18.21,True
863,NQ,Thu,14:00,In-Sample,2024-04-18T18:14:59.715598,2024-04-18 14:14:59,LONG,17552.0,380.0,True,18.21,True
863,NQ,Thu,14:00,In-Sample,2024-04-18T18:16:18.846039,2024-04-18 14:16:18,LONG,17565.25,-180.0,True,18.21,True
863,NQ,Thu,14:00,In-Sample,2024-04-18T18:16:27.211235,2024-04-18 14:16:27,LONG,17566.0,255.0,True,18.21,True
863,NQ,Thu,14:00,In-Sample,2024-04-18T18:16:50.963674,2024-04-18 14:16:50,LONG,17565.25,180.0,True,18.21,True
863,NQ,Thu,14:00,In-Sample,2024-04-18T18:17:11.757560,2024-04-18 14:17:11,LONG,17564.0,410.0,True,18.21,True
863,NQ,Thu,14:00,In-Sample,2024-04-18T18:17:52.822429,2024-04-18 14:17:52,SHORT,17571.75,-255.0,True,18.21,True
863,NQ,Thu,14:00,In-Sample,2024-04-18T18:18:23,2024-04-18 14:18:23,SHORT,17572.0,-810.0,True,18.21,True
863,NQ,Thu,14:00,In-Sample,2024-04-18T18:18:23.455277,2024-04-18 14:18:23,LONG,17576.0,-240.0,True,18.21,True
863,NQ,Thu,14:00,In-Sample,2024-04-18T18:18:24,2024-04-18 14:18:24,SHORT,17573.25,0.0,True,18.21,True
863,NQ,Thu,14:00,In-Sample,2024-04-18T18:18:24,2024-04-18 14:18:24,SHORT,17573.25,-250.0,True,18.21,True
863,NQ,Thu,14:00,In-Sample,2024-04-18T18:19:04.818400,2024-04-18 14:19:04,LONG,17577.5,-150.0,True,18.21,True
863,NQ,Thu,14:00,In-Sample,2024-04-18T18:19:05,2024-04-18 14:19:05,LONG,17577.5,10.0,True,18.21,True
863,NQ,Thu,14:00,In-Sample,2024-04-18T18:19:06,2024-04-18 14:19:06,LONG,17577.5,20.0,True,18.21,True
863,NQ,Thu,14:00,In-Sample,2024-04-18T18:19:06,2024-04-18 14:19:06,LONG,17577.5,10.0,True,18.21,True
863,NQ,Thu,14:00,In-Sample,2024-04-18T18:19:06.000001,2024-04-18 14:19:06,LONG,17577.5,5.0,True,18.21,True
863,NQ,Thu,14:00,In-Sample,2024-04-18T18:19:07,2024-04-18 14:19:07,LONG,17578.0,0.0,True,18.21,True
863,NQ,Thu,14:00,In-Sample,2024-04-18T18:19:07.000001,2024-04-18 14:19:07,LONG,17578.0,0.0,True,18.21,True
863,NQ,Thu,14:00,In-Sample,2024-04-18T18:19:25.820982,2024-04-18 14:19:25,SHORT,17574.5,100.0,True,18.21,True
863,NQ,Thu,14:00,In-Sample,2024-04-18T18:19:25.820982,2024-04-18 14:19:25,SHORT,17574.5,-170.0,True,18.21,True
863,NQ,Thu,14:00,In-Sample,2024-04-18T18:19:42.976090,2024-04-18 14:19:42,SHORT,17570.5,-495.0,True,18.21,True
863,NQ,Thu,14:00,In-Sample,2024-04-18T18:19:43.202115,2024-04-18 14:19:43,SHORT,17570.75,-320.0,True,18.21,True
863,NQ,Thu,14:00,In-Sample,2024-04-18T18:19:49.416084,2024-04-18 14:19:49,LONG,17570.0,140.0,True,18.21,True
863,NQ,Thu,14:00,In-Sample,2024-04-18T18:19:55.026614,2024-04-18 14:19:55,LONG,17571.25,230.0,True,18.21,True
863,NQ,Thu,14:00,In-Sample,2024-04-18T18:20:15.596340,2024-04-18 14:20:15,SHORT,17567.75,-435.0,True,18.21,True
863,NQ,Thu,14:00,In-Sample,2024-04-18T18:21:31.588505,2024-04-18 14:21:31,LONG,17582.0,-210.0,True,18.21,True
863,NQ,Thu,14:00,In-Sample,2024-04-18T18:21:32.181554,2024-04-18 14:21:32,LONG,17583.5,230.0,True,18.21,True
863,NQ,Thu,14:00,In-Sample,2024-04-18T18:21:32.181554,2024-04-18 14:21:32,LONG,17583.5,-30.0,True,18.21,True
863,NQ,Thu,14:00,In-Sample,2024-04-18T18:21:46.704780,2024-04-18 14:21:46,LONG,17573.5,210.0,True,18.21,True
863,NQ,Thu,14:00,In-Sample,2024-04-18T18:21:47,2024-04-18 14:21:47,SHORT,17573.5,-460.0,True,18.21,True
863,NQ,Thu,14:00,In-Sample,2024-04-18T18:21:50,2024-04-18 14:21:50,SHORT,17576.75,-165.0,True,18.21,True
863,NQ,Thu,14:00,In-Sample,2024-04-18T18:22:04.755221,2024-04-18 14:22:04,LONG,17577.25,270.0,True,18.21,True
863,NQ,Thu,14:00,In-Sample,2024-04-18T18:22:59.108771,2024-04-18 14:22:59,LONG,17579.0,230.0,True,18.21,True
863,NQ,Thu,14:00,In-Sample,2024-04-18T18:23:11.657107,2024-04-18 14:23:11,LONG,17582.75,310.0,True,18.21,True
863,NQ,Thu,14:00,In-Sample,2024-04-18T18:23:30.612971,2024-04-18 14:23:30,LONG,17591.75,75.0,True,18.21,True
863,NQ,Thu,14:00,In-Sample,2024-04-18T18:23:30.612971,2024-04-18 14:23:30,LONG,17591.75,10.0,True,18.21,True
863,NQ,Thu,14:00,In-Sample,2024-04-18T18:23:33.172402,2024-04-18 14:23:33,LONG,17593.25,-45.0,True,18.21,True
863,NQ,Thu,14:00,In-Sample,2024-04-18T18:23:36.310402,2024-04-18 14:23:36,SHORT,17592.75,100.0,True,18.21,True
863,NQ,Thu,14:00,In-Sample,2024-04-18T18:23:36.310402,2024-04-18 14:23:36,SHORT,17592.75,200.0,True,18.21,True
863,NQ,Thu,14:00,In-Sample,2024-04-18T18:23:36.310402,2024-04-18 14:23:36,SHORT,17592.75,305.0,True,18.21,True
863,NQ,Thu,14:00,In-Sample,2024-04-18T18:23:45.689687,2024-04-18 14:23:45,LONG,17587.5,-635.0,True,18.21,True
863,NQ,Thu,14:00,In-Sample,2024-04-18T18:23:54.290977,2024-04-18 14:23:54,LONG,17589.25,-1340.0,True,18.21,True
863,NQ,Thu,14:00,In-Sample,2024-04-18T18:24:07,2024-04-18 14:24:07,LONG,17585.75,-5.0,True,18.21,True
863,NQ,Thu,14:00,In-Sample,2024-04-18T18:24:38,2024-04-18 14:24:38,SHORT,17583.25,1360.0,True,18.21,True
863,NQ,Thu,14:00,In-Sample,2024-04-18T18:24:38,2024-04-18 14:24:38,SHORT,17583.25,585.0,True,18.21,True
863,NQ,Thu,14:00,In-Sample,2024-04-18T18:24:48.144510,2024-04-18 14:24:48,SHORT,17582.25,-600.0,True,18.21,True
863,NQ,Thu,14:00,In-Sample,2024-04-18T18:24:53.370488,2024-04-18 14:24:53,SHORT,17581.5,160.0,True,18.21,True
863,NQ,Thu,14:00,In-Sample,2024-04-18T18:24:53.370488,2024-04-18 14:24:53,SHORT,17581.5,320.0,True,18.21,True
863,NQ,Thu,14:00,In-Sample,2024-04-18T18:24:53.370488,2024-04-18 14:24:53,SHORT,17581.5,390.0,True,18.21,True
863,NQ,Thu,14:00,In-Sample,2024-04-18T18:24:53.617456,2024-04-18 14:24:53,SHORT,17581.5,160.0,True,18.21,True
863,NQ,Thu,14:00,In-Sample,2024-04-18T18:24:53.617456,2024-04-18 14:24:53,SHORT,17581.5,390.0,True,18.21,True
863,NQ,Thu,14:00,In-Sample,2024-04-18T18:24:53.617621,2024-04-18 14:24:53,SHORT,17581.5,160.0,True,18.21,True
863,NQ,Thu,14:00,In-Sample,2024-04-18T18:24:53.617621,2024-04-18 14:24:53,SHORT,17581.5,390.0,True,18.21,True
863,NQ,Thu,14:00,In-Sample,2024-04-18T18:24:53.982413,2024-04-18 14:24:53,SHORT,17581.25,160.0,True,18.21,True
863,NQ,Thu,14:00,In-Sample,2024-04-18T18:24:53.982413,2024-04-18 14:24:53,SHORT,17581.25,320.0,True,18.21,True
863,NQ,Thu,14:00,In-Sample,2024-04-18T18:24:53.982413,2024-04-18 14:24:53,SHORT,17581.25,385.0,True,18.21,True
863,NQ,Thu,14:00,In-Sample,2024-04-18T18:24:53.982569,2024-04-18 14:24:53,SHORT,17581.25,160.0,True,18.21,True
863,NQ,Thu,14:00,In-Sample,2024-04-18T18:24:53.982569,2024-04-18 14:24:53,SHORT,17581.25,385.0,True,18.21,True
863,NQ,Thu,14:00,In-Sample,2024-04-18T18:27:37.515151,2024-04-18 14:27:37,SHORT,17583.75,230.0,True,18.21,True
863,NQ,Thu,14:00,In-Sample,2024-04-18T18:27:37.515151,2024-04-18 14:27:37,SHORT,17583.75,455.0,True,18.21,True
863,NQ,Thu,14:00,In-Sample,2024-04-18T18:27:37.515151,2024-04-18 14:27:37,SHORT,17583.75,435.0,True,18.21,True
863,NQ,Thu,14:00,In-Sample,2024-04-18T18:28:30.291073,2024-04-18 14:28:30,SHORT,17569.0,225.0,True,18.21,True
863,NQ,Thu,14:00,In-Sample,2024-04-18T18:28:30.291073,2024-04-18 14:28:30,SHORT,17569.0,455.0,True,18.21,True
863,NQ,Thu,14:00,In-Sample,2024-04-18T18:28:30.291073,2024-04-18 14:28:30,SHORT,17569.0,650.0,True,18.21,True
863,NQ,Thu,14:00,In-Sample,2024-04-18T18:28:55.311805,2024-04-18 14:28:55,LONG,17558.75,-80.0,True,18.21,True
863,NQ,Thu,14:00,In-Sample,2024-04-18T18:28:55.311805,2024-04-18 14:28:55,LONG,17558.75,-300.0,True,18.21,True
863,NQ,Thu,14:00,In-Sample,2024-04-18T18:28:55.596018,2024-04-18 14:28:55,LONG,17559.0,-225.0,True,18.21,True
863,NQ,Thu,14:00,In-Sample,2024-04-18T18:29:42,2024-04-18 14:29:42,SHORT,17554.25,820.0,True,18.21,True
863,NQ,Thu,14:00,In-Sample,2024-04-18T18:29:42.936653,2024-04-18 14:29:42,LONG,17557.5,100.0,True,18.21,True
863,NQ,Thu,14:00,In-Sample,2024-04-18T18:29:42.936653,2024-04-18 14:29:42,LONG,17557.5,-140.0,True,18.21,True
863,NQ,Thu,14:00,In-Sample,2024-04-18T18:29:45,2024-04-18 14:29:45,SHORT,17558.25,-60.0,True,18.21,True
863,NQ,Thu,14:00,In-Sample,2024-04-18T18:29:45,2024-04-18 14:29:45,SHORT,17558.25,590.0,True,18.21,True
863,NQ,Thu,14:00,In-Sample,2024-04-18T18:29:49.222636,2024-04-18 14:29:49,LONG,17561.75,-250.0,True,18.21,True
863,NQ,Thu,14:00,In-Sample,2024-04-18T18:29:49.874619,2024-04-18 14:29:49,SHORT,17561.25,-90.0,True,18.21,True
863,NQ,Thu,14:00,In-Sample,2024-04-25T18:02:07.743793,2024-04-25 14:02:07,SHORT,17564.5,180.0,True,15.97,True
863,NQ,Thu,14:00,In-Sample,2024-04-25T18:02:07.743793,2024-04-25 14:02:07,SHORT,17564.5,170.0,True,15.97,True
863,NQ,Thu,14:00,In-Sample,2024-04-25T18:02:23,2024-04-25 14:02:23,SHORT,17560.25,100.0,True,15.97,True
863,NQ,Thu,14:00,In-Sample,2024-04-25T18:02:23,2024-04-25 14:02:23,SHORT,17560.25,5.0,True,15.97,True
863,NQ,Thu,14:00,In-Sample,2024-04-25T18:02:54.420388,2024-04-25 14:02:54,SHORT,17552.5,-420.0,True,15.97,True
863,NQ,Thu,14:00,In-Sample,2024-04-25T18:04:07,2024-04-25 14:04:07,SHORT,17563.5,-30.0,True,15.97,True
863,NQ,Thu,14:00,In-Sample,2024-04-25T18:07:18.784872,2024-04-25 14:07:18,LONG,17572.25,-60.0,True,15.97,True
863,NQ,Thu,14:00,In-Sample,2024-04-25T18:07:19,2024-04-25 14:07:19,SHORT,17571.75,100.0,True,15.97,True
863,NQ,Thu,14:00,In-Sample,2024-04-25T18:07:19,2024-04-25 14:07:19,SHORT,17571.75,5.0,True,15.97,True
863,NQ,Thu,14:00,In-Sample,2024-04-25T18:08:16,2024-04-25 14:08:16,SHORT,17575.5,-20.0,True,15.97,True
863,NQ,Thu,14:00,In-Sample,2024-04-25T18:10:24.076044,2024-04-25 14:10:24,SHORT,17567.0,-510.0,True,15.97,True
863,NQ,Thu,14:00,In-Sample,2024-04-25T18:13:51,2024-04-25 14:13:51,SHORT,17578.0,-30.0,True,15.97,True
863,NQ,Thu,14:00,In-Sample,2024-04-25T18:13:51,2024-04-25 14:13:51,LONG,17578.0,-350.0,True,15.97,True
863,NQ,Thu,14:00,In-Sample,2024-04-25T18:13:52.769695,2024-04-25 14:13:52,LONG,17579.75,-225.0,True,15.97,True
863,NQ,Thu,14:00,In-Sample,2024-04-25T18:13:53.249160,2024-04-25 14:13:53,LONG,17579.5,-210.0,True,15.97,True
863,NQ,Thu,14:00,In-Sample,2024-04-25T18:14:00.638087,2024-04-25 14:14:00,SHORT,17579.5,205.0,True,15.97,True
863,NQ,Thu,14:00,In-Sample,2024-04-25T18:14:00.638087,2024-04-25 14:14:00,SHORT,17579.5,-160.0,True,15.97,True
863,NQ,Thu,14:00,In-Sample,2024-04-25T18:14:30,2024-04-25 14:14:30,LONG,17574.25,-50.0,True,15.97,True
863,NQ,Thu,14:00,In-Sample,2024-04-25T18:14:30,2024-04-25 14:14:30,LONG,17574.25,-100.0,True,15.97,True
863,NQ,Thu,14:00,In-Sample,2024-04-25T18:14:33.309541,2024-04-25 14:14:33,SHORT,17569.5,30.0,True,15.97,True
863,NQ,Thu,14:00,In-Sample,2024-04-25T18:16:38.154727,2024-04-25 14:16:38,SHORT,17580.25,-65.0,True,15.97,True
863,NQ,Thu,14:00,In-Sample,2024-04-25T18:16:38.154727,2024-04-25 14:16:38,SHORT,17580.25,115.0,True,15.97,True
863,NQ,Thu,14:00,In-Sample,2024-04-25T18:16:38.154727,2024-04-25 14:16:38,SHORT,17580.25,100.0,True,15.97,True
863,NQ,Thu,14:00,In-Sample,2024-04-25T18:17:52.661805,2024-04-25 14:17:52,SHORT,17579.5,85.0,True,15.97,True
863,NQ,Thu,14:00,In-Sample,2024-04-25T18:17:52.661805,2024-04-25 14:17:52,SHORT,17579.5,1230.0,True,15.97,True
863,NQ,Thu,14:00,In-Sample,2024-04-25T18:18:04.185113,2024-04-25 14:18:04,SHORT,17578.75,100.0,True,15.97,True
863,NQ,Thu,14:00,In-Sample,2024-04-25T18:18:04.185113,2024-04-25 14:18:04,SHORT,17578.75,300.0,True,15.97,True
863,NQ,Thu,14:00,In-Sample,2024-04-25T18:18:04.185113,2024-04-25 14:18:04,SHORT,17578.75,345.0,True,15.97,True
863,NQ,Thu,14:00,In-Sample,2024-04-25T18:18:53.655070,2024-04-25 14:18:53,SHORT,17576.25,190.0,True,15.97,True
863,NQ,Thu,14:00,In-Sample,2024-04-25T18:18:53.655070,2024-04-25 14:18:53,SHORT,17576.25,375.0,True,15.97,True
863,NQ,Thu,14:00,In-Sample,2024-04-25T18:18:53.655070,2024-04-25 14:18:53,SHORT,17576.25,325.0,True,15.97,True
863,NQ,Thu,14:00,In-Sample,2024-04-25T18:18:53.729769,2024-04-25 14:18:53,SHORT,17576.25,190.0,True,15.97,True
863,NQ,Thu,14:00,In-Sample,2024-04-25T18:18:53.729769,2024-04-25 14:18:53,SHORT,17576.25,565.0,True,15.97,True
863,NQ,Thu,14:00,In-Sample,2024-04-25T18:19:10.236580,2024-04-25 14:19:10,SHORT,17572.5,150.0,True,15.97,True
863,NQ,Thu,14:00,In-Sample,2024-04-25T18:19:10.236580,2024-04-25 14:19:10,SHORT,17572.5,320.0,True,15.97,True
863,NQ,Thu,14:00,In-Sample,2024-04-25T18:19:10.236714,2024-04-25 14:19:10,SHORT,17572.5,150.0,True,15.97,True
863,NQ,Thu,14:00,In-Sample,2024-04-25T18:19:10.236714,2024-04-25 14:19:10,SHORT,17572.5,320.0,True,15.97,True
863,NQ,Thu,14:00,In-Sample,2024-04-25T18:19:10.236788,2024-04-25 14:19:10,SHORT,17572.5,150.0,True,15.97,True
863,NQ,Thu,14:00,In-Sample,2024-04-25T18:19:10.236788,2024-04-25 14:19:10,SHORT,17572.5,300.0,True,15.97,True
863,NQ,Thu,14:00,In-Sample,2024-04-25T18:19:10.236788,2024-04-25 14:19:10,SHORT,17572.5,315.0,True,15.97,True
863,NQ,Thu,14:00,In-Sample,2024-04-25T18:19:10.392245,2024-04-25 14:19:10,SHORT,17572.5,150.0,True,15.97,True
863,NQ,Thu,14:00,In-Sample,2024-04-25T18:19:10.392245,2024-04-25 14:19:10,SHORT,17572.5,320.0,True,15.97,True
863,NQ,Thu,14:00,In-Sample,2024-04-25T18:19:10.392359,2024-04-25 14:19:10,SHORT,17572.5,150.0,True,15.97,True
863,NQ,Thu,14:00,In-Sample,2024-04-25T18:19:10.392359,2024-04-25 14:19:10,SHORT,17572.5,300.0,True,15.97,True
863,NQ,Thu,14:00,In-Sample,2024-04-25T18:19:10.392359,2024-04-25 14:19:10,SHORT,17572.5,315.0,True,15.97,True
863,NQ,Thu,14:00,In-Sample,2024-04-25T18:21:50.747548,2024-04-25 14:21:50,SHORT,17573.0,190.0,True,15.97,True
863,NQ,Thu,14:00,In-Sample,2024-04-25T18:21:50.747548,2024-04-25 14:21:50,SHORT,17573.0,375.0,True,15.97,True
863,NQ,Thu,14:00,In-Sample,2024-04-25T18:21:50.747548,2024-04-25 14:21:50,SHORT,17573.0,1060.0,True,15.97,True
863,NQ,Thu,14:00,In-Sample,2024-04-25T18:21:51.226021,2024-04-25 14:21:51,SHORT,17573.0,190.0,True,15.97,True
863,NQ,Thu,14:00,In-Sample,2024-04-25T18:21:51.226021,2024-04-25 14:21:51,SHORT,17573.0,375.0,True,15.97,True
863,NQ,Thu,14:00,In-Sample,2024-04-25T18:21:51.226021,2024-04-25 14:21:51,SHORT,17573.0,1190.0,True,15.97,True
863,NQ,Thu,14:00,In-Sample,2024-04-25T18:23:06.284549,2024-04-25 14:23:06,SHORT,17567.5,75.0,True,15.97,True
863,NQ,Thu,14:00,In-Sample,2024-04-25T18:23:06.284549,2024-04-25 14:23:06,SHORT,17567.5,150.0,True,15.97,True
863,NQ,Thu,14:00,In-Sample,2024-04-25T18:23:06.284549,2024-04-25 14:23:06,SHORT,17567.5,300.0,True,15.97,True
863,NQ,Thu,14:00,In-Sample,2024-04-25T18:23:06.440678,2024-04-25 14:23:06,SHORT,17567.5,75.0,True,15.97,True
863,NQ,Thu,14:00,In-Sample,2024-04-25T18:23:06.440678,2024-04-25 14:23:06,SHORT,17567.5,150.0,True,15.97,True
863,NQ,Thu,14:00,In-Sample,2024-04-25T18:23:06.440678,2024-04-25 14:23:06,SHORT,17567.5,285.0,True,15.97,True
863,NQ,Thu,14:00,In-Sample,2024-04-25T18:27:26.924737,2024-04-25 14:27:26,SHORT,17552.0,190.0,True,15.97,True
863,NQ,Thu,14:00,In-Sample,2024-04-25T18:27:26.924737,2024-04-25 14:27:26,SHORT,17552.0,570.0,True,15.97,True
863,NQ,Thu,14:00,In-Sample,2024-04-25T18:27:27.307547,2024-04-25 14:27:27,SHORT,17552.5,190.0,True,15.97,True
863,NQ,Thu,14:00,In-Sample,2024-04-25T18:27:27.307547,2024-04-25 14:27:27,SHORT,17552.5,380.0,True,15.97,True
863,NQ,Thu,14:00,In-Sample,2024-04-25T18:27:27.307547,2024-04-25 14:27:27,SHORT,17552.5,620.0,True,15.97,True
863,NQ,Thu,14:00,In-Sample,2024-04-25T18:28:17.856186,2024-04-25 14:28:17,LONG,17548.75,-50.0,True,15.97,True
863,NQ,Thu,14:00,In-Sample,2024-04-25T18:28:17.934319,2024-04-25 14:28:17,LONG,17548.75,-150.0,True,15.97,True
863,NQ,Thu,14:00,In-Sample,2024-04-25T18:28:19.346748,2024-04-25 14:28:19,SHORT,17546.25,360.0,True,15.97,True
863,NQ,Thu,14:00,In-Sample,2024-04-25T18:28:25.467494,2024-04-25 14:28:25,SHORT,17537.5,150.0,True,15.97,True
863,NQ,Thu,14:00,In-Sample,2024-04-25T18:28:25.467494,2024-04-25 14:28:25,SHORT,17537.5,350.0,True,15.97,True
863,NQ,Thu,14:00,In-Sample,2024-04-25T18:28:25.467494,2024-04-25 14:28:25,SHORT,17537.5,370.0,True,15.97,True
863,NQ,Thu,14:00,In-Sample,2024-04-25T18:28:35.863800,2024-04-25 14:28:35,LONG,17537.25,-75.0,True,15.97,True
863,NQ,Thu,14:00,In-Sample,2024-04-25T18:28:35.943506,2024-04-25 14:28:35,LONG,17537.5,-240.0,True,15.97,True
863,NQ,Thu,14:00,In-Sample,2024-04-25T18:29:19.998659,2024-04-25 14:29:19,SHORT,17533.5,30.0,True,15.97,True
863,NQ,Thu,14:00,In-Sample,2024-04-25T18:29:22.834816,2024-04-25 14:29:22,LONG,17532.75,-50.0,True,15.97,True
863,NQ,Thu,14:00,In-Sample,2024-04-25T18:29:31.889949,2024-04-25 14:29:31,SHORT,17530.25,320.0,True,15.97,True
863,NQ,Thu,14:00,In-Sample,2024-04-25T18:29:33.890825,2024-04-25 14:29:33,SHORT,17525.5,75.0,True,15.97,True
863,NQ,Thu,14:00,In-Sample,2024-04-25T18:29:33.890825,2024-04-25 14:29:33,SHORT,17525.5,10.0,True,15.97,True
863,NQ,Thu,14:00,In-Sample,2024-04-25T18:29:34.047754,2024-04-25 14:29:34,SHORT,17525.75,75.0,True,15.97,True
863,NQ,Thu,14:00,In-Sample,2024-04-25T18:29:34.047754,2024-04-25 14:29:34,SHORT,17525.75,150.0,True,15.97,True
863,NQ,Thu,14:00,In-Sample,2024-04-25T18:29:34.047754,2024-04-25 14:29:34,SHORT,17525.75,115.0,True,15.97,True
863,NQ,Thu,14:00,In-Sample,2024-04-25T18:29:41.357617,2024-04-25 14:29:41,LONG,17522.25,-40.0,True,15.97,True
863,NQ,Thu,14:00,In-Sample,2024-04-25T18:29:47.491274,2024-04-25 14:29:47,SHORT,17520.25,190.0,True,15.97,True
863,NQ,Thu,14:00,In-Sample,2024-04-25T18:29:53.352728,2024-04-25 14:29:53,LONG,17515.5,-85.0,True,15.97,True
863,NQ,Thu,14:00,In-Sample,2024-04-25T18:29:58.767594,2024-04-25 14:29:58,SHORT,17511.25,-150.0,True,15.97,True
863,NQ,Thu,14:00,In-Sample,2024-05-02T18:06:08.803955,2024-05-02 14:06:08,LONG,17613.0,-110.0,True,15.39,True
863,NQ,Thu,14:00,In-Sample,2024-05-02T18:06:10,2024-05-02 14:06:10,LONG,17613.25,200.0,True,15.39,True
863,NQ,Thu,14:00,In-Sample,2024-05-02T18:06:10.166494,2024-05-02 14:06:10,SHORT,17611.25,-285.0,True,15.39,True
863,NQ,Thu,14:00,In-Sample,2024-05-02T18:06:11,2024-05-02 14:06:11,LONG,17611.25,240.0,True,15.39,True
863,NQ,Thu,14:00,In-Sample,2024-05-02T18:06:11,2024-05-02 14:06:11,LONG,17611.25,-5.0,True,15.39,True
863,NQ,Thu,14:00,In-Sample,2024-05-02T18:06:12.194513,2024-05-02 14:06:12,SHORT,17610.25,-310.0,True,15.39,True
863,NQ,Thu,14:00,In-Sample,2024-05-02T18:07:29.275958,2024-05-02 14:07:29,SHORT,17611.25,-420.0,True,15.39,True
863,NQ,Thu,14:00,In-Sample,2024-05-02T18:07:55.768063,2024-05-02 14:07:55,SHORT,17614.75,-450.0,True,15.39,True
863,NQ,Thu,14:00,In-Sample,2024-05-02T18:08:35.896608,2024-05-02 14:08:35,SHORT,17618.25,-480.0,True,15.39,True
863,NQ,Thu,14:00,In-Sample,2024-05-02T18:08:50.758628,2024-05-02 14:08:50,SHORT,17622.5,-5.0,True,15.39,True
863,NQ,Thu,14:00,In-Sample,2024-05-02T18:08:50.758628,2024-05-02 14:08:50,SHORT,17622.5,-100.0,True,15.39,True
863,NQ,Thu,14:00,In-Sample,2024-05-02T18:09:08.270767,2024-05-02 14:09:08,SHORT,17627.75,-390.0,True,15.39,True
863,NQ,Thu,14:00,In-Sample,2024-05-02T18:09:10.135515,2024-05-02 14:09:10,SHORT,17627.5,100.0,True,15.39,True
863,NQ,Thu,14:00,In-Sample,2024-05-02T18:09:10.135515,2024-05-02 14:09:10,SHORT,17627.5,-190.0,True,15.39,True
863,NQ,Thu,14:00,In-Sample,2024-05-02T18:10:05.776467,2024-05-02 14:10:05,SHORT,17631.5,75.0,True,15.39,True
863,NQ,Thu,14:00,In-Sample,2024-05-02T18:10:05.776467,2024-05-02 14:10:05,SHORT,17631.5,30.0,True,15.39,True
863,NQ,Thu,14:00,In-Sample,2024-05-02T18:10:22.819535,2024-05-02 14:10:22,SHORT,17632.75,-270.0,True,15.39,True
863,NQ,Thu,14:00,In-Sample,2024-05-02T18:10:25.174831,2024-05-02 14:10:25,SHORT,17630.75,100.0,True,15.39,True
863,NQ,Thu,14:00,In-Sample,2024-05-02T18:10:25.174831,2024-05-02 14:10:25,SHORT,17630.75,300.0,True,15.39,True
863,NQ,Thu,14:00,In-Sample,2024-05-02T18:10:25.174831,2024-05-02 14:10:25,SHORT,17630.75,225.0,True,15.39,True
863,NQ,Thu,14:00,In-Sample,2024-05-02T18:11:06.223567,2024-05-02 14:11:06,SHORT,17622.0,225.0,True,15.39,True
863,NQ,Thu,14:00,In-Sample,2024-05-02T18:11:06.223567,2024-05-02 14:11:06,SHORT,17622.0,-250.0,True,15.39,True
863,NQ,Thu,14:00,In-Sample,2024-05-02T18:12:57,2024-05-02 14:12:57,LONG,17622.25,200.0,True,15.39,True
863,NQ,Thu,14:00,In-Sample,2024-05-02T18:12:58,2024-05-02 14:12:58,LONG,17621.5,20.0,True,15.39,True
863,NQ,Thu,14:00,In-Sample,2024-05-02T18:12:58,2024-05-02 14:12:58,LONG,17621.5,-25.0,True,15.39,True
863,NQ,Thu,14:00,In-Sample,2024-05-02T18:15:32.886300,2024-05-02 14:15:32,LONG,17625.75,-300.0,True,15.39,True
863,NQ,Thu,14:00,In-Sample,2024-05-02T18:17:11.327479,2024-05-02 14:17:11,SHORT,17618.25,275.0,True,15.39,True
863,NQ,Thu,14:00,In-Sample,2024-05-02T18:17:43.974241,2024-05-02 14:17:43,SHORT,17608.25,20.0,True,15.39,True
863,NQ,Thu,14:00,In-Sample,2024-05-02T18:17:43.974241,2024-05-02 14:17:43,SHORT,17608.25,-590.0,True,15.39,True
863,NQ,Thu,14:00,In-Sample,2024-05-02T18:22:36.507975,2024-05-02 14:22:36,SHORT,17606.75,-765.0,True,15.39,True
863,NQ,Thu,14:00,In-Sample,2024-05-02T18:22:36.965411,2024-05-02 14:22:36,SHORT,17606.25,-795.0,True,15.39,True
863,NQ,Thu,14:00,In-Sample,2024-05-09T18:00:02,2024-05-09 14:00:02,SHORT,18201.75,100.0,True,13.0,True
863,NQ,Thu,14:00,In-Sample,2024-05-09T18:00:02,2024-05-09 14:00:02,SHORT,18201.75,5.0,True,13.0,True
863,NQ,Thu,14:00,In-Sample,2024-05-09T18:00:10.621010,2024-05-09 14:00:10,SHORT,18200.0,150.0,True,13.0,True
863,NQ,Thu,14:00,In-Sample,2024-05-09T18:00:10.621010,2024-05-09 14:00:10,SHORT,18200.0,10.0,True,13.0,True
863,NQ,Thu,14:00,In-Sample,2024-05-09T18:00:54,2024-05-09 14:00:54,LONG,18199.0,645.0,True,13.0,True
863,NQ,Thu,14:00,In-Sample,2024-05-09T18:01:11.189868,2024-05-09 14:01:11,SHORT,18197.5,-600.0,True,13.0,True
863,NQ,Thu,14:00,In-Sample,2024-05-09T18:01:11.338431,2024-05-09 14:01:11,SHORT,18197.75,-585.0,True,13.0,True
863,NQ,Thu,14:00,In-Sample,2024-05-09T18:02:40,2024-05-09 14:02:40,LONG,18194.0,845.0,True,13.0,True
863,NQ,Thu,14:00,In-Sample,2024-05-09T18:12:10.347749,2024-05-09 14:12:10,SHORT,18201.25,-495.0,True,13.0,True
863,NQ,Thu,14:00,In-Sample,2024-05-09T18:15:02.811031,2024-05-09 14:15:02,SHORT,18198.0,150.0,True,13.0,True
863,NQ,Thu,14:00,In-Sample,2024-05-09T18:15:02.811031,2024-05-09 14:15:02,SHORT,18198.0,-570.0,True,13.0,True
863,NQ,Thu,14:00,In-Sample,2024-05-09T18:15:03.050245,2024-05-09 14:15:03,SHORT,18199.0,150.0,True,13.0,True
863,NQ,Thu,14:00,In-Sample,2024-05-09T18:15:03.050245,2024-05-09 14:15:03,SHORT,18199.0,-530.0,True,13.0,True
863,NQ,Thu,14:00,In-Sample,2024-05-09T18:19:22.377356,2024-05-09 14:19:22,SHORT,18201.5,150.0,True,13.0,True
863,NQ,Thu,14:00,In-Sample,2024-05-09T18:19:22.377356,2024-05-09 14:19:22,SHORT,18201.5,220.0,True,13.0,True
863,NQ,Thu,14:00,In-Sample,2024-05-09T18:22:05.939899,2024-05-09 14:22:05,SHORT,18197.25,125.0,True,13.0,True
863,NQ,Thu,14:00,In-Sample,2024-05-09T18:22:05.939899,2024-05-09 14:22:05,SHORT,18197.25,10.0,True,13.0,True
863,NQ,Thu,14:00,In-Sample,2024-05-09T18:22:06.022959,2024-05-09 14:22:06,SHORT,18196.75,125.0,True,13.0,True
863,NQ,Thu,14:00,In-Sample,2024-05-09T18:22:06.022959,2024-05-09 14:22:06,SHORT,18196.75,-150.0,True,13.0,True
863,NQ,Thu,14:00,In-Sample,2024-05-09T18:22:06.130507,2024-05-09 14:22:06,SHORT,18196.75,-190.0,True,13.0,True
863,NQ,Thu,14:00,In-Sample,2024-05-09T18:22:06.148191,2024-05-09 14:22:06,SHORT,18195.75,-230.0,True,13.0,True
863,NQ,Thu,14:00,In-Sample,2024-05-09T18:22:06.148316,2024-05-09 14:22:06,SHORT,18195.75,75.0,True,13.0,True
863,NQ,Thu,14:00,In-Sample,2024-05-09T18:22:06.148316,2024-05-09 14:22:06,SHORT,18195.75,20.0,True,13.0,True
863,NQ,Thu,14:00,In-Sample,2024-05-09T18:22:06.148400,2024-05-09 14:22:06,SHORT,18195.75,-735.0,True,13.0,True
863,NQ,Thu,14:00,In-Sample,2024-05-09T18:22:06.148464,2024-05-09 14:22:06,SHORT,18195.75,-230.0,True,13.0,True
863,NQ,Thu,14:00,In-Sample,2024-05-09T18:22:06.148530,2024-05-09 14:22:06,SHORT,18195.75,-480.0,True,13.0,True
863,NQ,Thu,14:00,In-Sample,2024-05-09T18:22:06.148591,2024-05-09 14:22:06,SHORT,18195.75,-480.0,True,13.0,True
863,NQ,Thu,14:00,In-Sample,2024-05-09T18:25:52.257462,2024-05-09 14:25:52,LONG,18201.25,145.0,True,13.0,True
863,NQ,Thu,14:00,In-Sample,2024-05-09T18:25:52.257462,2024-05-09 14:25:52,LONG,18201.25,150.0,True,13.0,True
863,NQ,Thu,14:00,In-Sample,2024-05-09T18:25:59.084150,2024-05-09 14:25:59,LONG,18203.75,145.0,True,13.0,True
863,NQ,Thu,14:00,In-Sample,2024-05-09T18:25:59.084150,2024-05-09 14:25:59,LONG,18203.75,100.0,True,13.0,True
863,NQ,Thu,14:00,In-Sample,2024-05-09T18:25:59.166996,2024-05-09 14:25:59,LONG,18203.75,145.0,True,13.0,True
863,NQ,Thu,14:00,In-Sample,2024-05-09T18:25:59.166996,2024-05-09 14:25:59,LONG,18203.75,100.0,True,13.0,True
863,NQ,Thu,14:00,In-Sample,2024-05-09T18:26:57.112309,2024-05-09 14:26:57,SHORT,18211.0,100.0,True,13.0,True
863,NQ,Thu,14:00,In-Sample,2024-05-09T18:26:57.112395,2024-05-09 14:26:57,SHORT,18211.0,100.0,True,13.0,True
863,NQ,Thu,14:00,In-Sample,2024-05-16T18:00:18.421773,2024-05-16 14:00:18,SHORT,18706.0,95.0,True,12.45,True
863,NQ,Thu,14:00,In-Sample,2024-05-16T18:00:18.421773,2024-05-16 14:00:18,SHORT,18706.0,195.0,True,12.45,True
863,NQ,Thu,14:00,In-Sample,2024-05-16T18:00:18.421773,2024-05-16 14:00:18,SHORT,18706.0,85.0,True,12.45,True
863,NQ,Thu,14:00,In-Sample,2024-05-16T18:00:18.668427,2024-05-16 14:00:18,SHORT,18705.5,95.0,True,12.45,True
863,NQ,Thu,14:00,In-Sample,2024-05-16T18:00:18.668427,2024-05-16 14:00:18,SHORT,18705.5,195.0,True,12.45,True
863,NQ,Thu,14:00,In-Sample,2024-05-16T18:00:18.668427,2024-05-16 14:00:18,SHORT,18705.5,75.0,True,12.45,True
863,NQ,Thu,14:00,In-Sample,2024-05-16T18:00:18.864192,2024-05-16 14:00:18,SHORT,18705.0,0.0,True,12.45,True
863,NQ,Thu,14:00,In-Sample,2024-05-16T18:00:19.717022,2024-05-16 14:00:19,SHORT,18704.75,95.0,True,12.45,True
863,NQ,Thu,14:00,In-Sample,2024-05-16T18:00:19.717022,2024-05-16 14:00:19,SHORT,18704.75,190.0,True,12.45,True
863,NQ,Thu,14:00,In-Sample,2024-05-16T18:00:19.717022,2024-05-16 14:00:19,SHORT,18704.75,60.0,True,12.45,True
863,NQ,Thu,14:00,In-Sample,2024-05-16T18:02:01,2024-05-16 14:02:01,SHORT,18702.75,45.0,True,12.45,True
863,NQ,Thu,14:00,In-Sample,2024-05-16T18:02:02.000001,2024-05-16 14:02:02,SHORT,18701.75,-10.0,True,12.45,True
863,NQ,Thu,14:00,In-Sample,2024-05-16T18:02:03.000001,2024-05-16 14:02:03,SHORT,18701.75,-495.0,True,12.45,True
863,NQ,Thu,14:00,In-Sample,2024-05-16T18:02:22,2024-05-16 14:02:22,LONG,18708.5,-440.0,True,12.45,True
863,NQ,Thu,14:00,In-Sample,2024-05-16T18:02:39,2024-05-16 14:02:39,LONG,18706.0,-170.0,True,12.45,True
863,NQ,Thu,14:00,In-Sample,2024-05-16T18:02:39,2024-05-16 14:02:39,LONG,18706.0,25.0,True,12.45,True
863,NQ,Thu,14:00,In-Sample,2024-05-16T18:04:20,2024-05-16 14:04:20,SHORT,18701.75,100.0,True,12.45,True
863,NQ,Thu,14:00,In-Sample,2024-05-16T18:04:20,2024-05-16 14:04:20,SHORT,18701.75,5.0,True,12.45,True
863,NQ,Thu,14:00,In-Sample,2024-05-16T18:04:33.395166,2024-05-16 14:04:33,SHORT,18700.0,75.0,True,12.45,True
863,NQ,Thu,14:00,In-Sample,2024-05-16T18:04:33.395166,2024-05-16 14:04:33,SHORT,18700.0,10.0,True,12.45,True
863,NQ,Thu,14:00,In-Sample,2024-05-16T18:04:33.574963,2024-05-16 14:04:33,SHORT,18700.25,75.0,True,12.45,True
863,NQ,Thu,14:00,In-Sample,2024-05-16T18:04:33.574963,2024-05-16 14:04:33,SHORT,18700.25,20.0,True,12.45,True
863,NQ,Thu,14:00,In-Sample,2024-05-16T18:05:40.895204,2024-05-16 14:05:40,LONG,18702.0,-435.0,True,12.45,True
863,NQ,Thu,14:00,In-Sample,2024-05-16T18:05:41.055172,2024-05-16 14:05:41,LONG,18702.0,-435.0,True,12.45,True
863,NQ,Thu,14:00,In-Sample,2024-05-16T18:05:41.055314,2024-05-16 14:05:41,LONG,18702.0,-290.0,True,12.45,True
863,NQ,Thu,14:00,In-Sample,2024-05-16T18:05:41.055417,2024-05-16 14:05:41,LONG,18702.0,-145.0,True,12.45,True
863,NQ,Thu,14:00,In-Sample,2024-05-16T18:05:41.055494,2024-05-16 14:05:41,LONG,18702.0,-290.0,True,12.45,True
863,NQ,Thu,14:00,In-Sample,2024-05-16T18:06:03.134972,2024-05-16 14:06:03,SHORT,18694.75,125.0,True,12.45,True
863,NQ,Thu,14:00,In-Sample,2024-05-16T18:06:04,2024-05-16 14:06:04,SHORT,18694.25,155.0,True,12.45,True
863,NQ,Thu,14:00,In-Sample,2024-05-16T18:06:04,2024-05-16 14:06:04,SHORT,18694.25,310.0,True,12.45,True
863,NQ,Thu,14:00,In-Sample,2024-05-16T18:06:04,2024-05-16 14:06:04,SHORT,18694.25,250.0,True,12.45,True
863,NQ,Thu,14:00,In-Sample,2024-05-16T18:06:39.342640,2024-05-16 14:06:39,SHORT,18686.25,95.0,True,12.45,True
863,NQ,Thu,14:00,In-Sample,2024-05-16T18:06:39.342640,2024-05-16 14:06:39,SHORT,18686.25,195.0,True,12.45,True
863,NQ,Thu,14:00,In-Sample,2024-05-16T18:06:39.342640,2024-05-16 14:06:39,SHORT,18686.25,10.0,True,12.45,True
863,NQ,Thu,14:00,In-Sample,2024-05-16T18:06:39.535840,2024-05-16 14:06:39,SHORT,18686.25,95.0,True,12.45,True
863,NQ,Thu,14:00,In-Sample,2024-05-16T18:06:39.535840,2024-05-16 14:06:39,SHORT,18686.25,195.0,True,12.45,True
863,NQ,Thu,14:00,In-Sample,2024-05-16T18:06:39.535840,2024-05-16 14:06:39,SHORT,18686.25,10.0,True,12.45,True
863,NQ,Thu,14:00,In-Sample,2024-05-16T18:06:39.536058,2024-05-16 14:06:39,SHORT,18686.25,95.0,True,12.45,True
863,NQ,Thu,14:00,In-Sample,2024-05-16T18:06:39.536058,2024-05-16 14:06:39,SHORT,18686.25,195.0,True,12.45,True
863,NQ,Thu,14:00,In-Sample,2024-05-16T18:06:39.536058,2024-05-16 14:06:39,SHORT,18686.25,10.0,True,12.45,True
863,NQ,Thu,14:00,In-Sample,2024-05-16T18:07:13.840533,2024-05-16 14:07:13,LONG,18688.25,-405.0,True,12.45,True
863,NQ,Thu,14:00,In-Sample,2024-05-16T18:07:13.990464,2024-05-16 14:07:13,LONG,18688.5,-420.0,True,12.45,True
863,NQ,Thu,14:00,In-Sample,2024-05-16T18:07:13.990641,2024-05-16 14:07:13,LONG,18688.5,-280.0,True,12.45,True
863,NQ,Thu,14:00,In-Sample,2024-05-16T18:07:14.035773,2024-05-16 14:07:14,LONG,18688.5,-140.0,True,12.45,True
863,NQ,Thu,14:00,In-Sample,2024-05-16T18:07:14.035922,2024-05-16 14:07:14,LONG,18688.5,-280.0,True,12.45,True
863,NQ,Thu,14:00,In-Sample,2024-05-16T18:07:40,2024-05-16 14:07:40,SHORT,18685.75,-220.0,True,12.45,True
863,NQ,Thu,14:00,In-Sample,2024-05-16T18:08:26,2024-05-16 14:08:26,SHORT,18688.75,-50.0,True,12.45,True
863,NQ,Thu,14:00,In-Sample,2024-05-16T18:09:44.402229,2024-05-16 14:09:44,SHORT,18684.75,150.0,True,12.45,True
863,NQ,Thu,14:00,In-Sample,2024-05-16T18:09:44.402229,2024-05-16 14:09:44,SHORT,18684.75,70.0,True,12.45,True
863,NQ,Thu,14:00,In-Sample,2024-05-16T18:10:55.651756,2024-05-16 14:10:55,SHORT,18681.5,155.0,True,12.45,True
863,NQ,Thu,14:00,In-Sample,2024-05-16T18:10:56.903714,2024-05-16 14:10:56,SHORT,18681.0,75.0,True,12.45,True
863,NQ,Thu,14:00,In-Sample,2024-05-16T18:10:56.903714,2024-05-16 14:10:56,SHORT,18681.0,10.0,True,12.45,True
863,NQ,Thu,14:00,In-Sample,2024-05-16T18:10:57.147444,2024-05-16 14:10:57,SHORT,18681.0,75.0,True,12.45,True
863,NQ,Thu,14:00,In-Sample,2024-05-16T18:10:57.147444,2024-05-16 14:10:57,SHORT,18681.0,10.0,True,12.45,True
863,NQ,Thu,14:00,In-Sample,2024-05-16T18:11:24.031985,2024-05-16 14:11:24,SHORT,18680.25,-105.0,True,12.45,True
863,NQ,Thu,14:00,In-Sample,2024-05-16T18:11:24.188841,2024-05-16 14:11:24,SHORT,18680.0,-120.0,True,12.45,True
863,NQ,Thu,14:00,In-Sample,2024-05-16T18:11:43.121204,2024-05-16 14:11:43,LONG,18688.0,-60.0,True,12.45,True
863,NQ,Thu,14:00,In-Sample,2024-05-16T18:13:04.483134,2024-05-16 14:13:04,SHORT,18681.0,145.0,True,12.45,True
863,NQ,Thu,14:00,In-Sample,2024-05-16T18:13:04.483134,2024-05-16 14:13:04,SHORT,18681.0,290.0,True,12.45,True
863,NQ,Thu,14:00,In-Sample,2024-05-16T18:13:04.483134,2024-05-16 14:13:04,SHORT,18681.0,220.0,True,12.45,True
863,NQ,Thu,14:00,In-Sample,2024-05-16T18:13:05,2024-05-16 14:13:05,SHORT,18681.0,100.0,True,12.45,True
863,NQ,Thu,14:00,In-Sample,2024-05-16T18:13:05,2024-05-16 14:13:05,SHORT,18681.0,5.0,True,12.45,True
863,NQ,Thu,14:00,In-Sample,2024-05-16T18:13:35.060531,2024-05-16 14:13:35,SHORT,18679.25,110.0,True,12.45,True
863,NQ,Thu,14:00,In-Sample,2024-05-16T18:13:35.060531,2024-05-16 14:13:35,SHORT,18679.25,215.0,True,12.45,True
863,NQ,Thu,14:00,In-Sample,2024-05-16T18:13:35.060531,2024-05-16 14:13:35,SHORT,18679.25,165.0,True,12.45,True
863,NQ,Thu,14:00,In-Sample,2024-05-16T18:13:35.060702,2024-05-16 14:13:35,SHORT,18679.25,110.0,True,12.45,True
863,NQ,Thu,14:00,In-Sample,2024-05-16T18:13:35.060702,2024-05-16 14:13:35,SHORT,18679.25,215.0,True,12.45,True
863,NQ,Thu,14:00,In-Sample,2024-05-16T18:13:35.060702,2024-05-16 14:13:35,SHORT,18679.25,165.0,True,12.45,True
863,NQ,Thu,14:00,In-Sample,2024-05-16T18:13:35.223680,2024-05-16 14:13:35,SHORT,18679.0,110.0,True,12.45,True
863,NQ,Thu,14:00,In-Sample,2024-05-16T18:13:35.223680,2024-05-16 14:13:35,SHORT,18679.0,215.0,True,12.45,True
863,NQ,Thu,14:00,In-Sample,2024-05-16T18:13:35.223680,2024-05-16 14:13:35,SHORT,18679.0,160.0,True,12.45,True
863,NQ,Thu,14:00,In-Sample,2024-05-16T18:14:38.191457,2024-05-16 14:14:38,SHORT,18669.0,145.0,True,12.45,True
863,NQ,Thu,14:00,In-Sample,2024-05-16T18:14:38.191457,2024-05-16 14:14:38,SHORT,18669.0,-520.0,True,12.45,True
863,NQ,Thu,14:00,In-Sample,2024-05-16T18:14:38.191601,2024-05-16 14:14:38,SHORT,18669.5,145.0,True,12.45,True
863,NQ,Thu,14:00,In-Sample,2024-05-16T18:14:38.191601,2024-05-16 14:14:38,SHORT,18669.5,-500.0,True,12.45,True
863,NQ,Thu,14:00,In-Sample,2024-05-16T18:14:39,2024-05-16 14:14:39,SHORT,18671.25,145.0,True,12.45,True
863,NQ,Thu,14:00,In-Sample,2024-05-16T18:14:39,2024-05-16 14:14:39,SHORT,18671.25,-500.0,True,12.45,True
863,NQ,Thu,14:00,In-Sample,2024-05-16T18:15:07.971819,2024-05-16 14:15:07,LONG,18669.5,-170.0,True,12.45,True
863,NQ,Thu,14:00,In-Sample,2024-05-16T18:15:08.053216,2024-05-16 14:15:08,LONG,18669.5,-240.0,True,12.45,True
863,NQ,Thu,14:00,In-Sample,2024-05-16T18:15:08.199230,2024-05-16 14:15:08,LONG,18669.5,-230.0,True,12.45,True
863,NQ,Thu,14:00,In-Sample,2024-05-16T18:15:11.100512,2024-05-16 14:15:11,LONG,18670.75,-420.0,True,12.45,True
863,NQ,Thu,14:00,In-Sample,2024-05-16T18:15:11.236644,2024-05-16 14:15:11,SHORT,18670.25,-30.0,True,12.45,True
863,NQ,Thu,14:00,In-Sample,2024-05-16T18:15:11.483688,2024-05-16 14:15:11,LONG,18671.0,-435.0,True,12.45,True
863,NQ,Thu,14:00,In-Sample,2024-05-16T18:15:11.548297,2024-05-16 14:15:11,LONG,18671.0,-300.0,True,12.45,True
863,NQ,Thu,14:00,In-Sample,2024-05-16T18:15:11.677040,2024-05-16 14:15:11,LONG,18671.0,-290.0,True,12.45,True
863,NQ,Thu,14:00,In-Sample,2024-05-16T18:15:12,2024-05-16 14:15:12,LONG,18670.75,200.0,True,12.45,True
863,NQ,Thu,14:00,In-Sample,2024-05-16T18:15:26,2024-05-16 14:15:26,LONG,18668.0,60.0,True,12.45,True
863,NQ,Thu,14:00,In-Sample,2024-05-16T18:15:36.115086,2024-05-16 14:15:36,SHORT,18663.0,-510.0,True,12.45,True
863,NQ,Thu,14:00,In-Sample,2024-05-16T18:15:57.999972,2024-05-16 14:15:57,LONG,18667.0,-180.0,True,12.45,True
863,NQ,Thu,14:00,In-Sample,2024-05-16T18:15:58.062684,2024-05-16 14:15:58,LONG,18667.0,-220.0,True,12.45,True
863,NQ,Thu,14:00,In-Sample,2024-05-16T18:15:58.209102,2024-05-16 14:15:58,LONG,18667.0,-220.0,True,12.45,True
863,NQ,Thu,14:00,In-Sample,2024-05-16T18:16:40.006042,2024-05-16 14:16:40,LONG,18667.25,115.0,True,12.45,True
863,NQ,Thu,14:00,In-Sample,2024-05-16T18:16:40.006042,2024-05-16 14:16:40,LONG,18667.25,75.0,True,12.45,True
863,NQ,Thu,14:00,In-Sample,2024-05-16T18:16:40.098064,2024-05-16 14:16:40,LONG,18667.25,115.0,True,12.45,True
863,NQ,Thu,14:00,In-Sample,2024-05-16T18:16:40.098064,2024-05-16 14:16:40,LONG,18667.25,350.0,True,12.45,True
863,NQ,Thu,14:00,In-Sample,2024-05-16T18:16:40.098196,2024-05-16 14:16:40,LONG,18667.25,115.0,True,12.45,True
863,NQ,Thu,14:00,In-Sample,2024-05-16T18:16:40.098196,2024-05-16 14:16:40,LONG,18667.25,350.0,True,12.45,True
863,NQ,Thu,14:00,In-Sample,2024-05-16T18:16:44.000920,2024-05-16 14:16:44,LONG,18668.5,145.0,True,12.45,True
863,NQ,Thu,14:00,In-Sample,2024-05-16T18:16:44.000920,2024-05-16 14:16:44,LONG,18668.5,200.0,True,12.45,True
863,NQ,Thu,14:00,In-Sample,2024-05-16T18:16:44.069806,2024-05-16 14:16:44,LONG,18668.5,145.0,True,12.45,True
863,NQ,Thu,14:00,In-Sample,2024-05-16T18:16:44.069806,2024-05-16 14:16:44,LONG,18668.5,95.0,True,12.45,True
863,NQ,Thu,14:00,In-Sample,2024-05-16T18:16:44.193671,2024-05-16 14:16:44,LONG,18668.5,145.0,True,12.45,True
863,NQ,Thu,14:00,In-Sample,2024-05-16T18:16:44.193671,2024-05-16 14:16:44,LONG,18668.5,430.0,True,12.45,True
863,NQ,Thu,14:00,In-Sample,2024-05-16T18:16:44.193804,2024-05-16 14:16:44,LONG,18668.5,145.0,True,12.45,True
863,NQ,Thu,14:00,In-Sample,2024-05-16T18:16:44.193804,2024-05-16 14:16:44,LONG,18668.5,200.0,True,12.45,True
863,NQ,Thu,14:00,In-Sample,2024-05-16T18:17:05.728813,2024-05-16 14:17:05,LONG,18673.5,-15.0,True,12.45,True
863,NQ,Thu,14:00,In-Sample,2024-05-16T18:17:49.300767,2024-05-16 14:17:49,SHORT,18673.25,-210.0,True,12.45,True
863,NQ,Thu,14:00,In-Sample,2024-05-16T18:20:03,2024-05-16 14:20:03,LONG,18678.5,200.0,True,12.45,True
863,NQ,Thu,14:00,In-Sample,2024-05-16T18:20:20.181039,2024-05-16 14:20:20,SHORT,18672.75,-60.0,True,12.45,True
863,NQ,Thu,14:00,In-Sample,2024-05-16T18:20:20.181222,2024-05-16 14:20:20,SHORT,18672.75,-40.0,True,12.45,True
863,NQ,Thu,14:00,In-Sample,2024-05-16T18:20:20.181333,2024-05-16 14:20:20,SHORT,18672.75,-20.0,True,12.45,True
863,NQ,Thu,14:00,In-Sample,2024-05-16T18:20:20.181333,2024-05-16 14:20:20,SHORT,18672.75,-220.0,True,12.45,True
863,NQ,Thu,14:00,In-Sample,2024-05-16T18:20:20.308408,2024-05-16 14:20:20,SHORT,18673.0,-140.0,True,12.45,True
863,NQ,Thu,14:00,In-Sample,2024-05-16T18:20:20.308536,2024-05-16 14:20:20,SHORT,18673.0,-210.0,True,12.45,True
863,NQ,Thu,14:00,In-Sample,2024-05-16T18:20:21,2024-05-16 14:20:21,LONG,18675.5,260.0,True,12.45,True
863,NQ,Thu,14:00,In-Sample,2024-05-16T18:21:36,2024-05-16 14:21:36,SHORT,18684.0,-40.0,True,12.45,True
863,NQ,Thu,14:00,In-Sample,2024-05-16T18:23:40,2024-05-16 14:23:40,LONG,18689.0,-440.0,True,12.45,True
863,NQ,Thu,14:00,In-Sample,2024-05-16T18:25:04,2024-05-16 14:25:04,LONG,18686.5,-170.0,True,12.45,True
863,NQ,Thu,14:00,In-Sample,2024-05-16T18:25:04,2024-05-16 14:25:04,LONG,18686.5,-25.0,True,12.45,True
863,NQ,Thu,14:00,In-Sample,2024-05-16T18:25:13.869543,2024-05-16 14:25:13,SHORT,18685.25,140.0,True,12.45,True
863,NQ,Thu,14:00,In-Sample,2024-05-16T18:25:13.869543,2024-05-16 14:25:13,SHORT,18685.25,285.0,True,12.45,True
863,NQ,Thu,14:00,In-Sample,2024-05-16T18:25:13.869543,2024-05-16 14:25:13,SHORT,18685.25,130.0,True,12.45,True
863,NQ,Thu,14:00,In-Sample,2024-05-16T18:26:11.375484,2024-05-16 14:26:11,SHORT,18683.0,100.0,True,12.45,True
863,NQ,Thu,14:00,In-Sample,2024-05-16T18:26:11.375484,2024-05-16 14:26:11,SHORT,18683.0,195.0,True,12.45,True
863,NQ,Thu,14:00,In-Sample,2024-05-16T18:26:11.375484,2024-05-16 14:26:11,SHORT,18683.0,70.0,True,12.45,True
863,NQ,Thu,14:00,In-Sample,2024-05-16T18:26:11.494236,2024-05-16 14:26:11,SHORT,18683.0,100.0,True,12.45,True
863,NQ,Thu,14:00,In-Sample,2024-05-16T18:26:11.494236,2024-05-16 14:26:11,SHORT,18683.0,195.0,True,12.45,True
863,NQ,Thu,14:00,In-Sample,2024-05-16T18:26:11.494236,2024-05-16 14:26:11,SHORT,18683.0,70.0,True,12.45,True
863,NQ,Thu,14:00,In-Sample,2024-05-16T18:26:11.494417,2024-05-16 14:26:11,SHORT,18683.0,100.0,True,12.45,True
863,NQ,Thu,14:00,In-Sample,2024-05-16T18:26:11.494417,2024-05-16 14:26:11,SHORT,18683.0,195.0,True,12.45,True
863,NQ,Thu,14:00,In-Sample,2024-05-16T18:26:11.494417,2024-05-16 14:26:11,SHORT,18683.0,70.0,True,12.45,True
863,NQ,Thu,14:00,In-Sample,2024-05-16T18:27:31.367098,2024-05-16 14:27:31,SHORT,18675.75,-60.0,True,12.45,True
863,NQ,Thu,14:00,In-Sample,2024-05-16T18:27:31.367205,2024-05-16 14:27:31,SHORT,18675.5,-585.0,True,12.45,True
863,NQ,Thu,14:00,In-Sample,2024-05-16T18:27:32,2024-05-16 14:27:32,SHORT,18675.5,-585.0,True,12.45,True
863,NQ,Thu,14:00,In-Sample,2024-05-16T18:29:30,2024-05-16 14:29:30,LONG,18681.25,200.0,True,12.45,True
863,NQ,Thu,14:00,In-Sample,2024-05-16T18:29:39,2024-05-16 14:29:39,LONG,18678.0,70.0,True,12.45,True
863,NQ,Thu,14:00,In-Sample,2024-05-16T18:29:39,2024-05-16 14:29:39,LONG,18678.0,-5.0,True,12.45,True
863,NQ,Thu,14:00,In-Sample,2024-05-23T18:00:07.840707,2024-05-23 14:00:07,LONG,18720.25,-780.0,True,12.29,True
863,NQ,Thu,14:00,In-Sample,2024-05-23T18:00:08.278789,2024-05-23 14:00:08,LONG,18720.25,0.0,True,12.29,True
863,NQ,Thu,14:00,In-Sample,2024-05-23T18:00:08.279041,2024-05-23 14:00:08,LONG,18720.25,-450.0,True,12.29,True
863,NQ,Thu,14:00,In-Sample,2024-05-23T18:00:08.279041,2024-05-23 14:00:08,LONG,18720.25,-265.0,True,12.29,True
863,NQ,Thu,14:00,In-Sample,2024-05-23T18:00:08.279041,2024-05-23 14:00:08,LONG,18720.25,-330.0,True,12.29,True
863,NQ,Thu,14:00,In-Sample,2024-05-23T18:00:08.279171,2024-05-23 14:00:08,LONG,18720.25,-490.0,True,12.29,True
863,NQ,Thu,14:00,In-Sample,2024-05-23T18:00:08.279171,2024-05-23 14:00:08,LONG,18720.25,-125.0,True,12.29,True
863,NQ,Thu,14:00,In-Sample,2024-05-23T18:00:08.393102,2024-05-23 14:00:08,SHORT,18719.5,495.0,True,12.29,True
863,NQ,Thu,14:00,In-Sample,2024-05-23T18:00:08.393102,2024-05-23 14:00:08,SHORT,18719.5,700.0,True,12.29,True
863,NQ,Thu,14:00,In-Sample,2024-05-23T18:00:08.601147,2024-05-23 14:00:08,LONG,18721.25,-560.0,True,12.29,True
863,NQ,Thu,14:00,In-Sample,2024-05-23T18:00:08.601382,2024-05-23 14:00:08,LONG,18720.25,-465.0,True,12.29,True
863,NQ,Thu,14:00,In-Sample,2024-05-23T18:00:08.601382,2024-05-23 14:00:08,LONG,18720.25,-280.0,True,12.29,True
863,NQ,Thu,14:00,In-Sample,2024-05-23T18:00:08.601382,2024-05-23 14:00:08,LONG,18720.25,-330.0,True,12.29,True
863,NQ,Thu,14:00,In-Sample,2024-05-23T18:00:08.601587,2024-05-23 14:00:08,LONG,18720.25,-290.0,True,12.29,True
863,NQ,Thu,14:00,In-Sample,2024-05-23T18:00:09.329733,2024-05-23 14:00:09,LONG,18719.5,-405.0,True,12.29,True
863,NQ,Thu,14:00,In-Sample,2024-05-23T18:00:09.329733,2024-05-23 14:00:09,LONG,18719.5,-570.0,True,12.29,True
863,NQ,Thu,14:00,In-Sample,2024-05-23T18:00:09.330044,2024-05-23 14:00:09,LONG,18719.5,-405.0,True,12.29,True
863,NQ,Thu,14:00,In-Sample,2024-05-23T18:00:09.330044,2024-05-23 14:00:09,LONG,18719.5,-335.0,True,12.29,True
863,NQ,Thu,14:00,In-Sample,2024-05-23T18:00:09.500692,2024-05-23 14:00:09,LONG,18719.0,-270.0,True,12.29,True
863,NQ,Thu,14:00,In-Sample,2024-05-23T18:01:12.788813,2024-05-23 14:01:12,SHORT,18720.0,360.0,True,12.29,True
863,NQ,Thu,14:00,In-Sample,2024-05-23T18:01:12.788813,2024-05-23 14:01:12,SHORT,18720.0,735.0,True,12.29,True
863,NQ,Thu,14:00,In-Sample,2024-05-23T18:01:12.788813,2024-05-23 14:01:12,SHORT,18720.0,575.0,True,12.29,True
863,NQ,Thu,14:00,In-Sample,2024-05-23T18:02:44.691467,2024-05-23 14:02:44,SHORT,18707.25,-200.0,True,12.29,True
863,NQ,Thu,14:00,In-Sample,2024-05-23T18:02:44.703526,2024-05-23 14:02:44,SHORT,18707.25,-300.0,True,12.29,True
863,NQ,Thu,14:00,In-Sample,2024-05-23T18:02:44.703695,2024-05-23 14:02:44,SHORT,18707.25,-200.0,True,12.29,True
863,NQ,Thu,14:00,In-Sample,2024-05-23T18:02:55.267863,2024-05-23 14:02:55,SHORT,18711.0,200.0,True,12.29,True
863,NQ,Thu,14:00,In-Sample,2024-05-23T18:02:55.267863,2024-05-23 14:02:55,SHORT,18711.0,395.0,True,12.29,True
863,NQ,Thu,14:00,In-Sample,2024-05-23T18:02:55.267863,2024-05-23 14:02:55,SHORT,18711.0,380.0,True,12.29,True
863,NQ,Thu,14:00,In-Sample,2024-05-23T18:02:55.426762,2024-05-23 14:02:55,SHORT,18711.25,200.0,True,12.29,True
863,NQ,Thu,14:00,In-Sample,2024-05-23T18:02:55.426762,2024-05-23 14:02:55,SHORT,18711.25,395.0,True,12.29,True
863,NQ,Thu,14:00,In-Sample,2024-05-23T18:02:55.426762,2024-05-23 14:02:55,SHORT,18711.25,385.0,True,12.29,True
863,NQ,Thu,14:00,In-Sample,2024-05-23T18:02:56.112456,2024-05-23 14:02:56,LONG,18712.0,-320.0,True,12.29,True
863,NQ,Thu,14:00,In-Sample,2024-05-23T18:02:56.429473,2024-05-23 14:02:56,LONG,18711.75,-250.0,True,12.29,True
863,NQ,Thu,14:00,In-Sample,2024-05-23T18:02:56.699521,2024-05-23 14:02:56,LONG,18710.5,-230.0,True,12.29,True
863,NQ,Thu,14:00,In-Sample,2024-05-23T18:03:01.787824,2024-05-23 14:03:01,LONG,18712.25,-555.0,True,12.29,True
863,NQ,Thu,14:00,In-Sample,2024-05-23T18:03:02.607342,2024-05-23 14:03:02,LONG,18712.25,-370.0,True,12.29,True
863,NQ,Thu,14:00,In-Sample,2024-05-23T18:04:02.150452,2024-05-23 14:04:02,SHORT,18703.0,165.0,True,12.29,True
863,NQ,Thu,14:00,In-Sample,2024-05-23T18:04:02.241804,2024-05-23 14:04:02,SHORT,18703.0,150.0,True,12.29,True
863,NQ,Thu,14:00,In-Sample,2024-05-23T18:04:02.242021,2024-05-23 14:04:02,SHORT,18703.0,110.0,True,12.29,True
863,NQ,Thu,14:00,In-Sample,2024-05-23T18:04:13.208520,2024-05-23 14:04:13,LONG,18705.25,-225.0,True,12.29,True
863,NQ,Thu,14:00,In-Sample,2024-05-23T18:04:34.443622,2024-05-23 14:04:34,SHORT,18696.25,100.0,True,12.29,True
863,NQ,Thu,14:00,In-Sample,2024-05-23T18:04:34.443622,2024-05-23 14:04:34,SHORT,18696.25,-65.0,True,12.29,True
863,NQ,Thu,14:00,In-Sample,2024-05-23T18:04:34.443622,2024-05-23 14:04:34,SHORT,18696.25,-170.0,True,12.29,True
863,NQ,Thu,14:00,In-Sample,2024-05-23T18:04:35.365793,2024-05-23 14:04:35,SHORT,18695.0,330.0,True,12.29,True
863,NQ,Thu,14:00,In-Sample,2024-05-23T18:04:36.566854,2024-05-23 14:04:36,SHORT,18693.25,-230.0,True,12.29,True
863,NQ,Thu,14:00,In-Sample,2024-05-23T18:04:36.566854,2024-05-23 14:04:36,SHORT,18693.25,20.0,True,12.29,True
863,NQ,Thu,14:00,In-Sample,2024-05-23T18:04:36.566854,2024-05-23 14:04:36,SHORT,18693.25,155.0,True,12.29,True
863,NQ,Thu,14:00,In-Sample,2024-05-23T18:04:50.741168,2024-05-23 14:04:50,LONG,18694.5,140.0,True,12.29,True
863,NQ,Thu,14:00,In-Sample,2024-05-23T18:04:50.741168,2024-05-23 14:04:50,LONG,18694.5,-60.0,True,12.29,True
863,NQ,Thu,14:00,In-Sample,2024-05-23T18:04:50.741537,2024-05-23 14:04:50,LONG,18694.5,140.0,True,12.29,True
863,NQ,Thu,14:00,In-Sample,2024-05-23T18:04:50.741537,2024-05-23 14:04:50,LONG,18694.5,5.0,True,12.29,True
863,NQ,Thu,14:00,In-Sample,2024-05-23T18:04:51.319825,2024-05-23 14:04:51,LONG,18693.75,140.0,True,12.29,True
863,NQ,Thu,14:00,In-Sample,2024-05-23T18:04:51.319825,2024-05-23 14:04:51,LONG,18693.75,5.0,True,12.29,True
863,NQ,Thu,14:00,In-Sample,2024-05-23T18:05:01.058657,2024-05-23 14:05:01,LONG,18695.5,1095.0,True,12.29,True
863,NQ,Thu,14:00,In-Sample,2024-05-23T18:05:01.058944,2024-05-23 14:05:01,LONG,18695.5,730.0,True,12.29,True
863,NQ,Thu,14:00,In-Sample,2024-05-23T18:05:01.451205,2024-05-23 14:05:01,LONG,18694.75,1185.0,True,12.29,True
863,NQ,Thu,14:00,In-Sample,2024-05-23T18:05:01.773902,2024-05-23 14:05:01,LONG,18695.0,760.0,True,12.29,True
863,NQ,Thu,14:00,In-Sample,2024-05-23T18:05:01.879047,2024-05-23 14:05:01,LONG,18695.0,760.0,True,12.29,True
863,NQ,Thu,14:00,In-Sample,2024-05-23T18:05:07.787106,2024-05-23 14:05:07,LONG,18699.5,-480.0,True,12.29,True
863,NQ,Thu,14:00,In-Sample,2024-05-23T18:05:08.527928,2024-05-23 14:05:08,LONG,18698.5,-280.0,True,12.29,True
863,NQ,Thu,14:00,In-Sample,2024-05-23T18:05:43.173406,2024-05-23 14:05:43,SHORT,18691.5,-650.0,True,12.29,True
863,NQ,Thu,14:00,In-Sample,2024-05-23T18:05:43.173732,2024-05-23 14:05:43,SHORT,18691.5,-640.0,True,12.29,True
863,NQ,Thu,14:00,In-Sample,2024-05-23T18:05:43.173862,2024-05-23 14:05:43,SHORT,18691.5,-975.0,True,12.29,True
863,NQ,Thu,14:00,In-Sample,2024-05-23T18:05:43.327844,2024-05-23 14:05:43,SHORT,18691.0,150.0,True,12.29,True
863,NQ,Thu,14:00,In-Sample,2024-05-23T18:05:43.327844,2024-05-23 14:05:43,SHORT,18691.0,10.0,True,12.29,True
863,NQ,Thu,14:00,In-Sample,2024-05-23T18:05:44.148938,2024-05-23 14:05:44,SHORT,18692.0,-670.0,True,12.29,True
863,NQ,Thu,14:00,In-Sample,2024-05-23T18:05:44.148938,2024-05-23 14:05:44,SHORT,18692.0,-370.0,True,12.29,True
863,NQ,Thu,14:00,In-Sample,2024-05-23T18:05:44.149289,2024-05-23 14:05:44,SHORT,18692.0,-670.0,True,12.29,True
863,NQ,Thu,14:00,In-Sample,2024-05-23T18:05:44.149289,2024-05-23 14:05:44,SHORT,18692.0,-370.0,True,12.29,True
863,NQ,Thu,14:00,In-Sample,2024-05-23T18:05:50.872327,2024-05-23 14:05:50,SHORT,18690.25,140.0,True,12.29,True
863,NQ,Thu,14:00,In-Sample,2024-05-23T18:05:50.872327,2024-05-23 14:05:50,SHORT,18690.25,-330.0,True,12.29,True
863,NQ,Thu,14:00,In-Sample,2024-05-23T18:05:51.108624,2024-05-23 14:05:51,SHORT,18690.25,-55.0,True,12.29,True
863,NQ,Thu,14:00,In-Sample,2024-05-23T18:05:51.108624,2024-05-23 14:05:51,SHORT,18690.25,-790.0,True,12.29,True
863,NQ,Thu,14:00,In-Sample,2024-05-23T18:05:51.371994,2024-05-23 14:05:51,SHORT,18691.0,-40.0,True,12.29,True
863,NQ,Thu,14:00,In-Sample,2024-05-23T18:05:51.371994,2024-05-23 14:05:51,SHORT,18691.0,95.0,True,12.29,True
863,NQ,Thu,14:00,In-Sample,2024-05-23T18:05:51.371994,2024-05-23 14:05:51,SHORT,18691.0,-40.0,True,12.29,True
863,NQ,Thu,14:00,In-Sample,2024-05-23T18:06:02.716649,2024-05-23 14:06:02,LONG,18689.5,-330.0,True,12.29,True
863,NQ,Thu,14:00,In-Sample,2024-05-23T18:06:04.247731,2024-05-23 14:06:04,SHORT,18684.0,-2190.0,True,12.29,True
863,NQ,Thu,14:00,In-Sample,2024-05-23T18:06:17.760048,2024-05-23 14:06:17,LONG,18685.0,130.0,True,12.29,True
863,NQ,Thu,14:00,In-Sample,2024-05-23T18:06:17.760048,2024-05-23 14:06:17,LONG,18685.0,390.0,True,12.29,True
863,NQ,Thu,14:00,In-Sample,2024-05-23T18:06:17.897541,2024-05-23 14:06:17,LONG,18685.0,-80.0,True,12.29,True
863,NQ,Thu,14:00,In-Sample,2024-05-23T18:06:18.477500,2024-05-23 14:06:18,LONG,18685.25,130.0,True,12.29,True
863,NQ,Thu,14:00,In-Sample,2024-05-23T18:06:18.477500,2024-05-23 14:06:18,LONG,18685.25,390.0,True,12.29,True
863,NQ,Thu,14:00,In-Sample,2024-05-23T18:06:21.618973,2024-05-23 14:06:21,LONG,18690.25,-50.0,True,12.29,True
863,NQ,Thu,14:00,In-Sample,2024-05-23T18:06:21.618973,2024-05-23 14:06:21,LONG,18690.25,-250.0,True,12.29,True
863,NQ,Thu,14:00,In-Sample,2024-05-23T18:06:21.692276,2024-05-23 14:06:21,LONG,18690.25,-50.0,True,12.29,True
863,NQ,Thu,14:00,In-Sample,2024-05-23T18:06:21.692276,2024-05-23 14:06:21,LONG,18690.25,-10.0,True,12.29,True
863,NQ,Thu,14:00,In-Sample,2024-05-23T18:06:21.992510,2024-05-23 14:06:21,LONG,18688.75,-30.0,True,12.29,True
863,NQ,Thu,14:00,In-Sample,2024-05-23T18:06:21.992510,2024-05-23 14:06:21,LONG,18688.75,175.0,True,12.29,True
863,NQ,Thu,14:00,In-Sample,2024-05-23T18:06:21.992510,2024-05-23 14:06:21,LONG,18688.75,20.0,True,12.29,True
863,NQ,Thu,14:00,In-Sample,2024-05-23T18:06:22.103791,2024-05-23 14:06:22,LONG,18686.75,10.0,True,12.29,True
863,NQ,Thu,14:00,In-Sample,2024-05-23T18:06:22.103791,2024-05-23 14:06:22,LONG,18686.75,-310.0,True,12.29,True
863,NQ,Thu,14:00,In-Sample,2024-05-23T18:06:22.464232,2024-05-23 14:06:22,LONG,18688.0,-30.0,True,12.29,True
863,NQ,Thu,14:00,In-Sample,2024-05-23T18:06:22.464232,2024-05-23 14:06:22,LONG,18688.0,175.0,True,12.29,True
863,NQ,Thu,14:00,In-Sample,2024-05-23T18:06:22.464232,2024-05-23 14:06:22,LONG,18688.0,0.0,True,12.29,True
863,NQ,Thu,14:00,In-Sample,2024-05-23T18:07:05.069298,2024-05-23 14:07:05,LONG,18687.25,-20.0,True,12.29,True
863,NQ,Thu,14:00,In-Sample,2024-05-23T18:07:27.999274,2024-05-23 14:07:27,LONG,18695.0,150.0,True,12.29,True
863,NQ,Thu,14:00,In-Sample,2024-05-23T18:07:27.999274,2024-05-23 14:07:27,LONG,18695.0,10.0,True,12.29,True
863,NQ,Thu,14:00,In-Sample,2024-05-23T18:07:30.599765,2024-05-23 14:07:30,SHORT,18698.5,-240.0,True,12.29,True
863,NQ,Thu,14:00,In-Sample,2024-05-23T18:07:38.125199,2024-05-23 14:07:38,SHORT,18695.0,-310.0,True,12.29,True
863,NQ,Thu,14:00,In-Sample,2024-05-23T18:07:38.125199,2024-05-23 14:07:38,SHORT,18695.0,130.0,True,12.29,True
863,NQ,Thu,14:00,In-Sample,2024-05-23T18:07:46.652371,2024-05-23 14:07:46,SHORT,18699.25,-225.0,True,12.29,True
863,NQ,Thu,14:00,In-Sample,2024-05-23T18:08:02.147060,2024-05-23 14:08:02,SHORT,18703.0,-150.0,True,12.29,True
863,NQ,Thu,14:00,In-Sample,2024-05-23T18:08:11.267748,2024-05-23 14:08:11,SHORT,18702.0,-210.0,True,12.29,True
863,NQ,Thu,14:00,In-Sample,2024-05-23T18:08:46.919477,2024-05-23 14:08:46,SHORT,18705.25,115.0,True,12.29,True
863,NQ,Thu,14:00,In-Sample,2024-05-23T18:08:46.919477,2024-05-23 14:08:46,SHORT,18705.25,-400.0,True,12.29,True
863,NQ,Thu,14:00,In-Sample,2024-05-23T18:08:47.040595,2024-05-23 14:08:47,SHORT,18705.25,-95.0,True,12.29,True
863,NQ,Thu,14:00,In-Sample,2024-05-23T18:08:47.040595,2024-05-23 14:08:47,SHORT,18705.25,55.0,True,12.29,True
863,NQ,Thu,14:00,In-Sample,2024-05-23T18:08:47.040595,2024-05-23 14:08:47,SHORT,18705.25,-155.0,True,12.29,True
863,NQ,Thu,14:00,In-Sample,2024-05-23T18:08:47.370733,2024-05-23 14:08:47,SHORT,18704.75,-285.0,True,12.29,True
863,NQ,Thu,14:00,In-Sample,2024-05-23T18:09:34.961761,2024-05-23 14:09:34,LONG,18709.75,-315.0,True,12.29,True
863,NQ,Thu,14:00,In-Sample,2024-05-23T18:10:08.261377,2024-05-23 14:10:08,SHORT,18713.5,20.0,True,12.29,True
863,NQ,Thu,14:00,In-Sample,2024-05-23T18:10:08.261549,2024-05-23 14:10:08,SHORT,18713.5,445.0,True,12.29,True
863,NQ,Thu,14:00,In-Sample,2024-05-23T18:10:08.381837,2024-05-23 14:10:08,LONG,18715.25,-190.0,True,12.29,True
863,NQ,Thu,14:00,In-Sample,2024-05-23T18:10:13.700419,2024-05-23 14:10:13,SHORT,18710.0,-100.0,True,12.29,True
863,NQ,Thu,14:00,In-Sample,2024-05-23T18:10:13.848494,2024-05-23 14:10:13,SHORT,18710.0,375.0,True,12.29,True
863,NQ,Thu,14:00,In-Sample,2024-05-23T18:10:13.848494,2024-05-23 14:10:13,SHORT,18710.0,740.0,True,12.29,True
863,NQ,Thu,14:00,In-Sample,2024-05-23T18:10:27.894417,2024-05-23 14:10:27,SHORT,18703.25,90.0,True,12.29,True
863,NQ,Thu,14:00,In-Sample,2024-05-23T18:10:54.734451,2024-05-23 14:10:54,SHORT,18698.5,-180.0,True,12.29,True
863,NQ,Thu,14:00,In-Sample,2024-05-23T18:10:54.810747,2024-05-23 14:10:54,SHORT,18698.75,-285.0,True,12.29,True
863,NQ,Thu,14:00,In-Sample,2024-05-23T18:10:54.810747,2024-05-23 14:10:54,SHORT,18698.75,25.0,True,12.29,True
863,NQ,Thu,14:00,In-Sample,2024-05-23T18:10:54.810747,2024-05-23 14:10:54,SHORT,18698.75,165.0,True,12.29,True
863,NQ,Thu,14:00,In-Sample,2024-05-23T18:10:55.107635,2024-05-23 14:10:55,SHORT,18699.5,-100.0,True,12.29,True
863,NQ,Thu,14:00,In-Sample,2024-05-23T18:10:55.107635,2024-05-23 14:10:55,SHORT,18699.5,-480.0,True,12.29,True
863,NQ,Thu,14:00,In-Sample,2024-05-23T18:10:57.123085,2024-05-23 14:10:57,SHORT,18701.0,130.0,True,12.29,True
863,NQ,Thu,14:00,In-Sample,2024-05-23T18:10:57.123085,2024-05-23 14:10:57,SHORT,18701.0,265.0,True,12.29,True
863,NQ,Thu,14:00,In-Sample,2024-05-23T18:10:57.123085,2024-05-23 14:10:57,SHORT,18701.0,160.0,True,12.29,True
863,NQ,Thu,14:00,In-Sample,2024-05-23T18:11:12.843067,2024-05-23 14:11:12,SHORT,18695.5,200.0,True,12.29,True
863,NQ,Thu,14:00,In-Sample,2024-05-23T18:11:12.843067,2024-05-23 14:11:12,SHORT,18695.5,-620.0,True,12.29,True
863,NQ,Thu,14:00,In-Sample,2024-05-23T18:11:12.986007,2024-05-23 14:11:12,SHORT,18695.5,200.0,True,12.29,True
863,NQ,Thu,14:00,In-Sample,2024-05-23T18:11:12.986007,2024-05-23 14:11:12,SHORT,18695.5,-620.0,True,12.29,True
863,NQ,Thu,14:00,In-Sample,2024-05-23T18:14:00.924133,2024-05-23 14:14:00,SHORT,18700.75,400.0,True,12.29,True
863,NQ,Thu,14:00,In-Sample,2024-05-23T18:14:00.924133,2024-05-23 14:14:00,SHORT,18700.75,485.0,True,12.29,True
863,NQ,Thu,14:00,In-Sample,2024-05-23T18:14:00.924133,2024-05-23 14:14:00,SHORT,18700.75,625.0,True,12.29,True
863,NQ,Thu,14:00,In-Sample,2024-05-23T18:14:01.340505,2024-05-23 14:14:01,SHORT,18700.5,65.0,True,12.29,True
863,NQ,Thu,14:00,In-Sample,2024-05-23T18:14:01.340505,2024-05-23 14:14:01,SHORT,18700.5,205.0,True,12.29,True
863,NQ,Thu,14:00,In-Sample,2024-05-23T18:14:01.340505,2024-05-23 14:14:01,SHORT,18700.5,335.0,True,12.29,True
863,NQ,Thu,14:00,In-Sample,2024-05-23T18:14:02.345562,2024-05-23 14:14:02,SHORT,18700.0,-570.0,True,12.29,True
863,NQ,Thu,14:00,In-Sample,2024-05-23T18:14:26.369381,2024-05-23 14:14:26,LONG,18708.5,180.0,True,12.29,True
863,NQ,Thu,14:00,In-Sample,2024-05-23T18:14:26.369381,2024-05-23 14:14:26,LONG,18708.5,-290.0,True,12.29,True
863,NQ,Thu,14:00,In-Sample,2024-05-23T18:14:27.062351,2024-05-23 14:14:27,LONG,18707.0,180.0,True,12.29,True
863,NQ,Thu,14:00,In-Sample,2024-05-23T18:14:27.062351,2024-05-23 14:14:27,LONG,18707.0,140.0,True,12.29,True
863,NQ,Thu,14:00,In-Sample,2024-05-23T18:15:10.377910,2024-05-23 14:15:10,LONG,18706.5,150.0,True,12.29,True
863,NQ,Thu,14:00,In-Sample,2024-05-23T18:15:10.377910,2024-05-23 14:15:10,LONG,18706.5,350.0,True,12.29,True
863,NQ,Thu,14:00,In-Sample,2024-05-23T18:15:10.377910,2024-05-23 14:15:10,LONG,18706.5,260.0,True,12.29,True
863,NQ,Thu,14:00,In-Sample,2024-05-23T18:15:17.831706,2024-05-23 14:15:17,SHORT,18712.5,720.0,True,12.29,True
863,NQ,Thu,14:00,In-Sample,2024-05-23T18:15:18.203599,2024-05-23 14:15:18,SHORT,18712.5,0.0,True,12.29,True
863,NQ,Thu,14:00,In-Sample,2024-05-23T18:15:24.681755,2024-05-23 14:15:24,SHORT,18716.25,75.0,True,12.29,True
863,NQ,Thu,14:00,In-Sample,2024-05-23T18:15:24.866524,2024-05-23 14:15:24,SHORT,18716.25,795.0,True,12.29,True
863,NQ,Thu,14:00,In-Sample,2024-05-23T18:15:24.866790,2024-05-23 14:15:24,SHORT,18716.5,800.0,True,12.29,True
863,NQ,Thu,14:00,In-Sample,2024-05-23T18:15:29.442714,2024-05-23 14:15:29,SHORT,18716.75,810.0,True,12.29,True
863,NQ,Thu,14:00,In-Sample,2024-05-23T18:15:29.442974,2024-05-23 14:15:29,SHORT,18716.75,820.0,True,12.29,True
863,NQ,Thu,14:00,In-Sample,2024-05-23T18:15:59.732035,2024-05-23 14:15:59,SHORT,18717.75,140.0,True,12.29,True
863,NQ,Thu,14:00,In-Sample,2024-05-23T18:15:59.732035,2024-05-23 14:15:59,SHORT,18717.75,415.0,True,12.29,True
863,NQ,Thu,14:00,In-Sample,2024-05-23T18:15:59.936453,2024-05-23 14:15:59,SHORT,18717.5,-100.0,True,12.29,True
863,NQ,Thu,14:00,In-Sample,2024-05-23T18:16:00.161610,2024-05-23 14:16:00,SHORT,18716.75,140.0,True,12.29,True
863,NQ,Thu,14:00,In-Sample,2024-05-23T18:16:00.161610,2024-05-23 14:16:00,SHORT,18716.75,415.0,True,12.29,True
863,NQ,Thu,14:00,In-Sample,2024-05-23T18:16:02.191053,2024-05-23 14:16:02,SHORT,18714.0,835.0,True,12.29,True
863,NQ,Thu,14:00,In-Sample,2024-05-23T18:16:02.259358,2024-05-23 14:16:02,SHORT,18714.0,455.0,True,12.29,True
863,NQ,Thu,14:00,In-Sample,2024-05-23T18:16:02.259548,2024-05-23 14:16:02,SHORT,18714.0,510.0,True,12.29,True
863,NQ,Thu,14:00,In-Sample,2024-05-23T18:16:02.835386,2024-05-23 14:16:02,SHORT,18714.0,835.0,True,12.29,True
863,NQ,Thu,14:00,In-Sample,2024-05-23T18:16:03.458162,2024-05-23 14:16:03,SHORT,18713.5,885.0,True,12.29,True
863,NQ,Thu,14:00,In-Sample,2024-05-23T18:16:23.958894,2024-05-23 14:16:23,SHORT,18711.75,695.0,True,12.29,True
863,NQ,Thu,14:00,In-Sample,2024-05-23T18:16:23.958894,2024-05-23 14:16:23,SHORT,18711.75,835.0,True,12.29,True
863,NQ,Thu,14:00,In-Sample,2024-05-23T18:16:23.958894,2024-05-23 14:16:23,SHORT,18711.75,755.0,True,12.29,True
863,NQ,Thu,14:00,In-Sample,2024-05-23T18:16:24.649994,2024-05-23 14:16:24,SHORT,18710.25,145.0,True,12.29,True
863,NQ,Thu,14:00,In-Sample,2024-05-23T18:16:24.649994,2024-05-23 14:16:24,SHORT,18710.25,290.0,True,12.29,True
863,NQ,Thu,14:00,In-Sample,2024-05-23T18:16:24.649994,2024-05-23 14:16:24,SHORT,18710.25,590.0,True,12.29,True
863,NQ,Thu,14:00,In-Sample,2024-05-23T18:16:24.751748,2024-05-23 14:16:24,SHORT,18709.75,715.0,True,12.29,True
863,NQ,Thu,14:00,In-Sample,2024-05-23T18:16:24.751748,2024-05-23 14:16:24,SHORT,18709.75,560.0,True,12.29,True
863,NQ,Thu,14:00,In-Sample,2024-05-23T18:16:26.582067,2024-05-23 14:16:26,LONG,18704.0,-440.0,True,12.29,True
863,NQ,Thu,14:00,In-Sample,2024-05-23T18:16:26.639509,2024-05-23 14:16:26,LONG,18704.0,-440.0,True,12.29,True
863,NQ,Thu,14:00,In-Sample,2024-05-23T18:16:26.639804,2024-05-23 14:16:26,LONG,18704.25,-455.0,True,12.29,True
863,NQ,Thu,14:00,In-Sample,2024-05-23T18:16:26.639985,2024-05-23 14:16:26,LONG,18704.25,-455.0,True,12.29,True
863,NQ,Thu,14:00,In-Sample,2024-05-23T18:16:26.640342,2024-05-23 14:16:26,LONG,18704.75,-480.0,True,12.29,True
863,NQ,Thu,14:00,In-Sample,2024-05-23T18:16:26.977609,2024-05-23 14:16:26,SHORT,18703.5,-420.0,True,12.29,True
863,NQ,Thu,14:00,In-Sample,2024-05-23T18:16:27.650342,2024-05-23 14:16:27,SHORT,18704.75,540.0,True,12.29,True
863,NQ,Thu,14:00,In-Sample,2024-05-23T18:16:27.650342,2024-05-23 14:16:27,SHORT,18704.75,635.0,True,12.29,True
863,NQ,Thu,14:00,In-Sample,2024-05-23T18:16:27.804935,2024-05-23 14:16:27,SHORT,18704.5,530.0,True,12.29,True
863,NQ,Thu,14:00,In-Sample,2024-05-23T18:16:27.804935,2024-05-23 14:16:27,SHORT,18704.5,120.0,True,12.29,True
863,NQ,Thu,14:00,In-Sample,2024-05-23T18:17:28.814566,2024-05-23 14:17:28,LONG,18713.0,-245.0,True,12.29,True
863,NQ,Thu,14:00,In-Sample,2024-05-23T18:17:28.814773,2024-05-23 14:17:28,LONG,18713.0,-430.0,True,12.29,True
863,NQ,Thu,14:00,In-Sample,2024-05-23T18:17:28.814773,2024-05-23 14:17:28,LONG,18713.0,-340.0,True,12.29,True
863,NQ,Thu,14:00,In-Sample,2024-05-23T18:17:30.044234,2024-05-23 14:17:30,LONG,18712.75,-60.0,True,12.29,True
863,NQ,Thu,14:00,In-Sample,2024-05-23T18:17:30.543435,2024-05-23 14:17:30,SHORT,18712.25,1430.0,True,12.29,True
863,NQ,Thu,14:00,In-Sample,2024-05-23T18:17:30.543435,2024-05-23 14:17:30,SHORT,18712.25,1260.0,True,12.29,True
863,NQ,Thu,14:00,In-Sample,2024-05-23T18:17:30.543435,2024-05-23 14:17:30,SHORT,18712.25,275.0,True,12.29,True
863,NQ,Thu,14:00,In-Sample,2024-05-23T18:17:32.244739,2024-05-23 14:17:32,LONG,18713.25,-460.0,True,12.29,True
863,NQ,Thu,14:00,In-Sample,2024-05-23T18:17:32.244739,2024-05-23 14:17:32,LONG,18713.25,-345.0,True,12.29,True
863,NQ,Thu,14:00,In-Sample,2024-05-23T18:17:32.253113,2024-05-23 14:17:32,LONG,18713.25,-1520.0,True,12.29,True
863,NQ,Thu,14:00,In-Sample,2024-05-23T18:17:46.354459,2024-05-23 14:17:46,SHORT,18705.5,205.0,True,12.29,True
863,NQ,Thu,14:00,In-Sample,2024-05-23T18:17:46.354459,2024-05-23 14:17:46,SHORT,18705.5,405.0,True,12.29,True
863,NQ,Thu,14:00,In-Sample,2024-05-23T18:17:46.354459,2024-05-23 14:17:46,SHORT,18705.5,495.0,True,12.29,True
863,NQ,Thu,14:00,In-Sample,2024-05-23T18:17:46.381037,2024-05-23 14:17:46,SHORT,18705.5,205.0,True,12.29,True
863,NQ,Thu,14:00,In-Sample,2024-05-23T18:17:46.381037,2024-05-23 14:17:46,SHORT,18705.5,405.0,True,12.29,True
863,NQ,Thu,14:00,In-Sample,2024-05-23T18:17:46.381037,2024-05-23 14:17:46,SHORT,18705.5,495.0,True,12.29,True
863,NQ,Thu,14:00,In-Sample,2024-05-23T18:18:01.439882,2024-05-23 14:18:01,SHORT,18704.75,180.0,True,12.29,True
863,NQ,Thu,14:00,In-Sample,2024-05-23T18:18:01.439882,2024-05-23 14:18:01,SHORT,18704.75,830.0,True,12.29,True
863,NQ,Thu,14:00,In-Sample,2024-05-23T18:18:01.439882,2024-05-23 14:18:01,SHORT,18704.75,975.0,True,12.29,True
863,NQ,Thu,14:00,In-Sample,2024-05-23T18:18:01.754802,2024-05-23 14:18:01,SHORT,18704.5,510.0,True,12.29,True
863,NQ,Thu,14:00,In-Sample,2024-05-23T18:18:01.754802,2024-05-23 14:18:01,SHORT,18704.5,770.0,True,12.29,True
863,NQ,Thu,14:00,In-Sample,2024-05-23T18:18:47.598669,2024-05-23 14:18:47,SHORT,18701.25,655.0,True,12.29,True
863,NQ,Thu,14:00,In-Sample,2024-05-23T18:18:47.598669,2024-05-23 14:18:47,SHORT,18701.25,580.0,True,12.29,True
863,NQ,Thu,14:00,In-Sample,2024-05-23T18:18:48.900229,2024-05-23 14:18:48,SHORT,18701.0,135.0,True,12.29,True
863,NQ,Thu,14:00,In-Sample,2024-05-23T18:18:48.900229,2024-05-23 14:18:48,SHORT,18701.0,310.0,True,12.29,True
863,NQ,Thu,14:00,In-Sample,2024-05-23T18:18:48.900229,2024-05-23 14:18:48,SHORT,18701.0,510.0,True,12.29,True
863,NQ,Thu,14:00,In-Sample,2024-05-23T18:18:48.900229,2024-05-23 14:18:48,SHORT,18701.0,390.0,True,12.29,True
863,NQ,Thu,14:00,In-Sample,2024-05-23T18:18:51.197089,2024-05-23 14:18:51,SHORT,18693.75,150.0,True,12.29,True
863,NQ,Thu,14:00,In-Sample,2024-05-23T18:18:51.197089,2024-05-23 14:18:51,SHORT,18693.75,350.0,True,12.29,True
863,NQ,Thu,14:00,In-Sample,2024-05-23T18:18:51.197089,2024-05-23 14:18:51,SHORT,18693.75,310.0,True,12.29,True
863,NQ,Thu,14:00,In-Sample,2024-05-23T18:18:51.557701,2024-05-23 14:18:51,SHORT,18693.0,135.0,True,12.29,True
863,NQ,Thu,14:00,In-Sample,2024-05-23T18:18:51.983146,2024-05-23 14:18:51,SHORT,18692.25,-375.0,True,12.29,True
863,NQ,Thu,14:00,In-Sample,2024-05-23T18:18:52.082129,2024-05-23 14:18:52,SHORT,18692.25,-250.0,True,12.29,True
863,NQ,Thu,14:00,In-Sample,2024-05-23T18:18:52.082129,2024-05-23 14:18:52,SHORT,18692.25,605.0,True,12.29,True
863,NQ,Thu,14:00,In-Sample,2024-05-23T18:19:44.506033,2024-05-23 14:19:44,LONG,18684.5,325.0,True,12.29,True
863,NQ,Thu,14:00,In-Sample,2024-05-23T18:19:44.506234,2024-05-23 14:19:44,LONG,18684.25,340.0,True,12.29,True
863,NQ,Thu,14:00,In-Sample,2024-05-23T18:19:48.169068,2024-05-23 14:19:48,SHORT,18676.75,-870.0,True,12.29,True
863,NQ,Thu,14:00,In-Sample,2024-05-23T18:19:48.169068,2024-05-23 14:19:48,SHORT,18676.75,-395.0,True,12.29,True
863,NQ,Thu,14:00,In-Sample,2024-05-23T18:19:48.169313,2024-05-23 14:19:48,SHORT,18676.75,590.0,True,12.29,True
863,NQ,Thu,14:00,In-Sample,2024-05-23T18:19:48.169313,2024-05-23 14:19:48,SHORT,18676.75,175.0,True,12.29,True
863,NQ,Thu,14:00,In-Sample,2024-05-23T18:20:01.537093,2024-05-23 14:20:01,LONG,18677.0,-20.0,True,12.29,True
863,NQ,Thu,14:00,In-Sample,2024-05-23T18:20:01.918512,2024-05-23 14:20:01,LONG,18676.25,-615.0,True,12.29,True
863,NQ,Thu,14:00,In-Sample,2024-05-23T18:20:02.179479,2024-05-23 14:20:02,LONG,18677.25,130.0,True,12.29,True
863,NQ,Thu,14:00,In-Sample,2024-05-23T18:20:02.179479,2024-05-23 14:20:02,LONG,18677.25,5.0,True,12.29,True
863,NQ,Thu,14:00,In-Sample,2024-05-23T18:20:02.506569,2024-05-23 14:20:02,LONG,18677.5,-460.0,True,12.29,True
863,NQ,Thu,14:00,In-Sample,2024-05-23T18:20:02.506748,2024-05-23 14:20:02,LONG,18677.5,-160.0,True,12.29,True
863,NQ,Thu,14:00,In-Sample,2024-05-23T18:20:02.720647,2024-05-23 14:20:02,LONG,18677.0,130.0,True,12.29,True
863,NQ,Thu,14:00,In-Sample,2024-05-23T18:20:02.720647,2024-05-23 14:20:02,LONG,18677.0,395.0,True,12.29,True
863,NQ,Thu,14:00,In-Sample,2024-05-23T18:20:02.721188,2024-05-23 14:20:02,LONG,18677.0,-660.0,True,12.29,True
863,NQ,Thu,14:00,In-Sample,2024-05-23T18:20:02.721456,2024-05-23 14:20:02,LONG,18677.0,-440.0,True,12.29,True
863,NQ,Thu,14:00,In-Sample,2024-05-23T18:20:02.915975,2024-05-23 14:20:02,LONG,18678.0,-710.0,True,12.29,True
863,NQ,Thu,14:00,In-Sample,2024-05-23T18:20:03.995836,2024-05-23 14:20:03,LONG,18679.0,-70.0,True,12.29,True
863,NQ,Thu,14:00,In-Sample,2024-05-23T18:20:44.894450,2024-05-23 14:20:44,LONG,18691.0,-315.0,True,12.29,True
863,NQ,Thu,14:00,In-Sample,2024-05-23T18:20:53.893880,2024-05-23 14:20:53,SHORT,18685.75,-430.0,True,12.29,True
863,NQ,Thu,14:00,In-Sample,2024-05-23T18:20:53.893880,2024-05-23 14:20:53,SHORT,18685.75,-40.0,True,12.29,True
863,NQ,Thu,14:00,In-Sample,2024-05-23T18:20:53.894238,2024-05-23 14:20:53,SHORT,18685.75,710.0,True,12.29,True
863,NQ,Thu,14:00,In-Sample,2024-05-23T18:20:53.894238,2024-05-23 14:20:53,SHORT,18685.75,325.0,True,12.29,True
863,NQ,Thu,14:00,In-Sample,2024-05-23T18:21:45.625886,2024-05-23 14:21:45,SHORT,18693.75,-300.0,True,12.29,True
863,NQ,Thu,14:00,In-Sample,2024-05-23T18:21:45.960990,2024-05-23 14:21:45,SHORT,18693.5,575.0,True,12.29,True
863,NQ,Thu,14:00,In-Sample,2024-05-23T18:21:45.960990,2024-05-23 14:21:45,SHORT,18693.5,630.0,True,12.29,True
863,NQ,Thu,14:00,In-Sample,2024-05-23T18:21:47.282240,2024-05-23 14:21:47,SHORT,18698.25,0.0,True,12.29,True
863,NQ,Thu,14:00,In-Sample,2024-05-23T18:21:47.875961,2024-05-23 14:21:47,LONG,18696.5,-195.0,True,12.29,True
863,NQ,Thu,14:00,In-Sample,2024-05-23T18:22:05.723076,2024-05-23 14:22:05,SHORT,18693.25,950.0,True,12.29,True
863,NQ,Thu,14:00,In-Sample,2024-05-23T18:22:05.723076,2024-05-23 14:22:05,SHORT,18693.25,770.0,True,12.29,True
863,NQ,Thu,14:00,In-Sample,2024-05-23T18:22:05.723500,2024-05-23 14:22:05,SHORT,18693.25,1250.0,True,12.29,True
863,NQ,Thu,14:00,In-Sample,2024-05-23T18:22:05.723500,2024-05-23 14:22:05,SHORT,18693.25,630.0,True,12.29,True
863,NQ,Thu,14:00,In-Sample,2024-05-23T18:22:18.790343,2024-05-23 14:22:18,SHORT,18691.0,-290.0,True,12.29,True
863,NQ,Thu,14:00,In-Sample,2024-05-23T18:22:44.046610,2024-05-23 14:22:44,SHORT,18687.75,2600.0,True,12.29,True
863,NQ,Thu,14:00,In-Sample,2024-05-23T18:22:44.046610,2024-05-23 14:22:44,SHORT,18687.75,395.0,True,12.29,True
863,NQ,Thu,14:00,In-Sample,2024-05-23T18:22:44.810839,2024-05-23 14:22:44,SHORT,18686.75,-30.0,True,12.29,True
863,NQ,Thu,14:00,In-Sample,2024-05-23T18:23:12.216515,2024-05-23 14:23:12,SHORT,18684.5,160.0,True,12.29,True
863,NQ,Thu,14:00,In-Sample,2024-05-23T18:23:12.216515,2024-05-23 14:23:12,SHORT,18684.5,315.0,True,12.29,True
863,NQ,Thu,14:00,In-Sample,2024-05-23T18:23:12.216515,2024-05-23 14:23:12,SHORT,18684.5,245.0,True,12.29,True
863,NQ,Thu,14:00,In-Sample,2024-05-23T18:23:12.368198,2024-05-23 14:23:12,SHORT,18684.5,810.0,True,12.29,True
863,NQ,Thu,14:00,In-Sample,2024-05-23T18:23:12.468721,2024-05-23 14:23:12,SHORT,18684.25,1200.0,True,12.29,True
863,NQ,Thu,14:00,In-Sample,2024-05-23T18:23:12.469019,2024-05-23 14:23:12,SHORT,18683.75,780.0,True,12.29,True
863,NQ,Thu,14:00,In-Sample,2024-05-23T18:23:12.555604,2024-05-23 14:23:12,SHORT,18683.75,140.0,True,12.29,True
863,NQ,Thu,14:00,In-Sample,2024-05-23T18:23:12.555604,2024-05-23 14:23:12,SHORT,18683.75,280.0,True,12.29,True
863,NQ,Thu,14:00,In-Sample,2024-05-23T18:23:12.555604,2024-05-23 14:23:12,SHORT,18683.75,195.0,True,12.29,True
863,NQ,Thu,14:00,In-Sample,2024-05-23T18:23:12.611359,2024-05-23 14:23:12,SHORT,18683.5,420.0,True,12.29,True
863,NQ,Thu,14:00,In-Sample,2024-05-23T18:23:12.611359,2024-05-23 14:23:12,SHORT,18683.5,580.0,True,12.29,True
863,NQ,Thu,14:00,In-Sample,2024-05-23T18:23:12.778126,2024-05-23 14:23:12,SHORT,18684.25,160.0,True,12.29,True
863,NQ,Thu,14:00,In-Sample,2024-05-23T18:23:12.778126,2024-05-23 14:23:12,SHORT,18684.25,260.0,True,12.29,True
863,NQ,Thu,14:00,In-Sample,2024-05-23T18:23:12.875733,2024-05-23 14:23:12,SHORT,18684.0,430.0,True,12.29,True
863,NQ,Thu,14:00,In-Sample,2024-05-23T18:23:12.875733,2024-05-23 14:23:12,SHORT,18684.0,575.0,True,12.29,True
863,NQ,Thu,14:00,In-Sample,2024-05-23T18:23:12.875733,2024-05-23 14:23:12,SHORT,18684.0,430.0,True,12.29,True
863,NQ,Thu,14:00,In-Sample,2024-05-23T18:23:59.247911,2024-05-23 14:23:59,SHORT,18678.25,200.0,True,12.29,True
863,NQ,Thu,14:00,In-Sample,2024-05-23T18:23:59.247911,2024-05-23 14:23:59,SHORT,18678.25,-390.0,True,12.29,True
863,NQ,Thu,14:00,In-Sample,2024-05-23T18:23:59.300147,2024-05-23 14:23:59,SHORT,18678.0,200.0,True,12.29,True
863,NQ,Thu,14:00,In-Sample,2024-05-23T18:23:59.300147,2024-05-23 14:23:59,SHORT,18678.0,-400.0,True,12.29,True
863,NQ,Thu,14:00,In-Sample,2024-05-23T18:24:40.564606,2024-05-23 14:24:40,LONG,18669.25,-100.0,True,12.29,True
863,NQ,Thu,14:00,In-Sample,2024-05-23T18:24:40.663431,2024-05-23 14:24:40,LONG,18669.25,130.0,True,12.29,True
863,NQ,Thu,14:00,In-Sample,2024-05-23T18:24:40.663431,2024-05-23 14:24:40,LONG,18669.25,205.0,True,12.29,True
863,NQ,Thu,14:00,In-Sample,2024-05-23T18:24:40.913578,2024-05-23 14:24:40,LONG,18669.75,-120.0,True,12.29,True
863,NQ,Thu,14:00,In-Sample,2024-05-23T18:25:03.861756,2024-05-23 14:25:03,LONG,18671.0,-840.0,True,12.29,True
863,NQ,Thu,14:00,In-Sample,2024-05-23T18:25:03.862312,2024-05-23 14:25:03,LONG,18671.0,125.0,True,12.29,True
863,NQ,Thu,14:00,In-Sample,2024-05-23T18:25:03.862312,2024-05-23 14:25:03,LONG,18671.0,375.0,True,12.29,True
863,NQ,Thu,14:00,In-Sample,2024-05-23T18:25:04.422607,2024-05-23 14:25:04,LONG,18671.75,-590.0,True,12.29,True
863,NQ,Thu,14:00,In-Sample,2024-05-23T18:25:04.434772,2024-05-23 14:25:04,LONG,18671.75,-590.0,True,12.29,True
863,NQ,Thu,14:00,In-Sample,2024-05-23T18:25:04.621329,2024-05-23 14:25:04,LONG,18672.25,125.0,True,12.29,True
863,NQ,Thu,14:00,In-Sample,2024-05-23T18:25:04.621329,2024-05-23 14:25:04,LONG,18672.25,375.0,True,12.29,True
863,NQ,Thu,14:00,In-Sample,2024-05-23T18:25:04.724702,2024-05-23 14:25:04,LONG,18672.25,-915.0,True,12.29,True
863,NQ,Thu,14:00,In-Sample,2024-05-23T18:25:04.724871,2024-05-23 14:25:04,LONG,18672.25,-610.0,True,12.29,True
863,NQ,Thu,14:00,In-Sample,2024-05-23T18:26:44.187534,2024-05-23 14:26:44,LONG,18699.5,-1005.0,True,12.29,True
863,NQ,Thu,14:00,In-Sample,2024-05-23T18:26:44.272147,2024-05-23 14:26:44,LONG,18699.5,-1005.0,True,12.29,True
863,NQ,Thu,14:00,In-Sample,2024-05-23T18:27:10.674348,2024-05-23 14:27:10,SHORT,18689.75,1215.0,True,12.29,True
863,NQ,Thu,14:00,In-Sample,2024-05-23T18:27:16.869279,2024-05-23 14:27:16,SHORT,18685.75,780.0,True,12.29,True
863,NQ,Thu,14:00,In-Sample,2024-05-23T18:27:17.484307,2024-05-23 14:27:17,SHORT,18685.75,135.0,True,12.29,True
863,NQ,Thu,14:00,In-Sample,2024-05-23T18:27:17.484307,2024-05-23 14:27:17,SHORT,18685.75,265.0,True,12.29,True
863,NQ,Thu,14:00,In-Sample,2024-05-23T18:27:17.484307,2024-05-23 14:27:17,SHORT,18685.75,200.0,True,12.29,True
863,NQ,Thu,14:00,In-Sample,2024-05-23T18:27:17.681724,2024-05-23 14:27:17,SHORT,18686.5,350.0,True,12.29,True
863,NQ,Thu,14:00,In-Sample,2024-05-23T18:27:17.681724,2024-05-23 14:27:17,SHORT,18686.5,-320.0,True,12.29,True
863,NQ,Thu,14:00,In-Sample,2024-05-23T18:28:58.766176,2024-05-23 14:28:58,SHORT,18678.75,555.0,True,12.29,True
863,NQ,Thu,14:00,In-Sample,2024-05-23T18:28:58.766176,2024-05-23 14:28:58,SHORT,18678.75,285.0,True,12.29,True
863,NQ,Thu,14:00,In-Sample,2024-05-23T18:28:58.766176,2024-05-23 14:28:58,SHORT,18678.75,270.0,True,12.29,True
863,NQ,Thu,14:00,In-Sample,2024-05-23T18:29:59.244273,2024-05-23 14:29:59,SHORT,18675.75,270.0,True,12.29,True
863,NQ,Thu,14:00,In-Sample,2024-05-23T18:29:59.430997,2024-05-23 14:29:59,SHORT,18675.0,330.0,True,12.29,True
863,NQ,Thu,14:00,In-Sample,2024-05-30T18:00:00.081812,2024-05-30 14:00:00,SHORT,18695.75,480.0,True,14.28,True
863,NQ,Thu,14:00,In-Sample,2024-05-30T18:00:00.081812,2024-05-30 14:00:00,SHORT,18695.75,860.0,True,14.28,True
863,NQ,Thu,14:00,In-Sample,2024-05-30T18:00:00.081812,2024-05-30 14:00:00,SHORT,18695.75,1045.0,True,14.28,True
863,NQ,Thu,14:00,In-Sample,2024-05-30T18:03:58.619114,2024-05-30 14:03:58,SHORT,18693.75,540.0,True,14.28,True
863,NQ,Thu,14:00,In-Sample,2024-05-30T18:03:58.619114,2024-05-30 14:03:58,SHORT,18693.75,340.0,True,14.28,True
863,NQ,Thu,14:00,In-Sample,2024-05-30T18:03:58.684643,2024-05-30 14:03:58,SHORT,18693.75,1040.0,True,14.28,True
863,NQ,Thu,14:00,In-Sample,2024-05-30T18:03:58.684643,2024-05-30 14:03:58,SHORT,18693.75,340.0,True,14.28,True
863,NQ,Thu,14:00,In-Sample,2024-05-30T18:03:58.685100,2024-05-30 14:03:58,SHORT,18693.75,535.0,True,14.28,True
863,NQ,Thu,14:00,In-Sample,2024-05-30T18:03:58.685100,2024-05-30 14:03:58,SHORT,18693.75,340.0,True,14.28,True
863,NQ,Thu,14:00,In-Sample,2024-05-30T18:04:00.123779,2024-05-30 14:04:00,SHORT,18691.75,1185.0,True,14.28,True
863,NQ,Thu,14:00,In-Sample,2024-05-30T18:04:00.219675,2024-05-30 14:04:00,SHORT,18690.75,480.0,True,14.28,True
863,NQ,Thu,14:00,In-Sample,2024-05-30T18:04:00.387409,2024-05-30 14:04:00,SHORT,18690.5,1245.0,True,14.28,True
863,NQ,Thu,14:00,In-Sample,2024-05-30T18:04:59.528935,2024-05-30 14:04:59,SHORT,18686.0,390.0,True,14.28,True
863,NQ,Thu,14:00,In-Sample,2024-05-30T18:04:59.528935,2024-05-30 14:04:59,SHORT,18686.0,580.0,True,14.28,True
863,NQ,Thu,14:00,In-Sample,2024-05-30T18:04:59.528935,2024-05-30 14:04:59,SHORT,18686.0,395.0,True,14.28,True
863,NQ,Thu,14:00,In-Sample,2024-05-30T18:04:59.841413,2024-05-30 14:04:59,SHORT,18686.0,360.0,True,14.28,True
863,NQ,Thu,14:00,In-Sample,2024-05-30T18:04:59.841413,2024-05-30 14:04:59,SHORT,18686.0,390.0,True,14.28,True
863,NQ,Thu,14:00,In-Sample,2024-05-30T18:05:07.965047,2024-05-30 14:05:07,SHORT,18692.25,1080.0,True,14.28,True
863,NQ,Thu,14:00,In-Sample,2024-05-30T18:05:39.240409,2024-05-30 14:05:39,SHORT,18692.75,1090.0,True,14.28,True
863,NQ,Thu,14:00,In-Sample,2024-05-30T18:05:39.240409,2024-05-30 14:05:39,SHORT,18692.75,1525.0,True,14.28,True
863,NQ,Thu,14:00,In-Sample,2024-05-30T18:08:54.009528,2024-05-30 14:08:54,SHORT,18691.5,790.0,True,14.28,True
863,NQ,Thu,14:00,In-Sample,2024-05-30T18:08:54.009528,2024-05-30 14:08:54,SHORT,18691.5,1570.0,True,14.28,True
863,NQ,Thu,14:00,In-Sample,2024-05-30T18:09:01.791816,2024-05-30 14:09:01,SHORT,18690.25,2940.0,True,14.28,True
863,NQ,Thu,14:00,In-Sample,2024-05-30T18:09:30.392309,2024-05-30 14:09:30,SHORT,18688.5,990.0,True,14.28,True
863,NQ,Thu,14:00,In-Sample,2024-05-30T18:09:30.581903,2024-05-30 14:09:30,SHORT,18688.25,115.0,True,14.28,True
863,NQ,Thu,14:00,In-Sample,2024-05-30T18:09:30.581903,2024-05-30 14:09:30,SHORT,18688.25,235.0,True,14.28,True
863,NQ,Thu,14:00,In-Sample,2024-05-30T18:09:30.581903,2024-05-30 14:09:30,SHORT,18688.25,515.0,True,14.28,True
863,NQ,Thu,14:00,In-Sample,2024-05-30T18:09:30.708495,2024-05-30 14:09:30,SHORT,18688.25,115.0,True,14.28,True
863,NQ,Thu,14:00,In-Sample,2024-05-30T18:09:30.708495,2024-05-30 14:09:30,SHORT,18688.25,235.0,True,14.28,True
863,NQ,Thu,14:00,In-Sample,2024-05-30T18:09:30.708495,2024-05-30 14:09:30,SHORT,18688.25,515.0,True,14.28,True
863,NQ,Thu,14:00,In-Sample,2024-05-30T18:10:47.706534,2024-05-30 14:10:47,SHORT,18686.5,2760.0,True,14.28,True
863,NQ,Thu,14:00,In-Sample,2024-05-30T18:10:50.210764,2024-05-30 14:10:50,SHORT,18686.25,2640.0,True,14.28,True
863,NQ,Thu,14:00,In-Sample,2024-05-30T18:10:50.523078,2024-05-30 14:10:50,SHORT,18684.25,3810.0,True,14.28,True
863,NQ,Thu,14:00,In-Sample,2024-05-30T18:10:50.523895,2024-05-30 14:10:50,SHORT,18684.25,1920.0,True,14.28,True
863,NQ,Thu,14:00,In-Sample,2024-05-30T18:11:53.959794,2024-05-30 14:11:53,SHORT,18690.0,1470.0,True,14.28,True
863,NQ,Thu,14:00,In-Sample,2024-05-30T18:11:54.047314,2024-05-30 14:11:54,SHORT,18690.0,1470.0,True,14.28,True
863,NQ,Thu,14:00,In-Sample,2024-05-30T18:11:56.460552,2024-05-30 14:11:56,SHORT,18687.75,1425.0,True,14.28,True
863,NQ,Thu,14:00,In-Sample,2024-05-30T18:11:56.460552,2024-05-30 14:11:56,SHORT,18687.75,1410.0,True,14.28,True
863,NQ,Thu,14:00,In-Sample,2024-05-30T18:12:02.725791,2024-05-30 14:12:02,SHORT,18684.25,2560.0,True,14.28,True
863,NQ,Thu,14:00,In-Sample,2024-05-30T18:12:32.075645,2024-05-30 14:12:32,SHORT,18682.25,2160.0,True,14.28,True
863,NQ,Thu,14:00,In-Sample,2024-05-30T18:12:32.156147,2024-05-30 14:12:32,SHORT,18682.25,2480.0,True,14.28,True
863,NQ,Thu,14:00,In-Sample,2024-05-30T18:12:32.181921,2024-05-30 14:12:32,SHORT,18682.25,4875.0,True,14.28,True
863,NQ,Thu,14:00,In-Sample,2024-05-30T18:12:32.182163,2024-05-30 14:12:32,SHORT,18682.25,3280.0,True,14.28,True
863,NQ,Thu,14:00,In-Sample,2024-05-30T18:12:32.195578,2024-05-30 14:12:32,SHORT,18682.25,2630.0,True,14.28,True
863,NQ,Thu,14:00,In-Sample,2024-05-30T18:12:32.337949,2024-05-30 14:12:32,SHORT,18681.75,590.0,True,14.28,True
863,NQ,Thu,14:00,In-Sample,2024-05-30T18:12:32.337949,2024-05-30 14:12:32,SHORT,18681.75,915.0,True,14.28,True
863,NQ,Thu,14:00,In-Sample,2024-05-30T18:12:32.337949,2024-05-30 14:12:32,SHORT,18681.75,1105.0,True,14.28,True
863,NQ,Thu,14:00,In-Sample,2024-05-30T18:12:57.502458,2024-05-30 14:12:57,SHORT,18682.25,2600.0,True,14.28,True
863,NQ,Thu,14:00,In-Sample,2024-05-30T18:12:57.502458,2024-05-30 14:12:57,SHORT,18682.25,1380.0,True,14.28,True
863,NQ,Thu,14:00,In-Sample,2024-05-30T18:13:18.368908,2024-05-30 14:13:18,SHORT,18687.75,1490.0,True,14.28,True
863,NQ,Thu,14:00,In-Sample,2024-05-30T18:13:19.699971,2024-05-30 14:13:19,SHORT,18685.0,1435.0,True,14.28,True
863,NQ,Thu,14:00,In-Sample,2024-05-30T18:13:19.699971,2024-05-30 14:13:19,SHORT,18685.0,1545.0,True,14.28,True
863,NQ,Thu,14:00,In-Sample,2024-05-30T18:15:19.628616,2024-05-30 14:15:19,SHORT,18680.25,2900.0,True,14.28,True
863,NQ,Thu,14:00,In-Sample,2024-05-30T18:15:19.628616,2024-05-30 14:15:19,SHORT,18680.25,1450.0,True,14.28,True
863,NQ,Thu,14:00,In-Sample,2024-05-30T18:15:24.691772,2024-05-30 14:15:24,SHORT,18678.0,315.0,True,14.28,True
863,NQ,Thu,14:00,In-Sample,2024-05-30T18:15:36.178717,2024-05-30 14:15:36,SHORT,18677.5,2790.0,True,14.28,True
863,NQ,Thu,14:00,In-Sample,2024-05-30T18:15:36.178717,2024-05-30 14:15:36,SHORT,18677.5,1420.0,True,14.28,True
863,NQ,Thu,14:00,In-Sample,2024-05-30T18:15:36.272422,2024-05-30 14:15:36,SHORT,18677.5,5265.0,True,14.28,True
863,NQ,Thu,14:00,In-Sample,2024-05-30T18:15:36.272913,2024-05-30 14:15:36,SHORT,18677.5,3615.0,True,14.28,True
863,NQ,Thu,14:00,In-Sample,2024-05-30T18:16:12.058524,2024-05-30 14:16:12,SHORT,18672.25,150.0,True,14.28,True
863,NQ,Thu,14:00,In-Sample,2024-05-30T18:16:12.058524,2024-05-30 14:16:12,SHORT,18672.25,350.0,True,14.28,True
863,NQ,Thu,14:00,In-Sample,2024-05-30T18:16:12.058524,2024-05-30 14:16:12,SHORT,18672.25,170.0,True,14.28,True
863,NQ,Thu,14:00,In-Sample,2024-05-30T18:16:14.523992,2024-05-30 14:16:14,SHORT,18668.0,-1050.0,True,14.28,True
863,NQ,Thu,14:00,In-Sample,2024-05-30T18:16:15.390505,2024-05-30 14:16:15,SHORT,18666.5,-330.0,True,14.28,True
863,NQ,Thu,14:00,In-Sample,2024-05-30T18:16:16.999934,2024-05-30 14:16:16,SHORT,18664.25,-1290.0,True,14.28,True
863,NQ,Thu,14:00,In-Sample,2024-05-30T18:16:17.535810,2024-05-30 14:16:17,SHORT,18660.5,2160.0,True,14.28,True
863,NQ,Thu,14:00,In-Sample,2024-05-30T18:16:17.535810,2024-05-30 14:16:17,SHORT,18660.5,1220.0,True,14.28,True
863,NQ,Thu,14:00,In-Sample,2024-05-30T18:16:17.818499,2024-05-30 14:16:17,SHORT,18659.25,4320.0,True,14.28,True
863,NQ,Thu,14:00,In-Sample,2024-05-30T18:16:25.404617,2024-05-30 14:16:25,SHORT,18660.0,2420.0,True,14.28,True
863,NQ,Thu,14:00,In-Sample,2024-05-30T18:16:25.404617,2024-05-30 14:16:25,SHORT,18660.0,1180.0,True,14.28,True
863,NQ,Thu,14:00,In-Sample,2024-05-30T18:16:25.405451,2024-05-30 14:16:25,SHORT,18660.0,1180.0,True,14.28,True
863,NQ,Thu,14:00,In-Sample,2024-05-30T18:16:26.245001,2024-05-30 14:16:26,SHORT,18654.25,1770.0,True,14.28,True
863,NQ,Thu,14:00,In-Sample,2024-05-30T18:16:27.262911,2024-05-30 14:16:27,SHORT,18653.0,1720.0,True,14.28,True
863,NQ,Thu,14:00,In-Sample,2024-05-30T18:16:33.393176,2024-05-30 14:16:33,SHORT,18662.75,-165.0,True,14.28,True
863,NQ,Thu,14:00,In-Sample,2024-05-30T18:16:35.354802,2024-05-30 14:16:35,SHORT,18663.25,910.0,True,14.28,True
863,NQ,Thu,14:00,In-Sample,2024-05-30T18:16:35.354802,2024-05-30 14:16:35,SHORT,18663.25,1820.0,True,14.28,True
863,NQ,Thu,14:00,In-Sample,2024-05-30T18:16:35.893025,2024-05-30 14:16:35,SHORT,18663.0,1240.0,True,14.28,True
863,NQ,Thu,14:00,In-Sample,2024-05-30T18:16:35.893025,2024-05-30 14:16:35,SHORT,18663.0,2690.0,True,14.28,True
863,NQ,Thu,14:00,In-Sample,2024-05-30T18:16:35.894107,2024-05-30 14:16:35,SHORT,18663.0,1345.0,True,14.28,True
863,NQ,Thu,14:00,In-Sample,2024-05-30T18:16:37.431891,2024-05-30 14:16:37,SHORT,18663.75,-360.0,True,14.28,True
863,NQ,Thu,14:00,In-Sample,2024-05-30T18:16:41.931993,2024-05-30 14:16:41,SHORT,18662.0,2540.0,True,14.28,True
863,NQ,Thu,14:00,In-Sample,2024-05-30T18:16:41.931993,2024-05-30 14:16:41,SHORT,18662.0,2600.0,True,14.28,True
863,NQ,Thu,14:00,In-Sample,2024-05-30T18:16:42.142289,2024-05-30 14:16:42,SHORT,18662.0,2530.0,True,14.28,True
863,NQ,Thu,14:00,In-Sample,2024-05-30T18:16:42.142289,2024-05-30 14:16:42,SHORT,18662.0,2560.0,True,14.28,True
863,NQ,Thu,14:00,In-Sample,2024-05-30T18:16:53.907376,2024-05-30 14:16:53,LONG,18668.0,135.0,True,14.28,True
863,NQ,Thu,14:00,In-Sample,2024-05-30T18:16:53.907376,2024-05-30 14:16:53,LONG,18668.0,270.0,True,14.28,True
863,NQ,Thu,14:00,In-Sample,2024-05-30T18:16:53.907376,2024-05-30 14:16:53,LONG,18668.0,285.0,True,14.28,True
863,NQ,Thu,14:00,In-Sample,2024-05-30T18:16:55.635523,2024-05-30 14:16:55,LONG,18666.0,325.0,True,14.28,True
863,NQ,Thu,14:00,In-Sample,2024-05-30T18:16:55.635523,2024-05-30 14:16:55,LONG,18666.0,75.0,True,14.28,True
863,NQ,Thu,14:00,In-Sample,2024-05-30T18:17:22.267414,2024-05-30 14:17:22,LONG,18672.25,125.0,True,14.28,True
863,NQ,Thu,14:00,In-Sample,2024-05-30T18:17:22.267414,2024-05-30 14:17:22,LONG,18672.25,250.0,True,14.28,True
863,NQ,Thu,14:00,In-Sample,2024-05-30T18:17:22.267414,2024-05-30 14:17:22,LONG,18672.25,135.0,True,14.28,True
863,NQ,Thu,14:00,In-Sample,2024-05-30T18:17:22.492933,2024-05-30 14:17:22,LONG,18672.25,125.0,True,14.28,True
863,NQ,Thu,14:00,In-Sample,2024-05-30T18:17:22.492933,2024-05-30 14:17:22,LONG,18672.25,255.0,True,14.28,True
863,NQ,Thu,14:00,In-Sample,2024-05-30T18:17:22.492933,2024-05-30 14:17:22,LONG,18672.25,135.0,True,14.28,True
863,NQ,Thu,14:00,In-Sample,2024-05-30T18:17:25.933323,2024-05-30 14:17:25,SHORT,18673.5,-65.0,True,14.28,True
863,NQ,Thu,14:00,In-Sample,2024-05-30T18:17:26.085952,2024-05-30 14:17:26,SHORT,18673.75,-60.0,True,14.28,True
863,NQ,Thu,14:00,In-Sample,2024-05-30T18:17:26.772490,2024-05-30 14:17:26,SHORT,18675.0,1470.0,True,14.28,True
863,NQ,Thu,14:00,In-Sample,2024-05-30T18:17:26.849991,2024-05-30 14:17:26,SHORT,18675.0,1095.0,True,14.28,True
863,NQ,Thu,14:00,In-Sample,2024-05-30T18:17:27.078928,2024-05-30 14:17:27,SHORT,18675.0,1470.0,True,14.28,True
863,NQ,Thu,14:00,In-Sample,2024-05-30T18:17:27.237373,2024-05-30 14:17:27,SHORT,18674.5,-45.0,True,14.28,True
863,NQ,Thu,14:00,In-Sample,2024-05-30T18:17:28.669790,2024-05-30 14:17:28,LONG,18677.0,-120.0,True,14.28,True
863,NQ,Thu,14:00,In-Sample,2024-05-30T18:17:36.173972,2024-05-30 14:17:36,SHORT,18678.5,135.0,True,14.28,True
863,NQ,Thu,14:00,In-Sample,2024-05-30T18:17:47.890788,2024-05-30 14:17:47,SHORT,18681.25,90.0,True,14.28,True
863,NQ,Thu,14:00,In-Sample,2024-05-30T18:17:59.508630,2024-05-30 14:17:59,SHORT,18684.75,260.0,True,14.28,True
863,NQ,Thu,14:00,In-Sample,2024-05-30T18:17:59.522401,2024-05-30 14:17:59,SHORT,18685.75,1360.0,True,14.28,True
863,NQ,Thu,14:00,In-Sample,2024-05-30T18:17:59.523571,2024-05-30 14:17:59,SHORT,18685.75,475.0,True,14.28,True
863,NQ,Thu,14:00,In-Sample,2024-05-30T18:17:59.524019,2024-05-30 14:17:59,SHORT,18686.0,220.0,True,14.28,True
863,NQ,Thu,14:00,In-Sample,2024-05-30T18:17:59.525887,2024-05-30 14:17:59,SHORT,18684.25,1280.0,True,14.28,True
863,NQ,Thu,14:00,In-Sample,2024-05-30T18:17:59.527278,2024-05-30 14:17:59,SHORT,18684.0,1650.0,True,14.28,True
863,NQ,Thu,14:00,In-Sample,2024-05-30T18:18:20.606368,2024-05-30 14:18:20,SHORT,18685.75,135.0,True,14.28,True
863,NQ,Thu,14:00,In-Sample,2024-05-30T18:18:20.606368,2024-05-30 14:18:20,SHORT,18685.75,975.0,True,14.28,True
863,NQ,Thu,14:00,In-Sample,2024-05-30T18:18:20.606368,2024-05-30 14:18:20,SHORT,18685.75,690.0,True,14.28,True
863,NQ,Thu,14:00,In-Sample,2024-05-30T18:18:20.607132,2024-05-30 14:18:20,SHORT,18685.75,345.0,True,14.28,True
863,NQ,Thu,14:00,In-Sample,2024-05-30T18:18:20.607132,2024-05-30 14:18:20,SHORT,18685.75,455.0,True,14.28,True
863,NQ,Thu,14:00,In-Sample,2024-05-30T18:18:32.841898,2024-05-30 14:18:32,SHORT,18682.25,470.0,True,14.28,True
863,NQ,Thu,14:00,In-Sample,2024-05-30T18:18:32.842372,2024-05-30 14:18:32,SHORT,18682.25,465.0,True,14.28,True
863,NQ,Thu,14:00,In-Sample,2024-05-30T18:18:32.842694,2024-05-30 14:18:32,SHORT,18682.25,465.0,True,14.28,True
863,NQ,Thu,14:00,In-Sample,2024-05-30T18:21:04.803877,2024-05-30 14:21:04,SHORT,18680.5,2110.0,True,14.28,True
863,NQ,Thu,14:00,In-Sample,2024-05-30T18:21:04.805798,2024-05-30 14:21:04,SHORT,18680.5,1580.0,True,14.28,True
863,NQ,Thu,14:00,In-Sample,2024-05-30T18:21:04.806213,2024-05-30 14:21:04,SHORT,18680.5,1205.0,True,14.28,True
863,NQ,Thu,14:00,In-Sample,2024-05-30T18:21:15.966095,2024-05-30 14:21:15,SHORT,18679.0,145.0,True,14.28,True
863,NQ,Thu,14:00,In-Sample,2024-05-30T18:21:15.968694,2024-05-30 14:21:15,SHORT,18679.0,1185.0,True,14.28,True
863,NQ,Thu,14:00,In-Sample,2024-05-30T18:21:16.068882,2024-05-30 14:21:16,SHORT,18679.0,125.0,True,14.28,True
863,NQ,Thu,14:00,In-Sample,2024-05-30T18:21:16.068882,2024-05-30 14:21:16,SHORT,18679.0,255.0,True,14.28,True
863,NQ,Thu,14:00,In-Sample,2024-05-30T18:21:16.068882,2024-05-30 14:21:16,SHORT,18679.0,115.0,True,14.28,True
863,NQ,Thu,14:00,In-Sample,2024-05-30T18:21:16.153429,2024-05-30 14:21:16,SHORT,18679.0,125.0,True,14.28,True
863,NQ,Thu,14:00,In-Sample,2024-05-30T18:21:16.153429,2024-05-30 14:21:16,SHORT,18679.0,60.0,True,14.28,True
863,NQ,Thu,14:00,In-Sample,2024-05-30T18:21:16.360808,2024-05-30 14:21:16,SHORT,18679.0,640.0,True,14.28,True
863,NQ,Thu,14:00,In-Sample,2024-05-30T18:21:16.360808,2024-05-30 14:21:16,SHORT,18679.0,1665.0,True,14.28,True
863,NQ,Thu,14:00,In-Sample,2024-05-30T18:21:26.615698,2024-05-30 14:21:26,SHORT,18677.0,300.0,True,14.28,True
863,NQ,Thu,14:00,In-Sample,2024-05-30T18:21:26.616160,2024-05-30 14:21:26,SHORT,18677.0,510.0,True,14.28,True
863,NQ,Thu,14:00,In-Sample,2024-05-30T18:21:49.623254,2024-05-30 14:21:49,SHORT,18675.75,960.0,True,14.28,True
863,NQ,Thu,14:00,In-Sample,2024-05-30T18:21:49.623254,2024-05-30 14:21:49,SHORT,18675.75,1720.0,True,14.28,True
863,NQ,Thu,14:00,In-Sample,2024-05-30T18:21:49.711877,2024-05-30 14:21:49,SHORT,18675.75,550.0,True,14.28,True
863,NQ,Thu,14:00,In-Sample,2024-05-30T18:21:49.716649,2024-05-30 14:21:49,SHORT,18675.75,690.0,True,14.28,True
863,NQ,Thu,14:00,In-Sample,2024-05-30T18:21:50.088015,2024-05-30 14:21:50,SHORT,18675.75,15.0,True,14.28,True
863,NQ,Thu,14:00,In-Sample,2024-05-30T18:21:50.088015,2024-05-30 14:21:50,SHORT,18675.75,1420.0,True,14.28,True
863,NQ,Thu,14:00,In-Sample,2024-05-30T18:21:50.218216,2024-05-30 14:21:50,SHORT,18675.75,1600.0,True,14.28,True
863,NQ,Thu,14:00,In-Sample,2024-05-30T18:21:50.218216,2024-05-30 14:21:50,SHORT,18675.75,1405.0,True,14.28,True
863,NQ,Thu,14:00,In-Sample,2024-05-30T18:21:50.218216,2024-05-30 14:21:50,SHORT,18675.75,1280.0,True,14.28,True
863,NQ,Thu,14:00,In-Sample,2024-05-30T18:22:14.863909,2024-05-30 14:22:14,SHORT,18677.25,140.0,True,14.28,True
863,NQ,Thu,14:00,In-Sample,2024-05-30T18:22:14.863909,2024-05-30 14:22:14,SHORT,18677.25,280.0,True,14.28,True
863,NQ,Thu,14:00,In-Sample,2024-05-30T18:22:14.863909,2024-05-30 14:22:14,SHORT,18677.25,80.0,True,14.28,True
863,NQ,Thu,14:00,In-Sample,2024-06-06T18:02:09.948683,2024-06-06 14:02:09,SHORT,19070.0,140.0,True,12.63,True
863,NQ,Thu,14:00,In-Sample,2024-06-06T18:02:09.948683,2024-06-06 14:02:09,SHORT,19070.0,275.0,True,12.63,True
863,NQ,Thu,14:00,In-Sample,2024-06-06T18:02:09.948683,2024-06-06 14:02:09,SHORT,19070.0,415.0,True,12.63,True
863,NQ,Thu,14:00,In-Sample,2024-06-06T18:02:37.628379,2024-06-06 14:02:37,SHORT,19065.75,105.0,True,12.63,True
863,NQ,Thu,14:00,In-Sample,2024-06-06T18:02:37.628379,2024-06-06 14:02:37,SHORT,19065.75,210.0,True,12.63,True
863,NQ,Thu,14:00,In-Sample,2024-06-06T18:02:37.628379,2024-06-06 14:02:37,SHORT,19065.75,245.0,True,12.63,True
863,NQ,Thu,14:00,In-Sample,2024-06-06T18:03:36.975498,2024-06-06 14:03:36,SHORT,19063.75,140.0,True,12.63,True
863,NQ,Thu,14:00,In-Sample,2024-06-06T18:03:36.975498,2024-06-06 14:03:36,SHORT,19063.75,420.0,True,12.63,True
863,NQ,Thu,14:00,In-Sample,2024-06-06T18:03:37.423461,2024-06-06 14:03:37,LONG,19063.25,-435.0,True,12.63,True
863,NQ,Thu,14:00,In-Sample,2024-06-06T18:04:59.162462,2024-06-06 14:04:59,SHORT,19052.75,90.0,True,12.63,True
863,NQ,Thu,14:00,In-Sample,2024-06-06T18:05:00.042301,2024-06-06 14:05:00,SHORT,19050.0,285.0,True,12.63,True
863,NQ,Thu,14:00,In-Sample,2024-06-06T18:05:00.756133,2024-06-06 14:05:00,SHORT,19045.5,-510.0,True,12.63,True
863,NQ,Thu,14:00,In-Sample,2024-06-06T18:05:01.054260,2024-06-06 14:05:01,SHORT,19047.25,90.0,True,12.63,True
863,NQ,Thu,14:00,In-Sample,2024-06-06T18:05:01.186515,2024-06-06 14:05:01,LONG,19048.75,-225.0,True,12.63,True
863,NQ,Thu,14:00,In-Sample,2024-06-06T18:05:06.025077,2024-06-06 14:05:06,SHORT,19043.0,-250.0,True,12.63,True
863,NQ,Thu,14:00,In-Sample,2024-06-06T18:05:07.164473,2024-06-06 14:05:07,LONG,19046.5,100.0,True,12.63,True
863,NQ,Thu,14:00,In-Sample,2024-06-06T18:05:07.164473,2024-06-06 14:05:07,LONG,19046.5,-240.0,True,12.63,True
863,NQ,Thu,14:00,In-Sample,2024-06-06T18:05:07.164899,2024-06-06 14:05:07,LONG,19046.5,100.0,True,12.63,True
863,NQ,Thu,14:00,In-Sample,2024-06-06T18:05:07.164899,2024-06-06 14:05:07,LONG,19046.5,60.0,True,12.63,True
863,NQ,Thu,14:00,In-Sample,2024-06-06T18:05:17.028589,2024-06-06 14:05:17,LONG,19047.5,-105.0,True,12.63,True
863,NQ,Thu,14:00,In-Sample,2024-06-06T18:05:17.028589,2024-06-06 14:05:17,LONG,19047.5,-55.0,True,12.63,True
863,NQ,Thu,14:00,In-Sample,2024-06-06T18:05:17.103886,2024-06-06 14:05:17,LONG,19047.5,-60.0,True,12.63,True
863,NQ,Thu,14:00,In-Sample,2024-06-06T18:05:17.103886,2024-06-06 14:05:17,LONG,19047.5,0.0,True,12.63,True
863,NQ,Thu,14:00,In-Sample,2024-06-06T18:05:18.043872,2024-06-06 14:05:18,LONG,19048.5,-160.0,True,12.63,True
863,NQ,Thu,14:00,In-Sample,2024-06-06T18:05:18.043872,2024-06-06 14:05:18,LONG,19048.5,-390.0,True,12.63,True
863,NQ,Thu,14:00,In-Sample,2024-06-06T18:05:18.192359,2024-06-06 14:05:18,LONG,19048.25,-465.0,True,12.63,True
863,NQ,Thu,14:00,In-Sample,2024-06-06T18:05:18.192719,2024-06-06 14:05:18,LONG,19048.25,-135.0,True,12.63,True
863,NQ,Thu,14:00,In-Sample,2024-06-06T18:05:18.192719,2024-06-06 14:05:18,LONG,19048.25,-40.0,True,12.63,True
863,NQ,Thu,14:00,In-Sample,2024-06-06T18:05:59.056785,2024-06-06 14:05:59,SHORT,19040.75,-660.0,True,12.63,True
863,NQ,Thu,14:00,In-Sample,2024-06-06T18:06:01.018257,2024-06-06 14:06:01,LONG,19046.5,100.0,True,12.63,True
863,NQ,Thu,14:00,In-Sample,2024-06-06T18:06:01.018257,2024-06-06 14:06:01,LONG,19046.5,-320.0,True,12.63,True
863,NQ,Thu,14:00,In-Sample,2024-06-06T18:06:01.050501,2024-06-06 14:06:01,LONG,19046.5,100.0,True,12.63,True
863,NQ,Thu,14:00,In-Sample,2024-06-06T18:06:01.050501,2024-06-06 14:06:01,LONG,19046.5,90.0,True,12.63,True
863,NQ,Thu,14:00,In-Sample,2024-06-06T18:06:17.510922,2024-06-06 14:06:17,LONG,19051.0,-125.0,True,12.63,True
863,NQ,Thu,14:00,In-Sample,2024-06-06T18:06:17.510922,2024-06-06 14:06:17,LONG,19051.0,-405.0,True,12.63,True
863,NQ,Thu,14:00,In-Sample,2024-06-06T18:06:17.587321,2024-06-06 14:06:17,LONG,19051.0,-70.0,True,12.63,True
863,NQ,Thu,14:00,In-Sample,2024-06-06T18:06:17.587321,2024-06-06 14:06:17,LONG,19051.0,-455.0,True,12.63,True
863,NQ,Thu,14:00,In-Sample,2024-06-06T18:06:37.052144,2024-06-06 14:06:37,LONG,19054.0,-305.0,True,12.63,True
863,NQ,Thu,14:00,In-Sample,2024-06-06T18:06:37.052144,2024-06-06 14:06:37,LONG,19054.0,-340.0,True,12.63,True
863,NQ,Thu,14:00,In-Sample,2024-06-06T18:06:37.052144,2024-06-06 14:06:37,LONG,19054.0,-450.0,True,12.63,True
863,NQ,Thu,14:00,In-Sample,2024-06-06T18:06:37.052699,2024-06-06 14:06:37,LONG,19054.0,-915.0,True,12.63,True
863,NQ,Thu,14:00,In-Sample,2024-06-06T18:06:37.062333,2024-06-06 14:06:37,LONG,19054.0,-155.0,True,12.63,True
863,NQ,Thu,14:00,In-Sample,2024-06-06T18:06:37.062333,2024-06-06 14:06:37,LONG,19054.0,-345.0,True,12.63,True
863,NQ,Thu,14:00,In-Sample,2024-06-06T18:06:52.532033,2024-06-06 14:06:52,SHORT,19039.5,165.0,True,12.63,True
863,NQ,Thu,14:00,In-Sample,2024-06-06T18:06:52.532033,2024-06-06 14:06:52,SHORT,19039.5,325.0,True,12.63,True
863,NQ,Thu,14:00,In-Sample,2024-06-06T18:06:52.532033,2024-06-06 14:06:52,SHORT,19039.5,270.0,True,12.63,True
863,NQ,Thu,14:00,In-Sample,2024-06-06T18:06:54.032817,2024-06-06 14:06:54,LONG,19041.5,-210.0,True,12.63,True
863,NQ,Thu,14:00,In-Sample,2024-06-06T18:06:59.191015,2024-06-06 14:06:59,SHORT,19037.0,140.0,True,12.63,True
863,NQ,Thu,14:00,In-Sample,2024-06-06T18:06:59.191015,2024-06-06 14:06:59,SHORT,19037.0,275.0,True,12.63,True
863,NQ,Thu,14:00,In-Sample,2024-06-06T18:06:59.191015,2024-06-06 14:06:59,SHORT,19037.0,185.0,True,12.63,True
863,NQ,Thu,14:00,In-Sample,2024-06-06T18:06:59.953928,2024-06-06 14:06:59,SHORT,19035.25,140.0,True,12.63,True
863,NQ,Thu,14:00,In-Sample,2024-06-06T18:06:59.953928,2024-06-06 14:06:59,SHORT,19035.25,280.0,True,12.63,True
863,NQ,Thu,14:00,In-Sample,2024-06-06T18:06:59.953928,2024-06-06 14:06:59,SHORT,19035.25,150.0,True,12.63,True
863,NQ,Thu,14:00,In-Sample,2024-06-06T18:06:59.954817,2024-06-06 14:06:59,SHORT,19035.25,140.0,True,12.63,True
863,NQ,Thu,14:00,In-Sample,2024-06-06T18:06:59.954817,2024-06-06 14:06:59,SHORT,19035.25,280.0,True,12.63,True
863,NQ,Thu,14:00,In-Sample,2024-06-06T18:06:59.954817,2024-06-06 14:06:59,SHORT,19035.25,150.0,True,12.63,True
863,NQ,Thu,14:00,In-Sample,2024-06-06T18:07:01.095979,2024-06-06 14:07:01,LONG,19037.5,100.0,True,12.63,True
863,NQ,Thu,14:00,In-Sample,2024-06-06T18:07:01.095979,2024-06-06 14:07:01,LONG,19037.5,170.0,True,12.63,True
863,NQ,Thu,14:00,In-Sample,2024-06-06T18:07:35.484895,2024-06-06 14:07:35,LONG,19042.75,-600.0,True,12.63,True
863,NQ,Thu,14:00,In-Sample,2024-06-06T18:08:01.077785,2024-06-06 14:08:01,SHORT,19035.5,165.0,True,12.63,True
863,NQ,Thu,14:00,In-Sample,2024-06-06T18:08:01.077785,2024-06-06 14:08:01,SHORT,19035.5,335.0,True,12.63,True
863,NQ,Thu,14:00,In-Sample,2024-06-06T18:08:01.077785,2024-06-06 14:08:01,SHORT,19035.5,130.0,True,12.63,True
863,NQ,Thu,14:00,In-Sample,2024-06-06T18:08:01.575501,2024-06-06 14:08:01,SHORT,19034.75,165.0,True,12.63,True
863,NQ,Thu,14:00,In-Sample,2024-06-06T18:08:01.575501,2024-06-06 14:08:01,SHORT,19034.75,335.0,True,12.63,True
863,NQ,Thu,14:00,In-Sample,2024-06-06T18:08:01.575501,2024-06-06 14:08:01,SHORT,19034.75,115.0,True,12.63,True
863,NQ,Thu,14:00,In-Sample,2024-06-06T18:08:42.056651,2024-06-06 14:08:42,LONG,19036.0,-165.0,True,12.63,True
863,NQ,Thu,14:00,In-Sample,2024-06-06T18:08:46.115509,2024-06-06 14:08:46,LONG,19037.75,-270.0,True,12.63,True
863,NQ,Thu,14:00,In-Sample,2024-06-06T18:09:04.807121,2024-06-06 14:09:04,LONG,19031.5,-60.0,True,12.63,True
863,NQ,Thu,14:00,In-Sample,2024-06-06T18:09:08.591671,2024-06-06 14:09:08,LONG,19029.5,-180.0,True,12.63,True
863,NQ,Thu,14:00,In-Sample,2024-06-06T18:09:34.093660,2024-06-06 14:09:34,LONG,19027.5,-165.0,True,12.63,True
863,NQ,Thu,14:00,In-Sample,2024-06-06T18:09:51.610733,2024-06-06 14:09:51,LONG,19027.25,-180.0,True,12.63,True
863,NQ,Thu,14:00,In-Sample,2024-06-06T18:09:57.203775,2024-06-06 14:09:57,LONG,19027.5,-195.0,True,12.63,True
863,NQ,Thu,14:00,In-Sample,2024-06-06T18:10:00.197517,2024-06-06 14:10:00,SHORT,19024.75,30.0,True,12.63,True
863,NQ,Thu,14:00,In-Sample,2024-06-06T18:10:00.197517,2024-06-06 14:10:00,SHORT,19024.75,10.0,True,12.63,True
863,NQ,Thu,14:00,In-Sample,2024-06-06T18:10:02.287506,2024-06-06 14:10:02,LONG,19023.75,-120.0,True,12.63,True
863,NQ,Thu,14:00,In-Sample,2024-06-06T18:10:09.207352,2024-06-06 14:10:09,LONG,19024.75,-195.0,True,12.63,True
863,NQ,Thu,14:00,In-Sample,2024-06-06T18:10:16.140494,2024-06-06 14:10:16,LONG,19021.0,100.0,True,12.63,True
863,NQ,Thu,14:00,In-Sample,2024-06-06T18:10:16.140494,2024-06-06 14:10:16,LONG,19021.0,200.0,True,12.63,True
863,NQ,Thu,14:00,In-Sample,2024-06-06T18:10:16.140494,2024-06-06 14:10:16,LONG,19021.0,185.0,True,12.63,True
863,NQ,Thu,14:00,In-Sample,2024-06-06T18:10:18.325371,2024-06-06 14:10:18,LONG,19023.75,420.0,True,12.63,True
863,NQ,Thu,14:00,In-Sample,2024-06-06T18:10:18.325371,2024-06-06 14:10:18,LONG,19023.75,590.0,True,12.63,True
863,NQ,Thu,14:00,In-Sample,2024-06-06T18:10:18.325758,2024-06-06 14:10:18,LONG,19023.75,90.0,True,12.63,True
863,NQ,Thu,14:00,In-Sample,2024-06-06T18:10:18.325758,2024-06-06 14:10:18,LONG,19023.75,590.0,True,12.63,True
863,NQ,Thu,14:00,In-Sample,2024-06-06T18:10:37.169888,2024-06-06 14:10:37,LONG,19028.25,65.0,True,12.63,True
863,NQ,Thu,14:00,In-Sample,2024-06-06T18:10:37.169888,2024-06-06 14:10:37,LONG,19028.25,920.0,True,12.63,True
863,NQ,Thu,14:00,In-Sample,2024-06-06T18:10:37.219837,2024-06-06 14:10:37,LONG,19028.0,175.0,True,12.63,True
863,NQ,Thu,14:00,In-Sample,2024-06-06T18:10:37.219837,2024-06-06 14:10:37,LONG,19028.0,350.0,True,12.63,True
863,NQ,Thu,14:00,In-Sample,2024-06-06T18:10:37.219837,2024-06-06 14:10:37,LONG,19028.0,470.0,True,12.63,True
863,NQ,Thu,14:00,In-Sample,2024-06-06T18:10:37.220552,2024-06-06 14:10:37,LONG,19028.0,175.0,True,12.63,True
863,NQ,Thu,14:00,In-Sample,2024-06-06T18:10:37.220552,2024-06-06 14:10:37,LONG,19028.0,140.0,True,12.63,True
863,NQ,Thu,14:00,In-Sample,2024-06-06T18:10:37.220663,2024-06-06 14:10:37,LONG,19028.0,175.0,True,12.63,True
863,NQ,Thu,14:00,In-Sample,2024-06-06T18:10:37.220663,2024-06-06 14:10:37,LONG,19028.0,350.0,True,12.63,True
863,NQ,Thu,14:00,In-Sample,2024-06-06T18:10:37.220663,2024-06-06 14:10:37,LONG,19028.0,470.0,True,12.63,True
863,NQ,Thu,14:00,In-Sample,2024-06-06T18:10:37.220825,2024-06-06 14:10:37,LONG,19028.0,525.0,True,12.63,True
863,NQ,Thu,14:00,In-Sample,2024-06-06T18:10:37.220825,2024-06-06 14:10:37,LONG,19028.0,465.0,True,12.63,True
863,NQ,Thu,14:00,In-Sample,2024-06-06T18:13:26.153739,2024-06-06 14:13:26,SHORT,19031.5,-345.0,True,12.63,True
863,NQ,Thu,14:00,In-Sample,2024-06-06T18:13:26.303313,2024-06-06 14:13:26,SHORT,19031.5,-480.0,True,12.63,True
863,NQ,Thu,14:00,In-Sample,2024-06-06T18:13:26.303808,2024-06-06 14:13:26,SHORT,19031.5,-630.0,True,12.63,True
863,NQ,Thu,14:00,In-Sample,2024-06-06T18:13:26.304049,2024-06-06 14:13:26,SHORT,19031.75,-465.0,True,12.63,True
863,NQ,Thu,14:00,In-Sample,2024-06-06T18:15:44.739389,2024-06-06 14:15:44,SHORT,19031.5,-510.0,True,12.63,True
863,NQ,Thu,14:00,In-Sample,2024-06-06T18:15:44.801653,2024-06-06 14:15:44,SHORT,19031.5,-510.0,True,12.63,True
863,NQ,Thu,14:00,In-Sample,2024-06-06T18:15:44.801901,2024-06-06 14:15:44,SHORT,19031.5,-390.0,True,12.63,True
863,NQ,Thu,14:00,In-Sample,2024-06-06T18:15:44.956334,2024-06-06 14:15:44,SHORT,19031.5,-510.0,True,12.63,True
863,NQ,Thu,14:00,In-Sample,2024-06-06T18:15:45.147894,2024-06-06 14:15:45,SHORT,19031.5,-390.0,True,12.63,True
863,NQ,Thu,14:00,In-Sample,2024-06-06T18:18:03.205478,2024-06-06 14:18:03,LONG,19044.25,180.0,True,12.63,True
863,NQ,Thu,14:00,In-Sample,2024-06-06T18:18:03.205478,2024-06-06 14:18:03,LONG,19044.25,360.0,True,12.63,True
863,NQ,Thu,14:00,In-Sample,2024-06-06T18:18:03.205478,2024-06-06 14:18:03,LONG,19044.25,160.0,True,12.63,True
863,NQ,Thu,14:00,In-Sample,2024-06-06T18:19:16.708347,2024-06-06 14:19:16,SHORT,19054.75,100.0,True,12.63,True
863,NQ,Thu,14:00,In-Sample,2024-06-06T18:19:16.708347,2024-06-06 14:19:16,SHORT,19054.75,200.0,True,12.63,True
863,NQ,Thu,14:00,In-Sample,2024-06-06T18:19:16.708347,2024-06-06 14:19:16,SHORT,19054.75,95.0,True,12.63,True
863,NQ,Thu,14:00,In-Sample,2024-06-06T18:19:16.749508,2024-06-06 14:19:16,SHORT,19054.75,100.0,True,12.63,True
863,NQ,Thu,14:00,In-Sample,2024-06-06T18:19:16.749508,2024-06-06 14:19:16,SHORT,19054.75,110.0,True,12.63,True
863,NQ,Thu,14:00,In-Sample,2024-06-06T18:19:28.788279,2024-06-06 14:19:28,SHORT,19053.25,120.0,True,12.63,True
863,NQ,Thu,14:00,In-Sample,2024-06-06T18:19:28.788545,2024-06-06 14:19:28,SHORT,19053.25,120.0,True,12.63,True
863,NQ,Thu,14:00,In-Sample,2024-06-06T18:19:33.706036,2024-06-06 14:19:33,SHORT,19051.25,180.0,True,12.63,True
863,NQ,Thu,14:00,In-Sample,2024-06-06T18:19:33.706036,2024-06-06 14:19:33,SHORT,19051.25,30.0,True,12.63,True
863,NQ,Thu,14:00,In-Sample,2024-06-06T18:19:33.724736,2024-06-06 14:19:33,SHORT,19051.25,180.0,True,12.63,True
863,NQ,Thu,14:00,In-Sample,2024-06-06T18:19:33.850328,2024-06-06 14:19:33,SHORT,19051.25,180.0,True,12.63,True
863,NQ,Thu,14:00,In-Sample,2024-06-06T18:19:33.850328,2024-06-06 14:19:33,SHORT,19051.25,30.0,True,12.63,True
863,NQ,Thu,14:00,In-Sample,2024-06-06T18:19:33.850710,2024-06-06 14:19:33,SHORT,19051.25,180.0,True,12.63,True
863,NQ,Thu,14:00,In-Sample,2024-06-06T18:21:04.710506,2024-06-06 14:21:04,LONG,19047.25,205.0,True,12.63,True
863,NQ,Thu,14:00,In-Sample,2024-06-06T18:21:27.811363,2024-06-06 14:21:27,LONG,19050.5,210.0,True,12.63,True
863,NQ,Thu,14:00,In-Sample,2024-06-06T18:24:17.225721,2024-06-06 14:24:17,SHORT,19048.75,185.0,True,12.63,True
863,NQ,Thu,14:00,In-Sample,2024-06-06T18:24:17.225721,2024-06-06 14:24:17,SHORT,19048.75,150.0,True,12.63,True
863,NQ,Thu,14:00,In-Sample,2024-06-06T18:25:00.864479,2024-06-06 14:25:00,SHORT,19047.5,120.0,True,12.63,True
863,NQ,Thu,14:00,In-Sample,2024-06-06T18:25:00.864479,2024-06-06 14:25:00,SHORT,19047.5,-320.0,True,12.63,True
863,NQ,Thu,14:00,In-Sample,2024-06-06T18:25:00.906392,2024-06-06 14:25:00,SHORT,19047.5,120.0,True,12.63,True
863,NQ,Thu,14:00,In-Sample,2024-06-06T18:25:00.906392,2024-06-06 14:25:00,SHORT,19047.5,-150.0,True,12.63,True
863,NQ,Thu,14:00,In-Sample,2024-06-06T18:25:01.010659,2024-06-06 14:25:01,SHORT,19047.0,120.0,True,12.63,True
863,NQ,Thu,14:00,In-Sample,2024-06-06T18:25:01.010659,2024-06-06 14:25:01,SHORT,19047.0,10.0,True,12.63,True
863,NQ,Thu,14:00,In-Sample,2024-06-20T18:00:57.430153,2024-06-20 14:00:57,SHORT,20046.0,-170.0,True,12.3,True
863,NQ,Thu,14:00,In-Sample,2024-06-20T18:06:22.994410,2024-06-20 14:06:22,SHORT,20068.5,280.0,True,12.3,True
863,NQ,Thu,14:00,In-Sample,2024-06-20T18:10:25.112163,2024-06-20 14:10:25,SHORT,20064.75,-510.0,True,12.3,True
863,NQ,Thu,14:00,In-Sample,2024-06-20T18:10:25.423571,2024-06-20 14:10:25,SHORT,20064.75,-510.0,True,12.3,True
863,NQ,Thu,14:00,In-Sample,2024-06-20T18:10:25.423827,2024-06-20 14:10:25,SHORT,20064.75,-510.0,True,12.3,True
863,NQ,Thu,14:00,In-Sample,2024-06-20T18:10:25.423947,2024-06-20 14:10:25,SHORT,20064.75,-510.0,True,12.3,True
863,NQ,Thu,14:00,In-Sample,2024-06-20T18:10:25.424147,2024-06-20 14:10:25,SHORT,20064.75,-510.0,True,12.3,True
863,NQ,Thu,14:00,In-Sample,2024-06-20T18:11:35.049205,2024-06-20 14:11:35,SHORT,20066.75,165.0,True,12.3,True
863,NQ,Thu,14:00,In-Sample,2024-06-20T18:11:35.049205,2024-06-20 14:11:35,SHORT,20066.75,335.0,True,12.3,True
863,NQ,Thu,14:00,In-Sample,2024-06-20T18:11:35.049205,2024-06-20 14:11:35,SHORT,20066.75,235.0,True,12.3,True
863,NQ,Thu,14:00,In-Sample,2024-06-20T18:11:35.387571,2024-06-20 14:11:35,SHORT,20067.0,165.0,True,12.3,True
863,NQ,Thu,14:00,In-Sample,2024-06-20T18:11:35.387571,2024-06-20 14:11:35,SHORT,20067.0,165.0,True,12.3,True
863,NQ,Thu,14:00,In-Sample,2024-06-20T18:11:35.387571,2024-06-20 14:11:35,SHORT,20067.0,170.0,True,12.3,True
863,NQ,Thu,14:00,In-Sample,2024-06-20T18:11:35.387998,2024-06-20 14:11:35,SHORT,20067.0,170.0,True,12.3,True
863,NQ,Thu,14:00,In-Sample,2024-06-20T18:11:35.387998,2024-06-20 14:11:35,SHORT,20067.0,170.0,True,12.3,True
863,NQ,Thu,14:00,In-Sample,2024-06-20T18:11:35.387998,2024-06-20 14:11:35,SHORT,20067.0,335.0,True,12.3,True
863,NQ,Thu,14:00,In-Sample,2024-06-20T18:11:35.388116,2024-06-20 14:11:35,SHORT,20066.75,330.0,True,12.3,True
863,NQ,Thu,14:00,In-Sample,2024-06-20T18:11:35.388116,2024-06-20 14:11:35,SHORT,20066.75,335.0,True,12.3,True
863,NQ,Thu,14:00,In-Sample,2024-06-20T18:11:35.388116,2024-06-20 14:11:35,SHORT,20066.75,335.0,True,12.3,True
863,NQ,Thu,14:00,In-Sample,2024-06-20T18:11:35.388221,2024-06-20 14:11:35,SHORT,20066.75,335.0,True,12.3,True
863,NQ,Thu,14:00,In-Sample,2024-06-20T18:11:35.388221,2024-06-20 14:11:35,SHORT,20066.75,225.0,True,12.3,True
863,NQ,Thu,14:00,In-Sample,2024-06-20T18:11:35.388221,2024-06-20 14:11:35,SHORT,20066.75,225.0,True,12.3,True
863,NQ,Thu,14:00,In-Sample,2024-06-20T18:11:35.388323,2024-06-20 14:11:35,SHORT,20066.75,225.0,True,12.3,True
863,NQ,Thu,14:00,In-Sample,2024-06-20T18:11:35.388323,2024-06-20 14:11:35,SHORT,20066.75,540.0,True,12.3,True
863,NQ,Thu,14:00,In-Sample,2024-06-20T18:20:16.015889,2024-06-20 14:20:16,SHORT,20056.5,160.0,True,12.3,True
863,NQ,Thu,14:00,In-Sample,2024-06-20T18:20:16.015889,2024-06-20 14:20:16,SHORT,20056.5,175.0,True,12.3,True
863,NQ,Thu,14:00,In-Sample,2024-06-20T18:20:16.015889,2024-06-20 14:20:16,SHORT,20056.5,175.0,True,12.3,True
863,NQ,Thu,14:00,In-Sample,2024-06-20T18:20:16.016453,2024-06-20 14:20:16,SHORT,20055.75,160.0,True,12.3,True
863,NQ,Thu,14:00,In-Sample,2024-06-20T18:20:16.016453,2024-06-20 14:20:16,SHORT,20055.75,160.0,True,12.3,True
863,NQ,Thu,14:00,In-Sample,2024-06-20T18:20:16.016453,2024-06-20 14:20:16,SHORT,20055.75,-225.0,True,12.3,True
863,NQ,Thu,14:00,In-Sample,2024-06-20T18:20:16.016658,2024-06-20 14:20:16,SHORT,20055.75,-225.0,True,12.3,True
863,NQ,Thu,14:00,In-Sample,2024-06-20T18:20:16.016658,2024-06-20 14:20:16,SHORT,20055.75,-450.0,True,12.3,True
863,NQ,Thu,14:00,In-Sample,2024-06-20T18:20:16.016787,2024-06-20 14:20:16,SHORT,20055.75,-450.0,True,12.3,True
863,NQ,Thu,14:00,In-Sample,2024-06-20T18:20:16.016787,2024-06-20 14:20:16,SHORT,20055.75,-225.0,True,12.3,True
863,NQ,Thu,14:00,In-Sample,2024-06-20T18:20:16.016901,2024-06-20 14:20:16,SHORT,20055.75,-225.0,True,12.3,True
863,NQ,Thu,14:00,In-Sample,2024-06-20T18:20:16.016901,2024-06-20 14:20:16,SHORT,20055.75,-450.0,True,12.3,True
863,NQ,Thu,14:00,In-Sample,2024-07-11T18:13:47.595390,2024-07-11 14:13:47,LONG,20400.5,250.0,True,12.85,True
863,NQ,Thu,14:00,In-Sample,2024-07-11T18:13:47.595390,2024-07-11 14:13:47,LONG,20400.5,10.0,True,12.85,True
863,NQ,Thu,14:00,In-Sample,2024-07-18T18:10:10.610066,2024-07-18 14:10:10,LONG,19884.25,-1980.0,True,14.48,True
863,NQ,Thu,14:00,In-Sample,2024-07-18T18:10:10.735238,2024-07-18 14:10:10,LONG,19884.25,-1980.0,True,14.48,True
863,NQ,Thu,14:00,In-Sample,2024-07-25T18:18:13.707239,2024-07-25 14:18:13,SHORT,19221.25,355.0,True,18.04,True
863,NQ,Thu,14:00,In-Sample,2024-07-25T18:18:13.707239,2024-07-25 14:18:13,SHORT,19221.25,-690.0,True,18.04,True
863,NQ,Thu,14:00,In-Sample,2024-08-01T18:00:15.582338,2024-08-01 14:00:15,SHORT,19025.0,1180.0,True,16.36,True
863,NQ,Thu,14:00,In-Sample,2024-08-01T18:00:45.329008,2024-08-01 14:00:45,SHORT,19007.5,970.0,True,16.36,True
863,NQ,Thu,14:00,In-Sample,2024-08-01T18:05:02.952867,2024-08-01 14:05:02,SHORT,18983.5,1120.0,True,16.36,True
863,NQ,Thu,14:00,In-Sample,2024-08-01T18:05:02.952867,2024-08-01 14:05:02,SHORT,18983.5,1550.0,True,16.36,True
863,NQ,Thu,14:00,In-Sample,2024-08-01T18:15:09.320847,2024-08-01 14:15:09,SHORT,18945.0,960.0,True,16.36,True
863,NQ,Thu,14:00,In-Sample,2024-08-08T18:05:49.322930,2024-08-08 14:05:49,LONG,18543.25,-2490.0,True,27.85,False
863,NQ,Thu,14:00,In-Sample,2024-08-15T18:14:21.686736,2024-08-15 14:14:21,SHORT,19570.5,135.0,True,16.19,True
863,NQ,Thu,14:00,In-Sample,2024-08-15T18:14:21.686736,2024-08-15 14:14:21,SHORT,19570.5,50.0,True,16.19,True
863,NQ,Thu,14:00,In-Sample,2024-08-22T18:10:00.814280,2024-08-22 14:10:00,LONG,19618.75,270.0,True,16.27,True
863,NQ,Thu,14:00,In-Sample,2024-08-22T18:10:00.814280,2024-08-22 14:10:00,LONG,19618.75,610.0,True,16.27,True
863,NQ,Thu,14:00,In-Sample,2024-08-22T18:10:00.814280,2024-08-22 14:10:00,LONG,19618.75,520.0,True,16.27,True
863,NQ,Thu,14:00,In-Sample,2024-08-22T18:10:00.884361,2024-08-22 14:10:00,LONG,19618.0,70.0,True,16.27,True
863,NQ,Thu,14:00,In-Sample,2024-08-22T18:10:00.884361,2024-08-22 14:10:00,LONG,19618.0,340.0,True,16.27,True
863,NQ,Thu,14:00,In-Sample,2024-08-22T18:10:00.884361,2024-08-22 14:10:00,LONG,19618.0,325.0,True,16.27,True
863,NQ,Thu,14:00,In-Sample,2024-08-22T18:15:29.635643,2024-08-22 14:15:29,LONG,19641.5,-390.0,True,16.27,True
863,NQ,Thu,14:00,In-Sample,2024-08-22T18:20:09.334270,2024-08-22 14:20:09,LONG,19654.25,65.0,True,16.27,True
863,NQ,Thu,14:00,In-Sample,2024-08-22T18:20:09.334270,2024-08-22 14:20:09,LONG,19654.25,20.0,True,16.27,True
863,NQ,Thu,14:00,In-Sample,2024-08-22T18:25:20.988448,2024-08-22 14:25:20,SHORT,19635.0,-840.0,True,16.27,True
863,NQ,Thu,14:00,In-Sample,2024-08-29T18:01:11.644524,2024-08-29 14:01:11,SHORT,19592.5,265.0,True,17.11,True
863,NQ,Thu,14:00,In-Sample,2024-08-29T18:01:11.644524,2024-08-29 14:01:11,SHORT,19592.5,535.0,True,17.11,True
863,NQ,Thu,14:00,In-Sample,2024-08-29T18:01:11.644524,2024-08-29 14:01:11,SHORT,19592.5,345.0,True,17.11,True
863,NQ,Thu,14:00,In-Sample,2024-08-29T18:15:34.504768,2024-08-29 14:15:34,SHORT,19564.0,260.0,True,17.11,True
863,NQ,Thu,14:00,In-Sample,2024-08-29T18:15:34.504768,2024-08-29 14:15:34,SHORT,19564.0,520.0,True,17.11,True
863,NQ,Thu,14:00,In-Sample,2024-08-29T18:15:34.504768,2024-08-29 14:15:34,SHORT,19564.0,1440.0,True,17.11,True
863,NQ,Thu,14:00,In-Sample,2024-08-29T18:15:53.773022,2024-08-29 14:15:53,SHORT,19560.0,215.0,True,17.11,True
863,NQ,Thu,14:00,In-Sample,2024-08-29T18:15:53.773022,2024-08-29 14:15:53,SHORT,19560.0,10.0,True,17.11,True
863,NQ,Thu,14:00,In-Sample,2024-08-29T18:15:53.960093,2024-08-29 14:15:53,SHORT,19559.5,55.0,True,17.11,True
863,NQ,Thu,14:00,In-Sample,2024-08-29T18:15:53.960093,2024-08-29 14:15:53,SHORT,19559.5,10.0,True,17.11,True
863,NQ,Thu,14:00,In-Sample,2024-09-05T18:00:58.524340,2024-09-05 14:00:58,SHORT,19015.75,115.0,True,21.32,False
863,NQ,Thu,14:00,In-Sample,2024-09-05T18:00:59.400071,2024-09-05 14:00:59,SHORT,19012.25,45.0,True,21.32,False
863,NQ,Thu,14:00,In-Sample,2024-09-05T18:02:48.768112,2024-09-05 14:02:48,SHORT,18992.75,-1305.0,True,21.32,False
863,NQ,Thu,14:00,In-Sample,2024-09-05T18:10:06.980002,2024-09-05 14:10:06,LONG,19010.0,60.0,True,21.32,False
863,NQ,Thu,14:00,In-Sample,2024-09-05T18:10:06.980002,2024-09-05 14:10:06,LONG,19010.0,0.0,True,21.32,False
863,NQ,Thu,14:00,In-Sample,2024-09-05T18:10:07.049444,2024-09-05 14:10:07,LONG,19010.0,-550.0,True,21.32,False
863,NQ,Thu,14:00,In-Sample,2024-09-05T18:13:27.239833,2024-09-05 14:13:27,SHORT,19010.0,-120.0,True,21.32,False
863,NQ,Thu,14:00,In-Sample,2024-09-05T18:14:21.011065,2024-09-05 14:14:21,SHORT,18996.25,-405.0,True,21.32,False
863,NQ,Thu,14:00,In-Sample,2024-09-05T18:21:42.758519,2024-09-05 14:21:42,SHORT,19001.5,295.0,True,21.32,False
863,NQ,Thu,14:00,In-Sample,2024-09-05T18:21:42.758519,2024-09-05 14:21:42,SHORT,19001.5,380.0,True,21.32,False
863,NQ,Thu,14:00,In-Sample,2024-09-26T18:11:52.735764,2024-09-26 14:11:52,LONG,20302.25,215.0,True,15.41,True
863,NQ,Thu,14:00,In-Sample,2024-09-26T18:11:52.735764,2024-09-26 14:11:52,LONG,20302.25,435.0,True,15.41,True
863,NQ,Thu,14:00,In-Sample,2024-09-26T18:11:52.735764,2024-09-26 14:11:52,LONG,20302.25,635.0,True,15.41,True
863,NQ,Thu,14:00,In-Sample,2024-09-26T18:11:53.711298,2024-09-26 14:11:53,LONG,20302.75,50.0,True,15.41,True
863,NQ,Thu,14:00,In-Sample,2024-09-26T18:11:53.711298,2024-09-26 14:11:53,LONG,20302.75,100.0,True,15.41,True
863,NQ,Thu,14:00,In-Sample,2024-09-26T18:11:53.711298,2024-09-26 14:11:53,LONG,20302.75,225.0,True,15.41,True
863,NQ,Thu,14:00,In-Sample,2024-09-26T18:18:20.978995,2024-09-26 14:18:20,SHORT,20327.75,210.0,True,15.41,True
863,NQ,Thu,14:00,In-Sample,2024-09-26T18:18:20.978995,2024-09-26 14:18:20,SHORT,20327.75,-540.0,True,15.41,True
863,NQ,Thu,14:00,In-Sample,2024-10-03T18:03:02.040322,2024-10-03 14:03:02,SHORT,19949.0,-1365.0,True,18.9,True
863,NQ,Thu,14:00,In-Sample,2024-10-03T18:13:26.615221,2024-10-03 14:13:26,SHORT,19955.0,305.0,True,18.9,True
863,NQ,Thu,14:00,In-Sample,2024-10-03T18:13:26.615221,2024-10-03 14:13:26,SHORT,19955.0,-130.0,True,18.9,True
863,NQ,Thu,14:00,In-Sample,2024-10-10T18:01:03.417177,2024-10-10 14:01:03,SHORT,20434.5,330.0,True,20.86,False
863,NQ,Thu,14:00,In-Sample,2024-10-10T18:01:03.417177,2024-10-10 14:01:03,SHORT,20434.5,1060.0,True,20.86,False
863,NQ,Thu,14:00,In-Sample,2024-10-10T18:16:21.280576,2024-10-10 14:16:21,SHORT,20410.75,55.0,True,20.86,False
863,NQ,Thu,14:00,In-Sample,2024-10-10T18:16:21.280576,2024-10-10 14:16:21,SHORT,20410.75,-330.0,True,20.86,False
863,NQ,Thu,14:00,In-Sample,2024-10-10T18:25:27.679399,2024-10-10 14:25:27,SHORT,20411.0,275.0,True,20.86,False
863,NQ,Thu,14:00,In-Sample,2024-10-10T18:25:27.679399,2024-10-10 14:25:27,SHORT,20411.0,550.0,True,20.86,False
863,NQ,Thu,14:00,In-Sample,2024-10-10T18:25:27.679399,2024-10-10 14:25:27,SHORT,20411.0,455.0,True,20.86,False
863,NQ,Thu,14:00,In-Sample,2024-10-17T18:03:37.101294,2024-10-17 14:03:37,SHORT,20456.75,50.0,True,19.58,True
863,NQ,Thu,14:00,In-Sample,2024-10-17T18:03:37.101294,2024-10-17 14:03:37,SHORT,20456.75,100.0,True,19.58,True
863,NQ,Thu,14:00,In-Sample,2024-10-17T18:03:37.101294,2024-10-17 14:03:37,SHORT,20456.75,225.0,True,19.58,True
863,NQ,Thu,14:00,In-Sample,2024-10-17T18:08:39.790488,2024-10-17 14:08:39,SHORT,20417.0,235.0,True,19.58,True
863,NQ,Thu,14:00,In-Sample,2024-10-17T18:08:39.790488,2024-10-17 14:08:39,SHORT,20417.0,470.0,True,19.58,True
863,NQ,Thu,14:00,In-Sample,2024-10-17T18:08:39.790488,2024-10-17 14:08:39,SHORT,20417.0,420.0,True,19.58,True
863,NQ,Thu,14:00,In-Sample,2024-10-17T18:20:21.894273,2024-10-17 14:20:21,SHORT,20389.75,50.0,True,19.58,True
863,NQ,Thu,14:00,In-Sample,2024-10-17T18:20:21.894273,2024-10-17 14:20:21,SHORT,20389.75,100.0,True,19.58,True
863,NQ,Thu,14:00,In-Sample,2024-10-17T18:20:21.894273,2024-10-17 14:20:21,SHORT,20389.75,225.0,True,19.58,True
863,NQ,Thu,14:00,In-Sample,2024-10-17T18:22:42.584073,2024-10-17 14:22:42,SHORT,20383.75,-795.0,True,19.58,True
863,NQ,Thu,14:00,In-Sample,2024-10-17T18:26:14.256464,2024-10-17 14:26:14,LONG,20397.0,-345.0,True,19.58,True
863,NQ,Thu,14:00,In-Sample,2024-10-24T18:00:15.683442,2024-10-24 14:00:15,SHORT,20331.25,50.0,True,19.24,True
863,NQ,Thu,14:00,In-Sample,2024-10-24T18:00:15.683442,2024-10-24 14:00:15,SHORT,20331.25,-270.0,True,19.24,True
863,NQ,Thu,14:00,In-Sample,2024-10-24T18:00:26.532173,2024-10-24 14:00:26,LONG,20338.0,260.0,True,19.24,True
863,NQ,Thu,14:00,In-Sample,2024-10-24T18:04:03.836953,2024-10-24 14:04:03,SHORT,20351.0,-440.0,True,19.24,True
863,NQ,Thu,14:00,In-Sample,2024-10-24T18:26:38.052523,2024-10-24 14:26:38,SHORT,20354.5,-190.0,True,19.24,True
863,NQ,Thu,14:00,In-Sample,2024-10-24T18:26:38.052523,2024-10-24 14:26:38,SHORT,20354.5,-1930.0,True,19.24,True
863,NQ,Thu,14:00,In-Sample,2024-10-24T18:26:38.669794,2024-10-24 14:26:38,SHORT,20353.5,-170.0,True,19.24,True
863,NQ,Thu,14:00,In-Sample,2024-10-24T18:26:38.669794,2024-10-24 14:26:38,SHORT,20353.5,-1510.0,True,19.24,True
863,NQ,Thu,14:00,In-Sample,2024-10-31T18:08:21.522256,2024-10-31 14:08:21,SHORT,20028.25,-915.0,True,20.35,False
863,NQ,Thu,14:00,In-Sample,2024-10-31T18:18:19.961219,2024-10-31 14:18:19,SHORT,20026.0,255.0,True,20.35,False
863,NQ,Thu,14:00,In-Sample,2024-10-31T18:18:19.961219,2024-10-31 14:18:19,SHORT,20026.0,-200.0,True,20.35,False
863,NQ,Thu,14:00,In-Sample,2024-10-31T18:18:59.535227,2024-10-31 14:18:59,SHORT,20020.0,-450.0,True,20.35,False
863,NQ,Thu,14:00,In-Sample,2024-10-31T18:24:40.042289,2024-10-31 14:24:40,LONG,20036.75,-75.0,True,20.35,False
863,NQ,Thu,14:00,In-Sample,2024-11-07T19:00:16.765537,2024-11-07 14:00:16,SHORT,21170.0,155.0,False,16.27,True
863,NQ,Thu,14:00,In-Sample,2024-11-07T19:00:16.765537,2024-11-07 14:00:16,SHORT,21170.0,-290.0,False,16.27,True
863,NQ,Thu,14:00,In-Sample,2024-11-07T19:00:16.869110,2024-11-07 14:00:16,SHORT,21170.0,35.0,False,16.27,True
863,NQ,Thu,14:00,In-Sample,2024-11-07T19:00:16.869110,2024-11-07 14:00:16,SHORT,21170.0,0.0,False,16.27,True
863,NQ,Thu,14:00,In-Sample,2024-11-07T19:17:41.841583,2024-11-07 14:17:41,LONG,21204.0,-420.0,False,16.27,True
863,NQ,Thu,14:00,In-Sample,2024-11-07T19:22:25.895903,2024-11-07 14:22:25,SHORT,21179.5,-300.0,False,16.27,True
863,NQ,Thu,14:00,In-Sample,2024-11-21T19:06:36.748088,2024-11-21 14:06:36,SHORT,20840.25,270.0,True,17.16,True
863,NQ,Thu,14:00,In-Sample,2024-11-21T19:06:36.748088,2024-11-21 14:06:36,SHORT,20840.25,545.0,True,17.16,True
863,NQ,Thu,14:00,In-Sample,2024-11-21T19:06:36.748088,2024-11-21 14:06:36,SHORT,20840.25,530.0,True,17.16,True
863,NQ,Thu,14:00,In-Sample,2024-11-21T19:07:53.300036,2024-11-21 14:07:53,SHORT,20828.5,50.0,True,17.16,True
863,NQ,Thu,14:00,In-Sample,2024-11-21T19:07:53.300036,2024-11-21 14:07:53,SHORT,20828.5,100.0,True,17.16,True
863,NQ,Thu,14:00,In-Sample,2024-11-21T19:07:53.300036,2024-11-21 14:07:53,SHORT,20828.5,225.0,True,17.16,True
863,NQ,Thu,14:00,In-Sample,2024-11-21T19:10:09.603693,2024-11-21 14:10:09,SHORT,20806.25,50.0,True,17.16,True
863,NQ,Thu,14:00,In-Sample,2024-11-21T19:10:09.603693,2024-11-21 14:10:09,SHORT,20806.25,-350.0,True,17.16,True
863,NQ,Thu,14:00,In-Sample,2024-11-21T19:17:53.145787,2024-11-21 14:17:53,SHORT,20808.25,280.0,True,17.16,True
863,NQ,Thu,14:00,In-Sample,2024-11-21T19:17:53.145787,2024-11-21 14:17:53,SHORT,20808.25,-860.0,True,17.16,True
863,NQ,Thu,14:00,In-Sample,2024-11-21T19:24:39.735246,2024-11-21 14:24:39,LONG,20840.5,50.0,True,17.16,True
863,NQ,Thu,14:00,In-Sample,2024-11-21T19:24:39.735246,2024-11-21 14:24:39,LONG,20840.5,100.0,True,17.16,True
863,NQ,Thu,14:00,In-Sample,2024-11-21T19:24:39.735246,2024-11-21 14:24:39,LONG,20840.5,-100.0,True,17.16,True
863,NQ,Thu,14:00,In-Sample,2024-11-21T19:26:35.097405,2024-11-21 14:26:35,LONG,20842.0,225.0,True,17.16,True
863,NQ,Thu,14:00,In-Sample,2024-11-21T19:26:35.097405,2024-11-21 14:26:35,LONG,20842.0,20.0,True,17.16,True
863,NQ,Thu,14:00,In-Sample,2024-11-21T19:26:35.332902,2024-11-21 14:26:35,LONG,20842.0,55.0,True,17.16,True
863,NQ,Thu,14:00,In-Sample,2024-11-21T19:26:35.332902,2024-11-21 14:26:35,LONG,20842.0,10.0,True,17.16,True
863,NQ,Thu,14:00,In-Sample,2024-12-05T19:00:33.565954,2024-12-05 14:00:33,SHORT,21491.5,185.0,True,13.45,True
863,NQ,Thu,14:00,In-Sample,2024-12-05T19:00:33.565954,2024-12-05 14:00:33,SHORT,21491.5,-470.0,True,13.45,True
863,NQ,Thu,14:00,In-Sample,2024-12-05T19:06:41.221636,2024-12-05 14:06:41,SHORT,21474.25,-1440.0,True,13.45,True
863,NQ,Thu,14:00,In-Sample,2024-12-05T19:06:41.330371,2024-12-05 14:06:41,SHORT,21474.25,-1440.0,True,13.45,True
863,NQ,Thu,14:00,In-Sample,2024-12-05T19:07:34.340058,2024-12-05 14:07:34,LONG,21484.25,185.0,True,13.45,True
863,NQ,Thu,14:00,In-Sample,2024-12-05T19:07:34.340058,2024-12-05 14:07:34,LONG,21484.25,375.0,True,13.45,True
863,NQ,Thu,14:00,In-Sample,2024-12-05T19:07:34.340058,2024-12-05 14:07:34,LONG,21484.25,465.0,True,13.45,True
863,NQ,Thu,14:00,In-Sample,2024-12-05T19:07:34.780533,2024-12-05 14:07:34,LONG,21484.25,185.0,True,13.45,True
863,NQ,Thu,14:00,In-Sample,2024-12-05T19:07:34.780533,2024-12-05 14:07:34,LONG,21484.25,375.0,True,13.45,True
863,NQ,Thu,14:00,In-Sample,2024-12-05T19:07:34.780533,2024-12-05 14:07:34,LONG,21484.25,475.0,True,13.45,True
863,NQ,Thu,14:00,In-Sample,2024-12-05T19:22:16.140900,2024-12-05 14:22:16,LONG,21516.25,-615.0,True,13.45,True
863,NQ,Thu,14:00,In-Sample,2024-12-05T19:28:28.283272,2024-12-05 14:28:28,SHORT,21503.5,60.0,True,13.45,True
863,NQ,Thu,14:00,In-Sample,2024-12-05T19:29:59.802654,2024-12-05 14:29:59,SHORT,21494.0,130.0,True,13.45,True
863,NQ,Thu,14:00,In-Sample,2024-12-05T19:29:59.802654,2024-12-05 14:29:59,SHORT,21494.0,20.0,True,13.45,True
863,NQ,Thu,14:00,In-Sample,2024-12-05T19:29:59.915881,2024-12-05 14:29:59,SHORT,21494.0,30.0,True,13.45,True
863,NQ,Thu,14:00,In-Sample,2024-12-05T19:29:59.915881,2024-12-05 14:29:59,SHORT,21494.0,30.0,True,13.45,True
863,NQ,Thu,14:00,In-Sample,2024-12-12T19:00:13.956652,2024-12-12 14:00:13,LONG,21692.75,-540.0,True,13.58,True
863,NQ,Thu,14:00,In-Sample,2024-12-12T19:02:14.412138,2024-12-12 14:02:14,LONG,21699.25,-1340.0,True,13.58,True
863,NQ,Thu,14:00,In-Sample,2024-12-12T19:02:14.478988,2024-12-12 14:02:14,LONG,21699.25,0.0,True,13.58,True
863,NQ,Thu,14:00,In-Sample,2024-12-12T19:02:14.479126,2024-12-12 14:02:14,LONG,21699.25,0.0,True,13.58,True
863,NQ,Thu,14:00,In-Sample,2024-12-12T19:15:42.887898,2024-12-12 14:15:42,SHORT,21692.75,170.0,True,13.58,True
863,NQ,Thu,14:00,In-Sample,2024-12-12T19:15:42.887898,2024-12-12 14:15:42,SHORT,21692.75,340.0,True,13.58,True
863,NQ,Thu,14:00,In-Sample,2024-12-12T19:15:42.887898,2024-12-12 14:15:42,SHORT,21692.75,340.0,True,13.58,True
863,NQ,Thu,14:00,In-Sample,2024-12-19T19:01:44.458075,2024-12-19 14:01:44,SHORT,21568.25,65.0,True,27.62,False
863,NQ,Thu,14:00,In-Sample,2024-12-19T19:01:44.458075,2024-12-19 14:01:44,SHORT,21568.25,100.0,True,27.62,False
863,NQ,Thu,14:00,In-Sample,2024-12-19T19:01:44.458075,2024-12-19 14:01:44,SHORT,21568.25,225.0,True,27.62,False
863,NQ,Thu,14:00,In-Sample,2024-12-19T19:01:45.494855,2024-12-19 14:01:45,SHORT,21563.75,305.0,True,27.62,False
863,NQ,Thu,14:00,In-Sample,2024-12-19T19:01:45.494855,2024-12-19 14:01:45,SHORT,21563.75,610.0,True,27.62,False
863,NQ,Thu,14:00,In-Sample,2024-12-19T19:01:45.494855,2024-12-19 14:01:45,SHORT,21563.75,420.0,True,27.62,False
863,NQ,Thu,14:00,In-Sample,2024-12-19T19:05:24.846550,2024-12-19 14:05:24,SHORT,21547.25,305.0,True,27.62,False
863,NQ,Thu,14:00,In-Sample,2024-12-19T19:05:24.846550,2024-12-19 14:05:24,SHORT,21547.25,690.0,True,27.62,False
863,NQ,Thu,14:00,In-Sample,2024-12-19T19:05:24.846550,2024-12-19 14:05:24,SHORT,21547.25,585.0,True,27.62,False
863,NQ,Thu,14:00,In-Sample,2024-12-19T19:05:25.096473,2024-12-19 14:05:25,SHORT,21548.75,75.0,True,27.62,False
863,NQ,Thu,14:00,In-Sample,2024-12-19T19:05:25.096473,2024-12-19 14:05:25,SHORT,21548.75,20.0,True,27.62,False
863,NQ,Thu,14:00,In-Sample,2024-12-19T19:09:31.662602,2024-12-19 14:09:31,SHORT,21530.25,295.0,True,27.62,False
863,NQ,Thu,14:00,In-Sample,2024-12-19T19:09:31.662602,2024-12-19 14:09:31,SHORT,21530.25,595.0,True,27.62,False
863,NQ,Thu,14:00,In-Sample,2024-12-19T19:09:31.662602,2024-12-19 14:09:31,SHORT,21530.25,620.0,True,27.62,False
863,NQ,Thu,14:00,In-Sample,2024-12-19T19:10:04.657798,2024-12-19 14:10:04,SHORT,21526.0,75.0,True,27.62,False
863,NQ,Thu,14:00,In-Sample,2024-12-19T19:10:04.657798,2024-12-19 14:10:04,SHORT,21526.0,10.0,True,27.62,False
863,NQ,Thu,14:00,In-Sample,2024-12-19T19:10:15.186766,2024-12-19 14:10:15,SHORT,21518.25,50.0,True,27.62,False
863,NQ,Thu,14:00,In-Sample,2024-12-19T19:10:15.186766,2024-12-19 14:10:15,SHORT,21518.25,100.0,True,27.62,False
863,NQ,Thu,14:00,In-Sample,2024-12-19T19:10:15.186766,2024-12-19 14:10:15,SHORT,21518.25,-20.0,True,27.62,False
863,NQ,Thu,14:00,In-Sample,2024-12-19T19:24:13.206955,2024-12-19 14:24:13,LONG,21522.5,-480.0,True,27.62,False
863,NQ,Thu,14:00,In-Sample,2024-12-19T19:28:34.343906,2024-12-19 14:28:34,SHORT,21496.25,75.0,True,27.62,False
863,NQ,Thu,14:00,In-Sample,2024-12-26T19:00:04.009235,2024-12-26 14:00:04,SHORT,22005.25,-870.0,True,14.27,True
863,NQ,Thu,14:00,In-Sample,2024-12-26T19:00:04.360856,2024-12-26 14:00:04,SHORT,22005.5,-855.0,True,14.27,True
863,NQ,Thu,14:00,In-Sample,2024-12-26T19:00:04.853948,2024-12-26 14:00:04,SHORT,22006.5,-195.0,True,14.27,True
863,NQ,Thu,14:00,In-Sample,2024-12-26T19:00:05.137361,2024-12-26 14:00:05,SHORT,22007.25,-150.0,True,14.27,True
863,NQ,Thu,14:00,In-Sample,2024-12-26T19:00:07.848191,2024-12-26 14:00:07,LONG,22010.5,-330.0,True,14.27,True
863,NQ,Thu,14:00,In-Sample,2024-12-26T19:01:06.832339,2024-12-26 14:01:06,LONG,22008.75,-225.0,True,14.27,True
863,NQ,Thu,14:00,In-Sample,2024-12-26T19:03:32.901040,2024-12-26 14:03:32,SHORT,22005.5,100.0,True,14.27,True
863,NQ,Thu,14:00,In-Sample,2024-12-26T19:03:32.901040,2024-12-26 14:03:32,SHORT,22005.5,130.0,True,14.27,True
863,NQ,Thu,14:00,In-Sample,2024-12-26T19:03:34.392543,2024-12-26 14:03:34,SHORT,22004.25,205.0,True,14.27,True
863,NQ,Thu,14:00,In-Sample,2024-12-26T19:03:34.392543,2024-12-26 14:03:34,SHORT,22004.25,-10.0,True,14.27,True
863,NQ,Thu,14:00,In-Sample,2024-12-26T19:03:34.490163,2024-12-26 14:03:34,SHORT,22004.75,-675.0,True,14.27,True
863,NQ,Thu,14:00,In-Sample,2024-12-26T19:06:36.931773,2024-12-26 14:06:36,SHORT,22000.5,50.0,True,14.27,True
863,NQ,Thu,14:00,In-Sample,2024-12-26T19:06:36.931773,2024-12-26 14:06:36,SHORT,22000.5,20.0,True,14.27,True
863,NQ,Thu,14:00,In-Sample,2024-12-26T19:06:36.931960,2024-12-26 14:06:36,SHORT,22000.5,-930.0,True,14.27,True
863,NQ,Thu,14:00,In-Sample,2024-12-26T19:06:37.057598,2024-12-26 14:06:37,SHORT,21999.25,-960.0,True,14.27,True
863,NQ,Thu,14:00,In-Sample,2024-12-26T19:07:38.466527,2024-12-26 14:07:38,LONG,21997.25,100.0,True,14.27,True
863,NQ,Thu,14:00,In-Sample,2024-12-26T19:07:38.466527,2024-12-26 14:07:38,LONG,21997.25,190.0,True,14.27,True
863,NQ,Thu,14:00,In-Sample,2024-12-26T19:07:38.473684,2024-12-26 14:07:38,LONG,21997.5,100.0,True,14.27,True
863,NQ,Thu,14:00,In-Sample,2024-12-26T19:07:38.473684,2024-12-26 14:07:38,LONG,21997.5,200.0,True,14.27,True
863,NQ,Thu,14:00,In-Sample,2024-12-26T19:07:38.473684,2024-12-26 14:07:38,LONG,21997.5,0.0,True,14.27,True
863,NQ,Thu,14:00,In-Sample,2024-12-26T19:07:57.854982,2024-12-26 14:07:57,LONG,22003.75,-250.0,True,14.27,True
863,NQ,Thu,14:00,In-Sample,2024-12-26T19:08:24.836265,2024-12-26 14:08:24,SHORT,22001.25,100.0,True,14.27,True
863,NQ,Thu,14:00,In-Sample,2024-12-26T19:08:24.836265,2024-12-26 14:08:24,SHORT,22001.25,50.0,True,14.27,True
863,NQ,Thu,14:00,In-Sample,2024-12-26T19:09:46.366309,2024-12-26 14:09:46,LONG,22006.5,-300.0,True,14.27,True
863,NQ,Thu,14:00,In-Sample,2024-12-26T19:10:14.973140,2024-12-26 14:10:14,LONG,22008.25,275.0,True,14.27,True
863,NQ,Thu,14:00,In-Sample,2024-12-26T19:10:14.973140,2024-12-26 14:10:14,LONG,22008.25,-130.0,True,14.27,True
863,NQ,Thu,14:00,In-Sample,2024-12-26T19:10:15.170911,2024-12-26 14:10:15,LONG,22008.25,275.0,True,14.27,True
863,NQ,Thu,14:00,In-Sample,2024-12-26T19:10:15.170911,2024-12-26 14:10:15,LONG,22008.25,-130.0,True,14.27,True
863,NQ,Thu,14:00,In-Sample,2024-12-26T19:10:43.333646,2024-12-26 14:10:43,LONG,22008.75,100.0,True,14.27,True
863,NQ,Thu,14:00,In-Sample,2024-12-26T19:10:43.333646,2024-12-26 14:10:43,LONG,22008.75,370.0,True,14.27,True
863,NQ,Thu,14:00,In-Sample,2024-12-26T19:11:04.424279,2024-12-26 14:11:04,LONG,22013.75,195.0,True,14.27,True
863,NQ,Thu,14:00,In-Sample,2024-12-26T19:11:04.424279,2024-12-26 14:11:04,LONG,22013.75,410.0,True,14.27,True
863,NQ,Thu,14:00,In-Sample,2024-12-26T19:11:04.549711,2024-12-26 14:11:04,LONG,22013.75,195.0,True,14.27,True
863,NQ,Thu,14:00,In-Sample,2024-12-26T19:11:04.549711,2024-12-26 14:11:04,LONG,22013.75,410.0,True,14.27,True
863,NQ,Thu,14:00,In-Sample,2024-12-26T19:11:04.549864,2024-12-26 14:11:04,LONG,22013.75,195.0,True,14.27,True
863,NQ,Thu,14:00,In-Sample,2024-12-26T19:11:04.549864,2024-12-26 14:11:04,LONG,22013.75,410.0,True,14.27,True
863,NQ,Thu,14:00,In-Sample,2024-12-26T19:11:04.549942,2024-12-26 14:11:04,LONG,22013.75,195.0,True,14.27,True
863,NQ,Thu,14:00,In-Sample,2024-12-26T19:11:04.549942,2024-12-26 14:11:04,LONG,22013.75,390.0,True,14.27,True
863,NQ,Thu,14:00,In-Sample,2024-12-26T19:11:04.549942,2024-12-26 14:11:04,LONG,22013.75,405.0,True,14.27,True
863,NQ,Thu,14:00,In-Sample,2024-12-26T19:11:04.550018,2024-12-26 14:11:04,LONG,22013.75,195.0,True,14.27,True
863,NQ,Thu,14:00,In-Sample,2024-12-26T19:11:04.550018,2024-12-26 14:11:04,LONG,22013.75,390.0,True,14.27,True
863,NQ,Thu,14:00,In-Sample,2024-12-26T19:11:04.550018,2024-12-26 14:11:04,LONG,22013.75,405.0,True,14.27,True
863,NQ,Thu,14:00,In-Sample,2024-12-26T19:11:14.012519,2024-12-26 14:11:14,SHORT,22018.0,100.0,True,14.27,True
863,NQ,Thu,14:00,In-Sample,2024-12-26T19:11:14.012519,2024-12-26 14:11:14,SHORT,22018.0,330.0,True,14.27,True
863,NQ,Thu,14:00,In-Sample,2024-12-26T19:12:08.346564,2024-12-26 14:12:08,LONG,22015.25,-465.0,True,14.27,True
863,NQ,Thu,14:00,In-Sample,2024-12-26T19:13:27.364011,2024-12-26 14:13:27,SHORT,22004.25,-1065.0,True,14.27,True
863,NQ,Thu,14:00,In-Sample,2024-12-26T19:14:39.306128,2024-12-26 14:14:39,SHORT,22004.5,-105.0,True,14.27,True
863,NQ,Thu,14:00,In-Sample,2024-12-26T19:14:39.503844,2024-12-26 14:14:39,SHORT,22004.5,-960.0,True,14.27,True
863,NQ,Thu,14:00,In-Sample,2024-12-26T19:16:01.835782,2024-12-26 14:16:01,LONG,22000.75,100.0,True,14.27,True
863,NQ,Thu,14:00,In-Sample,2024-12-26T19:16:01.835782,2024-12-26 14:16:01,LONG,22000.75,260.0,True,14.27,True
863,NQ,Thu,14:00,In-Sample,2024-12-26T19:18:03.862932,2024-12-26 14:18:03,SHORT,22001.75,-435.0,True,14.27,True
863,NQ,Thu,14:00,In-Sample,2024-12-26T19:24:20.154443,2024-12-26 14:24:20,LONG,22007.5,75.0,True,14.27,True
863,NQ,Thu,14:00,In-Sample,2024-12-26T19:24:20.154443,2024-12-26 14:24:20,LONG,22007.5,20.0,True,14.27,True
863,NQ,Thu,14:00,In-Sample,2024-12-26T19:24:20.554147,2024-12-26 14:24:20,LONG,22008.0,75.0,True,14.27,True
863,NQ,Thu,14:00,In-Sample,2024-12-26T19:24:20.554147,2024-12-26 14:24:20,LONG,22008.0,10.0,True,14.27,True
863,NQ,Thu,14:00,In-Sample,2024-12-26T19:26:24.745225,2024-12-26 14:26:24,SHORT,22010.0,-255.0,True,14.27,True
863,NQ,Thu,14:00,In-Sample,2024-12-26T19:29:10.247483,2024-12-26 14:29:10,LONG,22013.5,-270.0,True,14.27,True
863,NQ,Thu,14:00,In-Sample,2024-12-26T19:29:34.756481,2024-12-26 14:29:34,SHORT,22005.75,-465.0,True,14.27,True
863,NQ,Thu,14:00,In-Sample,2024-12-26T19:29:54.521351,2024-12-26 14:29:54,LONG,22007.5,100.0,True,14.27,True
863,NQ,Thu,14:00,In-Sample,2024-12-26T19:29:54.521351,2024-12-26 14:29:54,LONG,22007.5,360.0,True,14.27,True
863,NQ,Thu,14:00,In-Sample,2025-01-02T19:00:04.476047,2025-01-02 14:00:04,LONG,21053.75,110.0,True,17.35,True
863,NQ,Thu,14:00,In-Sample,2025-01-02T19:00:04.476047,2025-01-02 14:00:04,LONG,21053.75,10.0,True,17.35,True
863,NQ,Thu,14:00,In-Sample,2025-01-02T19:03:06.014065,2025-01-02 14:03:06,LONG,21058.25,50.0,True,17.35,True
863,NQ,Thu,14:00,In-Sample,2025-01-02T19:03:06.014065,2025-01-02 14:03:06,LONG,21058.25,100.0,True,17.35,True
863,NQ,Thu,14:00,In-Sample,2025-01-02T19:03:06.014065,2025-01-02 14:03:06,LONG,21058.25,-65.0,True,17.35,True
863,NQ,Thu,14:00,In-Sample,2025-01-02T19:07:20.135335,2025-01-02 14:07:20,SHORT,21082.5,50.0,True,17.35,True
863,NQ,Thu,14:00,In-Sample,2025-01-02T19:07:20.135335,2025-01-02 14:07:20,SHORT,21082.5,100.0,True,17.35,True
863,NQ,Thu,14:00,In-Sample,2025-01-02T19:07:20.135335,2025-01-02 14:07:20,SHORT,21082.5,225.0,True,17.35,True
863,NQ,Thu,14:00,In-Sample,2025-01-02T19:17:38.237212,2025-01-02 14:17:38,LONG,21080.5,-540.0,True,17.35,True
863,NQ,Thu,14:00,In-Sample,2025-01-02T19:23:25.353173,2025-01-02 14:23:25,LONG,21106.75,420.0,True,17.35,True
863,NQ,Thu,14:00,In-Sample,2025-01-02T19:25:17.561486,2025-01-02 14:25:17,LONG,21117.0,110.0,True,17.35,True
863,NQ,Thu,14:00,In-Sample,2025-01-02T19:25:17.561486,2025-01-02 14:25:17,LONG,21117.0,0.0,True,17.35,True
863,NQ,Thu,14:00,In-Sample,2025-01-02T19:25:17.959909,2025-01-02 14:25:17,LONG,21117.5,-2820.0,True,17.35,True
863,NQ,Thu,14:00,In-Sample,2025-01-02T19:26:26.769101,2025-01-02 14:26:26,SHORT,21096.5,-435.0,True,17.35,True
863,NQ,Thu,14:00,In-Sample,2025-01-02T19:27:15.736222,2025-01-02 14:27:15,LONG,21118.5,50.0,True,17.35,True
863,NQ,Thu,14:00,In-Sample,2025-01-02T19:27:15.736222,2025-01-02 14:27:15,LONG,21118.5,100.0,True,17.35,True
863,NQ,Thu,14:00,In-Sample,2025-01-02T19:27:15.736222,2025-01-02 14:27:15,LONG,21118.5,-100.0,True,17.35,True
863,NQ,Thu,14:00,In-Sample,2025-01-16T19:17:11.425465,2025-01-16 14:17:11,LONG,21346.75,-1275.0,True,16.12,True
863,NQ,Thu,14:00,In-Sample,2025-01-23T19:05:04.661981,2025-01-23 14:05:04,SHORT,21945.0,30.0,True,15.1,True
863,NQ,Thu,14:00,In-Sample,2025-01-23T19:05:04.661981,2025-01-23 14:05:04,SHORT,21945.0,10.0,True,15.1,True
863,NQ,Thu,14:00,In-Sample,2025-01-23T19:05:04.731236,2025-01-23 14:05:04,SHORT,21945.0,125.0,True,15.1,True
863,NQ,Thu,14:00,In-Sample,2025-01-23T19:05:04.731236,2025-01-23 14:05:04,SHORT,21945.0,290.0,True,15.1,True
863,NQ,Thu,14:00,In-Sample,2025-01-23T19:05:04.731236,2025-01-23 14:05:04,SHORT,21945.0,245.0,True,15.1,True
863,NQ,Thu,14:00,In-Sample,2025-01-23T19:06:02.571513,2025-01-23 14:06:02,SHORT,21937.75,50.0,True,15.1,True
863,NQ,Thu,14:00,In-Sample,2025-01-23T19:06:02.571513,2025-01-23 14:06:02,SHORT,21937.75,100.0,True,15.1,True
863,NQ,Thu,14:00,In-Sample,2025-01-23T19:06:02.571513,2025-01-23 14:06:02,SHORT,21937.75,225.0,True,15.1,True
863,NQ,Thu,14:00,In-Sample,2025-01-23T19:10:37.878124,2025-01-23 14:10:37,SHORT,21933.25,30.0,True,15.1,True
863,NQ,Thu,14:00,In-Sample,2025-01-23T19:10:37.878124,2025-01-23 14:10:37,SHORT,21933.25,20.0,True,15.1,True
863,NQ,Thu,14:00,In-Sample,2025-01-23T19:17:02.201613,2025-01-23 14:17:02,SHORT,21924.25,-750.0,True,15.1,True
863,NQ,Thu,14:00,In-Sample,2025-01-30T19:10:02.412312,2025-01-30 14:10:02,LONG,21608.0,210.0,True,16.56,True
863,NQ,Thu,14:00,In-Sample,2025-01-30T19:10:02.412312,2025-01-30 14:10:02,LONG,21608.0,0.0,True,16.56,True
863,NQ,Thu,14:00,In-Sample,2025-01-30T19:27:01.379762,2025-01-30 14:27:01,SHORT,21605.5,-1020.0,True,16.56,True
863,NQ,Thu,14:00,In-Sample,2025-02-06T19:10:09.321563,2025-02-06 14:10:09,LONG,21827.25,-580.0,True,15.77,True
863,NQ,Thu,14:00,In-Sample,2025-02-06T19:10:19.432399,2025-02-06 14:10:19,SHORT,21829.0,245.0,True,15.77,True
863,NQ,Thu,14:00,In-Sample,2025-02-06T19:10:22.112005,2025-02-06 14:10:22,SHORT,21827.75,380.0,True,15.77,True
863,NQ,Thu,14:00,In-Sample,2025-02-06T19:15:29.861304,2025-02-06 14:15:29,SHORT,21818.5,645.0,True,15.77,True
863,NQ,Thu,14:00,In-Sample,2025-02-06T19:15:29.861304,2025-02-06 14:15:29,SHORT,21818.5,785.0,True,15.77,True
863,NQ,Thu,14:00,In-Sample,2025-02-06T19:15:29.861304,2025-02-06 14:15:29,SHORT,21818.5,1310.0,True,15.77,True
863,NQ,Thu,14:00,In-Sample,2025-02-06T19:25:20.709157,2025-02-06 14:25:20,SHORT,21812.75,625.0,True,15.77,True
863,NQ,Thu,14:00,In-Sample,2025-02-06T19:27:24.932694,2025-02-06 14:27:24,SHORT,21796.75,50.0,True,15.77,True
863,NQ,Thu,14:00,In-Sample,2025-02-06T19:27:24.932694,2025-02-06 14:27:24,SHORT,21796.75,100.0,True,15.77,True
863,NQ,Thu,14:00,In-Sample,2025-02-06T19:27:24.932694,2025-02-06 14:27:24,SHORT,21796.75,-50.0,True,15.77,True
863,NQ,Thu,14:00,In-Sample,2025-02-13T19:00:00.740655,2025-02-13 14:00:00,LONG,21992.75,55.0,True,15.89,True
863,NQ,Thu,14:00,In-Sample,2025-02-13T19:00:00.740655,2025-02-13 14:00:00,LONG,21992.75,30.0,True,15.89,True
863,NQ,Thu,14:00,In-Sample,2025-02-13T19:00:01.102936,2025-02-13 14:00:01,LONG,21992.0,220.0,True,15.89,True
863,NQ,Thu,14:00,In-Sample,2025-02-13T19:00:01.102936,2025-02-13 14:00:01,LONG,21992.0,495.0,True,15.89,True
863,NQ,Thu,14:00,In-Sample,2025-02-13T19:00:01.102936,2025-02-13 14:00:01,LONG,21992.0,630.0,True,15.89,True
863,NQ,Thu,14:00,In-Sample,2025-02-13T19:06:30.387881,2025-02-13 14:06:30,LONG,22016.25,55.0,True,15.89,True
863,NQ,Thu,14:00,In-Sample,2025-02-13T19:06:30.387881,2025-02-13 14:06:30,LONG,22016.25,10.0,True,15.89,True
863,NQ,Thu,14:00,In-Sample,2025-02-13T19:11:33.426916,2025-02-13 14:11:33,SHORT,22015.75,-960.0,True,15.89,True
863,NQ,Thu,14:00,In-Sample,2025-02-13T19:19:44.750249,2025-02-13 14:19:44,SHORT,22019.75,-570.0,True,15.89,True
863,NQ,Thu,14:00,In-Sample,2025-02-20T19:01:39.875475,2025-02-20 14:01:39,LONG,22079.0,85.0,True,15.27,True
863,NQ,Thu,14:00,In-Sample,2025-02-20T19:01:39.875475,2025-02-20 14:01:39,LONG,22079.0,0.0,True,15.27,True
863,NQ,Thu,14:00,In-Sample,2025-02-20T19:01:39.875622,2025-02-20 14:01:39,LONG,22079.0,175.0,True,15.27,True
863,NQ,Thu,14:00,In-Sample,2025-02-20T19:01:39.875622,2025-02-20 14:01:39,LONG,22079.0,400.0,True,15.27,True
863,NQ,Thu,14:00,In-Sample,2025-02-20T19:01:39.875622,2025-02-20 14:01:39,LONG,22079.0,285.0,True,15.27,True
863,NQ,Thu,14:00,In-Sample,2025-02-20T19:19:59.647610,2025-02-20 14:19:59,LONG,22104.75,170.0,True,15.27,True
863,NQ,Thu,14:00,In-Sample,2025-02-20T19:19:59.647610,2025-02-20 14:19:59,LONG,22104.75,10.0,True,15.27,True
863,NQ,Thu,14:00,In-Sample,2025-02-20T19:19:59.705915,2025-02-20 14:19:59,LONG,22104.75,40.0,True,15.27,True
863,NQ,Thu,14:00,In-Sample,2025-02-20T19:19:59.705915,2025-02-20 14:19:59,LONG,22104.75,10.0,True,15.27,True
863,NQ,Thu,14:00,In-Sample,2025-02-27T19:06:25.415106,2025-02-27 14:06:25,SHORT,21025.0,310.0,True,19.1,True
863,NQ,Thu,14:00,In-Sample,2025-02-27T19:06:25.415106,2025-02-27 14:06:25,SHORT,21025.0,625.0,True,19.1,True
863,NQ,Thu,14:00,In-Sample,2025-02-27T19:06:25.415106,2025-02-27 14:06:25,SHORT,21025.0,785.0,True,19.1,True
863,NQ,Thu,14:00,In-Sample,2025-02-27T19:11:05.023817,2025-02-27 14:11:05,SHORT,21012.0,75.0,True,19.1,True
863,NQ,Thu,14:00,In-Sample,2025-02-27T19:11:05.023817,2025-02-27 14:11:05,SHORT,21012.0,370.0,True,19.1,True
863,NQ,Thu,14:00,In-Sample,2025-02-27T19:11:05.023817,2025-02-27 14:11:05,SHORT,21012.0,725.0,True,19.1,True
863,NQ,Thu,14:00,In-Sample,2025-02-27T19:11:05.023973,2025-02-27 14:11:05,SHORT,21012.0,1915.0,True,19.1,True
863,NQ,Thu,14:00,In-Sample,2025-02-27T19:11:05.023973,2025-02-27 14:11:05,SHORT,21012.0,2290.0,True,19.1,True
863,NQ,Thu,14:00,In-Sample,2025-02-27T19:11:05.023973,2025-02-27 14:11:05,SHORT,21012.0,2570.0,True,19.1,True
863,NQ,Thu,14:00,In-Sample,2025-02-27T19:15:59.901800,2025-02-27 14:15:59,SHORT,20975.75,305.0,True,19.1,True
863,NQ,Thu,14:00,In-Sample,2025-02-27T19:15:59.901800,2025-02-27 14:15:59,SHORT,20975.75,605.0,True,19.1,True
863,NQ,Thu,14:00,In-Sample,2025-02-27T19:15:59.901800,2025-02-27 14:15:59,SHORT,20975.75,650.0,True,19.1,True
863,NQ,Thu,14:00,In-Sample,2025-02-27T19:18:18.300118,2025-02-27 14:18:18,LONG,20977.25,50.0,True,19.1,True
863,NQ,Thu,14:00,In-Sample,2025-02-27T19:18:18.300118,2025-02-27 14:18:18,LONG,20977.25,100.0,True,19.1,True
863,NQ,Thu,14:00,In-Sample,2025-02-27T19:18:18.300118,2025-02-27 14:18:18,LONG,20977.25,-90.0,True,19.1,True
863,NQ,Thu,14:00,In-Sample,2025-02-27T19:24:04.900480,2025-02-27 14:24:04,SHORT,20945.0,50.0,True,19.1,True
863,NQ,Thu,14:00,In-Sample,2025-02-27T19:24:04.900480,2025-02-27 14:24:04,SHORT,20945.0,100.0,True,19.1,True
863,NQ,Thu,14:00,In-Sample,2025-02-27T19:24:04.900480,2025-02-27 14:24:04,SHORT,20945.0,225.0,True,19.1,True
863,NQ,Thu,14:00,In-Sample,2025-02-27T19:24:26.155101,2025-02-27 14:24:26,SHORT,20934.25,-510.0,True,19.1,True
863,NQ,Thu,14:00,In-Sample,2025-02-27T19:25:28.972195,2025-02-27 14:25:28,SHORT,20931.25,75.0,True,19.1,True
863,NQ,Thu,14:00,In-Sample,2025-02-27T19:25:28.972195,2025-02-27 14:25:28,SHORT,20931.25,10.0,True,19.1,True
863,NQ,Thu,14:00,In-Sample,2025-02-27T19:25:28.972481,2025-02-27 14:25:28,SHORT,20931.25,6195.0,True,19.1,True
863,NQ,Thu,14:00,In-Sample,2025-02-27T19:25:28.972481,2025-02-27 14:25:28,SHORT,20931.25,6655.0,True,19.1,True
863,NQ,Thu,14:00,In-Sample,2025-02-27T19:25:28.972481,2025-02-27 14:25:28,SHORT,20931.25,6455.0,True,19.1,True
863,NQ,Thu,14:00,In-Sample,2025-02-27T19:26:52.159379,2025-02-27 14:26:52,SHORT,20925.25,310.0,True,19.1,True
863,NQ,Thu,14:00,In-Sample,2025-02-27T19:26:52.159379,2025-02-27 14:26:52,SHORT,20925.25,590.0,True,19.1,True
863,NQ,Thu,14:00,In-Sample,2025-02-27T19:27:11.791872,2025-02-27 14:27:11,SHORT,20917.75,50.0,True,19.1,True
863,NQ,Thu,14:00,In-Sample,2025-02-27T19:27:11.791872,2025-02-27 14:27:11,SHORT,20917.75,100.0,True,19.1,True
863,NQ,Thu,14:00,In-Sample,2025-02-27T19:27:11.791872,2025-02-27 14:27:11,SHORT,20917.75,-80.0,True,19.1,True
863,NQ,Thu,14:00,In-Sample,2025-02-27T19:28:59.564868,2025-02-27 14:28:59,LONG,20910.5,-10.0,True,19.1,True
863,NQ,Thu,14:00,In-Sample,2025-02-27T19:28:59.928873,2025-02-27 14:28:59,SHORT,20910.0,-150.0,True,19.1,True
863,NQ,Thu,14:00,In-Sample,2025-03-06T19:06:13.852701,2025-03-06 14:06:13,SHORT,20055.25,-1665.0,True,21.93,False
863,NQ,Thu,14:00,In-Sample,2025-03-13T18:01:17.797595,2025-03-13 14:01:17,LONG,19224.25,50.0,True,24.23,False
863,NQ,Thu,14:00,In-Sample,2025-03-13T18:01:17.797595,2025-03-13 14:01:17,LONG,19224.25,100.0,True,24.23,False
863,NQ,Thu,14:00,In-Sample,2025-03-13T18:01:17.797595,2025-03-13 14:01:17,LONG,19224.25,225.0,True,24.23,False
863,NQ,Thu,14:00,In-Sample,2025-03-13T18:01:39.053502,2025-03-13 14:01:39,LONG,19231.75,50.0,True,24.23,False
863,NQ,Thu,14:00,In-Sample,2025-03-13T18:01:39.053502,2025-03-13 14:01:39,LONG,19231.75,100.0,True,24.23,False
863,NQ,Thu,14:00,In-Sample,2025-03-13T18:01:39.053502,2025-03-13 14:01:39,LONG,19231.75,225.0,True,24.23,False
863,NQ,Thu,14:00,In-Sample,2025-03-13T18:02:13.880119,2025-03-13 14:02:13,LONG,19252.75,50.0,True,24.23,False
863,NQ,Thu,14:00,In-Sample,2025-03-13T18:02:13.880119,2025-03-13 14:02:13,LONG,19252.75,100.0,True,24.23,False
863,NQ,Thu,14:00,In-Sample,2025-03-13T18:02:13.880119,2025-03-13 14:02:13,LONG,19252.75,-40.0,True,24.23,False
863,NQ,Thu,14:00,In-Sample,2025-03-13T18:04:00.036853,2025-03-13 14:04:00,LONG,19254.25,-510.0,True,24.23,False
863,NQ,Thu,14:00,In-Sample,2025-03-13T18:07:25.217223,2025-03-13 14:07:25,LONG,19263.5,395.0,True,24.23,False
863,NQ,Thu,14:00,In-Sample,2025-03-13T18:07:25.217223,2025-03-13 14:07:25,LONG,19263.5,885.0,True,24.23,False
863,NQ,Thu,14:00,In-Sample,2025-03-13T18:07:25.217223,2025-03-13 14:07:25,LONG,19263.5,995.0,True,24.23,False
863,NQ,Thu,14:00,In-Sample,2025-03-13T18:07:25.218602,2025-03-13 14:07:25,LONG,19262.5,100.0,True,24.23,False
863,NQ,Thu,14:00,In-Sample,2025-03-13T18:07:25.218602,2025-03-13 14:07:25,LONG,19262.5,490.0,True,24.23,False
863,NQ,Thu,14:00,In-Sample,2025-03-13T18:07:25.218602,2025-03-13 14:07:25,LONG,19262.5,990.0,True,24.23,False
863,NQ,Thu,14:00,In-Sample,2025-03-13T18:07:45.898832,2025-03-13 14:07:45,LONG,19275.75,-885.0,True,24.23,False
863,NQ,Thu,14:00,In-Sample,2025-03-13T18:09:23.264572,2025-03-13 14:09:23,SHORT,19261.0,-1395.0,True,24.23,False
863,NQ,Thu,14:00,In-Sample,2025-03-13T18:13:59.160018,2025-03-13 14:13:59,LONG,19317.0,50.0,True,24.23,False
863,NQ,Thu,14:00,In-Sample,2025-03-13T18:13:59.160018,2025-03-13 14:13:59,LONG,19317.0,100.0,True,24.23,False
863,NQ,Thu,14:00,In-Sample,2025-03-13T18:13:59.160018,2025-03-13 14:13:59,LONG,19317.0,-100.0,True,24.23,False
863,NQ,Thu,14:00,In-Sample,2025-03-13T18:15:59.398392,2025-03-13 14:15:59,SHORT,19295.25,350.0,True,24.23,False
863,NQ,Thu,14:00,In-Sample,2025-03-13T18:15:59.398392,2025-03-13 14:15:59,SHORT,19295.25,-940.0,True,24.23,False
863,NQ,Thu,14:00,In-Sample,2025-03-13T18:17:09.462826,2025-03-13 14:17:09,SHORT,19278.0,50.0,True,24.23,False
863,NQ,Thu,14:00,In-Sample,2025-03-13T18:17:09.462826,2025-03-13 14:17:09,SHORT,19278.0,100.0,True,24.23,False
863,NQ,Thu,14:00,In-Sample,2025-03-13T18:17:09.462826,2025-03-13 14:17:09,SHORT,19278.0,-65.0,True,24.23,False
863,NQ,Thu,14:00,In-Sample,2025-03-13T18:25:03.670740,2025-03-13 14:25:03,LONG,19316.75,95.0,True,24.23,False
863,NQ,Thu,14:00,In-Sample,2025-03-13T18:25:03.670740,2025-03-13 14:25:03,LONG,19316.75,465.0,True,24.23,False
863,NQ,Thu,14:00,In-Sample,2025-03-13T18:25:03.670740,2025-03-13 14:25:03,LONG,19316.75,265.0,True,24.23,False
863,NQ,Thu,14:00,In-Sample,2025-03-13T18:25:03.670858,2025-03-13 14:25:03,LONG,19316.75,430.0,True,24.23,False
863,NQ,Thu,14:00,In-Sample,2025-03-13T18:25:03.670858,2025-03-13 14:25:03,LONG,19316.75,835.0,True,24.23,False
863,NQ,Thu,14:00,In-Sample,2025-03-13T18:25:03.670858,2025-03-13 14:25:03,LONG,19316.75,950.0,True,24.23,False
863,NQ,Thu,14:00,In-Sample,2025-03-13T18:28:00.330121,2025-03-13 14:28:00,SHORT,19313.75,345.0,True,24.23,False
863,NQ,Thu,14:00,In-Sample,2025-03-13T18:28:00.330121,2025-03-13 14:28:00,SHORT,19313.75,110.0,True,24.23,False
863,NQ,Thu,14:00,In-Sample,2025-03-20T18:06:26.508105,2025-03-20 14:06:26,LONG,19875.5,80.0,True,19.9,True
863,NQ,Thu,14:00,In-Sample,2025-03-20T18:06:26.508105,2025-03-20 14:06:26,LONG,19875.5,400.0,True,19.9,True
863,NQ,Thu,14:00,In-Sample,2025-03-20T18:06:26.508105,2025-03-20 14:06:26,LONG,19875.5,240.0,True,19.9,True
863,NQ,Thu,14:00,In-Sample,2025-03-20T18:11:07.544110,2025-03-20 14:11:07,LONG,19894.25,50.0,True,19.9,True
863,NQ,Thu,14:00,In-Sample,2025-03-20T18:11:07.544110,2025-03-20 14:11:07,LONG,19894.25,-570.0,True,19.9,True
863,NQ,Thu,14:00,In-Sample,2025-03-20T18:19:02.239051,2025-03-20 14:19:02,SHORT,19871.75,335.0,True,19.9,True
863,NQ,Thu,14:00,In-Sample,2025-03-20T18:19:02.239051,2025-03-20 14:19:02,SHORT,19871.75,665.0,True,19.9,True
863,NQ,Thu,14:00,In-Sample,2025-03-20T18:19:02.239051,2025-03-20 14:19:02,SHORT,19871.75,595.0,True,19.9,True
863,NQ,Thu,14:00,In-Sample,2025-03-20T18:21:46.796936,2025-03-20 14:21:46,SHORT,19845.25,50.0,True,19.9,True
863,NQ,Thu,14:00,In-Sample,2025-03-20T18:21:46.796936,2025-03-20 14:21:46,SHORT,19845.25,100.0,True,19.9,True
863,NQ,Thu,14:00,In-Sample,2025-03-20T18:21:46.796936,2025-03-20 14:21:46,SHORT,19845.25,225.0,True,19.9,True
863,NQ,Thu,14:00,In-Sample,2025-03-20T18:26:05.043290,2025-03-20 14:26:05,SHORT,19831.0,480.0,True,19.9,True
863,NQ,Thu,14:00,In-Sample,2025-03-27T18:05:01.276490,2025-03-27 14:05:01,LONG,20045.75,65.0,True,18.33,True
863,NQ,Thu,14:00,In-Sample,2025-03-27T18:05:01.276490,2025-03-27 14:05:01,LONG,20045.75,-10.0,True,18.33,True
863,NQ,Thu,14:00,In-Sample,2025-03-27T18:05:01.276658,2025-03-27 14:05:01,LONG,20045.75,270.0,True,18.33,True
863,NQ,Thu,14:00,In-Sample,2025-03-27T18:05:01.276658,2025-03-27 14:05:01,LONG,20045.75,605.0,True,18.33,True
863,NQ,Thu,14:00,In-Sample,2025-03-27T18:05:01.276658,2025-03-27 14:05:01,LONG,20045.75,510.0,True,18.33,True
863,NQ,Thu,14:00,In-Sample,2025-03-27T18:15:41.697399,2025-03-27 14:15:41,LONG,20082.0,70.0,True,18.33,True
863,NQ,Thu,14:00,In-Sample,2025-03-27T18:15:41.697399,2025-03-27 14:15:41,LONG,20082.0,0.0,True,18.33,True
863,NQ,Thu,14:00,In-Sample,2025-03-27T18:24:59.883364,2025-03-27 14:24:59,SHORT,20052.0,65.0,True,18.33,True
863,NQ,Thu,14:00,In-Sample,2025-03-27T18:24:59.883364,2025-03-27 14:24:59,SHORT,20052.0,-1240.0,True,18.33,True
863,NQ,Thu,14:00,In-Sample,2025-03-27T18:24:59.883664,2025-03-27 14:24:59,SHORT,20052.0,265.0,True,18.33,True
863,NQ,Thu,14:00,In-Sample,2025-03-27T18:24:59.883664,2025-03-27 14:24:59,SHORT,20052.0,-1240.0,True,18.33,True
863,NQ,Thu,14:00,In-Sample,2025-04-03T18:02:51.448981,2025-04-03 14:02:51,SHORT,18811.5,275.0,True,21.51,False
863,NQ,Thu,14:00,In-Sample,2025-04-03T18:02:51.448981,2025-04-03 14:02:51,SHORT,18811.5,10.0,True,21.51,False
863,NQ,Thu,14:00,In-Sample,2025-04-03T18:02:51.634267,2025-04-03 14:02:51,SHORT,18812.5,375.0,True,21.51,False
863,NQ,Thu,14:00,In-Sample,2025-04-03T18:02:51.634267,2025-04-03 14:02:51,SHORT,18812.5,845.0,True,21.51,False
863,NQ,Thu,14:00,In-Sample,2025-04-03T18:02:51.634267,2025-04-03 14:02:51,SHORT,18812.5,790.0,True,21.51,False
863,NQ,Thu,14:00,In-Sample,2025-04-03T18:14:59.742955,2025-04-03 14:14:59,SHORT,18773.25,240.0,True,21.51,False
863,NQ,Thu,14:00,In-Sample,2025-04-03T18:14:59.742955,2025-04-03 14:14:59,SHORT,18773.25,10.0,True,21.51,False
863,NQ,Thu,14:00,In-Sample,2025-04-03T18:27:20.206946,2025-04-03 14:27:20,SHORT,18765.0,-1710.0,True,21.51,False
863,NQ,Thu,14:00,In-Sample,2025-04-10T18:00:06.303482,2025-04-10 14:00:06,SHORT,18447.75,-105.0,True,33.62,False
863,NQ,Thu,14:00,In-Sample,2025-04-10T18:00:06.304491,2025-04-10 14:00:06,SHORT,18447.5,-2070.0,True,33.62,False
863,NQ,Thu,14:00,In-Sample,2025-04-10T18:01:33.954997,2025-04-10 14:01:33,LONG,18515.0,-585.0,True,33.62,False
863,NQ,Thu,14:00,In-Sample,2025-04-10T18:01:45.073849,2025-04-10 14:01:45,LONG,18514.5,100.0,True,33.62,False
863,NQ,Thu,14:00,In-Sample,2025-04-10T18:01:45.073849,2025-04-10 14:01:45,LONG,18514.5,-260.0,True,33.62,False
863,NQ,Thu,14:00,In-Sample,2025-04-10T18:03:46.302674,2025-04-10 14:03:46,SHORT,18557.75,-405.0,True,33.62,False
863,NQ,Thu,14:00,In-Sample,2025-04-10T18:06:15.341866,2025-04-10 14:06:15,SHORT,18557.5,540.0,True,33.62,False
863,NQ,Thu,14:00,In-Sample,2025-04-10T18:06:15.341866,2025-04-10 14:06:15,SHORT,18557.5,20.0,True,33.62,False
863,NQ,Thu,14:00,In-Sample,2025-04-10T18:06:15.342073,2025-04-10 14:06:15,SHORT,18554.75,550.0,True,33.62,False
863,NQ,Thu,14:00,In-Sample,2025-04-10T18:06:15.342073,2025-04-10 14:06:15,SHORT,18554.75,960.0,True,33.62,False
863,NQ,Thu,14:00,In-Sample,2025-04-10T18:06:34.350993,2025-04-10 14:06:34,SHORT,18531.5,780.0,True,33.62,False
863,NQ,Thu,14:00,In-Sample,2025-04-10T18:06:34.350993,2025-04-10 14:06:34,SHORT,18531.5,1565.0,True,33.62,False
863,NQ,Thu,14:00,In-Sample,2025-04-10T18:06:34.350993,2025-04-10 14:06:34,SHORT,18531.5,1365.0,True,33.62,False
863,NQ,Thu,14:00,In-Sample,2025-04-10T18:06:56.670569,2025-04-10 14:06:56,SHORT,18511.0,-330.0,True,33.62,False
863,NQ,Thu,14:00,In-Sample,2025-04-10T18:06:59.738532,2025-04-10 14:06:59,LONG,18524.25,100.0,True,33.62,False
863,NQ,Thu,14:00,In-Sample,2025-04-10T18:06:59.738532,2025-04-10 14:06:59,LONG,18524.25,200.0,True,33.62,False
863,NQ,Thu,14:00,In-Sample,2025-04-10T18:06:59.738532,2025-04-10 14:06:59,LONG,18524.25,310.0,True,33.62,False
863,NQ,Thu,14:00,In-Sample,2025-04-10T18:07:29.974147,2025-04-10 14:07:29,SHORT,18546.0,105.0,True,33.62,False
863,NQ,Thu,14:00,In-Sample,2025-04-10T18:07:29.974147,2025-04-10 14:07:29,SHORT,18546.0,200.0,True,33.62,False
863,NQ,Thu,14:00,In-Sample,2025-04-10T18:07:29.974147,2025-04-10 14:07:29,SHORT,18546.0,60.0,True,33.62,False
863,NQ,Thu,14:00,In-Sample,2025-04-10T18:07:38.999586,2025-04-10 14:07:38,SHORT,18530.0,945.0,True,33.62,False
863,NQ,Thu,14:00,In-Sample,2025-04-10T18:07:38.999586,2025-04-10 14:07:38,SHORT,18530.0,1290.0,True,33.62,False
863,NQ,Thu,14:00,In-Sample,2025-04-10T18:07:39.861010,2025-04-10 14:07:39,SHORT,18529.5,525.0,True,33.62,False
863,NQ,Thu,14:00,In-Sample,2025-04-10T18:07:39.861010,2025-04-10 14:07:39,SHORT,18529.5,1045.0,True,33.62,False
863,NQ,Thu,14:00,In-Sample,2025-04-10T18:07:39.861010,2025-04-10 14:07:39,SHORT,18529.5,1270.0,True,33.62,False
863,NQ,Thu,14:00,In-Sample,2025-04-10T18:07:39.865644,2025-04-10 14:07:39,SHORT,18530.0,-480.0,True,33.62,False
863,NQ,Thu,14:00,In-Sample,2025-04-10T18:08:13.036011,2025-04-10 14:08:13,SHORT,18488.25,525.0,True,33.62,False
863,NQ,Thu,14:00,In-Sample,2025-04-10T18:08:13.036011,2025-04-10 14:08:13,SHORT,18488.25,960.0,True,33.62,False
863,NQ,Thu,14:00,In-Sample,2025-04-10T18:08:57.215795,2025-04-10 14:08:57,SHORT,18447.75,765.0,True,33.62,False
863,NQ,Thu,14:00,In-Sample,2025-04-10T18:08:57.215795,2025-04-10 14:08:57,SHORT,18447.75,1530.0,True,33.62,False
863,NQ,Thu,14:00,In-Sample,2025-04-10T18:08:57.215795,2025-04-10 14:08:57,SHORT,18447.75,1325.0,True,33.62,False
863,NQ,Thu,14:00,In-Sample,2025-04-10T18:09:19.867405,2025-04-10 14:09:19,SHORT,18432.0,500.0,True,33.62,False
863,NQ,Thu,14:00,In-Sample,2025-04-10T18:09:19.867405,2025-04-10 14:09:19,SHORT,18432.0,680.0,True,33.62,False
863,NQ,Thu,14:00,In-Sample,2025-04-10T18:09:40.952429,2025-04-10 14:09:40,SHORT,18380.5,-840.0,True,33.62,False
863,NQ,Thu,14:00,In-Sample,2025-04-10T18:10:16.055275,2025-04-10 14:10:16,SHORT,18380.5,505.0,True,33.62,False
863,NQ,Thu,14:00,In-Sample,2025-04-10T18:10:16.055275,2025-04-10 14:10:16,SHORT,18380.5,1010.0,True,33.62,False
863,NQ,Thu,14:00,In-Sample,2025-04-10T18:10:16.055275,2025-04-10 14:10:16,SHORT,18380.5,1030.0,True,33.62,False
863,NQ,Thu,14:00,In-Sample,2025-04-10T18:10:16.067833,2025-04-10 14:10:16,SHORT,18376.5,-240.0,True,33.62,False
863,NQ,Thu,14:00,In-Sample,2025-04-10T18:11:11.826764,2025-04-10 14:11:11,SHORT,18374.5,745.0,True,33.62,False
863,NQ,Thu,14:00,In-Sample,2025-04-10T18:11:11.826764,2025-04-10 14:11:11,SHORT,18374.5,-1810.0,True,33.62,False
863,NQ,Thu,14:00,In-Sample,2025-04-10T18:11:11.827178,2025-04-10 14:11:11,SHORT,18374.75,745.0,True,33.62,False
863,NQ,Thu,14:00,In-Sample,2025-04-10T18:11:11.827178,2025-04-10 14:11:11,SHORT,18374.75,-1800.0,True,33.62,False
863,NQ,Thu,14:00,In-Sample,2025-04-10T18:11:17.745466,2025-04-10 14:11:17,LONG,18385.0,-570.0,True,33.62,False
863,NQ,Thu,14:00,In-Sample,2025-04-10T18:12:16.661986,2025-04-10 14:12:16,SHORT,18364.25,-510.0,True,33.62,False
863,NQ,Thu,14:00,In-Sample,2025-04-10T18:12:35.843489,2025-04-10 14:12:35,SHORT,18356.5,790.0,True,33.62,False
863,NQ,Thu,14:00,In-Sample,2025-04-10T18:12:35.843489,2025-04-10 14:12:35,SHORT,18356.5,20.0,True,33.62,False
863,NQ,Thu,14:00,In-Sample,2025-04-10T18:13:55.303985,2025-04-10 14:13:55,SHORT,18365.5,540.0,True,33.62,False
863,NQ,Thu,14:00,In-Sample,2025-04-10T18:13:55.303985,2025-04-10 14:13:55,SHORT,18365.5,1340.0,True,33.62,False
863,NQ,Thu,14:00,In-Sample,2025-04-10T18:15:00.713339,2025-04-10 14:15:00,SHORT,18309.0,-1860.0,True,33.62,False
863,NQ,Thu,14:00,In-Sample,2025-04-10T18:15:00.717879,2025-04-10 14:15:00,SHORT,18308.0,-315.0,True,33.62,False
863,NQ,Thu,14:00,In-Sample,2025-04-10T18:15:03.604276,2025-04-10 14:15:03,LONG,18309.75,100.0,True,33.62,False
863,NQ,Thu,14:00,In-Sample,2025-04-10T18:15:03.604276,2025-04-10 14:15:03,LONG,18309.75,200.0,True,33.62,False
863,NQ,Thu,14:00,In-Sample,2025-04-10T18:15:03.604276,2025-04-10 14:15:03,LONG,18309.75,310.0,True,33.62,False
863,NQ,Thu,14:00,In-Sample,2025-04-10T18:17:43.112720,2025-04-10 14:17:43,SHORT,18360.0,-555.0,True,33.62,False
863,NQ,Thu,14:00,In-Sample,2025-04-10T18:20:34.059234,2025-04-10 14:20:34,LONG,18426.5,265.0,True,33.62,False
863,NQ,Thu,14:00,In-Sample,2025-04-10T18:20:34.059234,2025-04-10 14:20:34,LONG,18426.5,1325.0,True,33.62,False
863,NQ,Thu,14:00,In-Sample,2025-04-10T18:20:34.059234,2025-04-10 14:20:34,LONG,18426.5,1740.0,True,33.62,False
863,NQ,Thu,14:00,In-Sample,2025-04-10T18:20:34.059366,2025-04-10 14:20:34,LONG,18426.5,1065.0,True,33.62,False
863,NQ,Thu,14:00,In-Sample,2025-04-10T18:20:34.059366,2025-04-10 14:20:34,LONG,18426.5,2385.0,True,33.62,False
863,NQ,Thu,14:00,In-Sample,2025-04-10T18:20:34.059366,2025-04-10 14:20:34,LONG,18426.5,2600.0,True,33.62,False
863,NQ,Thu,14:00,In-Sample,2025-04-10T18:21:00.593863,2025-04-10 14:21:00,LONG,18474.75,770.0,True,33.62,False
863,NQ,Thu,14:00,In-Sample,2025-04-10T18:21:00.593863,2025-04-10 14:21:00,LONG,18474.75,1740.0,True,33.62,False
863,NQ,Thu,14:00,In-Sample,2025-04-10T18:21:00.593863,2025-04-10 14:21:00,LONG,18474.75,1525.0,True,33.62,False
863,NQ,Thu,14:00,In-Sample,2025-04-10T18:22:00.701572,2025-04-10 14:22:00,SHORT,18494.5,100.0,True,33.62,False
863,NQ,Thu,14:00,In-Sample,2025-04-10T18:22:00.701572,2025-04-10 14:22:00,SHORT,18494.5,-340.0,True,33.62,False
863,NQ,Thu,14:00,In-Sample,2025-04-10T18:22:24.022331,2025-04-10 14:22:24,SHORT,18531.0,100.0,True,33.62,False
863,NQ,Thu,14:00,In-Sample,2025-04-10T18:22:24.022331,2025-04-10 14:22:24,SHORT,18531.0,-340.0,True,33.62,False
863,NQ,Thu,14:00,In-Sample,2025-04-10T18:22:37.073464,2025-04-10 14:22:37,SHORT,18548.75,100.0,True,33.62,False
863,NQ,Thu,14:00,In-Sample,2025-04-10T18:22:37.073464,2025-04-10 14:22:37,SHORT,18548.75,200.0,True,33.62,False
863,NQ,Thu,14:00,In-Sample,2025-04-10T18:22:37.073464,2025-04-10 14:22:37,SHORT,18548.75,100.0,True,33.62,False
863,NQ,Thu,14:00,In-Sample,2025-04-10T18:23:25.847414,2025-04-10 14:23:25,LONG,18541.25,100.0,True,33.62,False
863,NQ,Thu,14:00,In-Sample,2025-04-10T18:23:25.847414,2025-04-10 14:23:25,LONG,18541.25,-250.0,True,33.62,False
863,NQ,Thu,14:00,In-Sample,2025-04-10T18:24:45.500256,2025-04-10 14:24:45,LONG,18540.0,100.0,True,33.62,False
863,NQ,Thu,14:00,In-Sample,2025-04-10T18:24:45.500256,2025-04-10 14:24:45,LONG,18540.0,-480.0,True,33.62,False
863,NQ,Thu,14:00,In-Sample,2025-04-10T18:25:01.092105,2025-04-10 14:25:01,SHORT,18519.5,-1995.0,True,33.62,False
863,NQ,Thu,14:00,In-Sample,2025-04-10T18:25:01.319228,2025-04-10 14:25:01,SHORT,18523.5,-60.0,True,33.62,False
863,NQ,Thu,14:00,In-Sample,2025-04-10T18:29:45.238345,2025-04-10 14:29:45,SHORT,18613.25,100.0,True,33.62,False
863,NQ,Thu,14:00,In-Sample,2025-04-10T18:29:45.238345,2025-04-10 14:29:45,SHORT,18613.25,-260.0,True,33.62,False
863,NQ,Thu,14:00,In-Sample,2025-04-17T18:00:02.452847,2025-04-17 14:00:02,SHORT,18446.25,-1425.0,True,32.64,False
863,NQ,Thu,14:00,In-Sample,2025-04-17T18:00:23.818481,2025-04-17 14:00:23,LONG,18448.75,100.0,True,32.64,False
863,NQ,Thu,14:00,In-Sample,2025-04-17T18:00:23.818481,2025-04-17 14:00:23,LONG,18448.75,200.0,True,32.64,False
863,NQ,Thu,14:00,In-Sample,2025-04-17T18:00:23.818481,2025-04-17 14:00:23,LONG,18448.75,55.0,True,32.64,False
863,NQ,Thu,14:00,In-Sample,2025-04-17T18:05:05.388385,2025-04-17 14:05:05,LONG,18492.75,355.0,True,32.64,False
863,NQ,Thu,14:00,In-Sample,2025-04-17T18:05:05.388385,2025-04-17 14:05:05,LONG,18492.75,520.0,True,32.64,False
863,NQ,Thu,14:00,In-Sample,2025-04-17T18:08:34.065643,2025-04-17 14:08:34,LONG,18496.25,270.0,True,32.64,False
863,NQ,Thu,14:00,In-Sample,2025-04-17T18:08:34.065643,2025-04-17 14:08:34,LONG,18496.25,0.0,True,32.64,False
863,NQ,Thu,14:00,In-Sample,2025-04-17T18:09:00.976303,2025-04-17 14:09:00,SHORT,18501.5,100.0,True,32.64,False
863,NQ,Thu,14:00,In-Sample,2025-04-17T18:09:00.976303,2025-04-17 14:09:00,SHORT,18501.5,-200.0,True,32.64,False
863,NQ,Thu,14:00,In-Sample,2025-04-17T18:10:25.094755,2025-04-17 14:10:25,LONG,18505.5,-855.0,True,32.64,False
863,NQ,Thu,14:00,In-Sample,2025-04-17T18:11:33.366283,2025-04-17 14:11:33,SHORT,18506.5,100.0,True,32.64,False
863,NQ,Thu,14:00,In-Sample,2025-04-17T18:11:33.366283,2025-04-17 14:11:33,SHORT,18506.5,200.0,True,32.64,False
863,NQ,Thu,14:00,In-Sample,2025-04-17T18:11:33.366283,2025-04-17 14:11:33,SHORT,18506.5,20.0,True,32.64,False
863,NQ,Thu,14:00,In-Sample,2025-04-17T18:12:35.645605,2025-04-17 14:12:35,SHORT,18495.75,260.0,True,32.64,False
863,NQ,Thu,14:00,In-Sample,2025-04-17T18:12:35.645605,2025-04-17 14:12:35,SHORT,18495.75,570.0,True,32.64,False
863,NQ,Thu,14:00,In-Sample,2025-04-17T18:12:35.931585,2025-04-17 14:12:35,SHORT,18495.75,260.0,True,32.64,False
863,NQ,Thu,14:00,In-Sample,2025-04-17T18:12:35.931585,2025-04-17 14:12:35,SHORT,18495.75,525.0,True,32.64,False
863,NQ,Thu,14:00,In-Sample,2025-04-17T18:12:35.931585,2025-04-17 14:12:35,SHORT,18495.75,355.0,True,32.64,False
863,NQ,Thu,14:00,In-Sample,2025-04-17T18:14:48.756327,2025-04-17 14:14:48,SHORT,18471.75,-1785.0,True,32.64,False
863,NQ,Thu,14:00,In-Sample,2025-04-17T18:14:57.791450,2025-04-17 14:14:57,LONG,18472.5,-195.0,True,32.64,False
863,NQ,Thu,14:00,In-Sample,2025-04-17T18:20:16.837060,2025-04-17 14:20:16,LONG,18501.0,-540.0,True,32.64,False
863,NQ,Thu,14:00,In-Sample,2025-04-17T18:20:16.842643,2025-04-17 14:20:16,LONG,18501.0,-435.0,True,32.64,False
863,NQ,Thu,14:00,In-Sample,2025-04-17T18:20:20.002995,2025-04-17 14:20:20,LONG,18503.25,380.0,True,32.64,False
863,NQ,Thu,14:00,In-Sample,2025-04-17T18:20:20.002995,2025-04-17 14:20:20,LONG,18503.25,10.0,True,32.64,False
863,NQ,Thu,14:00,In-Sample,2025-04-17T18:20:23.069812,2025-04-17 14:20:23,SHORT,18499.75,100.0,True,32.64,False
863,NQ,Thu,14:00,In-Sample,2025-04-17T18:20:23.069812,2025-04-17 14:20:23,SHORT,18499.75,-190.0,True,32.64,False
863,NQ,Thu,14:00,In-Sample,2025-04-17T18:21:00.061432,2025-04-17 14:21:00,SHORT,18513.75,1580.0,True,32.64,False
863,NQ,Thu,14:00,In-Sample,2025-04-17T18:21:14.371794,2025-04-17 14:21:14,SHORT,18508.25,100.0,True,32.64,False
863,NQ,Thu,14:00,In-Sample,2025-04-17T18:21:14.371794,2025-04-17 14:21:14,SHORT,18508.25,-290.0,True,32.64,False
863,NQ,Thu,14:00,In-Sample,2025-04-17T18:24:46.937123,2025-04-17 14:24:46,SHORT,18509.25,-885.0,True,32.64,False
863,NQ,Thu,14:00,In-Sample,2025-04-17T18:24:46.937586,2025-04-17 14:24:46,SHORT,18509.25,-630.0,True,32.64,False
863,NQ,Thu,14:00,In-Sample,2025-04-17T18:25:19.065360,2025-04-17 14:25:19,LONG,18522.25,-4245.0,True,32.64,False
863,NQ,Thu,14:00,In-Sample,2025-04-17T18:26:08.908191,2025-04-17 14:26:08,SHORT,18505.75,460.0,True,32.64,False
863,NQ,Thu,14:00,In-Sample,2025-04-17T18:26:08.908191,2025-04-17 14:26:08,SHORT,18505.75,360.0,True,32.64,False
863,NQ,Thu,14:00,In-Sample,2025-04-17T18:26:18.439085,2025-04-17 14:26:18,SHORT,18503.5,360.0,True,32.64,False
863,NQ,Thu,14:00,In-Sample,2025-04-17T18:26:18.439085,2025-04-17 14:26:18,SHORT,18503.5,140.0,True,32.64,False
863,NQ,Thu,14:00,In-Sample,2025-04-17T18:26:35.840273,2025-04-17 14:26:35,SHORT,18493.5,1670.0,True,32.64,False
863,NQ,Thu,14:00,In-Sample,2025-04-17T18:26:59.327252,2025-04-17 14:26:59,SHORT,18491.5,-1035.0,True,32.64,False
863,NQ,Thu,14:00,In-Sample,2025-04-17T18:26:59.417290,2025-04-17 14:26:59,SHORT,18491.5,245.0,True,32.64,False
863,NQ,Thu,14:00,In-Sample,2025-04-17T18:26:59.417290,2025-04-17 14:26:59,SHORT,18491.5,550.0,True,32.64,False
863,NQ,Thu,14:00,In-Sample,2025-04-17T18:26:59.417290,2025-04-17 14:26:59,SHORT,18491.5,360.0,True,32.64,False
863,NQ,Thu,14:00,In-Sample,2025-04-17T18:26:59.420017,2025-04-17 14:26:59,SHORT,18491.25,-225.0,True,32.64,False
863,NQ,Thu,14:00,In-Sample,2025-04-17T18:29:16.496059,2025-04-17 14:29:16,SHORT,18487.25,-150.0,True,32.64,False
863,NQ,Thu,14:00,In-Sample,2025-04-24T18:01:52.168271,2025-04-24 14:01:52,SHORT,19282.5,-230.0,True,28.45,False
863,NQ,Thu,14:00,In-Sample,2025-04-24T18:02:05.571927,2025-04-24 14:02:05,SHORT,19280.5,100.0,True,28.45,False
863,NQ,Thu,14:00,In-Sample,2025-04-24T18:02:05.571927,2025-04-24 14:02:05,SHORT,19280.5,200.0,True,28.45,False
863,NQ,Thu,14:00,In-Sample,2025-04-24T18:02:05.571927,2025-04-24 14:02:05,SHORT,19280.5,175.0,True,28.45,False
863,NQ,Thu,14:00,In-Sample,2025-04-24T18:02:16.012050,2025-04-24 14:02:16,SHORT,19278.5,-310.0,True,28.45,False
863,NQ,Thu,14:00,In-Sample,2025-04-24T18:03:29.457946,2025-04-24 14:03:29,SHORT,19269.75,-780.0,True,28.45,False
863,NQ,Thu,14:00,In-Sample,2025-04-24T18:03:29.633189,2025-04-24 14:03:29,SHORT,19269.25,-150.0,True,28.45,False
863,NQ,Thu,14:00,In-Sample,2025-04-24T18:05:01.169752,2025-04-24 14:05:01,SHORT,19265.75,-780.0,True,28.45,False
863,NQ,Thu,14:00,In-Sample,2025-04-24T18:08:16.645273,2025-04-24 14:08:16,SHORT,19274.25,190.0,True,28.45,False
863,NQ,Thu,14:00,In-Sample,2025-04-24T18:08:16.645273,2025-04-24 14:08:16,SHORT,19274.25,-20.0,True,28.45,False
863,NQ,Thu,14:00,In-Sample,2025-04-24T18:08:16.738012,2025-04-24 14:08:16,SHORT,19274.25,-630.0,True,28.45,False
863,NQ,Thu,14:00,In-Sample,2025-04-24T18:09:37.677958,2025-04-24 14:09:37,SHORT,19273.0,-360.0,True,28.45,False
863,NQ,Thu,14:00,In-Sample,2025-04-24T18:09:38.061701,2025-04-24 14:09:38,SHORT,19272.0,-975.0,True,28.45,False
863,NQ,Thu,14:00,In-Sample,2025-04-24T18:10:29.699042,2025-04-24 14:10:29,SHORT,19269.25,-330.0,True,28.45,False
863,NQ,Thu,14:00,In-Sample,2025-04-24T18:12:40.883824,2025-04-24 14:12:40,SHORT,19267.5,-1200.0,True,28.45,False
863,NQ,Thu,14:00,In-Sample,2025-04-24T18:17:41.477039,2025-04-24 14:17:41,SHORT,19261.5,-465.0,True,28.45,False
863,NQ,Thu,14:00,In-Sample,2025-04-24T18:17:41.828329,2025-04-24 14:17:41,SHORT,19261.5,-1215.0,True,28.45,False
863,NQ,Thu,14:00,In-Sample,2025-04-24T18:27:39.481417,2025-04-24 14:27:39,LONG,19287.25,170.0,True,28.45,False
863,NQ,Thu,14:00,In-Sample,2025-04-24T18:27:39.481417,2025-04-24 14:27:39,LONG,19287.25,455.0,True,28.45,False
863,NQ,Thu,14:00,In-Sample,2025-04-24T18:27:39.481417,2025-04-24 14:27:39,LONG,19287.25,240.0,True,28.45,False
863,NQ,Thu,14:00,In-Sample,2025-05-01T18:22:02.571250,2025-05-01 14:22:02,SHORT,20014.0,175.0,True,24.7,False
863,NQ,Thu,14:00,In-Sample,2025-05-01T18:22:02.571250,2025-05-01 14:22:02,SHORT,20014.0,70.0,True,24.7,False
863,NQ,Thu,14:00,In-Sample,2025-05-01T18:26:48.283897,2025-05-01 14:26:48,LONG,19992.25,335.0,True,24.7,False
863,NQ,Thu,14:00,In-Sample,2025-05-01T18:27:01.738974,2025-05-01 14:27:01,SHORT,19989.25,-1815.0,True,24.7,False
863,NQ,Thu,14:00,In-Sample,2025-05-01T18:27:37.455677,2025-05-01 14:27:37,LONG,20004.5,180.0,True,24.7,False
863,NQ,Thu,14:00,In-Sample,2025-05-08T18:00:01.292021,2025-05-08 14:00:01,SHORT,20246.0,215.0,True,23.55,False
863,NQ,Thu,14:00,In-Sample,2025-05-08T18:00:01.292021,2025-05-08 14:00:01,SHORT,20246.0,0.0,True,23.55,False
863,NQ,Thu,14:00,In-Sample,2025-05-08T18:00:01.292275,2025-05-08 14:00:01,SHORT,20246.0,145.0,True,23.55,False
863,NQ,Thu,14:00,In-Sample,2025-05-08T18:00:01.292275,2025-05-08 14:00:01,SHORT,20246.0,-1060.0,True,23.55,False
863,NQ,Thu,14:00,In-Sample,2025-05-08T18:10:19.750042,2025-05-08 14:10:19,LONG,20272.5,-5.0,True,23.55,False
863,NQ,Thu,14:00,In-Sample,2025-05-08T18:20:18.874693,2025-05-08 14:20:18,LONG,20283.5,-1140.0,True,23.55,False
863,NQ,Thu,14:00,In-Sample,2025-05-08T18:20:18.874795,2025-05-08 14:20:18,LONG,20283.5,-1140.0,True,23.55,False
863,NQ,Thu,14:00,In-Sample,2025-05-15T18:03:19.897378,2025-05-15 14:03:19,SHORT,21451.25,125.0,True,18.62,True
863,NQ,Thu,14:00,In-Sample,2025-05-15T18:03:19.897378,2025-05-15 14:03:19,SHORT,21451.25,280.0,True,18.62,True
863,NQ,Thu,14:00,In-Sample,2025-05-15T18:03:19.897378,2025-05-15 14:03:19,SHORT,21451.25,145.0,True,18.62,True
863,NQ,Thu,14:00,In-Sample,2025-05-15T18:05:13.277787,2025-05-15 14:05:13,SHORT,21446.25,165.0,True,18.62,True
863,NQ,Thu,14:00,In-Sample,2025-05-15T18:05:13.277787,2025-05-15 14:05:13,SHORT,21446.25,20.0,True,18.62,True
863,NQ,Thu,14:00,In-Sample,2025-05-15T18:15:01.242160,2025-05-15 14:15:01,SHORT,21411.25,165.0,True,18.62,True
863,NQ,Thu,14:00,In-Sample,2025-05-15T18:15:01.242160,2025-05-15 14:15:01,SHORT,21411.25,375.0,True,18.62,True
863,NQ,Thu,14:00,In-Sample,2025-05-15T18:15:01.242160,2025-05-15 14:15:01,SHORT,21411.25,255.0,True,18.62,True
863,NQ,Thu,14:00,In-Sample,2025-05-15T18:19:40.280153,2025-05-15 14:19:40,SHORT,21388.5,140.0,True,18.62,True
863,NQ,Thu,14:00,In-Sample,2025-05-15T18:19:40.280153,2025-05-15 14:19:40,SHORT,21388.5,0.0,True,18.62,True
863,NQ,Thu,14:00,In-Sample,2025-05-15T18:20:02.483279,2025-05-15 14:20:02,SHORT,21385.25,170.0,True,18.62,True
863,NQ,Thu,14:00,In-Sample,2025-05-15T18:20:02.483279,2025-05-15 14:20:02,SHORT,21385.25,20.0,True,18.62,True
863,NQ,Thu,14:00,In-Sample,2025-05-29T18:00:12.147323,2025-05-29 14:00:12,SHORT,21369.75,-660.0,True,19.31,True
863,NQ,Thu,14:00,In-Sample,2025-05-29T18:00:27.966373,2025-05-29 14:00:27,LONG,21383.5,-930.0,True,19.31,True
863,NQ,Thu,14:00,In-Sample,2025-05-29T18:00:27.972108,2025-05-29 14:00:27,LONG,21383.5,180.0,True,19.31,True
863,NQ,Thu,14:00,In-Sample,2025-05-29T18:00:27.972108,2025-05-29 14:00:27,LONG,21383.5,400.0,True,19.31,True
863,NQ,Thu,14:00,In-Sample,2025-05-29T18:00:27.972108,2025-05-29 14:00:27,LONG,21383.5,225.0,True,19.31,True
863,NQ,Thu,14:00,In-Sample,2025-05-29T18:05:02.687999,2025-05-29 14:05:02,LONG,21390.75,-850.0,True,19.31,True
863,NQ,Thu,14:00,In-Sample,2025-05-29T18:05:02.688197,2025-05-29 14:05:02,LONG,21390.75,-850.0,True,19.31,True
863,NQ,Thu,14:00,In-Sample,2025-05-29T18:05:02.719966,2025-05-29 14:05:02,LONG,21391.0,-860.0,True,19.31,True
863,NQ,Thu,14:00,In-Sample,2025-05-29T18:05:02.999883,2025-05-29 14:05:02,LONG,21391.0,-430.0,True,19.31,True
863,NQ,Thu,14:00,In-Sample,2025-05-29T18:05:02.999883,2025-05-29 14:05:02,LONG,21391.0,-650.0,True,19.31,True
863,NQ,Thu,14:00,In-Sample,2025-05-29T18:05:03.000079,2025-05-29 14:05:03,LONG,21391.0,-1290.0,True,19.31,True
863,NQ,Thu,14:00,In-Sample,2025-05-29T18:05:03.000330,2025-05-29 14:05:03,LONG,21391.0,-315.0,True,19.31,True
863,NQ,Thu,14:00,In-Sample,2025-05-29T18:05:03.006103,2025-05-29 14:05:03,LONG,21391.0,-315.0,True,19.31,True
863,NQ,Thu,14:00,In-Sample,2025-05-29T18:09:09.392279,2025-05-29 14:09:09,SHORT,21393.25,325.0,True,19.31,True
863,NQ,Thu,14:00,In-Sample,2025-05-29T18:09:09.392279,2025-05-29 14:09:09,SHORT,21393.25,645.0,True,19.31,True
863,NQ,Thu,14:00,In-Sample,2025-05-29T18:09:09.392279,2025-05-29 14:09:09,SHORT,21393.25,705.0,True,19.31,True
863,NQ,Thu,14:00,In-Sample,2025-05-29T18:09:11.480031,2025-05-29 14:09:11,SHORT,21391.25,75.0,True,19.31,True
863,NQ,Thu,14:00,In-Sample,2025-05-29T18:09:11.480031,2025-05-29 14:09:11,SHORT,21391.25,-30.0,True,19.31,True
863,NQ,Thu,14:00,In-Sample,2025-05-29T18:09:11.736333,2025-05-29 14:09:11,SHORT,21391.25,75.0,True,19.31,True
863,NQ,Thu,14:00,In-Sample,2025-05-29T18:09:11.736333,2025-05-29 14:09:11,SHORT,21391.25,-30.0,True,19.31,True
863,NQ,Thu,14:00,In-Sample,2025-05-29T18:16:59.439587,2025-05-29 14:16:59,SHORT,21376.75,75.0,True,19.31,True
863,NQ,Thu,14:00,In-Sample,2025-05-29T18:16:59.439587,2025-05-29 14:16:59,SHORT,21376.75,10.0,True,19.31,True
863,NQ,Thu,14:00,In-Sample,2025-05-29T18:16:59.703365,2025-05-29 14:16:59,SHORT,21376.0,75.0,True,19.31,True
863,NQ,Thu,14:00,In-Sample,2025-05-29T18:16:59.703365,2025-05-29 14:16:59,SHORT,21376.0,-20.0,True,19.31,True
863,NQ,Thu,14:00,In-Sample,2025-05-29T18:17:18.142643,2025-05-29 14:17:18,SHORT,21374.0,230.0,True,19.31,True
863,NQ,Thu,14:00,In-Sample,2025-05-29T18:17:18.142643,2025-05-29 14:17:18,SHORT,21374.0,460.0,True,19.31,True
863,NQ,Thu,14:00,In-Sample,2025-05-29T18:17:18.142643,2025-05-29 14:17:18,SHORT,21374.0,780.0,True,19.31,True
863,NQ,Thu,14:00,In-Sample,2025-05-29T18:17:18.181215,2025-05-29 14:17:18,SHORT,21375.0,230.0,True,19.31,True
863,NQ,Thu,14:00,In-Sample,2025-05-29T18:17:18.181215,2025-05-29 14:17:18,SHORT,21375.0,460.0,True,19.31,True
863,NQ,Thu,14:00,In-Sample,2025-05-29T18:17:18.181215,2025-05-29 14:17:18,SHORT,21375.0,330.0,True,19.31,True
863,NQ,Thu,14:00,In-Sample,2025-05-29T18:18:10.438227,2025-05-29 14:18:10,SHORT,21361.5,320.0,True,19.31,True
863,NQ,Thu,14:00,In-Sample,2025-05-29T18:18:10.438227,2025-05-29 14:18:10,SHORT,21361.5,640.0,True,19.31,True
863,NQ,Thu,14:00,In-Sample,2025-05-29T18:18:10.438227,2025-05-29 14:18:10,SHORT,21361.5,590.0,True,19.31,True
863,NQ,Thu,14:00,In-Sample,2025-05-29T18:18:10.438362,2025-05-29 14:18:10,SHORT,21361.5,320.0,True,19.31,True
863,NQ,Thu,14:00,In-Sample,2025-05-29T18:18:10.438362,2025-05-29 14:18:10,SHORT,21361.5,640.0,True,19.31,True
863,NQ,Thu,14:00,In-Sample,2025-05-29T18:18:10.438362,2025-05-29 14:18:10,SHORT,21361.5,590.0,True,19.31,True
863,NQ,Thu,14:00,In-Sample,2025-05-29T18:18:10.484493,2025-05-29 14:18:10,SHORT,21362.25,75.0,True,19.31,True
863,NQ,Thu,14:00,In-Sample,2025-05-29T18:18:10.484493,2025-05-29 14:18:10,SHORT,21362.25,150.0,True,19.31,True
863,NQ,Thu,14:00,In-Sample,2025-05-29T18:18:10.484493,2025-05-29 14:18:10,SHORT,21362.25,55.0,True,19.31,True
863,NQ,Thu,14:00,In-Sample,2025-05-29T18:18:10.484788,2025-05-29 14:18:10,SHORT,21362.25,75.0,True,19.31,True
863,NQ,Thu,14:00,In-Sample,2025-05-29T18:18:10.484788,2025-05-29 14:18:10,SHORT,21362.25,150.0,True,19.31,True
863,NQ,Thu,14:00,In-Sample,2025-05-29T18:18:10.484788,2025-05-29 14:18:10,SHORT,21362.25,415.0,True,19.31,True
863,NQ,Thu,14:00,In-Sample,2025-05-29T18:18:18.425065,2025-05-29 14:18:18,SHORT,21355.75,50.0,True,19.31,True
863,NQ,Thu,14:00,In-Sample,2025-05-29T18:18:18.425065,2025-05-29 14:18:18,SHORT,21355.75,105.0,True,19.31,True
863,NQ,Thu,14:00,In-Sample,2025-05-29T18:18:18.425065,2025-05-29 14:18:18,SHORT,21355.75,225.0,True,19.31,True
863,NQ,Thu,14:00,In-Sample,2025-05-29T18:19:56.258122,2025-05-29 14:19:56,SHORT,21345.75,75.0,True,19.31,True
863,NQ,Thu,14:00,In-Sample,2025-05-29T18:19:56.258122,2025-05-29 14:19:56,SHORT,21345.75,150.0,True,19.31,True
863,NQ,Thu,14:00,In-Sample,2025-05-29T18:19:56.258122,2025-05-29 14:19:56,SHORT,21345.75,85.0,True,19.31,True
863,NQ,Thu,14:00,In-Sample,2025-05-29T18:20:00.452223,2025-05-29 14:20:00,SHORT,21345.75,65.0,True,19.31,True
863,NQ,Thu,14:00,In-Sample,2025-05-29T18:20:00.452223,2025-05-29 14:20:00,SHORT,21345.75,315.0,True,19.31,True
863,NQ,Thu,14:00,In-Sample,2025-05-29T18:20:00.452223,2025-05-29 14:20:00,SHORT,21345.75,255.0,True,19.31,True
863,NQ,Thu,14:00,In-Sample,2025-05-29T18:20:00.452387,2025-05-29 14:20:00,SHORT,21345.75,250.0,True,19.31,True
863,NQ,Thu,14:00,In-Sample,2025-05-29T18:20:00.452387,2025-05-29 14:20:00,SHORT,21345.75,30.0,True,19.31,True
863,NQ,Thu,14:00,In-Sample,2025-05-29T18:20:03.767970,2025-05-29 14:20:03,SHORT,21341.75,320.0,True,19.31,True
863,NQ,Thu,14:00,In-Sample,2025-05-29T18:20:03.767970,2025-05-29 14:20:03,SHORT,21341.75,170.0,True,19.31,True
863,NQ,Thu,14:00,In-Sample,2025-05-29T18:20:33.957050,2025-05-29 14:20:33,SHORT,21334.75,-315.0,True,19.31,True
863,NQ,Thu,14:00,In-Sample,2025-05-29T18:20:39.147397,2025-05-29 14:20:39,LONG,21334.75,100.0,True,19.31,True
863,NQ,Thu,14:00,In-Sample,2025-05-29T18:20:39.147397,2025-05-29 14:20:39,LONG,21334.75,-190.0,True,19.31,True
863,NQ,Thu,14:00,In-Sample,2025-05-29T18:21:30.914080,2025-05-29 14:21:30,SHORT,21331.0,-60.0,True,19.31,True
863,NQ,Thu,14:00,In-Sample,2025-05-29T18:22:17.547715,2025-05-29 14:22:17,LONG,21332.0,-285.0,True,19.31,True
863,NQ,Thu,14:00,In-Sample,2025-05-29T18:22:19.489463,2025-05-29 14:22:19,LONG,21334.5,80.0,True,19.31,True
863,NQ,Thu,14:00,In-Sample,2025-05-29T18:22:19.489463,2025-05-29 14:22:19,LONG,21334.5,280.0,True,19.31,True
863,NQ,Thu,14:00,In-Sample,2025-05-29T18:22:19.489463,2025-05-29 14:22:19,LONG,21334.5,150.0,True,19.31,True
863,NQ,Thu,14:00,In-Sample,2025-05-29T18:22:44.879123,2025-05-29 14:22:44,LONG,21333.5,2460.0,True,19.31,True
863,NQ,Thu,14:00,In-Sample,2025-05-29T18:22:58.798612,2025-05-29 14:22:58,LONG,21337.75,-915.0,True,19.31,True
863,NQ,Thu,14:00,In-Sample,2025-05-29T18:22:58.798845,2025-05-29 14:22:58,LONG,21337.75,-915.0,True,19.31,True
863,NQ,Thu,14:00,In-Sample,2025-05-29T18:22:59.080235,2025-05-29 14:22:59,LONG,21337.75,-120.0,True,19.31,True
863,NQ,Thu,14:00,In-Sample,2025-05-29T18:24:23.137378,2025-05-29 14:24:23,SHORT,21335.75,315.0,True,19.31,True
863,NQ,Thu,14:00,In-Sample,2025-05-29T18:24:23.137378,2025-05-29 14:24:23,SHORT,21335.75,-55.0,True,19.31,True
863,NQ,Thu,14:00,In-Sample,2025-05-29T18:24:23.137585,2025-05-29 14:24:23,SHORT,21335.75,-55.0,True,19.31,True
863,NQ,Thu,14:00,In-Sample,2025-05-29T18:24:23.137585,2025-05-29 14:24:23,SHORT,21335.75,-2090.0,True,19.31,True
863,NQ,Thu,14:00,In-Sample,2025-05-29T18:27:28.749291,2025-05-29 14:27:28,SHORT,21330.0,75.0,True,19.31,True
863,NQ,Thu,14:00,In-Sample,2025-05-29T18:27:28.749291,2025-05-29 14:27:28,SHORT,21330.0,160.0,True,19.31,True
863,NQ,Thu,14:00,In-Sample,2025-05-29T18:27:28.749291,2025-05-29 14:27:28,SHORT,21330.0,30.0,True,19.31,True
863,NQ,Thu,14:00,In-Sample,2025-05-29T18:27:29.009619,2025-05-29 14:27:29,SHORT,21330.5,75.0,True,19.31,True
863,NQ,Thu,14:00,In-Sample,2025-05-29T18:27:29.009619,2025-05-29 14:27:29,SHORT,21330.5,150.0,True,19.31,True
863,NQ,Thu,14:00,In-Sample,2025-05-29T18:27:29.009619,2025-05-29 14:27:29,SHORT,21330.5,95.0,True,19.31,True
863,NQ,Thu,14:00,In-Sample,2025-05-29T18:27:53.046569,2025-05-29 14:27:53,SHORT,21319.75,-360.0,True,19.31,True
863,NQ,Thu,14:00,In-Sample,2025-05-29T18:27:53.046993,2025-05-29 14:27:53,SHORT,21319.75,-360.0,True,19.31,True
863,NQ,Thu,14:00,In-Sample,2025-05-29T18:27:53.047329,2025-05-29 14:27:53,SHORT,21319.75,-735.0,True,19.31,True
863,NQ,Thu,14:00,In-Sample,2025-05-29T18:28:03.182029,2025-05-29 14:28:03,LONG,21325.5,100.0,True,19.31,True
863,NQ,Thu,14:00,In-Sample,2025-05-29T18:28:03.182029,2025-05-29 14:28:03,LONG,21325.5,200.0,True,19.31,True
863,NQ,Thu,14:00,In-Sample,2025-05-29T18:28:03.182029,2025-05-29 14:28:03,LONG,21325.5,75.0,True,19.31,True
863,NQ,Thu,14:00,In-Sample,2025-05-29T18:28:58.187235,2025-05-29 14:28:58,LONG,21339.25,320.0,True,19.31,True
863,NQ,Thu,14:00,In-Sample,2025-05-29T18:28:58.187235,2025-05-29 14:28:58,LONG,21339.25,645.0,True,19.31,True
863,NQ,Thu,14:00,In-Sample,2025-05-29T18:28:58.187235,2025-05-29 14:28:58,LONG,21339.25,670.0,True,19.31,True
863,NQ,Thu,14:00,In-Sample,2025-05-29T18:28:58.451378,2025-05-29 14:28:58,LONG,21338.5,320.0,True,19.31,True
863,NQ,Thu,14:00,In-Sample,2025-05-29T18:28:58.451378,2025-05-29 14:28:58,LONG,21338.5,645.0,True,19.31,True
863,NQ,Thu,14:00,In-Sample,2025-05-29T18:28:58.451378,2025-05-29 14:28:58,LONG,21338.5,685.0,True,19.31,True
863,NQ,Thu,14:00,In-Sample,2025-06-05T18:01:39.088975,2025-06-05 14:01:39,SHORT,21724.5,260.0,True,17.61,True
863,NQ,Thu,14:00,In-Sample,2025-06-05T18:01:39.088975,2025-06-05 14:01:39,SHORT,21724.5,520.0,True,17.61,True
863,NQ,Thu,14:00,In-Sample,2025-06-05T18:01:39.088975,2025-06-05 14:01:39,SHORT,21724.5,355.0,True,17.61,True
863,NQ,Thu,14:00,In-Sample,2025-06-05T18:02:20.921369,2025-06-05 14:02:20,SHORT,21718.75,190.0,True,17.61,True
863,NQ,Thu,14:00,In-Sample,2025-06-05T18:02:20.921369,2025-06-05 14:02:20,SHORT,21718.75,375.0,True,17.61,True
863,NQ,Thu,14:00,In-Sample,2025-06-05T18:02:20.921369,2025-06-05 14:02:20,SHORT,21718.75,240.0,True,17.61,True
863,NQ,Thu,14:00,In-Sample,2025-06-05T18:02:20.942590,2025-06-05 14:02:20,SHORT,21718.5,3900.0,True,17.61,True
863,NQ,Thu,14:00,In-Sample,2025-06-05T18:02:20.976342,2025-06-05 14:02:20,SHORT,21718.75,190.0,True,17.61,True
863,NQ,Thu,14:00,In-Sample,2025-06-05T18:02:20.976342,2025-06-05 14:02:20,SHORT,21718.75,375.0,True,17.61,True
863,NQ,Thu,14:00,In-Sample,2025-06-05T18:02:20.976342,2025-06-05 14:02:20,SHORT,21718.75,240.0,True,17.61,True
863,NQ,Thu,14:00,In-Sample,2025-06-05T18:02:33.091151,2025-06-05 14:02:33,LONG,21720.0,-210.0,True,17.61,True
863,NQ,Thu,14:00,In-Sample,2025-06-05T18:03:53.843946,2025-06-05 14:03:53,LONG,21703.75,100.0,True,17.61,True
863,NQ,Thu,14:00,In-Sample,2025-06-05T18:03:53.843946,2025-06-05 14:03:53,LONG,21703.75,-250.0,True,17.61,True
863,NQ,Thu,14:00,In-Sample,2025-06-05T18:05:34.611430,2025-06-05 14:05:34,SHORT,21699.5,260.0,True,17.61,True
863,NQ,Thu,14:00,In-Sample,2025-06-05T18:05:34.611430,2025-06-05 14:05:34,SHORT,21699.5,120.0,True,17.61,True
863,NQ,Thu,14:00,In-Sample,2025-06-05T18:05:35.591104,2025-06-05 14:05:35,SHORT,21695.5,-285.0,True,17.61,True
863,NQ,Thu,14:00,In-Sample,2025-06-05T18:05:35.864701,2025-06-05 14:05:35,SHORT,21695.0,-315.0,True,17.61,True
863,NQ,Thu,14:00,In-Sample,2025-06-05T18:06:27.424052,2025-06-05 14:06:27,SHORT,21692.75,-1335.0,True,17.61,True
863,NQ,Thu,14:00,In-Sample,2025-06-05T18:06:27.463615,2025-06-05 14:06:27,SHORT,21692.5,-255.0,True,17.61,True
863,NQ,Thu,14:00,In-Sample,2025-06-05T18:06:27.464061,2025-06-05 14:06:27,SHORT,21692.5,205.0,True,17.61,True
863,NQ,Thu,14:00,In-Sample,2025-06-05T18:06:27.464061,2025-06-05 14:06:27,SHORT,21692.5,-10.0,True,17.61,True
863,NQ,Thu,14:00,In-Sample,2025-06-05T18:08:14.233055,2025-06-05 14:08:14,LONG,21690.5,100.0,True,17.61,True
863,NQ,Thu,14:00,In-Sample,2025-06-05T18:08:14.233055,2025-06-05 14:08:14,LONG,21690.5,200.0,True,17.61,True
863,NQ,Thu,14:00,In-Sample,2025-06-05T18:08:14.233055,2025-06-05 14:08:14,LONG,21690.5,60.0,True,17.61,True
863,NQ,Thu,14:00,In-Sample,2025-06-05T18:08:29.274420,2025-06-05 14:08:29,LONG,21697.0,-675.0,True,17.61,True
863,NQ,Thu,14:00,In-Sample,2025-06-05T18:08:29.274698,2025-06-05 14:08:29,LONG,21697.0,-675.0,True,17.61,True
863,NQ,Thu,14:00,In-Sample,2025-06-05T18:09:36.212356,2025-06-05 14:09:36,SHORT,21690.25,265.0,True,17.61,True
863,NQ,Thu,14:00,In-Sample,2025-06-05T18:09:36.212356,2025-06-05 14:09:36,SHORT,21690.25,530.0,True,17.61,True
863,NQ,Thu,14:00,In-Sample,2025-06-05T18:09:36.212356,2025-06-05 14:09:36,SHORT,21690.25,365.0,True,17.61,True
863,NQ,Thu,14:00,In-Sample,2025-06-05T18:10:48.381347,2025-06-05 14:10:48,SHORT,21679.75,-300.0,True,17.61,True
863,NQ,Thu,14:00,In-Sample,2025-06-05T18:10:48.653668,2025-06-05 14:10:48,SHORT,21682.0,-165.0,True,17.61,True
863,NQ,Thu,14:00,In-Sample,2025-06-05T18:12:04.199837,2025-06-05 14:12:04,LONG,21697.25,-1065.0,True,17.61,True
863,NQ,Thu,14:00,In-Sample,2025-06-05T18:12:04.481610,2025-06-05 14:12:04,LONG,21697.75,-1095.0,True,17.61,True
863,NQ,Thu,14:00,In-Sample,2025-06-05T18:13:09.086887,2025-06-05 14:13:09,LONG,21700.0,-195.0,True,17.61,True
863,NQ,Thu,14:00,In-Sample,2025-06-05T18:13:09.329517,2025-06-05 14:13:09,LONG,21700.0,-195.0,True,17.61,True
863,NQ,Thu,14:00,In-Sample,2025-06-05T18:14:02.135417,2025-06-05 14:14:02,SHORT,21682.5,50.0,True,17.61,True
863,NQ,Thu,14:00,In-Sample,2025-06-05T18:14:02.135417,2025-06-05 14:14:02,SHORT,21682.5,100.0,True,17.61,True
863,NQ,Thu,14:00,In-Sample,2025-06-05T18:14:02.135417,2025-06-05 14:14:02,SHORT,21682.5,225.0,True,17.61,True
863,NQ,Thu,14:00,In-Sample,2025-06-05T18:15:01.467002,2025-06-05 14:15:01,SHORT,21679.25,210.0,True,17.61,True
863,NQ,Thu,14:00,In-Sample,2025-06-05T18:15:01.467002,2025-06-05 14:15:01,SHORT,21679.25,290.0,True,17.61,True
863,NQ,Thu,14:00,In-Sample,2025-06-05T18:15:01.563140,2025-06-05 14:15:01,SHORT,21678.25,210.0,True,17.61,True
863,NQ,Thu,14:00,In-Sample,2025-06-05T18:15:01.563140,2025-06-05 14:15:01,SHORT,21678.25,420.0,True,17.61,True
863,NQ,Thu,14:00,In-Sample,2025-06-05T18:15:01.563140,2025-06-05 14:15:01,SHORT,21678.25,1085.0,True,17.61,True
863,NQ,Thu,14:00,In-Sample,2025-06-05T18:15:27.177967,2025-06-05 14:15:27,SHORT,21669.25,275.0,True,17.61,True
863,NQ,Thu,14:00,In-Sample,2025-06-05T18:15:27.177967,2025-06-05 14:15:27,SHORT,21669.25,550.0,True,17.61,True
863,NQ,Thu,14:00,In-Sample,2025-06-05T18:15:27.177967,2025-06-05 14:15:27,SHORT,21669.25,485.0,True,17.61,True
863,NQ,Thu,14:00,In-Sample,2025-06-05T18:15:27.178309,2025-06-05 14:15:27,SHORT,21669.25,75.0,True,17.61,True
863,NQ,Thu,14:00,In-Sample,2025-06-05T18:15:27.178309,2025-06-05 14:15:27,SHORT,21669.25,150.0,True,17.61,True
863,NQ,Thu,14:00,In-Sample,2025-06-05T18:15:27.178309,2025-06-05 14:15:27,SHORT,21669.25,-40.0,True,17.61,True
863,NQ,Thu,14:00,In-Sample,2025-06-05T18:15:27.178437,2025-06-05 14:15:27,SHORT,21669.25,275.0,True,17.61,True
863,NQ,Thu,14:00,In-Sample,2025-06-05T18:15:27.178437,2025-06-05 14:15:27,SHORT,21669.25,550.0,True,17.61,True
863,NQ,Thu,14:00,In-Sample,2025-06-05T18:15:27.178437,2025-06-05 14:15:27,SHORT,21669.25,905.0,True,17.61,True
863,NQ,Thu,14:00,In-Sample,2025-06-05T18:15:27.178573,2025-06-05 14:15:27,SHORT,21669.5,-100.0,True,17.61,True
863,NQ,Thu,14:00,In-Sample,2025-06-05T18:15:27.179533,2025-06-05 14:15:27,SHORT,21668.5,75.0,True,17.61,True
863,NQ,Thu,14:00,In-Sample,2025-06-05T18:15:27.179533,2025-06-05 14:15:27,SHORT,21668.5,10.0,True,17.61,True
863,NQ,Thu,14:00,In-Sample,2025-06-05T18:15:30.303643,2025-06-05 14:15:30,SHORT,21668.5,50.0,True,17.61,True
863,NQ,Thu,14:00,In-Sample,2025-06-05T18:15:30.303643,2025-06-05 14:15:30,SHORT,21668.5,100.0,True,17.61,True
863,NQ,Thu,14:00,In-Sample,2025-06-05T18:15:30.303643,2025-06-05 14:15:30,SHORT,21668.5,-70.0,True,17.61,True
863,NQ,Thu,14:00,In-Sample,2025-06-05T18:16:15.701233,2025-06-05 14:16:15,LONG,21672.0,-645.0,True,17.61,True
863,NQ,Thu,14:00,In-Sample,2025-06-05T18:16:15.768165,2025-06-05 14:16:15,LONG,21671.75,-630.0,True,17.61,True
863,NQ,Thu,14:00,In-Sample,2025-06-05T18:16:48.145361,2025-06-05 14:16:48,SHORT,21662.75,270.0,True,17.61,True
863,NQ,Thu,14:00,In-Sample,2025-06-05T18:16:48.145361,2025-06-05 14:16:48,SHORT,21662.75,540.0,True,17.61,True
863,NQ,Thu,14:00,In-Sample,2025-06-05T18:16:48.145361,2025-06-05 14:16:48,SHORT,21662.75,880.0,True,17.61,True
863,NQ,Thu,14:00,In-Sample,2025-06-05T18:16:48.439454,2025-06-05 14:16:48,SHORT,21662.75,270.0,True,17.61,True
863,NQ,Thu,14:00,In-Sample,2025-06-05T18:16:48.439454,2025-06-05 14:16:48,SHORT,21662.75,810.0,True,17.61,True
863,NQ,Thu,14:00,In-Sample,2025-06-05T18:16:49.295594,2025-06-05 14:16:49,SHORT,21651.5,70.0,True,17.61,True
863,NQ,Thu,14:00,In-Sample,2025-06-05T18:16:49.295594,2025-06-05 14:16:49,SHORT,21651.5,100.0,True,17.61,True
863,NQ,Thu,14:00,In-Sample,2025-06-05T18:16:49.295594,2025-06-05 14:16:49,SHORT,21651.5,230.0,True,17.61,True
863,NQ,Thu,14:00,In-Sample,2025-06-05T18:16:49.494791,2025-06-05 14:16:49,SHORT,21648.25,95.0,True,17.61,True
863,NQ,Thu,14:00,In-Sample,2025-06-05T18:16:49.494791,2025-06-05 14:16:49,SHORT,21648.25,155.0,True,17.61,True
863,NQ,Thu,14:00,In-Sample,2025-06-05T18:16:49.494791,2025-06-05 14:16:49,SHORT,21648.25,300.0,True,17.61,True
863,NQ,Thu,14:00,In-Sample,2025-06-05T18:16:49.495006,2025-06-05 14:16:49,SHORT,21648.25,95.0,True,17.61,True
863,NQ,Thu,14:00,In-Sample,2025-06-05T18:16:49.495006,2025-06-05 14:16:49,SHORT,21648.25,155.0,True,17.61,True
863,NQ,Thu,14:00,In-Sample,2025-06-05T18:16:49.495006,2025-06-05 14:16:49,SHORT,21648.25,525.0,True,17.61,True
863,NQ,Thu,14:00,In-Sample,2025-06-05T18:16:49.877159,2025-06-05 14:16:49,SHORT,21647.25,345.0,True,17.61,True
863,NQ,Thu,14:00,In-Sample,2025-06-05T18:16:49.877159,2025-06-05 14:16:49,SHORT,21647.25,420.0,True,17.61,True
863,NQ,Thu,14:00,In-Sample,2025-06-05T18:16:49.877159,2025-06-05 14:16:49,SHORT,21647.25,605.0,True,17.61,True
863,NQ,Thu,14:00,In-Sample,2025-06-05T18:16:52.389271,2025-06-05 14:16:52,LONG,21636.25,-180.0,True,17.61,True
863,NQ,Thu,14:00,In-Sample,2025-06-05T18:17:07.854717,2025-06-05 14:17:07,LONG,21622.5,75.0,True,17.61,True
863,NQ,Thu,14:00,In-Sample,2025-06-05T18:17:07.854717,2025-06-05 14:17:07,LONG,21622.5,150.0,True,17.61,True
863,NQ,Thu,14:00,In-Sample,2025-06-05T18:17:07.854717,2025-06-05 14:17:07,LONG,21622.5,180.0,True,17.61,True
863,NQ,Thu,14:00,In-Sample,2025-06-05T18:17:36.113269,2025-06-05 14:17:36,LONG,21638.75,45.0,True,17.61,True
863,NQ,Thu,14:00,In-Sample,2025-06-05T18:19:13.910374,2025-06-05 14:19:13,LONG,21653.5,300.0,True,17.61,True
863,NQ,Thu,14:00,In-Sample,2025-06-05T18:19:13.910374,2025-06-05 14:19:13,LONG,21653.5,600.0,True,17.61,True
863,NQ,Thu,14:00,In-Sample,2025-06-05T18:19:13.910374,2025-06-05 14:19:13,LONG,21653.5,915.0,True,17.61,True
863,NQ,Thu,14:00,In-Sample,2025-06-05T18:19:13.910527,2025-06-05 14:19:13,LONG,21653.5,300.0,True,17.61,True
863,NQ,Thu,14:00,In-Sample,2025-06-05T18:19:13.910527,2025-06-05 14:19:13,LONG,21653.5,900.0,True,17.61,True
863,NQ,Thu,14:00,In-Sample,2025-06-05T18:19:13.941745,2025-06-05 14:19:13,LONG,21653.5,300.0,True,17.61,True
863,NQ,Thu,14:00,In-Sample,2025-06-05T18:19:13.941745,2025-06-05 14:19:13,LONG,21653.5,600.0,True,17.61,True
863,NQ,Thu,14:00,In-Sample,2025-06-05T18:19:13.941745,2025-06-05 14:19:13,LONG,21653.5,915.0,True,17.61,True
863,NQ,Thu,14:00,In-Sample,2025-06-05T18:19:13.942059,2025-06-05 14:19:13,LONG,21654.0,210.0,True,17.61,True
863,NQ,Thu,14:00,In-Sample,2025-06-05T18:19:13.942059,2025-06-05 14:19:13,LONG,21654.0,425.0,True,17.61,True
863,NQ,Thu,14:00,In-Sample,2025-06-05T18:19:13.942059,2025-06-05 14:19:13,LONG,21654.0,225.0,True,17.61,True
863,NQ,Thu,14:00,In-Sample,2025-06-05T18:19:13.942268,2025-06-05 14:19:13,LONG,21654.0,210.0,True,17.61,True
863,NQ,Thu,14:00,In-Sample,2025-06-05T18:19:13.942268,2025-06-05 14:19:13,LONG,21654.0,425.0,True,17.61,True
863,NQ,Thu,14:00,In-Sample,2025-06-05T18:19:13.942268,2025-06-05 14:19:13,LONG,21654.0,225.0,True,17.61,True
863,NQ,Thu,14:00,In-Sample,2025-06-05T18:19:15.164612,2025-06-05 14:19:15,SHORT,21664.5,-1070.0,True,17.61,True
863,NQ,Thu,14:00,In-Sample,2025-06-05T18:19:15.237181,2025-06-05 14:19:15,LONG,21665.75,75.0,True,17.61,True
863,NQ,Thu,14:00,In-Sample,2025-06-05T18:19:15.237181,2025-06-05 14:19:15,LONG,21665.75,150.0,True,17.61,True
863,NQ,Thu,14:00,In-Sample,2025-06-05T18:19:15.237181,2025-06-05 14:19:15,LONG,21665.75,5.0,True,17.61,True
863,NQ,Thu,14:00,In-Sample,2025-06-05T18:19:15.242423,2025-06-05 14:19:15,LONG,21665.75,75.0,True,17.61,True
863,NQ,Thu,14:00,In-Sample,2025-06-05T18:19:15.242423,2025-06-05 14:19:15,LONG,21665.75,150.0,True,17.61,True
863,NQ,Thu,14:00,In-Sample,2025-06-05T18:19:15.242423,2025-06-05 14:19:15,LONG,21665.75,5.0,True,17.61,True
863,NQ,Thu,14:00,In-Sample,2025-06-05T18:20:13.709280,2025-06-05 14:20:13,SHORT,21674.75,-865.0,True,17.61,True
863,NQ,Thu,14:00,In-Sample,2025-06-05T18:20:27.727087,2025-06-05 14:20:27,SHORT,21665.0,-1060.0,True,17.61,True
863,NQ,Thu,14:00,In-Sample,2025-06-05T18:20:59.982697,2025-06-05 14:20:59,LONG,21680.5,185.0,True,17.61,True
863,NQ,Thu,14:00,In-Sample,2025-06-05T18:20:59.982697,2025-06-05 14:20:59,LONG,21680.5,415.0,True,17.61,True
863,NQ,Thu,14:00,In-Sample,2025-06-05T18:20:59.982697,2025-06-05 14:20:59,LONG,21680.5,370.0,True,17.61,True
863,NQ,Thu,14:00,In-Sample,2025-06-05T18:21:02.770667,2025-06-05 14:21:02,SHORT,21676.0,100.0,True,17.61,True
863,NQ,Thu,14:00,In-Sample,2025-06-05T18:21:02.770667,2025-06-05 14:21:02,SHORT,21676.0,200.0,True,17.61,True
863,NQ,Thu,14:00,In-Sample,2025-06-05T18:21:02.770667,2025-06-05 14:21:02,SHORT,21676.0,10.0,True,17.61,True
863,NQ,Thu,14:00,In-Sample,2025-06-05T18:21:09.794463,2025-06-05 14:21:09,SHORT,21674.5,100.0,True,17.61,True
863,NQ,Thu,14:00,In-Sample,2025-06-05T18:21:09.794463,2025-06-05 14:21:09,SHORT,21674.5,-250.0,True,17.61,True
863,NQ,Thu,14:00,In-Sample,2025-06-05T18:22:18.426751,2025-06-05 14:22:18,LONG,21681.75,75.0,True,17.61,True
863,NQ,Thu,14:00,In-Sample,2025-06-05T18:22:18.426751,2025-06-05 14:22:18,LONG,21681.75,10.0,True,17.61,True
863,NQ,Thu,14:00,In-Sample,2025-06-05T18:22:18.702670,2025-06-05 14:22:18,LONG,21682.5,75.0,True,17.61,True
863,NQ,Thu,14:00,In-Sample,2025-06-05T18:22:18.702670,2025-06-05 14:22:18,LONG,21682.5,-20.0,True,17.61,True
863,NQ,Thu,14:00,In-Sample,2025-06-05T18:23:10.783846,2025-06-05 14:23:10,LONG,21689.0,590.0,True,17.61,True
863,NQ,Thu,14:00,In-Sample,2025-06-05T18:24:47.668893,2025-06-05 14:24:47,SHORT,21702.75,-330.0,True,17.61,True
863,NQ,Thu,14:00,In-Sample,2025-06-05T18:26:13.445300,2025-06-05 14:26:13,SHORT,21699.25,-660.0,True,17.61,True
863,NQ,Thu,14:00,In-Sample,2025-06-05T18:26:13.445504,2025-06-05 14:26:13,SHORT,21699.75,-630.0,True,17.61,True
863,NQ,Thu,14:00,In-Sample,2025-06-05T18:26:13.655106,2025-06-05 14:26:13,SHORT,21699.75,-630.0,True,17.61,True
863,NQ,Thu,14:00,In-Sample,2025-06-05T18:26:13.655299,2025-06-05 14:26:13,SHORT,21699.75,-435.0,True,17.61,True
863,NQ,Thu,14:00,In-Sample,2025-06-05T18:26:13.655453,2025-06-05 14:26:13,SHORT,21699.5,-450.0,True,17.61,True
863,NQ,Thu,14:00,In-Sample,2025-06-05T18:27:03.139724,2025-06-05 14:27:03,LONG,21710.25,185.0,True,17.61,True
863,NQ,Thu,14:00,In-Sample,2025-06-05T18:27:03.139724,2025-06-05 14:27:03,LONG,21710.25,490.0,True,17.61,True
863,NQ,Thu,14:00,In-Sample,2025-06-05T18:27:03.139724,2025-06-05 14:27:03,LONG,21710.25,550.0,True,17.61,True
863,NQ,Thu,14:00,In-Sample,2025-06-12T18:02:34.951066,2025-06-12 14:02:34,SHORT,21933.5,-525.0,True,17.26,True
863,NQ,Thu,14:00,In-Sample,2025-06-12T18:03:12.551309,2025-06-12 14:03:12,SHORT,21932.0,-345.0,True,17.26,True
863,NQ,Thu,14:00,In-Sample,2025-06-12T18:03:12.551648,2025-06-12 14:03:12,SHORT,21932.0,-585.0,True,17.26,True
863,NQ,Thu,14:00,In-Sample,2025-06-12T18:03:30.866717,2025-06-12 14:03:30,SHORT,21929.5,45.0,True,17.26,True
863,NQ,Thu,14:00,In-Sample,2025-06-12T18:03:30.866717,2025-06-12 14:03:30,SHORT,21929.5,0.0,True,17.26,True
863,NQ,Thu,14:00,In-Sample,2025-06-12T18:03:30.867226,2025-06-12 14:03:30,SHORT,21929.75,-915.0,True,17.26,True
863,NQ,Thu,14:00,In-Sample,2025-06-12T18:03:30.946620,2025-06-12 14:03:30,SHORT,21929.75,-320.0,True,17.26,True
863,NQ,Thu,14:00,In-Sample,2025-06-12T18:03:30.947053,2025-06-12 14:03:30,SHORT,21929.75,-320.0,True,17.26,True
863,NQ,Thu,14:00,In-Sample,2025-06-12T18:04:20.428775,2025-06-12 14:04:20,LONG,21937.75,-15.0,True,17.26,True
863,NQ,Thu,14:00,In-Sample,2025-06-12T18:04:20.429024,2025-06-12 14:04:20,LONG,21937.75,-15.0,True,17.26,True
863,NQ,Thu,14:00,In-Sample,2025-06-12T18:13:18.646076,2025-06-12 14:13:18,SHORT,21942.5,210.0,True,17.26,True
863,NQ,Thu,14:00,In-Sample,2025-06-12T18:13:18.646076,2025-06-12 14:13:18,SHORT,21942.5,420.0,True,17.26,True
863,NQ,Thu,14:00,In-Sample,2025-06-12T18:13:18.646076,2025-06-12 14:13:18,SHORT,21942.5,275.0,True,17.26,True
863,NQ,Thu,14:00,In-Sample,2025-06-12T18:14:51.820181,2025-06-12 14:14:51,SHORT,21937.0,-310.0,True,17.26,True
863,NQ,Thu,14:00,In-Sample,2025-06-12T18:14:52.075948,2025-06-12 14:14:52,SHORT,21937.0,-310.0,True,17.26,True
863,NQ,Thu,14:00,In-Sample,2025-06-12T18:16:13.726896,2025-06-12 14:16:13,LONG,21944.75,-670.0,True,17.26,True
863,NQ,Thu,14:00,In-Sample,2025-06-12T18:16:13.727224,2025-06-12 14:16:13,LONG,21944.75,-670.0,True,17.26,True
863,NQ,Thu,14:00,In-Sample,2025-06-12T18:17:11.856986,2025-06-12 14:17:11,SHORT,21936.25,40.0,True,17.26,True
863,NQ,Thu,14:00,In-Sample,2025-06-12T18:17:11.856986,2025-06-12 14:17:11,SHORT,21936.25,0.0,True,17.26,True
863,NQ,Thu,14:00,In-Sample,2025-06-12T18:17:11.888495,2025-06-12 14:17:11,SHORT,21936.25,170.0,True,17.26,True
863,NQ,Thu,14:00,In-Sample,2025-06-12T18:17:11.888495,2025-06-12 14:17:11,SHORT,21936.25,380.0,True,17.26,True
863,NQ,Thu,14:00,In-Sample,2025-06-12T18:17:11.888495,2025-06-12 14:17:11,SHORT,21936.25,335.0,True,17.26,True
863,NQ,Thu,14:00,In-Sample,2025-06-12T18:17:12.149986,2025-06-12 14:17:12,SHORT,21936.25,110.0,True,17.26,True
863,NQ,Thu,14:00,In-Sample,2025-06-12T18:17:12.149986,2025-06-12 14:17:12,SHORT,21936.25,250.0,True,17.26,True
863,NQ,Thu,14:00,In-Sample,2025-06-12T18:17:12.149986,2025-06-12 14:17:12,SHORT,21936.25,150.0,True,17.26,True
863,NQ,Thu,14:00,In-Sample,2025-06-12T18:19:07.364751,2025-06-12 14:19:07,SHORT,21932.5,145.0,True,17.26,True
863,NQ,Thu,14:00,In-Sample,2025-06-12T18:19:07.364751,2025-06-12 14:19:07,SHORT,21932.5,290.0,True,17.26,True
863,NQ,Thu,14:00,In-Sample,2025-06-12T18:19:07.364751,2025-06-12 14:19:07,SHORT,21932.5,90.0,True,17.26,True
863,NQ,Thu,14:00,In-Sample,2025-06-12T18:19:07.570269,2025-06-12 14:19:07,SHORT,21932.75,145.0,True,17.26,True
863,NQ,Thu,14:00,In-Sample,2025-06-12T18:19:07.570269,2025-06-12 14:19:07,SHORT,21932.75,290.0,True,17.26,True
863,NQ,Thu,14:00,In-Sample,2025-06-12T18:19:07.570269,2025-06-12 14:19:07,SHORT,21932.75,90.0,True,17.26,True
863,NQ,Thu,14:00,In-Sample,2025-06-12T18:25:10.108170,2025-06-12 14:25:10,LONG,21930.0,-660.0,True,17.26,True
863,NQ,Thu,14:00,In-Sample,2025-06-12T18:25:10.108604,2025-06-12 14:25:10,LONG,21930.0,-660.0,True,17.26,True
863,NQ,Thu,14:00,In-Sample,2025-06-12T18:27:41.533617,2025-06-12 14:27:41,SHORT,21921.5,210.0,True,17.26,True
863,NQ,Thu,14:00,In-Sample,2025-06-12T18:27:41.533617,2025-06-12 14:27:41,SHORT,21921.5,110.0,True,17.26,True
863,NQ,Thu,14:00,In-Sample,2025-06-12T18:27:44.399617,2025-06-12 14:27:44,SHORT,21913.75,145.0,True,17.26,True
863,NQ,Thu,14:00,In-Sample,2025-06-12T18:27:44.399617,2025-06-12 14:27:44,SHORT,21913.75,-180.0,True,17.26,True
863,NQ,Thu,14:00,In-Sample,2025-06-12T18:27:44.400316,2025-06-12 14:27:44,SHORT,21912.25,145.0,True,17.26,True
863,NQ,Thu,14:00,In-Sample,2025-06-12T18:27:44.400316,2025-06-12 14:27:44,SHORT,21912.25,-240.0,True,17.26,True
863,NQ,Thu,14:00,In-Sample,2025-06-12T18:27:44.589212,2025-06-12 14:27:44,SHORT,21911.25,75.0,True,17.26,True
863,NQ,Thu,14:00,In-Sample,2025-06-12T18:27:44.589212,2025-06-12 14:27:44,SHORT,21911.25,150.0,True,17.26,True
863,NQ,Thu,14:00,In-Sample,2025-06-12T18:27:44.589624,2025-06-12 14:27:44,SHORT,21911.25,75.0,True,17.26,True
863,NQ,Thu,14:00,In-Sample,2025-06-12T18:27:44.589624,2025-06-12 14:27:44,SHORT,21911.25,150.0,True,17.26,True
863,NQ,Thu,14:00,In-Sample,2025-06-12T18:27:55.071570,2025-06-12 14:27:55,LONG,21912.75,240.0,True,17.26,True
863,NQ,Thu,14:00,In-Sample,2025-06-12T18:27:57.103860,2025-06-12 14:27:57,LONG,21913.25,-15.0,True,17.26,True
863,NQ,Thu,14:00,In-Sample,2025-06-12T18:27:57.180246,2025-06-12 14:27:57,LONG,21913.25,230.0,True,17.26,True
863,NQ,Thu,14:00,In-Sample,2025-06-12T18:28:02.578013,2025-06-12 14:28:02,LONG,21918.25,-20.0,True,17.26,True
863,NQ,Thu,14:00,In-Sample,2025-06-12T18:28:02.671629,2025-06-12 14:28:02,LONG,21918.25,-20.0,True,17.26,True
863,NQ,Thu,14:00,In-Sample,2025-06-12T18:28:05.569255,2025-06-12 14:28:05,LONG,21918.75,215.0,True,17.26,True
863,NQ,Thu,14:00,In-Sample,2025-06-12T18:28:05.569255,2025-06-12 14:28:05,LONG,21918.75,220.0,True,17.26,True
863,NQ,Thu,14:00,In-Sample,2025-06-12T18:28:05.569616,2025-06-12 14:28:05,LONG,21918.75,215.0,True,17.26,True
863,NQ,Thu,14:00,In-Sample,2025-06-12T18:28:05.569616,2025-06-12 14:28:05,LONG,21918.75,220.0,True,17.26,True
863,NQ,Thu,14:00,In-Sample,2025-06-26T18:03:52.689959,2025-06-26 14:03:52,LONG,22647.75,25.0,True,16.76,True
863,NQ,Thu,14:00,In-Sample,2025-06-26T18:03:52.689959,2025-06-26 14:03:52,LONG,22647.75,245.0,True,16.76,True
863,NQ,Thu,14:00,In-Sample,2025-06-26T18:03:52.790079,2025-06-26 14:03:52,LONG,22647.75,245.0,True,16.76,True
863,NQ,Thu,14:00,In-Sample,2025-06-26T18:05:26.514002,2025-06-26 14:05:26,SHORT,22660.0,-185.0,True,16.76,True
863,NQ,Thu,14:00,In-Sample,2025-06-26T18:05:27.278916,2025-06-26 14:05:27,LONG,22663.75,50.0,True,16.76,True
863,NQ,Thu,14:00,In-Sample,2025-06-26T18:05:27.278916,2025-06-26 14:05:27,LONG,22663.75,100.0,True,16.76,True
863,NQ,Thu,14:00,In-Sample,2025-06-26T18:05:27.278916,2025-06-26 14:05:27,LONG,22663.75,-135.0,True,16.76,True
863,NQ,Thu,14:00,In-Sample,2025-06-26T18:05:39.545787,2025-06-26 14:05:39,SHORT,22654.25,-300.0,True,16.76,True
863,NQ,Thu,14:00,In-Sample,2025-06-26T18:07:41.350658,2025-06-26 14:07:41,SHORT,22651.25,-705.0,True,16.76,True
863,NQ,Thu,14:00,In-Sample,2025-06-26T18:12:55.962995,2025-06-26 14:12:55,LONG,22669.25,105.0,True,16.76,True
863,NQ,Thu,14:00,In-Sample,2025-06-26T18:13:59.980703,2025-06-26 14:13:59,SHORT,22673.5,-5.0,True,16.76,True
863,NQ,Thu,14:00,In-Sample,2025-06-26T18:14:00.320707,2025-06-26 14:14:00,LONG,22673.75,25.0,True,16.76,True
863,NQ,Thu,14:00,In-Sample,2025-06-26T18:14:00.320707,2025-06-26 14:14:00,LONG,22673.75,10.0,True,16.76,True
863,NQ,Thu,14:00,In-Sample,2025-06-26T18:14:39.049309,2025-06-26 14:14:39,SHORT,22674.25,180.0,True,16.76,True
863,NQ,Thu,14:00,In-Sample,2025-06-26T18:16:11.512326,2025-06-26 14:16:11,SHORT,22681.0,385.0,True,16.76,True
863,NQ,Thu,14:00,In-Sample,2025-06-26T18:17:36.814082,2025-06-26 14:17:36,SHORT,22675.25,395.0,True,16.76,True
863,NQ,Thu,14:00,Out-of-Sample,2025-07-10T18:01:07.887015,2025-07-10 14:01:07,SHORT,23031.75,-290.0,True,15.94,True
863,NQ,Thu,14:00,Out-of-Sample,2025-07-10T18:01:07.888421,2025-07-10 14:01:07,SHORT,23032.0,-390.0,True,15.94,True
863,NQ,Thu,14:00,Out-of-Sample,2025-07-10T18:01:08.125308,2025-07-10 14:01:08,SHORT,23032.0,-570.0,True,15.94,True
863,NQ,Thu,14:00,Out-of-Sample,2025-07-10T18:01:18.271339,2025-07-10 14:01:18,SHORT,23030.25,-495.0,True,15.94,True
863,NQ,Thu,14:00,Out-of-Sample,2025-07-10T18:07:03.160147,2025-07-10 14:07:03,LONG,23040.75,-270.0,True,15.94,True
863,NQ,Thu,14:00,Out-of-Sample,2025-07-10T18:07:20.298327,2025-07-10 14:07:20,SHORT,23041.5,-180.0,True,15.94,True
863,NQ,Thu,14:00,Out-of-Sample,2025-07-10T18:11:03.340698,2025-07-10 14:11:03,SHORT,23035.25,-510.0,True,15.94,True
863,NQ,Thu,14:00,Out-of-Sample,2025-07-10T18:11:03.408793,2025-07-10 14:11:03,SHORT,23035.25,-555.0,True,15.94,True
863,NQ,Thu,14:00,Out-of-Sample,2025-07-10T18:15:19.030771,2025-07-10 14:15:19,SHORT,23034.75,-630.0,True,15.94,True
863,NQ,Thu,14:00,Out-of-Sample,2025-07-10T18:15:26.073482,2025-07-10 14:15:26,SHORT,23034.0,-450.0,True,15.94,True
863,NQ,Thu,14:00,Out-of-Sample,2025-07-10T18:16:40.434993,2025-07-10 14:16:40,LONG,23042.5,20.0,True,15.94,True
863,NQ,Thu,14:00,Out-of-Sample,2025-07-10T18:16:40.434993,2025-07-10 14:16:40,LONG,23042.5,-160.0,True,15.94,True
863,NQ,Thu,14:00,Out-of-Sample,2025-07-10T18:16:45.917820,2025-07-10 14:16:45,LONG,23043.5,30.0,True,15.94,True
863,NQ,Thu,14:00,Out-of-Sample,2025-07-10T18:16:45.917820,2025-07-10 14:16:45,LONG,23043.5,20.0,True,15.94,True
863,NQ,Thu,14:00,Out-of-Sample,2025-07-10T18:20:10.552790,2025-07-10 14:20:10,SHORT,23041.5,-390.0,True,15.94,True
863,NQ,Thu,14:00,Out-of-Sample,2025-07-10T18:20:10.628941,2025-07-10 14:20:10,SHORT,23041.5,115.0,True,15.94,True
863,NQ,Thu,14:00,Out-of-Sample,2025-07-10T18:20:10.628941,2025-07-10 14:20:10,SHORT,23041.5,230.0,True,15.94,True
863,NQ,Thu,14:00,Out-of-Sample,2025-07-10T18:20:10.628941,2025-07-10 14:20:10,SHORT,23041.5,110.0,True,15.94,True
863,NQ,Thu,14:00,Out-of-Sample,2025-07-10T18:22:13.044623,2025-07-10 14:22:13,LONG,23048.75,-930.0,True,15.94,True
863,NQ,Thu,14:00,Out-of-Sample,2025-07-10T18:22:35.186220,2025-07-10 14:22:35,SHORT,23046.0,100.0,True,15.94,True
863,NQ,Thu,14:00,Out-of-Sample,2025-07-10T18:22:35.186220,2025-07-10 14:22:35,SHORT,23046.0,200.0,True,15.94,True
863,NQ,Thu,14:00,Out-of-Sample,2025-07-10T18:22:35.186220,2025-07-10 14:22:35,SHORT,23046.0,240.0,True,15.94,True
863,NQ,Thu,14:00,Out-of-Sample,2025-07-10T18:23:11.683025,2025-07-10 14:23:11,SHORT,23042.5,125.0,True,15.94,True
863,NQ,Thu,14:00,Out-of-Sample,2025-07-10T18:23:11.683025,2025-07-10 14:23:11,SHORT,23042.5,175.0,True,15.94,True
863,NQ,Thu,14:00,Out-of-Sample,2025-07-10T18:24:36.828610,2025-07-10 14:24:36,SHORT,23037.75,75.0,True,15.94,True
863,NQ,Thu,14:00,Out-of-Sample,2025-07-10T18:24:36.828610,2025-07-10 14:24:36,SHORT,23037.75,10.0,True,15.94,True
863,NQ,Thu,14:00,Out-of-Sample,2025-07-10T18:25:26.280112,2025-07-10 14:25:26,SHORT,23036.25,115.0,True,15.94,True
863,NQ,Thu,14:00,Out-of-Sample,2025-07-10T18:25:26.280112,2025-07-10 14:25:26,SHORT,23036.25,230.0,True,15.94,True
863,NQ,Thu,14:00,Out-of-Sample,2025-07-10T18:25:26.280112,2025-07-10 14:25:26,SHORT,23036.25,40.0,True,15.94,True
863,NQ,Thu,14:00,Out-of-Sample,2025-07-10T18:25:26.280371,2025-07-10 14:25:26,SHORT,23036.25,120.0,True,15.94,True
863,NQ,Thu,14:00,Out-of-Sample,2025-07-10T18:25:26.280371,2025-07-10 14:25:26,SHORT,23036.25,5.0,True,15.94,True
863,NQ,Thu,14:00,Out-of-Sample,2025-07-10T18:28:55.950389,2025-07-10 14:28:55,SHORT,23034.5,80.0,True,15.94,True
863,NQ,Thu,14:00,Out-of-Sample,2025-07-10T18:28:55.950389,2025-07-10 14:28:55,SHORT,23034.5,10.0,True,15.94,True
863,NQ,Thu,14:00,Out-of-Sample,2025-07-10T18:28:55.950557,2025-07-10 14:28:55,SHORT,23034.5,30.0,True,15.94,True
863,NQ,Thu,14:00,Out-of-Sample,2025-07-17T18:01:26.383110,2025-07-17 14:01:26,SHORT,23270.75,95.0,True,17.16,True
863,NQ,Thu,14:00,Out-of-Sample,2025-07-17T18:01:26.383110,2025-07-17 14:01:26,SHORT,23270.75,185.0,True,17.16,True
863,NQ,Thu,14:00,Out-of-Sample,2025-07-17T18:01:26.383110,2025-07-17 14:01:26,SHORT,23270.75,480.0,True,17.16,True
863,NQ,Thu,14:00,Out-of-Sample,2025-07-17T18:01:26.437492,2025-07-17 14:01:26,SHORT,23270.75,95.0,True,17.16,True
863,NQ,Thu,14:00,Out-of-Sample,2025-07-17T18:01:26.437492,2025-07-17 14:01:26,SHORT,23270.75,185.0,True,17.16,True
863,NQ,Thu,14:00,Out-of-Sample,2025-07-17T18:01:26.437492,2025-07-17 14:01:26,SHORT,23270.75,480.0,True,17.16,True
863,NQ,Thu,14:00,Out-of-Sample,2025-07-17T18:02:47.516712,2025-07-17 14:02:47,SHORT,23267.5,440.0,True,17.16,True
863,NQ,Thu,14:00,Out-of-Sample,2025-07-17T18:04:07.840527,2025-07-17 14:04:07,SHORT,23262.75,150.0,True,17.16,True
863,NQ,Thu,14:00,Out-of-Sample,2025-07-17T18:04:07.840527,2025-07-17 14:04:07,SHORT,23262.75,300.0,True,17.16,True
863,NQ,Thu,14:00,Out-of-Sample,2025-07-17T18:04:07.840527,2025-07-17 14:04:07,SHORT,23262.75,325.0,True,17.16,True
863,NQ,Thu,14:00,Out-of-Sample,2025-07-17T18:04:34.827331,2025-07-17 14:04:34,SHORT,23261.5,250.0,True,17.16,True
863,NQ,Thu,14:00,Out-of-Sample,2025-07-17T18:04:34.827331,2025-07-17 14:04:34,SHORT,23261.5,345.0,True,17.16,True
863,NQ,Thu,14:00,Out-of-Sample,2025-07-17T18:04:34.827331,2025-07-17 14:04:34,SHORT,23261.5,295.0,True,17.16,True
863,NQ,Thu,14:00,Out-of-Sample,2025-07-17T18:06:00.210904,2025-07-17 14:06:00,SHORT,23257.0,65.0,True,17.16,True
863,NQ,Thu,14:00,Out-of-Sample,2025-07-17T18:06:00.210904,2025-07-17 14:06:00,SHORT,23257.0,150.0,True,17.16,True
863,NQ,Thu,14:00,Out-of-Sample,2025-07-17T18:06:00.210904,2025-07-17 14:06:00,SHORT,23257.0,50.0,True,17.16,True
863,NQ,Thu,14:00,Out-of-Sample,2025-07-17T18:10:20.086184,2025-07-17 14:10:20,SHORT,23250.25,215.0,True,17.16,True
863,NQ,Thu,14:00,Out-of-Sample,2025-07-17T18:10:20.086184,2025-07-17 14:10:20,SHORT,23250.25,75.0,True,17.16,True
863,NQ,Thu,14:00,Out-of-Sample,2025-07-17T18:10:20.086184,2025-07-17 14:10:20,SHORT,23250.25,-180.0,True,17.16,True
863,NQ,Thu,14:00,Out-of-Sample,2025-07-17T18:10:20.086410,2025-07-17 14:10:20,SHORT,23250.25,-570.0,True,17.16,True
863,NQ,Thu,14:00,Out-of-Sample,2025-07-17T18:18:09.551023,2025-07-17 14:18:09,SHORT,23245.0,-360.0,True,17.16,True
863,NQ,Thu,14:00,Out-of-Sample,2025-07-17T18:18:09.551205,2025-07-17 14:18:09,SHORT,23245.0,-570.0,True,17.16,True
863,NQ,Thu,14:00,Out-of-Sample,2025-07-17T18:21:36.960952,2025-07-17 14:21:36,SHORT,23248.0,-570.0,True,17.16,True
863,NQ,Thu,14:00,Out-of-Sample,2025-07-17T18:21:37.127028,2025-07-17 14:21:37,SHORT,23248.25,-510.0,True,17.16,True
863,NQ,Thu,14:00,Out-of-Sample,2025-07-17T18:25:03.228151,2025-07-17 14:25:03,LONG,23259.75,-345.0,True,17.16,True
863,NQ,Thu,14:00,Out-of-Sample,2025-07-17T18:25:03.286424,2025-07-17 14:25:03,LONG,23259.25,95.0,True,17.16,True
863,NQ,Thu,14:00,Out-of-Sample,2025-07-17T18:25:03.286424,2025-07-17 14:25:03,LONG,23259.25,5.0,True,17.16,True
863,NQ,Thu,14:00,Out-of-Sample,2025-07-17T18:25:03.311734,2025-07-17 14:25:03,LONG,23259.25,-315.0,True,17.16,True
863,NQ,Thu,14:00,Out-of-Sample,2025-07-17T18:25:33.524707,2025-07-17 14:25:33,SHORT,23254.0,95.0,True,17.16,True
863,NQ,Thu,14:00,Out-of-Sample,2025-07-17T18:25:33.524707,2025-07-17 14:25:33,SHORT,23254.0,20.0,True,17.16,True
863,NQ,Thu,14:00,Out-of-Sample,2025-07-17T18:25:33.680569,2025-07-17 14:25:33,SHORT,23254.0,95.0,True,17.16,True
863,NQ,Thu,14:00,Out-of-Sample,2025-07-17T18:25:33.680569,2025-07-17 14:25:33,SHORT,23254.0,-200.0,True,17.16,True
863,NQ,Thu,14:00,Out-of-Sample,2025-07-24T18:03:06.806193,2025-07-24 14:03:06,LONG,23397.25,80.0,True,15.37,True
863,NQ,Thu,14:00,Out-of-Sample,2025-07-24T18:03:06.806193,2025-07-24 14:03:06,LONG,23397.25,10.0,True,15.37,True
863,NQ,Thu,14:00,Out-of-Sample,2025-07-24T18:06:20.473320,2025-07-24 14:06:20,LONG,23399.25,30.0,True,15.37,True
863,NQ,Thu,14:00,Out-of-Sample,2025-07-24T18:06:20.473320,2025-07-24 14:06:20,LONG,23399.25,10.0,True,15.37,True
863,NQ,Thu,14:00,Out-of-Sample,2025-07-24T18:09:08.136721,2025-07-24 14:09:08,SHORT,23405.0,130.0,True,15.37,True
863,NQ,Thu,14:00,Out-of-Sample,2025-07-24T18:10:04.523266,2025-07-24 14:10:04,LONG,23408.5,30.0,True,15.37,True
863,NQ,Thu,14:00,Out-of-Sample,2025-07-24T18:10:04.523266,2025-07-24 14:10:04,LONG,23408.5,145.0,True,15.37,True
863,NQ,Thu,14:00,Out-of-Sample,2025-07-24T18:10:04.523266,2025-07-24 14:10:04,LONG,23408.5,75.0,True,15.37,True
863,NQ,Thu,14:00,Out-of-Sample,2025-07-24T18:10:11.416007,2025-07-24 14:10:11,SHORT,23412.0,170.0,True,15.37,True
863,NQ,Thu,14:00,Out-of-Sample,2025-07-24T18:10:11.686359,2025-07-24 14:10:11,LONG,23411.5,50.0,True,15.37,True
863,NQ,Thu,14:00,Out-of-Sample,2025-07-24T18:10:11.686359,2025-07-24 14:10:11,LONG,23411.5,100.0,True,15.37,True
863,NQ,Thu,14:00,Out-of-Sample,2025-07-24T18:10:11.686359,2025-07-24 14:10:11,LONG,23411.5,0.0,True,15.37,True
863,NQ,Thu,14:00,Out-of-Sample,2025-07-24T18:10:11.686517,2025-07-24 14:10:11,LONG,23411.5,75.0,True,15.37,True
863,NQ,Thu,14:00,Out-of-Sample,2025-07-24T18:10:11.686517,2025-07-24 14:10:11,LONG,23411.5,150.0,True,15.37,True
863,NQ,Thu,14:00,Out-of-Sample,2025-07-24T18:10:11.686517,2025-07-24 14:10:11,LONG,23411.5,0.0,True,15.37,True
863,NQ,Thu,14:00,Out-of-Sample,2025-07-24T18:10:57.904135,2025-07-24 14:10:57,LONG,23416.5,95.0,True,15.37,True
863,NQ,Thu,14:00,Out-of-Sample,2025-07-24T18:10:57.904135,2025-07-24 14:10:57,LONG,23416.5,-220.0,True,15.37,True
863,NQ,Thu,14:00,Out-of-Sample,2025-07-24T18:10:57.992998,2025-07-24 14:10:57,LONG,23416.5,95.0,True,15.37,True
863,NQ,Thu,14:00,Out-of-Sample,2025-07-24T18:10:57.992998,2025-07-24 14:10:57,LONG,23416.5,10.0,True,15.37,True
863,NQ,Thu,14:00,Out-of-Sample,2025-07-24T18:12:15.541818,2025-07-24 14:12:15,SHORT,23411.25,155.0,True,15.37,True
863,NQ,Thu,14:00,Out-of-Sample,2025-07-24T18:12:17.051532,2025-07-24 14:12:17,SHORT,23411.0,135.0,True,15.37,True
863,NQ,Thu,14:00,Out-of-Sample,2025-07-24T18:12:17.283547,2025-07-24 14:12:17,SHORT,23411.0,95.0,True,15.37,True
863,NQ,Thu,14:00,Out-of-Sample,2025-07-24T18:12:17.283547,2025-07-24 14:12:17,SHORT,23411.0,10.0,True,15.37,True
863,NQ,Thu,14:00,Out-of-Sample,2025-07-24T18:12:42.452979,2025-07-24 14:12:42,SHORT,23408.75,-555.0,True,15.37,True
863,NQ,Thu,14:00,Out-of-Sample,2025-07-24T18:13:39.876487,2025-07-24 14:13:39,LONG,23417.5,-220.0,True,15.37,True
863,NQ,Thu,14:00,Out-of-Sample,2025-07-24T18:16:47.887314,2025-07-24 14:16:47,LONG,23415.0,-240.0,True,15.37,True
863,NQ,Thu,14:00,Out-of-Sample,2025-07-24T18:22:59.433908,2025-07-24 14:22:59,SHORT,23409.25,-345.0,True,15.37,True
863,NQ,Thu,14:00,Out-of-Sample,2025-07-24T18:23:05.070224,2025-07-24 14:23:05,SHORT,23406.75,-480.0,True,15.37,True
863,NQ,Thu,14:00,Out-of-Sample,2025-07-24T18:28:58.981307,2025-07-24 14:28:58,LONG,23412.25,-285.0,True,15.37,True
863,NQ,Thu,14:00,Out-of-Sample,2025-07-31T18:00:26.296612,2025-07-31 14:00:26,LONG,23405.0,50.0,True,15.48,True
863,NQ,Thu,14:00,Out-of-Sample,2025-07-31T18:00:26.296612,2025-07-31 14:00:26,LONG,23405.0,100.0,True,15.48,True
863,NQ,Thu,14:00,Out-of-Sample,2025-07-31T18:00:26.296612,2025-07-31 14:00:26,LONG,23405.0,225.0,True,15.48,True
863,NQ,Thu,14:00,Out-of-Sample,2025-07-31T18:01:14.736694,2025-07-31 14:01:14,LONG,23410.25,75.0,True,15.48,True
863,NQ,Thu,14:00,Out-of-Sample,2025-07-31T18:01:14.736694,2025-07-31 14:01:14,LONG,23410.25,150.0,True,15.48,True
863,NQ,Thu,14:00,Out-of-Sample,2025-07-31T18:01:14.736694,2025-07-31 14:01:14,LONG,23410.25,-45.0,True,15.48,True
863,NQ,Thu,14:00,Out-of-Sample,2025-07-31T18:01:59.745753,2025-07-31 14:01:59,SHORT,23405.0,175.0,True,15.48,True
863,NQ,Thu,14:00,Out-of-Sample,2025-07-31T18:01:59.745753,2025-07-31 14:01:59,SHORT,23405.0,0.0,True,15.48,True
863,NQ,Thu,14:00,Out-of-Sample,2025-07-31T18:01:59.981401,2025-07-31 14:01:59,SHORT,23404.75,175.0,True,15.48,True
863,NQ,Thu,14:00,Out-of-Sample,2025-07-31T18:01:59.981401,2025-07-31 14:01:59,SHORT,23404.75,-10.0,True,15.48,True
863,NQ,Thu,14:00,Out-of-Sample,2025-07-31T18:02:20.871774,2025-07-31 14:02:20,SHORT,23395.5,1510.0,True,15.48,True
863,NQ,Thu,14:00,Out-of-Sample,2025-07-31T18:06:36.114205,2025-07-31 14:06:36,SHORT,23379.75,180.0,True,15.48,True
863,NQ,Thu,14:00,Out-of-Sample,2025-07-31T18:06:36.114205,2025-07-31 14:06:36,SHORT,23379.75,360.0,True,15.48,True
863,NQ,Thu,14:00,Out-of-Sample,2025-07-31T18:06:36.114205,2025-07-31 14:06:36,SHORT,23379.75,290.0,True,15.48,True
863,NQ,Thu,14:00,Out-of-Sample,2025-07-31T18:06:36.169911,2025-07-31 14:06:36,SHORT,23380.25,180.0,True,15.48,True
863,NQ,Thu,14:00,Out-of-Sample,2025-07-31T18:06:36.169911,2025-07-31 14:06:36,SHORT,23380.25,360.0,True,15.48,True
863,NQ,Thu,14:00,Out-of-Sample,2025-07-31T18:06:36.169911,2025-07-31 14:06:36,SHORT,23380.25,300.0,True,15.48,True
863,NQ,Thu,14:00,Out-of-Sample,2025-07-31T18:06:53.271855,2025-07-31 14:06:53,SHORT,23369.5,50.0,True,15.48,True
863,NQ,Thu,14:00,Out-of-Sample,2025-07-31T18:06:53.271855,2025-07-31 14:06:53,SHORT,23369.5,100.0,True,15.48,True
863,NQ,Thu,14:00,Out-of-Sample,2025-07-31T18:06:53.271855,2025-07-31 14:06:53,SHORT,23369.5,225.0,True,15.48,True
863,NQ,Thu,14:00,Out-of-Sample,2025-07-31T18:08:15.282446,2025-07-31 14:08:15,LONG,23369.0,75.0,True,15.48,True
863,NQ,Thu,14:00,Out-of-Sample,2025-07-31T18:08:15.282446,2025-07-31 14:08:15,LONG,23369.0,10.0,True,15.48,True
863,NQ,Thu,14:00,Out-of-Sample,2025-07-31T18:08:40.129612,2025-07-31 14:08:40,LONG,23377.25,185.0,True,15.48,True
863,NQ,Thu,14:00,Out-of-Sample,2025-07-31T18:08:40.129612,2025-07-31 14:08:40,LONG,23377.25,20.0,True,15.48,True
863,NQ,Thu,14:00,Out-of-Sample,2025-07-31T18:08:40.131419,2025-07-31 14:08:40,LONG,23377.25,180.0,True,15.48,True
863,NQ,Thu,14:00,Out-of-Sample,2025-07-31T18:08:40.131419,2025-07-31 14:08:40,LONG,23377.25,-40.0,True,15.48,True
863,NQ,Thu,14:00,Out-of-Sample,2025-07-31T18:09:15.227164,2025-07-31 14:09:15,SHORT,23375.0,195.0,True,15.48,True
863,NQ,Thu,14:00,Out-of-Sample,2025-07-31T18:09:15.227164,2025-07-31 14:09:15,SHORT,23375.0,400.0,True,15.48,True
863,NQ,Thu,14:00,Out-of-Sample,2025-07-31T18:09:15.227164,2025-07-31 14:09:15,SHORT,23375.0,160.0,True,15.48,True
863,NQ,Thu,14:00,Out-of-Sample,2025-07-31T18:09:15.281626,2025-07-31 14:09:15,SHORT,23375.0,185.0,True,15.48,True
863,NQ,Thu,14:00,Out-of-Sample,2025-07-31T18:09:15.281626,2025-07-31 14:09:15,SHORT,23375.0,400.0,True,15.48,True
863,NQ,Thu,14:00,Out-of-Sample,2025-07-31T18:09:15.281626,2025-07-31 14:09:15,SHORT,23375.0,160.0,True,15.48,True
863,NQ,Thu,14:00,Out-of-Sample,2025-07-31T18:10:48.182728,2025-07-31 14:10:48,SHORT,23362.25,-1005.0,True,15.48,True
863,NQ,Thu,14:00,Out-of-Sample,2025-07-31T18:10:50.075907,2025-07-31 14:10:50,SHORT,23355.25,-150.0,True,15.48,True
863,NQ,Thu,14:00,Out-of-Sample,2025-07-31T18:10:50.110092,2025-07-31 14:10:50,SHORT,23356.5,-1430.0,True,15.48,True
863,NQ,Thu,14:00,Out-of-Sample,2025-07-31T18:10:50.111073,2025-07-31 14:10:50,LONG,23357.5,100.0,True,15.48,True
863,NQ,Thu,14:00,Out-of-Sample,2025-07-31T18:10:50.111073,2025-07-31 14:10:50,LONG,23357.5,200.0,True,15.48,True
863,NQ,Thu,14:00,Out-of-Sample,2025-07-31T18:10:50.111073,2025-07-31 14:10:50,LONG,23357.5,30.0,True,15.48,True
863,NQ,Thu,14:00,Out-of-Sample,2025-07-31T18:12:49.351116,2025-07-31 14:12:49,LONG,23380.25,75.0,True,15.48,True
863,NQ,Thu,14:00,Out-of-Sample,2025-07-31T18:12:49.351116,2025-07-31 14:12:49,LONG,23380.25,150.0,True,15.48,True
863,NQ,Thu,14:00,Out-of-Sample,2025-07-31T18:12:49.351116,2025-07-31 14:12:49,LONG,23380.25,-35.0,True,15.48,True
863,NQ,Thu,14:00,Out-of-Sample,2025-07-31T18:12:55.896249,2025-07-31 14:12:55,LONG,23381.0,-900.0,True,15.48,True
863,NQ,Thu,14:00,Out-of-Sample,2025-07-31T18:12:56.122255,2025-07-31 14:12:56,LONG,23381.25,-165.0,True,15.48,True
863,NQ,Thu,14:00,Out-of-Sample,2025-07-31T18:13:56.682050,2025-07-31 14:13:56,SHORT,23369.25,50.0,True,15.48,True
863,NQ,Thu,14:00,Out-of-Sample,2025-07-31T18:13:56.682050,2025-07-31 14:13:56,SHORT,23369.25,100.0,True,15.48,True
863,NQ,Thu,14:00,Out-of-Sample,2025-07-31T18:13:56.682050,2025-07-31 14:13:56,SHORT,23369.25,225.0,True,15.48,True
863,NQ,Thu,14:00,Out-of-Sample,2025-07-31T18:13:57.988391,2025-07-31 14:13:57,SHORT,23368.5,270.0,True,15.48,True
863,NQ,Thu,14:00,Out-of-Sample,2025-07-31T18:13:57.988391,2025-07-31 14:13:57,SHORT,23368.5,535.0,True,15.48,True
863,NQ,Thu,14:00,Out-of-Sample,2025-07-31T18:13:57.988391,2025-07-31 14:13:57,SHORT,23368.5,515.0,True,15.48,True
863,NQ,Thu,14:00,Out-of-Sample,2025-07-31T18:14:11.940584,2025-07-31 14:14:11,SHORT,23358.0,185.0,True,15.48,True
863,NQ,Thu,14:00,Out-of-Sample,2025-07-31T18:14:11.940584,2025-07-31 14:14:11,SHORT,23358.0,365.0,True,15.48,True
863,NQ,Thu,14:00,Out-of-Sample,2025-07-31T18:14:11.940584,2025-07-31 14:14:11,SHORT,23358.0,305.0,True,15.48,True
863,NQ,Thu,14:00,Out-of-Sample,2025-07-31T18:14:11.953599,2025-07-31 14:14:11,SHORT,23357.75,185.0,True,15.48,True
863,NQ,Thu,14:00,Out-of-Sample,2025-07-31T18:14:11.953599,2025-07-31 14:14:11,SHORT,23357.75,365.0,True,15.48,True
863,NQ,Thu,14:00,Out-of-Sample,2025-07-31T18:14:11.953599,2025-07-31 14:14:11,SHORT,23357.75,805.0,True,15.48,True
863,NQ,Thu,14:00,Out-of-Sample,2025-07-31T18:15:24.138189,2025-07-31 14:15:24,SHORT,23337.0,50.0,True,15.48,True
863,NQ,Thu,14:00,Out-of-Sample,2025-07-31T18:15:24.138189,2025-07-31 14:15:24,SHORT,23337.0,100.0,True,15.48,True
863,NQ,Thu,14:00,Out-of-Sample,2025-07-31T18:15:24.138189,2025-07-31 14:15:24,SHORT,23337.0,225.0,True,15.48,True
863,NQ,Thu,14:00,Out-of-Sample,2025-07-31T18:15:40.470623,2025-07-31 14:15:40,LONG,23342.75,-65.0,True,15.48,True
863,NQ,Thu,14:00,Out-of-Sample,2025-07-31T18:15:40.471395,2025-07-31 14:15:40,LONG,23342.75,-65.0,True,15.48,True
863,NQ,Thu,14:00,Out-of-Sample,2025-07-31T18:15:58.568963,2025-07-31 14:15:58,SHORT,23334.0,275.0,True,15.48,True
863,NQ,Thu,14:00,Out-of-Sample,2025-07-31T18:15:58.568963,2025-07-31 14:15:58,SHORT,23334.0,550.0,True,15.48,True
863,NQ,Thu,14:00,Out-of-Sample,2025-07-31T18:15:58.568963,2025-07-31 14:15:58,SHORT,23334.0,415.0,True,15.48,True
863,NQ,Thu,14:00,Out-of-Sample,2025-07-31T18:15:59.312038,2025-07-31 14:15:59,SHORT,23333.75,75.0,True,15.48,True
863,NQ,Thu,14:00,Out-of-Sample,2025-07-31T18:15:59.312038,2025-07-31 14:15:59,SHORT,23333.75,150.0,True,15.48,True
863,NQ,Thu,14:00,Out-of-Sample,2025-07-31T18:15:59.312038,2025-07-31 14:15:59,SHORT,23333.75,325.0,True,15.48,True
863,NQ,Thu,14:00,Out-of-Sample,2025-07-31T18:16:18.389880,2025-07-31 14:16:18,SHORT,23329.0,185.0,True,15.48,True
863,NQ,Thu,14:00,Out-of-Sample,2025-07-31T18:16:18.389880,2025-07-31 14:16:18,SHORT,23329.0,370.0,True,15.48,True
863,NQ,Thu,14:00,Out-of-Sample,2025-07-31T18:16:18.389880,2025-07-31 14:16:18,SHORT,23329.0,255.0,True,15.48,True
863,NQ,Thu,14:00,Out-of-Sample,2025-07-31T18:16:54.482377,2025-07-31 14:16:54,LONG,23318.5,75.0,True,15.48,True
863,NQ,Thu,14:00,Out-of-Sample,2025-07-31T18:16:54.482485,2025-07-31 14:16:54,LONG,23318.5,150.0,True,15.48,True
863,NQ,Thu,14:00,Out-of-Sample,2025-07-31T18:16:54.482485,2025-07-31 14:16:54,LONG,23318.5,180.0,True,15.48,True
863,NQ,Thu,14:00,Out-of-Sample,2025-07-31T18:16:54.482485,2025-07-31 14:16:54,LONG,23318.5,170.0,True,15.48,True
863,NQ,Thu,14:00,Out-of-Sample,2025-07-31T18:17:06.504842,2025-07-31 14:17:06,LONG,23329.0,50.0,True,15.48,True
863,NQ,Thu,14:00,Out-of-Sample,2025-07-31T18:17:06.504842,2025-07-31 14:17:06,LONG,23329.0,100.0,True,15.48,True
863,NQ,Thu,14:00,Out-of-Sample,2025-07-31T18:17:06.504842,2025-07-31 14:17:06,LONG,23329.0,0.0,True,15.48,True
863,NQ,Thu,14:00,Out-of-Sample,2025-07-31T18:18:21.296904,2025-07-31 14:18:21,SHORT,23321.5,-630.0,True,15.48,True
863,NQ,Thu,14:00,Out-of-Sample,2025-07-31T18:18:21.409545,2025-07-31 14:18:21,SHORT,23319.75,-615.0,True,15.48,True
863,NQ,Thu,14:00,Out-of-Sample,2025-07-31T18:19:46.799424,2025-07-31 14:19:46,LONG,23351.75,50.0,True,15.48,True
863,NQ,Thu,14:00,Out-of-Sample,2025-07-31T18:19:46.799424,2025-07-31 14:19:46,LONG,23351.75,100.0,True,15.48,True
863,NQ,Thu,14:00,Out-of-Sample,2025-07-31T18:19:46.799424,2025-07-31 14:19:46,LONG,23351.75,225.0,True,15.48,True
863,NQ,Thu,14:00,Out-of-Sample,2025-07-31T18:19:48.709311,2025-07-31 14:19:48,LONG,23353.25,-165.0,True,15.48,True
863,NQ,Thu,14:00,Out-of-Sample,2025-07-31T18:19:48.744363,2025-07-31 14:19:48,LONG,23352.75,190.0,True,15.48,True
863,NQ,Thu,14:00,Out-of-Sample,2025-07-31T18:19:48.744363,2025-07-31 14:19:48,LONG,23352.75,375.0,True,15.48,True
863,NQ,Thu,14:00,Out-of-Sample,2025-07-31T18:19:48.744363,2025-07-31 14:19:48,LONG,23352.75,605.0,True,15.48,True
863,NQ,Thu,14:00,Out-of-Sample,2025-07-31T18:19:50.940600,2025-07-31 14:19:50,LONG,23354.25,220.0,True,15.48,True
863,NQ,Thu,14:00,Out-of-Sample,2025-07-31T18:19:50.940600,2025-07-31 14:19:50,LONG,23354.25,495.0,True,15.48,True
863,NQ,Thu,14:00,Out-of-Sample,2025-07-31T18:19:50.940600,2025-07-31 14:19:50,LONG,23354.25,515.0,True,15.48,True
863,NQ,Thu,14:00,Out-of-Sample,2025-07-31T18:20:33.695727,2025-07-31 14:20:33,LONG,23361.25,75.0,True,15.48,True
863,NQ,Thu,14:00,Out-of-Sample,2025-07-31T18:20:33.695727,2025-07-31 14:20:33,LONG,23361.25,150.0,True,15.48,True
863,NQ,Thu,14:00,Out-of-Sample,2025-07-31T18:20:33.695727,2025-07-31 14:20:33,LONG,23361.25,415.0,True,15.48,True
863,NQ,Thu,14:00,Out-of-Sample,2025-07-31T18:21:06.038307,2025-07-31 14:21:06,LONG,23374.75,50.0,True,15.48,True
863,NQ,Thu,14:00,Out-of-Sample,2025-07-31T18:21:06.038307,2025-07-31 14:21:06,LONG,23374.75,100.0,True,15.48,True
863,NQ,Thu,14:00,Out-of-Sample,2025-07-31T18:21:06.038307,2025-07-31 14:21:06,LONG,23374.75,225.0,True,15.48,True
863,NQ,Thu,14:00,Out-of-Sample,2025-07-31T18:21:24.498757,2025-07-31 14:21:24,LONG,23382.75,275.0,True,15.48,True
863,NQ,Thu,14:00,Out-of-Sample,2025-07-31T18:21:24.498757,2025-07-31 14:21:24,LONG,23382.75,550.0,True,15.48,True
863,NQ,Thu,14:00,Out-of-Sample,2025-07-31T18:21:24.498757,2025-07-31 14:21:24,LONG,23382.75,650.0,True,15.48,True
863,NQ,Thu,14:00,Out-of-Sample,2025-07-31T18:21:29.373846,2025-07-31 14:21:29,SHORT,23383.25,-300.0,True,15.48,True
863,NQ,Thu,14:00,Out-of-Sample,2025-07-31T18:21:45.635402,2025-07-31 14:21:45,SHORT,23385.25,-270.0,True,15.48,True
863,NQ,Thu,14:00,Out-of-Sample,2025-07-31T18:22:52.862840,2025-07-31 14:22:52,SHORT,23387.25,-2640.0,True,15.48,True
863,NQ,Thu,14:00,Out-of-Sample,2025-07-31T18:23:30.672307,2025-07-31 14:23:30,SHORT,23381.25,-255.0,True,15.48,True
863,NQ,Thu,14:00,Out-of-Sample,2025-07-31T18:23:30.714042,2025-07-31 14:23:30,SHORT,23380.0,45.0,True,15.48,True
863,NQ,Thu,14:00,Out-of-Sample,2025-07-31T18:27:23.903116,2025-07-31 14:27:23,LONG,23406.25,50.0,True,15.48,True
863,NQ,Thu,14:00,Out-of-Sample,2025-07-31T18:27:23.903116,2025-07-31 14:27:23,LONG,23406.25,100.0,True,15.48,True
863,NQ,Thu,14:00,Out-of-Sample,2025-07-31T18:27:23.903116,2025-07-31 14:27:23,LONG,23406.25,225.0,True,15.48,True
863,NQ,Thu,14:00,Out-of-Sample,2025-07-31T18:27:55.820945,2025-07-31 14:27:55,SHORT,23408.75,-225.0,True,15.48,True
863,NQ,Thu,14:00,Out-of-Sample,2025-07-31T18:28:26.353739,2025-07-31 14:28:26,SHORT,23405.25,-600.0,True,15.48,True
863,NQ,Thu,14:00,Out-of-Sample,2025-07-31T18:28:26.354219,2025-07-31 14:28:26,SHORT,23405.25,-555.0,True,15.48,True
863,NQ,Thu,14:00,Out-of-Sample,2025-07-31T18:28:46.693421,2025-07-31 14:28:46,LONG,23415.0,75.0,True,15.48,True
863,NQ,Thu,14:00,Out-of-Sample,2025-07-31T18:28:46.693421,2025-07-31 14:28:46,LONG,23415.0,10.0,True,15.48,True
863,NQ,Thu,14:00,Out-of-Sample,2025-08-07T18:00:23.535448,2025-08-07 14:00:23,LONG,23430.5,-525.0,True,16.77,True
863,NQ,Thu,14:00,Out-of-Sample,2025-08-07T18:02:07.373723,2025-08-07 14:02:07,SHORT,23397.75,-870.0,True,16.77,True
863,NQ,Thu,14:00,Out-of-Sample,2025-08-07T18:02:07.524636,2025-08-07 14:02:07,SHORT,23397.75,-360.0,True,16.77,True
863,NQ,Thu,14:00,Out-of-Sample,2025-08-07T18:02:07.644842,2025-08-07 14:02:07,SHORT,23397.5,-150.0,True,16.77,True
863,NQ,Thu,14:00,Out-of-Sample,2025-08-07T18:02:08.874414,2025-08-07 14:02:08,SHORT,23396.5,50.0,True,16.77,True
863,NQ,Thu,14:00,Out-of-Sample,2025-08-07T18:03:00.899232,2025-08-07 14:03:00,LONG,23408.5,-500.0,True,16.77,True
863,NQ,Thu,14:00,Out-of-Sample,2025-08-07T18:04:55.952705,2025-08-07 14:04:55,SHORT,23414.25,245.0,True,16.77,True
863,NQ,Thu,14:00,Out-of-Sample,2025-08-07T18:04:55.952705,2025-08-07 14:04:55,SHORT,23414.25,485.0,True,16.77,True
863,NQ,Thu,14:00,Out-of-Sample,2025-08-07T18:04:55.952705,2025-08-07 14:04:55,SHORT,23414.25,540.0,True,16.77,True
863,NQ,Thu,14:00,Out-of-Sample,2025-08-07T18:04:56.293200,2025-08-07 14:04:56,SHORT,23415.0,245.0,True,16.77,True
863,NQ,Thu,14:00,Out-of-Sample,2025-08-07T18:04:56.293200,2025-08-07 14:04:56,SHORT,23415.0,485.0,True,16.77,True
863,NQ,Thu,14:00,Out-of-Sample,2025-08-07T18:04:56.293200,2025-08-07 14:04:56,SHORT,23415.0,840.0,True,16.77,True
863,NQ,Thu,14:00,Out-of-Sample,2025-08-07T18:07:20.099501,2025-08-07 14:07:20,SHORT,23396.0,50.0,True,16.77,True
863,NQ,Thu,14:00,Out-of-Sample,2025-08-07T18:07:22.626531,2025-08-07 14:07:22,SHORT,23392.25,70.0,True,16.77,True
863,NQ,Thu,14:00,Out-of-Sample,2025-08-07T18:07:22.626531,2025-08-07 14:07:22,SHORT,23392.25,10.0,True,16.77,True
863,NQ,Thu,14:00,Out-of-Sample,2025-08-07T18:07:22.980905,2025-08-07 14:07:22,SHORT,23392.25,275.0,True,16.77,True
863,NQ,Thu,14:00,Out-of-Sample,2025-08-07T18:07:22.980905,2025-08-07 14:07:22,SHORT,23392.25,620.0,True,16.77,True
863,NQ,Thu,14:00,Out-of-Sample,2025-08-07T18:07:22.980905,2025-08-07 14:07:22,SHORT,23392.25,480.0,True,16.77,True
863,NQ,Thu,14:00,Out-of-Sample,2025-08-07T18:07:39.744109,2025-08-07 14:07:39,LONG,23391.0,130.0,True,16.77,True
863,NQ,Thu,14:00,Out-of-Sample,2025-08-07T18:08:00.006765,2025-08-07 14:08:00,LONG,23391.75,-345.0,True,16.77,True
863,NQ,Thu,14:00,Out-of-Sample,2025-08-07T18:08:20.870596,2025-08-07 14:08:20,LONG,23384.75,305.0,True,16.77,True
863,NQ,Thu,14:00,Out-of-Sample,2025-08-07T18:08:22.469125,2025-08-07 14:08:22,SHORT,23385.0,340.0,True,16.77,True
863,NQ,Thu,14:00,Out-of-Sample,2025-08-07T18:08:22.469125,2025-08-07 14:08:22,SHORT,23385.0,680.0,True,16.77,True
863,NQ,Thu,14:00,Out-of-Sample,2025-08-07T18:08:22.469125,2025-08-07 14:08:22,SHORT,23385.0,595.0,True,16.77,True
863,NQ,Thu,14:00,Out-of-Sample,2025-08-07T18:08:22.484835,2025-08-07 14:08:22,SHORT,23385.25,-30.0,True,16.77,True
863,NQ,Thu,14:00,Out-of-Sample,2025-08-07T18:08:39.605286,2025-08-07 14:08:39,LONG,23384.0,-285.0,True,16.77,True
863,NQ,Thu,14:00,Out-of-Sample,2025-08-07T18:10:30.395313,2025-08-07 14:10:30,SHORT,23379.5,75.0,True,16.77,True
863,NQ,Thu,14:00,Out-of-Sample,2025-08-07T18:10:30.395313,2025-08-07 14:10:30,SHORT,23379.5,150.0,True,16.77,True
863,NQ,Thu,14:00,Out-of-Sample,2025-08-07T18:10:30.395313,2025-08-07 14:10:30,SHORT,23379.5,140.0,True,16.77,True
863,NQ,Thu,14:00,Out-of-Sample,2025-08-07T18:10:30.632927,2025-08-07 14:10:30,SHORT,23379.5,70.0,True,16.77,True
863,NQ,Thu,14:00,Out-of-Sample,2025-08-07T18:10:30.632927,2025-08-07 14:10:30,SHORT,23379.5,345.0,True,16.77,True
863,NQ,Thu,14:00,Out-of-Sample,2025-08-07T18:10:30.632927,2025-08-07 14:10:30,SHORT,23379.5,190.0,True,16.77,True
863,NQ,Thu,14:00,Out-of-Sample,2025-08-07T18:10:30.633161,2025-08-07 14:10:30,SHORT,23379.5,215.0,True,16.77,True
863,NQ,Thu,14:00,Out-of-Sample,2025-08-07T18:10:30.633161,2025-08-07 14:10:30,SHORT,23379.5,485.0,True,16.77,True
863,NQ,Thu,14:00,Out-of-Sample,2025-08-07T18:10:30.633161,2025-08-07 14:10:30,SHORT,23379.5,410.0,True,16.77,True
863,NQ,Thu,14:00,Out-of-Sample,2025-08-07T18:10:52.690148,2025-08-07 14:10:52,SHORT,23373.25,230.0,True,16.77,True
863,NQ,Thu,14:00,Out-of-Sample,2025-08-07T18:10:52.690148,2025-08-07 14:10:52,SHORT,23373.25,10.0,True,16.77,True
863,NQ,Thu,14:00,Out-of-Sample,2025-08-07T18:10:56.575977,2025-08-07 14:10:56,LONG,23366.0,100.0,True,16.77,True
863,NQ,Thu,14:00,Out-of-Sample,2025-08-07T18:10:56.575977,2025-08-07 14:10:56,LONG,23366.0,200.0,True,16.77,True
863,NQ,Thu,14:00,Out-of-Sample,2025-08-07T18:10:56.575977,2025-08-07 14:10:56,LONG,23366.0,50.0,True,16.77,True
863,NQ,Thu,14:00,Out-of-Sample,2025-08-07T18:11:25.195117,2025-08-07 14:11:25,LONG,23374.5,75.0,True,16.77,True
863,NQ,Thu,14:00,Out-of-Sample,2025-08-07T18:13:16.124171,2025-08-07 14:13:16,SHORT,23367.0,75.0,True,16.77,True
863,NQ,Thu,14:00,Out-of-Sample,2025-08-07T18:13:16.124171,2025-08-07 14:13:16,SHORT,23367.0,10.0,True,16.77,True
863,NQ,Thu,14:00,Out-of-Sample,2025-08-07T18:13:34.102113,2025-08-07 14:13:34,SHORT,23361.5,220.0,True,16.77,True
863,NQ,Thu,14:00,Out-of-Sample,2025-08-07T18:13:34.102113,2025-08-07 14:13:34,SHORT,23361.5,190.0,True,16.77,True
863,NQ,Thu,14:00,Out-of-Sample,2025-08-07T18:13:34.376894,2025-08-07 14:13:34,SHORT,23360.5,220.0,True,16.77,True
863,NQ,Thu,14:00,Out-of-Sample,2025-08-07T18:13:34.376894,2025-08-07 14:13:34,SHORT,23360.5,10.0,True,16.77,True
863,NQ,Thu,14:00,Out-of-Sample,2025-08-07T18:13:59.702516,2025-08-07 14:13:59,LONG,23351.25,-150.0,True,16.77,True
863,NQ,Thu,14:00,Out-of-Sample,2025-08-07T18:14:13.471950,2025-08-07 14:14:13,SHORT,23346.0,-465.0,True,16.77,True
863,NQ,Thu,14:00,Out-of-Sample,2025-08-07T18:15:38.107168,2025-08-07 14:15:38,SHORT,23345.0,70.0,True,16.77,True
863,NQ,Thu,14:00,Out-of-Sample,2025-08-07T18:15:38.107168,2025-08-07 14:15:38,SHORT,23345.0,10.0,True,16.77,True
863,NQ,Thu,14:00,Out-of-Sample,2025-08-07T18:15:38.386467,2025-08-07 14:15:38,SHORT,23345.25,280.0,True,16.77,True
863,NQ,Thu,14:00,Out-of-Sample,2025-08-07T18:15:38.386467,2025-08-07 14:15:38,SHORT,23345.25,10.0,True,16.77,True
863,NQ,Thu,14:00,Out-of-Sample,2025-08-07T18:15:45.149376,2025-08-07 14:15:45,LONG,23349.0,-375.0,True,16.77,True
863,NQ,Thu,14:00,Out-of-Sample,2025-08-07T18:15:58.726148,2025-08-07 14:15:58,SHORT,23343.0,205.0,True,16.77,True
863,NQ,Thu,14:00,Out-of-Sample,2025-08-07T18:15:58.726148,2025-08-07 14:15:58,SHORT,23343.0,50.0,True,16.77,True
863,NQ,Thu,14:00,Out-of-Sample,2025-08-07T18:15:59.016382,2025-08-07 14:15:59,SHORT,23344.75,-450.0,True,16.77,True
863,NQ,Thu,14:00,Out-of-Sample,2025-08-07T18:16:08.269757,2025-08-07 14:16:08,LONG,23346.25,100.0,True,16.77,True
863,NQ,Thu,14:00,Out-of-Sample,2025-08-07T18:16:08.269757,2025-08-07 14:16:08,LONG,23346.25,-140.0,True,16.77,True
863,NQ,Thu,14:00,Out-of-Sample,2025-08-07T18:16:46.401112,2025-08-07 14:16:46,SHORT,23341.75,-825.0,True,16.77,True
863,NQ,Thu,14:00,Out-of-Sample,2025-08-07T18:16:48.591567,2025-08-07 14:16:48,SHORT,23339.25,75.0,True,16.77,True
863,NQ,Thu,14:00,Out-of-Sample,2025-08-07T18:16:48.591567,2025-08-07 14:16:48,SHORT,23339.25,10.0,True,16.77,True
863,NQ,Thu,14:00,Out-of-Sample,2025-08-07T18:18:26.999013,2025-08-07 14:18:26,SHORT,23332.5,-1710.0,True,16.77,True
863,NQ,Thu,14:00,Out-of-Sample,2025-08-07T18:19:12.330978,2025-08-07 14:19:12,LONG,23334.5,100.0,True,16.77,True
863,NQ,Thu,14:00,Out-of-Sample,2025-08-07T18:19:12.330978,2025-08-07 14:19:12,LONG,23334.5,200.0,True,16.77,True
863,NQ,Thu,14:00,Out-of-Sample,2025-08-07T18:19:12.330978,2025-08-07 14:19:12,LONG,23334.5,95.0,True,16.77,True
863,NQ,Thu,14:00,Out-of-Sample,2025-08-07T18:20:00.603701,2025-08-07 14:20:00,LONG,23345.5,75.0,True,16.77,True
863,NQ,Thu,14:00,Out-of-Sample,2025-08-07T18:20:00.603701,2025-08-07 14:20:00,LONG,23345.5,-10.0,True,16.77,True
863,NQ,Thu,14:00,Out-of-Sample,2025-08-07T18:23:31.787744,2025-08-07 14:23:31,SHORT,23332.0,-1110.0,True,16.77,True
863,NQ,Thu,14:00,Out-of-Sample,2025-08-07T18:23:31.829182,2025-08-07 14:23:31,SHORT,23332.0,-600.0,True,16.77,True
863,NQ,Thu,14:00,Out-of-Sample,2025-08-07T18:23:32.456375,2025-08-07 14:23:32,SHORT,23333.5,-1650.0,True,16.77,True
863,NQ,Thu,14:00,Out-of-Sample,2025-08-07T18:25:23.891820,2025-08-07 14:25:23,SHORT,23332.75,-570.0,True,16.77,True
863,NQ,Thu,14:00,Out-of-Sample,2025-08-14T18:02:07.098354,2025-08-14 14:02:07,SHORT,23949.75,365.0,True,14.49,True
863,NQ,Thu,14:00,Out-of-Sample,2025-08-14T18:04:29.540041,2025-08-14 14:04:29,SHORT,23941.25,395.0,True,14.49,True
863,NQ,Thu,14:00,Out-of-Sample,2025-08-14T18:04:29.540041,2025-08-14 14:04:29,SHORT,23941.25,230.0,True,14.49,True
863,NQ,Thu,14:00,Out-of-Sample,2025-08-14T18:04:29.540041,2025-08-14 14:04:29,SHORT,23941.25,760.0,True,14.49,True
863,NQ,Thu,14:00,Out-of-Sample,2025-08-14T18:09:13.689036,2025-08-14 14:09:13,SHORT,23930.5,105.0,True,14.49,True
863,NQ,Thu,14:00,Out-of-Sample,2025-08-14T18:09:13.689036,2025-08-14 14:09:13,SHORT,23930.5,10.0,True,14.49,True
863,NQ,Thu,14:00,Out-of-Sample,2025-08-14T18:10:39.079471,2025-08-14 14:10:39,SHORT,23926.5,1080.0,True,14.49,True
863,NQ,Thu,14:00,Out-of-Sample,2025-08-14T18:10:39.269020,2025-08-14 14:10:39,SHORT,23926.5,360.0,True,14.49,True
863,NQ,Thu,14:00,Out-of-Sample,2025-08-14T18:10:39.269020,2025-08-14 14:10:39,SHORT,23926.5,720.0,True,14.49,True
863,NQ,Thu,14:00,Out-of-Sample,2025-08-14T18:14:15.921468,2025-08-14 14:14:15,SHORT,23913.25,330.0,True,14.49,True
863,NQ,Thu,14:00,Out-of-Sample,2025-08-14T18:14:15.921468,2025-08-14 14:14:15,SHORT,23913.25,170.0,True,14.49,True
863,NQ,Thu,14:00,Out-of-Sample,2025-08-14T18:15:05.238721,2025-08-14 14:15:05,SHORT,23907.25,-75.0,True,14.49,True
863,NQ,Thu,14:00,Out-of-Sample,2025-08-14T18:15:05.238861,2025-08-14 14:15:05,SHORT,23907.25,100.0,True,14.49,True
863,NQ,Thu,14:00,Out-of-Sample,2025-08-14T18:15:05.238861,2025-08-14 14:15:05,SHORT,23907.25,230.0,True,14.49,True
863,NQ,Thu,14:00,Out-of-Sample,2025-08-14T18:15:05.238861,2025-08-14 14:15:05,SHORT,23907.25,60.0,True,14.49,True
863,NQ,Thu,14:00,Out-of-Sample,2025-08-14T18:28:58.862180,2025-08-14 14:28:58,SHORT,23904.25,-20.0,True,14.49,True
863,NQ,Thu,14:00,Out-of-Sample,2025-08-14T18:28:58.862180,2025-08-14 14:28:58,SHORT,23904.25,-500.0,True,14.49,True
863,NQ,Thu,14:00,Out-of-Sample,2025-08-21T18:03:21.143875,2025-08-21 14:03:21,SHORT,23207.75,160.0,True,15.69,True
863,NQ,Thu,14:00,Out-of-Sample,2025-08-21T18:03:21.143875,2025-08-21 14:03:21,SHORT,23207.75,315.0,True,15.69,True
863,NQ,Thu,14:00,Out-of-Sample,2025-08-21T18:03:21.143875,2025-08-21 14:03:21,SHORT,23207.75,120.0,True,15.69,True
863,NQ,Thu,14:00,Out-of-Sample,2025-08-21T18:03:21.215197,2025-08-21 14:03:21,SHORT,23207.75,-465.0,True,15.69,True
863,NQ,Thu,14:00,Out-of-Sample,2025-08-21T18:06:35.194024,2025-08-21 14:06:35,SHORT,23203.5,-270.0,True,15.69,True
863,NQ,Thu,14:00,Out-of-Sample,2025-08-21T18:06:35.194401,2025-08-21 14:06:35,SHORT,23203.5,-555.0,True,15.69,True
863,NQ,Thu,14:00,Out-of-Sample,2025-08-21T18:07:55.592636,2025-08-21 14:07:55,SHORT,23199.25,-150.0,True,15.69,True
863,NQ,Thu,14:00,Out-of-Sample,2025-08-21T18:08:17.998990,2025-08-21 14:08:17,SHORT,23192.0,-240.0,True,15.69,True
863,NQ,Thu,14:00,Out-of-Sample,2025-08-21T18:10:16.702577,2025-08-21 14:10:16,SHORT,23194.25,-615.0,True,15.69,True
863,NQ,Thu,14:00,Out-of-Sample,2025-08-21T18:10:16.757817,2025-08-21 14:10:16,SHORT,23194.5,-255.0,True,15.69,True
863,NQ,Thu,14:00,Out-of-Sample,2025-08-21T18:11:12.605573,2025-08-21 14:11:12,SHORT,23191.25,-1635.0,True,15.69,True
863,NQ,Thu,14:00,Out-of-Sample,2025-08-21T18:13:14.629405,2025-08-21 14:13:14,LONG,23204.0,220.0,True,15.69,True
863,NQ,Thu,14:00,Out-of-Sample,2025-08-21T18:13:14.629405,2025-08-21 14:13:14,LONG,23204.0,120.0,True,15.69,True
863,NQ,Thu,14:00,Out-of-Sample,2025-08-21T18:22:33.808457,2025-08-21 14:22:33,SHORT,23209.25,165.0,True,15.69,True
863,NQ,Thu,14:00,Out-of-Sample,2025-08-21T18:22:33.808457,2025-08-21 14:22:33,SHORT,23209.25,10.0,True,15.69,True
863,NQ,Thu,14:00,Out-of-Sample,2025-08-21T18:22:33.810364,2025-08-21 14:22:33,SHORT,23209.5,165.0,True,15.69,True
863,NQ,Thu,14:00,Out-of-Sample,2025-08-21T18:22:33.810364,2025-08-21 14:22:33,SHORT,23209.5,-40.0,True,15.69,True
863,NQ,Thu,14:00,Out-of-Sample,2025-08-21T18:22:58.628864,2025-08-21 14:22:58,SHORT,23206.25,75.0,True,15.69,True
863,NQ,Thu,14:00,Out-of-Sample,2025-08-21T18:22:58.628864,2025-08-21 14:22:58,SHORT,23206.25,-10.0,True,15.69,True
863,NQ,Thu,14:00,Out-of-Sample,2025-08-21T18:24:50.894084,2025-08-21 14:24:50,LONG,23212.75,-210.0,True,15.69,True
863,NQ,Thu,14:00,Out-of-Sample,2025-08-21T18:29:18.921761,2025-08-21 14:29:18,SHORT,23203.25,170.0,True,15.69,True
863,NQ,Thu,14:00,Out-of-Sample,2025-08-21T18:29:18.921761,2025-08-21 14:29:18,SHORT,23203.25,345.0,True,15.69,True
863,NQ,Thu,14:00,Out-of-Sample,2025-08-21T18:29:18.921761,2025-08-21 14:29:18,SHORT,23203.25,275.0,True,15.69,True
863,NQ,Thu,14:00,Out-of-Sample,2025-08-21T18:29:19.098982,2025-08-21 14:29:19,SHORT,23203.5,170.0,True,15.69,True
863,NQ,Thu,14:00,Out-of-Sample,2025-08-21T18:29:19.098982,2025-08-21 14:29:19,SHORT,23203.5,345.0,True,15.69,True
863,NQ,Thu,14:00,Out-of-Sample,2025-08-21T18:29:19.098982,2025-08-21 14:29:19,SHORT,23203.5,250.0,True,15.69,True
863,NQ,Thu,14:00,Out-of-Sample,2025-08-28T18:05:33.836130,2025-08-28 14:05:33,LONG,23771.0,30.0,True,14.85,True
863,NQ,Thu,14:00,Out-of-Sample,2025-08-28T18:05:33.836130,2025-08-28 14:05:33,LONG,23771.0,10.0,True,14.85,True
863,NQ,Thu,14:00,Out-of-Sample,2025-08-28T18:05:33.863935,2025-08-28 14:05:33,LONG,23771.0,175.0,True,14.85,True
863,NQ,Thu,14:00,Out-of-Sample,2025-08-28T18:05:33.863935,2025-08-28 14:05:33,LONG,23771.0,150.0,True,14.85,True
863,NQ,Thu,14:00,Out-of-Sample,2025-08-28T18:05:34.682737,2025-08-28 14:05:34,LONG,23772.0,1380.0,True,14.85,True
863,NQ,Thu,14:00,Out-of-Sample,2025-08-28T18:10:18.174962,2025-08-28 14:10:18,SHORT,23770.5,105.0,True,14.85,True
863,NQ,Thu,14:00,Out-of-Sample,2025-08-28T18:10:18.174962,2025-08-28 14:10:18,SHORT,23770.5,-40.0,True,14.85,True
863,NQ,Thu,14:00,Out-of-Sample,2025-08-28T18:10:18.266248,2025-08-28 14:10:18,SHORT,23770.5,105.0,True,14.85,True
863,NQ,Thu,14:00,Out-of-Sample,2025-08-28T18:10:18.266248,2025-08-28 14:10:18,SHORT,23770.5,10.0,True,14.85,True
863,NQ,Thu,14:00,Out-of-Sample,2025-08-28T18:11:45.674489,2025-08-28 14:11:45,SHORT,23767.25,-555.0,True,14.85,True
863,NQ,Thu,14:00,Out-of-Sample,2025-08-28T18:11:45.683169,2025-08-28 14:11:45,SHORT,23767.25,-380.0,True,14.85,True
863,NQ,Thu,14:00,Out-of-Sample,2025-08-28T18:14:50.609752,2025-08-28 14:14:50,SHORT,23767.0,80.0,True,14.85,True
863,NQ,Thu,14:00,Out-of-Sample,2025-08-28T18:14:50.609752,2025-08-28 14:14:50,SHORT,23767.0,10.0,True,14.85,True
863,NQ,Thu,14:00,Out-of-Sample,2025-08-28T18:26:02.053620,2025-08-28 14:26:02,LONG,23774.0,30.0,True,14.85,True
863,NQ,Thu,14:00,Out-of-Sample,2025-08-28T18:26:02.053620,2025-08-28 14:26:02,LONG,23774.0,10.0,True,14.85,True
863,NQ,Thu,14:00,Out-of-Sample,2025-08-28T18:26:02.238232,2025-08-28 14:26:02,LONG,23774.0,390.0,True,14.85,True
863,NQ,Thu,14:00,Out-of-Sample,2025-08-28T18:26:02.238232,2025-08-28 14:26:02,LONG,23774.0,520.0,True,14.85,True
863,NQ,Thu,14:00,Out-of-Sample,2025-08-28T18:26:02.238232,2025-08-28 14:26:02,LONG,23774.0,325.0,True,14.85,True
863,NQ,Thu,14:00,Out-of-Sample,2025-08-28T18:27:52.089071,2025-08-28 14:27:52,LONG,23777.25,110.0,True,14.85,True
863,NQ,Thu,14:00,Out-of-Sample,2025-08-28T18:27:52.089071,2025-08-28 14:27:52,LONG,23777.25,10.0,True,14.85,True
863,NQ,Thu,14:00,Out-of-Sample,2025-08-28T18:27:52.326351,2025-08-28 14:27:52,LONG,23777.75,110.0,True,14.85,True
863,NQ,Thu,14:00,Out-of-Sample,2025-08-28T18:27:52.326351,2025-08-28 14:27:52,LONG,23777.75,-60.0,True,14.85,True
863,NQ,Thu,14:00,Out-of-Sample,2025-09-04T18:21:16.610266,2025-09-04 14:21:16,SHORT,23596.75,-375.0,True,16.35,True
863,NQ,Thu,14:00,Out-of-Sample,2025-09-04T18:21:16.610575,2025-09-04 14:21:16,SHORT,23596.75,-330.0,True,16.35,True
863,NQ,Thu,14:00,Out-of-Sample,2025-09-11T18:02:54.669783,2025-09-11 14:02:54,SHORT,24025.25,-540.0,True,15.35,True
863,NQ,Thu,14:00,Out-of-Sample,2025-09-11T18:02:54.745882,2025-09-11 14:02:54,SHORT,24025.25,-35.0,True,15.35,True
863,NQ,Thu,14:00,Out-of-Sample,2025-09-11T18:20:30.817930,2025-09-11 14:20:30,SHORT,24021.0,180.0,True,15.35,True
863,NQ,Thu,14:00,Out-of-Sample,2025-09-11T18:20:53.854453,2025-09-11 14:20:53,SHORT,24016.75,-660.0,True,15.35,True
863,NQ,Thu,14:00,Out-of-Sample,2025-09-18T18:05:05.868299,2025-09-18 14:05:05,LONG,24748.75,35.0,True,15.72,True
863,NQ,Thu,14:00,Out-of-Sample,2025-09-18T18:05:05.868299,2025-09-18 14:05:05,LONG,24748.75,175.0,True,15.72,True
863,NQ,Thu,14:00,Out-of-Sample,2025-09-18T18:05:05.868299,2025-09-18 14:05:05,LONG,24748.75,80.0,True,15.72,True
863,NQ,Thu,14:00,Out-of-Sample,2025-09-18T18:05:05.868546,2025-09-18 14:05:05,LONG,24748.75,140.0,True,15.72,True
863,NQ,Thu,14:00,Out-of-Sample,2025-09-18T18:05:05.868546,2025-09-18 14:05:05,LONG,24748.75,10.0,True,15.72,True
863,NQ,Thu,14:00,Out-of-Sample,2025-09-18T18:06:14.260290,2025-09-18 14:06:14,LONG,24757.25,50.0,True,15.72,True
863,NQ,Thu,14:00,Out-of-Sample,2025-09-18T18:06:14.260290,2025-09-18 14:06:14,LONG,24757.25,100.0,True,15.72,True
863,NQ,Thu,14:00,Out-of-Sample,2025-09-18T18:06:14.260290,2025-09-18 14:06:14,LONG,24757.25,-90.0,True,15.72,True
863,NQ,Thu,14:00,Out-of-Sample,2025-09-18T18:06:14.261539,2025-09-18 14:06:14,LONG,24757.0,-840.0,True,15.72,True
863,NQ,Thu,14:00,Out-of-Sample,2025-09-18T18:11:29.652355,2025-09-18 14:11:29,SHORT,24738.25,-465.0,True,15.72,True
863,NQ,Thu,14:00,Out-of-Sample,2025-09-18T18:12:34.039576,2025-09-18 14:12:34,SHORT,24731.75,-1530.0,True,15.72,True
863,NQ,Thu,14:00,Out-of-Sample,2025-09-18T18:12:40.622427,2025-09-18 14:12:40,SHORT,24729.5,-465.0,True,15.72,True
863,NQ,Thu,14:00,Out-of-Sample,2025-09-18T18:16:24.803518,2025-09-18 14:16:24,LONG,24750.0,-420.0,True,15.72,True
863,NQ,Thu,14:00,Out-of-Sample,2025-10-09T18:00:03.591336,2025-10-09 14:00:03,LONG,25218.75,-1125.0,True,16.3,True
863,NQ,Thu,14:00,Out-of-Sample,2025-10-09T18:00:03.635052,2025-10-09 14:00:03,LONG,25219.0,-1140.0,True,16.3,True
863,NQ,Thu,14:00,Out-of-Sample,2025-10-09T18:00:03.635314,2025-10-09 14:00:03,LONG,25219.0,-620.0,True,16.3,True
863,NQ,Thu,14:00,Out-of-Sample,2025-10-09T18:00:03.635314,2025-10-09 14:00:03,LONG,25219.0,-15.0,True,16.3,True
863,NQ,Thu,14:00,Out-of-Sample,2025-10-09T18:11:59.833677,2025-10-09 14:11:59,LONG,25210.0,400.0,True,16.3,True
863,NQ,Thu,14:00,Out-of-Sample,2025-10-09T18:11:59.833677,2025-10-09 14:11:59,LONG,25210.0,295.0,True,16.3,True
863,NQ,Thu,14:00,Out-of-Sample,2025-10-09T18:11:59.833677,2025-10-09 14:11:59,LONG,25210.0,135.0,True,16.3,True
863,NQ,Thu,14:00,Out-of-Sample,2025-10-09T18:21:19.415752,2025-10-09 14:21:19,SHORT,25216.75,-480.0,True,16.3,True
863,NQ,Thu,14:00,Out-of-Sample,2025-10-09T18:21:19.415884,2025-10-09 14:21:19,SHORT,25216.75,-900.0,True,16.3,True
863,NQ,Thu,14:00,Out-of-Sample,2025-10-09T18:25:07.543096,2025-10-09 14:25:07,LONG,25228.75,-315.0,True,16.3,True
863,NQ,Thu,14:00,Out-of-Sample,2025-10-09T18:29:58.870420,2025-10-09 14:29:58,SHORT,25213.0,155.0,True,16.3,True
863,NQ,Thu,14:00,Out-of-Sample,2025-10-09T18:29:58.870420,2025-10-09 14:29:58,SHORT,25213.0,0.0,True,16.3,True
863,NQ,Thu,14:00,Out-of-Sample,2025-10-16T18:03:14.801091,2025-10-16 14:03:14,SHORT,24825.75,50.0,True,20.64,False
863,NQ,Thu,14:00,Out-of-Sample,2025-10-16T18:03:14.801091,2025-10-16 14:03:14,SHORT,24825.75,100.0,True,20.64,False
863,NQ,Thu,14:00,Out-of-Sample,2025-10-16T18:03:14.801091,2025-10-16 14:03:14,SHORT,24825.75,-90.0,True,20.64,False
863,NQ,Thu,14:00,Out-of-Sample,2025-10-16T18:04:28.188199,2025-10-16 14:04:28,SHORT,24802.75,50.0,True,20.64,False
863,NQ,Thu,14:00,Out-of-Sample,2025-10-16T18:04:28.188199,2025-10-16 14:04:28,SHORT,24802.75,100.0,True,20.64,False
863,NQ,Thu,14:00,Out-of-Sample,2025-10-16T18:04:28.188199,2025-10-16 14:04:28,SHORT,24802.75,225.0,True,20.64,False
863,NQ,Thu,14:00,Out-of-Sample,2025-10-16T18:05:16.237034,2025-10-16 14:05:16,SHORT,24795.25,120.0,True,20.64,False
863,NQ,Thu,14:00,Out-of-Sample,2025-10-16T18:05:16.237034,2025-10-16 14:05:16,SHORT,24795.25,605.0,True,20.64,False
863,NQ,Thu,14:00,Out-of-Sample,2025-10-16T18:05:16.237034,2025-10-16 14:05:16,SHORT,24795.25,510.0,True,20.64,False
863,NQ,Thu,14:00,Out-of-Sample,2025-10-16T18:05:16.237258,2025-10-16 14:05:16,SHORT,24795.25,485.0,True,20.64,False
863,NQ,Thu,14:00,Out-of-Sample,2025-10-16T18:05:16.237258,2025-10-16 14:05:16,SHORT,24795.25,1090.0,True,20.64,False
863,NQ,Thu,14:00,Out-of-Sample,2025-10-16T18:05:16.237258,2025-10-16 14:05:16,SHORT,24795.25,1595.0,True,20.64,False
863,NQ,Thu,14:00,Out-of-Sample,2025-10-16T18:06:42.653707,2025-10-16 14:06:42,SHORT,24775.5,425.0,True,20.64,False
863,NQ,Thu,14:00,Out-of-Sample,2025-10-16T18:06:42.653707,2025-10-16 14:06:42,SHORT,24775.5,850.0,True,20.64,False
863,NQ,Thu,14:00,Out-of-Sample,2025-10-16T18:06:42.653707,2025-10-16 14:06:42,SHORT,24775.5,1195.0,True,20.64,False
863,NQ,Thu,14:00,Out-of-Sample,2025-10-16T18:10:26.227326,2025-10-16 14:10:26,SHORT,24755.75,120.0,True,20.64,False
863,NQ,Thu,14:00,Out-of-Sample,2025-10-16T18:10:26.227326,2025-10-16 14:10:26,SHORT,24755.75,10.0,True,20.64,False
863,NQ,Thu,14:00,Out-of-Sample,2025-10-16T18:12:09.577504,2025-10-16 14:12:09,SHORT,24727.75,205.0,True,20.64,False
863,NQ,Thu,14:00,Out-of-Sample,2025-10-16T18:12:09.577504,2025-10-16 14:12:09,SHORT,24727.75,285.0,True,20.64,False
863,NQ,Thu,14:00,Out-of-Sample,2025-10-16T18:12:09.577504,2025-10-16 14:12:09,SHORT,24727.75,290.0,True,20.64,False
863,NQ,Thu,14:00,Out-of-Sample,2025-10-16T18:12:52.479027,2025-10-16 14:12:52,SHORT,24704.5,-195.0,True,20.64,False
863,NQ,Thu,14:00,Out-of-Sample,2025-10-16T18:14:30.907062,2025-10-16 14:14:30,LONG,24714.0,-480.0,True,20.64,False
863,NQ,Thu,14:00,Out-of-Sample,2025-10-16T18:16:02.352689,2025-10-16 14:16:02,SHORT,24679.25,-690.0,True,20.64,False
863,NQ,Thu,14:00,Out-of-Sample,2025-10-16T18:16:55.694632,2025-10-16 14:16:55,LONG,24696.0,50.0,True,20.64,False
863,NQ,Thu,14:00,Out-of-Sample,2025-10-16T18:16:55.694632,2025-10-16 14:16:55,LONG,24696.0,100.0,True,20.64,False
863,NQ,Thu,14:00,Out-of-Sample,2025-10-16T18:16:55.694632,2025-10-16 14:16:55,LONG,24696.0,-40.0,True,20.64,False
863,NQ,Thu,14:00,Out-of-Sample,2025-10-16T18:17:46.085517,2025-10-16 14:17:46,LONG,24710.75,50.0,True,20.64,False
863,NQ,Thu,14:00,Out-of-Sample,2025-10-16T18:17:46.085517,2025-10-16 14:17:46,LONG,24710.75,100.0,True,20.64,False
863,NQ,Thu,14:00,Out-of-Sample,2025-10-16T18:17:46.085517,2025-10-16 14:17:46,LONG,24710.75,-25.0,True,20.64,False
863,NQ,Thu,14:00,Out-of-Sample,2025-10-16T18:19:02.271018,2025-10-16 14:19:02,SHORT,24705.0,380.0,True,20.64,False
863,NQ,Thu,14:00,Out-of-Sample,2025-10-16T18:19:02.271018,2025-10-16 14:19:02,SHORT,24705.0,760.0,True,20.64,False
863,NQ,Thu,14:00,Out-of-Sample,2025-10-16T18:19:02.271018,2025-10-16 14:19:02,SHORT,24705.0,545.0,True,20.64,False
863,NQ,Thu,14:00,Out-of-Sample,2025-10-16T18:20:17.815405,2025-10-16 14:20:17,LONG,24688.5,-600.0,True,20.64,False
863,NQ,Thu,14:00,Out-of-Sample,2025-10-16T18:21:29.578458,2025-10-16 14:21:29,LONG,24697.5,50.0,True,20.64,False
863,NQ,Thu,14:00,Out-of-Sample,2025-10-16T18:21:29.578458,2025-10-16 14:21:29,LONG,24697.5,100.0,True,20.64,False
863,NQ,Thu,14:00,Out-of-Sample,2025-10-16T18:21:29.578458,2025-10-16 14:21:29,LONG,24697.5,225.0,True,20.64,False
863,NQ,Thu,14:00,Out-of-Sample,2025-10-16T18:21:47.413249,2025-10-16 14:21:47,LONG,24709.0,50.0,True,20.64,False
863,NQ,Thu,14:00,Out-of-Sample,2025-10-16T18:21:47.413249,2025-10-16 14:21:47,LONG,24709.0,100.0,True,20.64,False
863,NQ,Thu,14:00,Out-of-Sample,2025-10-16T18:21:47.413249,2025-10-16 14:21:47,LONG,24709.0,-95.0,True,20.64,False
863,NQ,Thu,14:00,Out-of-Sample,2025-10-16T18:22:36.404439,2025-10-16 14:22:36,LONG,24733.25,-555.0,True,20.64,False
863,NQ,Thu,14:00,Out-of-Sample,2025-10-16T18:24:35.698837,2025-10-16 14:24:35,SHORT,24704.5,-375.0,True,20.64,False
863,NQ,Thu,14:00,Out-of-Sample,2025-10-16T18:25:54.527413,2025-10-16 14:25:54,SHORT,24701.5,435.0,True,20.64,False
863,NQ,Thu,14:00,Out-of-Sample,2025-10-16T18:25:54.527413,2025-10-16 14:25:54,SHORT,24701.5,720.0,True,20.64,False
863,NQ,Thu,14:00,Out-of-Sample,2025-10-23T18:00:12.771472,2025-10-23 14:00:12,SHORT,25276.75,125.0,True,18.6,True
863,NQ,Thu,14:00,Out-of-Sample,2025-10-23T18:00:12.771472,2025-10-23 14:00:12,SHORT,25276.75,245.0,True,18.6,True
863,NQ,Thu,14:00,Out-of-Sample,2025-10-23T18:00:12.771472,2025-10-23 14:00:12,SHORT,25276.75,150.0,True,18.6,True
863,NQ,Thu,14:00,Out-of-Sample,2025-10-23T18:00:13.263013,2025-10-23 14:00:13,SHORT,25276.5,125.0,True,18.6,True
863,NQ,Thu,14:00,Out-of-Sample,2025-10-23T18:00:13.263013,2025-10-23 14:00:13,SHORT,25276.5,245.0,True,18.6,True
863,NQ,Thu,14:00,Out-of-Sample,2025-10-23T18:00:13.263013,2025-10-23 14:00:13,SHORT,25276.5,145.0,True,18.6,True
863,NQ,Thu,14:00,Out-of-Sample,2025-10-23T18:00:13.831506,2025-10-23 14:00:13,SHORT,25276.75,260.0,True,18.6,True
863,NQ,Thu,14:00,Out-of-Sample,2025-10-23T18:00:13.831506,2025-10-23 14:00:13,SHORT,25276.75,510.0,True,18.6,True
863,NQ,Thu,14:00,Out-of-Sample,2025-10-23T18:00:13.832123,2025-10-23 14:00:13,SHORT,25276.75,130.0,True,18.6,True
863,NQ,Thu,14:00,Out-of-Sample,2025-10-23T18:00:13.832123,2025-10-23 14:00:13,SHORT,25276.75,285.0,True,18.6,True
863,NQ,Thu,14:00,Out-of-Sample,2025-10-23T18:00:13.832123,2025-10-23 14:00:13,SHORT,25276.75,125.0,True,18.6,True
863,NQ,Thu,14:00,Out-of-Sample,2025-10-23T18:01:34.129190,2025-10-23 14:01:34,SHORT,25270.0,215.0,True,18.6,True
863,NQ,Thu,14:00,Out-of-Sample,2025-10-23T18:01:34.129190,2025-10-23 14:01:34,SHORT,25270.0,435.0,True,18.6,True
863,NQ,Thu,14:00,Out-of-Sample,2025-10-23T18:01:34.129190,2025-10-23 14:01:34,SHORT,25270.0,240.0,True,18.6,True
863,NQ,Thu,14:00,Out-of-Sample,2025-10-23T18:01:34.537650,2025-10-23 14:01:34,SHORT,25270.0,75.0,True,18.6,True
863,NQ,Thu,14:00,Out-of-Sample,2025-10-23T18:01:34.537650,2025-10-23 14:01:34,SHORT,25270.0,150.0,True,18.6,True
863,NQ,Thu,14:00,Out-of-Sample,2025-10-23T18:01:34.537650,2025-10-23 14:01:34,SHORT,25270.0,0.0,True,18.6,True
863,NQ,Thu,14:00,Out-of-Sample,2025-10-23T18:06:36.243190,2025-10-23 14:06:36,SHORT,25259.75,190.0,True,18.6,True
863,NQ,Thu,14:00,Out-of-Sample,2025-10-23T18:06:36.243190,2025-10-23 14:06:36,SHORT,25259.75,10.0,True,18.6,True
863,NQ,Thu,14:00,Out-of-Sample,2025-10-23T18:11:03.748097,2025-10-23 14:11:03,SHORT,25258.75,130.0,True,18.6,True
863,NQ,Thu,14:00,Out-of-Sample,2025-10-23T18:11:03.748097,2025-10-23 14:11:03,SHORT,25258.75,10.0,True,18.6,True
863,NQ,Thu,14:00,Out-of-Sample,2025-10-23T18:11:03.861665,2025-10-23 14:11:03,SHORT,25259.0,130.0,True,18.6,True
863,NQ,Thu,14:00,Out-of-Sample,2025-10-23T18:11:03.861665,2025-10-23 14:11:03,SHORT,25259.0,265.0,True,18.6,True
863,NQ,Thu,14:00,Out-of-Sample,2025-10-23T18:11:03.861665,2025-10-23 14:11:03,SHORT,25259.0,155.0,True,18.6,True
863,NQ,Thu,14:00,Out-of-Sample,2025-10-23T18:15:22.620538,2025-10-23 14:15:22,LONG,25264.25,-135.0,True,18.6,True
863,NQ,Thu,14:00,Out-of-Sample,2025-10-23T18:15:53.250807,2025-10-23 14:15:53,LONG,25257.5,370.0,True,18.6,True
863,NQ,Thu,14:00,Out-of-Sample,2025-10-23T18:15:53.756341,2025-10-23 14:15:53,SHORT,25251.75,-975.0,True,18.6,True
863,NQ,Thu,14:00,Out-of-Sample,2025-10-23T18:15:53.756830,2025-10-23 14:15:53,SHORT,25251.75,75.0,True,18.6,True
863,NQ,Thu,14:00,Out-of-Sample,2025-10-23T18:15:53.756830,2025-10-23 14:15:53,SHORT,25251.75,20.0,True,18.6,True
863,NQ,Thu,14:00,Out-of-Sample,2025-10-23T18:15:55.216062,2025-10-23 14:15:55,LONG,25248.0,530.0,True,18.6,True
863,NQ,Thu,14:00,Out-of-Sample,2025-10-23T18:15:55.281293,2025-10-23 14:15:55,SHORT,25248.75,-150.0,True,18.6,True
863,NQ,Thu,14:00,Out-of-Sample,2025-10-23T18:16:02.733528,2025-10-23 14:16:02,LONG,25257.75,335.0,True,18.6,True
863,NQ,Thu,14:00,Out-of-Sample,2025-10-23T18:16:28.343733,2025-10-23 14:16:28,LONG,25264.25,135.0,True,18.6,True
863,NQ,Thu,14:00,Out-of-Sample,2025-10-23T18:16:28.343733,2025-10-23 14:16:28,LONG,25264.25,210.0,True,18.6,True
863,NQ,Thu,14:00,Out-of-Sample,2025-10-23T18:16:28.662522,2025-10-23 14:16:28,LONG,25264.5,135.0,True,18.6,True
863,NQ,Thu,14:00,Out-of-Sample,2025-10-23T18:16:28.662522,2025-10-23 14:16:28,LONG,25264.5,210.0,True,18.6,True
863,NQ,Thu,14:00,Out-of-Sample,2025-10-23T18:21:05.262559,2025-10-23 14:21:05,LONG,25269.25,130.0,True,18.6,True
863,NQ,Thu,14:00,Out-of-Sample,2025-10-23T18:21:05.262559,2025-10-23 14:21:05,LONG,25269.25,20.0,True,18.6,True
863,NQ,Thu,14:00,Out-of-Sample,2025-10-23T18:21:05.769139,2025-10-23 14:21:05,SHORT,25270.0,430.0,True,18.6,True
863,NQ,Thu,14:00,Out-of-Sample,2025-10-23T18:24:02.064550,2025-10-23 14:24:02,SHORT,25269.75,-420.0,True,18.6,True
863,NQ,Thu,14:00,Out-of-Sample,2025-10-23T18:24:02.282357,2025-10-23 14:24:02,SHORT,25269.5,-495.0,True,18.6,True
863,NQ,Thu,14:00,Out-of-Sample,2025-10-23T18:26:57.137107,2025-10-23 14:26:57,SHORT,25268.25,70.0,True,18.6,True
863,NQ,Thu,14:00,Out-of-Sample,2025-10-30T18:01:18.561963,2025-10-30 14:01:18,SHORT,26057.5,55.0,True,16.92,True
863,NQ,Thu,14:00,Out-of-Sample,2025-10-30T18:01:18.561963,2025-10-30 14:01:18,SHORT,26057.5,20.0,True,16.92,True
863,NQ,Thu,14:00,Out-of-Sample,2025-10-30T18:01:20.711091,2025-10-30 14:01:20,SHORT,26057.75,-480.0,True,16.92,True
863,NQ,Thu,14:00,Out-of-Sample,2025-10-30T18:04:56.709438,2025-10-30 14:04:56,SHORT,26053.75,195.0,True,16.92,True
863,NQ,Thu,14:00,Out-of-Sample,2025-10-30T18:04:56.709438,2025-10-30 14:04:56,SHORT,26053.75,390.0,True,16.92,True
863,NQ,Thu,14:00,Out-of-Sample,2025-10-30T18:04:56.709438,2025-10-30 14:04:56,SHORT,26053.75,465.0,True,16.92,True
863,NQ,Thu,14:00,Out-of-Sample,2025-10-30T18:04:56.714228,2025-10-30 14:04:56,SHORT,26054.5,195.0,True,16.92,True
863,NQ,Thu,14:00,Out-of-Sample,2025-10-30T18:04:56.714228,2025-10-30 14:04:56,SHORT,26054.5,390.0,True,16.92,True
863,NQ,Thu,14:00,Out-of-Sample,2025-10-30T18:04:56.714228,2025-10-30 14:04:56,SHORT,26054.5,480.0,True,16.92,True
863,NQ,Thu,14:00,Out-of-Sample,2025-10-30T18:06:00.505033,2025-10-30 14:06:00,SHORT,26047.0,785.0,True,16.92,True
863,NQ,Thu,14:00,Out-of-Sample,2025-10-30T18:06:00.505033,2025-10-30 14:06:00,SHORT,26047.0,1065.0,True,16.92,True
863,NQ,Thu,14:00,Out-of-Sample,2025-10-30T18:06:00.505033,2025-10-30 14:06:00,SHORT,26047.0,1010.0,True,16.92,True
863,NQ,Thu,14:00,Out-of-Sample,2025-10-30T18:06:51.891609,2025-10-30 14:06:51,SHORT,26034.25,-255.0,True,16.92,True
863,NQ,Thu,14:00,Out-of-Sample,2025-10-30T18:07:24.019249,2025-10-30 14:07:24,SHORT,26033.0,50.0,True,16.92,True
863,NQ,Thu,14:00,Out-of-Sample,2025-10-30T18:07:24.019249,2025-10-30 14:07:24,SHORT,26033.0,100.0,True,16.92,True
863,NQ,Thu,14:00,Out-of-Sample,2025-10-30T18:07:24.019249,2025-10-30 14:07:24,SHORT,26033.0,225.0,True,16.92,True
863,NQ,Thu,14:00,Out-of-Sample,2025-10-30T18:08:01.250755,2025-10-30 14:08:01,SHORT,26022.0,-450.0,True,16.92,True
863,NQ,Thu,14:00,Out-of-Sample,2025-10-30T18:08:13.971188,2025-10-30 14:08:13,LONG,26022.75,100.0,True,16.92,True
863,NQ,Thu,14:00,Out-of-Sample,2025-10-30T18:08:13.971188,2025-10-30 14:08:13,LONG,26022.75,200.0,True,16.92,True
863,NQ,Thu,14:00,Out-of-Sample,2025-10-30T18:08:13.971188,2025-10-30 14:08:13,LONG,26022.75,135.0,True,16.92,True
863,NQ,Thu,14:00,Out-of-Sample,2025-10-30T18:09:04.437849,2025-10-30 14:09:04,LONG,26036.5,75.0,True,16.92,True
863,NQ,Thu,14:00,Out-of-Sample,2025-10-30T18:09:04.437849,2025-10-30 14:09:04,LONG,26036.5,20.0,True,16.92,True
863,NQ,Thu,14:00,Out-of-Sample,2025-10-30T18:13:05.662905,2025-10-30 14:13:05,SHORT,26019.5,190.0,True,16.92,True
863,NQ,Thu,14:00,Out-of-Sample,2025-10-30T18:13:05.662905,2025-10-30 14:13:05,SHORT,26019.5,380.0,True,16.92,True
863,NQ,Thu,14:00,Out-of-Sample,2025-10-30T18:13:05.662905,2025-10-30 14:13:05,SHORT,26019.5,430.0,True,16.92,True
863,NQ,Thu,14:00,Out-of-Sample,2025-10-30T18:13:05.663540,2025-10-30 14:13:05,SHORT,26018.75,190.0,True,16.92,True
863,NQ,Thu,14:00,Out-of-Sample,2025-10-30T18:13:05.663540,2025-10-30 14:13:05,SHORT,26018.75,380.0,True,16.92,True
863,NQ,Thu,14:00,Out-of-Sample,2025-10-30T18:13:05.663540,2025-10-30 14:13:05,SHORT,26018.75,445.0,True,16.92,True
863,NQ,Thu,14:00,Out-of-Sample,2025-10-30T18:13:05.785138,2025-10-30 14:13:05,SHORT,26018.75,55.0,True,16.92,True
863,NQ,Thu,14:00,Out-of-Sample,2025-10-30T18:13:05.785138,2025-10-30 14:13:05,SHORT,26018.75,275.0,True,16.92,True
863,NQ,Thu,14:00,Out-of-Sample,2025-10-30T18:13:05.785138,2025-10-30 14:13:05,SHORT,26018.75,470.0,True,16.92,True
863,NQ,Thu,14:00,Out-of-Sample,2025-10-30T18:13:05.785310,2025-10-30 14:13:05,SHORT,26018.75,600.0,True,16.92,True
863,NQ,Thu,14:00,Out-of-Sample,2025-10-30T18:13:06.036071,2025-10-30 14:13:06,SHORT,26017.75,-300.0,True,16.92,True
863,NQ,Thu,14:00,Out-of-Sample,2025-10-30T18:14:27.088987,2025-10-30 14:14:27,SHORT,26010.5,285.0,True,16.92,True
863,NQ,Thu,14:00,Out-of-Sample,2025-10-30T18:14:27.088987,2025-10-30 14:14:27,SHORT,26010.5,820.0,True,16.92,True
863,NQ,Thu,14:00,Out-of-Sample,2025-10-30T18:14:47.783757,2025-10-30 14:14:47,LONG,26006.25,-180.0,True,16.92,True
863,NQ,Thu,14:00,Out-of-Sample,2025-10-30T18:15:39.487257,2025-10-30 14:15:39,LONG,25999.5,-360.0,True,16.92,True
863,NQ,Thu,14:00,Out-of-Sample,2025-10-30T18:16:34.138795,2025-10-30 14:16:34,LONG,25996.0,105.0,True,16.92,True
863,NQ,Thu,14:00,Out-of-Sample,2025-10-30T18:16:34.138795,2025-10-30 14:16:34,LONG,25996.0,200.0,True,16.92,True
863,NQ,Thu,14:00,Out-of-Sample,2025-10-30T18:16:34.138795,2025-10-30 14:16:34,LONG,25996.0,135.0,True,16.92,True
863,NQ,Thu,14:00,Out-of-Sample,2025-10-30T18:17:35.691830,2025-10-30 14:17:35,LONG,26007.5,50.0,True,16.92,True
863,NQ,Thu,14:00,Out-of-Sample,2025-10-30T18:17:35.691830,2025-10-30 14:17:35,LONG,26007.5,100.0,True,16.92,True
863,NQ,Thu,14:00,Out-of-Sample,2025-10-30T18:17:35.691830,2025-10-30 14:17:35,LONG,26007.5,-65.0,True,16.92,True
863,NQ,Thu,14:00,Out-of-Sample,2025-10-30T18:21:10.148521,2025-10-30 14:21:10,SHORT,25991.0,75.0,True,16.92,True
863,NQ,Thu,14:00,Out-of-Sample,2025-10-30T18:21:10.148521,2025-10-30 14:21:10,SHORT,25991.0,10.0,True,16.92,True
863,NQ,Thu,14:00,Out-of-Sample,2025-10-30T18:21:31.679121,2025-10-30 14:21:31,SHORT,25986.0,-615.0,True,16.92,True
863,NQ,Thu,14:00,Out-of-Sample,2025-10-30T18:21:31.679763,2025-10-30 14:21:31,SHORT,25986.25,-945.0,True,16.92,True
863,NQ,Thu,14:00,Out-of-Sample,2025-10-30T18:28:23.841736,2025-10-30 14:28:23,SHORT,25989.25,-480.0,True,16.92,True
863,NQ,Thu,14:00,Out-of-Sample,2025-11-06T19:05:00.702578,2025-11-06 14:05:00,LONG,25369.0,340.0,True,18.01,True
863,NQ,Thu,14:00,Out-of-Sample,2025-11-06T19:05:00.702578,2025-11-06 14:05:00,LONG,25369.0,765.0,True,18.01,True
863,NQ,Thu,14:00,Out-of-Sample,2025-11-06T19:05:00.702578,2025-11-06 14:05:00,LONG,25369.0,670.0,True,18.01,True
863,NQ,Thu,14:00,Out-of-Sample,2025-11-06T19:05:00.703051,2025-11-06 14:05:00,LONG,25369.0,135.0,True,18.01,True
863,NQ,Thu,14:00,Out-of-Sample,2025-11-06T19:05:00.703051,2025-11-06 14:05:00,LONG,25369.0,425.0,True,18.01,True
863,NQ,Thu,14:00,Out-of-Sample,2025-11-06T19:05:00.703051,2025-11-06 14:05:00,LONG,25369.0,670.0,True,18.01,True
863,NQ,Thu,14:00,Out-of-Sample,2025-11-06T19:05:10.575985,2025-11-06 14:05:10,LONG,25375.25,50.0,True,18.01,True
863,NQ,Thu,14:00,Out-of-Sample,2025-11-06T19:05:10.575985,2025-11-06 14:05:10,LONG,25375.25,100.0,True,18.01,True
863,NQ,Thu,14:00,Out-of-Sample,2025-11-06T19:05:10.575985,2025-11-06 14:05:10,LONG,25375.25,225.0,True,18.01,True
863,NQ,Thu,14:00,Out-of-Sample,2025-11-06T19:05:40.966696,2025-11-06 14:05:40,LONG,25386.75,50.0,True,18.01,True
863,NQ,Thu,14:00,Out-of-Sample,2025-11-06T19:05:40.966696,2025-11-06 14:05:40,LONG,25386.75,100.0,True,18.01,True
863,NQ,Thu,14:00,Out-of-Sample,2025-11-06T19:05:40.966696,2025-11-06 14:05:40,LONG,25386.75,225.0,True,18.01,True
863,NQ,Thu,14:00,Out-of-Sample,2025-11-06T19:05:55.844868,2025-11-06 14:05:55,LONG,25391.75,340.0,True,18.01,True
863,NQ,Thu,14:00,Out-of-Sample,2025-11-06T19:05:55.844868,2025-11-06 14:05:55,LONG,25391.75,-580.0,True,18.01,True
863,NQ,Thu,14:00,Out-of-Sample,2025-11-06T19:05:59.178136,2025-11-06 14:05:59,LONG,25391.5,265.0,True,18.01,True
863,NQ,Thu,14:00,Out-of-Sample,2025-11-06T19:05:59.178136,2025-11-06 14:05:59,LONG,25391.5,0.0,True,18.01,True
863,NQ,Thu,14:00,Out-of-Sample,2025-11-06T19:08:09.796080,2025-11-06 14:08:09,SHORT,25377.25,50.0,True,18.01,True
863,NQ,Thu,14:00,Out-of-Sample,2025-11-06T19:08:09.796080,2025-11-06 14:08:09,SHORT,25377.25,-390.0,True,18.01,True
863,NQ,Thu,14:00,Out-of-Sample,2025-11-06T19:08:15.210548,2025-11-06 14:08:15,SHORT,25377.75,-1365.0,True,18.01,True
863,NQ,Thu,14:00,Out-of-Sample,2025-11-06T19:15:16.295576,2025-11-06 14:15:16,LONG,25398.0,-1410.0,True,18.01,True
863,NQ,Thu,14:00,Out-of-Sample,2025-11-06T19:15:16.295793,2025-11-06 14:15:16,LONG,25398.0,-1410.0,True,18.01,True
863,NQ,Thu,14:00,Out-of-Sample,2025-11-06T19:15:16.360968,2025-11-06 14:15:16,LONG,25399.25,-1095.0,True,18.01,True
863,NQ,Thu,14:00,Out-of-Sample,2025-11-06T19:17:20.023982,2025-11-06 14:17:20,SHORT,25375.25,-1380.0,True,18.01,True
863,NQ,Thu,14:00,Out-of-Sample,2025-11-06T19:17:45.304229,2025-11-06 14:17:45,SHORT,25366.0,-450.0,True,18.01,True
863,NQ,Thu,14:00,Out-of-Sample,2025-11-06T19:22:12.793486,2025-11-06 14:22:12,LONG,25388.5,255.0,True,18.01,True
863,NQ,Thu,14:00,Out-of-Sample,2025-11-06T19:22:12.793486,2025-11-06 14:22:12,LONG,25388.5,570.0,True,18.01,True
863,NQ,Thu,14:00,Out-of-Sample,2025-11-06T19:22:12.793486,2025-11-06 14:22:12,LONG,25388.5,660.0,True,18.01,True
863,NQ,Thu,14:00,Out-of-Sample,2025-11-06T19:25:05.670331,2025-11-06 14:25:05,LONG,25401.0,320.0,True,18.01,True
863,NQ,Thu,14:00,Out-of-Sample,2025-11-06T19:25:05.670331,2025-11-06 14:25:05,LONG,25401.0,725.0,True,18.01,True
863,NQ,Thu,14:00,Out-of-Sample,2025-11-06T19:25:05.670331,2025-11-06 14:25:05,LONG,25401.0,535.0,True,18.01,True
863,NQ,Thu,14:00,Out-of-Sample,2025-11-06T19:25:05.670609,2025-11-06 14:25:05,LONG,25400.5,80.0,True,18.01,True
863,NQ,Thu,14:00,Out-of-Sample,2025-11-06T19:25:05.670609,2025-11-06 14:25:05,LONG,25400.5,-10.0,True,18.01,True
863,NQ,Thu,14:00,Out-of-Sample,2025-11-06T19:25:28.727711,2025-11-06 14:25:28,LONG,25403.5,50.0,True,18.01,True
863,NQ,Thu,14:00,Out-of-Sample,2025-11-06T19:25:28.727711,2025-11-06 14:25:28,LONG,25403.5,100.0,True,18.01,True
863,NQ,Thu,14:00,Out-of-Sample,2025-11-06T19:25:28.727711,2025-11-06 14:25:28,LONG,25403.5,225.0,True,18.01,True
863,NQ,Thu,14:00,Out-of-Sample,2025-11-06T19:27:05.152779,2025-11-06 14:27:05,LONG,25422.0,50.0,True,18.01,True
863,NQ,Thu,14:00,Out-of-Sample,2025-11-06T19:27:05.152779,2025-11-06 14:27:05,LONG,25422.0,155.0,True,18.01,True
863,NQ,Thu,14:00,Out-of-Sample,2025-11-06T19:27:05.152779,2025-11-06 14:27:05,LONG,25422.0,-60.0,True,18.01,True
863,NQ,Thu,14:00,Out-of-Sample,2025-11-20T19:01:04.961880,2025-11-20 14:01:04,SHORT,24269.0,1000.0,True,23.66,False
863,NQ,Thu,14:00,Out-of-Sample,2025-11-20T19:01:04.961880,2025-11-20 14:01:04,SHORT,24269.0,1535.0,True,23.66,False
863,NQ,Thu,14:00,Out-of-Sample,2025-11-20T19:01:04.961880,2025-11-20 14:01:04,SHORT,24269.0,1540.0,True,23.66,False
863,NQ,Thu,14:00,Out-of-Sample,2025-11-20T19:02:04.511832,2025-11-20 14:02:04,SHORT,24282.25,735.0,True,23.66,False
863,NQ,Thu,14:00,Out-of-Sample,2025-11-20T19:02:43.625375,2025-11-20 14:02:43,SHORT,24270.25,4155.0,True,23.66,False
863,NQ,Thu,14:00,Out-of-Sample,2025-11-20T19:03:21.051805,2025-11-20 14:03:21,SHORT,24249.75,515.0,True,23.66,False
863,NQ,Thu,14:00,Out-of-Sample,2025-11-20T19:03:21.051805,2025-11-20 14:03:21,SHORT,24249.75,0.0,True,23.66,False
863,NQ,Thu,14:00,Out-of-Sample,2025-11-20T19:03:32.798928,2025-11-20 14:03:32,SHORT,24235.0,-2895.0,True,23.66,False
863,NQ,Thu,14:00,Out-of-Sample,2025-11-20T19:05:07.488574,2025-11-20 14:05:07,SHORT,24225.5,40.0,True,23.66,False
863,NQ,Thu,14:00,Out-of-Sample,2025-11-20T19:05:07.488574,2025-11-20 14:05:07,SHORT,24225.5,1145.0,True,23.66,False
863,NQ,Thu,14:00,Out-of-Sample,2025-11-20T19:05:07.488574,2025-11-20 14:05:07,SHORT,24225.5,990.0,True,23.66,False
863,NQ,Thu,14:00,Out-of-Sample,2025-11-20T19:05:07.489421,2025-11-20 14:05:07,SHORT,24227.5,1625.0,True,23.66,False
863,NQ,Thu,14:00,Out-of-Sample,2025-11-20T19:05:07.489421,2025-11-20 14:05:07,SHORT,24227.5,2060.0,True,23.66,False
863,NQ,Thu,14:00,Out-of-Sample,2025-11-20T19:05:30.783057,2025-11-20 14:05:30,SHORT,24256.75,80.0,True,23.66,False
863,NQ,Thu,14:00,Out-of-Sample,2025-11-20T19:05:38.893212,2025-11-20 14:05:38,SHORT,24245.0,-310.0,True,23.66,False
863,NQ,Thu,14:00,Out-of-Sample,2025-11-20T19:06:31.236388,2025-11-20 14:06:31,SHORT,24227.0,-3990.0,True,23.66,False
863,NQ,Thu,14:00,Out-of-Sample,2025-11-20T19:09:58.958818,2025-11-20 14:09:58,SHORT,24272.5,460.0,True,23.66,False
863,NQ,Thu,14:00,Out-of-Sample,2025-11-20T19:09:59.368014,2025-11-20 14:09:59,SHORT,24275.0,560.0,True,23.66,False
863,NQ,Thu,14:00,Out-of-Sample,2025-11-20T19:10:00.167459,2025-11-20 14:10:00,SHORT,24281.25,810.0,True,23.66,False
863,NQ,Thu,14:00,Out-of-Sample,2025-11-20T19:10:06.417741,2025-11-20 14:10:06,SHORT,24285.75,1005.0,True,23.66,False
863,NQ,Thu,14:00,Out-of-Sample,2025-11-20T19:10:10.055327,2025-11-20 14:10:10,SHORT,24276.75,1650.0,True,23.66,False
863,NQ,Thu,14:00,Out-of-Sample,2025-11-20T19:10:29.498978,2025-11-20 14:10:29,SHORT,24245.75,105.0,True,23.66,False
863,NQ,Thu,14:00,Out-of-Sample,2025-11-20T19:11:11.504019,2025-11-20 14:11:11,SHORT,24286.25,1650.0,True,23.66,False
863,NQ,Thu,14:00,Out-of-Sample,2025-11-20T19:12:25.760470,2025-11-20 14:12:25,SHORT,24252.0,-2085.0,True,23.66,False
863,NQ,Thu,14:00,Out-of-Sample,2025-11-20T19:12:35.202900,2025-11-20 14:12:35,SHORT,24226.0,-4800.0,True,23.66,False
863,NQ,Thu,14:00,Out-of-Sample,2025-11-20T19:12:56.336028,2025-11-20 14:12:56,SHORT,24246.5,-560.0,True,23.66,False
863,NQ,Thu,14:00,Out-of-Sample,2025-11-20T19:13:01.843519,2025-11-20 14:13:01,SHORT,24249.0,-460.0,True,23.66,False
863,NQ,Thu,14:00,Out-of-Sample,2025-11-20T19:13:02.934298,2025-11-20 14:13:02,SHORT,24255.25,-565.0,True,23.66,False
863,NQ,Thu,14:00,Out-of-Sample,2025-11-20T19:13:09.844453,2025-11-20 14:13:09,SHORT,24261.25,-1180.0,True,23.66,False
863,NQ,Thu,14:00,Out-of-Sample,2025-11-20T19:13:13.789332,2025-11-20 14:13:13,SHORT,24263.75,-1130.0,True,23.66,False
863,NQ,Thu,14:00,Out-of-Sample,2025-11-20T19:13:27.225633,2025-11-20 14:13:27,SHORT,24270.0,-1005.0,True,23.66,False
863,NQ,Thu,14:00,Out-of-Sample,2025-11-20T19:17:34.639746,2025-11-20 14:17:34,SHORT,24289.25,265.0,True,23.66,False
863,NQ,Thu,14:00,Out-of-Sample,2025-11-20T19:17:35.434063,2025-11-20 14:17:35,SHORT,24291.75,365.0,True,23.66,False
863,NQ,Thu,14:00,Out-of-Sample,2025-11-20T19:17:42.567102,2025-11-20 14:17:42,SHORT,24285.75,370.0,True,23.66,False
863,NQ,Thu,14:00,Out-of-Sample,2025-11-20T19:17:58.822335,2025-11-20 14:17:58,SHORT,24308.5,780.0,True,23.66,False
863,NQ,Thu,14:00,Out-of-Sample,2025-11-20T19:18:00.056029,2025-11-20 14:18:00,SHORT,24311.0,830.0,True,23.66,False
863,NQ,Thu,14:00,Out-of-Sample,2025-11-20T19:18:10.549158,2025-11-20 14:18:10,SHORT,24305.75,725.0,True,23.66,False
863,NQ,Thu,14:00,Out-of-Sample,2025-11-20T19:19:20.075244,2025-11-20 14:19:20,SHORT,24291.75,7020.0,True,23.66,False
863,NQ,Thu,14:00,Out-of-Sample,2025-11-20T19:19:30.522778,2025-11-20 14:19:30,SHORT,24277.0,-990.0,True,23.66,False
863,NQ,Thu,14:00,Out-of-Sample,2025-11-20T19:20:56.416253,2025-11-20 14:20:56,SHORT,24313.75,-45.0,True,23.66,False
863,NQ,Thu,14:00,Out-of-Sample,2025-11-20T19:24:23.470133,2025-11-20 14:24:23,SHORT,24278.5,-1380.0,True,23.66,False
863,NQ,Thu,14:00,Out-of-Sample,2025-11-20T19:24:52.467187,2025-11-20 14:24:52,SHORT,24262.0,-4650.0,True,23.66,False
863,NQ,Thu,14:00,Out-of-Sample,2025-11-20T19:25:20.251464,2025-11-20 14:25:20,SHORT,24296.0,-1050.0,True,23.66,False
863,NQ,Thu,14:00,Out-of-Sample,2025-11-20T19:25:24.531627,2025-11-20 14:25:24,SHORT,24298.5,-1000.0,True,23.66,False
863,NQ,Thu,14:00,Out-of-Sample,2025-11-20T19:25:27.949796,2025-11-20 14:25:27,SHORT,24291.25,-1145.0,True,23.66,False
863,NQ,Thu,14:00,Out-of-Sample,2025-11-20T19:25:49.528735,2025-11-20 14:25:49,SHORT,24317.0,-465.0,True,23.66,False
863,NQ,Thu,14:00,Out-of-Sample,2025-11-20T19:25:50.251586,2025-11-20 14:25:50,SHORT,24319.5,-380.0,True,23.66,False
863,NQ,Thu,14:00,Out-of-Sample,2025-11-20T19:26:04.097264,2025-11-20 14:26:04,SHORT,24312.75,-390.0,True,23.66,False
863,NQ,Thu,14:00,Out-of-Sample,2025-11-20T19:26:05.256547,2025-11-20 14:26:05,SHORT,24303.0,-1320.0,True,23.66,False
863,NQ,Thu,14:00,Out-of-Sample,2025-11-20T19:27:18.315371,2025-11-20 14:27:18,SHORT,24342.0,1065.0,True,23.66,False
863,NQ,Thu,14:00,Out-of-Sample,2025-11-20T19:27:40.601752,2025-11-20 14:27:40,SHORT,24344.5,995.0,True,23.66,False
863,NQ,Thu,14:00,Out-of-Sample,2025-11-20T19:27:42.366606,2025-11-20 14:27:42,SHORT,24350.75,1120.0,True,23.66,False
863,NQ,Thu,14:00,Out-of-Sample,2025-11-20T19:27:47.679687,2025-11-20 14:27:47,SHORT,24344.5,930.0,True,23.66,False
863,NQ,Thu,14:00,Out-of-Sample,2025-11-20T19:27:47.679687,2025-11-20 14:27:47,SHORT,24344.5,990.0,True,23.66,False
863,NQ,Thu,14:00,Out-of-Sample,2025-11-20T19:27:47.679687,2025-11-20 14:27:47,SHORT,24344.5,835.0,True,23.66,False
863,NQ,Thu,14:00,Out-of-Sample,2025-11-20T19:28:58.912359,2025-11-20 14:28:58,SHORT,24358.75,4555.0,True,23.66,False
863,NQ,Thu,14:00,Out-of-Sample,2025-11-20T19:28:58.912359,2025-11-20 14:28:58,SHORT,24358.75,5005.0,True,23.66,False
863,NQ,Thu,14:00,Out-of-Sample,2025-11-20T19:28:58.912359,2025-11-20 14:28:58,SHORT,24358.75,4880.0,True,23.66,False
863,NQ,Thu,14:00,Out-of-Sample,2025-11-20T19:29:59.288725,2025-11-20 14:29:59,SHORT,24343.5,1365.0,True,23.66,False
863,NQ,Thu,14:00,Out-of-Sample,2025-11-20T19:29:59.288725,2025-11-20 14:29:59,SHORT,24343.5,2250.0,True,23.66,False
863,NQ,Thu,14:00,Out-of-Sample,2025-12-04T19:00:58.760357,2025-12-04 14:00:58,SHORT,25596.75,-570.0,True,16.08,True
863,NQ,Thu,14:00,Out-of-Sample,2025-12-04T19:06:11.405282,2025-12-04 14:06:11,LONG,25608.5,-450.0,True,16.08,True
863,NQ,Thu,14:00,Out-of-Sample,2025-12-04T19:08:01.525112,2025-12-04 14:08:01,SHORT,25594.0,-270.0,True,16.08,True
863,NQ,Thu,14:00,Out-of-Sample,2025-12-04T19:08:25.108216,2025-12-04 14:08:25,SHORT,25593.0,-645.0,True,16.08,True
863,NQ,Thu,14:00,Out-of-Sample,2025-12-04T19:08:25.108637,2025-12-04 14:08:25,SHORT,25593.0,-630.0,True,16.08,True
863,NQ,Thu,14:00,Out-of-Sample,2025-12-04T19:12:23.025216,2025-12-04 14:12:23,SHORT,25596.5,165.0,True,16.08,True
863,NQ,Thu,14:00,Out-of-Sample,2025-12-04T19:12:23.025216,2025-12-04 14:12:23,SHORT,25596.5,325.0,True,16.08,True
863,NQ,Thu,14:00,Out-of-Sample,2025-12-04T19:12:23.025216,2025-12-04 14:12:23,SHORT,25596.5,185.0,True,16.08,True
863,NQ,Thu,14:00,Out-of-Sample,2025-12-04T19:12:23.026852,2025-12-04 14:12:23,SHORT,25596.5,165.0,True,16.08,True
863,NQ,Thu,14:00,Out-of-Sample,2025-12-04T19:12:23.026852,2025-12-04 14:12:23,SHORT,25596.5,110.0,True,16.08,True
863,NQ,Thu,14:00,Out-of-Sample,2025-12-04T19:16:06.305199,2025-12-04 14:16:06,SHORT,25582.75,120.0,True,16.08,True
863,NQ,Thu,14:00,Out-of-Sample,2025-12-04T19:16:06.305199,2025-12-04 14:16:06,SHORT,25582.75,10.0,True,16.08,True
863,NQ,Thu,14:00,Out-of-Sample,2025-12-04T19:16:10.966486,2025-12-04 14:16:10,SHORT,25580.75,-390.0,True,16.08,True
863,NQ,Thu,14:00,Out-of-Sample,2025-12-04T19:18:49.195104,2025-12-04 14:18:49,SHORT,25578.5,160.0,True,16.08,True
863,NQ,Thu,14:00,Out-of-Sample,2025-12-04T19:18:49.195104,2025-12-04 14:18:49,SHORT,25578.5,315.0,True,16.08,True
863,NQ,Thu,14:00,Out-of-Sample,2025-12-04T19:18:49.195104,2025-12-04 14:18:49,SHORT,25578.5,1015.0,True,16.08,True
863,NQ,Thu,14:00,Out-of-Sample,2025-12-04T19:18:49.372862,2025-12-04 14:18:49,SHORT,25578.75,160.0,True,16.08,True
863,NQ,Thu,14:00,Out-of-Sample,2025-12-04T19:18:49.372862,2025-12-04 14:18:49,SHORT,25578.75,315.0,True,16.08,True
863,NQ,Thu,14:00,Out-of-Sample,2025-12-04T19:18:49.372862,2025-12-04 14:18:49,SHORT,25578.75,610.0,True,16.08,True
863,NQ,Thu,14:00,Out-of-Sample,2025-12-04T19:18:59.336704,2025-12-04 14:18:59,SHORT,25575.5,225.0,True,16.08,True
863,NQ,Thu,14:00,Out-of-Sample,2025-12-04T19:18:59.336704,2025-12-04 14:18:59,SHORT,25575.5,455.0,True,16.08,True
863,NQ,Thu,14:00,Out-of-Sample,2025-12-04T19:18:59.336704,2025-12-04 14:18:59,SHORT,25575.5,625.0,True,16.08,True
863,NQ,Thu,14:00,Out-of-Sample,2025-12-04T19:19:00.158199,2025-12-04 14:19:00,SHORT,25572.5,75.0,True,16.08,True
863,NQ,Thu,14:00,Out-of-Sample,2025-12-04T19:19:00.158199,2025-12-04 14:19:00,SHORT,25572.5,150.0,True,16.08,True
863,NQ,Thu,14:00,Out-of-Sample,2025-12-04T19:19:00.158199,2025-12-04 14:19:00,SHORT,25572.5,1000.0,True,16.08,True
863,NQ,Thu,14:00,Out-of-Sample,2025-12-04T19:19:04.504275,2025-12-04 14:19:04,SHORT,25566.75,135.0,True,16.08,True
863,NQ,Thu,14:00,Out-of-Sample,2025-12-04T19:19:04.504275,2025-12-04 14:19:04,SHORT,25566.75,135.0,True,16.08,True
863,NQ,Thu,14:00,Out-of-Sample,2025-12-04T19:19:04.504275,2025-12-04 14:19:04,SHORT,25566.75,225.0,True,16.08,True
863,NQ,Thu,14:00,Out-of-Sample,2025-12-04T19:19:45.482829,2025-12-04 14:19:45,SHORT,25543.0,50.0,True,16.08,True
863,NQ,Thu,14:00,Out-of-Sample,2025-12-04T19:19:45.482829,2025-12-04 14:19:45,SHORT,25543.0,100.0,True,16.08,True
863,NQ,Thu,14:00,Out-of-Sample,2025-12-04T19:19:45.482829,2025-12-04 14:19:45,SHORT,25543.0,225.0,True,16.08,True
863,NQ,Thu,14:00,Out-of-Sample,2025-12-04T19:20:00.267048,2025-12-04 14:20:00,SHORT,25541.5,40.0,True,16.08,True
863,NQ,Thu,14:00,Out-of-Sample,2025-12-04T19:20:00.267048,2025-12-04 14:20:00,SHORT,25541.5,210.0,True,16.08,True
863,NQ,Thu,14:00,Out-of-Sample,2025-12-04T19:20:00.267048,2025-12-04 14:20:00,SHORT,25541.5,335.0,True,16.08,True
863,NQ,Thu,14:00,Out-of-Sample,2025-12-04T19:20:00.267701,2025-12-04 14:20:00,SHORT,25541.25,170.0,True,16.08,True
863,NQ,Thu,14:00,Out-of-Sample,2025-12-04T19:20:00.267701,2025-12-04 14:20:00,SHORT,25541.25,380.0,True,16.08,True
863,NQ,Thu,14:00,Out-of-Sample,2025-12-04T19:20:00.267701,2025-12-04 14:20:00,SHORT,25541.25,325.0,True,16.08,True
863,NQ,Thu,14:00,Out-of-Sample,2025-12-04T19:20:03.961807,2025-12-04 14:20:03,LONG,25544.5,-285.0,True,16.08,True
863,NQ,Thu,14:00,Out-of-Sample,2025-12-04T19:20:28.716695,2025-12-04 14:20:28,SHORT,25523.75,75.0,True,16.08,True
863,NQ,Thu,14:00,Out-of-Sample,2025-12-04T19:20:28.716695,2025-12-04 14:20:28,SHORT,25523.75,150.0,True,16.08,True
863,NQ,Thu,14:00,Out-of-Sample,2025-12-04T19:20:28.716695,2025-12-04 14:20:28,SHORT,25523.75,-10.0,True,16.08,True
863,NQ,Thu,14:00,Out-of-Sample,2025-12-04T19:21:07.831779,2025-12-04 14:21:07,SHORT,25511.75,165.0,True,16.08,True
863,NQ,Thu,14:00,Out-of-Sample,2025-12-04T19:21:07.831779,2025-12-04 14:21:07,SHORT,25511.75,10.0,True,16.08,True
863,NQ,Thu,14:00,Out-of-Sample,2025-12-04T19:21:11.673790,2025-12-04 14:21:11,LONG,25513.75,-255.0,True,16.08,True
863,NQ,Thu,14:00,Out-of-Sample,2025-12-04T19:21:14.228250,2025-12-04 14:21:14,SHORT,25505.0,80.0,True,16.08,True
863,NQ,Thu,14:00,Out-of-Sample,2025-12-04T19:21:14.228250,2025-12-04 14:21:14,SHORT,25505.0,100.0,True,16.08,True
863,NQ,Thu,14:00,Out-of-Sample,2025-12-04T19:21:14.228250,2025-12-04 14:21:14,SHORT,25505.0,-100.0,True,16.08,True
863,NQ,Thu,14:00,Out-of-Sample,2025-12-04T19:21:15.076819,2025-12-04 14:21:15,SHORT,25497.0,-465.0,True,16.08,True
863,NQ,Thu,14:00,Out-of-Sample,2025-12-04T19:21:53.557740,2025-12-04 14:21:53,LONG,25518.0,-225.0,True,16.08,True
863,NQ,Thu,14:00,Out-of-Sample,2025-12-04T19:22:47.334557,2025-12-04 14:22:47,SHORT,25502.5,175.0,True,16.08,True
863,NQ,Thu,14:00,Out-of-Sample,2025-12-04T19:22:47.334557,2025-12-04 14:22:47,SHORT,25502.5,10.0,True,16.08,True
863,NQ,Thu,14:00,Out-of-Sample,2025-12-04T19:23:02.865611,2025-12-04 14:23:02,SHORT,25491.25,-525.0,True,16.08,True
863,NQ,Thu,14:00,Out-of-Sample,2025-12-04T19:23:15.906859,2025-12-04 14:23:15,LONG,25494.25,100.0,True,16.08,True
863,NQ,Thu,14:00,Out-of-Sample,2025-12-04T19:23:15.906859,2025-12-04 14:23:15,LONG,25494.25,200.0,True,16.08,True
863,NQ,Thu,14:00,Out-of-Sample,2025-12-04T19:23:15.906859,2025-12-04 14:23:15,LONG,25494.25,135.0,True,16.08,True
863,NQ,Thu,14:00,Out-of-Sample,2025-12-04T19:24:03.872840,2025-12-04 14:24:03,SHORT,25496.0,-1125.0,True,16.08,True
863,NQ,Thu,14:00,Out-of-Sample,2025-12-04T19:24:41.654621,2025-12-04 14:24:41,LONG,25513.75,-195.0,True,16.08,True
863,NQ,Thu,14:00,Out-of-Sample,2025-12-04T19:25:10.767138,2025-12-04 14:25:10,LONG,25528.0,50.0,True,16.08,True
863,NQ,Thu,14:00,Out-of-Sample,2025-12-04T19:25:10.767138,2025-12-04 14:25:10,LONG,25528.0,100.0,True,16.08,True
863,NQ,Thu,14:00,Out-of-Sample,2025-12-04T19:25:10.767138,2025-12-04 14:25:10,LONG,25528.0,-95.0,True,16.08,True
863,NQ,Thu,14:00,Out-of-Sample,2025-12-04T19:25:11.066479,2025-12-04 14:25:11,LONG,25527.0,145.0,True,16.08,True
863,NQ,Thu,14:00,Out-of-Sample,2025-12-04T19:25:11.066479,2025-12-04 14:25:11,LONG,25527.0,330.0,True,16.08,True
863,NQ,Thu,14:00,Out-of-Sample,2025-12-04T19:25:11.066479,2025-12-04 14:25:11,LONG,25527.0,270.0,True,16.08,True
863,NQ,Thu,14:00,Out-of-Sample,2025-12-04T19:27:51.873415,2025-12-04 14:27:51,LONG,25548.25,190.0,True,16.08,True
863,NQ,Thu,14:00,Out-of-Sample,2025-12-04T19:27:51.873415,2025-12-04 14:27:51,LONG,25548.25,420.0,True,16.08,True
863,NQ,Thu,14:00,Out-of-Sample,2025-12-04T19:27:51.873415,2025-12-04 14:27:51,LONG,25548.25,1040.0,True,16.08,True
863,NQ,Thu,14:00,Out-of-Sample,2025-12-04T19:27:51.888320,2025-12-04 14:27:51,LONG,25548.25,45.0,True,16.08,True
863,NQ,Thu,14:00,Out-of-Sample,2025-12-04T19:27:51.888320,2025-12-04 14:27:51,LONG,25548.25,0.0,True,16.08,True
863,NQ,Thu,14:00,Out-of-Sample,2025-12-04T19:28:00.089384,2025-12-04 14:28:00,LONG,25549.5,-435.0,True,16.08,True
863,NQ,Thu,14:00,Out-of-Sample,2025-12-04T19:29:06.112095,2025-12-04 14:29:06,SHORT,25538.25,75.0,True,16.08,True
863,NQ,Thu,14:00,Out-of-Sample,2025-12-04T19:29:06.112095,2025-12-04 14:29:06,SHORT,25538.25,150.0,True,16.08,True
863,NQ,Thu,14:00,Out-of-Sample,2025-12-04T19:29:06.112095,2025-12-04 14:29:06,SHORT,25538.25,70.0,True,16.08,True
863,NQ,Thu,14:00,Out-of-Sample,2025-12-04T19:29:17.751112,2025-12-04 14:29:17,SHORT,25534.75,200.0,True,16.08,True
863,NQ,Thu,14:00,Out-of-Sample,2025-12-04T19:29:17.751112,2025-12-04 14:29:17,SHORT,25534.75,0.0,True,16.08,True
863,NQ,Thu,14:00,Out-of-Sample,2025-12-04T19:29:17.975835,2025-12-04 14:29:17,SHORT,25534.5,200.0,True,16.08,True
863,NQ,Thu,14:00,Out-of-Sample,2025-12-04T19:29:17.975835,2025-12-04 14:29:17,SHORT,25534.5,20.0,True,16.08,True
863,NQ,Thu,14:00,Out-of-Sample,2025-12-11T19:03:16.350788,2025-12-11 14:03:16,LONG,25658.5,155.0,True,15.77,True
863,NQ,Thu,14:00,Out-of-Sample,2025-12-11T19:03:16.350788,2025-12-11 14:03:16,LONG,25658.5,10.0,True,15.77,True
863,NQ,Thu,14:00,Out-of-Sample,2025-12-11T19:12:10.871311,2025-12-11 14:12:10,LONG,25666.5,150.0,True,15.77,True
863,NQ,Thu,14:00,Out-of-Sample,2025-12-11T19:12:10.871311,2025-12-11 14:12:10,LONG,25666.5,340.0,True,15.77,True
863,NQ,Thu,14:00,Out-of-Sample,2025-12-11T19:12:10.871311,2025-12-11 14:12:10,LONG,25666.5,445.0,True,15.77,True
863,NQ,Thu,14:00,Out-of-Sample,2025-12-11T19:17:37.096732,2025-12-11 14:17:37,LONG,25683.75,50.0,True,15.77,True
863,NQ,Thu,14:00,Out-of-Sample,2025-12-11T19:17:37.096732,2025-12-11 14:17:37,LONG,25683.75,100.0,True,15.77,True
863,NQ,Thu,14:00,Out-of-Sample,2025-12-11T19:17:37.096732,2025-12-11 14:17:37,LONG,25683.75,225.0,True,15.77,True
863,NQ,Thu,14:00,Out-of-Sample,2025-12-11T19:19:10.753009,2025-12-11 14:19:10,LONG,25699.5,-480.0,True,15.77,True
863,NQ,Thu,14:00,Out-of-Sample,2025-12-11T19:24:32.075441,2025-12-11 14:24:32,LONG,25699.75,220.0,True,15.77,True
863,NQ,Thu,14:00,Out-of-Sample,2025-12-11T19:24:32.075441,2025-12-11 14:24:32,LONG,25699.75,10.0,True,15.77,True
863,NQ,Thu,14:00,Out-of-Sample,2025-12-11T19:24:32.165973,2025-12-11 14:24:32,LONG,25699.75,55.0,True,15.77,True
863,NQ,Thu,14:00,Out-of-Sample,2025-12-11T19:24:32.165973,2025-12-11 14:24:32,LONG,25699.75,10.0,True,15.77,True
863,NQ,Thu,14:00,Out-of-Sample,2025-12-18T19:02:40.351164,2025-12-18 14:02:40,SHORT,25305.0,50.0,True,17.62,True
863,NQ,Thu,14:00,Out-of-Sample,2025-12-18T19:02:40.351164,2025-12-18 14:02:40,SHORT,25305.0,100.0,True,17.62,True
863,NQ,Thu,14:00,Out-of-Sample,2025-12-18T19:02:40.351164,2025-12-18 14:02:40,SHORT,25305.0,225.0,True,17.62,True
863,NQ,Thu,14:00,Out-of-Sample,2025-12-18T19:04:06.119345,2025-12-18 14:04:06,SHORT,25269.25,50.0,True,17.62,True
863,NQ,Thu,14:00,Out-of-Sample,2025-12-18T19:04:06.119345,2025-12-18 14:04:06,SHORT,25269.25,100.0,True,17.62,True
863,NQ,Thu,14:00,Out-of-Sample,2025-12-18T19:04:06.119345,2025-12-18 14:04:06,SHORT,25269.25,-105.0,True,17.62,True
863,NQ,Thu,14:00,Out-of-Sample,2025-12-18T19:09:18.420869,2025-12-18 14:09:18,LONG,25304.5,290.0,True,17.62,True
863,NQ,Thu,14:00,Out-of-Sample,2025-12-18T19:09:18.420869,2025-12-18 14:09:18,LONG,25304.5,-30.0,True,17.62,True
863,NQ,Thu,14:00,Out-of-Sample,2025-12-18T19:12:18.714602,2025-12-18 14:12:18,SHORT,25303.75,305.0,True,17.62,True
863,NQ,Thu,14:00,Out-of-Sample,2025-12-18T19:12:18.714602,2025-12-18 14:12:18,SHORT,25303.75,605.0,True,17.62,True
863,NQ,Thu,14:00,Out-of-Sample,2025-12-18T19:12:18.714602,2025-12-18 14:12:18,SHORT,25303.75,485.0,True,17.62,True
863,NQ,Thu,14:00,Out-of-Sample,2025-12-18T19:15:12.320832,2025-12-18 14:15:12,LONG,25282.75,-260.0,True,17.62,True
863,NQ,Thu,14:00,Out-of-Sample,2025-12-18T19:15:34.265798,2025-12-18 14:15:34,LONG,25286.5,-810.0,True,17.62,True
863,NQ,Thu,14:00,Out-of-Sample,2025-12-18T19:16:33.055940,2025-12-18 14:16:33,LONG,25270.5,-65.0,True,17.62,True
863,NQ,Thu,14:00,Out-of-Sample,2025-12-18T19:17:30.694457,2025-12-18 14:17:30,LONG,25286.75,-2370.0,True,17.62,True
863,NQ,Thu,14:00,Out-of-Sample,2025-12-18T19:22:53.929103,2025-12-18 14:22:53,SHORT,25268.75,-480.0,True,17.62,True
863,NQ,Thu,14:00,Out-of-Sample,2025-12-18T19:23:42.349706,2025-12-18 14:23:42,SHORT,25267.0,-375.0,True,17.62,True
863,NQ,Thu,14:00,Out-of-Sample,2026-01-08T19:02:11.401817,2026-01-08 14:02:11,LONG,25637.0,-730.0,True,15.38,True
863,NQ,Thu,14:00,Out-of-Sample,2026-01-08T19:02:11.646740,2026-01-08 14:02:11,LONG,25637.75,75.0,True,15.38,True
863,NQ,Thu,14:00,Out-of-Sample,2026-01-08T19:02:11.646740,2026-01-08 14:02:11,LONG,25637.75,150.0,True,15.38,True
863,NQ,Thu,14:00,Out-of-Sample,2026-01-08T19:02:11.646740,2026-01-08 14:02:11,LONG,25637.75,185.0,True,15.38,True
863,NQ,Thu,14:00,Out-of-Sample,2026-01-08T19:03:26.613565,2026-01-08 14:03:26,LONG,25654.5,-915.0,True,15.38,True
863,NQ,Thu,14:00,Out-of-Sample,2026-01-08T19:03:26.700742,2026-01-08 14:03:26,LONG,25654.5,50.0,True,15.38,True
863,NQ,Thu,14:00,Out-of-Sample,2026-01-08T19:03:26.700742,2026-01-08 14:03:26,LONG,25654.5,-360.0,True,15.38,True
863,NQ,Thu,14:00,Out-of-Sample,2026-01-08T19:03:27.033131,2026-01-08 14:03:27,LONG,25654.5,-405.0,True,15.38,True
863,NQ,Thu,14:00,Out-of-Sample,2026-01-08T19:10:12.618965,2026-01-08 14:10:12,SHORT,25635.0,170.0,True,15.38,True
863,NQ,Thu,14:00,Out-of-Sample,2026-01-08T19:10:12.618965,2026-01-08 14:10:12,SHORT,25635.0,340.0,True,15.38,True
863,NQ,Thu,14:00,Out-of-Sample,2026-01-08T19:10:12.618965,2026-01-08 14:10:12,SHORT,25635.0,520.0,True,15.38,True
863,NQ,Thu,14:00,Out-of-Sample,2026-01-08T19:10:12.694679,2026-01-08 14:10:12,SHORT,25635.0,170.0,True,15.38,True
863,NQ,Thu,14:00,Out-of-Sample,2026-01-08T19:10:12.694679,2026-01-08 14:10:12,SHORT,25635.0,340.0,True,15.38,True
863,NQ,Thu,14:00,Out-of-Sample,2026-01-08T19:10:12.694679,2026-01-08 14:10:12,SHORT,25635.0,520.0,True,15.38,True
863,NQ,Thu,14:00,Out-of-Sample,2026-01-08T19:10:43.700304,2026-01-08 14:10:43,SHORT,25626.5,50.0,True,15.38,True
863,NQ,Thu,14:00,Out-of-Sample,2026-01-08T19:10:43.700304,2026-01-08 14:10:43,SHORT,25626.5,100.0,True,15.38,True
863,NQ,Thu,14:00,Out-of-Sample,2026-01-08T19:10:43.700304,2026-01-08 14:10:43,SHORT,25626.5,225.0,True,15.38,True
863,NQ,Thu,14:00,Out-of-Sample,2026-01-08T19:11:05.380743,2026-01-08 14:11:05,SHORT,25620.5,-255.0,True,15.38,True
863,NQ,Thu,14:00,Out-of-Sample,2026-01-08T19:11:26.155023,2026-01-08 14:11:26,LONG,25622.25,-180.0,True,15.38,True
863,NQ,Thu,14:00,Out-of-Sample,2026-01-08T19:14:12.589839,2026-01-08 14:14:12,SHORT,25616.5,250.0,True,15.38,True
863,NQ,Thu,14:00,Out-of-Sample,2026-01-08T19:14:12.589839,2026-01-08 14:14:12,SHORT,25616.5,-500.0,True,15.38,True
863,NQ,Thu,14:00,Out-of-Sample,2026-01-08T19:15:13.415396,2026-01-08 14:15:13,LONG,25611.5,385.0,True,15.38,True
863,NQ,Thu,14:00,Out-of-Sample,2026-01-08T19:15:16.471708,2026-01-08 14:15:16,SHORT,25606.0,75.0,True,15.38,True
863,NQ,Thu,14:00,Out-of-Sample,2026-01-08T19:15:16.471708,2026-01-08 14:15:16,SHORT,25606.0,10.0,True,15.38,True
863,NQ,Thu,14:00,Out-of-Sample,2026-01-08T19:15:40.898050,2026-01-08 14:15:40,LONG,25602.5,750.0,True,15.38,True
863,NQ,Thu,14:00,Out-of-Sample,2026-01-08T19:16:33.925073,2026-01-08 14:16:33,SHORT,25598.5,-840.0,True,15.38,True
863,NQ,Thu,14:00,Out-of-Sample,2026-01-08T19:16:34.157726,2026-01-08 14:16:34,SHORT,25598.0,-570.0,True,15.38,True
863,NQ,Thu,14:00,Out-of-Sample,2026-01-08T19:17:12.573501,2026-01-08 14:17:12,LONG,25607.0,680.0,True,15.38,True
863,NQ,Thu,14:00,Out-of-Sample,2026-01-08T19:17:12.573501,2026-01-08 14:17:12,LONG,25607.0,580.0,True,15.38,True
863,NQ,Thu,14:00,Out-of-Sample,2026-01-08T19:17:20.722312,2026-01-08 14:17:20,LONG,25610.0,505.0,True,15.38,True
863,NQ,Thu,14:00,Out-of-Sample,2026-01-08T19:17:33.217815,2026-01-08 14:17:33,LONG,25618.75,50.0,True,15.38,True
863,NQ,Thu,14:00,Out-of-Sample,2026-01-08T19:17:33.217815,2026-01-08 14:17:33,LONG,25618.75,100.0,True,15.38,True
863,NQ,Thu,14:00,Out-of-Sample,2026-01-08T19:17:33.217815,2026-01-08 14:17:33,LONG,25618.75,5.0,True,15.38,True
863,NQ,Thu,14:00,Out-of-Sample,2026-01-08T19:18:01.390122,2026-01-08 14:18:01,LONG,25623.5,-195.0,True,15.38,True
863,NQ,Thu,14:00,Out-of-Sample,2026-01-08T19:20:08.275587,2026-01-08 14:20:08,LONG,25634.5,50.0,True,15.38,True
863,NQ,Thu,14:00,Out-of-Sample,2026-01-08T19:20:08.275587,2026-01-08 14:20:08,LONG,25634.5,245.0,True,15.38,True
863,NQ,Thu,14:00,Out-of-Sample,2026-01-08T19:20:08.275587,2026-01-08 14:20:08,LONG,25634.5,65.0,True,15.38,True
863,NQ,Thu,14:00,Out-of-Sample,2026-01-08T19:20:08.392313,2026-01-08 14:20:08,LONG,25634.75,195.0,True,15.38,True
863,NQ,Thu,14:00,Out-of-Sample,2026-01-08T19:20:08.392313,2026-01-08 14:20:08,LONG,25634.75,10.0,True,15.38,True
863,NQ,Thu,14:00,Out-of-Sample,2026-01-08T19:20:09.209486,2026-01-08 14:20:09,LONG,25637.25,75.0,True,15.38,True
863,NQ,Thu,14:00,Out-of-Sample,2026-01-08T19:20:09.209486,2026-01-08 14:20:09,LONG,25637.25,150.0,True,15.38,True
863,NQ,Thu,14:00,Out-of-Sample,2026-01-08T19:20:09.209486,2026-01-08 14:20:09,LONG,25637.25,5.0,True,15.38,True
863,NQ,Thu,14:00,Out-of-Sample,2026-01-08T19:20:11.459242,2026-01-08 14:20:11,LONG,25639.0,50.0,True,15.38,True
863,NQ,Thu,14:00,Out-of-Sample,2026-01-08T19:20:11.459242,2026-01-08 14:20:11,LONG,25639.0,100.0,True,15.38,True
863,NQ,Thu,14:00,Out-of-Sample,2026-01-08T19:20:11.459242,2026-01-08 14:20:11,LONG,25639.0,-25.0,True,15.38,True
863,NQ,Thu,14:00,Out-of-Sample,2026-01-08T19:21:34.172665,2026-01-08 14:21:34,SHORT,25635.5,180.0,True,15.38,True
863,NQ,Thu,14:00,Out-of-Sample,2026-01-08T19:21:34.172665,2026-01-08 14:21:34,SHORT,25635.5,210.0,True,15.38,True
863,NQ,Thu,14:00,Out-of-Sample,2026-01-08T19:21:34.172934,2026-01-08 14:21:34,SHORT,25635.5,180.0,True,15.38,True
863,NQ,Thu,14:00,Out-of-Sample,2026-01-08T19:21:34.172934,2026-01-08 14:21:34,SHORT,25635.5,10.0,True,15.38,True
863,NQ,Thu,14:00,Out-of-Sample,2026-01-08T19:25:47.218906,2026-01-08 14:25:47,SHORT,25620.25,-255.0,True,15.38,True
863,NQ,Thu,14:00,Out-of-Sample,2026-01-15T19:03:41.271357,2026-01-15 14:03:41,LONG,25845.5,290.0,True,16.75,True
863,NQ,Thu,14:00,Out-of-Sample,2026-01-15T19:04:21.887162,2026-01-15 14:04:21,LONG,25837.75,320.0,True,16.75,True
863,NQ,Thu,14:00,Out-of-Sample,2026-01-15T19:05:04.242342,2026-01-15 14:05:04,LONG,25847.0,135.0,True,16.75,True
863,NQ,Thu,14:00,Out-of-Sample,2026-01-15T19:05:24.168242,2026-01-15 14:05:24,SHORT,25827.25,60.0,True,16.75,True
863,NQ,Thu,14:00,Out-of-Sample,2026-01-15T19:05:24.168242,2026-01-15 14:05:24,SHORT,25827.25,10.0,True,16.75,True
863,NQ,Thu,14:00,Out-of-Sample,2026-01-15T19:05:24.168385,2026-01-15 14:05:24,SHORT,25827.25,170.0,True,16.75,True
863,NQ,Thu,14:00,Out-of-Sample,2026-01-15T19:05:24.168385,2026-01-15 14:05:24,SHORT,25827.25,0.0,True,16.75,True
863,NQ,Thu,14:00,Out-of-Sample,2026-01-15T19:06:03.694114,2026-01-15 14:06:03,LONG,25845.5,50.0,True,16.75,True
863,NQ,Thu,14:00,Out-of-Sample,2026-01-15T19:06:03.694114,2026-01-15 14:06:03,LONG,25845.5,100.0,True,16.75,True
863,NQ,Thu,14:00,Out-of-Sample,2026-01-15T19:06:03.694114,2026-01-15 14:06:03,LONG,25845.5,-90.0,True,16.75,True
863,NQ,Thu,14:00,Out-of-Sample,2026-01-15T19:09:46.675072,2026-01-15 14:09:46,LONG,25853.5,-1290.0,True,16.75,True
863,NQ,Thu,14:00,Out-of-Sample,2026-01-15T19:09:46.950210,2026-01-15 14:09:46,LONG,25853.0,50.0,True,16.75,True
863,NQ,Thu,14:00,Out-of-Sample,2026-01-15T19:09:46.950210,2026-01-15 14:09:46,LONG,25853.0,100.0,True,16.75,True
863,NQ,Thu,14:00,Out-of-Sample,2026-01-15T19:09:46.950210,2026-01-15 14:09:46,LONG,25853.0,-55.0,True,16.75,True
863,NQ,Thu,14:00,Out-of-Sample,2026-01-15T19:13:33.527098,2026-01-15 14:13:33,SHORT,25833.75,255.0,True,16.75,True
863,NQ,Thu,14:00,Out-of-Sample,2026-01-15T19:13:33.527098,2026-01-15 14:13:33,SHORT,25833.75,505.0,True,16.75,True
863,NQ,Thu,14:00,Out-of-Sample,2026-01-15T19:13:33.527098,2026-01-15 14:13:33,SHORT,25833.75,595.0,True,16.75,True
863,NQ,Thu,14:00,Out-of-Sample,2026-01-15T19:15:03.669561,2026-01-15 14:15:03,SHORT,25832.0,45.0,True,16.75,True
863,NQ,Thu,14:00,Out-of-Sample,2026-01-15T19:15:03.669561,2026-01-15 14:15:03,SHORT,25832.0,10.0,True,16.75,True
863,NQ,Thu,14:00,Out-of-Sample,2026-01-15T19:20:43.166401,2026-01-15 14:20:43,LONG,25825.25,20.0,True,16.75,True
863,NQ,Thu,14:00,Out-of-Sample,2026-01-15T19:20:50.041100,2026-01-15 14:20:50,LONG,25831.75,-220.0,True,16.75,True
863,NQ,Thu,14:00,Out-of-Sample,2026-01-15T19:23:35.861102,2026-01-15 14:23:35,LONG,25819.25,-30.0,True,16.75,True
863,NQ,Thu,14:00,Out-of-Sample,2026-01-15T19:23:56.156466,2026-01-15 14:23:56,LONG,25825.5,-310.0,True,16.75,True
863,NQ,Thu,14:00,Out-of-Sample,2026-01-15T19:26:03.667181,2026-01-15 14:26:03,LONG,25810.75,-590.0,True,16.75,True
863,NQ,Thu,14:00,Out-of-Sample,2026-01-15T19:26:29.632159,2026-01-15 14:26:29,LONG,25802.0,-415.0,True,16.75,True
863,NQ,Thu,14:00,Out-of-Sample,2026-01-15T19:27:40.376589,2026-01-15 14:27:40,LONG,25805.5,-485.0,True,16.75,True
863,NQ,Thu,14:00,Out-of-Sample,2026-01-22T19:05:21.535040,2026-01-22 14:05:21,LONG,25699.5,40.0,True,16.9,True
863,NQ,Thu,14:00,Out-of-Sample,2026-01-22T19:05:21.535040,2026-01-22 14:05:21,LONG,25699.5,10.0,True,16.9,True
863,NQ,Thu,14:00,Out-of-Sample,2026-01-22T19:05:21.535191,2026-01-22 14:05:21,LONG,25699.5,155.0,True,16.9,True
863,NQ,Thu,14:00,Out-of-Sample,2026-01-22T19:05:21.535191,2026-01-22 14:05:21,LONG,25699.5,10.0,True,16.9,True
863,NQ,Thu,14:00,Out-of-Sample,2026-01-22T19:05:25.876967,2026-01-22 14:05:25,LONG,25701.0,50.0,True,16.9,True
863,NQ,Thu,14:00,Out-of-Sample,2026-01-22T19:05:25.876967,2026-01-22 14:05:25,LONG,25701.0,-380.0,True,16.9,True
863,NQ,Thu,14:00,Out-of-Sample,2026-01-22T19:06:16.849039,2026-01-22 14:06:16,LONG,25701.25,115.0,True,16.9,True
863,NQ,Thu,14:00,Out-of-Sample,2026-01-22T19:06:16.849039,2026-01-22 14:06:16,LONG,25701.25,50.0,True,16.9,True
863,NQ,Thu,14:00,Out-of-Sample,2026-01-22T19:23:58.477623,2026-01-22 14:23:58,LONG,25710.25,-450.0,True,16.9,True
863,NQ,Thu,14:00,Out-of-Sample,2026-01-22T19:28:46.179825,2026-01-22 14:28:46,LONG,25714.25,-690.0,True,16.9,True
863,NQ,Thu,14:00,Out-of-Sample,2026-01-22T19:28:46.293287,2026-01-22 14:28:46,LONG,25714.5,-705.0,True,16.9,True
863,NQ,Thu,14:00,Out-of-Sample,2026-01-29T19:05:59.051030,2026-01-29 14:05:59,LONG,25864.75,230.0,True,16.35,True
863,NQ,Thu,14:00,Out-of-Sample,2026-01-29T19:05:59.051030,2026-01-29 14:05:59,LONG,25864.75,515.0,True,16.35,True
863,NQ,Thu,14:00,Out-of-Sample,2026-01-29T19:05:59.051030,2026-01-29 14:05:59,LONG,25864.75,475.0,True,16.35,True
863,NQ,Thu,14:00,Out-of-Sample,2026-01-29T19:06:01.494683,2026-01-29 14:06:01,LONG,25865.5,50.0,True,16.35,True
863,NQ,Thu,14:00,Out-of-Sample,2026-01-29T19:06:01.494683,2026-01-29 14:06:01,LONG,25865.5,100.0,True,16.35,True
863,NQ,Thu,14:00,Out-of-Sample,2026-01-29T19:06:01.494683,2026-01-29 14:06:01,LONG,25865.5,225.0,True,16.35,True
863,NQ,Thu,14:00,Out-of-Sample,2026-01-29T19:06:38.037015,2026-01-29 14:06:38,LONG,25878.75,-480.0,True,16.35,True
863,NQ,Thu,14:00,Out-of-Sample,2026-01-29T19:18:23.744427,2026-01-29 14:18:23,LONG,25896.25,-540.0,True,16.35,True
863,NQ,Thu,14:00,Out-of-Sample,2026-02-05T19:00:04.293651,2026-02-05 14:00:04,LONG,24695.5,285.0,True,18.64,True
863,NQ,Thu,14:00,Out-of-Sample,2026-02-05T19:00:04.293651,2026-02-05 14:00:04,LONG,24695.5,360.0,True,18.64,True
863,NQ,Thu,14:00,Out-of-Sample,2026-02-05T19:00:04.293651,2026-02-05 14:00:04,LONG,24695.5,775.0,True,18.64,True
863,NQ,Thu,14:00,Out-of-Sample,2026-02-05T19:02:48.458107,2026-02-05 14:02:48,LONG,24706.0,1560.0,True,18.64,True
863,NQ,Thu,14:00,Out-of-Sample,2026-02-05T19:03:15.387739,2026-02-05 14:03:15,LONG,24714.75,100.0,True,18.64,True
863,NQ,Thu,14:00,Out-of-Sample,2026-02-05T19:03:15.387739,2026-02-05 14:03:15,LONG,24714.75,505.0,True,18.64,True
863,NQ,Thu,14:00,Out-of-Sample,2026-02-05T19:03:15.387739,2026-02-05 14:03:15,LONG,24714.75,345.0,True,18.64,True
863,NQ,Thu,14:00,Out-of-Sample,2026-02-05T19:03:15.388588,2026-02-05 14:03:15,LONG,24716.0,405.0,True,18.64,True
863,NQ,Thu,14:00,Out-of-Sample,2026-02-05T19:03:15.388588,2026-02-05 14:03:15,LONG,24716.0,910.0,True,18.64,True
863,NQ,Thu,14:00,Out-of-Sample,2026-02-05T19:03:15.388588,2026-02-05 14:03:15,LONG,24716.0,1060.0,True,18.64,True
863,NQ,Thu,14:00,Out-of-Sample,2026-02-05T19:03:26.044960,2026-02-05 14:03:26,LONG,24724.25,315.0,True,18.64,True
863,NQ,Thu,14:00,Out-of-Sample,2026-02-05T19:03:26.044960,2026-02-05 14:03:26,LONG,24724.25,0.0,True,18.64,True
863,NQ,Thu,14:00,Out-of-Sample,2026-02-05T19:03:41.950154,2026-02-05 14:03:41,LONG,24727.0,50.0,True,18.64,True
863,NQ,Thu,14:00,Out-of-Sample,2026-02-05T19:03:41.950154,2026-02-05 14:03:41,LONG,24727.0,100.0,True,18.64,True
863,NQ,Thu,14:00,Out-of-Sample,2026-02-05T19:03:41.950154,2026-02-05 14:03:41,LONG,24727.0,225.0,True,18.64,True
863,NQ,Thu,14:00,Out-of-Sample,2026-02-05T19:03:47.836128,2026-02-05 14:03:47,LONG,24733.5,435.0,True,18.64,True
863,NQ,Thu,14:00,Out-of-Sample,2026-02-05T19:03:47.836128,2026-02-05 14:03:47,LONG,24733.5,875.0,True,18.64,True
863,NQ,Thu,14:00,Out-of-Sample,2026-02-05T19:03:47.836128,2026-02-05 14:03:47,LONG,24733.5,700.0,True,18.64,True
863,NQ,Thu,14:00,Out-of-Sample,2026-02-05T19:03:52.562951,2026-02-05 14:03:52,SHORT,24728.75,-360.0,True,18.64,True
863,NQ,Thu,14:00,Out-of-Sample,2026-02-05T19:04:17.279556,2026-02-05 14:04:17,SHORT,24740.5,-1290.0,True,18.64,True
863,NQ,Thu,14:00,Out-of-Sample,2026-02-05T19:04:18.422827,2026-02-05 14:04:18,LONG,24743.5,-450.0,True,18.64,True
863,NQ,Thu,14:00,Out-of-Sample,2026-02-05T19:04:33.862873,2026-02-05 14:04:33,SHORT,24734.25,-1415.0,True,18.64,True
863,NQ,Thu,14:00,Out-of-Sample,2026-02-05T19:04:33.862873,2026-02-05 14:04:33,SHORT,24734.25,-1030.0,True,18.64,True
863,NQ,Thu,14:00,Out-of-Sample,2026-02-05T19:07:56.141734,2026-02-05 14:07:56,SHORT,24737.25,50.0,True,18.64,True
863,NQ,Thu,14:00,Out-of-Sample,2026-02-05T19:07:56.141734,2026-02-05 14:07:56,SHORT,24737.25,100.0,True,18.64,True
863,NQ,Thu,14:00,Out-of-Sample,2026-02-05T19:07:56.141734,2026-02-05 14:07:56,SHORT,24737.25,-10.0,True,18.64,True
863,NQ,Thu,14:00,Out-of-Sample,2026-02-05T19:07:58.124829,2026-02-05 14:07:58,SHORT,24731.25,-1875.0,True,18.64,True
863,NQ,Thu,14:00,Out-of-Sample,2026-02-05T19:07:58.396122,2026-02-05 14:07:58,SHORT,24732.0,-2080.0,True,18.64,True
863,NQ,Thu,14:00,Out-of-Sample,2026-02-05T19:07:58.396122,2026-02-05 14:07:58,SHORT,24732.0,-910.0,True,18.64,True
863,NQ,Thu,14:00,Out-of-Sample,2026-02-05T19:07:59.409235,2026-02-05 14:07:59,LONG,24728.25,1115.0,True,18.64,True
863,NQ,Thu,14:00,Out-of-Sample,2026-02-05T19:08:00.558438,2026-02-05 14:08:00,LONG,24732.75,2050.0,True,18.64,True
863,NQ,Thu,14:00,Out-of-Sample,2026-02-05T19:10:54.833615,2026-02-05 14:10:54,LONG,24772.25,50.0,True,18.64,True
863,NQ,Thu,14:00,Out-of-Sample,2026-02-05T19:10:54.833615,2026-02-05 14:10:54,LONG,24772.25,100.0,True,18.64,True
863,NQ,Thu,14:00,Out-of-Sample,2026-02-05T19:10:54.833615,2026-02-05 14:10:54,LONG,24772.25,-70.0,True,18.64,True
863,NQ,Thu,14:00,Out-of-Sample,2026-02-05T19:11:20.806607,2026-02-05 14:11:20,SHORT,24771.75,-435.0,True,18.64,True
863,NQ,Thu,14:00,Out-of-Sample,2026-02-05T19:11:59.175451,2026-02-05 14:11:59,LONG,24792.5,315.0,True,18.64,True
863,NQ,Thu,14:00,Out-of-Sample,2026-02-05T19:11:59.175451,2026-02-05 14:11:59,LONG,24792.5,640.0,True,18.64,True
863,NQ,Thu,14:00,Out-of-Sample,2026-02-05T19:11:59.175451,2026-02-05 14:11:59,LONG,24792.5,650.0,True,18.64,True
863,NQ,Thu,14:00,Out-of-Sample,2026-02-05T19:12:11.147216,2026-02-05 14:12:11,SHORT,24786.0,100.0,True,18.64,True
863,NQ,Thu,14:00,Out-of-Sample,2026-02-05T19:12:11.147216,2026-02-05 14:12:11,SHORT,24786.0,-80.0,True,18.64,True
863,NQ,Thu,14:00,Out-of-Sample,2026-02-05T19:12:15.673964,2026-02-05 14:12:15,LONG,24780.25,260.0,True,18.64,True
863,NQ,Thu,14:00,Out-of-Sample,2026-02-05T19:12:20.820580,2026-02-05 14:12:20,LONG,24782.75,420.0,True,18.64,True
863,NQ,Thu,14:00,Out-of-Sample,2026-02-05T19:12:23.060349,2026-02-05 14:12:23,LONG,24794.75,240.0,True,18.64,True
863,NQ,Thu,14:00,Out-of-Sample,2026-02-05T19:12:36.636355,2026-02-05 14:12:36,LONG,24798.75,670.0,True,18.64,True
863,NQ,Thu,14:00,Out-of-Sample,2026-02-05T19:15:02.354941,2026-02-05 14:15:02,SHORT,24799.0,860.0,True,18.64,True
863,NQ,Thu,14:00,Out-of-Sample,2026-02-05T19:15:02.354941,2026-02-05 14:15:02,SHORT,24799.0,400.0,True,18.64,True
863,NQ,Thu,14:00,Out-of-Sample,2026-02-05T19:15:02.372808,2026-02-05 14:15:02,SHORT,24798.75,-945.0,True,18.64,True
863,NQ,Thu,14:00,Out-of-Sample,2026-02-05T19:15:12.200023,2026-02-05 14:15:12,LONG,24807.75,210.0,True,18.64,True
863,NQ,Thu,14:00,Out-of-Sample,2026-02-05T19:16:46.116544,2026-02-05 14:16:46,LONG,24818.75,-570.0,True,18.64,True
863,NQ,Thu,14:00,Out-of-Sample,2026-02-05T19:17:28.694911,2026-02-05 14:17:28,SHORT,24813.5,100.0,True,18.64,True
863,NQ,Thu,14:00,Out-of-Sample,2026-02-05T19:17:28.694911,2026-02-05 14:17:28,SHORT,24813.5,-320.0,True,18.64,True
863,NQ,Thu,14:00,Out-of-Sample,2026-02-05T19:17:33.502983,2026-02-05 14:17:33,LONG,24811.5,420.0,True,18.64,True
863,NQ,Thu,14:00,Out-of-Sample,2026-02-05T19:18:15.205446,2026-02-05 14:18:15,SHORT,24823.5,-465.0,True,18.64,True
863,NQ,Thu,14:00,Out-of-Sample,2026-02-05T19:20:40.633193,2026-02-05 14:20:40,LONG,24826.75,200.0,True,18.64,True
863,NQ,Thu,14:00,Out-of-Sample,2026-02-05T19:20:40.633193,2026-02-05 14:20:40,LONG,24826.75,260.0,True,18.64,True
863,NQ,Thu,14:00,Out-of-Sample,2026-02-05T19:21:14.531879,2026-02-05 14:21:14,LONG,24833.0,45.0,True,18.64,True
863,NQ,Thu,14:00,Out-of-Sample,2026-02-05T19:21:14.920202,2026-02-05 14:21:14,LONG,24832.5,100.0,True,18.64,True
863,NQ,Thu,14:00,Out-of-Sample,2026-02-05T19:21:14.920202,2026-02-05 14:21:14,LONG,24832.5,0.0,True,18.64,True
863,NQ,Thu,14:00,Out-of-Sample,2026-02-05T19:21:14.920636,2026-02-05 14:21:14,LONG,24832.5,-2310.0,True,18.64,True
863,NQ,Thu,14:00,Out-of-Sample,2026-02-05T19:21:59.210015,2026-02-05 14:21:59,SHORT,24816.75,-1020.0,True,18.64,True
863,NQ,Thu,14:00,Out-of-Sample,2026-02-05T19:23:26.056944,2026-02-05 14:23:26,LONG,24836.5,-7400.0,True,18.64,True
863,NQ,Thu,14:00,Out-of-Sample,2026-02-05T19:23:26.569551,2026-02-05 14:23:26,LONG,24837.5,-2925.0,True,18.64,True
863,NQ,Thu,14:00,Out-of-Sample,2026-02-05T19:25:00.901371,2026-02-05 14:25:00,SHORT,24813.75,95.0,True,18.64,True
863,NQ,Thu,14:00,Out-of-Sample,2026-02-05T19:25:00.901371,2026-02-05 14:25:00,SHORT,24813.75,480.0,True,18.64,True
863,NQ,Thu,14:00,Out-of-Sample,2026-02-05T19:25:00.901371,2026-02-05 14:25:00,SHORT,24813.75,535.0,True,18.64,True
863,NQ,Thu,14:00,Out-of-Sample,2026-02-05T19:25:09.471286,2026-02-05 14:25:09,SHORT,24804.75,50.0,True,18.64,True
863,NQ,Thu,14:00,Out-of-Sample,2026-02-05T19:25:09.471286,2026-02-05 14:25:09,SHORT,24804.75,100.0,True,18.64,True
863,NQ,Thu,14:00,Out-of-Sample,2026-02-05T19:25:09.471286,2026-02-05 14:25:09,SHORT,24804.75,225.0,True,18.64,True
863,NQ,Thu,14:00,Out-of-Sample,2026-02-05T19:25:13.037571,2026-02-05 14:25:13,SHORT,24801.25,305.0,True,18.64,True
863,NQ,Thu,14:00,Out-of-Sample,2026-02-05T19:25:13.037571,2026-02-05 14:25:13,SHORT,24801.25,605.0,True,18.64,True
863,NQ,Thu,14:00,Out-of-Sample,2026-02-05T19:25:13.037571,2026-02-05 14:25:13,SHORT,24801.25,440.0,True,18.64,True
863,NQ,Thu,14:00,Out-of-Sample,2026-02-05T19:25:13.038357,2026-02-05 14:25:13,SHORT,24801.0,880.0,True,18.64,True
863,NQ,Thu,14:00,Out-of-Sample,2026-02-05T19:25:13.038357,2026-02-05 14:25:13,SHORT,24801.0,1065.0,True,18.64,True
863,NQ,Thu,14:00,Out-of-Sample,2026-02-05T19:25:21.927468,2026-02-05 14:25:21,LONG,24785.0,-1120.0,True,18.64,True
863,NQ,Thu,14:00,Out-of-Sample,2026-02-05T19:25:26.487912,2026-02-05 14:25:26,LONG,24788.75,-2390.0,True,18.64,True
863,NQ,Thu,14:00,Out-of-Sample,2026-02-05T19:25:45.833744,2026-02-05 14:25:45,LONG,24787.5,-405.0,True,18.64,True
863,NQ,Thu,14:00,Out-of-Sample,2026-02-05T19:26:36.366070,2026-02-05 14:26:36,SHORT,24775.0,-135.0,True,18.64,True
863,NQ,Thu,14:00,Out-of-Sample,2026-02-05T19:26:44.049722,2026-02-05 14:26:44,LONG,24784.5,-555.0,True,18.64,True
863,NQ,Thu,14:00,Out-of-Sample,2026-02-05T19:27:26.196770,2026-02-05 14:27:26,SHORT,24775.25,265.0,True,18.64,True
863,NQ,Thu,14:00,Out-of-Sample,2026-02-05T19:27:26.196770,2026-02-05 14:27:26,SHORT,24775.25,600.0,True,18.64,True
863,NQ,Thu,14:00,Out-of-Sample,2026-02-05T19:27:26.196770,2026-02-05 14:27:26,SHORT,24775.25,870.0,True,18.64,True
863,NQ,Thu,14:00,Out-of-Sample,2026-02-05T19:27:26.368090,2026-02-05 14:27:26,SHORT,24775.25,835.0,True,18.64,True
863,NQ,Thu,14:00,Out-of-Sample,2026-02-05T19:27:26.368090,2026-02-05 14:27:26,SHORT,24775.25,1170.0,True,18.64,True
863,NQ,Thu,14:00,Out-of-Sample,2026-02-05T19:28:08.929908,2026-02-05 14:28:08,LONG,24778.25,-570.0,True,18.64,True
863,NQ,Thu,14:00,Out-of-Sample,2026-02-05T19:28:41.602163,2026-02-05 14:28:41,SHORT,24768.25,295.0,True,18.64,True
863,NQ,Thu,14:00,Out-of-Sample,2026-02-05T19:28:41.602163,2026-02-05 14:28:41,SHORT,24768.25,590.0,True,18.64,True
863,NQ,Thu,14:00,Out-of-Sample,2026-02-05T19:28:41.602163,2026-02-05 14:28:41,SHORT,24768.25,450.0,True,18.64,True
863,NQ,Thu,14:00,Out-of-Sample,2026-02-05T19:28:41.986532,2026-02-05 14:28:41,SHORT,24768.5,2295.0,True,18.64,True
863,NQ,Thu,14:00,Out-of-Sample,2026-02-05T19:28:59.287559,2026-02-05 14:28:59,SHORT,24778.25,-45.0,True,18.64,True
863,NQ,Thu,14:00,Out-of-Sample,2026-02-05T19:29:28.771374,2026-02-05 14:29:28,SHORT,24762.25,1115.0,True,18.64,True
863,NQ,Thu,14:00,Out-of-Sample,2026-02-05T19:29:28.771374,2026-02-05 14:29:28,SHORT,24762.25,1395.0,True,18.64,True
863,NQ,Thu,14:00,Out-of-Sample,2026-02-05T19:29:28.771374,2026-02-05 14:29:28,SHORT,24762.25,1420.0,True,18.64,True
863,NQ,Thu,14:00,Out-of-Sample,2026-02-12T19:00:05.715089,2026-02-12 14:00:05,LONG,24912.5,-375.0,True,17.65,True
863,NQ,Thu,14:00,Out-of-Sample,2026-02-12T19:01:42.813452,2026-02-12 14:01:42,LONG,24918.75,-160.0,True,17.65,True
863,NQ,Thu,14:00,Out-of-Sample,2026-02-12T19:03:09.062026,2026-02-12 14:03:09,SHORT,24904.5,285.0,True,17.65,True
863,NQ,Thu,14:00,Out-of-Sample,2026-02-12T19:03:09.062026,2026-02-12 14:03:09,SHORT,24904.5,385.0,True,17.65,True
863,NQ,Thu,14:00,Out-of-Sample,2026-02-12T19:03:09.062026,2026-02-12 14:03:09,SHORT,24904.5,215.0,True,17.65,True
863,NQ,Thu,14:00,Out-of-Sample,2026-02-12T19:04:34.058962,2026-02-12 14:04:34,SHORT,24886.25,-360.0,True,17.65,True
863,NQ,Thu,14:00,Out-of-Sample,2026-02-12T19:04:58.569503,2026-02-12 14:04:58,LONG,24893.75,-5.0,True,17.65,True
863,NQ,Thu,14:00,Out-of-Sample,2026-02-12T19:06:42.574093,2026-02-12 14:06:42,LONG,24907.75,-510.0,True,17.65,True
863,NQ,Thu,14:00,Out-of-Sample,2026-02-12T19:09:26.293215,2026-02-12 14:09:26,SHORT,24895.75,335.0,True,17.65,True
863,NQ,Thu,14:00,Out-of-Sample,2026-02-12T19:09:26.293215,2026-02-12 14:09:26,SHORT,24895.75,640.0,True,17.65,True
863,NQ,Thu,14:00,Out-of-Sample,2026-02-12T19:09:26.388405,2026-02-12 14:09:26,SHORT,24896.75,250.0,True,17.65,True
863,NQ,Thu,14:00,Out-of-Sample,2026-02-12T19:09:26.388405,2026-02-12 14:09:26,SHORT,24896.75,500.0,True,17.65,True
863,NQ,Thu,14:00,Out-of-Sample,2026-02-12T19:09:26.388405,2026-02-12 14:09:26,SHORT,24896.75,805.0,True,17.65,True
863,NQ,Thu,14:00,Out-of-Sample,2026-02-12T19:09:26.389300,2026-02-12 14:09:26,SHORT,24896.75,250.0,True,17.65,True
863,NQ,Thu,14:00,Out-of-Sample,2026-02-12T19:09:26.389300,2026-02-12 14:09:26,SHORT,24896.75,500.0,True,17.65,True
863,NQ,Thu,14:00,Out-of-Sample,2026-02-12T19:09:26.389300,2026-02-12 14:09:26,SHORT,24896.75,805.0,True,17.65,True
863,NQ,Thu,14:00,Out-of-Sample,2026-02-12T19:09:26.390702,2026-02-12 14:09:26,SHORT,24897.0,75.0,True,17.65,True
863,NQ,Thu,14:00,Out-of-Sample,2026-02-12T19:09:26.390702,2026-02-12 14:09:26,SHORT,24897.0,150.0,True,17.65,True
863,NQ,Thu,14:00,Out-of-Sample,2026-02-12T19:09:26.390702,2026-02-12 14:09:26,SHORT,24897.0,760.0,True,17.65,True
863,NQ,Thu,14:00,Out-of-Sample,2026-02-12T19:10:41.331182,2026-02-12 14:10:41,SHORT,24881.25,345.0,True,17.65,True
863,NQ,Thu,14:00,Out-of-Sample,2026-02-12T19:10:41.331182,2026-02-12 14:10:41,SHORT,24881.25,685.0,True,17.65,True
863,NQ,Thu,14:00,Out-of-Sample,2026-02-12T19:10:41.331182,2026-02-12 14:10:41,SHORT,24881.25,475.0,True,17.65,True
863,NQ,Thu,14:00,Out-of-Sample,2026-02-12T19:11:09.698437,2026-02-12 14:11:09,SHORT,24874.75,50.0,True,17.65,True
863,NQ,Thu,14:00,Out-of-Sample,2026-02-12T19:11:09.698437,2026-02-12 14:11:09,SHORT,24874.75,100.0,True,17.65,True
863,NQ,Thu,14:00,Out-of-Sample,2026-02-12T19:11:09.698437,2026-02-12 14:11:09,SHORT,24874.75,225.0,True,17.65,True
863,NQ,Thu,14:00,Out-of-Sample,2026-02-12T19:11:25.936232,2026-02-12 14:11:25,SHORT,24854.5,50.0,True,17.65,True
863,NQ,Thu,14:00,Out-of-Sample,2026-02-12T19:11:25.936232,2026-02-12 14:11:25,SHORT,24854.5,100.0,True,17.65,True
863,NQ,Thu,14:00,Out-of-Sample,2026-02-12T19:11:25.936232,2026-02-12 14:11:25,SHORT,24854.5,-80.0,True,17.65,True
863,NQ,Thu,14:00,Out-of-Sample,2026-02-12T19:12:41.560544,2026-02-12 14:12:41,SHORT,24847.5,-1230.0,True,17.65,True
863,NQ,Thu,14:00,Out-of-Sample,2026-02-12T19:12:41.560955,2026-02-12 14:12:41,SHORT,24847.5,-600.0,True,17.65,True
863,NQ,Thu,14:00,Out-of-Sample,2026-02-12T19:12:42.105770,2026-02-12 14:12:42,LONG,24847.0,185.0,True,17.65,True
863,NQ,Thu,14:00,Out-of-Sample,2026-02-12T19:17:15.300008,2026-02-12 14:17:15,LONG,24898.0,75.0,True,17.65,True
863,NQ,Thu,14:00,Out-of-Sample,2026-02-12T19:17:15.300008,2026-02-12 14:17:15,LONG,24898.0,10.0,True,17.65,True
863,NQ,Thu,14:00,Out-of-Sample,2026-02-12T19:18:24.127089,2026-02-12 14:18:24,SHORT,24902.75,-465.0,True,17.65,True
863,NQ,Thu,14:00,Out-of-Sample,2026-02-12T19:18:35.413149,2026-02-12 14:18:35,LONG,24910.5,-120.0,True,17.65,True
863,NQ,Thu,14:00,Out-of-Sample,2026-02-12T19:19:10.058243,2026-02-12 14:19:10,SHORT,24901.5,100.0,True,17.65,True
863,NQ,Thu,14:00,Out-of-Sample,2026-02-12T19:19:10.058243,2026-02-12 14:19:10,SHORT,24901.5,-340.0,True,17.65,True
863,NQ,Thu,14:00,Out-of-Sample,2026-02-12T19:19:27.923581,2026-02-12 14:19:27,SHORT,24898.25,-630.0,True,17.65,True
863,NQ,Thu,14:00,Out-of-Sample,2026-02-12T19:19:27.924104,2026-02-12 14:19:27,SHORT,24898.0,-1080.0,True,17.65,True
863,NQ,Thu,14:00,Out-of-Sample,2026-02-12T19:22:21.647281,2026-02-12 14:22:21,SHORT,24901.75,-960.0,True,17.65,True
863,NQ,Thu,14:00,Out-of-Sample,2026-02-12T19:22:21.897097,2026-02-12 14:22:21,SHORT,24901.25,-480.0,True,17.65,True
863,NQ,Thu,14:00,Out-of-Sample,2026-02-12T19:23:57.345223,2026-02-12 14:23:57,LONG,24922.0,-1545.0,True,17.65,True
863,NQ,Thu,14:00,Out-of-Sample,2026-02-12T19:24:05.667241,2026-02-12 14:24:05,SHORT,24923.0,100.0,True,17.65,True
863,NQ,Thu,14:00,Out-of-Sample,2026-02-12T19:24:05.667241,2026-02-12 14:24:05,SHORT,24923.0,200.0,True,17.65,True
863,NQ,Thu,14:00,Out-of-Sample,2026-02-12T19:24:05.667241,2026-02-12 14:24:05,SHORT,24923.0,120.0,True,17.65,True
863,NQ,Thu,14:00,Out-of-Sample,2026-02-12T19:25:59.775273,2026-02-12 14:25:59,SHORT,24899.75,-75.0,True,17.65,True
863,NQ,Thu,14:00,Out-of-Sample,2026-02-12T19:26:09.319618,2026-02-12 14:26:09,LONG,24907.75,-510.0,True,17.65,True
863,NQ,Thu,14:00,Out-of-Sample,2026-02-12T19:26:11.867060,2026-02-12 14:26:11,SHORT,24899.25,375.0,True,17.65,True
863,NQ,Thu,14:00,Out-of-Sample,2026-02-12T19:26:11.867060,2026-02-12 14:26:11,SHORT,24899.25,10.0,True,17.65,True
863,NQ,Thu,14:00,Out-of-Sample,2026-02-12T19:26:11.867396,2026-02-12 14:26:11,SHORT,24897.75,240.0,True,17.65,True
863,NQ,Thu,14:00,Out-of-Sample,2026-02-12T19:26:11.867396,2026-02-12 14:26:11,SHORT,24897.75,-140.0,True,17.65,True
863,NQ,Thu,14:00,Out-of-Sample,2026-02-12T19:26:14.620602,2026-02-12 14:26:14,SHORT,24890.25,-30.0,True,17.65,True
863,NQ,Thu,14:00,Out-of-Sample,2026-02-12T19:26:15.039381,2026-02-12 14:26:15,LONG,24901.25,-160.0,True,17.65,True
863,NQ,Thu,14:00,Out-of-Sample,2026-02-12T19:27:30.215323,2026-02-12 14:27:30,SHORT,24877.5,225.0,True,17.65,True
863,NQ,Thu,14:00,Out-of-Sample,2026-02-12T19:27:57.633341,2026-02-12 14:27:57,SHORT,24873.5,-615.0,True,17.65,True
863,NQ,Thu,14:00,Out-of-Sample,2026-02-12T19:27:57.633864,2026-02-12 14:27:57,SHORT,24873.5,-240.0,True,17.65,True
863,NQ,Thu,14:00,Out-of-Sample,2026-02-19T19:02:13.192921,2026-02-19 14:02:13,SHORT,24833.5,260.0,True,19.62,True
863,NQ,Thu,14:00,Out-of-Sample,2026-02-19T19:02:13.192921,2026-02-19 14:02:13,SHORT,24833.5,10.0,True,19.62,True
863,NQ,Thu,14:00,Out-of-Sample,2026-02-19T19:02:13.193606,2026-02-19 14:02:13,SHORT,24833.5,260.0,True,19.62,True
863,NQ,Thu,14:00,Out-of-Sample,2026-02-19T19:02:13.193606,2026-02-19 14:02:13,SHORT,24833.5,130.0,True,19.62,True
863,NQ,Thu,14:00,Out-of-Sample,2026-02-19T19:02:24.948310,2026-02-19 14:02:24,SHORT,24830.0,265.0,True,19.62,True
863,NQ,Thu,14:00,Out-of-Sample,2026-02-19T19:02:24.948310,2026-02-19 14:02:24,SHORT,24830.0,75.0,True,19.62,True
863,NQ,Thu,14:00,Out-of-Sample,2026-02-19T19:02:26.217774,2026-02-19 14:02:26,SHORT,24828.0,75.0,True,19.62,True
863,NQ,Thu,14:00,Out-of-Sample,2026-02-19T19:02:26.217774,2026-02-19 14:02:26,SHORT,24828.0,-20.0,True,19.62,True
863,NQ,Thu,14:00,Out-of-Sample,2026-02-19T19:02:40.274350,2026-02-19 14:02:40,SHORT,24825.25,-810.0,True,19.62,True
863,NQ,Thu,14:00,Out-of-Sample,2026-02-19T19:02:40.275069,2026-02-19 14:02:40,SHORT,24824.0,-430.0,True,19.62,True
863,NQ,Thu,14:00,Out-of-Sample,2026-02-19T19:02:40.275069,2026-02-19 14:02:40,SHORT,24824.0,-500.0,True,19.62,True
863,NQ,Thu,14:00,Out-of-Sample,2026-02-19T19:03:54.592780,2026-02-19 14:03:54,SHORT,24823.5,-1230.0,True,19.62,True
863,NQ,Thu,14:00,Out-of-Sample,2026-02-19T19:11:36.644066,2026-02-19 14:11:36,SHORT,24820.25,-375.0,True,19.62,True
863,NQ,Thu,14:00,Out-of-Sample,2026-02-19T19:11:36.683695,2026-02-19 14:11:36,SHORT,24820.0,-990.0,True,19.62,True
863,NQ,Thu,14:00,Out-of-Sample,2026-02-19T19:14:10.010364,2026-02-19 14:14:10,SHORT,24813.5,-460.0,True,19.62,True
863,NQ,Thu,14:00,Out-of-Sample,2026-02-19T19:14:10.010364,2026-02-19 14:14:10,SHORT,24813.5,-1050.0,True,19.62,True
863,NQ,Thu,14:00,Out-of-Sample,2026-02-19T19:14:10.010793,2026-02-19 14:14:10,SHORT,24814.25,-1890.0,True,19.62,True
863,NQ,Thu,14:00,Out-of-Sample,2026-02-19T19:19:17.622273,2026-02-19 14:19:17,LONG,24837.5,-330.0,True,19.62,True
863,NQ,Thu,14:00,Out-of-Sample,2026-02-19T19:19:17.622720,2026-02-19 14:19:17,LONG,24837.5,90.0,True,19.62,True
863,NQ,Thu,14:00,Out-of-Sample,2026-02-19T19:20:16.259349,2026-02-19 14:20:16,LONG,24839.75,-295.0,True,19.62,True
863,NQ,Thu,14:00,Out-of-Sample,2026-02-19T19:26:02.706543,2026-02-19 14:26:02,SHORT,24839.0,230.0,True,19.62,True
863,NQ,Thu,14:00,Out-of-Sample,2026-02-19T19:26:02.706543,2026-02-19 14:26:02,SHORT,24839.0,460.0,True,19.62,True
863,NQ,Thu,14:00,Out-of-Sample,2026-02-19T19:26:02.706543,2026-02-19 14:26:02,SHORT,24839.0,570.0,True,19.62,True
863,NQ,Thu,14:00,Out-of-Sample,2026-02-19T19:26:02.927374,2026-02-19 14:26:02,SHORT,24839.0,230.0,True,19.62,True
863,NQ,Thu,14:00,Out-of-Sample,2026-02-19T19:26:02.927374,2026-02-19 14:26:02,SHORT,24839.0,460.0,True,19.62,True
863,NQ,Thu,14:00,Out-of-Sample,2026-02-19T19:26:02.927374,2026-02-19 14:26:02,SHORT,24839.0,570.0,True,19.62,True
863,NQ,Thu,14:00,Out-of-Sample,2026-02-19T19:26:15.061690,2026-02-19 14:26:15,SHORT,24837.25,75.0,True,19.62,True
863,NQ,Thu,14:00,Out-of-Sample,2026-02-19T19:26:15.061690,2026-02-19 14:26:15,SHORT,24837.25,150.0,True,19.62,True
863,NQ,Thu,14:00,Out-of-Sample,2026-02-19T19:26:15.061690,2026-02-19 14:26:15,SHORT,24837.25,620.0,True,19.62,True
863,NQ,Thu,14:00,Out-of-Sample,2026-02-19T19:27:06.995625,2026-02-19 14:27:06,SHORT,24825.0,280.0,True,19.62,True
863,NQ,Thu,14:00,Out-of-Sample,2026-02-19T19:27:06.995845,2026-02-19 14:27:06,SHORT,24825.0,140.0,True,19.62,True
863,NQ,Thu,14:00,Out-of-Sample,2026-02-19T19:27:06.995845,2026-02-19 14:27:06,SHORT,24825.0,570.0,True,19.62,True
863,NQ,Thu,14:00,Out-of-Sample,2026-02-19T19:27:07.287552,2026-02-19 14:27:07,SHORT,24825.0,200.0,True,19.62,True
863,NQ,Thu,14:00,Out-of-Sample,2026-02-19T19:27:07.287552,2026-02-19 14:27:07,SHORT,24825.0,455.0,True,19.62,True
863,NQ,Thu,14:00,Out-of-Sample,2026-02-19T19:27:07.287552,2026-02-19 14:27:07,SHORT,24825.0,290.0,True,19.62,True
863,NQ,Thu,14:00,Out-of-Sample,2026-02-19T19:29:29.677355,2026-02-19 14:29:29,SHORT,24805.25,115.0,True,19.62,True
863,NQ,Thu,14:00,Out-of-Sample,2026-02-19T19:29:29.677355,2026-02-19 14:29:29,SHORT,24805.25,140.0,True,19.62,True
863,NQ,Thu,14:00,Out-of-Sample,2026-02-19T19:29:29.677355,2026-02-19 14:29:29,SHORT,24805.25,-100.0,True,19.62,True
863,NQ,Thu,14:00,Out-of-Sample,2026-02-26T19:00:02.684894,2026-02-26 14:00:02,SHORT,24994.5,-390.0,True,17.93,True
863,NQ,Thu,14:00,Out-of-Sample,2026-02-26T19:00:03.094829,2026-02-26 14:00:03,LONG,25001.0,-300.0,True,17.93,True
863,NQ,Thu,14:00,Out-of-Sample,2026-02-26T19:00:03.095094,2026-02-26 14:00:03,LONG,25001.0,-300.0,True,17.93,True
863,NQ,Thu,14:00,Out-of-Sample,2026-02-26T19:05:58.891255,2026-02-26 14:05:58,LONG,25030.75,65.0,True,17.93,True
863,NQ,Thu,14:00,Out-of-Sample,2026-02-26T19:05:58.891255,2026-02-26 14:05:58,LONG,25030.75,335.0,True,17.93,True
863,NQ,Thu,14:00,Out-of-Sample,2026-02-26T19:05:58.891255,2026-02-26 14:05:58,LONG,25030.75,640.0,True,17.93,True
863,NQ,Thu,14:00,Out-of-Sample,2026-02-26T19:05:58.891934,2026-02-26 14:05:58,LONG,25030.75,270.0,True,17.93,True
863,NQ,Thu,14:00,Out-of-Sample,2026-02-26T19:05:58.891934,2026-02-26 14:05:58,LONG,25030.75,605.0,True,17.93,True
863,NQ,Thu,14:00,Out-of-Sample,2026-02-26T19:05:58.891934,2026-02-26 14:05:58,LONG,25030.75,630.0,True,17.93,True
863,NQ,Thu,14:00,Out-of-Sample,2026-02-26T19:06:30.932560,2026-02-26 14:06:30,LONG,25036.0,100.0,True,17.93,True
863,NQ,Thu,14:00,Out-of-Sample,2026-02-26T19:06:30.932560,2026-02-26 14:06:30,LONG,25036.0,-20.0,True,17.93,True
863,NQ,Thu,14:00,Out-of-Sample,2026-02-26T19:10:43.331342,2026-02-26 14:10:43,SHORT,25068.75,100.0,True,17.93,True
863,NQ,Thu,14:00,Out-of-Sample,2026-02-26T19:10:43.331342,2026-02-26 14:10:43,SHORT,25068.75,200.0,True,17.93,True
863,NQ,Thu,14:00,Out-of-Sample,2026-02-26T19:10:43.331342,2026-02-26 14:10:43,SHORT,25068.75,200.0,True,17.93,True
863,NQ,Thu,14:00,Out-of-Sample,2026-02-26T19:11:22.723916,2026-02-26 14:11:22,SHORT,25051.75,-1020.0,True,17.93,True
863,NQ,Thu,14:00,Out-of-Sample,2026-02-26T19:11:44.194845,2026-02-26 14:11:44,SHORT,25052.0,-670.0,True,17.93,True
863,NQ,Thu,14:00,Out-of-Sample,2026-02-26T19:11:59.880295,2026-02-26 14:11:59,SHORT,25049.0,-615.0,True,17.93,True
863,NQ,Thu,14:00,Out-of-Sample,2026-02-26T19:11:59.880807,2026-02-26 14:11:59,SHORT,25049.25,-585.0,True,17.93,True
863,NQ,Thu,14:00,Out-of-Sample,2026-02-26T19:16:19.299863,2026-02-26 14:16:19,LONG,25078.0,-300.0,True,17.93,True
863,NQ,Thu,14:00,Out-of-Sample,2026-02-26T19:16:19.300187,2026-02-26 14:16:19,LONG,25078.0,-675.0,True,17.93,True
863,NQ,Thu,14:00,Out-of-Sample,2026-02-26T19:16:19.383363,2026-02-26 14:16:19,LONG,25077.5,-645.0,True,17.93,True
863,NQ,Thu,14:00,Out-of-Sample,2026-02-26T19:16:20.195974,2026-02-26 14:16:20,SHORT,25074.0,100.0,True,17.93,True
863,NQ,Thu,14:00,Out-of-Sample,2026-02-26T19:16:20.195974,2026-02-26 14:16:20,SHORT,25074.0,-200.0,True,17.93,True
863,NQ,Thu,14:00,Out-of-Sample,2026-02-26T19:18:13.381373,2026-02-26 14:18:13,LONG,25079.25,-1260.0,True,17.93,True
863,NQ,Thu,14:00,Out-of-Sample,2026-02-26T19:18:53.141065,2026-02-26 14:18:53,SHORT,25066.75,-165.0,True,17.93,True
863,NQ,Thu,14:00,Out-of-Sample,2026-02-26T19:18:53.141982,2026-02-26 14:18:53,SHORT,25066.75,-915.0,True,17.93,True
863,NQ,Thu,14:00,Out-of-Sample,2026-02-26T19:19:24.506699,2026-02-26 14:19:24,SHORT,25061.25,50.0,True,17.93,True
863,NQ,Thu,14:00,Out-of-Sample,2026-02-26T19:19:24.506699,2026-02-26 14:19:24,SHORT,25061.25,-830.0,True,17.93,True
863,NQ,Thu,14:00,Out-of-Sample,2026-02-26T19:19:28.418349,2026-02-26 14:19:28,SHORT,25060.5,-860.0,True,17.93,True
863,NQ,Thu,14:00,Out-of-Sample,2026-02-26T19:23:18.688982,2026-02-26 14:23:18,LONG,25082.25,0.0,True,17.93,True
863,NQ,Thu,14:00,Out-of-Sample,2026-02-26T19:23:18.788060,2026-02-26 14:23:18,LONG,25083.5,-195.0,True,17.93,True
863,NQ,Thu,14:00,Out-of-Sample,2026-02-26T19:25:19.810491,2026-02-26 14:25:19,SHORT,25073.75,75.0,True,17.93,True
863,NQ,Thu,14:00,Out-of-Sample,2026-02-26T19:25:19.810491,2026-02-26 14:25:19,SHORT,25073.75,150.0,True,17.93,True
863,NQ,Thu,14:00,Out-of-Sample,2026-02-26T19:25:19.810491,2026-02-26 14:25:19,SHORT,25073.75,135.0,True,17.93,True
863,NQ,Thu,14:00,Out-of-Sample,2026-02-26T19:25:38.362522,2026-02-26 14:25:38,SHORT,25070.5,180.0,True,17.93,True
863,NQ,Thu,14:00,Out-of-Sample,2026-02-26T19:25:38.362522,2026-02-26 14:25:38,SHORT,25070.5,355.0,True,17.93,True
863,NQ,Thu,14:00,Out-of-Sample,2026-02-26T19:25:38.362522,2026-02-26 14:25:38,SHORT,25070.5,390.0,True,17.93,True
863,NQ,Thu,14:00,Out-of-Sample,2026-02-26T19:25:38.387373,2026-02-26 14:25:38,SHORT,25070.75,180.0,True,17.93,True
863,NQ,Thu,14:00,Out-of-Sample,2026-02-26T19:25:38.387373,2026-02-26 14:25:38,SHORT,25070.75,180.0,True,17.93,True
863,NQ,Thu,14:00,Out-of-Sample,2026-02-26T19:26:18.589089,2026-02-26 14:26:18,SHORT,25057.25,-390.0,True,17.93,True
863,NQ,Thu,14:00,Out-of-Sample,2026-02-26T19:27:44.566705,2026-02-26 14:27:44,SHORT,25057.75,405.0,True,17.93,True
863,NQ,Thu,14:00,Out-of-Sample,2026-02-26T19:28:31.791512,2026-02-26 14:28:31,SHORT,25049.0,175.0,True,17.93,True
863,NQ,Thu,14:00,Out-of-Sample,2026-02-26T19:28:31.791512,2026-02-26 14:28:31,SHORT,25049.0,-80.0,True,17.93,True
863,NQ,Thu,14:00,Out-of-Sample,2026-02-26T19:28:35.734805,2026-02-26 14:28:35,SHORT,25046.25,-120.0,True,17.93,True
863,NQ,Thu,14:00,Out-of-Sample,2026-03-05T19:06:12.717396,2026-03-05 14:06:12,LONG,24855.25,50.0,True,21.15,False
863,NQ,Thu,14:00,Out-of-Sample,2026-03-05T19:06:12.717396,2026-03-05 14:06:12,LONG,24855.25,-440.0,True,21.15,False
863,NQ,Thu,14:00,Out-of-Sample,2026-03-05T19:12:25.906114,2026-03-05 14:12:25,SHORT,24822.25,-1560.0,True,21.15,False
863,NQ,Thu,14:00,Out-of-Sample,2026-03-05T19:20:08.806557,2026-03-05 14:20:08,LONG,24877.75,50.0,True,21.15,False
863,NQ,Thu,14:00,Out-of-Sample,2026-03-05T19:20:08.806557,2026-03-05 14:20:08,LONG,24877.75,-390.0,True,21.15,False
863,NQ,Thu,14:00,Out-of-Sample,2026-03-05T19:21:03.233435,2026-03-05 14:21:03,SHORT,24850.25,-510.0,True,21.15,False
863,NQ,Thu,14:00,Out-of-Sample,2026-03-05T19:25:32.833531,2026-03-05 14:25:32,SHORT,24840.0,50.0,True,21.15,False
863,NQ,Thu,14:00,Out-of-Sample,2026-03-05T19:25:32.833531,2026-03-05 14:25:32,SHORT,24840.0,100.0,True,21.15,False
863,NQ,Thu,14:00,Out-of-Sample,2026-03-05T19:25:32.833531,2026-03-05 14:25:32,SHORT,24840.0,240.0,True,21.15,False
863,NQ,Thu,14:00,Out-of-Sample,2026-03-12T18:00:15.512367,2026-03-12 14:00:15,SHORT,24634.75,-160.0,True,24.23,False
863,NQ,Thu,14:00,Out-of-Sample,2026-03-12T18:00:18.500835,2026-03-12 14:00:18,SHORT,24638.5,-85.0,True,24.23,False
863,NQ,Thu,14:00,Out-of-Sample,2026-03-12T18:00:46.031458,2026-03-12 14:00:46,SHORT,24638.0,-285.0,True,24.23,False
863,NQ,Thu,14:00,Out-of-Sample,2026-03-12T18:02:08.796636,2026-03-12 14:02:08,SHORT,24646.25,70.0,True,24.23,False
863,NQ,Thu,14:00,Out-of-Sample,2026-03-12T18:07:08.539777,2026-03-12 14:07:08,SHORT,24638.75,-1350.0,True,24.23,False
863,NQ,Thu,14:00,Out-of-Sample,2026-03-12T18:12:09.112706,2026-03-12 14:12:09,SHORT,24653.0,185.0,True,24.23,False
863,NQ,Thu,14:00,Out-of-Sample,2026-03-12T18:12:09.112706,2026-03-12 14:12:09,SHORT,24653.0,230.0,True,24.23,False
863,NQ,Thu,14:00,Out-of-Sample,2026-03-12T18:12:23.243937,2026-03-12 14:12:23,SHORT,24647.5,-1320.0,True,24.23,False
863,NQ,Thu,14:00,Out-of-Sample,2026-03-12T18:12:41.673483,2026-03-12 14:12:41,SHORT,24644.0,-450.0,True,24.23,False
863,NQ,Thu,14:00,Out-of-Sample,2026-03-12T18:12:41.883562,2026-03-12 14:12:41,SHORT,24644.0,-1260.0,True,24.23,False
863,NQ,Thu,14:00,Out-of-Sample,2026-03-12T18:16:51.643006,2026-03-12 14:16:51,SHORT,24662.0,1920.0,True,24.23,False
863,NQ,Thu,14:00,Out-of-Sample,2026-03-12T18:18:49.651002,2026-03-12 14:18:49,SHORT,24647.0,270.0,True,24.23,False
863,NQ,Thu,14:00,Out-of-Sample,2026-03-12T18:18:49.651002,2026-03-12 14:18:49,SHORT,24647.0,540.0,True,24.23,False
863,NQ,Thu,14:00,Out-of-Sample,2026-03-12T18:18:49.651002,2026-03-12 14:18:49,SHORT,24647.0,505.0,True,24.23,False
863,NQ,Thu,14:00,Out-of-Sample,2026-03-12T18:18:49.651585,2026-03-12 14:18:49,SHORT,24647.25,270.0,True,24.23,False
863,NQ,Thu,14:00,Out-of-Sample,2026-03-12T18:18:49.651585,2026-03-12 14:18:49,SHORT,24647.25,540.0,True,24.23,False
863,NQ,Thu,14:00,Out-of-Sample,2026-03-12T18:18:49.651585,2026-03-12 14:18:49,SHORT,24647.25,515.0,True,24.23,False
863,NQ,Thu,14:00,Out-of-Sample,2026-03-12T18:20:46.287839,2026-03-12 14:20:46,SHORT,24624.0,-30.0,True,24.23,False
863,NQ,Thu,14:00,Out-of-Sample,2026-03-12T18:21:47.096260,2026-03-12 14:21:47,LONG,24615.25,100.0,True,24.23,False
863,NQ,Thu,14:00,Out-of-Sample,2026-03-12T18:21:47.096260,2026-03-12 14:21:47,LONG,24615.25,200.0,True,24.23,False
863,NQ,Thu,14:00,Out-of-Sample,2026-03-12T18:21:47.096260,2026-03-12 14:21:47,LONG,24615.25,165.0,True,24.23,False
863,NQ,Thu,14:00,Out-of-Sample,2026-03-12T18:22:51.997291,2026-03-12 14:22:51,SHORT,24627.0,100.0,True,24.23,False
863,NQ,Thu,14:00,Out-of-Sample,2026-03-12T18:22:51.997291,2026-03-12 14:22:51,SHORT,24627.0,30.0,True,24.23,False
863,NQ,Thu,14:00,Out-of-Sample,2026-03-12T18:27:48.747817,2026-03-12 14:27:48,SHORT,24625.75,225.0,True,24.23,False
863,NQ,Thu,14:00,Out-of-Sample,2026-03-19T18:09:07.933631,2026-03-19 14:09:07,LONG,24466.25,205.0,True,25.09,False
863,NQ,Thu,14:00,Out-of-Sample,2026-03-19T18:09:07.933631,2026-03-19 14:09:07,LONG,24466.25,455.0,True,25.09,False
863,NQ,Thu,14:00,Out-of-Sample,2026-03-19T18:09:07.933631,2026-03-19 14:09:07,LONG,24466.25,850.0,True,25.09,False
863,NQ,Thu,14:00,Out-of-Sample,2026-03-19T18:12:46.255313,2026-03-19 14:12:46,SHORT,24493.25,-305.0,True,25.09,False
863,NQ,Thu,14:00,Out-of-Sample,2026-03-19T18:12:49.573095,2026-03-19 14:12:49,SHORT,24495.75,-255.0,True,25.09,False
863,NQ,Thu,14:00,Out-of-Sample,2026-03-19T18:13:23.692082,2026-03-19 14:13:23,SHORT,24502.0,380.0,True,25.09,False
863,NQ,Thu,14:00,Out-of-Sample,2026-03-19T18:14:34.449258,2026-03-19 14:14:34,SHORT,24500.0,90.0,True,25.09,False
863,NQ,Thu,14:00,Out-of-Sample,2026-03-19T18:14:34.449258,2026-03-19 14:14:34,SHORT,24500.0,645.0,True,25.09,False
863,NQ,Thu,14:00,Out-of-Sample,2026-03-19T18:17:25.746695,2026-03-19 14:17:25,SHORT,24497.0,390.0,True,25.09,False
863,NQ,Thu,14:00,Out-of-Sample,2026-03-19T18:17:25.746695,2026-03-19 14:17:25,SHORT,24497.0,275.0,True,25.09,False
863,NQ,Thu,14:00,Out-of-Sample,2026-03-19T18:17:25.746898,2026-03-19 14:17:25,SHORT,24497.0,550.0,True,25.09,False
863,NQ,Thu,14:00,Out-of-Sample,2026-03-19T18:17:25.746898,2026-03-19 14:17:25,SHORT,24497.0,-1070.0,True,25.09,False
863,NQ,Thu,14:00,Out-of-Sample,2026-03-19T18:18:12.687728,2026-03-19 14:18:12,SHORT,24485.5,405.0,True,25.09,False
863,NQ,Thu,14:00,Out-of-Sample,2026-03-19T18:18:12.687728,2026-03-19 14:18:12,SHORT,24485.5,530.0,True,25.09,False
863,NQ,Thu,14:00,Out-of-Sample,2026-03-19T18:18:12.687728,2026-03-19 14:18:12,SHORT,24485.5,490.0,True,25.09,False
863,NQ,Thu,14:00,Out-of-Sample,2026-03-19T18:29:02.836227,2026-03-19 14:29:02,SHORT,24483.0,-4160.0,True,25.09,False
863,NQ,Thu,14:00,Out-of-Sample,2026-03-19T18:29:02.836227,2026-03-19 14:29:02,SHORT,24483.0,-2100.0,True,25.09,False
863,NQ,Thu,14:00,Out-of-Sample,2026-03-19T18:29:51.924519,2026-03-19 14:29:51,SHORT,24470.25,370.0,True,25.09,False
863,NQ,Thu,14:00,Out-of-Sample,2026-03-19T18:29:51.924519,2026-03-19 14:29:51,SHORT,24470.25,630.0,True,25.09,False
863,NQ,Thu,14:00,Out-of-Sample,2026-03-19T18:29:59.510477,2026-03-19 14:29:59,SHORT,24468.5,805.0,True,25.09,False
863,NQ,Thu,14:00,Out-of-Sample,2026-03-19T18:29:59.510477,2026-03-19 14:29:59,SHORT,24468.5,1480.0,True,25.09,False
863,NQ,Thu,14:00,Out-of-Sample,2026-03-19T18:29:59.510843,2026-03-19 14:29:59,SHORT,24468.5,-30.0,True,25.09,False
863,NQ,Thu,14:00,Out-of-Sample,2026-03-19T18:29:59.510843,2026-03-19 14:29:59,SHORT,24468.5,-1115.0,True,25.09,False
863,NQ,Thu,14:00,Out-of-Sample,2026-03-26T18:00:04.540403,2026-03-26 14:00:04,LONG,23867.75,255.0,True,25.33,False
863,NQ,Thu,14:00,Out-of-Sample,2026-03-26T18:00:04.540403,2026-03-26 14:00:04,LONG,23867.75,430.0,True,25.33,False
863,NQ,Thu,14:00,Out-of-Sample,2026-03-26T18:00:17.758913,2026-03-26 14:00:17,LONG,23873.75,50.0,True,25.33,False
863,NQ,Thu,14:00,Out-of-Sample,2026-03-26T18:00:17.758913,2026-03-26 14:00:17,LONG,23873.75,100.0,True,25.33,False
863,NQ,Thu,14:00,Out-of-Sample,2026-03-26T18:00:17.758913,2026-03-26 14:00:17,LONG,23873.75,225.0,True,25.33,False
863,NQ,Thu,14:00,Out-of-Sample,2026-03-26T18:01:09.276751,2026-03-26 14:01:09,LONG,23885.25,50.0,True,25.33,False
863,NQ,Thu,14:00,Out-of-Sample,2026-03-26T18:01:09.276751,2026-03-26 14:01:09,LONG,23885.25,100.0,True,25.33,False
863,NQ,Thu,14:00,Out-of-Sample,2026-03-26T18:01:09.276751,2026-03-26 14:01:09,LONG,23885.25,225.0,True,25.33,False
863,NQ,Thu,14:00,Out-of-Sample,2026-03-26T18:03:05.057009,2026-03-26 14:03:05,LONG,23898.0,-2280.0,True,25.33,False
863,NQ,Thu,14:00,Out-of-Sample,2026-03-26T18:03:29.858467,2026-03-26 14:03:29,SHORT,23882.0,170.0,True,25.33,False
863,NQ,Thu,14:00,Out-of-Sample,2026-03-26T18:03:29.858467,2026-03-26 14:03:29,SHORT,23882.0,20.0,True,25.33,False
863,NQ,Thu,14:00,Out-of-Sample,2026-03-26T18:03:30.084204,2026-03-26 14:03:30,SHORT,23882.5,265.0,True,25.33,False
863,NQ,Thu,14:00,Out-of-Sample,2026-03-26T18:03:30.084204,2026-03-26 14:03:30,SHORT,23882.5,530.0,True,25.33,False
863,NQ,Thu,14:00,Out-of-Sample,2026-03-26T18:03:30.084204,2026-03-26 14:03:30,SHORT,23882.5,685.0,True,25.33,False
863,NQ,Thu,14:00,Out-of-Sample,2026-03-26T18:16:30.280063,2026-03-26 14:16:30,SHORT,23862.75,-900.0,True,25.33,False
863,NQ,Thu,14:00,Out-of-Sample,2026-03-26T18:20:11.653118,2026-03-26 14:20:11,SHORT,23866.25,-870.0,True,25.33,False
863,NQ,Thu,14:00,Out-of-Sample,2026-03-26T18:20:37.544627,2026-03-26 14:20:37,SHORT,23863.25,60.0,True,25.33,False
863,NQ,Thu,14:00,Out-of-Sample,2026-03-26T18:20:37.544627,2026-03-26 14:20:37,SHORT,23863.25,0.0,True,25.33,False
863,NQ,Thu,14:00,Out-of-Sample,2026-03-26T18:20:37.689472,2026-03-26 14:20:37,SHORT,23863.0,-960.0,True,25.33,False
863,NQ,Thu,14:00,Out-of-Sample,2026-03-26T18:24:34.700585,2026-03-26 14:24:34,LONG,23883.0,-920.0,True,25.33,False
863,NQ,Thu,14:00,Out-of-Sample,2026-03-26T18:24:34.944956,2026-03-26 14:24:34,LONG,23883.5,-1275.0,True,25.33,False
863,NQ,Thu,14:00,Out-of-Sample,2026-03-26T18:27:15.750752,2026-03-26 14:27:15,SHORT,23864.25,215.0,True,25.33,False
863,NQ,Thu,14:00,Out-of-Sample,2026-03-26T18:27:15.750752,2026-03-26 14:27:15,SHORT,23864.25,10.0,True,25.33,False
863,NQ,Thu,14:00,Out-of-Sample,2026-03-26T18:27:59.792813,2026-03-26 14:27:59,SHORT,23852.5,50.0,True,25.33,False
863,NQ,Thu,14:00,Out-of-Sample,2026-03-26T18:27:59.792813,2026-03-26 14:27:59,SHORT,23852.5,100.0,True,25.33,False
863,NQ,Thu,14:00,Out-of-Sample,2026-03-26T18:27:59.792813,2026-03-26 14:27:59,SHORT,23852.5,-50.0,True,25.33,False
863,NQ,Thu,14:00,Out-of-Sample,2026-03-26T18:28:10.281873,2026-03-26 14:28:10,LONG,23852.25,-150.0,True,25.33,False
863,NQ,Thu,14:00,Out-of-Sample,2026-03-26T18:28:59.502857,2026-03-26 14:28:59,SHORT,23847.5,0.0,True,25.33,False
863,NQ,Thu,14:00,Out-of-Sample,2026-04-02T18:00:14.971326,2026-04-02 14:00:14,LONG,24110.5,-435.0,True,24.54,False
863,NQ,Thu,14:00,Out-of-Sample,2026-04-02T18:05:19.451685,2026-04-02 14:05:19,LONG,24135.0,-1095.0,True,24.54,False
863,NQ,Thu,14:00,Out-of-Sample,2026-04-02T18:05:21.749533,2026-04-02 14:05:21,LONG,24136.5,60.0,True,24.54,False
863,NQ,Thu,14:00,Out-of-Sample,2026-04-02T18:05:24.084803,2026-04-02 14:05:24,LONG,24142.0,50.0,True,24.54,False
863,NQ,Thu,14:00,Out-of-Sample,2026-04-02T18:05:24.084803,2026-04-02 14:05:24,LONG,24142.0,-370.0,True,24.54,False
863,NQ,Thu,14:00,Out-of-Sample,2026-04-02T18:18:33.786978,2026-04-02 14:18:33,LONG,24135.5,-1380.0,True,24.54,False
863,NQ,Thu,14:00,Out-of-Sample,2026-04-02T18:24:54.598726,2026-04-02 14:24:54,SHORT,24116.75,495.0,True,24.54,False
863,NQ,Thu,14:00,Out-of-Sample,2026-04-02T18:25:12.110675,2026-04-02 14:25:12,SHORT,24105.75,50.0,True,24.54,False
863,NQ,Thu,14:00,Out-of-Sample,2026-04-02T18:25:12.110675,2026-04-02 14:25:12,SHORT,24105.75,100.0,True,24.54,False
863,NQ,Thu,14:00,Out-of-Sample,2026-04-02T18:25:12.110675,2026-04-02 14:25:12,SHORT,24105.75,-65.0,True,24.54,False
863,NQ,Thu,14:00,Out-of-Sample,2026-04-09T18:02:30.684321,2026-04-09 14:02:30,SHORT,25195.25,50.0,True,21.04,False
863,NQ,Thu,14:00,Out-of-Sample,2026-04-09T18:02:30.684321,2026-04-09 14:02:30,SHORT,25195.25,100.0,True,21.04,False
863,NQ,Thu,14:00,Out-of-Sample,2026-04-09T18:02:30.684321,2026-04-09 14:02:30,SHORT,25195.25,225.0,True,21.04,False
863,NQ,Thu,14:00,Out-of-Sample,2026-04-09T18:03:17.643876,2026-04-09 14:03:17,SHORT,25193.5,270.0,True,21.04,False
863,NQ,Thu,14:00,Out-of-Sample,2026-04-09T18:03:17.643876,2026-04-09 14:03:17,SHORT,25193.5,540.0,True,21.04,False
863,NQ,Thu,14:00,Out-of-Sample,2026-04-09T18:03:17.643876,2026-04-09 14:03:17,SHORT,25193.5,625.0,True,21.04,False
863,NQ,Thu,14:00,Out-of-Sample,2026-04-09T18:08:54.439092,2026-04-09 14:08:54,SHORT,25172.0,-825.0,True,21.04,False
863,NQ,Thu,14:00,Out-of-Sample,2026-04-09T18:09:48.483989,2026-04-09 14:09:48,LONG,25188.75,-495.0,True,21.04,False
863,NQ,Thu,14:00,Out-of-Sample,2026-04-09T18:17:50.069362,2026-04-09 14:17:50,LONG,25190.75,-1365.0,True,21.04,False
863,NQ,Thu,14:00,Out-of-Sample,2026-04-09T18:17:50.069792,2026-04-09 14:17:50,LONG,25190.75,-1245.0,True,21.04,False
863,NQ,Thu,14:00,Out-of-Sample,2026-04-09T18:22:59.879638,2026-04-09 14:22:59,SHORT,25161.0,300.0,True,21.04,False
863,NQ,Thu,14:00,Out-of-Sample,2026-04-09T18:22:59.879638,2026-04-09 14:22:59,SHORT,25161.0,-100.0,True,21.04,False
863,NQ,Thu,14:00,Out-of-Sample,2026-04-16T18:00:26.514020,2026-04-16 14:00:26,SHORT,26453.0,-90.0,True,18.17,True
863,NQ,Thu,14:00,Out-of-Sample,2026-04-16T18:00:26.515521,2026-04-16 14:00:26,SHORT,26453.0,-60.0,True,18.17,True
863,NQ,Thu,14:00,Out-of-Sample,2026-04-16T18:00:46.001235,2026-04-16 14:00:46,LONG,26460.75,-75.0,True,18.17,True
863,NQ,Thu,14:00,Out-of-Sample,2026-04-16T18:01:04.790065,2026-04-16 14:01:04,LONG,26472.5,-150.0,True,18.17,True
863,NQ,Thu,14:00,Out-of-Sample,2026-04-16T18:01:44.248457,2026-04-16 14:01:44,SHORT,26460.0,215.0,True,18.17,True
863,NQ,Thu,14:00,Out-of-Sample,2026-04-16T18:01:44.248457,2026-04-16 14:01:44,SHORT,26460.0,425.0,True,18.17,True
863,NQ,Thu,14:00,Out-of-Sample,2026-04-16T18:01:44.248457,2026-04-16 14:01:44,SHORT,26460.0,810.0,True,18.17,True
863,NQ,Thu,14:00,Out-of-Sample,2026-04-16T18:01:44.255899,2026-04-16 14:01:44,SHORT,26461.0,215.0,True,18.17,True
863,NQ,Thu,14:00,Out-of-Sample,2026-04-16T18:01:44.255899,2026-04-16 14:01:44,SHORT,26461.0,300.0,True,18.17,True
863,NQ,Thu,14:00,Out-of-Sample,2026-04-16T18:03:10.952713,2026-04-16 14:03:10,SHORT,26456.75,75.0,True,18.17,True
863,NQ,Thu,14:00,Out-of-Sample,2026-04-16T18:03:10.952713,2026-04-16 14:03:10,SHORT,26456.75,150.0,True,18.17,True
863,NQ,Thu,14:00,Out-of-Sample,2026-04-16T18:03:10.952713,2026-04-16 14:03:10,SHORT,26456.75,65.0,True,18.17,True
863,NQ,Thu,14:00,Out-of-Sample,2026-04-16T18:03:27.555120,2026-04-16 14:03:27,SHORT,26453.25,285.0,True,18.17,True
863,NQ,Thu,14:00,Out-of-Sample,2026-04-16T18:03:27.555120,2026-04-16 14:03:27,SHORT,26453.25,570.0,True,18.17,True
863,NQ,Thu,14:00,Out-of-Sample,2026-04-16T18:03:27.555120,2026-04-16 14:03:27,SHORT,26453.25,735.0,True,18.17,True
863,NQ,Thu,14:00,Out-of-Sample,2026-04-16T18:03:28.969181,2026-04-16 14:03:28,SHORT,26451.5,50.0,True,18.17,True
863,NQ,Thu,14:00,Out-of-Sample,2026-04-16T18:03:28.969181,2026-04-16 14:03:28,SHORT,26451.5,100.0,True,18.17,True
863,NQ,Thu,14:00,Out-of-Sample,2026-04-16T18:03:28.969181,2026-04-16 14:03:28,SHORT,26451.5,-20.0,True,18.17,True
863,NQ,Thu,14:00,Out-of-Sample,2026-04-16T18:05:05.431389,2026-04-16 14:05:05,SHORT,26442.75,60.0,True,18.17,True
863,NQ,Thu,14:00,Out-of-Sample,2026-04-16T18:05:05.431389,2026-04-16 14:05:05,SHORT,26442.75,20.0,True,18.17,True
863,NQ,Thu,14:00,Out-of-Sample,2026-04-16T18:05:05.431666,2026-04-16 14:05:05,SHORT,26442.75,245.0,True,18.17,True
863,NQ,Thu,14:00,Out-of-Sample,2026-04-16T18:05:05.431666,2026-04-16 14:05:05,SHORT,26442.75,545.0,True,18.17,True
863,NQ,Thu,14:00,Out-of-Sample,2026-04-16T18:05:05.431666,2026-04-16 14:05:05,SHORT,26442.75,490.0,True,18.17,True
863,NQ,Thu,14:00,Out-of-Sample,2026-04-16T18:07:48.413805,2026-04-16 14:07:48,SHORT,26425.25,225.0,True,18.17,True
863,NQ,Thu,14:00,Out-of-Sample,2026-04-16T18:07:48.413805,2026-04-16 14:07:48,SHORT,26425.25,220.0,True,18.17,True
863,NQ,Thu,14:00,Out-of-Sample,2026-04-16T18:07:54.921745,2026-04-16 14:07:54,SHORT,26422.0,50.0,True,18.17,True
863,NQ,Thu,14:00,Out-of-Sample,2026-04-16T18:07:54.921745,2026-04-16 14:07:54,SHORT,26422.0,100.0,True,18.17,True
863,NQ,Thu,14:00,Out-of-Sample,2026-04-16T18:07:54.921745,2026-04-16 14:07:54,SHORT,26422.0,225.0,True,18.17,True
863,NQ,Thu,14:00,Out-of-Sample,2026-04-16T18:08:15.928373,2026-04-16 14:08:15,SHORT,26410.5,-480.0,True,18.17,True
863,NQ,Thu,14:00,Out-of-Sample,2026-04-16T18:08:20.950499,2026-04-16 14:08:20,LONG,26412.0,100.0,True,18.17,True
863,NQ,Thu,14:00,Out-of-Sample,2026-04-16T18:08:20.950499,2026-04-16 14:08:20,LONG,26412.0,200.0,True,18.17,True
863,NQ,Thu,14:00,Out-of-Sample,2026-04-16T18:08:20.950499,2026-04-16 14:08:20,LONG,26412.0,10.0,True,18.17,True
863,NQ,Thu,14:00,Out-of-Sample,2026-04-16T18:08:40.241714,2026-04-16 14:08:40,LONG,26420.25,-480.0,True,18.17,True
863,NQ,Thu,14:00,Out-of-Sample,2026-04-16T18:09:15.700198,2026-04-16 14:09:15,SHORT,26411.25,220.0,True,18.17,True
863,NQ,Thu,14:00,Out-of-Sample,2026-04-16T18:09:15.700198,2026-04-16 14:09:15,SHORT,26411.25,270.0,True,18.17,True
863,NQ,Thu,14:00,Out-of-Sample,2026-04-16T18:09:16.049711,2026-04-16 14:09:16,SHORT,26411.5,220.0,True,18.17,True
863,NQ,Thu,14:00,Out-of-Sample,2026-04-16T18:09:16.049711,2026-04-16 14:09:16,SHORT,26411.5,20.0,True,18.17,True
863,NQ,Thu,14:00,Out-of-Sample,2026-04-16T18:09:22.369424,2026-04-16 14:09:22,SHORT,26408.25,180.0,True,18.17,True
863,NQ,Thu,14:00,Out-of-Sample,2026-04-16T18:09:22.369424,2026-04-16 14:09:22,SHORT,26408.25,20.0,True,18.17,True
863,NQ,Thu,14:00,Out-of-Sample,2026-04-16T18:09:22.369679,2026-04-16 14:09:22,SHORT,26408.0,295.0,True,18.17,True
863,NQ,Thu,14:00,Out-of-Sample,2026-04-16T18:09:22.369679,2026-04-16 14:09:22,SHORT,26408.0,-650.0,True,18.17,True
863,NQ,Thu,14:00,Out-of-Sample,2026-04-16T18:09:39.228979,2026-04-16 14:09:39,SHORT,26396.25,50.0,True,18.17,True
863,NQ,Thu,14:00,Out-of-Sample,2026-04-16T18:09:39.228979,2026-04-16 14:09:39,SHORT,26396.25,-500.0,True,18.17,True
863,NQ,Thu,14:00,Out-of-Sample,2026-04-16T18:09:42.161324,2026-04-16 14:09:42,LONG,26396.5,100.0,True,18.17,True
863,NQ,Thu,14:00,Out-of-Sample,2026-04-16T18:09:42.161324,2026-04-16 14:09:42,LONG,26396.5,200.0,True,18.17,True
863,NQ,Thu,14:00,Out-of-Sample,2026-04-16T18:09:42.161324,2026-04-16 14:09:42,LONG,26396.5,195.0,True,18.17,True
863,NQ,Thu,14:00,Out-of-Sample,2026-04-16T18:09:49.348159,2026-04-16 14:09:49,LONG,26400.75,220.0,True,18.17,True
863,NQ,Thu,14:00,Out-of-Sample,2026-04-16T18:09:49.348159,2026-04-16 14:09:49,LONG,26400.75,140.0,True,18.17,True
863,NQ,Thu,14:00,Out-of-Sample,2026-04-16T18:10:32.049798,2026-04-16 14:10:32,SHORT,26395.0,65.0,True,18.17,True
863,NQ,Thu,14:00,Out-of-Sample,2026-04-16T18:10:32.049798,2026-04-16 14:10:32,SHORT,26395.0,10.0,True,18.17,True
863,NQ,Thu,14:00,Out-of-Sample,2026-04-16T18:10:32.050116,2026-04-16 14:10:32,SHORT,26395.0,255.0,True,18.17,True
863,NQ,Thu,14:00,Out-of-Sample,2026-04-16T18:10:32.050116,2026-04-16 14:10:32,SHORT,26395.0,575.0,True,18.17,True
863,NQ,Thu,14:00,Out-of-Sample,2026-04-16T18:10:32.050116,2026-04-16 14:10:32,SHORT,26395.0,585.0,True,18.17,True
863,NQ,Thu,14:00,Out-of-Sample,2026-04-16T18:11:46.735482,2026-04-16 14:11:46,LONG,26402.25,75.0,True,18.17,True
863,NQ,Thu,14:00,Out-of-Sample,2026-04-16T18:11:46.735482,2026-04-16 14:11:46,LONG,26402.25,150.0,True,18.17,True
863,NQ,Thu,14:00,Out-of-Sample,2026-04-16T18:11:46.735482,2026-04-16 14:11:46,LONG,26402.25,130.0,True,18.17,True
863,NQ,Thu,14:00,Out-of-Sample,2026-04-16T18:14:21.504587,2026-04-16 14:14:21,LONG,26422.0,-270.0,True,18.17,True
863,NQ,Thu,14:00,Out-of-Sample,2026-04-16T18:14:21.509802,2026-04-16 14:14:21,LONG,26422.0,-450.0,True,18.17,True
863,NQ,Thu,14:00,Out-of-Sample,2026-04-16T18:15:29.256780,2026-04-16 14:15:29,LONG,26426.0,-450.0,True,18.17,True
863,NQ,Thu,14:00,Out-of-Sample,2026-04-16T18:16:20.872934,2026-04-16 14:16:20,SHORT,26409.75,290.0,True,18.17,True
863,NQ,Thu,14:00,Out-of-Sample,2026-04-16T18:16:20.872934,2026-04-16 14:16:20,SHORT,26409.75,580.0,True,18.17,True
863,NQ,Thu,14:00,Out-of-Sample,2026-04-16T18:16:20.872934,2026-04-16 14:16:20,SHORT,26409.75,585.0,True,18.17,True
863,NQ,Thu,14:00,Out-of-Sample,2026-04-16T18:16:21.156539,2026-04-16 14:16:21,SHORT,26409.75,-230.0,True,18.17,True
863,NQ,Thu,14:00,Out-of-Sample,2026-04-16T18:18:02.812749,2026-04-16 14:18:02,SHORT,26403.75,185.0,True,18.17,True
863,NQ,Thu,14:00,Out-of-Sample,2026-04-16T18:18:02.812749,2026-04-16 14:18:02,SHORT,26403.75,415.0,True,18.17,True
863,NQ,Thu,14:00,Out-of-Sample,2026-04-16T18:18:02.812749,2026-04-16 14:18:02,SHORT,26403.75,415.0,True,18.17,True
863,NQ,Thu,14:00,Out-of-Sample,2026-04-16T18:21:38.748498,2026-04-16 14:21:38,SHORT,26402.25,160.0,True,18.17,True
863,NQ,Thu,14:00,Out-of-Sample,2026-04-16T18:21:38.748498,2026-04-16 14:21:38,SHORT,26402.25,325.0,True,18.17,True
863,NQ,Thu,14:00,Out-of-Sample,2026-04-16T18:21:38.748498,2026-04-16 14:21:38,SHORT,26402.25,460.0,True,18.17,True
863,NQ,Thu,14:00,Out-of-Sample,2026-04-16T18:21:39.002685,2026-04-16 14:21:39,SHORT,26402.25,160.0,True,18.17,True
863,NQ,Thu,14:00,Out-of-Sample,2026-04-16T18:21:39.002685,2026-04-16 14:21:39,SHORT,26402.25,325.0,True,18.17,True
863,NQ,Thu,14:00,Out-of-Sample,2026-04-16T18:21:39.002685,2026-04-16 14:21:39,SHORT,26402.25,460.0,True,18.17,True
863,NQ,Thu,14:00,Out-of-Sample,2026-04-16T18:22:42.925913,2026-04-16 14:22:42,SHORT,26392.25,50.0,True,18.17,True
863,NQ,Thu,14:00,Out-of-Sample,2026-04-16T18:22:42.925913,2026-04-16 14:22:42,SHORT,26392.25,100.0,True,18.17,True
863,NQ,Thu,14:00,Out-of-Sample,2026-04-16T18:22:42.925913,2026-04-16 14:22:42,SHORT,26392.25,225.0,True,18.17,True
863,NQ,Thu,14:00,Out-of-Sample,2026-04-16T18:23:19.885391,2026-04-16 14:23:19,LONG,26388.25,-180.0,True,18.17,True
863,NQ,Thu,14:00,Out-of-Sample,2026-04-16T18:26:00.745802,2026-04-16 14:26:00,SHORT,26375.25,150.0,True,18.17,True
863,NQ,Thu,14:00,Out-of-Sample,2026-04-16T18:26:00.745802,2026-04-16 14:26:00,SHORT,26375.25,295.0,True,18.17,True
863,NQ,Thu,14:00,Out-of-Sample,2026-04-16T18:26:00.745802,2026-04-16 14:26:00,SHORT,26375.25,165.0,True,18.17,True
863,NQ,Thu,14:00,Out-of-Sample,2026-04-16T18:26:00.796856,2026-04-16 14:26:00,SHORT,26375.25,150.0,True,18.17,True
863,NQ,Thu,14:00,Out-of-Sample,2026-04-16T18:26:00.796856,2026-04-16 14:26:00,SHORT,26375.25,295.0,True,18.17,True
863,NQ,Thu,14:00,Out-of-Sample,2026-04-16T18:26:00.796856,2026-04-16 14:26:00,SHORT,26375.25,165.0,True,18.17,True
863,NQ,Thu,14:00,Out-of-Sample,2026-04-16T18:26:25.154498,2026-04-16 14:26:25,SHORT,26370.0,75.0,True,18.17,True
863,NQ,Thu,14:00,Out-of-Sample,2026-04-16T18:26:25.154498,2026-04-16 14:26:25,SHORT,26370.0,150.0,True,18.17,True
863,NQ,Thu,14:00,Out-of-Sample,2026-04-16T18:26:25.154498,2026-04-16 14:26:25,SHORT,26370.0,70.0,True,18.17,True
863,NQ,Thu,14:00,Out-of-Sample,2026-04-16T18:27:08.110720,2026-04-16 14:27:08,SHORT,26369.25,65.0,True,18.17,True
863,NQ,Thu,14:00,Out-of-Sample,2026-04-16T18:27:08.110720,2026-04-16 14:27:08,SHORT,26369.25,10.0,True,18.17,True
863,NQ,Thu,14:00,Out-of-Sample,2026-04-16T18:27:22.789035,2026-04-16 14:27:22,SHORT,26362.5,-45.0,True,18.17,True
863,NQ,Thu,14:00,Out-of-Sample,2026-04-23T18:00:00.078669,2026-04-23 14:00:00,LONG,26886.25,75.0,True,18.92,True
863,NQ,Thu,14:00,Out-of-Sample,2026-04-23T18:00:00.078669,2026-04-23 14:00:00,LONG,26886.25,-10.0,True,18.92,True
863,NQ,Thu,14:00,Out-of-Sample,2026-04-23T18:00:05.565271,2026-04-23 14:00:05,SHORT,26882.75,-405.0,True,18.92,True
863,NQ,Thu,14:00,Out-of-Sample,2026-04-23T18:00:57.323318,2026-04-23 14:00:57,SHORT,26865.0,-1530.0,True,18.92,True
863,NQ,Thu,14:00,Out-of-Sample,2026-04-23T18:00:57.323977,2026-04-23 14:00:57,SHORT,26864.0,-360.0,True,18.92,True
863,NQ,Thu,14:00,Out-of-Sample,2026-04-23T18:01:23.799305,2026-04-23 14:01:23,LONG,26899.5,-270.0,True,18.92,True
863,NQ,Thu,14:00,Out-of-Sample,2026-04-23T18:01:32.558688,2026-04-23 14:01:32,LONG,26899.25,75.0,True,18.92,True
863,NQ,Thu,14:00,Out-of-Sample,2026-04-23T18:01:32.558688,2026-04-23 14:01:32,LONG,26899.25,-40.0,True,18.92,True
863,NQ,Thu,14:00,Out-of-Sample,2026-04-23T18:01:36.675385,2026-04-23 14:01:36,SHORT,26896.5,-510.0,True,18.92,True
863,NQ,Thu,14:00,Out-of-Sample,2026-04-23T18:01:44.253868,2026-04-23 14:01:44,SHORT,26893.25,-480.0,True,18.92,True
863,NQ,Thu,14:00,Out-of-Sample,2026-04-23T18:01:47.586688,2026-04-23 14:01:47,LONG,26904.25,550.0,True,18.92,True
863,NQ,Thu,14:00,Out-of-Sample,2026-04-23T18:01:47.586688,2026-04-23 14:01:47,LONG,26904.25,785.0,True,18.92,True
863,NQ,Thu,14:00,Out-of-Sample,2026-04-23T18:01:47.586688,2026-04-23 14:01:47,LONG,26904.25,590.0,True,18.92,True
863,NQ,Thu,14:00,Out-of-Sample,2026-04-23T18:01:47.587732,2026-04-23 14:01:47,LONG,26903.5,390.0,True,18.92,True
863,NQ,Thu,14:00,Out-of-Sample,2026-04-23T18:01:47.587732,2026-04-23 14:01:47,LONG,26903.5,785.0,True,18.92,True
863,NQ,Thu,14:00,Out-of-Sample,2026-04-23T18:01:47.587732,2026-04-23 14:01:47,LONG,26903.5,565.0,True,18.92,True
863,NQ,Thu,14:00,Out-of-Sample,2026-04-23T18:01:50.619516,2026-04-23 14:01:50,LONG,26933.5,140.0,True,18.92,True
863,NQ,Thu,14:00,Out-of-Sample,2026-04-23T18:01:50.619516,2026-04-23 14:01:50,LONG,26933.5,150.0,True,18.92,True
863,NQ,Thu,14:00,Out-of-Sample,2026-04-23T18:01:50.619516,2026-04-23 14:01:50,LONG,26933.5,-80.0,True,18.92,True
863,NQ,Thu,14:00,Out-of-Sample,2026-04-23T18:02:23.620657,2026-04-23 14:02:23,SHORT,26904.25,-1275.0,True,18.92,True
863,NQ,Thu,14:00,Out-of-Sample,2026-04-23T18:02:23.622085,2026-04-23 14:02:23,SHORT,26903.25,-315.0,True,18.92,True
863,NQ,Thu,14:00,Out-of-Sample,2026-04-23T18:02:23.622863,2026-04-23 14:02:23,SHORT,26906.25,-1550.0,True,18.92,True
863,NQ,Thu,14:00,Out-of-Sample,2026-04-23T18:03:26.553189,2026-04-23 14:03:26,SHORT,26913.0,-1590.0,True,18.92,True
863,NQ,Thu,14:00,Out-of-Sample,2026-04-23T18:03:26.553544,2026-04-23 14:03:26,SHORT,26913.0,-300.0,True,18.92,True
863,NQ,Thu,14:00,Out-of-Sample,2026-04-23T18:03:26.562674,2026-04-23 14:03:26,SHORT,26914.25,420.0,True,18.92,True
863,NQ,Thu,14:00,Out-of-Sample,2026-04-23T18:03:26.562674,2026-04-23 14:03:26,SHORT,26914.25,10.0,True,18.92,True
863,NQ,Thu,14:00,Out-of-Sample,2026-04-23T18:04:17.136571,2026-04-23 14:04:17,SHORT,26906.0,420.0,True,18.92,True
863,NQ,Thu,14:00,Out-of-Sample,2026-04-23T18:04:17.137007,2026-04-23 14:04:17,SHORT,26906.0,-1320.0,True,18.92,True
863,NQ,Thu,14:00,Out-of-Sample,2026-04-23T18:08:41.064946,2026-04-23 14:08:41,SHORT,26916.0,-510.0,True,18.92,True
863,NQ,Thu,14:00,Out-of-Sample,2026-04-23T18:08:41.065881,2026-04-23 14:08:41,SHORT,26916.5,-1080.0,True,18.92,True
863,NQ,Thu,14:00,Out-of-Sample,2026-04-23T18:09:32.204656,2026-04-23 14:09:32,SHORT,26913.75,-270.0,True,18.92,True
863,NQ,Thu,14:00,Out-of-Sample,2026-04-23T18:09:32.204902,2026-04-23 14:09:32,SHORT,26913.75,-1245.0,True,18.92,True
863,NQ,Thu,14:00,Out-of-Sample,2026-04-23T18:10:46.628248,2026-04-23 14:10:46,SHORT,26938.25,75.0,True,18.92,True
863,NQ,Thu,14:00,Out-of-Sample,2026-04-23T18:10:46.628248,2026-04-23 14:10:46,SHORT,26938.25,150.0,True,18.92,True
863,NQ,Thu,14:00,Out-of-Sample,2026-04-23T18:10:46.628248,2026-04-23 14:10:46,SHORT,26938.25,110.0,True,18.92,True
863,NQ,Thu,14:00,Out-of-Sample,2026-04-23T18:10:51.538852,2026-04-23 14:10:51,LONG,26933.75,75.0,True,18.92,True
863,NQ,Thu,14:00,Out-of-Sample,2026-04-23T18:10:51.538852,2026-04-23 14:10:51,LONG,26933.75,10.0,True,18.92,True
863,NQ,Thu,14:00,Out-of-Sample,2026-04-23T18:11:53.389372,2026-04-23 14:11:53,SHORT,26912.5,-375.0,True,18.92,True
863,NQ,Thu,14:00,Out-of-Sample,2026-04-23T18:12:25.131657,2026-04-23 14:12:25,SHORT,26899.0,-180.0,True,18.92,True
863,NQ,Thu,14:00,Out-of-Sample,2026-04-23T18:12:25.132542,2026-04-23 14:12:25,SHORT,26899.75,-2265.0,True,18.92,True
863,NQ,Thu,14:00,Out-of-Sample,2026-04-23T18:13:35.732270,2026-04-23 14:13:35,SHORT,26912.75,-540.0,True,18.92,True
863,NQ,Thu,14:00,Out-of-Sample,2026-04-23T18:14:52.606129,2026-04-23 14:14:52,SHORT,26915.25,-480.0,True,18.92,True
863,NQ,Thu,14:00,Out-of-Sample,2026-04-23T18:17:59.500742,2026-04-23 14:17:59,SHORT,26909.75,-195.0,True,18.92,True
863,NQ,Thu,14:00,Out-of-Sample,2026-04-23T18:21:02.461670,2026-04-23 14:21:02,LONG,26942.5,-2070.0,True,18.92,True
863,NQ,Thu,14:00,Out-of-Sample,2026-04-23T18:21:06.879444,2026-04-23 14:21:06,SHORT,26916.0,205.0,True,18.92,True
863,NQ,Thu,14:00,Out-of-Sample,2026-04-23T18:21:06.879444,2026-04-23 14:21:06,SHORT,26916.0,205.0,True,18.92,True
863,NQ,Thu,14:00,Out-of-Sample,2026-04-23T18:21:06.879444,2026-04-23 14:21:06,SHORT,26916.0,65.0,True,18.92,True
863,NQ,Thu,14:00,Out-of-Sample,2026-04-23T18:21:06.892513,2026-04-23 14:21:06,SHORT,26913.25,-520.0,True,18.92,True
863,NQ,Thu,14:00,Out-of-Sample,2026-04-23T18:21:07.559227,2026-04-23 14:21:07,SHORT,26904.75,-1530.0,True,18.92,True
863,NQ,Thu,14:00,Out-of-Sample,2026-04-23T18:21:07.559823,2026-04-23 14:21:07,SHORT,26904.75,-1335.0,True,18.92,True
863,NQ,Thu,14:00,Out-of-Sample,2026-04-23T18:21:07.629464,2026-04-23 14:21:07,SHORT,26903.75,-2280.0,True,18.92,True
863,NQ,Thu,14:00,Out-of-Sample,2026-04-23T18:21:08.317139,2026-04-23 14:21:08,LONG,26912.75,120.0,True,18.92,True
863,NQ,Thu,14:00,Out-of-Sample,2026-04-23T18:21:08.317139,2026-04-23 14:21:08,LONG,26912.75,125.0,True,18.92,True
863,NQ,Thu,14:00,Out-of-Sample,2026-04-23T18:26:04.628685,2026-04-23 14:26:04,SHORT,26919.0,-450.0,True,18.92,True
863,NQ,Thu,14:00,Out-of-Sample,2026-04-23T18:26:42.676567,2026-04-23 14:26:42,SHORT,26914.25,-630.0,True,18.92,True
863,NQ,Thu,14:00,Out-of-Sample,2026-04-30T18:00:15.117079,2026-04-30 14:00:15,LONG,27555.5,255.0,True,18.81,True
863,NQ,Thu,14:00,Out-of-Sample,2026-04-30T18:00:15.178912,2026-04-30 14:00:15,LONG,27554.5,240.0,True,18.81,True
863,NQ,Thu,14:00,Out-of-Sample,2026-04-30T18:00:15.178912,2026-04-30 14:00:15,LONG,27554.5,480.0,True,18.81,True
863,NQ,Thu,14:00,Out-of-Sample,2026-04-30T18:00:15.178912,2026-04-30 14:00:15,LONG,27554.5,315.0,True,18.81,True
863,NQ,Thu,14:00,Out-of-Sample,2026-04-30T18:00:23.086042,2026-04-30 14:00:23,LONG,27565.0,160.0,True,18.81,True
863,NQ,Thu,14:00,Out-of-Sample,2026-04-30T18:00:23.086042,2026-04-30 14:00:23,LONG,27565.0,190.0,True,18.81,True
863,NQ,Thu,14:00,Out-of-Sample,2026-04-30T18:00:23.235358,2026-04-30 14:00:23,LONG,27565.0,160.0,True,18.81,True
863,NQ,Thu,14:00,Out-of-Sample,2026-04-30T18:00:23.235358,2026-04-30 14:00:23,LONG,27565.0,130.0,True,18.81,True
863,NQ,Thu,14:00,Out-of-Sample,2026-04-30T18:01:31.962299,2026-04-30 14:01:31,SHORT,27568.25,-855.0,True,18.81,True
863,NQ,Thu,14:00,Out-of-Sample,2026-04-30T18:01:32.392875,2026-04-30 14:01:32,SHORT,27568.0,-465.0,True,18.81,True
863,NQ,Thu,14:00,Out-of-Sample,2026-04-30T18:03:18.820483,2026-04-30 14:03:18,LONG,27584.25,170.0,True,18.81,True
863,NQ,Thu,14:00,Out-of-Sample,2026-04-30T18:03:18.820483,2026-04-30 14:03:18,LONG,27584.25,380.0,True,18.81,True
863,NQ,Thu,14:00,Out-of-Sample,2026-04-30T18:03:18.820483,2026-04-30 14:03:18,LONG,27584.25,190.0,True,18.81,True
863,NQ,Thu,14:00,Out-of-Sample,2026-04-30T18:07:59.308773,2026-04-30 14:07:59,SHORT,27566.5,170.0,True,18.81,True
863,NQ,Thu,14:00,Out-of-Sample,2026-04-30T18:07:59.308773,2026-04-30 14:07:59,SHORT,27566.5,20.0,True,18.81,True
863,NQ,Thu,14:00,Out-of-Sample,2026-04-30T18:07:59.573854,2026-04-30 14:07:59,SHORT,27565.75,170.0,True,18.81,True
863,NQ,Thu,14:00,Out-of-Sample,2026-04-30T18:07:59.573854,2026-04-30 14:07:59,SHORT,27565.75,0.0,True,18.81,True
863,NQ,Thu,14:00,Out-of-Sample,2026-04-30T18:08:50.121552,2026-04-30 14:08:50,SHORT,27559.75,-870.0,True,18.81,True
863,NQ,Thu,14:00,Out-of-Sample,2026-04-30T18:10:00.667496,2026-04-30 14:10:00,SHORT,27559.75,55.0,True,18.81,True
863,NQ,Thu,14:00,Out-of-Sample,2026-04-30T18:10:00.667496,2026-04-30 14:10:00,SHORT,27559.75,60.0,True,18.81,True
863,NQ,Thu,14:00,Out-of-Sample,2026-04-30T18:10:00.667654,2026-04-30 14:10:00,SHORT,27559.75,-1245.0,True,18.81,True
863,NQ,Thu,14:00,Out-of-Sample,2026-04-30T18:12:22.504630,2026-04-30 14:12:22,LONG,27570.75,190.0,True,18.81,True
863,NQ,Thu,14:00,Out-of-Sample,2026-04-30T18:12:22.504630,2026-04-30 14:12:22,LONG,27570.75,95.0,True,18.81,True
863,NQ,Thu,14:00,Out-of-Sample,2026-04-30T18:20:06.000884,2026-04-30 14:20:06,SHORT,27565.5,155.0,True,18.81,True
863,NQ,Thu,14:00,Out-of-Sample,2026-04-30T18:20:06.000884,2026-04-30 14:20:06,SHORT,27565.5,10.0,True,18.81,True
863,NQ,Thu,14:00,Out-of-Sample,2026-04-30T18:20:06.085347,2026-04-30 14:20:06,SHORT,27566.25,225.0,True,18.81,True
863,NQ,Thu,14:00,Out-of-Sample,2026-04-30T18:20:06.085347,2026-04-30 14:20:06,SHORT,27566.25,230.0,True,18.81,True
863,NQ,Thu,14:00,Out-of-Sample,2026-04-30T18:20:06.085707,2026-04-30 14:20:06,SHORT,27566.0,-285.0,True,18.81,True
863,NQ,Thu,14:00,Out-of-Sample,2026-04-30T18:24:23.499533,2026-04-30 14:24:23,SHORT,27561.0,160.0,True,18.81,True
863,NQ,Thu,14:00,Out-of-Sample,2026-04-30T18:24:23.499533,2026-04-30 14:24:23,SHORT,27561.0,-80.0,True,18.81,True
863,NQ,Thu,14:00,Out-of-Sample,2026-04-30T18:25:03.301324,2026-04-30 14:25:03,LONG,27556.0,305.0,True,18.81,True
863,NQ,Thu,14:00,Out-of-Sample,2026-04-30T18:25:18.416909,2026-04-30 14:25:18,LONG,27559.75,325.0,True,18.81,True
863,NQ,Thu,14:00,Out-of-Sample,2026-04-30T18:25:18.416909,2026-04-30 14:25:18,LONG,27559.75,105.0,True,18.81,True
863,NQ,Thu,14:00,Out-of-Sample,2026-05-07T18:00:30.735595,2026-05-07 14:00:30,SHORT,28688.75,-495.0,True,17.39,True
863,NQ,Thu,14:00,Out-of-Sample,2026-05-07T18:02:15.199316,2026-05-07 14:02:15,SHORT,28683.5,60.0,True,17.39,True
863,NQ,Thu,14:00,Out-of-Sample,2026-05-07T18:02:15.209143,2026-05-07 14:02:15,SHORT,28683.75,-705.0,True,17.39,True
863,NQ,Thu,14:00,Out-of-Sample,2026-05-07T18:02:16.144567,2026-05-07 14:02:16,SHORT,28680.25,-1290.0,True,17.39,True
863,NQ,Thu,14:00,Out-of-Sample,2026-05-07T18:02:16.144942,2026-05-07 14:02:16,SHORT,28680.0,75.0,True,17.39,True
863,NQ,Thu,14:00,Out-of-Sample,2026-05-07T18:02:16.144942,2026-05-07 14:02:16,SHORT,28680.0,150.0,True,17.39,True
863,NQ,Thu,14:00,Out-of-Sample,2026-05-07T18:02:16.144942,2026-05-07 14:02:16,SHORT,28680.0,-35.0,True,17.39,True
863,NQ,Thu,14:00,Out-of-Sample,2026-05-07T18:02:25.289428,2026-05-07 14:02:25,SHORT,28675.0,-480.0,True,17.39,True
863,NQ,Thu,14:00,Out-of-Sample,2026-05-07T18:03:47.798907,2026-05-07 14:03:47,SHORT,28682.0,-420.0,True,17.39,True
863,NQ,Thu,14:00,Out-of-Sample,2026-05-07T18:04:46.428753,2026-05-07 14:04:46,SHORT,28687.0,-105.0,True,17.39,True
863,NQ,Thu,14:00,Out-of-Sample,2026-05-07T18:06:51.673936,2026-05-07 14:06:51,LONG,28708.0,-310.0,True,17.39,True
863,NQ,Thu,14:00,Out-of-Sample,2026-05-07T18:07:48.651804,2026-05-07 14:07:48,LONG,28714.25,-150.0,True,17.39,True
863,NQ,Thu,14:00,Out-of-Sample,2026-05-07T18:09:07.368855,2026-05-07 14:09:07,SHORT,28694.75,-585.0,True,17.39,True
863,NQ,Thu,14:00,Out-of-Sample,2026-05-07T18:09:07.369181,2026-05-07 14:09:07,SHORT,28694.75,240.0,True,17.39,True
863,NQ,Thu,14:00,Out-of-Sample,2026-05-07T18:09:07.369181,2026-05-07 14:09:07,SHORT,28694.75,480.0,True,17.39,True
863,NQ,Thu,14:00,Out-of-Sample,2026-05-07T18:09:07.369181,2026-05-07 14:09:07,SHORT,28694.75,490.0,True,17.39,True
863,NQ,Thu,14:00,Out-of-Sample,2026-05-07T18:09:40.822254,2026-05-07 14:09:40,SHORT,28689.0,240.0,True,17.39,True
863,NQ,Thu,14:00,Out-of-Sample,2026-05-07T18:09:40.822254,2026-05-07 14:09:40,SHORT,28689.0,475.0,True,17.39,True
863,NQ,Thu,14:00,Out-of-Sample,2026-05-07T18:09:40.822254,2026-05-07 14:09:40,SHORT,28689.0,370.0,True,17.39,True
863,NQ,Thu,14:00,Out-of-Sample,2026-05-07T18:09:44.681548,2026-05-07 14:09:44,SHORT,28672.5,50.0,True,17.39,True
863,NQ,Thu,14:00,Out-of-Sample,2026-05-07T18:09:44.681548,2026-05-07 14:09:44,SHORT,28672.5,100.0,True,17.39,True
863,NQ,Thu,14:00,Out-of-Sample,2026-05-07T18:09:44.681548,2026-05-07 14:09:44,SHORT,28672.5,225.0,True,17.39,True
863,NQ,Thu,14:00,Out-of-Sample,2026-05-07T18:09:44.682011,2026-05-07 14:09:44,SHORT,28672.5,-1965.0,True,17.39,True
863,NQ,Thu,14:00,Out-of-Sample,2026-05-07T18:09:44.800530,2026-05-07 14:09:44,SHORT,28672.0,-405.0,True,17.39,True
863,NQ,Thu,14:00,Out-of-Sample,2026-05-07T18:09:49.122551,2026-05-07 14:09:49,LONG,28668.25,5.0,True,17.39,True
863,NQ,Thu,14:00,Out-of-Sample,2026-05-07T18:09:51.328013,2026-05-07 14:09:51,LONG,28664.5,80.0,True,17.39,True
863,NQ,Thu,14:00,Out-of-Sample,2026-05-07T18:09:53.502823,2026-05-07 14:09:53,LONG,28669.75,-465.0,True,17.39,True
863,NQ,Thu,14:00,Out-of-Sample,2026-05-07T18:10:06.004088,2026-05-07 14:10:06,SHORT,28659.75,-1020.0,True,17.39,True
863,NQ,Thu,14:00,Out-of-Sample,2026-05-07T18:11:13.150047,2026-05-07 14:11:13,LONG,28683.5,75.0,True,17.39,True
863,NQ,Thu,14:00,Out-of-Sample,2026-05-07T18:11:13.150047,2026-05-07 14:11:13,LONG,28683.5,10.0,True,17.39,True
863,NQ,Thu,14:00,Out-of-Sample,2026-05-07T18:12:24.631862,2026-05-07 14:12:24,SHORT,28671.0,-750.0,True,17.39,True
863,NQ,Thu,14:00,Out-of-Sample,2026-05-07T18:12:24.712793,2026-05-07 14:12:24,SHORT,28670.5,-660.0,True,17.39,True
863,NQ,Thu,14:00,Out-of-Sample,2026-05-07T18:16:05.449642,2026-05-07 14:16:05,LONG,28681.5,-480.0,True,17.39,True
863,NQ,Thu,14:00,Out-of-Sample,2026-05-07T18:17:59.934367,2026-05-07 14:17:59,LONG,28693.0,-1230.0,True,17.39,True
863,NQ,Thu,14:00,Out-of-Sample,2026-05-07T18:18:12.950318,2026-05-07 14:18:12,LONG,28695.5,180.0,True,17.39,True
863,NQ,Thu,14:00,Out-of-Sample,2026-05-07T18:18:12.950544,2026-05-07 14:18:12,LONG,28695.5,-360.0,True,17.39,True
863,NQ,Thu,14:00,Out-of-Sample,2026-05-07T18:18:39.362168,2026-05-07 14:18:39,LONG,28705.25,-945.0,True,17.39,True
863,NQ,Thu,14:00,Out-of-Sample,2026-05-07T18:18:54.260942,2026-05-07 14:18:54,SHORT,28704.5,-100.0,True,17.39,True
863,NQ,Thu,14:00,Out-of-Sample,2026-05-07T18:19:43.006104,2026-05-07 14:19:43,SHORT,28696.5,75.0,True,17.39,True
863,NQ,Thu,14:00,Out-of-Sample,2026-05-07T18:19:43.006104,2026-05-07 14:19:43,SHORT,28696.5,150.0,True,17.39,True
863,NQ,Thu,14:00,Out-of-Sample,2026-05-07T18:19:43.006104,2026-05-07 14:19:43,SHORT,28696.5,155.0,True,17.39,True
863,NQ,Thu,14:00,Out-of-Sample,2026-05-07T18:22:00.696411,2026-05-07 14:22:00,SHORT,28678.25,-510.0,True,17.39,True
863,NQ,Thu,14:00,Out-of-Sample,2026-05-07T18:22:00.696849,2026-05-07 14:22:00,SHORT,28678.25,-705.0,True,17.39,True
863,NQ,Thu,14:00,Out-of-Sample,2026-05-07T18:22:01.287061,2026-05-07 14:22:01,SHORT,28679.25,355.0,True,17.39,True
863,NQ,Thu,14:00,Out-of-Sample,2026-05-07T18:22:01.287061,2026-05-07 14:22:01,SHORT,28679.25,860.0,True,17.39,True
863,NQ,Thu,14:00,Out-of-Sample,2026-05-07T18:22:16.169456,2026-05-07 14:22:16,LONG,28691.5,0.0,True,17.39,True
863,NQ,Thu,14:00,Out-of-Sample,2026-05-07T18:24:11.976426,2026-05-07 14:24:11,SHORT,28670.0,270.0,True,17.39,True
863,NQ,Thu,14:00,Out-of-Sample,2026-05-07T18:24:11.976426,2026-05-07 14:24:11,SHORT,28670.0,350.0,True,17.39,True
863,NQ,Thu,14:00,Out-of-Sample,2026-05-07T18:24:11.976779,2026-05-07 14:24:11,SHORT,28670.0,250.0,True,17.39,True
863,NQ,Thu,14:00,Out-of-Sample,2026-05-07T18:24:11.976779,2026-05-07 14:24:11,SHORT,28670.0,505.0,True,17.39,True
863,NQ,Thu,14:00,Out-of-Sample,2026-05-07T18:24:11.976779,2026-05-07 14:24:11,SHORT,28670.0,305.0,True,17.39,True
863,NQ,Thu,14:00,Out-of-Sample,2026-05-07T18:24:48.044111,2026-05-07 14:24:48,SHORT,28663.0,75.0,True,17.39,True
863,NQ,Thu,14:00,Out-of-Sample,2026-05-07T18:24:48.044111,2026-05-07 14:24:48,SHORT,28663.0,150.0,True,17.39,True
863,NQ,Thu,14:00,Out-of-Sample,2026-05-07T18:24:48.044111,2026-05-07 14:24:48,SHORT,28663.0,15.0,True,17.39,True
863,NQ,Thu,14:00,Out-of-Sample,2026-05-07T18:29:31.734101,2026-05-07 14:29:31,SHORT,28651.0,-150.0,True,17.39,True
863,NQ,Thu,14:00,Out-of-Sample,2026-05-07T18:29:33.172094,2026-05-07 14:29:33,SHORT,28645.75,-1965.0,True,17.39,True
863,NQ,Thu,14:00,Out-of-Sample,2026-05-14T18:00:03.590941,2026-05-14 14:00:03,SHORT,29723.0,50.0,True,17.87,True
863,NQ,Thu,14:00,Out-of-Sample,2026-05-14T18:00:03.590941,2026-05-14 14:00:03,SHORT,29723.0,100.0,True,17.87,True
863,NQ,Thu,14:00,Out-of-Sample,2026-05-14T18:00:03.590941,2026-05-14 14:00:03,SHORT,29723.0,225.0,True,17.87,True
863,NQ,Thu,14:00,Out-of-Sample,2026-05-14T18:00:12.065200,2026-05-14 14:00:12,SHORT,29720.5,300.0,True,17.87,True
863,NQ,Thu,14:00,Out-of-Sample,2026-05-14T18:00:12.065200,2026-05-14 14:00:12,SHORT,29720.5,605.0,True,17.87,True
863,NQ,Thu,14:00,Out-of-Sample,2026-05-14T18:00:12.065200,2026-05-14 14:00:12,SHORT,29720.5,990.0,True,17.87,True
863,NQ,Thu,14:00,Out-of-Sample,2026-05-14T18:01:22.170709,2026-05-14 14:01:22,SHORT,29674.0,50.0,True,17.87,True
863,NQ,Thu,14:00,Out-of-Sample,2026-05-14T18:01:22.170709,2026-05-14 14:01:22,SHORT,29674.0,100.0,True,17.87,True
863,NQ,Thu,14:00,Out-of-Sample,2026-05-14T18:01:22.170709,2026-05-14 14:01:22,SHORT,29674.0,225.0,True,17.87,True
863,NQ,Thu,14:00,Out-of-Sample,2026-05-14T18:04:17.692762,2026-05-14 14:04:17,SHORT,29641.75,-1200.0,True,17.87,True
863,NQ,Thu,14:00,Out-of-Sample,2026-05-14T18:23:17.188506,2026-05-14 14:23:17,SHORT,29685.0,255.0,True,17.87,True
863,NQ,Thu,14:00,Out-of-Sample,2026-05-14T18:23:17.188506,2026-05-14 14:23:17,SHORT,29685.0,20.0,True,17.87,True
863,NQ,Thu,14:00,Out-of-Sample,2026-05-14T18:24:17.732407,2026-05-14 14:24:17,SHORT,29676.0,660.0,True,17.87,True
863,NQ,Thu,14:00,Out-of-Sample,2026-05-14T18:28:59.571863,2026-05-14 14:28:59,SHORT,29664.25,-75.0,True,17.87,True
863,NQ,Thu,14:00,Out-of-Sample,2026-05-21T18:00:04.136650,2026-05-21 14:00:04,LONG,29507.0,75.0,True,17.44,True
863,NQ,Thu,14:00,Out-of-Sample,2026-05-21T18:00:04.136650,2026-05-21 14:00:04,LONG,29507.0,150.0,True,17.44,True
863,NQ,Thu,14:00,Out-of-Sample,2026-05-21T18:00:04.136650,2026-05-21 14:00:04,LONG,29507.0,110.0,True,17.44,True
863,NQ,Thu,14:00,Out-of-Sample,2026-05-21T18:01:33.238102,2026-05-21 14:01:33,SHORT,29508.25,75.0,True,17.44,True
863,NQ,Thu,14:00,Out-of-Sample,2026-05-21T18:01:33.238102,2026-05-21 14:01:33,SHORT,29508.25,-10.0,True,17.44,True
863,NQ,Thu,14:00,Out-of-Sample,2026-05-21T18:01:50.187805,2026-05-21 14:01:50,SHORT,29489.75,-600.0,True,17.44,True
863,NQ,Thu,14:00,Out-of-Sample,2026-05-21T18:01:50.190561,2026-05-21 14:01:50,SHORT,29489.75,260.0,True,17.44,True
863,NQ,Thu,14:00,Out-of-Sample,2026-05-21T18:01:50.190561,2026-05-21 14:01:50,SHORT,29489.75,515.0,True,17.44,True
863,NQ,Thu,14:00,Out-of-Sample,2026-05-21T18:01:50.190561,2026-05-21 14:01:50,SHORT,29489.75,315.0,True,17.44,True
863,NQ,Thu,14:00,Out-of-Sample,2026-05-21T18:01:50.191240,2026-05-21 14:01:50,SHORT,29490.5,-720.0,True,17.44,True
863,NQ,Thu,14:00,Out-of-Sample,2026-05-21T18:01:50.273770,2026-05-21 14:01:50,SHORT,29491.75,-75.0,True,17.44,True
863,NQ,Thu,14:00,Out-of-Sample,2026-05-21T18:02:03.872432,2026-05-21 14:02:03,LONG,29501.5,45.0,True,17.44,True
863,NQ,Thu,14:00,Out-of-Sample,2026-05-21T18:03:21.030915,2026-05-21 14:03:21,LONG,29512.25,-1410.0,True,17.44,True
863,NQ,Thu,14:00,Out-of-Sample,2026-05-21T18:04:14.798678,2026-05-21 14:04:14,SHORT,29490.75,-270.0,True,17.44,True
863,NQ,Thu,14:00,Out-of-Sample,2026-05-21T18:04:34.156114,2026-05-21 14:04:34,SHORT,29474.5,-15.0,True,17.44,True
863,NQ,Thu,14:00,Out-of-Sample,2026-05-21T18:04:35.877856,2026-05-21 14:04:35,SHORT,29470.5,-165.0,True,17.44,True
863,NQ,Thu,14:00,Out-of-Sample,2026-05-21T18:04:51.821562,2026-05-21 14:04:51,SHORT,29463.75,-210.0,True,17.44,True
863,NQ,Thu,14:00,Out-of-Sample,2026-05-21T18:06:15.874560,2026-05-21 14:06:15,LONG,29486.75,50.0,True,17.44,True
863,NQ,Thu,14:00,Out-of-Sample,2026-05-21T18:06:15.874560,2026-05-21 14:06:15,LONG,29486.75,-270.0,True,17.44,True
863,NQ,Thu,14:00,Out-of-Sample,2026-05-21T18:07:30.744513,2026-05-21 14:07:30,LONG,29492.75,-465.0,True,17.44,True
863,NQ,Thu,14:00,Out-of-Sample,2026-05-21T18:10:53.575572,2026-05-21 14:10:53,SHORT,29471.0,50.0,True,17.44,True
863,NQ,Thu,14:00,Out-of-Sample,2026-05-21T18:10:53.575572,2026-05-21 14:10:53,SHORT,29471.0,140.0,True,17.44,True
863,NQ,Thu,14:00,Out-of-Sample,2026-05-21T18:10:53.575572,2026-05-21 14:10:53,SHORT,29471.0,225.0,True,17.44,True
863,NQ,Thu,14:00,Out-of-Sample,2026-05-21T18:11:23.845639,2026-05-21 14:11:23,SHORT,29464.5,150.0,True,17.44,True
863,NQ,Thu,14:00,Out-of-Sample,2026-05-21T18:11:23.845639,2026-05-21 14:11:23,SHORT,29464.5,-180.0,True,17.44,True
863,NQ,Thu,14:00,Out-of-Sample,2026-05-21T18:11:23.846101,2026-05-21 14:11:23,SHORT,29464.5,295.0,True,17.44,True
863,NQ,Thu,14:00,Out-of-Sample,2026-05-21T18:11:23.846101,2026-05-21 14:11:23,SHORT,29464.5,590.0,True,17.44,True
863,NQ,Thu,14:00,Out-of-Sample,2026-05-21T18:11:23.846101,2026-05-21 14:11:23,SHORT,29464.5,480.0,True,17.44,True
863,NQ,Thu,14:00,Out-of-Sample,2026-05-21T18:11:29.077736,2026-05-21 14:11:29,LONG,29469.0,-105.0,True,17.44,True
863,NQ,Thu,14:00,Out-of-Sample,2026-05-21T18:13:25.278930,2026-05-21 14:13:25,SHORT,29454.5,330.0,True,17.44,True
863,NQ,Thu,14:00,Out-of-Sample,2026-05-21T18:13:25.278930,2026-05-21 14:13:25,SHORT,29454.5,10.0,True,17.44,True
863,NQ,Thu,14:00,Out-of-Sample,2026-05-21T18:13:25.279098,2026-05-21 14:13:25,SHORT,29454.75,395.0,True,17.44,True
863,NQ,Thu,14:00,Out-of-Sample,2026-05-21T18:13:25.279098,2026-05-21 14:13:25,SHORT,29454.75,-660.0,True,17.44,True
863,NQ,Thu,14:00,Out-of-Sample,2026-05-21T18:14:47.658676,2026-05-21 14:14:47,SHORT,29449.25,-420.0,True,17.44,True
863,NQ,Thu,14:00,Out-of-Sample,2026-05-21T18:15:08.251824,2026-05-21 14:15:08,SHORT,29444.5,90.0,True,17.44,True
863,NQ,Thu,14:00,Out-of-Sample,2026-05-21T18:15:08.251824,2026-05-21 14:15:08,SHORT,29444.5,10.0,True,17.44,True
863,NQ,Thu,14:00,Out-of-Sample,2026-05-21T18:15:08.252009,2026-05-21 14:15:08,SHORT,29444.5,350.0,True,17.44,True
863,NQ,Thu,14:00,Out-of-Sample,2026-05-21T18:15:08.252009,2026-05-21 14:15:08,SHORT,29444.5,790.0,True,17.44,True
863,NQ,Thu,14:00,Out-of-Sample,2026-05-21T18:15:08.252009,2026-05-21 14:15:08,SHORT,29444.5,575.0,True,17.44,True
863,NQ,Thu,14:00,Out-of-Sample,2026-05-21T18:15:08.920761,2026-05-21 14:15:08,SHORT,29440.75,-540.0,True,17.44,True
863,NQ,Thu,14:00,Out-of-Sample,2026-05-21T18:15:28.879544,2026-05-21 14:15:28,SHORT,29441.75,-390.0,True,17.44,True
863,NQ,Thu,14:00,Out-of-Sample,2026-05-21T18:16:28.672748,2026-05-21 14:16:28,SHORT,29437.25,75.0,True,17.44,True
863,NQ,Thu,14:00,Out-of-Sample,2026-05-21T18:16:28.672748,2026-05-21 14:16:28,SHORT,29437.25,-30.0,True,17.44,True
863,NQ,Thu,14:00,Out-of-Sample,2026-05-21T18:16:49.351419,2026-05-21 14:16:49,SHORT,29431.25,-585.0,True,17.44,True
863,NQ,Thu,14:00,Out-of-Sample,2026-05-21T18:17:48.757647,2026-05-21 14:17:48,LONG,29440.0,75.0,True,17.44,True
863,NQ,Thu,14:00,Out-of-Sample,2026-05-21T18:17:48.757647,2026-05-21 14:17:48,LONG,29440.0,150.0,True,17.44,True
863,NQ,Thu,14:00,Out-of-Sample,2026-05-21T18:17:48.757647,2026-05-21 14:17:48,LONG,29440.0,200.0,True,17.44,True
863,NQ,Thu,14:00,Out-of-Sample,2026-05-21T18:22:10.895393,2026-05-21 14:22:10,SHORT,29455.75,-240.0,True,17.44,True
863,NQ,Thu,14:00,Out-of-Sample,2026-05-21T18:25:02.196542,2026-05-21 14:25:02,LONG,29474.5,-420.0,True,17.44,True
863,NQ,Thu,14:00,Out-of-Sample,2026-05-21T18:26:07.232040,2026-05-21 14:26:07,SHORT,29463.75,75.0,True,17.44,True
863,NQ,Thu,14:00,Out-of-Sample,2026-05-21T18:26:07.232040,2026-05-21 14:26:07,SHORT,29463.75,150.0,True,17.44,True
863,NQ,Thu,14:00,Out-of-Sample,2026-05-21T18:26:07.232040,2026-05-21 14:26:07,SHORT,29463.75,-35.0,True,17.44,True
863,NQ,Thu,14:00,Out-of-Sample,2026-05-21T18:28:26.048805,2026-05-21 14:28:26,LONG,29477.0,-1410.0,True,17.44,True
863,NQ,Thu,14:00,Out-of-Sample,2026-05-28T18:00:39.746111,2026-05-28 14:00:39,SHORT,30311.0,40.0,True,16.29,True
863,NQ,Thu,14:00,Out-of-Sample,2026-05-28T18:00:39.746111,2026-05-28 14:00:39,SHORT,30311.0,70.0,True,16.29,True
863,NQ,Thu,14:00,Out-of-Sample,2026-05-28T18:00:39.842839,2026-05-28 14:00:39,SHORT,30311.0,-1455.0,True,16.29,True
863,NQ,Thu,14:00,Out-of-Sample,2026-05-28T18:08:25.699659,2026-05-28 14:08:25,SHORT,30325.5,75.0,True,16.29,True
863,NQ,Thu,14:00,Out-of-Sample,2026-05-28T18:08:25.699659,2026-05-28 14:08:25,SHORT,30325.5,150.0,True,16.29,True
863,NQ,Thu,14:00,Out-of-Sample,2026-05-28T18:08:25.699659,2026-05-28 14:08:25,SHORT,30325.5,340.0,True,16.29,True
863,NQ,Thu,14:00,Out-of-Sample,2026-05-28T18:08:36.155292,2026-05-28 14:08:36,SHORT,30324.75,150.0,True,16.29,True
863,NQ,Thu,14:00,Out-of-Sample,2026-05-28T18:08:36.155292,2026-05-28 14:08:36,SHORT,30324.75,300.0,True,16.29,True
863,NQ,Thu,14:00,Out-of-Sample,2026-05-28T18:08:36.155292,2026-05-28 14:08:36,SHORT,30324.75,335.0,True,16.29,True
863,NQ,Thu,14:00,Out-of-Sample,2026-05-28T18:08:36.155577,2026-05-28 14:08:36,SHORT,30324.75,150.0,True,16.29,True
863,NQ,Thu,14:00,Out-of-Sample,2026-05-28T18:08:36.155577,2026-05-28 14:08:36,SHORT,30324.75,300.0,True,16.29,True
863,NQ,Thu,14:00,Out-of-Sample,2026-05-28T18:08:36.155577,2026-05-28 14:08:36,SHORT,30324.75,295.0,True,16.29,True
863,NQ,Thu,14:00,Out-of-Sample,2026-05-28T18:12:35.807221,2026-05-28 14:12:35,SHORT,30310.75,115.0,True,16.29,True
863,NQ,Thu,14:00,Out-of-Sample,2026-05-28T18:12:35.807221,2026-05-28 14:12:35,SHORT,30310.75,260.0,True,16.29,True
863,NQ,Thu,14:00,Out-of-Sample,2026-05-28T18:12:35.807221,2026-05-28 14:12:35,SHORT,30310.75,60.0,True,16.29,True
863,NQ,Thu,14:00,Out-of-Sample,2026-05-28T18:13:12.215775,2026-05-28 14:13:12,SHORT,30304.5,50.0,True,16.29,True
863,NQ,Thu,14:00,Out-of-Sample,2026-05-28T18:13:12.215775,2026-05-28 14:13:12,SHORT,30304.5,105.0,True,16.29,True
863,NQ,Thu,14:00,Out-of-Sample,2026-05-28T18:13:12.215775,2026-05-28 14:13:12,SHORT,30304.5,-95.0,True,16.29,True
863,NQ,Thu,14:00,Out-of-Sample,2026-05-28T18:16:56.965604,2026-05-28 14:16:56,LONG,30317.5,50.0,True,16.29,True
863,NQ,Thu,14:00,Out-of-Sample,2026-05-28T18:16:56.965604,2026-05-28 14:16:56,LONG,30317.5,100.0,True,16.29,True
863,NQ,Thu,14:00,Out-of-Sample,2026-05-28T18:16:56.965604,2026-05-28 14:16:56,LONG,30317.5,20.0,True,16.29,True
863,NQ,Thu,14:00,Out-of-Sample,2026-05-28T18:16:56.966451,2026-05-28 14:16:56,LONG,30317.5,-645.0,True,16.29,True
863,NQ,Thu,14:00,Out-of-Sample,2026-05-28T18:16:57.173370,2026-05-28 14:16:57,LONG,30317.5,-330.0,True,16.29,True
863,NQ,Thu,14:00,Out-of-Sample,2026-05-28T18:16:57.201330,2026-05-28 14:16:57,LONG,30318.0,30.0,True,16.29,True
863,NQ,Thu,14:00,Out-of-Sample,2026-05-28T18:17:10.972274,2026-05-28 14:17:10,SHORT,30318.5,100.0,True,16.29,True
863,NQ,Thu,14:00,Out-of-Sample,2026-05-28T18:17:10.972517,2026-05-28 14:17:10,SHORT,30318.5,50.0,True,16.29,True
863,NQ,Thu,14:00,Out-of-Sample,2026-05-28T18:17:47.616454,2026-05-28 14:17:47,SHORT,30306.0,-195.0,True,16.29,True
863,NQ,Thu,14:00,Out-of-Sample,2026-05-28T18:24:04.092126,2026-05-28 14:24:04,LONG,30318.0,120.0,True,16.29,True
863,NQ,Thu,14:00,Out-of-Sample,2026-05-28T18:24:04.092126,2026-05-28 14:24:04,LONG,30318.0,20.0,True,16.29,True
863,NQ,Thu,14:00,Out-of-Sample,2026-05-28T18:25:20.107260,2026-05-28 14:25:20,LONG,30322.5,-1410.0,True,16.29,True
863,NQ,Thu,14:00,Out-of-Sample,2026-05-28T18:25:20.147933,2026-05-28 14:25:20,LONG,30322.5,40.0,True,16.29,True
863,NQ,Thu,14:00,Out-of-Sample,2026-05-28T18:25:20.147933,2026-05-28 14:25:20,LONG,30322.5,20.0,True,16.29,True
863,NQ,Thu,14:00,Out-of-Sample,2026-06-25T18:00:03.133544,2026-06-25 14:00:03,SHORT,29784.5,135.0,True,18.63,True
863,NQ,Thu,14:00,Out-of-Sample,2026-06-25T18:00:08.578347,2026-06-25 14:00:08,SHORT,29777.5,445.0,True,18.63,True
863,NQ,Thu,14:00,Out-of-Sample,2026-06-25T18:00:08.578347,2026-06-25 14:00:08,SHORT,29777.5,885.0,True,18.63,True
863,NQ,Thu,14:00,Out-of-Sample,2026-06-25T18:00:08.578347,2026-06-25 14:00:08,SHORT,29777.5,1250.0,True,18.63,True
863,NQ,Thu,14:00,Out-of-Sample,2026-06-25T18:00:08.579212,2026-06-25 14:00:08,SHORT,29774.75,-585.0,True,18.63,True
863,NQ,Thu,14:00,Out-of-Sample,2026-06-25T18:00:08.580087,2026-06-25 14:00:08,SHORT,29775.25,445.0,True,18.63,True
863,NQ,Thu,14:00,Out-of-Sample,2026-06-25T18:00:08.580087,2026-06-25 14:00:08,SHORT,29775.25,885.0,True,18.63,True
863,NQ,Thu,14:00,Out-of-Sample,2026-06-25T18:00:08.580087,2026-06-25 14:00:08,SHORT,29775.25,1160.0,True,18.63,True
863,NQ,Thu,14:00,Out-of-Sample,2026-06-25T18:01:15.967264,2026-06-25 14:01:15,LONG,29796.0,75.0,True,18.63,True
863,NQ,Thu,14:00,Out-of-Sample,2026-06-25T18:01:15.967264,2026-06-25 14:01:15,LONG,29796.0,-60.0,True,18.63,True
863,NQ,Thu,14:00,Out-of-Sample,2026-06-25T18:01:49.889171,2026-06-25 14:01:49,SHORT,29780.25,445.0,True,18.63,True
863,NQ,Thu,14:00,Out-of-Sample,2026-06-25T18:01:49.889171,2026-06-25 14:01:49,SHORT,29780.25,885.0,True,18.63,True
863,NQ,Thu,14:00,Out-of-Sample,2026-06-25T18:01:49.889171,2026-06-25 14:01:49,SHORT,29780.25,1305.0,True,18.63,True
863,NQ,Thu,14:00,Out-of-Sample,2026-06-25T18:02:01.622918,2026-06-25 14:02:01,SHORT,29767.75,690.0,True,18.63,True
863,NQ,Thu,14:00,Out-of-Sample,2026-06-25T18:02:01.622918,2026-06-25 14:02:01,SHORT,29767.75,1385.0,True,18.63,True
863,NQ,Thu,14:00,Out-of-Sample,2026-06-25T18:02:01.622918,2026-06-25 14:02:01,SHORT,29767.75,1220.0,True,18.63,True
863,NQ,Thu,14:00,Out-of-Sample,2026-06-25T18:02:03.649128,2026-06-25 14:02:03,SHORT,29761.5,100.0,True,18.63,True
863,NQ,Thu,14:00,Out-of-Sample,2026-06-25T18:02:03.649128,2026-06-25 14:02:03,SHORT,29761.5,50.0,True,18.63,True
863,NQ,Thu,14:00,Out-of-Sample,2026-06-25T18:02:03.649128,2026-06-25 14:02:03,SHORT,29761.5,225.0,True,18.63,True
863,NQ,Thu,14:00,Out-of-Sample,2026-06-25T18:02:16.876442,2026-06-25 14:02:16,SHORT,29728.5,75.0,True,18.63,True
863,NQ,Thu,14:00,Out-of-Sample,2026-06-25T18:02:16.876442,2026-06-25 14:02:16,SHORT,29728.5,150.0,True,18.63,True
863,NQ,Thu,14:00,Out-of-Sample,2026-06-25T18:02:16.876442,2026-06-25 14:02:16,SHORT,29728.5,185.0,True,18.63,True
863,NQ,Thu,14:00,Out-of-Sample,2026-06-25T18:02:18.520682,2026-06-25 14:02:18,SHORT,29721.25,100.0,True,18.63,True
863,NQ,Thu,14:00,Out-of-Sample,2026-06-25T18:02:18.520682,2026-06-25 14:02:18,SHORT,29721.25,100.0,True,18.63,True
863,NQ,Thu,14:00,Out-of-Sample,2026-06-25T18:02:18.520682,2026-06-25 14:02:18,SHORT,29721.25,225.0,True,18.63,True
863,NQ,Thu,14:00,Out-of-Sample,2026-06-25T18:02:35.532908,2026-06-25 14:02:35,SHORT,29705.25,50.0,True,18.63,True
863,NQ,Thu,14:00,Out-of-Sample,2026-06-25T18:02:35.532908,2026-06-25 14:02:35,SHORT,29705.25,100.0,True,18.63,True
863,NQ,Thu,14:00,Out-of-Sample,2026-06-25T18:02:35.532908,2026-06-25 14:02:35,SHORT,29705.25,225.0,True,18.63,True
863,NQ,Thu,14:00,Out-of-Sample,2026-06-25T18:02:36.029607,2026-06-25 14:02:36,SHORT,29707.0,-105.0,True,18.63,True
863,NQ,Thu,14:00,Out-of-Sample,2026-06-25T18:02:44.570391,2026-06-25 14:02:44,SHORT,29701.5,115.0,True,18.63,True
863,NQ,Thu,14:00,Out-of-Sample,2026-06-25T18:02:44.570391,2026-06-25 14:02:44,SHORT,29701.5,150.0,True,18.63,True
863,NQ,Thu,14:00,Out-of-Sample,2026-06-25T18:02:44.570391,2026-06-25 14:02:44,SHORT,29701.5,15.0,True,18.63,True
863,NQ,Thu,14:00,Out-of-Sample,2026-06-25T18:02:46.129065,2026-06-25 14:02:46,SHORT,29692.75,50.0,True,18.63,True
863,NQ,Thu,14:00,Out-of-Sample,2026-06-25T18:02:46.129065,2026-06-25 14:02:46,SHORT,29692.75,-430.0,True,18.63,True
863,NQ,Thu,14:00,Out-of-Sample,2026-06-25T18:03:00.790954,2026-06-25 14:03:00,LONG,29711.5,-195.0,True,18.63,True
863,NQ,Thu,14:00,Out-of-Sample,2026-06-25T18:03:02.843797,2026-06-25 14:03:02,LONG,29713.25,55.0,True,18.63,True
863,NQ,Thu,14:00,Out-of-Sample,2026-06-25T18:03:02.843797,2026-06-25 14:03:02,LONG,29713.25,100.0,True,18.63,True
863,NQ,Thu,14:00,Out-of-Sample,2026-06-25T18:03:02.843797,2026-06-25 14:03:02,LONG,29713.25,225.0,True,18.63,True
863,NQ,Thu,14:00,Out-of-Sample,2026-06-25T18:03:08.881920,2026-06-25 14:03:08,LONG,29724.75,-480.0,True,18.63,True
863,NQ,Thu,14:00,Out-of-Sample,2026-06-25T18:03:26.839646,2026-06-25 14:03:26,SHORT,29709.75,-555.0,True,18.63,True
863,NQ,Thu,14:00,Out-of-Sample,2026-06-25T18:03:36.922929,2026-06-25 14:03:36,LONG,29724.75,-450.0,True,18.63,True
863,NQ,Thu,14:00,Out-of-Sample,2026-06-25T18:03:52.218471,2026-06-25 14:03:52,SHORT,29700.0,-345.0,True,18.63,True
863,NQ,Thu,14:00,Out-of-Sample,2026-06-25T18:03:52.223448,2026-06-25 14:03:52,SHORT,29698.25,-480.0,True,18.63,True
863,NQ,Thu,14:00,Out-of-Sample,2026-06-25T18:03:52.224284,2026-06-25 14:03:52,SHORT,29698.25,-1995.0,True,18.63,True
863,NQ,Thu,14:00,Out-of-Sample,2026-06-25T18:03:52.673465,2026-06-25 14:03:52,SHORT,29697.5,-1815.0,True,18.63,True
863,NQ,Thu,14:00,Out-of-Sample,2026-06-25T18:03:56.792753,2026-06-25 14:03:56,SHORT,29694.5,-300.0,True,18.63,True
863,NQ,Thu,14:00,Out-of-Sample,2026-06-25T18:03:56.794912,2026-06-25 14:03:56,SHORT,29693.75,-250.0,True,18.63,True
863,NQ,Thu,14:00,Out-of-Sample,2026-06-25T18:03:56.795192,2026-06-25 14:03:56,SHORT,29693.75,-870.0,True,18.63,True
863,NQ,Thu,14:00,Out-of-Sample,2026-06-25T18:03:56.954425,2026-06-25 14:03:56,SHORT,29690.5,150.0,True,18.63,True
863,NQ,Thu,14:00,Out-of-Sample,2026-06-25T18:03:56.954425,2026-06-25 14:03:56,SHORT,29690.5,-100.0,True,18.63,True
863,NQ,Thu,14:00,Out-of-Sample,2026-06-25T18:03:57.337656,2026-06-25 14:03:57,SHORT,29689.5,-210.0,True,18.63,True
863,NQ,Thu,14:00,Out-of-Sample,2026-06-25T18:04:07.332393,2026-06-25 14:04:07,LONG,29712.25,75.0,True,18.63,True
863,NQ,Thu,14:00,Out-of-Sample,2026-06-25T18:04:07.332393,2026-06-25 14:04:07,LONG,29712.25,150.0,True,18.63,True
863,NQ,Thu,14:00,Out-of-Sample,2026-06-25T18:04:07.332393,2026-06-25 14:04:07,LONG,29712.25,5.0,True,18.63,True
863,NQ,Thu,14:00,Out-of-Sample,2026-06-25T18:04:10.143469,2026-06-25 14:04:10,LONG,29715.25,50.0,True,18.63,True
863,NQ,Thu,14:00,Out-of-Sample,2026-06-25T18:04:10.143469,2026-06-25 14:04:10,LONG,29715.25,100.0,True,18.63,True
863,NQ,Thu,14:00,Out-of-Sample,2026-06-25T18:04:10.143469,2026-06-25 14:04:10,LONG,29715.25,10.0,True,18.63,True
863,NQ,Thu,14:00,Out-of-Sample,2026-06-25T18:04:22.410795,2026-06-25 14:04:22,SHORT,29706.75,80.0,True,18.63,True
863,NQ,Thu,14:00,Out-of-Sample,2026-06-25T18:04:22.411274,2026-06-25 14:04:22,SHORT,29706.5,150.0,True,18.63,True
863,NQ,Thu,14:00,Out-of-Sample,2026-06-25T18:04:22.411274,2026-06-25 14:04:22,SHORT,29706.5,-10.0,True,18.63,True
863,NQ,Thu,14:00,Out-of-Sample,2026-06-25T18:04:22.411274,2026-06-25 14:04:22,SHORT,29706.5,-45.0,True,18.63,True
863,NQ,Thu,14:00,Out-of-Sample,2026-06-25T18:05:23.481068,2026-06-25 14:05:23,SHORT,29702.0,-540.0,True,18.63,True
863,NQ,Thu,14:00,Out-of-Sample,2026-06-25T18:05:41.869075,2026-06-25 14:05:41,SHORT,29692.25,-1845.0,True,18.63,True
863,NQ,Thu,14:00,Out-of-Sample,2026-06-25T18:05:52.757484,2026-06-25 14:05:52,LONG,29715.25,100.0,True,18.63,True
863,NQ,Thu,14:00,Out-of-Sample,2026-06-25T18:05:52.757484,2026-06-25 14:05:52,LONG,29715.25,50.0,True,18.63,True
863,NQ,Thu,14:00,Out-of-Sample,2026-06-25T18:05:52.757484,2026-06-25 14:05:52,LONG,29715.25,-45.0,True,18.63,True
863,NQ,Thu,14:00,Out-of-Sample,2026-06-25T18:05:55.129180,2026-06-25 14:05:55,LONG,29720.25,-300.0,True,18.63,True
863,NQ,Thu,14:00,Out-of-Sample,2026-06-25T18:06:04.454044,2026-06-25 14:06:04,LONG,29725.0,535.0,True,18.63,True
863,NQ,Thu,14:00,Out-of-Sample,2026-06-25T18:06:04.454044,2026-06-25 14:06:04,LONG,29725.0,585.0,True,18.63,True
863,NQ,Thu,14:00,Out-of-Sample,2026-06-25T18:06:16.135039,2026-06-25 14:06:16,LONG,29736.0,50.0,True,18.63,True
863,NQ,Thu,14:00,Out-of-Sample,2026-06-25T18:06:16.135039,2026-06-25 14:06:16,LONG,29736.0,100.0,True,18.63,True
863,NQ,Thu,14:00,Out-of-Sample,2026-06-25T18:06:16.135039,2026-06-25 14:06:16,LONG,29736.0,225.0,True,18.63,True
863,NQ,Thu,14:00,Out-of-Sample,2026-06-25T18:06:23.275067,2026-06-25 14:06:23,LONG,29746.75,50.0,True,18.63,True
863,NQ,Thu,14:00,Out-of-Sample,2026-06-25T18:06:23.275067,2026-06-25 14:06:23,LONG,29746.75,100.0,True,18.63,True
863,NQ,Thu,14:00,Out-of-Sample,2026-06-25T18:06:23.275067,2026-06-25 14:06:23,LONG,29746.75,225.0,True,18.63,True
863,NQ,Thu,14:00,Out-of-Sample,2026-06-25T18:06:50.432693,2026-06-25 14:06:50,LONG,29760.0,-240.0,True,18.63,True
863,NQ,Thu,14:00,Out-of-Sample,2026-06-25T18:07:08.480562,2026-06-25 14:07:08,LONG,29767.75,75.0,True,18.63,True
863,NQ,Thu,14:00,Out-of-Sample,2026-06-25T18:07:08.480562,2026-06-25 14:07:08,LONG,29767.75,185.0,True,18.63,True
863,NQ,Thu,14:00,Out-of-Sample,2026-06-25T18:07:08.480562,2026-06-25 14:07:08,LONG,29767.75,115.0,True,18.63,True
863,NQ,Thu,14:00,Out-of-Sample,2026-06-25T18:07:10.862380,2026-06-25 14:07:10,LONG,29778.25,50.0,True,18.63,True
863,NQ,Thu,14:00,Out-of-Sample,2026-06-25T18:07:10.862380,2026-06-25 14:07:10,LONG,29778.25,100.0,True,18.63,True
863,NQ,Thu,14:00,Out-of-Sample,2026-06-25T18:07:10.862380,2026-06-25 14:07:10,LONG,29778.25,-65.0,True,18.63,True
863,NQ,Thu,14:00,Out-of-Sample,2026-06-25T18:07:36.164482,2026-06-25 14:07:36,SHORT,29773.25,-135.0,True,18.63,True
863,NQ,Thu,14:00,Out-of-Sample,2026-06-25T18:07:36.165371,2026-06-25 14:07:36,SHORT,29773.25,-270.0,True,18.63,True
863,NQ,Thu,14:00,Out-of-Sample,2026-06-25T18:07:36.165371,2026-06-25 14:07:36,SHORT,29773.25,-90.0,True,18.63,True
863,NQ,Thu,14:00,Out-of-Sample,2026-06-25T18:08:01.920447,2026-06-25 14:08:01,LONG,29783.5,75.0,True,18.63,True
863,NQ,Thu,14:00,Out-of-Sample,2026-06-25T18:08:01.920447,2026-06-25 14:08:01,LONG,29783.5,20.0,True,18.63,True
863,NQ,Thu,14:00,Out-of-Sample,2026-06-25T18:08:23.067176,2026-06-25 14:08:23,SHORT,29773.5,75.0,True,18.63,True
863,NQ,Thu,14:00,Out-of-Sample,2026-06-25T18:08:23.067176,2026-06-25 14:08:23,SHORT,29773.5,-10.0,True,18.63,True
863,NQ,Thu,14:00,Out-of-Sample,2026-06-25T18:09:22.082869,2026-06-25 14:09:22,SHORT,29778.25,15.0,True,18.63,True
863,NQ,Thu,14:00,Out-of-Sample,2026-06-25T18:09:25.583119,2026-06-25 14:09:25,LONG,29793.0,-60.0,True,18.63,True
863,NQ,Thu,14:00,Out-of-Sample,2026-06-25T18:09:25.907666,2026-06-25 14:09:25,LONG,29792.75,-1275.0,True,18.63,True
863,NQ,Thu,14:00,Out-of-Sample,2026-06-25T18:09:31.918932,2026-06-25 14:09:31,LONG,29801.75,50.0,True,18.63,True
863,NQ,Thu,14:00,Out-of-Sample,2026-06-25T18:09:31.918932,2026-06-25 14:09:31,LONG,29801.75,100.0,True,18.63,True
863,NQ,Thu,14:00,Out-of-Sample,2026-06-25T18:09:31.918932,2026-06-25 14:09:31,LONG,29801.75,0.0,True,18.63,True
863,NQ,Thu,14:00,Out-of-Sample,2026-06-25T18:09:50.107660,2026-06-25 14:09:50,SHORT,29799.0,-480.0,True,18.63,True
863,NQ,Thu,14:00,Out-of-Sample,2026-06-25T18:10:36.293603,2026-06-25 14:10:36,SHORT,29795.25,-1275.0,True,18.63,True
863,NQ,Thu,14:00,Out-of-Sample,2026-06-25T18:10:36.294184,2026-06-25 14:10:36,SHORT,29795.5,255.0,True,18.63,True
863,NQ,Thu,14:00,Out-of-Sample,2026-06-25T18:10:36.389459,2026-06-25 14:10:36,SHORT,29796.0,-1230.0,True,18.63,True
863,NQ,Thu,14:00,Out-of-Sample,2026-06-25T18:10:49.179049,2026-06-25 14:10:49,SHORT,29785.75,75.0,True,18.63,True
863,NQ,Thu,14:00,Out-of-Sample,2026-06-25T18:10:49.179049,2026-06-25 14:10:49,SHORT,29785.75,0.0,True,18.63,True
863,NQ,Thu,14:00,Out-of-Sample,2026-06-25T18:13:00.758882,2026-06-25 14:13:00,SHORT,29791.25,-60.0,True,18.63,True
863,NQ,Thu,14:00,Out-of-Sample,2026-06-25T18:13:05.578283,2026-06-25 14:13:05,SHORT,29779.75,485.0,True,18.63,True
863,NQ,Thu,14:00,Out-of-Sample,2026-06-25T18:13:05.578283,2026-06-25 14:13:05,SHORT,29779.75,335.0,True,18.63,True
863,NQ,Thu,14:00,Out-of-Sample,2026-06-25T18:13:07.047414,2026-06-25 14:13:07,SHORT,29779.0,-315.0,True,18.63,True
863,NQ,Thu,14:00,Out-of-Sample,2026-06-25T18:13:19.958262,2026-06-25 14:13:19,SHORT,29775.25,415.0,True,18.63,True
863,NQ,Thu,14:00,Out-of-Sample,2026-06-25T18:13:19.958262,2026-06-25 14:13:19,SHORT,29775.25,10.0,True,18.63,True
863,NQ,Thu,14:00,Out-of-Sample,2026-06-25T18:13:19.958855,2026-06-25 14:13:19,SHORT,29775.25,90.0,True,18.63,True
863,NQ,Thu,14:00,Out-of-Sample,2026-06-25T18:13:19.961871,2026-06-25 14:13:19,SHORT,29774.25,415.0,True,18.63,True
863,NQ,Thu,14:00,Out-of-Sample,2026-06-25T18:13:19.961871,2026-06-25 14:13:19,SHORT,29774.25,-1060.0,True,18.63,True
863,NQ,Thu,14:00,Out-of-Sample,2026-06-25T18:13:22.498220,2026-06-25 14:13:22,SHORT,29773.75,425.0,True,18.63,True
863,NQ,Thu,14:00,Out-of-Sample,2026-06-25T18:13:22.498220,2026-06-25 14:13:22,SHORT,29773.75,-70.0,True,18.63,True
863,NQ,Thu,14:00,Out-of-Sample,2026-06-25T18:13:48.713409,2026-06-25 14:13:48,SHORT,29758.75,-255.0,True,18.63,True
863,NQ,Thu,14:00,Out-of-Sample,2026-06-25T18:14:46.408752,2026-06-25 14:14:46,LONG,29777.25,-645.0,True,18.63,True
863,NQ,Thu,14:00,Out-of-Sample,2026-06-25T18:15:02.322671,2026-06-25 14:15:02,SHORT,29758.5,-210.0,True,18.63,True
863,NQ,Thu,14:00,Out-of-Sample,2026-06-25T18:15:26.789947,2026-06-25 14:15:26,SHORT,29750.75,-2280.0,True,18.63,True
863,NQ,Thu,14:00,Out-of-Sample,2026-06-25T18:15:27.227560,2026-06-25 14:15:27,SHORT,29749.25,-300.0,True,18.63,True
863,NQ,Thu,14:00,Out-of-Sample,2026-06-25T18:15:30.346827,2026-06-25 14:15:30,SHORT,29749.5,-2100.0,True,18.63,True
863,NQ,Thu,14:00,Out-of-Sample,2026-06-25T18:15:30.347297,2026-06-25 14:15:30,SHORT,29749.75,-480.0,True,18.63,True
863,NQ,Thu,14:00,Out-of-Sample,2026-06-25T18:15:54.772287,2026-06-25 14:15:54,LONG,29761.75,75.0,True,18.63,True
863,NQ,Thu,14:00,Out-of-Sample,2026-06-25T18:15:54.772287,2026-06-25 14:15:54,LONG,29761.75,150.0,True,18.63,True
863,NQ,Thu,14:00,Out-of-Sample,2026-06-25T18:15:54.772287,2026-06-25 14:15:54,LONG,29761.75,115.0,True,18.63,True
863,NQ,Thu,14:00,Out-of-Sample,2026-06-25T18:16:50.734783,2026-06-25 14:16:50,LONG,29795.0,-330.0,True,18.63,True
863,NQ,Thu,14:00,Out-of-Sample,2026-06-25T18:17:11.145083,2026-06-25 14:17:11,LONG,29796.5,75.0,True,18.63,True
863,NQ,Thu,14:00,Out-of-Sample,2026-06-25T18:17:11.145083,2026-06-25 14:17:11,LONG,29796.5,10.0,True,18.63,True
863,NQ,Thu,14:00,Out-of-Sample,2026-06-25T18:18:45.456444,2026-06-25 14:18:45,LONG,29802.5,75.0,True,18.63,True
863,NQ,Thu,14:00,Out-of-Sample,2026-06-25T18:18:45.456444,2026-06-25 14:18:45,LONG,29802.5,160.0,True,18.63,True
863,NQ,Thu,14:00,Out-of-Sample,2026-06-25T18:18:45.456444,2026-06-25 14:18:45,LONG,29802.5,1000.0,True,18.63,True
863,NQ,Thu,14:00,Out-of-Sample,2026-06-25T18:18:47.445762,2026-06-25 14:18:47,LONG,29810.75,455.0,True,18.63,True
863,NQ,Thu,14:00,Out-of-Sample,2026-06-25T18:18:47.445762,2026-06-25 14:18:47,LONG,29810.75,685.0,True,18.63,True
863,NQ,Thu,14:00,Out-of-Sample,2026-06-25T18:18:56.768360,2026-06-25 14:18:56,LONG,29822.25,640.0,True,18.63,True
863,NQ,Thu,14:00,Out-of-Sample,2026-06-25T18:18:56.768360,2026-06-25 14:18:56,LONG,29822.25,450.0,True,18.63,True
863,NQ,Thu,14:00,Out-of-Sample,2026-06-25T18:18:56.769542,2026-06-25 14:18:56,LONG,29822.25,440.0,True,18.63,True
863,NQ,Thu,14:00,Out-of-Sample,2026-06-25T18:18:56.769542,2026-06-25 14:18:56,LONG,29822.25,875.0,True,18.63,True
863,NQ,Thu,14:00,Out-of-Sample,2026-06-25T18:18:56.769542,2026-06-25 14:18:56,LONG,29822.25,675.0,True,18.63,True
863,NQ,Thu,14:00,Out-of-Sample,2026-06-25T18:18:56.770543,2026-06-25 14:18:56,LONG,29822.25,440.0,True,18.63,True
863,NQ,Thu,14:00,Out-of-Sample,2026-06-25T18:18:56.770543,2026-06-25 14:18:56,LONG,29822.25,1090.0,True,18.63,True
863,NQ,Thu,14:00,Out-of-Sample,2026-06-25T18:18:56.916792,2026-06-25 14:18:56,LONG,29822.0,640.0,True,18.63,True
863,NQ,Thu,14:00,Out-of-Sample,2026-06-25T18:18:56.916792,2026-06-25 14:18:56,LONG,29822.0,-670.0,True,18.63,True
863,NQ,Thu,14:00,Out-of-Sample,2026-06-25T18:18:56.917084,2026-06-25 14:18:56,LONG,29822.0,440.0,True,18.63,True
863,NQ,Thu,14:00,Out-of-Sample,2026-06-25T18:18:56.917084,2026-06-25 14:18:56,LONG,29822.0,880.0,True,18.63,True
863,NQ,Thu,14:00,Out-of-Sample,2026-06-25T18:18:56.917084,2026-06-25 14:18:56,LONG,29822.0,680.0,True,18.63,True
863,NQ,Thu,14:00,Out-of-Sample,2026-06-25T18:19:01.464318,2026-06-25 14:19:01,LONG,29842.25,75.0,True,18.63,True
863,NQ,Thu,14:00,Out-of-Sample,2026-06-25T18:19:01.464318,2026-06-25 14:19:01,LONG,29842.25,170.0,True,18.63,True
863,NQ,Thu,14:00,Out-of-Sample,2026-06-25T18:19:01.464318,2026-06-25 14:19:01,LONG,29842.25,280.0,True,18.63,True
863,NQ,Thu,14:00,Out-of-Sample,2026-06-25T18:19:03.639890,2026-06-25 14:19:03,LONG,29855.5,100.0,True,18.63,True
863,NQ,Thu,14:00,Out-of-Sample,2026-06-25T18:19:03.639890,2026-06-25 14:19:03,LONG,29855.5,50.0,True,18.63,True
863,NQ,Thu,14:00,Out-of-Sample,2026-06-25T18:19:03.639890,2026-06-25 14:19:03,LONG,29855.5,-120.0,True,18.63,True
863,NQ,Thu,14:00,Out-of-Sample,2026-06-25T18:19:28.480514,2026-06-25 14:19:28,SHORT,29850.0,-510.0,True,18.63,True
863,NQ,Thu,14:00,Out-of-Sample,2026-06-25T18:19:54.658006,2026-06-25 14:19:54,SHORT,29837.5,435.0,True,18.63,True
863,NQ,Thu,14:00,Out-of-Sample,2026-06-25T18:19:54.658006,2026-06-25 14:19:54,SHORT,29837.5,875.0,True,18.63,True
863,NQ,Thu,14:00,Out-of-Sample,2026-06-25T18:19:54.658006,2026-06-25 14:19:54,SHORT,29837.5,630.0,True,18.63,True
863,NQ,Thu,14:00,Out-of-Sample,2026-06-25T18:19:54.659945,2026-06-25 14:19:54,SHORT,29838.5,-360.0,True,18.63,True
863,NQ,Thu,14:00,Out-of-Sample,2026-06-25T18:19:54.660292,2026-06-25 14:19:54,SHORT,29839.25,435.0,True,18.63,True
863,NQ,Thu,14:00,Out-of-Sample,2026-06-25T18:19:54.660292,2026-06-25 14:19:54,SHORT,29839.25,875.0,True,18.63,True
863,NQ,Thu,14:00,Out-of-Sample,2026-06-25T18:19:54.660292,2026-06-25 14:19:54,SHORT,29839.25,665.0,True,18.63,True
863,NQ,Thu,14:00,Out-of-Sample,2026-06-25T18:19:56.741815,2026-06-25 14:19:56,SHORT,29837.0,-495.0,True,18.63,True
863,NQ,Thu,14:00,Out-of-Sample,2026-06-25T18:20:03.231772,2026-06-25 14:20:03,LONG,29855.0,50.0,True,18.63,True
863,NQ,Thu,14:00,Out-of-Sample,2026-06-25T18:20:03.231772,2026-06-25 14:20:03,LONG,29855.0,-1040.0,True,18.63,True
863,NQ,Thu,14:00,Out-of-Sample,2026-06-25T18:20:13.079245,2026-06-25 14:20:13,SHORT,29845.25,-180.0,True,18.63,True
863,NQ,Thu,14:00,Out-of-Sample,2026-06-25T18:20:52.587774,2026-06-25 14:20:52,SHORT,29830.25,435.0,True,18.63,True
863,NQ,Thu,14:00,Out-of-Sample,2026-06-25T18:20:52.587774,2026-06-25 14:20:52,SHORT,29830.25,1210.0,True,18.63,True
863,NQ,Thu,14:00,Out-of-Sample,2026-06-25T18:20:53.051634,2026-06-25 14:20:53,SHORT,29829.5,75.0,True,18.63,True
863,NQ,Thu,14:00,Out-of-Sample,2026-06-25T18:20:53.051634,2026-06-25 14:20:53,SHORT,29829.5,150.0,True,18.63,True
863,NQ,Thu,14:00,Out-of-Sample,2026-06-25T18:20:53.051634,2026-06-25 14:20:53,SHORT,29829.5,470.0,True,18.63,True
863,NQ,Thu,14:00,Out-of-Sample,2026-06-25T18:20:53.053437,2026-06-25 14:20:53,SHORT,29829.0,50.0,True,18.63,True
863,NQ,Thu,14:00,Out-of-Sample,2026-06-25T18:20:53.053437,2026-06-25 14:20:53,SHORT,29829.0,100.0,True,18.63,True
863,NQ,Thu,14:00,Out-of-Sample,2026-06-25T18:20:53.053437,2026-06-25 14:20:53,SHORT,29829.0,225.0,True,18.63,True
863,NQ,Thu,14:00,Out-of-Sample,2026-06-25T18:21:01.082974,2026-06-25 14:21:01,SHORT,29816.25,50.0,True,18.63,True
863,NQ,Thu,14:00,Out-of-Sample,2026-06-25T18:21:01.082974,2026-06-25 14:21:01,SHORT,29816.25,100.0,True,18.63,True
863,NQ,Thu,14:00,Out-of-Sample,2026-06-25T18:21:01.082974,2026-06-25 14:21:01,SHORT,29816.25,225.0,True,18.63,True
863,NQ,Thu,14:00,Out-of-Sample,2026-06-25T18:21:11.569179,2026-06-25 14:21:11,SHORT,29805.25,-3225.0,True,18.63,True
863,NQ,Thu,14:00,Out-of-Sample,2026-06-25T18:21:16.342782,2026-06-25 14:21:16,SHORT,29796.0,85.0,True,18.63,True
863,NQ,Thu,14:00,Out-of-Sample,2026-06-25T18:21:16.342782,2026-06-25 14:21:16,SHORT,29796.0,-130.0,True,18.63,True
863,NQ,Thu,14:00,Out-of-Sample,2026-06-25T18:21:51.089039,2026-06-25 14:21:51,SHORT,29804.25,75.0,True,18.63,True
863,NQ,Thu,14:00,Out-of-Sample,2026-06-25T18:21:51.089039,2026-06-25 14:21:51,SHORT,29804.25,10.0,True,18.63,True
863,NQ,Thu,14:00,Out-of-Sample,2026-06-25T18:22:15.452071,2026-06-25 14:22:15,LONG,29829.75,-450.0,True,18.63,True
863,NQ,Thu,14:00,Out-of-Sample,2026-06-25T18:22:17.267114,2026-06-25 14:22:17,LONG,29829.5,-735.0,True,18.63,True
863,NQ,Thu,14:00,Out-of-Sample,2026-06-25T18:22:17.267467,2026-06-25 14:22:17,LONG,29828.0,-765.0,True,18.63,True
863,NQ,Thu,14:00,Out-of-Sample,2026-06-25T18:22:17.267727,2026-06-25 14:22:17,LONG,29828.25,-780.0,True,18.63,True
863,NQ,Thu,14:00,Out-of-Sample,2026-06-25T18:22:21.300986,2026-06-25 14:22:21,SHORT,29817.75,-255.0,True,18.63,True
863,NQ,Thu,14:00,Out-of-Sample,2026-06-25T18:22:59.025994,2026-06-25 14:22:59,SHORT,29811.25,-1425.0,True,18.63,True
863,NQ,Thu,14:00,Out-of-Sample,2026-06-25T18:22:59.132331,2026-06-25 14:22:59,SHORT,29811.0,-1440.0,True,18.63,True
863,NQ,Thu,14:00,Out-of-Sample,2026-06-25T18:22:59.287978,2026-06-25 14:22:59,SHORT,29810.75,-375.0,True,18.63,True
863,NQ,Thu,14:00,Out-of-Sample,2026-06-25T18:24:06.178724,2026-06-25 14:24:06,LONG,29835.0,-75.0,True,18.63,True
863,NQ,Thu,14:00,Out-of-Sample,2026-06-25T18:24:06.180458,2026-06-25 14:24:06,LONG,29835.25,-510.0,True,18.63,True
863,NQ,Thu,14:00,Out-of-Sample,2026-06-25T18:24:06.334492,2026-06-25 14:24:06,LONG,29835.5,415.0,True,18.63,True
863,NQ,Thu,14:00,Out-of-Sample,2026-06-25T18:24:06.334492,2026-06-25 14:24:06,LONG,29835.5,930.0,True,18.63,True
863,NQ,Thu,14:00,Out-of-Sample,2026-06-25T18:24:06.334492,2026-06-25 14:24:06,LONG,29835.5,900.0,True,18.63,True
863,NQ,Thu,14:00,Out-of-Sample,2026-06-25T18:24:21.619089,2026-06-25 14:24:21,LONG,29841.5,-465.0,True,18.63,True
863,NQ,Thu,14:00,Out-of-Sample,2026-06-25T18:24:42.704769,2026-06-25 14:24:42,SHORT,29822.5,-75.0,True,18.63,True
863,NQ,Thu,14:00,Out-of-Sample,2026-06-25T18:25:01.935473,2026-06-25 14:25:01,LONG,29837.25,-315.0,True,18.63,True
863,NQ,Thu,14:00,Out-of-Sample,2026-06-25T18:25:44.032626,2026-06-25 14:25:44,LONG,29850.5,110.0,True,18.63,True
863,NQ,Thu,14:00,Out-of-Sample,2026-06-25T18:25:44.032626,2026-06-25 14:25:44,LONG,29850.5,150.0,True,18.63,True
863,NQ,Thu,14:00,Out-of-Sample,2026-06-25T18:25:44.032626,2026-06-25 14:25:44,LONG,29850.5,5.0,True,18.63,True
863,NQ,Thu,14:00,Out-of-Sample,2026-06-25T18:25:45.410017,2026-06-25 14:25:45,SHORT,29850.75,95.0,True,18.63,True
863,NQ,Thu,14:00,Out-of-Sample,2026-06-25T18:25:45.412343,2026-06-25 14:25:45,LONG,29850.0,-300.0,True,18.63,True
863,NQ,Thu,14:00,Out-of-Sample,2026-06-25T18:25:46.158902,2026-06-25 14:25:46,SHORT,29849.25,65.0,True,18.63,True
863,NQ,Thu,14:00,Out-of-Sample,2026-06-25T18:25:55.083156,2026-06-25 14:25:55,LONG,29861.25,-390.0,True,18.63,True
863,NQ,Thu,14:00,Out-of-Sample,2026-06-25T18:25:55.084018,2026-06-25 14:25:55,LONG,29861.5,555.0,True,18.63,True
863,NQ,Thu,14:00,Out-of-Sample,2026-06-25T18:25:55.393998,2026-06-25 14:25:55,LONG,29861.25,430.0,True,18.63,True
863,NQ,Thu,14:00,Out-of-Sample,2026-06-25T18:25:55.393998,2026-06-25 14:25:55,LONG,29861.25,-80.0,True,18.63,True
863,NQ,Thu,14:00,Out-of-Sample,2026-06-25T18:28:35.432183,2026-06-25 14:28:35,SHORT,29876.25,75.0,True,18.63,True
863,NQ,Thu,14:00,Out-of-Sample,2026-06-25T18:28:35.432183,2026-06-25 14:28:35,SHORT,29876.25,150.0,True,18.63,True
863,NQ,Thu,14:00,Out-of-Sample,2026-06-25T18:28:35.432183,2026-06-25 14:28:35,SHORT,29876.25,-50.0,True,18.63,True
863,NQ,Thu,14:00,Out-of-Sample,2026-06-25T18:28:59.175272,2026-06-25 14:28:59,SHORT,29870.75,9390.0,True,18.63,True
863,NQ,Thu,14:00,Out-of-Sample,2026-07-02T18:00:21.372627,2026-07-02 14:00:21,LONG,29347.5,75.0,True,16.59,True
863,NQ,Thu,14:00,Out-of-Sample,2026-07-02T18:00:21.372627,2026-07-02 14:00:21,LONG,29347.5,-20.0,True,16.59,True
863,NQ,Thu,14:00,Out-of-Sample,2026-07-02T18:00:47.319220,2026-07-02 14:00:47,LONG,29357.5,90.0,True,16.59,True
863,NQ,Thu,14:00,Out-of-Sample,2026-07-02T18:00:47.319220,2026-07-02 14:00:47,LONG,29357.5,-20.0,True,16.59,True
863,NQ,Thu,14:00,Out-of-Sample,2026-07-02T18:00:47.956527,2026-07-02 14:00:47,LONG,29362.75,50.0,True,16.59,True
863,NQ,Thu,14:00,Out-of-Sample,2026-07-02T18:00:47.956527,2026-07-02 14:00:47,LONG,29362.75,100.0,True,16.59,True
863,NQ,Thu,14:00,Out-of-Sample,2026-07-02T18:00:47.956527,2026-07-02 14:00:47,LONG,29362.75,-90.0,True,16.59,True
863,NQ,Thu,14:00,Out-of-Sample,2026-07-02T18:01:03.637825,2026-07-02 14:01:03,SHORT,29352.0,-180.0,True,16.59,True
863,NQ,Thu,14:00,Out-of-Sample,2026-07-02T18:01:35.143591,2026-07-02 14:01:35,LONG,29372.5,-285.0,True,16.59,True
863,NQ,Thu,14:00,Out-of-Sample,2026-07-02T18:05:01.921465,2026-07-02 14:05:01,LONG,29384.25,120.0,True,16.59,True
863,NQ,Thu,14:00,Out-of-Sample,2026-07-02T18:05:01.921465,2026-07-02 14:05:01,LONG,29384.25,630.0,True,16.59,True
863,NQ,Thu,14:00,Out-of-Sample,2026-07-02T18:05:01.921465,2026-07-02 14:05:01,LONG,29384.25,515.0,True,16.59,True
863,NQ,Thu,14:00,Out-of-Sample,2026-07-02T18:05:01.977703,2026-07-02 14:05:01,LONG,29384.25,485.0,True,16.59,True
863,NQ,Thu,14:00,Out-of-Sample,2026-07-02T18:05:01.977703,2026-07-02 14:05:01,LONG,29384.25,1090.0,True,16.59,True
863,NQ,Thu,14:00,Out-of-Sample,2026-07-02T18:05:01.977703,2026-07-02 14:05:01,LONG,29384.25,1385.0,True,16.59,True
863,NQ,Thu,14:00,Out-of-Sample,2026-07-02T18:05:13.734729,2026-07-02 14:05:13,LONG,29396.0,50.0,True,16.59,True
863,NQ,Thu,14:00,Out-of-Sample,2026-07-02T18:05:13.734729,2026-07-02 14:05:13,LONG,29396.0,100.0,True,16.59,True
863,NQ,Thu,14:00,Out-of-Sample,2026-07-02T18:05:13.734729,2026-07-02 14:05:13,LONG,29396.0,225.0,True,16.59,True
863,NQ,Thu,14:00,Out-of-Sample,2026-07-02T18:05:22.775175,2026-07-02 14:05:22,LONG,29415.25,50.0,True,16.59,True
863,NQ,Thu,14:00,Out-of-Sample,2026-07-02T18:05:22.775175,2026-07-02 14:05:22,LONG,29415.25,100.0,True,16.59,True
863,NQ,Thu,14:00,Out-of-Sample,2026-07-02T18:05:22.775175,2026-07-02 14:05:22,LONG,29415.25,225.0,True,16.59,True
863,NQ,Thu,14:00,Out-of-Sample,2026-07-02T18:06:01.628137,2026-07-02 14:06:01,LONG,29420.75,75.0,True,16.59,True
863,NQ,Thu,14:00,Out-of-Sample,2026-07-02T18:06:01.628137,2026-07-02 14:06:01,LONG,29420.75,-150.0,True,16.59,True
863,NQ,Thu,14:00,Out-of-Sample,2026-07-02T18:06:01.855970,2026-07-02 14:06:01,LONG,29420.75,365.0,True,16.59,True
863,NQ,Thu,14:00,Out-of-Sample,2026-07-02T18:06:01.855970,2026-07-02 14:06:01,LONG,29420.75,820.0,True,16.59,True
863,NQ,Thu,14:00,Out-of-Sample,2026-07-02T18:06:01.855970,2026-07-02 14:06:01,LONG,29420.75,725.0,True,16.59,True
863,NQ,Thu,14:00,Out-of-Sample,2026-07-02T18:06:20.744625,2026-07-02 14:06:20,LONG,29434.0,-165.0,True,16.59,True
863,NQ,Thu,14:00,Out-of-Sample,2026-07-02T18:06:24.060109,2026-07-02 14:06:24,LONG,29439.0,50.0,True,16.59,True
863,NQ,Thu,14:00,Out-of-Sample,2026-07-02T18:06:24.060109,2026-07-02 14:06:24,LONG,29439.0,100.0,True,16.59,True
863,NQ,Thu,14:00,Out-of-Sample,2026-07-02T18:06:24.060109,2026-07-02 14:06:24,LONG,29439.0,225.0,True,16.59,True
863,NQ,Thu,14:00,Out-of-Sample,2026-07-02T18:06:31.313098,2026-07-02 14:06:31,SHORT,29444.75,-420.0,True,16.59,True
863,NQ,Thu,14:00,Out-of-Sample,2026-07-02T18:06:33.848298,2026-07-02 14:06:33,LONG,29453.0,-1020.0,True,16.59,True
863,NQ,Thu,14:00,Out-of-Sample,2026-07-02T18:06:33.935569,2026-07-02 14:06:33,LONG,29451.75,30.0,True,16.59,True
863,NQ,Thu,14:00,Out-of-Sample,2026-07-02T18:06:33.935953,2026-07-02 14:06:33,LONG,29452.5,-990.0,True,16.59,True
863,NQ,Thu,14:00,Out-of-Sample,2026-07-02T18:06:46.739805,2026-07-02 14:06:46,LONG,29461.5,-375.0,True,16.59,True
863,NQ,Thu,14:00,Out-of-Sample,2026-07-02T18:07:07.583075,2026-07-02 14:07:07,SHORT,29439.25,-240.0,True,16.59,True
863,NQ,Thu,14:00,Out-of-Sample,2026-07-02T18:07:07.843181,2026-07-02 14:07:07,SHORT,29436.0,-1785.0,True,16.59,True
863,NQ,Thu,14:00,Out-of-Sample,2026-07-02T18:07:07.843842,2026-07-02 14:07:07,SHORT,29436.0,-1785.0,True,16.59,True
863,NQ,Thu,14:00,Out-of-Sample,2026-07-02T18:07:08.025607,2026-07-02 14:07:08,SHORT,29434.0,-375.0,True,16.59,True
863,NQ,Thu,14:00,Out-of-Sample,2026-07-02T18:09:03.702328,2026-07-02 14:09:03,LONG,29462.75,75.0,True,16.59,True
863,NQ,Thu,14:00,Out-of-Sample,2026-07-02T18:09:03.702328,2026-07-02 14:09:03,LONG,29462.75,-20.0,True,16.59,True
863,NQ,Thu,14:00,Out-of-Sample,2026-07-02T18:09:45.536890,2026-07-02 14:09:45,LONG,29475.0,355.0,True,16.59,True
863,NQ,Thu,14:00,Out-of-Sample,2026-07-02T18:09:45.536890,2026-07-02 14:09:45,LONG,29475.0,-260.0,True,16.59,True
863,NQ,Thu,14:00,Out-of-Sample,2026-07-02T18:09:45.593626,2026-07-02 14:09:45,LONG,29475.0,355.0,True,16.59,True
863,NQ,Thu,14:00,Out-of-Sample,2026-07-02T18:09:45.593626,2026-07-02 14:09:45,LONG,29475.0,0.0,True,16.59,True
863,NQ,Thu,14:00,Out-of-Sample,2026-07-02T18:09:45.684422,2026-07-02 14:09:45,LONG,29475.25,355.0,True,16.59,True
863,NQ,Thu,14:00,Out-of-Sample,2026-07-02T18:09:45.684422,2026-07-02 14:09:45,LONG,29475.25,670.0,True,16.59,True
863,NQ,Thu,14:00,Out-of-Sample,2026-07-02T18:10:00.014094,2026-07-02 14:10:00,LONG,29484.5,120.0,True,16.59,True
863,NQ,Thu,14:00,Out-of-Sample,2026-07-02T18:10:00.014094,2026-07-02 14:10:00,LONG,29484.5,0.0,True,16.59,True
863,NQ,Thu,14:00,Out-of-Sample,2026-07-02T18:10:00.246059,2026-07-02 14:10:00,LONG,29484.75,485.0,True,16.59,True
863,NQ,Thu,14:00,Out-of-Sample,2026-07-02T18:10:00.246059,2026-07-02 14:10:00,LONG,29484.75,-10.0,True,16.59,True
863,NQ,Thu,14:00,Out-of-Sample,2026-07-02T18:10:15.622617,2026-07-02 14:10:15,LONG,29496.5,-480.0,True,16.59,True
863,NQ,Thu,14:00,Out-of-Sample,2026-07-02T18:10:15.694914,2026-07-02 14:10:15,LONG,29496.25,-1485.0,True,16.59,True
863,NQ,Thu,14:00,Out-of-Sample,2026-07-02T18:10:21.125295,2026-07-02 14:10:21,LONG,29501.0,-540.0,True,16.59,True
863,NQ,Thu,14:00,Out-of-Sample,2026-07-02T18:10:31.117701,2026-07-02 14:10:31,SHORT,29496.25,100.0,True,16.59,True
863,NQ,Thu,14:00,Out-of-Sample,2026-07-02T18:10:31.117701,2026-07-02 14:10:31,SHORT,29496.25,300.0,True,16.59,True
863,NQ,Thu,14:00,Out-of-Sample,2026-07-02T18:10:31.117701,2026-07-02 14:10:31,SHORT,29496.25,330.0,True,16.59,True
863,NQ,Thu,14:00,Out-of-Sample,2026-07-02T18:10:38.797441,2026-07-02 14:10:38,SHORT,29481.5,100.0,True,16.59,True
863,NQ,Thu,14:00,Out-of-Sample,2026-07-02T18:10:38.797441,2026-07-02 14:10:38,SHORT,29481.5,50.0,True,16.59,True
863,NQ,Thu,14:00,Out-of-Sample,2026-07-02T18:10:38.797441,2026-07-02 14:10:38,SHORT,29481.5,225.0,True,16.59,True
863,NQ,Thu,14:00,Out-of-Sample,2026-07-02T18:11:30.537960,2026-07-02 14:11:30,SHORT,29482.75,75.0,True,16.59,True
863,NQ,Thu,14:00,Out-of-Sample,2026-07-02T18:11:30.537960,2026-07-02 14:11:30,SHORT,29482.75,150.0,True,16.59,True
863,NQ,Thu,14:00,Out-of-Sample,2026-07-02T18:11:30.537960,2026-07-02 14:11:30,SHORT,29482.75,-60.0,True,16.59,True
863,NQ,Thu,14:00,Out-of-Sample,2026-07-02T18:11:34.504504,2026-07-02 14:11:34,SHORT,29473.0,-510.0,True,16.59,True
863,NQ,Thu,14:00,Out-of-Sample,2026-07-02T18:12:02.082989,2026-07-02 14:12:02,SHORT,29469.25,550.0,True,16.59,True
863,NQ,Thu,14:00,Out-of-Sample,2026-07-02T18:12:02.082989,2026-07-02 14:12:02,SHORT,29469.25,1100.0,True,16.59,True
863,NQ,Thu,14:00,Out-of-Sample,2026-07-02T18:12:02.082989,2026-07-02 14:12:02,SHORT,29469.25,925.0,True,16.59,True
863,NQ,Thu,14:00,Out-of-Sample,2026-07-02T18:12:02.296413,2026-07-02 14:12:02,SHORT,29468.5,-880.0,True,16.59,True
863,NQ,Thu,14:00,Out-of-Sample,2026-07-02T18:12:02.297275,2026-07-02 14:12:02,SHORT,29468.5,360.0,True,16.59,True
863,NQ,Thu,14:00,Out-of-Sample,2026-07-02T18:12:02.297275,2026-07-02 14:12:02,SHORT,29468.5,715.0,True,16.59,True
863,NQ,Thu,14:00,Out-of-Sample,2026-07-02T18:12:02.297275,2026-07-02 14:12:02,SHORT,29468.5,905.0,True,16.59,True
863,NQ,Thu,14:00,Out-of-Sample,2026-07-02T18:12:02.297665,2026-07-02 14:12:02,SHORT,29469.0,-510.0,True,16.59,True
863,NQ,Thu,14:00,Out-of-Sample,2026-07-02T18:12:02.298266,2026-07-02 14:12:02,SHORT,29469.0,360.0,True,16.59,True
863,NQ,Thu,14:00,Out-of-Sample,2026-07-02T18:12:02.298266,2026-07-02 14:12:02,SHORT,29469.0,20.0,True,16.59,True
863,NQ,Thu,14:00,Out-of-Sample,2026-07-02T18:12:02.348006,2026-07-02 14:12:02,SHORT,29468.75,550.0,True,16.59,True
863,NQ,Thu,14:00,Out-of-Sample,2026-07-02T18:12:02.348006,2026-07-02 14:12:02,SHORT,29468.75,1105.0,True,16.59,True
863,NQ,Thu,14:00,Out-of-Sample,2026-07-02T18:12:02.348006,2026-07-02 14:12:02,SHORT,29468.75,915.0,True,16.59,True
863,NQ,Thu,14:00,Out-of-Sample,2026-07-02T18:12:26.121255,2026-07-02 14:12:26,LONG,29486.75,75.0,True,16.59,True
863,NQ,Thu,14:00,Out-of-Sample,2026-07-02T18:12:26.121255,2026-07-02 14:12:26,LONG,29486.75,-10.0,True,16.59,True
863,NQ,Thu,14:00,Out-of-Sample,2026-07-02T18:13:30.658524,2026-07-02 14:13:30,SHORT,29473.75,-300.0,True,16.59,True
863,NQ,Thu,14:00,Out-of-Sample,2026-07-02T18:13:57.166172,2026-07-02 14:13:57,SHORT,29475.25,75.0,True,16.59,True
863,NQ,Thu,14:00,Out-of-Sample,2026-07-02T18:13:57.166172,2026-07-02 14:13:57,SHORT,29475.25,150.0,True,16.59,True
863,NQ,Thu,14:00,Out-of-Sample,2026-07-02T18:13:57.166172,2026-07-02 14:13:57,SHORT,29475.25,10.0,True,16.59,True
863,NQ,Thu,14:00,Out-of-Sample,2026-07-02T18:13:57.415948,2026-07-02 14:13:57,SHORT,29471.25,-210.0,True,16.59,True
863,NQ,Thu,14:00,Out-of-Sample,2026-07-02T18:14:43.688066,2026-07-02 14:14:43,SHORT,29454.5,50.0,True,16.59,True
863,NQ,Thu,14:00,Out-of-Sample,2026-07-02T18:14:43.688066,2026-07-02 14:14:43,SHORT,29454.5,-290.0,True,16.59,True
863,NQ,Thu,14:00,Out-of-Sample,2026-07-02T18:15:21.326793,2026-07-02 14:15:21,SHORT,29449.25,365.0,True,16.59,True
863,NQ,Thu,14:00,Out-of-Sample,2026-07-02T18:15:21.326793,2026-07-02 14:15:21,SHORT,29449.25,735.0,True,16.59,True
863,NQ,Thu,14:00,Out-of-Sample,2026-07-02T18:15:21.326793,2026-07-02 14:15:21,SHORT,29449.25,585.0,True,16.59,True
863,NQ,Thu,14:00,Out-of-Sample,2026-07-02T18:15:21.327118,2026-07-02 14:15:21,SHORT,29449.25,-135.0,True,16.59,True
863,NQ,Thu,14:00,Out-of-Sample,2026-07-02T18:15:21.800366,2026-07-02 14:15:21,SHORT,29446.75,365.0,True,16.59,True
863,NQ,Thu,14:00,Out-of-Sample,2026-07-02T18:15:21.800366,2026-07-02 14:15:21,SHORT,29446.75,-20.0,True,16.59,True
863,NQ,Thu,14:00,Out-of-Sample,2026-07-02T18:15:22.000856,2026-07-02 14:15:22,SHORT,29446.5,75.0,True,16.59,True
863,NQ,Thu,14:00,Out-of-Sample,2026-07-02T18:15:22.000856,2026-07-02 14:15:22,SHORT,29446.5,150.0,True,16.59,True
863,NQ,Thu,14:00,Out-of-Sample,2026-07-02T18:15:22.000856,2026-07-02 14:15:22,SHORT,29446.5,-50.0,True,16.59,True
863,NQ,Thu,14:00,Out-of-Sample,2026-07-02T18:15:53.629902,2026-07-02 14:15:53,LONG,29454.0,75.0,True,16.59,True
863,NQ,Thu,14:00,Out-of-Sample,2026-07-02T18:15:53.629902,2026-07-02 14:15:53,LONG,29454.0,150.0,True,16.59,True
863,NQ,Thu,14:00,Out-of-Sample,2026-07-02T18:15:53.629902,2026-07-02 14:15:53,LONG,29454.0,-45.0,True,16.59,True
863,NQ,Thu,14:00,Out-of-Sample,2026-07-02T18:16:52.826960,2026-07-02 14:16:52,SHORT,29445.75,75.0,True,16.59,True
863,NQ,Thu,14:00,Out-of-Sample,2026-07-02T18:16:52.826960,2026-07-02 14:16:52,SHORT,29445.75,150.0,True,16.59,True
863,NQ,Thu,14:00,Out-of-Sample,2026-07-02T18:16:52.826960,2026-07-02 14:16:52,SHORT,29445.75,430.0,True,16.59,True
863,NQ,Thu,14:00,Out-of-Sample,2026-07-02T18:18:04.826877,2026-07-02 14:18:04,SHORT,29413.5,-390.0,True,16.59,True
863,NQ,Thu,14:00,Out-of-Sample,2026-07-02T18:18:04.827200,2026-07-02 14:18:04,SHORT,29413.5,-460.0,True,16.59,True
863,NQ,Thu,14:00,Out-of-Sample,2026-07-02T18:18:04.828127,2026-07-02 14:18:04,SHORT,29413.5,-570.0,True,16.59,True
863,NQ,Thu,14:00,Out-of-Sample,2026-07-02T18:18:18.262123,2026-07-02 14:18:18,LONG,29427.25,-210.0,True,16.59,True
863,NQ,Thu,14:00,Out-of-Sample,2026-07-02T18:18:42.330856,2026-07-02 14:18:42,LONG,29436.25,-225.0,True,16.59,True
863,NQ,Thu,14:00,Out-of-Sample,2026-07-02T18:18:48.911696,2026-07-02 14:18:48,LONG,29435.5,-840.0,True,16.59,True
863,NQ,Thu,14:00,Out-of-Sample,2026-07-02T18:18:49.874766,2026-07-02 14:18:49,SHORT,29417.75,50.0,True,16.59,True
863,NQ,Thu,14:00,Out-of-Sample,2026-07-02T18:18:49.874766,2026-07-02 14:18:49,SHORT,29417.75,100.0,True,16.59,True
863,NQ,Thu,14:00,Out-of-Sample,2026-07-02T18:18:49.874766,2026-07-02 14:18:49,SHORT,29417.75,-105.0,True,16.59,True
863,NQ,Thu,14:00,Out-of-Sample,2026-07-02T18:19:26.841641,2026-07-02 14:19:26,SHORT,29414.75,-210.0,True,16.59,True
863,NQ,Thu,14:00,Out-of-Sample,2026-07-02T18:20:11.328175,2026-07-02 14:20:11,LONG,29440.0,495.0,True,16.59,True
863,NQ,Thu,14:00,Out-of-Sample,2026-07-02T18:20:11.380801,2026-07-02 14:20:11,LONG,29440.5,-290.0,True,16.59,True
863,NQ,Thu,14:00,Out-of-Sample,2026-07-02T18:20:11.415103,2026-07-02 14:20:11,LONG,29440.5,385.0,True,16.59,True
863,NQ,Thu,14:00,Out-of-Sample,2026-07-02T18:20:11.415103,2026-07-02 14:20:11,LONG,29440.5,775.0,True,16.59,True
863,NQ,Thu,14:00,Out-of-Sample,2026-07-02T18:20:11.415103,2026-07-02 14:20:11,LONG,29440.5,785.0,True,16.59,True
863,NQ,Thu,14:00,Out-of-Sample,2026-07-02T18:20:11.535330,2026-07-02 14:20:11,LONG,29440.25,385.0,True,16.59,True
863,NQ,Thu,14:00,Out-of-Sample,2026-07-02T18:20:11.535330,2026-07-02 14:20:11,LONG,29440.25,10.0,True,16.59,True
863,NQ,Thu,14:00,Out-of-Sample,2026-07-02T18:20:12.796891,2026-07-02 14:20:12,LONG,29440.5,50.0,True,16.59,True
863,NQ,Thu,14:00,Out-of-Sample,2026-07-02T18:20:12.796891,2026-07-02 14:20:12,LONG,29440.5,100.0,True,16.59,True
863,NQ,Thu,14:00,Out-of-Sample,2026-07-02T18:20:12.796891,2026-07-02 14:20:12,LONG,29440.5,260.0,True,16.59,True
863,NQ,Thu,14:00,Out-of-Sample,2026-07-02T18:20:18.484346,2026-07-02 14:20:18,LONG,29452.0,-510.0,True,16.59,True
863,NQ,Thu,14:00,Out-of-Sample,2026-07-02T18:21:04.309232,2026-07-02 14:21:04,LONG,29452.75,385.0,True,16.59,True
863,NQ,Thu,14:00,Out-of-Sample,2026-07-02T18:21:04.309232,2026-07-02 14:21:04,LONG,29452.75,0.0,True,16.59,True
863,NQ,Thu,14:00,Out-of-Sample,2026-07-02T18:21:05.468709,2026-07-02 14:21:05,LONG,29457.0,-525.0,True,16.59,True
863,NQ,Thu,14:00,Out-of-Sample,2026-07-02T18:25:02.810012,2026-07-02 14:25:02,LONG,29461.25,120.0,True,16.59,True
863,NQ,Thu,14:00,Out-of-Sample,2026-07-02T18:25:02.810012,2026-07-02 14:25:02,LONG,29461.25,10.0,True,16.59,True
863,NQ,Thu,14:00,Out-of-Sample,2026-07-02T18:25:12.804099,2026-07-02 14:25:12,LONG,29463.5,50.0,True,16.59,True
863,NQ,Thu,14:00,Out-of-Sample,2026-07-02T18:25:12.804099,2026-07-02 14:25:12,LONG,29463.5,100.0,True,16.59,True
863,NQ,Thu,14:00,Out-of-Sample,2026-07-02T18:25:12.804099,2026-07-02 14:25:12,LONG,29463.5,225.0,True,16.59,True
863,NQ,Thu,14:00,Out-of-Sample,2026-07-02T18:25:31.869846,2026-07-02 14:25:31,SHORT,29458.25,75.0,True,16.59,True
863,NQ,Thu,14:00,Out-of-Sample,2026-07-02T18:25:31.869846,2026-07-02 14:25:31,SHORT,29458.25,150.0,True,16.59,True
863,NQ,Thu,14:00,Out-of-Sample,2026-07-02T18:25:31.869846,2026-07-02 14:25:31,SHORT,29458.25,190.0,True,16.59,True
863,NQ,Thu,14:00,Out-of-Sample,2026-07-02T18:27:48.355115,2026-07-02 14:27:48,LONG,29471.75,75.0,True,16.59,True
863,NQ,Thu,14:00,Out-of-Sample,2026-07-02T18:27:48.355115,2026-07-02 14:27:48,LONG,29471.75,150.0,True,16.59,True
863,NQ,Thu,14:00,Out-of-Sample,2026-07-02T18:27:48.355115,2026-07-02 14:27:48,LONG,29471.75,160.0,True,16.59,True
863,NQ,Thu,14:00,Out-of-Sample,2026-07-02T18:28:01.999981,2026-07-02 14:28:01,LONG,29475.25,350.0,True,16.59,True
863,NQ,Thu,14:00,Out-of-Sample,2026-07-02T18:28:01.999981,2026-07-02 14:28:01,LONG,29475.25,785.0,True,16.59,True
863,NQ,Thu,14:00,Out-of-Sample,2026-07-02T18:28:01.999981,2026-07-02 14:28:01,LONG,29475.25,615.0,True,16.59,True
863,NQ,Thu,14:00,Out-of-Sample,2026-07-02T18:28:56.119829,2026-07-02 14:28:56,SHORT,29479.0,-525.0,True,16.59,True
863,NQ,Thu,14:00,Out-of-Sample,2026-07-02T18:29:14.583961,2026-07-02 14:29:14,LONG,29486.25,-465.0,True,16.59,True
863,NQ,Thu,14:00,Out-of-Sample,2026-07-09T18:03:06.893397,2026-07-09 14:03:06,SHORT,29962.75,20.0,True,16.9,True
863,NQ,Thu,14:00,Out-of-Sample,2026-07-09T18:03:06.893397,2026-07-09 14:03:06,SHORT,29962.75,235.0,True,16.9,True
863,NQ,Thu,14:00,Out-of-Sample,2026-07-09T18:03:06.893397,2026-07-09 14:03:06,SHORT,29962.75,205.0,True,16.9,True
863,NQ,Thu,14:00,Out-of-Sample,2026-07-09T18:03:06.979246,2026-07-09 14:03:06,SHORT,29963.25,35.0,True,16.9,True
863,NQ,Thu,14:00,Out-of-Sample,2026-07-09T18:03:06.979246,2026-07-09 14:03:06,SHORT,29963.25,250.0,True,16.9,True
863,NQ,Thu,14:00,Out-of-Sample,2026-07-09T18:03:06.979246,2026-07-09 14:03:06,SHORT,29963.25,215.0,True,16.9,True
863,NQ,Thu,14:00,Out-of-Sample,2026-07-09T18:03:07.123122,2026-07-09 14:03:07,SHORT,29963.25,-480.0,True,16.9,True
863,NQ,Thu,14:00,Out-of-Sample,2026-07-09T18:13:57.219186,2026-07-09 14:13:57,SHORT,29972.0,720.0,True,16.9,True
863,NQ,Thu,14:00,Out-of-Sample,2026-07-09T18:13:57.219186,2026-07-09 14:13:57,SHORT,29972.0,920.0,True,16.9,True
863,NQ,Thu,14:00,Out-of-Sample,2026-07-09T18:13:57.219186,2026-07-09 14:13:57,SHORT,29972.0,1045.0,True,16.9,True
863,NQ,Thu,14:00,Out-of-Sample,2026-07-09T18:13:57.261182,2026-07-09 14:13:57,SHORT,29972.25,15.0,True,16.9,True
863,NQ,Thu,14:00,Out-of-Sample,2026-07-09T18:13:57.443143,2026-07-09 14:13:57,SHORT,29972.25,725.0,True,16.9,True
863,NQ,Thu,14:00,Out-of-Sample,2026-07-09T18:13:57.443143,2026-07-09 14:13:57,SHORT,29972.25,925.0,True,16.9,True
863,NQ,Thu,14:00,Out-of-Sample,2026-07-09T18:13:57.443143,2026-07-09 14:13:57,SHORT,29972.25,1020.0,True,16.9,True
863,NQ,Thu,14:00,Out-of-Sample,2026-07-09T18:16:35.835679,2026-07-09 14:16:35,SHORT,29970.25,75.0,True,16.9,True
863,NQ,Thu,14:00,Out-of-Sample,2026-07-09T18:16:35.835679,2026-07-09 14:16:35,SHORT,29970.25,20.0,True,16.9,True
863,NQ,Thu,14:00,Out-of-Sample,2026-07-09T18:18:29.409009,2026-07-09 14:18:29,SHORT,29966.0,130.0,True,16.9,True
863,NQ,Thu,14:00,Out-of-Sample,2026-07-09T18:18:29.409009,2026-07-09 14:18:29,SHORT,29966.0,290.0,True,16.9,True
863,NQ,Thu,14:00,Out-of-Sample,2026-07-09T18:18:29.409009,2026-07-09 14:18:29,SHORT,29966.0,255.0,True,16.9,True
863,NQ,Thu,14:00,Out-of-Sample,2026-07-09T18:20:25.882032,2026-07-09 14:20:25,SHORT,29960.25,45.0,True,16.9,True
863,NQ,Thu,14:00,Out-of-Sample,2026-07-09T18:20:25.882032,2026-07-09 14:20:25,SHORT,29960.25,10.0,True,16.9,True
863,NQ,Thu,14:00,Out-of-Sample,2026-07-09T18:20:26.087993,2026-07-09 14:20:26,SHORT,29962.0,5.0,True,16.9,True
863,NQ,Thu,14:00,Out-of-Sample,2026-07-09T18:20:26.087993,2026-07-09 14:20:26,SHORT,29962.0,210.0,True,16.9,True
863,NQ,Thu,14:00,Out-of-Sample,2026-07-09T18:22:49.932047,2026-07-09 14:22:49,SHORT,29956.25,210.0,True,16.9,True
863,NQ,Thu,14:00,Out-of-Sample,2026-07-09T18:22:49.932047,2026-07-09 14:22:49,SHORT,29956.25,150.0,True,16.9,True
863,NQ,Thu,14:00,Out-of-Sample,2026-07-09T18:25:04.476493,2026-07-09 14:25:04,SHORT,29946.0,45.0,True,16.9,True
863,NQ,Thu,14:00,Out-of-Sample,2026-07-09T18:25:04.476493,2026-07-09 14:25:04,SHORT,29946.0,10.0,True,16.9,True
863,NQ,Thu,14:00,Out-of-Sample,2026-07-16T18:02:13.934182,2026-07-16 14:02:13,SHORT,29246.5,75.0,True,15.67,True
863,NQ,Thu,14:00,Out-of-Sample,2026-07-16T18:02:13.934182,2026-07-16 14:02:13,SHORT,29246.5,150.0,True,15.67,True
863,NQ,Thu,14:00,Out-of-Sample,2026-07-16T18:02:13.934182,2026-07-16 14:02:13,SHORT,29246.5,-25.0,True,15.67,True
863,NQ,Thu,14:00,Out-of-Sample,2026-07-16T18:03:18.004954,2026-07-16 14:03:18,SHORT,29236.0,-750.0,True,15.67,True
863,NQ,Thu,14:00,Out-of-Sample,2026-07-16T18:03:18.115952,2026-07-16 14:03:18,SHORT,29235.75,-510.0,True,15.67,True
863,NQ,Thu,14:00,Out-of-Sample,2026-07-16T18:03:18.207130,2026-07-16 14:03:18,SHORT,29234.75,-825.0,True,15.67,True
863,NQ,Thu,14:00,Out-of-Sample,2026-07-16T18:04:01.021850,2026-07-16 14:04:01,LONG,29246.5,75.0,True,15.67,True
863,NQ,Thu,14:00,Out-of-Sample,2026-07-16T18:04:01.022385,2026-07-16 14:04:01,LONG,29246.5,10.0,True,15.67,True
863,NQ,Thu,14:00,Out-of-Sample,2026-07-16T18:04:01.022385,2026-07-16 14:04:01,LONG,29246.5,-40.0,True,15.67,True
863,NQ,Thu,14:00,Out-of-Sample,2026-07-16T18:05:04.662324,2026-07-16 14:05:04,SHORT,29232.5,-1710.0,True,15.67,True
863,NQ,Thu,14:00,Out-of-Sample,2026-07-16T18:05:04.662649,2026-07-16 14:05:04,SHORT,29232.5,85.0,True,15.67,True
863,NQ,Thu,14:00,Out-of-Sample,2026-07-16T18:05:04.662649,2026-07-16 14:05:04,SHORT,29232.5,-20.0,True,15.67,True
863,NQ,Thu,14:00,Out-of-Sample,2026-07-16T18:05:49.408707,2026-07-16 14:05:49,SHORT,29231.75,-1350.0,True,15.67,True
863,NQ,Thu,14:00,Out-of-Sample,2026-07-16T18:06:37.590019,2026-07-16 14:06:37,LONG,29243.0,75.0,True,15.67,True
863,NQ,Thu,14:00,Out-of-Sample,2026-07-16T18:06:37.590019,2026-07-16 14:06:37,LONG,29243.0,10.0,True,15.67,True
863,NQ,Thu,14:00,Out-of-Sample,2026-07-16T18:07:25.479479,2026-07-16 14:07:25,SHORT,29230.0,-1305.0,True,15.67,True
863,NQ,Thu,14:00,Out-of-Sample,2026-07-16T18:07:42.128093,2026-07-16 14:07:42,SHORT,29227.5,-1530.0,True,15.67,True
863,NQ,Thu,14:00,Out-of-Sample,2026-07-16T18:07:42.254580,2026-07-16 14:07:42,SHORT,29227.75,-645.0,True,15.67,True
863,NQ,Thu,14:00,Out-of-Sample,2026-07-16T18:07:42.255636,2026-07-16 14:07:42,SHORT,29227.75,-1515.0,True,15.67,True
863,NQ,Thu,14:00,Out-of-Sample,2026-07-16T18:09:29.586920,2026-07-16 14:09:29,SHORT,29226.75,-420.0,True,15.67,True
863,NQ,Thu,14:00,Out-of-Sample,2026-07-16T18:10:00.123452,2026-07-16 14:10:00,LONG,29241.0,-180.0,True,15.67,True
863,NQ,Thu,14:00,Out-of-Sample,2026-07-16T18:10:41.242376,2026-07-16 14:10:41,LONG,29262.25,-510.0,True,15.67,True
863,NQ,Thu,14:00,Out-of-Sample,2026-07-16T18:10:41.494033,2026-07-16 14:10:41,LONG,29261.75,-285.0,True,15.67,True
863,NQ,Thu,14:00,Out-of-Sample,2026-07-16T18:11:10.671316,2026-07-16 14:11:10,LONG,29265.75,75.0,True,15.67,True
863,NQ,Thu,14:00,Out-of-Sample,2026-07-16T18:11:10.671316,2026-07-16 14:11:10,LONG,29265.75,10.0,True,15.67,True
863,NQ,Thu,14:00,Out-of-Sample,2026-07-16T18:13:00.762375,2026-07-16 14:13:00,SHORT,29247.5,-255.0,True,15.67,True
863,NQ,Thu,14:00,Out-of-Sample,2026-07-16T18:14:38.113712,2026-07-16 14:14:38,SHORT,29250.5,335.0,True,15.67,True
863,NQ,Thu,14:00,Out-of-Sample,2026-07-16T18:14:38.113712,2026-07-16 14:14:38,SHORT,29250.5,820.0,True,15.67,True
863,NQ,Thu,14:00,Out-of-Sample,2026-07-16T18:14:38.235969,2026-07-16 14:14:38,SHORT,29250.75,75.0,True,15.67,True
863,NQ,Thu,14:00,Out-of-Sample,2026-07-16T18:14:38.235969,2026-07-16 14:14:38,SHORT,29250.75,150.0,True,15.67,True
863,NQ,Thu,14:00,Out-of-Sample,2026-07-16T18:14:38.235969,2026-07-16 14:14:38,SHORT,29250.75,425.0,True,15.67,True
863,NQ,Thu,14:00,Out-of-Sample,2026-07-16T18:14:38.236290,2026-07-16 14:14:38,SHORT,29250.75,335.0,True,15.67,True
863,NQ,Thu,14:00,Out-of-Sample,2026-07-16T18:14:38.236290,2026-07-16 14:14:38,SHORT,29250.75,670.0,True,15.67,True
863,NQ,Thu,14:00,Out-of-Sample,2026-07-16T18:14:38.236290,2026-07-16 14:14:38,SHORT,29250.75,495.0,True,15.67,True
863,NQ,Thu,14:00,Out-of-Sample,2026-07-16T18:14:38.563853,2026-07-16 14:14:38,SHORT,29251.0,335.0,True,15.67,True
863,NQ,Thu,14:00,Out-of-Sample,2026-07-16T18:14:38.563853,2026-07-16 14:14:38,SHORT,29251.0,670.0,True,15.67,True
863,NQ,Thu,14:00,Out-of-Sample,2026-07-16T18:14:38.563853,2026-07-16 14:14:38,SHORT,29251.0,500.0,True,15.67,True
863,NQ,Thu,14:00,Out-of-Sample,2026-07-16T18:15:00.820653,2026-07-16 14:15:00,SHORT,29228.25,50.0,True,15.67,True
863,NQ,Thu,14:00,Out-of-Sample,2026-07-16T18:15:00.820653,2026-07-16 14:15:00,SHORT,29228.25,100.0,True,15.67,True
863,NQ,Thu,14:00,Out-of-Sample,2026-07-16T18:15:00.820653,2026-07-16 14:15:00,SHORT,29228.25,-10.0,True,15.67,True
863,NQ,Thu,14:00,Out-of-Sample,2026-07-16T18:15:22.610873,2026-07-16 14:15:22,SHORT,29218.25,-2190.0,True,15.67,True
863,NQ,Thu,14:00,Out-of-Sample,2026-07-16T18:15:59.713108,2026-07-16 14:15:59,LONG,29233.0,210.0,True,15.67,True
863,NQ,Thu,14:00,Out-of-Sample,2026-07-16T18:16:00.935034,2026-07-16 14:16:00,LONG,29236.75,75.0,True,15.67,True
863,NQ,Thu,14:00,Out-of-Sample,2026-07-16T18:16:00.935034,2026-07-16 14:16:00,LONG,29236.75,150.0,True,15.67,True
863,NQ,Thu,14:00,Out-of-Sample,2026-07-16T18:16:00.935034,2026-07-16 14:16:00,LONG,29236.75,585.0,True,15.67,True
863,NQ,Thu,14:00,Out-of-Sample,2026-07-16T18:16:18.370729,2026-07-16 14:16:18,LONG,29251.25,50.0,True,15.67,True
863,NQ,Thu,14:00,Out-of-Sample,2026-07-16T18:16:18.370729,2026-07-16 14:16:18,LONG,29251.25,100.0,True,15.67,True
863,NQ,Thu,14:00,Out-of-Sample,2026-07-16T18:16:18.370729,2026-07-16 14:16:18,LONG,29251.25,250.0,True,15.67,True
863,NQ,Thu,14:00,Out-of-Sample,2026-07-16T18:20:12.093691,2026-07-16 14:20:12,LONG,29279.25,85.0,True,15.67,True
863,NQ,Thu,14:00,Out-of-Sample,2026-07-16T18:20:12.093691,2026-07-16 14:20:12,LONG,29279.25,40.0,True,15.67,True
863,NQ,Thu,14:00,Out-of-Sample,2026-07-16T18:20:12.094107,2026-07-16 14:20:12,LONG,29279.25,335.0,True,15.67,True
863,NQ,Thu,14:00,Out-of-Sample,2026-07-16T18:20:12.094107,2026-07-16 14:20:12,LONG,29279.25,-20.0,True,15.67,True
863,NQ,Thu,14:00,Out-of-Sample,2026-07-16T18:20:12.315571,2026-07-16 14:20:12,LONG,29280.0,75.0,True,15.67,True
863,NQ,Thu,14:00,Out-of-Sample,2026-07-16T18:20:12.315571,2026-07-16 14:20:12,LONG,29280.0,150.0,True,15.67,True
863,NQ,Thu,14:00,Out-of-Sample,2026-07-16T18:20:12.315571,2026-07-16 14:20:12,LONG,29280.0,35.0,True,15.67,True
863,NQ,Thu,14:00,Out-of-Sample,2026-07-16T18:21:22.388866,2026-07-16 14:21:22,LONG,29291.0,-1530.0,True,15.67,True
863,NQ,Thu,14:00,Out-of-Sample,2026-07-16T18:21:51.269897,2026-07-16 14:21:51,LONG,29294.75,90.0,True,15.67,True
863,NQ,Thu,14:00,Out-of-Sample,2026-07-16T18:21:51.269897,2026-07-16 14:21:51,LONG,29294.75,10.0,True,15.67,True
863,NQ,Thu,14:00,Out-of-Sample,2026-07-16T18:21:51.270239,2026-07-16 14:21:51,LONG,29294.75,-315.0,True,15.67,True
863,NQ,Thu,14:00,Out-of-Sample,2026-07-16T18:21:51.481904,2026-07-16 14:21:51,LONG,29295.0,-330.0,True,15.67,True
863,NQ,Thu,14:00,Out-of-Sample,2026-07-16T18:21:51.482291,2026-07-16 14:21:51,LONG,29295.0,-30.0,True,15.67,True
863,NQ,Thu,14:00,Out-of-Sample,2026-07-16T18:22:12.239204,2026-07-16 14:22:12,LONG,29304.25,-480.0,True,15.67,True
863,NQ,Thu,14:00,Out-of-Sample,2026-07-16T18:23:03.417307,2026-07-16 14:23:03,SHORT,29289.5,335.0,True,15.67,True
863,NQ,Thu,14:00,Out-of-Sample,2026-07-16T18:23:03.417307,2026-07-16 14:23:03,SHORT,29289.5,670.0,True,15.67,True
863,NQ,Thu,14:00,Out-of-Sample,2026-07-16T18:23:03.417307,2026-07-16 14:23:03,SHORT,29289.5,645.0,True,15.67,True
863,NQ,Thu,14:00,Out-of-Sample,2026-07-16T18:23:03.431236,2026-07-16 14:23:03,SHORT,29289.5,-190.0,True,15.67,True
863,NQ,Thu,14:00,Out-of-Sample,2026-07-16T18:23:03.432161,2026-07-16 14:23:03,SHORT,29289.5,335.0,True,15.67,True
863,NQ,Thu,14:00,Out-of-Sample,2026-07-16T18:23:03.432161,2026-07-16 14:23:03,SHORT,29289.5,10.0,True,15.67,True
863,NQ,Thu,14:00,Out-of-Sample,2026-07-16T18:23:03.432425,2026-07-16 14:23:03,SHORT,29289.5,390.0,True,15.67,True
863,NQ,Thu,14:00,Out-of-Sample,2026-07-16T18:25:05.467433,2026-07-16 14:25:05,SHORT,29284.0,-420.0,True,15.67,True
863,NQ,Thu,14:00,Out-of-Sample,2026-07-16T18:25:51.946176,2026-07-16 14:25:51,SHORT,29280.25,75.0,True,15.67,True
863,NQ,Thu,14:00,Out-of-Sample,2026-07-16T18:25:51.946176,2026-07-16 14:25:51,SHORT,29280.25,150.0,True,15.67,True
863,NQ,Thu,14:00,Out-of-Sample,2026-07-16T18:25:51.946176,2026-07-16 14:25:51,SHORT,29280.25,50.0,True,15.67,True
863,NQ,Thu,14:00,Out-of-Sample,2026-07-16T18:25:57.204228,2026-07-16 14:25:57,SHORT,29273.0,50.0,True,15.67,True
863,NQ,Thu,14:00,Out-of-Sample,2026-07-16T18:25:57.204228,2026-07-16 14:25:57,SHORT,29273.0,100.0,True,15.67,True
863,NQ,Thu,14:00,Out-of-Sample,2026-07-16T18:25:57.204228,2026-07-16 14:25:57,SHORT,29273.0,-45.0,True,15.67,True
863,NQ,Thu,14:00,Out-of-Sample,2026-07-16T18:28:49.085500,2026-07-16 14:28:49,SHORT,29276.5,75.0,True,15.67,True
863,NQ,Thu,14:00,Out-of-Sample,2026-07-16T18:28:49.085500,2026-07-16 14:28:49,SHORT,29276.5,150.0,True,15.67,True
863,NQ,Thu,14:00,Out-of-Sample,2026-07-16T18:28:49.085500,2026-07-16 14:28:49,SHORT,29276.5,80.0,True,15.67,True
