boot_mean_pnl,boot_sortino
-19.95486303726656,-0.026311028862034222
14.754458907825324,0.0196851648897951
17.00923227212513,0.027445986344849526
18.136162108499928,0.024785071858235756
45.87858961103632,0.056730137944075054
21.234561842532788,0.030706171044349393
56.85169715511473,0.06865820454583128
24.2418290461608,0.033557052291417845
91.74341900200632,0.12403923235039414
9.920106302902163,0.015709220168332098
90.24037949183116,0.1041457355208546
-23.39650093477339,-0.03958021526208853
56.436117854788826,0.06949635947066586
-0.5696202404325521,-0.0008479152320965115
78.34122511730374,0.08997250044448497
65.17031209375664,0.07174186278196817
96.60911386271744,0.11205301097446989
-3.2414756796452506,-0.0052763300196364635
48.457094053022686,0.06102657914749904
55.66636722610517,0.06885361637496258
64.22432387351623,0.06792349758892628
98.16126565986569,0.11508633857936502
70.19999843090773,0.08760818298094375
68.7876050792041,0.08405705867626855
-16.295854215462406,-0.02255695916838243
51.91742044690398,0.06771618623278744
26.27237295362272,0.03257571259617229
39.097041722654275,0.04385094559279324
55.3277958395941,0.06756489820958557
85.70016714534842,0.09849206512976756
104.86970868887035,0.12113795346235388
-56.86869321221658,-0.08013944780320492
66.45581246808518,0.07839995961663054
4.548249874623512,0.006103751537302173
18.814087646464078,0.029849975550479545
30.078676690924386,0.03381690323195257
39.52037557852351,0.0483278755771258
84.8937920505654,0.0937213030602991
-14.495320766727039,-0.02046372462824304
-8.939764285841637,-0.012425572924691665
68.26441315093322,0.07776434075764707
1.5469571264738402,0.0021100866524801608
51.39264438020305,0.06218567535059748
34.86028328254048,0.04282757709411238
13.38928716536706,0.020789021490975352
-14.075110287759188,-0.01971767870552903
-57.939813519759035,-0.09420438072205796
77.47078864639977,0.08490259166388976
86.6989376656316,0.09210508578727336
36.49434124963637,0.043002538290248506
65.40560884891224,0.08883237725852042
115.59256403622065,0.11715010783166001
33.19488743695017,0.048244813366714476
12.013482780638862,0.017913888326825736
31.50684241481021,0.03898230128165713
79.14893440109618,0.1013554771118017
11.33767589160997,0.02023615882402258
77.99455977945932,0.08404391973352858
74.75541348506238,0.08131316777570198
-40.80401918846159,-0.057063239701054695
56.80672141934643,0.06783768385676944
75.82978553911472,0.0959287776731123
-6.673324644061015,-0.010460345229260985
100.50119107104571,0.11517750949050283
29.437792974671233,0.0462150262261226
3.414859262243362,0.004691407349343017
90.07173941990825,0.1032855108158182
-66.369273018512,-0.08415424104598196
55.768677477523845,0.06969846419102317
78.23389989156134,0.09328335379246717
24.150696110127814,0.03972203479761562
14.527186436521387,0.025302089383812273
-55.43438789791081,-0.07375503599281306
23.74200579602063,0.030646674302484165
33.4666583801309,0.03934240681194492
95.26044803153472,0.10759480010886818
64.59269906345773,0.07723128215746136
65.24063541544949,0.07782785166948869
39.7974208415817,0.046142253220783296
-24.214290557695303,-0.040099833687179065
25.04993892610733,0.04327213983733878
50.97913208685181,0.05894021575541539
51.89417061921598,0.0680497620386845
48.10786806705723,0.0574823120305029
49.14145064068833,0.06082096575223874
73.7625512982204,0.09544398716747982
6.122920612317981,0.008807531131756797
-37.60736112260014,-0.06368210695800336
31.544060093843832,0.03757936636335571
50.018415088262785,0.0587474437496958
75.95953064541078,0.08530899151913299
79.65516794424207,0.08654105212394558
108.66070875043438,0.12237532553683045
49.621711173177175,0.06009769287141151
66.86963054119873,0.0859573472467401
-16.32704366021936,-0.02480520366685729
-7.370441293991001,-0.013849472665480013
57.71610914420418,0.06429440315141538
-7.878457860475762,-0.010446688348276893
92.35155052473128,0.10516610520462019
66.89469489218133,0.08111806239220352
19.385474427036065,0.031121065201514964
-9.94422438888291,-0.015170028523058763
36.45060599908045,0.04623819016608188
73.93144996040651,0.07515394933858686
56.230157473316744,0.07156581581354982
95.0623757431852,0.10742184088886726
97.89999781176448,0.1055924213497791
-56.933742949311466,-0.07883615682800886
13.12571014929667,0.021975665284687775
12.799363561194713,0.02033833959171353
-15.619922946699402,-0.021425542952115666
117.26593687405018,0.1226704897917104
91.42664363404704,0.09624228801936756
56.4249489528031,0.08956094394942497
-14.541896332289419,-0.0199121051426809
5.205173699857061,0.007843189943787078
30.232245716260287,0.0505001344651491
-37.200525891288045,-0.05395050468238723
102.37730319430999,0.11687975246638015
46.444614494629,0.05322407840927146
99.88131871691091,0.10541161319906661
62.61904377183872,0.06711129066175218
-31.40575009674881,-0.047031756865673235
52.86256182291059,0.06120138412447214
-1.860801837809234,-0.0029354000335940524
50.90766001533546,0.06214999885556308
36.72755714325415,0.04413074882135001
-42.05542631172005,-0.08803236098637382
-80.04629450712216,-0.11110262792660794
21.24702503210078,0.032179390654030936
78.17869241064561,0.09856070753029977
91.31914689502817,0.1047531496376221
70.16323906050808,0.07707922930890278
34.51993680367881,0.039754783437167936
51.44053486361476,0.06113218179805271
42.297733682403674,0.08685454600595886
75.99999830126762,0.10098485117456185
9.469020618820442,0.013271499478193905
31.773464978185366,0.037412235102349305
16.467655697716985,0.026779393439629453
64.83435872877367,0.07334303227741844
-17.590004129931344,-0.02132966208028723
110.3743020347124,0.1184758558181131
90.61686326462821,0.09773712841248888
13.74100688710916,0.026913369558318547
-48.87671743231279,-0.06228679876179227
20.27912576031844,0.03527799890773966
29.949874017284927,0.034100221364606276
38.54406044115509,0.04447216708967897
76.40711049327157,0.08733002374533418
-36.21710941318032,-0.04539513256459694
51.6514942941337,0.08241630954715264
84.75512388075381,0.09123712014867195
-9.915540318910939,-0.01749425825505394
36.64434686035041,0.04667312838344562
68.74601146831091,0.08064485519508192
-27.053211568708655,-0.0414523890807361
85.2286698834968,0.0982141674837687
44.077402684371485,0.0533509304775112
117.7781922780513,0.12402159921242044
13.894304955211584,0.016307678568967397
59.62248499416203,0.06990693359364614
-9.869451476528502,-0.017156254801227098
74.8606503569811,0.09491156620551212
-24.133771390392724,-0.03456689827895151
96.3402040321956,0.11630288147891368
19.550556740642676,0.030596430137008614
-69.77808443201647,-0.09646907857784744
-52.4154650491937,-0.0831242514794728
11.771116903107563,0.023070009040307836
-38.081394497651694,-0.04738222982520707
70.83391255612295,0.0890120468280101
49.22825757610804,0.06146977873636276
4.60089270155792,0.005793960156756525
99.40851681408726,0.10689630482697637
83.37708644186611,0.09485248902974208
74.89409133188886,0.09028787464266583
84.06162277093621,0.102255772159706
58.37993647418232,0.07571671541228286
98.71917277763356,0.11084998339511264
76.98251123864202,0.08854383826718759
60.94339486422404,0.07326136988515503
68.62378305850987,0.0891677853188078
8.086413988268653,0.01329623899751408
17.43361649250634,0.03140323152595708
117.80558757389495,0.12207846751499753
77.56311075469533,0.08515397485871139
27.266354530736386,0.03951522561089344
59.70065883953461,0.06808206662013411
70.44336966147374,0.08294845847984388
83.13360384216443,0.09301261607273127
83.83477001270663,0.09291670418817759
32.04100580759284,0.03766285144373964
68.32245634525358,0.08761367718020077
62.18326193830406,0.07716319487911291
85.4483982601663,0.09562826723033808
37.39633474754046,0.04410335890020893
84.54183077966549,0.09481646349978201
67.33332828078782,0.08400273856638094
-17.223436758407058,-0.02325808735692259
52.00799521905183,0.06650660904114175
-5.571808386098673,-0.010345428737028933
69.5783669140965,0.0919658005227375
73.07406825268708,0.08244953442680399
86.4504682085265,0.10436680443323662
32.265860305992135,0.036958993464008646
49.00252415723346,0.05408169793928882
9.49652756551384,0.018707530628362404
44.852779804441504,0.07824276464272266
20.692427457698674,0.023247308482892762
69.05772341399474,0.08696912838533763
-53.05406509279403,-0.06686834422768063
71.5856606113574,0.08066948934330069
87.62711668544907,0.099963474203764
2.560965523470634,0.0037203783898281826
40.736195408493465,0.05578394695420734
23.416008495777138,0.039145124252123416
86.85891353188887,0.09478479032033109
90.21191851340777,0.09844253669853899
70.8929620098539,0.08145094722787016
34.083064249001396,0.040969291173082956
70.12163735711506,0.08186149691496811
61.68717527129482,0.07962685273491393
-35.708608473373566,-0.060276922665702164
100.41472071776546,0.11283897924790456
74.45384717316924,0.09182971891241294
77.47005476309599,0.09621065953735349
-19.779917026935287,-0.0284161946906109
44.67905305539937,0.06114261222789565
124.69718031139232,0.1265359895484366
31.722932934709007,0.048651484067423256
32.99676008893833,0.03987777633093709
10.96446216802305,0.01662772568671811
-22.088457151368754,-0.028963812001470638
11.573159441079273,0.018831663288634292
91.22349886953614,0.10268940725235229
11.86283620067999,0.01791911007464173
64.02688530193981,0.08452184493867408
99.58444615521395,0.11144394771358969
74.89054350504297,0.08150717962227441
68.85532437511297,0.09311913910881643
-11.62634990558591,-0.017468627478996482
53.14285595502172,0.06366844664854568
-8.767705186462774,-0.013567581185784855
45.32778797752032,0.05213151750002625
33.05232045977093,0.039332792677713176
30.65573084061261,0.045197228674819304
85.71320901105915,0.10346471858810848
-38.424014150537204,-0.06048845465882097
64.70327178397412,0.07881853285645998
58.35733762263218,0.07478078201099632
8.739749268689712,0.012034585788052544
4.572924308958548,0.0062452595364220695
61.091305949872456,0.07819021357717579
82.28764294837259,0.10617234315564066
112.12989802032517,0.1327330806724881
83.85338158437744,0.08951788900482262
-29.61155712869143,-0.04176116081649751
20.807338984461005,0.03469168660436991
-10.520244051266308,-0.015021337171095647
62.61573236107962,0.07836178976742882
80.71761779908782,0.09458415776462485
44.37598636988874,0.07243798964803966
40.2243966842266,0.046180029400082985
31.559481189205897,0.03828587802250115
21.043477790511172,0.03559277739629037
21.947449277597013,0.028063960279830297
72.98581988657138,0.09182735458745941
27.24457793352957,0.03486647950454891
78.29622725413932,0.10281504432174872
14.652406089605494,0.026692538164136734
54.24811342016869,0.06431438962333763
12.734082112374823,0.022498224765387417
60.568883514536736,0.06894194137039743
81.15144577627049,0.0921697645542764
68.65367795480296,0.0950331312404869
19.755500780924024,0.04068471364323931
80.8533063407446,0.1042760226510958
9.799774734281723,0.014925663536167333
2.308250844609213,0.002590256203236892
31.471470768029267,0.03652854104652105
36.47930869040174,0.04165504735942539
50.21885997473067,0.05767922771334106
3.1895424123683007,0.004690316421045743
8.227017063466247,0.011934450551107331
8.964857802375189,0.011903211113152071
32.66609037190267,0.03850100688342137
7.846139753552542,0.011072986014363973
62.71611812841408,0.06549282106356004
-36.77736695163951,-0.04895862729015911
13.91054496075102,0.02185122018977324
-22.333332834144432,-0.02900788308825993
-34.7736085371089,-0.047213890254804075
68.8241190646761,0.08505744693026024
84.31279164443225,0.09498032018648503
64.78740967170265,0.07850042366745388
20.543799354860766,0.03213529171880277
15.177847395536874,0.021759755273763736
1.6208393270130959,0.002240620571381832
89.7947194005562,0.10853741221210673
-0.2249999949708581,-0.0003934540578114605
66.814860717798,0.08841315984158125
49.81555259696176,0.060924128799336084
56.61775036831813,0.07226337841113938
83.33930583641514,0.0877574392367147
46.97771167761352,0.06276491807051732
24.89570496501001,0.03723319738157997
34.39974556034169,0.040329814218650964
72.59927169022606,0.08442608731211192
88.41595659503193,0.10048364811533991
37.815325579990635,0.04621523142815003
95.4618361732926,0.10659451328717097
96.55713147439461,0.10201847685669387
66.37023171487715,0.07364511226577046
51.29422183011551,0.06447496126065064
99.02244528848611,0.11257498531681075
87.29880840561246,0.09610957417356743
72.7876064908254,0.08516400455802249
90.24761703042756,0.09781314030110104
57.20465386022941,0.06896139830980101
67.15710573084188,0.08068935508333916
61.56105551454753,0.07409183699308873
66.08598143895126,0.0843703564544134
75.00414082559803,0.09303648199163111
-15.491015591644503,-0.02327045013565443
37.24604882888546,0.04640310625613462
46.064415238380235,0.05594768132352167
50.624992137641755,0.062041012814587494
43.6931370341764,0.05230806019985912
66.91519228742585,0.07435486013841652
70.66432617734985,0.08753660448904059
33.637838525299514,0.0390329973845962
48.47270105891419,0.05600844786342166
53.6082966697764,0.06313398377970156
74.93086869025834,0.08742824007950084
10.33875315644473,0.018115844952775382
99.16839695181271,0.11345615140803954
5.242346821599925,0.008095291032207732
65.00822832768004,0.08259820222439433
76.70743008225679,0.10245642443933659
20.601555145542108,0.02942494562285547
63.32021888365997,0.08506761252941981
42.68503671471453,0.05112086849896071
85.97315244076636,0.09426905261082291
-14.932620317306178,-0.02315041029642368
118.21261418017203,0.12642765830287317
75.59037070936108,0.08667269951746752
65.39673461030056,0.07162176911003827
113.01728441023121,0.13379179966187066
76.43523222024582,0.08597410272583215
110.3816717429698,0.11693023477499334
54.438329872683276,0.06628373437856273
-7.885714109454836,-0.014965280985090059
97.78008755909335,0.1081133547122922
-63.38775983908957,-0.07493350814214408
87.97085005163545,0.09914768097910151
4.5828836924989185,0.006712143898735193
51.90246826083818,0.06796013372427653
78.30168601353397,0.09154498530458402
71.88545696319198,0.09152942006050026
-54.853976618832455,-0.07134512671860772
101.61432763087697,0.11422318537998605
54.978718325939575,0.06216376011934514
56.87659062394435,0.07217848829612314
66.0524806436016,0.0749111093271628
98.90403080128003,0.11552984854438862
70.38735826362102,0.08733853809697532
-47.022790971750716,-0.06253532843677143
73.56320996528143,0.08537124004211472
45.946164619619324,0.05611799117663886
59.475087437522966,0.07428279119298832
-21.026791975101744,-0.030078988124184837
107.65097239172096,0.1193938561291247
75.84285221685255,0.0928230222552089
64.31327379165928,0.07024445151750296
-12.335576265350303,-0.018912950612050946
-17.626458749986806,-0.03152642714250029
-7.213877900142906,-0.011362634364042144
-47.83399250566113,-0.06793556943737138
103.23745588644293,0.11384875073499404
86.44171277605804,0.0964280425041665
-12.398452334091557,-0.018746032013722953
-13.254380712838445,-0.018125395824732098
59.76725025069607,0.07532223786611446
42.3606260000367,0.05362483192080002
102.46323300388588,0.11430094771033104
69.54634953033055,0.08864098798299239
62.55067045737459,0.07817735585261905
76.4238969630359,0.090957427457397
73.03175096992577,0.09144554107455599
2.0729860513314513,0.0032209542347293794
82.31423964620144,0.09945391110512167
28.861530857819755,0.03504346442761753
23.263493014993337,0.02569615954214399
48.01679479237405,0.05030090800325966
55.75310083216067,0.06807493621651325
-11.912193850168297,-0.017453098196694352
0.6774473831403949,0.00098373706282794
84.49387011457496,0.09771994238991472
2.027009518018738,0.0031736378645308995
88.09671222803317,0.10468146244148105
14.801437180933087,0.016864180155034336
21.64126563585797,0.033526669698022385
61.835074111490435,0.06924358001880046
-26.56716808587759,-0.0361966321950241
55.483869727580775,0.09756940948052509
-5.885570776072807,-0.008805830219530046
8.221153662396738,0.01391308898772481
-30.219637567432507,-0.04135650832409549
115.57857423424626,0.11950184935024946
82.19620069441727,0.08878137457653497
20.825852317270726,0.024793184470605786
-34.59409516772111,-0.05829111991081748
82.62870430691846,0.0988323743935754
72.38299797225373,0.09277897605343186
17.5020141132314,0.021634549166513174
70.318979459928,0.09076969962161428
84.21559003293801,0.10844344353686326
81.46695333450596,0.0920726256705305
45.601344649359596,0.05691086820865571
100.05672803689457,0.10846504124532967
87.37934455472043,0.10538475583022117
80.72926892483092,0.10830822730053549
16.234925772366353,0.020771803882680726
-17.992749928058725,-0.023680680520675967
90.84323632290233,0.10053595585941953
77.50603418360836,0.09223681811236857
70.6458317542759,0.08975667205072303
47.83146792332625,0.08169785340439507
79.814807795747,0.09217281863850091
76.77900130976793,0.08619150664676979
95.24243681976881,0.11076261730357417
57.947187453164105,0.07098754814768961
36.229961195006595,0.04337028053284229
49.61567334465812,0.059903611294213996
42.92010300333504,0.05185292961451976
27.05220823067738,0.03323520004616087
0.5201342165620135,0.0010140803089955677
109.98424152626137,0.11962688306631214
-26.517412342613017,-0.05766641810029937
-36.67556660346816,-0.056301519556563644
41.20500336452175,0.05396829922758966
54.72906281611896,0.0679300319962896
66.5766259954409,0.08702368495144963
-33.31250396696852,-0.04702115510677833
78.51186854043273,0.08805630206378627
-14.022276914300452,-0.021018589222644393
8.396818029620324,0.014841419752956954
56.29328943953718,0.07308650026787177
107.68092522209213,0.11509613417494169
-29.325396169923128,-0.04458175738585309
52.31029080489502,0.06283198242173035
97.9286246536382,0.10309036429561
48.64306342373202,0.05734442300867503
-13.020061170378908,-0.01830272432984066
52.807630328711795,0.06833239941829379
67.30079530845897,0.0835190010025579
38.0976455682928,0.06626151642241968
80.60731556675645,0.10242393525559296
0.9785522569480275,0.0014922625746894643
77.02914118958894,0.0904029432722956
50.323399281057895,0.06304405882315187
90.94089060904969,0.10521513167372362
64.32882378358654,0.08086508598855728
78.7659010787942,0.08627075611958963
88.84883259366765,0.1036232029929812
-45.13464890139535,-0.07718275724016843
53.293411982452085,0.09578823284283282
92.5768871563901,0.09911743997095027
6.545454399152235,0.009179327763163133
76.43195316012758,0.10057128396716548
52.76133112227303,0.06996976513419463
41.37436625760369,0.05391394034367521
116.78366259386662,0.12402671746587163
-18.91956740424556,-0.02849476346195185
18.25242677649248,0.027827502493370192
67.91535543879277,0.08372285687294082
-8.904598768102844,-0.011958020470554187
86.39434140665267,0.09837151684928493
33.333332588275276,0.052078961556402334
55.82676446989294,0.08496611131426801
-22.292745615707933,-0.030727865202176158
81.62161708066056,0.09442502137326537
-19.135926293733643,-0.028030324093609216
30.679717605615938,0.05160082613795866
-36.99017116337722,-0.04636847065796879
-26.033066614600283,-0.03503855337828809
77.58850287166297,0.09031116583163173
96.66463569695458,0.11451556305278054
65.2246748559001,0.08789277429162408
48.353220876261844,0.057103180241015655
-21.974444176726593,-0.030139327325297283
51.88873199740895,0.06341263548745886
42.84230310283425,0.05378090750002124
41.22356061702678,0.050813475237921034
101.10898219362386,0.11000998692125637
58.64844212114766,0.07352322136336419
6.125284639076939,0.010339299027817708
47.403064765526544,0.05076411344281036
14.634146014364754,0.025774987765850157
21.395339212174093,0.030671545324535244
56.445828824073935,0.06790507262530725
19.807362165146014,0.02845326000492676
-51.35433668379242,-0.0767406085748743
75.80877490019088,0.08316379270570352
92.0737864133018,0.10344145410158954
17.57575718290878,0.028829752742386684
58.05414039181472,0.07662579487747259
96.36363027490133,0.10531193514503698
19.52542329238633,0.03308742052910394
62.553659206480994,0.07862540763294355
40.26825206334828,0.04821324450295081
44.38814824939191,0.05445582512268067
88.57057305120549,0.10380745557018188
55.6804721282255,0.0698724250992204
96.34396140007536,0.10694190444724513
-10.056694245848677,-0.014159194696299542
-9.82808000955165,-0.014814164957230496
-9.97540509449675,-0.013547779679717467
-1.9723954649837112,-0.0024749306327358604
21.12244191403029,0.03756550633644673
-22.296215946070788,-0.03358730408520278
43.135717408542675,0.08202221032196483
73.40959245510867,0.09259776168207412
70.07032513061102,0.08922406134727387
9.885039920436869,0.014811449636939679
35.658908087846825,0.04246794855939365
21.143220228861377,0.03392083924481509
-28.169496006632272,-0.04770285316468415
45.18922422786162,0.05807991658216157
69.13931734006471,0.07976802297873543
98.85234208718892,0.11020581632220239
70.63659519727885,0.090169999070695
23.630225839503048,0.027977760864285533
-17.79730301179195,-0.02743696881314365
76.54387834695017,0.09712420074986003
2.150160308939979,0.002740441442128916
68.11273470678017,0.07388025203626776
39.56629682521802,0.047964570574399054
52.544424413756495,0.06365952049818735
70.47194855839996,0.08749678653612342
93.16637422418943,0.09880212455184968
22.595977557097754,0.040404613905667124
101.69270606032417,0.11647345845111098
6.47831785782643,0.00974104049224293
-2.7045112276117194,-0.0034828904024253493
49.855071349420406,0.06813083278172925
94.04083948218181,0.10690008172586152
86.86799307702896,0.09789800724309906
-12.98118639581024,-0.027166307471273427
7.249149191859996,0.010280762700550382
89.9309568198925,0.10515571328737411
90.03975941886603,0.09909911504950819
36.77446341368745,0.04459801477124513
43.02758701506787,0.0531390860987435
-63.376621960045455,-0.0805538406401511
89.91651558114542,0.10283340981328634
39.322952799586,0.047288206409082836
59.018042690809864,0.07218494486823775
-56.96328195148692,-0.06820768075839717
54.341684485841114,0.0657292752127612
-48.49010352395698,-0.06892810501976952
51.49364052111503,0.05596389991402827
-6.390735822550925,-0.01169224228738741
63.37650980967675,0.08374037738185944
84.46661754671067,0.09276595301325133
66.46278407081533,0.0868527431681277
70.47236023386519,0.08930356467874866
46.09427506398874,0.05704346469249473
88.45117429852802,0.09357346822424055
64.61675031764727,0.07712636726970003
48.8857401726632,0.05798872683087036
98.40542065392124,0.11539935190493167
92.30987051157248,0.10415244907207197
-7.695658557117005,-0.011862415864551184
-25.62433723205247,-0.04491447468603478
87.45288558326956,0.10068001057737448
75.76514508977746,0.08560400598619744
61.30279458456455,0.0669028485596846
32.29834181951225,0.03640761100494776
-19.2399659610468,-0.026049109328678457
21.6194963721125,0.03606240739305706
101.20325539703994,0.11159039513494141
63.373108479105404,0.07865494463166628
3.8888837763004673,0.005276441684162576
-88.3539883315036,-0.11543031010608605
56.45319513829763,0.06599981798289503
53.62415312937306,0.06384677843920239
61.97735369160489,0.07475292643086556
74.21955237193848,0.09561207909479512
79.53468519349641,0.10620306412531792
57.09802729686098,0.07058092308019669
93.02048926592322,0.10463905265171923
5.7354701769955945,0.009353052761367858
-48.14372504096549,-0.061543569370424704
38.85454458607869,0.04601725359779548
66.06078596489276,0.08159994442808462
94.18017264193777,0.10559745220459649
-19.311263837364354,-0.027837597220366245
16.887488314788754,0.025079215518969564
60.56097425611281,0.0790681360124391
42.32301689167201,0.05363437797537267
-19.38348233258829,-0.026778543630471895
-51.03278574457423,-0.07492962014816602
48.864240256512495,0.06171351061298098
83.31398911135263,0.09370430409267519
57.81901898247182,0.06421037430039946
86.42741447457283,0.1023306200829097
66.49800617533728,0.07971989619252537
-2.56303148766778,-0.0038032581076151424
93.48699287311052,0.10699553569699113
74.24475358525565,0.07936914874165277
54.546106953495794,0.06764997634947027
-56.068025957666286,-0.0695805973314608
86.82265537272534,0.0977235883948655
81.86666483680408,0.10590165319264606
52.713720764424274,0.05991826454705663
59.6699127524711,0.07523443853171478
69.14869055253422,0.08271696493669478
62.16131065201273,0.07701379124882686
54.84745026816754,0.0735446354042225
116.73603799988322,0.1261723749627381
50.97865631226846,0.06350675293492199
94.36628253162696,0.10437953373533665
7.433962097988938,0.013332776687731746
29.201377766051607,0.047799567981722
92.91690745579191,0.10547291731432601
-3.685479537189238,-0.00567309698158917
62.293978528781274,0.07935264375974
7.390444265876175,0.010605154077845774
-47.51899200508114,-0.06108886853403844
-55.69647385508382,-0.09521033131975087
7.75973519116832,0.011891132481646294
15.488958644331065,0.027992608487212606
-16.57142820102828,-0.035610243673370345
72.59515408671439,0.08487208826182437
58.66806523602681,0.07242307473594198
49.474067557426245,0.05889733040956641
90.83383482771157,0.10357838641849121
-19.72362333187957,-0.03291774627671434
-30.092837523659124,-0.04599885755996042
77.61066865756555,0.08884417014231938
31.699999291449785,0.035636381797098694
77.07132886717062,0.08196276690332503
25.918514588751165,0.03102552510987007
72.37678693551186,0.0915158149929179
8.020512641240389,0.010483878120076146
64.17564993451573,0.08588717134387953
90.37273984526344,0.09898467562753013
74.3819309457265,0.09311603370906892
111.20862843846675,0.12295134496741562
43.51350859749441,0.05232906521026858
-12.125818083737538,-0.016764952574802504
-3.8343948187531938,-0.006087472681794844
-30.758102863862057,-0.0449683114555852
69.73509777904741,0.07839905222287928
67.16949276523381,0.08448766736865412
-11.367249348465892,-0.015256544115315676
36.59634236062965,0.06695360678370087
79.19846805947199,0.10212532682277098
87.10807137655851,0.09475466220893287
34.42462010476921,0.041197440668045746
93.33933725304253,0.1079333320767281
92.15133579938724,0.1013299751872134
54.3054378413384,0.06815770299352213
70.79685334287642,0.07914974338451826
46.548099202091116,0.05310032199370767
68.35537512538727,0.07559429628375752
65.10999922161409,0.07799831363582459
71.10548364273606,0.08972410143334202
-30.80301627900028,-0.042432794816342136
83.60831806474954,0.10711724009508497
67.42224729682306,0.07710621906921351
-67.65493986132856,-0.09923174737844419
74.42263301863983,0.09688394690066982
91.23111930449733,0.10293320247598803
77.62386959205541,0.08614566557136022
64.28340876999876,0.08106304167147861
62.13007623478163,0.07315624064872284
-60.648043337147996,-0.07310774746522054
82.93317378201758,0.09918011846713767
98.44871714559474,0.1047881763884047
71.53038264255332,0.0862649846152938
81.09221236462332,0.08823020755486598
83.71670515057755,0.09819775701039855
57.63766830467455,0.07416674961654371
57.987164282796364,0.07219744969734207
57.744628780905984,0.07126227228958756
-62.88066943977109,-0.08116932218122062
55.63162059842714,0.06995988488340209
81.6930674809483,0.10557979184699623
41.506062938720724,0.047445719295028395
63.32838998553795,0.07848866548966217
-4.169102710163997,-0.006094726984245727
-30.27244246934949,-0.045772633881933325
-8.18182432495216,-0.010840720431553189
0.5339105219767035,0.0009375074615706652
62.56657083948847,0.07207008779123994
88.0727211922407,0.11176129132956306
48.08666734455894,0.05834397188807617
5.547438528415911,0.00814927951053784
-7.654038983180942,-0.010370574534003564
-6.424167550613348,-0.009209572732902672
-51.88889490860325,-0.0750965236192959
31.55693190502714,0.036057150955581756
1.6559090779353067,0.002554106424050308
-21.146795434210848,-0.0311500533097831
109.3103390658221,0.12117925105023825
23.38680874642629,0.04230948749401206
58.63314162252084,0.07231350630186632
61.327282616781076,0.07667023583369187
58.68887182781875,0.07149832134200522
10.905089436112469,0.01494258470994686
37.9277099956231,0.04523536705266431
60.935563930924324,0.07177049841125036
57.869076336679505,0.0698770499337165
45.15599242254039,0.048799261687328704
37.1046411848087,0.045420059932379866
63.0048845852164,0.08467604302621973
43.00698501680973,0.052510685214043444
-16.297464499078426,-0.021478317913581887
10.959645858524004,0.015700764742634873
3.2185429744175726,0.004790922525420439
44.76394426189522,0.05432383312428331
-40.74734078103753,-0.05628677109471998
74.16063727965076,0.09988129109141758
75.28089719374528,0.09280935271950107
64.98461045278951,0.08087537659958553
25.518701494536888,0.036253895581543544
59.0652966803648,0.06247557811738635
81.45606975200013,0.09378592631885743
52.299998831003904,0.06134399578869938
-24.445963885874658,-0.039293351492442855
102.05186305108316,0.11261302296776697
78.8087192761568,0.10340042023431399
13.544903903893957,0.018242964936743558
70.22512223346992,0.08337339597260104
-34.4192025718289,-0.05159579956377643
53.50703468698429,0.06643548350180827
45.20287631497765,0.05123012185612805
66.70276625877612,0.07940576915444207
78.99233120262035,0.09370311634555184
48.250442971252106,0.06152184473090398
72.68224404982779,0.0858435037068891
52.007812677628806,0.06552048986526354
-26.565430534951354,-0.03607861491192599
2.601839626469844,0.0034396384436923854
46.78630192069107,0.056120117132327035
53.73549414068252,0.06998912234092866
78.29555582022083,0.09956372033853386
101.93931686300242,0.12037904690230719
50.63846293590064,0.05915571829030807
71.2685898330946,0.08662457342423055
21.928452817639126,0.034155446082102435
69.68943688212849,0.08060731999582547
101.94573240230481,0.10928985624392402
62.09388495851779,0.07744900675816328
-54.683402656102444,-0.0629630501048681
-6.765063657758543,-0.009065349192802663
59.693959920283994,0.07434490409647819
50.19076710605371,0.06459094207968817
25.860199885102322,0.03578857474386957
-16.445366160771496,-0.022689593995428543
99.68453832027771,0.11007972690532239
-47.7876162225694,-0.057706173854166355
25.624539585684744,0.028545046579275785
74.22665228025026,0.09327218838049309
87.57470548726702,0.09867828966131195
29.433543970869238,0.03382615935906724
-13.051713511798786,-0.018922490296591064
59.935743681886265,0.06604183518809859
95.40088103383238,0.10690897335301383
-24.955758325821552,-0.03453046940091684
47.90560364899031,0.0777740982488611
63.9514496642922,0.08107170433655692
40.58295197317149,0.05332721124586345
45.03389346536437,0.05776088065641083
18.890565615498794,0.022845882684804183
87.30140770796656,0.09702450096225519
19.722384772436374,0.022556322005838302
65.21779279620753,0.08157919818147702
3.4577921305045294,0.005682030998749367
-0.7091237512968581,-0.0009675575704391119
61.88982529199476,0.07473027113672823
67.19901199258075,0.08448871828983656
40.41328187935306,0.04769596287685654
-38.6960630187264,-0.0508579477062027
53.04517015391189,0.061433226206033795
9.049014971171509,0.012852573830117715
79.26004595160695,0.0976711576589745
16.26759889963225,0.025121587962008734
68.89176551971856,0.0888062874502482
16.878246737103293,0.024960358562955608
51.517178627966025,0.06650393846343801
-30.176220742025595,-0.041976607697847335
-35.15217804374256,-0.045551810012753116
66.92307180295195,0.09139961779964079
63.74799774083317,0.0789268800354428
69.0486061046853,0.07462884117064203
47.33663331233486,0.055104585332441926
-6.8710501310878715,-0.008597494987749798
18.49924320285862,0.03258875201379881
49.33870492695319,0.06124573719946841
67.39373985441952,0.08751349695030321
69.915964823811,0.07633332327292436
1.6725924619045809,0.0028724639012863962
70.68236312670835,0.09407195717897451
117.80352381524871,0.12638362713111773
-14.168066910209776,-0.023110564493930327
65.82672559547566,0.07455948547316882
58.79810982236736,0.07097426705602594
-9.683195375850215,-0.016058965687732178
99.45267564741344,0.10484569015099154
59.41369888158151,0.07578980723184812
107.42299554552079,0.11808630249148144
14.591830639282641,0.028187895023586054
-16.933145730669608,-0.024571671751782508
-15.319409976994816,-0.020994780297215618
-4.578319962574078,-0.0066481527326837766
43.60629111493195,0.05145511140243955
-19.72727742621846,-0.025686810019083513
9.985908899193898,0.016773046748125485
-23.040758925592286,-0.035019052558229624
72.46760466815059,0.08224236817344154
-0.48816566956201957,-0.0008946526063919353
100.09445307860304,0.10897588394782357
35.840171267892394,0.05676584819123814
-15.17956391913376,-0.021737426146667096
95.78218691685323,0.10155952211357137
16.0846461524408,0.025466908131458937
91.95212319838082,0.11144352490192226
101.99216610013096,0.1068065306072059
-70.12598268453061,-0.10093219688052484
40.03083601881194,0.051532035931221645
50.77226713624328,0.06429113632547984
21.32578406407645,0.02461487103175844
100.73897773264828,0.1136012302726178
40.03412493870119,0.055780066659048375
15.57251873589654,0.025901402423694427
10.12323124714613,0.018145695779892272
11.776149951991066,0.016252583402032877
43.313248151409944,0.05013755355971162
84.5192790284075,0.0989046807265179
13.215739189001404,0.02009786494763315
104.15434906769954,0.10868479418415886
-29.12776903333991,-0.049617659778292515
35.60373685462082,0.042657368756458564
-45.48387658320741,-0.05870336718128769
70.87480646778644,0.09186160636834859
102.82150802011613,0.10887558950708834
88.70153935319043,0.09832891725038287
33.43283507361341,0.03810352770140015
111.31243109326972,0.12058426882832139
57.964528755973454,0.07179307466859595
-17.687499604653567,-0.034630527789183754
94.40303446687733,0.10317482061165945
45.92643916490979,0.05541154780194298
71.30112305272527,0.08324589518082129
20.206337057564657,0.022622770788295152
75.4731972604786,0.08605216616832408
82.33153988717743,0.09340903910486181
68.39023291784294,0.08523426769935975
32.06720162071478,0.03811963296740111
4.633093421622146,0.008312069710878183
105.59655982375718,0.11430707043313154
82.42359446188237,0.0911424628385051
31.67087964260878,0.05010573257072677
13.319530654409638,0.01997128974130438
-14.669676133216166,-0.021014752505144202
80.19216376558464,0.09529487084390785
16.638655090281944,0.020724031418355382
102.3705418813894,0.11056544589150105
28.260488878818347,0.03657037454590557
56.389134917795914,0.06944887825395818
51.79820814476121,0.0646280228084075
54.03145574594521,0.06671946170171854
49.09018877616647,0.061795556169507576
-28.785357093701943,-0.05635974252881271
72.9085407068749,0.08946003309045457
82.24043257398792,0.09396954409863842
28.29067578447312,0.03252276893519512
-0.6280265932066087,-0.001029362987374829
22.83141598215175,0.02671659275326878
39.12552484966635,0.04810043237623382
82.82926242968723,0.08656691648043222
-8.484848295197342,-0.014210636016927979
56.58269854795771,0.06889540146863714
71.92722211197781,0.08019000724486466
95.94454247662026,0.10217868393105974
76.32783712177869,0.09645418862621845
69.0295553320839,0.07947502126335242
46.64351398590951,0.05517770705595462
68.06309705614834,0.07989268805015161
102.79859840192239,0.1132890131643735
43.178028114598696,0.0476188641515599
50.03462700016828,0.06313556491281351
77.12145873951336,0.09911998488167317
43.71063352876648,0.05272341883340325
38.87346482654006,0.05291755627469906
54.41352921752328,0.0713041262855546
-13.640261497149137,-0.018674440837964643
67.29919301226256,0.07745681789061634
97.26100271710983,0.10971748916227955
49.55858274211995,0.05977126052196109
-24.444448086122684,-0.03347053604915936
56.68570563403925,0.06912127339451588
108.7644699829666,0.1186909457372794
96.59049760667094,0.10928210117735411
73.46991989225695,0.09467047035540246
4.521879963757926,0.007684665217958252
-10.587058031878776,-0.014461099389627322
70.3028568833459,0.08009594769493598
80.95111805645445,0.08908505174123695
63.86253220191114,0.07891948913211794
63.30458848773574,0.0685545347313379
-9.300535503639821,-0.013486759956087134
-22.970405959191474,-0.03135367516154118
3.543742999417969,0.004665558962562774
92.32931116867655,0.09906652232141822
60.19574333537132,0.07326573182403363
92.30912270395561,0.09991812831438551
6.385532117735356,0.01151990020393351
31.87545185812913,0.03777128508414044
45.92891292890265,0.05314406118721261
83.40975444187913,0.09462782729837366
1.6931216552774742,0.002520801407448745
63.81071505353627,0.07934702288558475
105.65755799415093,0.10934326286281244
26.005742212693225,0.03651800511015468
-39.51136789310048,-0.050960070603253624
81.71333503831157,0.09520015770204374
72.06643728384127,0.08253128840818312
52.99762779314809,0.06246647970137892
-17.179855731108205,-0.02454580132869981
64.61026471554383,0.07930824365704993
12.06942856195143,0.014175354780883298
16.25987672172585,0.018472670097196407
-37.000004143423446,-0.053333517302275445
-50.280376935116614,-0.061829539353600624
-54.208997336955655,-0.06628426976017628
-0.14131417749047653,-0.00023924883290989932
62.08014265228885,0.07427158044165577
68.71416651508909,0.08723449859131309
39.36739204537548,0.04771149450923098
83.73990119773418,0.11071302951003581
99.64492706708211,0.11120809138022125
52.91197536582968,0.0669149708437878
41.802009893185115,0.05216292667044409
-2.2685184678131782,-0.00341893413284672
81.92556207221978,0.09106558942382195
40.64291346416566,0.05766689511838487
100.7425220861758,0.11404738784882365
-11.055480131781149,-0.015627912255738386
39.0403578717746,0.04626428293585404
7.971918698568798,0.014301896315550452
73.39106972640735,0.08606456370232697
46.84622813997668,0.058969741658217396
96.89075413684384,0.12766249510397618
7.724867552203476,0.012610101854926758
-8.548223159186126,-0.013295349211801246
60.06960072764248,0.0738810358765383
59.090907770124346,0.07478944827828216
21.723625071645667,0.035640284443241785
82.13254409595307,0.09790940138283764
3.7186628695276456,0.005710697369110846
91.4337740661995,0.10103123071308472
66.07583234889732,0.08459172841177738
12.694300234394987,0.022141413380914535
39.88923961473511,0.046395001451239946
95.95133626885847,0.11014453430872334
51.48458951932875,0.061369640912892515
114.71055191082121,0.12204438948213758
32.73182317427822,0.05078211924230858
29.3808152106376,0.04302255360709275
73.57420373453307,0.0830761521879672
94.69398201118562,0.11005503106292804
-32.75477633793737,-0.04804024501483424
107.42660662547759,0.1109007613267808
-6.4138874184618135,-0.00993419662609895
61.10186660162747,0.0832407940718462
80.78312799971864,0.097028371364217
76.809334290349,0.08252878383868623
61.476821467128204,0.07712109869688531
13.324595191442803,0.018214105615628754
-29.55763501593276,-0.04378319756944372
59.81464185117571,0.07830800708539447
23.128763018044758,0.03638496638539722
88.78652627271005,0.09830106734450139
70.32434998222469,0.08374734552951897
102.71337350035549,0.1191748638545659
-21.689094467525724,-0.03182346855574704
60.40029393227662,0.07490916018849592
92.96625856933777,0.10361054473380174
-20.04729156868963,-0.026873558329430274
80.76922344118901,0.08663389036748811
19.010471608728256,0.02948170828366936
89.1705675987477,0.1033988729172358
53.121640562997825,0.06539382445681514
72.53622297917441,0.08912853062651464
58.756552993804775,0.07067323063161614
5.742565986677697,0.0080178418409908
-26.51261078428573,-0.03788298718797162
86.46700999305014,0.09349494058774975
19.95975810517248,0.03496356504302116
3.3259322469487915,0.004810686909770959
57.686914598447416,0.07245794771294577
20.587773834498233,0.026881233928684068
41.15747583352439,0.04790833107977163
90.64409339181346,0.09734893051460244
94.27889865366865,0.11047235496961022
88.747759183239,0.10106446353656223
120.79921757283151,0.13256349119558133
64.64486746186543,0.0810620891072525
48.69483034529595,0.06058398570619703
-10.210526087566427,-0.013799812425414306
63.38289148573758,0.0836422581544264
21.853141093014404,0.038644468454226144
1.9310219620835816,0.002774230658573712
18.29019037741551,0.023870722359379246
86.93356327266207,0.09888783730803476
82.7675478956735,0.09335159988528968
79.10385082820602,0.1016650692132464
-16.49265501194376,-0.02508941716778813
84.09263484430532,0.09389851970565809
69.67339731810806,0.08806618069957459
47.38317651099691,0.05530311249660825
7.938377729912755,0.01211709438814184
-28.305084113094765,-0.04246013705040145
64.5602226466024,0.0760185637186377
56.678110321128315,0.06674524963688076
71.20967582769451,0.08244713868410339
81.37477926694626,0.09537036598393624
-19.657287838591813,-0.029865854716597647
92.78110238393188,0.10615713419315315
76.59784383192029,0.09229968164443145
-53.97590240800237,-0.08481964310239466
26.579148931608067,0.030111373927661906
95.7149279406505,0.1032067364899099
7.877352980650805,0.012619080299850363
34.24819061788225,0.04282461756769269
32.78392025586884,0.05110742360252393
68.77655704411589,0.07669856600543477
3.0422220787394396,0.0046057477558725845
55.94516978336809,0.06662059176075559
85.41323642184742,0.09904769974997743
45.22503611086746,0.0520784178746643
65.43443771594131,0.07696560085907657
97.28377317705824,0.10573687744060563
50.47510687733801,0.0783266232498836
72.108838506837,0.0948071234679075
54.39811275646881,0.06842642293245922
44.296352881506465,0.05309196451124244
38.94565366223007,0.0476449632148142
92.39636106760342,0.10486193730480711
61.524022648854924,0.08375342667746781
-15.594405245843467,-0.02765936953485862
-9.142090948473353,-0.012934147130709927
69.0039799470554,0.08005481422386364
56.65197826607786,0.06116393841735984
69.78847070626321,0.09170477327681725
84.57245535538284,0.11062656976849906
81.99647497287303,0.09192101893778537
80.29538003719769,0.08964718633260357
22.07774749580002,0.033723252631861725
45.07716834817495,0.05450968385696972
-10.27972456853053,-0.015906828682967375
61.97194907660811,0.08024615182520534
-57.61006729482857,-0.07145828780856896
56.503491726093905,0.06655150952391317
-1.2615039443374654,-0.001959978396414195
-39.73063884259073,-0.054876463863820765
80.6774126880111,0.09266301315870146
54.24242303001158,0.06368671066771699
58.699182002525006,0.07699990797390148
-34.49940700474928,-0.04643378714248006
-13.60795424129306,-0.022547658572731815
80.43580236990614,0.08645480934702322
83.86252578787524,0.09357544664421923
79.40733169350047,0.09916083125437043
3.1463623835759607,0.004554857720562552
-41.133906253320355,-0.057166326056377365
-38.287372148564664,-0.06024652998151686
11.504648150045252,0.02110879176959833
61.58007786097204,0.07156571107139971
83.42354346686754,0.09230615659413444
47.039646525674456,0.05900882193505952
43.28724594251717,0.05139280686692586
83.16150239703988,0.10209342620173899
6.7100370247401715,0.01123547856853148
65.39759949096106,0.08295488809830297
70.38619027300848,0.09280068250432127
116.41562702317142,0.12114515362789954
27.18130250859784,0.046726768703141554
86.8369974714171,0.10024747670072441
67.55833656621984,0.07517830832525046
61.43951777229164,0.07144087235928366
84.8449568393932,0.09935914235169828
43.359039305057294,0.052746918455173306
-4.5822453283882325,-0.005741919820327322
94.37458562920237,0.10797776385914862
49.60403888865287,0.05880842402169095
21.261613703917835,0.03189792271819264
23.511904236372736,0.03667124008650838
14.203256240752571,0.019730913167020418
72.48774070630543,0.08083339934020844
60.840409855315194,0.07673831137160081
58.97137956116102,0.07017012498637991
21.599987844690162,0.03493861813317221
7.8752346717358295,0.013307151695705488
40.51545368595833,0.04834015498640441
-11.134868172168927,-0.017728000629594346
80.27308694222364,0.10275140408204496
95.46553873014568,0.10258029310750248
76.92106981311842,0.10243394016115251
-6.0945384784495396,-0.009031653874251208
56.99856981688083,0.07298719338629121
91.1329380963751,0.1045701804870602
-33.51097812730132,-0.04490514002290341
23.70845223610292,0.03405018230306836
5.685351083049315,0.00841553909566883
88.72243347533058,0.09832186493681605
80.19745043674662,0.0905125044038412
68.77061632012291,0.08038860050853627
27.968835454352885,0.03221970357499833
78.67585823083746,0.08266540249366894
55.56271953004875,0.0692630208499614
11.735616324704903,0.01694343894332548
12.018977709699529,0.013591057159223669
24.11717442081072,0.02917878126879936
86.42454507102066,0.09699767543895949
94.58332325602953,0.10829360109461007
-3.9373296122663026,-0.0057757607228915014
27.74669502751505,0.04416525913449468
-54.25602619012483,-0.07051893209877601
44.17026991957279,0.0573434128354314
-35.95282047243281,-0.049713023981424055
-14.371481855132567,-0.02887878990604707
70.2350249653788,0.08886823344289155
0.5545615259898514,0.0007565663089438374
-47.99065841692632,-0.05774364264084678
95.90145109098275,0.10755230249188218
-50.192924923116756,-0.07861862181553318
-41.875011913732415,-0.05971294317443456
73.31877565377404,0.08040473211249718
93.16989013744663,0.11005365472352692
65.92945550931759,0.08286767376065499
105.35287810089604,0.11684309717548073
69.29486299745545,0.08927281658772793
93.16811580098641,0.10980136563568706
92.38798164168863,0.09751203808322854
64.43849777809939,0.08518552016949849
30.634005078965373,0.035083370000411215
36.46903143373558,0.06333891264359244
-30.178788983495092,-0.03963397402839142
44.44195656155766,0.05682461889658262
64.82226245245182,0.08243561633132922
14.369255359788658,0.021984571089957383
-14.041519250370516,-0.019903299258845677
29.132381373714715,0.03552582626403609
96.07850817489366,0.11000062800406482
99.64527449518613,0.10958116309150866
61.512057994300555,0.08026790583033587
12.892851470038277,0.01919628359903255
10.170854044020475,0.01685614527297268
96.8698018407475,0.10694334897716418
37.86053798100933,0.04321227286171902
12.13033672371433,0.01752689976422683
34.983154048371766,0.05309525810722681
72.06243925966682,0.08956258231099214
-22.957427016319027,-0.034000004905098594
-46.53091902028471,-0.06261218333860304
-18.64333552004736,-0.039434038044488605
32.66829238718914,0.050953143194346566
40.290451777364694,0.04725014434397315
18.97058226825558,0.028986547482158266
44.05918925748565,0.05319796474845239
-9.228242815079165,-0.016134367430123243
-35.98075617073392,-0.051935191383875756
22.24269608793901,0.032399390935475975
104.45859639128302,0.11785765969318636
33.552518464389465,0.041556347912664535
59.55166696443428,0.07506114677140228
41.80817516614337,0.048564222117133155
5.842245858720439,0.009921197371404676
84.18937141522359,0.09154938897194732
-41.20056405084702,-0.05678233278386798
90.06062243556266,0.09465391010970696
96.32399971830479,0.10970100235553969
72.5847726631362,0.09037022951792133
48.78390092184329,0.05763905350337835
45.32625088369267,0.05602413735668909
100.07528865978907,0.11191490770054163
39.842652498347135,0.04481353876909274
25.609429934663805,0.03981794157414672
52.20156491883869,0.06393314083780817
27.671953634621502,0.03208770446914094
-10.54152417430381,-0.015834965808177896
52.92318709216883,0.06654776653484777
58.49384045715265,0.07505448479610159
58.87510539520039,0.07141783785430772
82.19656099842423,0.09675204717341812
95.20081710680381,0.11149067615329254
-2.113743564553686,-0.002843487620964275
51.31104896185023,0.06139764885442666
-48.90095484062647,-0.05990800167253784
15.77730106941163,0.024403051203924123
62.38516456352231,0.07667631264752521
-16.617294747336448,-0.023494465934114032
6.540031633903943,0.010741003425827265
73.28080617121987,0.07982468460806875
92.15719557460771,0.10506189477052696
-9.583338503770193,-0.012105490734359951
29.04627314508794,0.03390382776902962
71.89023728104526,0.08086866129434647
82.08769450027555,0.0953402937284087
-22.393161892636208,-0.03367108997116244
-2.874056610482708,-0.003938382693758006
19.503037573100936,0.0334145455299074
47.878344677048766,0.05881643211574962
70.799044332843,0.08102603776267263
56.96753633554408,0.06942109922759981
66.6249985108152,0.09020187468130625
66.74513000514293,0.06966295275616326
76.46464475552843,0.09887267033049801
34.179266935455054,0.04967195985390275
84.20607410534913,0.09479431088777285
55.245768305853815,0.06776846335928523
22.864515617970497,0.03761069145156523
110.94112667476573,0.1178236497858742
-9.26764895809635,-0.013167346515209783
82.35162487812921,0.08689796359779807
64.51612029489007,0.08460693356355473
91.8346174265371,0.10222732144285131
12.910898620709073,0.0193550425904213
10.652956807717862,0.014668805774196566
-45.61133041306661,-0.0599017792174206
95.97711248948181,0.10452862474633648
46.33947568290566,0.05492272529775421
-28.732568016145844,-0.04013516210558733
-17.681304969513903,-0.02127378812703375
33.83279667143078,0.04144404913161798
-13.660834278628192,-0.01931272195605531
107.74112702708045,0.11304576551767805
74.01433121025775,0.0923849046918706
109.60751131914229,0.11196485089340337
17.46942620341888,0.026674166977068606
3.5399385942941324,0.004989290731023548
6.697247556726867,0.009414809837746063
27.89782938999368,0.036767590673507836
44.08525254650183,0.054594379834304554
19.74025929903055,0.022978113519115214
95.54567687673334,0.10396193606467362
34.12132868691341,0.04076403196821467
57.87405551589653,0.06831009921145628
-19.182567041397764,-0.0313477228413037
-11.52074540718912,-0.01613134338117051
-22.631578441513213,-0.029616427483857954
83.25020595301169,0.10524796274467985
-68.79085306272984,-0.08719953347485217
105.45338206183484,0.1191353293171011
53.13528871927717,0.06888804280330428
89.39465675558287,0.10235920395899888
45.96276304884231,0.0557624368618575
85.28828434451475,0.09221611478342431
62.438816674369654,0.07856016369299529
61.82193258043625,0.06708900157451875
-5.6213756270802,-0.007440917966437025
2.9390572267834534,0.004758110611053516
99.5983671017381,0.10749667143509797
83.10344441875381,0.09064760923138032
71.87123507720251,0.07964338533995799
67.51592205778049,0.08650685744408158
56.730894089021994,0.06875168203071148
91.58062255467063,0.10396515890263527
91.63828067450893,0.10647222980832623
45.43452010166254,0.04962662572531378
-10.199798979374417,-0.014198968174345362
39.022710758882475,0.04424996970799259
-8.834832738631837,-0.012338792753622135
81.13419732070847,0.10729021302942443
15.241378969673452,0.022808788448076503
28.128612088039517,0.03393929312082456
13.385213708599254,0.027782199405959586
93.42570012509997,0.1018940707934329
62.16238790705926,0.07705741332242107
16.010100652247367,0.02374407322145699
71.74531336033834,0.09376359359568158
87.63984102441384,0.09495494458701335
26.51307537251733,0.04399167736038521
39.03408269391865,0.04555724110743716
-30.154048777992386,-0.04543890777459766
86.79148926528389,0.09081086143506584
63.27752963273011,0.06429628644890888
52.42402198307982,0.061155514566055114
55.77679740668515,0.0696277382671807
103.66141500582141,0.11179046152603805
84.33676787437648,0.09655377277191808
63.32866991316522,0.08352435873710959
70.73516968043276,0.08936722058201152
76.28769781293558,0.09550529267377317
47.406503005422714,0.059168625194521846
98.20247527479756,0.10826254273384618
70.15232412812155,0.09022576641034502
63.33876079925206,0.08237288109122878
87.96742867309919,0.09907914978214256
61.104218889877814,0.06472235031021747
96.4994390948358,0.11260578237652638
-7.45831444202627,-0.010064487859801912
76.74937793712314,0.09204640010681459
118.80048694068536,0.1264188800161536
20.43087519584908,0.023002005159064177
-13.723409295029269,-0.020340110632867524
50.73426460026653,0.05438702693561107
85.29507758908096,0.09778739195236645
93.84034988239155,0.10492938009643128
-8.765032069767773,-0.01330628693810128
-46.38387173528219,-0.06290632684464426
10.979923576186916,0.019179134654463303
57.539677990151596,0.06888108299458781
91.31171498186859,0.09546269835323541
76.85616398815779,0.08516860286580266
40.07219718816262,0.0470347697466238
17.66146953842024,0.026707414587197113
47.90815834830305,0.05595192078713734
9.923560895262993,0.01400149894340652
-19.271758006187568,-0.035099069924819135
-35.93023175503625,-0.04419604232727154
-73.72822134856148,-0.10015170818300281
-22.245466727321784,-0.045837778112918906
26.00828046411356,0.04199990283702378
93.27676031719066,0.10866436944458054
9.461473949927823,0.0103586998867187
-43.66972379454779,-0.06721584078780875
116.50863937113756,0.12821320193876468
-3.926961204913173,-0.005621416204133936
61.92165419613531,0.07983058100806523
60.81595102225447,0.0743926094351046
-3.398617435555716,-0.0048895187875029845
-14.983773241545302,-0.02384546009070129
104.68702461213705,0.10740247938287248
25.97599580091237,0.029100733438961676
94.07622391830334,0.11176101759353098
54.83786029925637,0.06564537304424453
56.656667007164074,0.06997823212599068
-3.401231131916649,-0.0052050339359879265
71.9238079161871,0.08863536143369063
108.62085075661405,0.11835201982665385
-25.89027793703924,-0.03349280773057307
95.24502798826094,0.10546656535402739
11.266186798540808,0.018916033285758305
-46.89273513706563,-0.05550851642406331
46.66404564214322,0.05510191834830277
79.29355215457288,0.08444354809101161
-22.879438528460835,-0.03328043230058833
2.1866605869928804,0.002900159073260282
-45.84725974265461,-0.05814779637833396
-4.68831745767363,-0.007520101699419188
100.14770824896884,0.10800856554435789
0.765364445755275,0.0013895840018101492
76.43848586775775,0.09389593446481939
-14.002536361510291,-0.019212318307174108
75.41700904922826,0.0873294760706779
52.695942796144244,0.06230379496921417
31.055544810079834,0.04840250395102026
-4.3757344682373995,-0.006441445801630939
6.442726152140779,0.009460598456056013
59.39591703974471,0.07363421176419045
-16.57963409416825,-0.02545938822152279
59.73242879088304,0.07566283122784435
7.356164219138557,0.013412499338333049
59.12620551472415,0.07490585015177258
106.57525109366661,0.12263687145373144
-92.12328561211694,-0.12993420599734531
91.28989157653315,0.10151824663974807
81.26057718359178,0.10108771158084559
48.953203468699456,0.06185157046246131
34.782607918200284,0.04234539446581595
44.37218617614472,0.05420220424328302
63.810190467359135,0.08014853722889913
9.291038942703986,0.015328446895423125
49.606790669575346,0.06459895381587474
71.88257062069911,0.09049529373846481
76.39248533912698,0.0838383162272263
32.17938203203405,0.03833512102156119
62.66980565290123,0.08056782700295262
30.218339935921165,0.06320334377365772
73.23713479771592,0.08563133540075317
58.6056598933304,0.07401175912412318
77.4769213451789,0.08981705916006588
93.02424099896878,0.10314947696952151
69.2800686885198,0.08785922355017285
33.349160738200844,0.03795499437486492
-7.753509967101159,-0.010737497273722446
76.570217347283,0.0882868857449496
84.79803972028314,0.09315572021451926
17.85276033715602,0.02017803698425241
85.41914112853836,0.09833648241431543
90.65119822080064,0.09722410107978066
56.15640097184605,0.06632089964108455
45.519237147999895,0.05367709335573494
56.838376063755156,0.06148480733833695
-36.72806965164997,-0.05109754810008139
-36.36364534110221,-0.04618261719654923
6.561432721212963,0.01056436365737076
68.17965412098107,0.08049359766517152
55.341659306735345,0.06835242723704991
75.58616612304397,0.08542384298973481
80.53475755819662,0.0887152315234697
62.74156909025786,0.06795125707609535
93.7328514987664,0.10588864107829929
-54.65779345510917,-0.0746109170996624
36.47885368712543,0.05490782228415796
36.45668238534741,0.041424166671365524
-15.000007799793087,-0.029614347121687368
-8.26608487521679,-0.010931677325635408
-11.393341298976456,-0.018146871453933268
93.07692099649172,0.10199949415632485
26.929570492304528,0.043357283613907595
68.18696411110186,0.0833401958500813
83.8583700647325,0.09372015974615931
28.4158353511207,0.04750254665212876
19.865689421657095,0.034653443454247056
48.78664017736862,0.06011225385461902
69.68573210630369,0.08819584494808821
29.890428568752252,0.051574692308913435
11.785240297773178,0.017555374220546958
58.192512068279925,0.10663989246361945
64.19799622722934,0.07617439764612753
66.11281997033348,0.08139669906961593
87.36149614769526,0.10292581919231801
59.846004437120975,0.07654225673543757
38.02378275202482,0.047716571040728274
63.0336120364671,0.07359020739246655
70.36331761808853,0.07883443750973122
28.525267555953874,0.05316335925341567
57.049450088551524,0.07184582748181392
72.16262553634837,0.08481298632870019
91.91978930797643,0.10013114649901247
97.93680535225477,0.10715868798023041
-7.313266280236983,-0.010301164549930304
90.59149241560378,0.09966495959333578
-109.28229420806802,-0.12801629260793276
63.98627561011646,0.07594281180292449
61.58501303268956,0.07388846788650122
73.9488392743728,0.09054816438537831
76.55227283002468,0.09409434440249691
6.166997323828309,0.008651455899176383
48.6785081498198,0.0571401017739729
10.776470347362405,0.014529195330552285
61.73875294529082,0.07395439727404775
53.68607192062136,0.0701673222064641
-20.898208542587533,-0.029030436776397998
38.19256671389716,0.044135849764725565
-116.81402177924699,-0.13961415446537537
15.762488339934464,0.022276514906975315
10.329067410809248,0.015009637896903063
67.44323639973248,0.08206998669278256
58.95473119254711,0.06874610070644031
10.794110754176076,0.017978961075551976
73.01541262616713,0.09349582846803833
69.7025973096102,0.08255907989811263
96.89253630814139,0.10590168456518297
78.7315253338093,0.08610094700517558
77.97101274996564,0.09918847375959652
79.46029599067332,0.0933554293449442
-7.0526367114824335,-0.010961989864856928
-5.440963291088404,-0.009012342367826606
91.1602514732438,0.10731001368600372
48.612902139223394,0.0580407035914374
100.9391412449613,0.10714842562774002
48.97343752703817,0.06322629577812258
51.31809283696073,0.06329968465014497
-30.560477964558103,-0.04127944118970415
84.36432449002193,0.09696420859457787
50.407199716616994,0.05972216967808008
90.48543487069676,0.10495007266402263
80.1726078034579,0.09105302977519956
68.24983827276735,0.08288066523316238
99.96113570908885,0.10895415797576333
37.610057311237966,0.05196151241179763
7.648865821746448,0.011082238880631801
83.42420026298335,0.09523836280318906
-57.55555426908864,-0.08679751603773125
7.097585997125174,0.010748866422681304
67.47647411197144,0.09290351743811233
72.33179144952702,0.0875428903568341
69.04130436241951,0.08941821197602992
4.538146453988102,0.008352382016804228
59.92720109628372,0.0773812720469219
62.11553335009516,0.08090711903414256
23.72091918352035,0.031058209426215434
90.32508334312108,0.09694501839176142
97.98844388957717,0.1084932629261272
15.160931958574038,0.022774942835133698
72.75275578837882,0.09053389606571709
49.48616132623121,0.06086458940935597
82.39244757491461,0.1004995888150979
103.58214595125003,0.10654340398305215
83.42581663862934,0.09458014678306534
59.07503836273001,0.07602551458985989
103.41289534059922,0.1129067818205517
-7.619760308726997,-0.012098553331087931
65.77387339262748,0.08769874887313436
99.64404569183736,0.10726524394307177
92.97709450248193,0.10434194223935465
1.7546173750292657,0.0027731607861604737
27.252746643600883,0.04593414501831381
-11.226519086084313,-0.02022573125045379
96.14271723387786,0.10089803850987218
32.67326659642824,0.04282545028156784
-15.45546869287743,-0.0215475389035637
-25.9970882107684,-0.03597928336278959
6.17156897460451,0.009464999469350616
76.57449558251372,0.09577770438572918
40.084740075330096,0.06045005384810414
7.683698673146387,0.01119939273252717
58.10218114559955,0.07200175213475972
30.0853413999462,0.053304247426716925
18.270751529959114,0.030221581945401702
87.89850549800182,0.09811508583304508
73.96824955358026,0.080836984804578
42.26998056115112,0.05550893128584118
83.73425220704686,0.09168500155771434
22.79767166465688,0.03602758436570916
24.24670416360795,0.03819158562067971
89.99999225079759,0.10320920747665917
28.03624631730089,0.04655263540567912
41.12430270463345,0.04930603201989188
57.16016796644114,0.0687096449112226
61.77147780441942,0.07786001719018214
68.92531722078341,0.0821130879448816
11.331269096571594,0.015235513793585547
67.46015785469774,0.09357866741940868
94.13417220786384,0.11188199633978314
106.82331028913298,0.1168385496471322
37.47154843792148,0.06385262607911947
27.145466435247336,0.048130378066055905
101.95870916774375,0.10926366568064885
47.25075423087238,0.060157684640013906
-11.55529627415784,-0.01706925569956896
-19.936392077413092,-0.031282977432744746
59.609234902088005,0.0729249282662057
-16.538993505972538,-0.026140348526228107
60.671873643877916,0.07420146235982984
70.80946292537978,0.07918739783295195
12.85197982934406,0.01894116064848929
39.13894237370874,0.04571510709494966
71.95761239454976,0.09178912359602985
81.65160816004199,0.09297798829992021
51.671017121825145,0.0711688104264621
74.35742805685743,0.09641216314655451
-15.12101877029914,-0.0211724806843038
83.01632892262175,0.09409767606367131
27.915492333786588,0.05509258245418074
78.01517630642921,0.09098555265196095
67.17635872363205,0.08169142647809027
58.4552832462681,0.06942874355007086
53.081521234553776,0.06335285765602766
101.27126000191318,0.1094201395871286
-3.843098225917338,-0.006223178958870451
23.41231256451003,0.029747760245045347
-39.309864646847,-0.06356901909612815
45.66622564855859,0.055013782617179804
70.50410553474131,0.08165322004645936
-3.725506741845775,-0.005635843842559509
6.429388923624801,0.009024727892253436
80.76662218221279,0.09131228888393757
81.53774723540955,0.09621140381699801
-34.627906202750154,-0.04402020299614681
36.91443566206792,0.04645786776568804
81.89250872394717,0.08910292593448933
75.60409267570626,0.08446268946040086
20.34123912531029,0.03365231505855346
-25.202251709830243,-0.03679486626342478
41.89798859268874,0.050160003170816946
102.63600956560094,0.10660057695797916
-7.994059495990478,-0.010635356967375985
33.12697620701693,0.05135020439984401
40.9754345065146,0.049334289206896344
96.21265942468936,0.10758876561188328
61.306982637131085,0.06984140359159148
-17.432447323525324,-0.02277683412669479
43.055775494298906,0.051425079653206855
82.04728844419688,0.08997012644110364
4.275268451214255,0.00657424246573286
68.45938222331493,0.07954612313567057
87.62653702908233,0.10529218692148606
17.255172028109946,0.02546640779064392
76.04622425942017,0.08548632118991274
79.25113565042682,0.09545843819454779
56.25201812877601,0.07669620221024548
76.13317586838433,0.09847275437035079
7.5236047393909,0.012015248537662138
-33.15493520695561,-0.05015374892705067
37.158729328167816,0.0588429424293962
79.82496904424427,0.09048824437608309
91.25566139069768,0.1039450473671259
1.8247298511708914,0.0028994604163952
49.16111439843469,0.05982647233751272
-28.73797210963335,-0.037968269120194346
104.59831441797505,0.11205610651653454
118.94257437223855,0.12262146174114127
97.90767684524253,0.10756966878121713
-8.519736651674306,-0.012910889321815893
33.34396649636653,0.0411479202374184
87.51851656232719,0.09377393586938151
99.1759595659925,0.10829472418071719
-33.44827511444174,-0.04889849597702723
105.30743918215862,0.10990689082079416
17.65280581190998,0.02971186214698487
-37.719908268163124,-0.04329057769634398
36.40982137076639,0.0441226305850267
95.69314043632592,0.10392945158553767
70.68181328590182,0.08802364303037973
-25.62500476107917,-0.03596674553947459
95.4539790133807,0.11110127243621487
45.732371448668204,0.05928689997143013
63.47588163570884,0.08062447411173207
-16.562171571641386,-0.021763781782046934
10.410742263352326,0.018147253309517913
63.00904495430881,0.07936392457161243
52.52173140126724,0.0641595994827708
80.31559226421253,0.0923026683416306
78.42954230463,0.08897412913833816
60.81229519926581,0.07475545319183242
93.82949416587414,0.106396798784321
52.037032232132404,0.06277316664987556
98.81578726497919,0.1111252940635941
47.970331072120985,0.06061172321771674
56.53429068302203,0.06991190199122542
90.4320945963971,0.09849009619639248
73.59840789769089,0.09371946962276352
-2.63017954481382,-0.003930021002729435
57.48354762706806,0.07331549903502782
21.295947091831962,0.029240868278251647
94.52585995614785,0.11369905953064473
70.35357136836616,0.08231392958317972
52.39846279577733,0.0593270889808981
17.949400397734383,0.030591858309002722
24.97289304194975,0.04252935923591576
-23.0035024499727,-0.033874187063104966
-25.47561470264707,-0.03794087091763495
65.80976716656917,0.07161372733831557
63.44859671265444,0.08203044139931617
-19.102940749486578,-0.02722129136668972
59.815272343799286,0.07404489630130949
77.27874601500929,0.08489122656035906
28.996321845029073,0.04421552026364795
38.85691629858863,0.04308030181713779
0.9145776127771107,0.0013722466269793445
4.896092038359697,0.007182722565677713
51.172130003754724,0.06669220332847223
-41.37434462494953,-0.05428303845466659
49.992267411875844,0.059561593794927224
54.72840483193406,0.06558833455276786
45.79930380461124,0.05681681172287448
-69.48786906677115,-0.0886266066407857
75.45983533313166,0.08802388428360289
26.204669419841156,0.030314832977523784
55.45204942438699,0.07087514303189053
57.43044061485659,0.07891203326950103
15.552957689387384,0.02590579784380416
30.00739790581932,0.0365930417488224
56.380505682489975,0.07558631117781706
88.76543011470342,0.0970872238278048
4.1556831129832,0.006187821205130272
23.04790516975396,0.03553382848092768
2.9824504056445753,0.0041021623147979285
87.19490840384697,0.10301693931519404
101.15260559482607,0.11242803135468124
37.38635766082865,0.05984657156181293
87.52315527281344,0.10237539834514212
-15.345413020536691,-0.028035977062899967
96.64650017640965,0.1059771936611843
-19.223186405221735,-0.02857365412030382
41.36568901314124,0.05248575577540944
-103.58518286987588,-0.14569181632616734
54.640875616726085,0.06510523961331031
82.62294897290526,0.08871276916399877
41.44698723755712,0.0513382721813425
-14.430217347113791,-0.02112601331610808
52.63007400317099,0.06466988683430822
-8.172413610435765,-0.012666949814586862
57.02970169558383,0.0672622593590322
119.5475071782286,0.12452711984895473
60.29008000116496,0.0737056967341955
16.40449401535345,0.02729667898539412
87.17556810431029,0.1014623396081192
83.66749220018555,0.09645725442277568
59.31890893052929,0.07267154157692789
-18.915662227804404,-0.028825343723936046
44.397488016874185,0.05329214932299471
87.65359733999564,0.10261274082345694
9.958241402574009,0.01398430000234607
-31.29973404840702,-0.04095257667185803
1.9905884772959335,0.0032987462548479817
27.10416134928041,0.034482928853726474
20.257651609419995,0.03054833250471022
-17.789002876968052,-0.024031621616666544
-56.38028680050459,-0.07230789240198372
90.56981355287765,0.10061662065005918
77.97995354140637,0.09735228022070333
54.9682383457476,0.06271214245062776
74.05860487556953,0.09545163642798574
-9.459064116058817,-0.015508625199048241
103.66684814507965,0.1204344955454817
88.42287497333471,0.10572784916264567
78.38876061069902,0.10039296672095102
54.21303535422195,0.07062471191790931
-88.06722492230038,-0.10212913235720684
58.81870254091888,0.0751200442248515
-17.818696485573778,-0.02332822866363253
55.773693144076454,0.07599169097256814
-5.385996288949326,-0.01071839383301623
-4.368720039891813,-0.006057230037720389
59.256987728738586,0.07169431800798534
79.4913512242471,0.10511525598534695
89.70830590730193,0.10327808282254657
93.5296606252279,0.10366861144513063
-9.641543722933719,-0.012587080530861144
120.60046239350214,0.12498820043963656
68.60229742469033,0.08655852869236723
102.31610109277855,0.11500545667547082
71.85906207733512,0.09377024958815568
112.41674824410111,0.12150282689058828
96.44259153856967,0.11477417336859444
33.21212046977246,0.03687778334118843
21.701421553246522,0.030213823461503884
89.12387717745099,0.09189296747369333
44.63131631807098,0.056839752588545164
45.601749527767396,0.050316876359809776
65.91861751550664,0.07207533689711645
60.963781042085415,0.06683621871848554
84.21006756220271,0.10703291997804329
3.573877900531595,0.005511682070576713
-5.315744507240968,-0.007342122779069234
90.2864278698312,0.1087612393484388
-13.04473193420844,-0.017256112569464185
37.99173468800862,0.046998470160693764
-29.44504634953299,-0.04359273868854029
38.16432690378146,0.043059074731588126
58.23189915384555,0.07053596908729205
98.5555511675955,0.10433138008917663
61.33539884403254,0.07013104412458207
32.645368211270345,0.03871055124406079
48.85830675706526,0.05945433454053681
63.21173833524045,0.07951928986354771
69.43567257044492,0.08594390175957202
58.01958332926637,0.07316362291847926
30.906680630757894,0.036519402402629526
-12.152374056421337,-0.017515718799532922
-22.242549114194624,-0.028357039787949876
33.03418246344622,0.05209284294820074
41.36849572060523,0.05081124176204987
76.36915158803852,0.08774991988893255
48.49514015575924,0.05868882775549618
65.23234054937848,0.08003238097823097
58.994203423636414,0.07376151755585625
-23.124018321442453,-0.03239856746806705
13.593314459396936,0.021567267999519336
39.40123793555594,0.049120843569306266
50.999106799420986,0.059961517388570015
87.82677325147908,0.10466024369496009
50.33908275347746,0.055429572731160955
70.77770908363703,0.08237176862212084
-0.40640575186786715,-0.0005671236538999251
-17.821428173088602,-0.02507767501492998
82.49154839003961,0.10108536159114317
58.25762412881814,0.07003500658248714
-27.822976706095037,-0.038519616408681304
58.42189521341315,0.07262537397239198
84.7861700304241,0.1007309109570045
97.52108286095621,0.10392151952640916
74.66990799048321,0.09096938879084032
20.810805455816745,0.03190962214799289
107.5521604458946,0.1169552772377366
15.884348258224053,0.025330798971949064
62.70578702411737,0.07855416660488429
11.108064699596955,0.01745605553204876
80.51782502541366,0.10659586863490664
98.91293896559407,0.10785142313084958
55.01694025654911,0.06688165342622114
52.12249091522495,0.06176603477209407
17.662031407192057,0.027090171239173372
95.41055955267248,0.10727473819279801
15.37647981073612,0.026408321018575105
83.98992031283163,0.09393541954509016
20.122484239641242,0.024135952497886484
58.64722637245675,0.06554533761136512
6.308290014439142,0.0113816759472402
10.823524332301487,0.015100221082085639
56.37507740574636,0.06164109713956424
22.007357660770168,0.02990593911675963
62.40567967815327,0.07521186004626505
21.929347335927837,0.030366710529973348
-11.017770351471924,-0.015966763139465597
101.10168839641713,0.10929704966276747
13.395594155313518,0.020438706508032433
64.42289791368326,0.08691921689642168
14.493500295397505,0.02363381612612194
84.87564615198579,0.10135442155270598
-46.11451839666303,-0.07488766815283798
-58.968667089258254,-0.08809809070742078
84.20493978677915,0.09448677921963668
74.75826037635328,0.09011532502088998
28.537548769250687,0.05051160654751907
-66.62280552840808,-0.07961060384280874
105.45330474941788,0.11695698568494932
87.60481315200532,0.09432983695301846
23.006531210228385,0.03958599689214245
42.66723706004257,0.049487508694587984
-31.594734361185335,-0.047417875793719054
87.93488661731125,0.10862912290836967
43.6987472201387,0.05399355600666044
55.332351541752075,0.07184364376147107
-25.023771231483355,-0.04323286071168633
-16.18072797941517,-0.023931465158254818
76.16935313619193,0.09063343559605747
25.066014990514603,0.03163751652832236
-29.437417799263752,-0.04185141328204646
-23.278523130228038,-0.029368942745625314
-9.583339198562586,-0.01685277087155277
73.91752412101043,0.09640634579431318
86.85798622425315,0.10363800486406105
35.802835534909725,0.05963232099638555
76.91371626220102,0.0869689175630006
-56.460766684581124,-0.08626052632592666
-12.12645210745353,-0.0175991961493144
-41.643840318376384,-0.05647274155682002
30.63545082026102,0.04829561652407031
51.72049493293453,0.06766980694218139
-53.40624880627729,-0.06934905046016658
-8.162543987164227,-0.015177661224407288
23.36342552395086,0.03781267035352676
102.10872421621096,0.11342938090549917
67.0336527469846,0.08795817792867842
68.66522746246841,0.07862642195121795
82.1332549905101,0.09895898185057486
-1.6706214355243216,-0.0029027007900851395
53.10713763162492,0.06470957929046081
72.02608507758409,0.0883864459249736
29.384611248511522,0.035129373041316345
107.56705216218444,0.11858568165645261
47.74509063715776,0.0589571083860034
94.58214198701714,0.09891491351315308
51.68080994577884,0.0636363318046017
78.19163118075585,0.08561283573614471
66.47349674741707,0.06883890126356026
18.593984546798065,0.022021714574463416
20.50684266067937,0.0328874070505155
-54.34715700337231,-0.07739704506745275
105.49737720966444,0.12004375938873389
60.50359576994138,0.07359483562962586
1.1706259200674385,0.0014311963643503457
6.742670859061546,0.012656145524244522
-21.37002823791475,-0.028018205530634197
18.840743697028092,0.03260450939235849
98.23783913698406,0.10991825263083822
16.614167769140934,0.0233829485314513
95.70712611722631,0.10870243491223085
-35.51433310163966,-0.05390014000471973
69.28176283730515,0.08891216787683655
-35.47538184875547,-0.047014276877260106
-31.49579916621225,-0.04149674897233174
12.360338790446239,0.014901602467707062
43.639809779743544,0.05244538416146297
57.579029891794896,0.07262204013085824
48.551938155496636,0.0551258607952785
26.645569024678274,0.044406209712652266
21.599999517202377,0.040390508424618915
55.62940459747209,0.07033664915796696
71.06719208741376,0.08417519363213423
16.91213263723351,0.024818089893184517
92.34666158715883,0.10452831269477741
85.6919204390508,0.09325602872694731
2.035476395739722,0.0027431194035293
30.258264823112377,0.03454759670745768
18.500931187615848,0.026330057185821324
59.370804042086604,0.07338634910641934
75.90787737941297,0.09577236785353153
49.90455101376807,0.06223095982230963
65.74626296786451,0.08130045944218713
76.5014560160067,0.09573910432596562
54.0442643855779,0.06142475430546549
17.663750125819142,0.026851570389670718
95.53668676695366,0.11706537849708024
47.49190832358637,0.06397248257698977
89.27231438754201,0.09334493229803588
110.11448235706703,0.11765535823648386
64.09523666259788,0.08677557074233742
27.673730876544727,0.03222366479663654
-9.97118133332269,-0.015384770972605969
22.83112531749914,0.027351988743318543
-2.2252070857836355,-0.0035788388703939817
-51.54950318507949,-0.06855773012605706
9.501108435083784,0.01460736529212981
64.17932299846119,0.07863937603586806
4.546045278467272,0.005489334591611398
85.44672571365876,0.1045443315759955
2.062822442794331,0.0030679005360634173
55.433567159452785,0.06423666583442639
64.4903064581935,0.07927148717343299
83.49514376480603,0.09556126742098398
90.89056576640108,0.10651762542604064
58.285501533517944,0.07537563445323985
7.993771947143958,0.012415222173447918
28.150913213349614,0.034871429868597266
40.36553040924955,0.0462598594978498
49.15755461942105,0.057918625629230565
11.598296030576003,0.017827381532006227
71.35780726283754,0.0799686716940439
94.27875626154302,0.10278537940478258
4.664879252300186,0.007479283155651697
57.20136082172393,0.07655326029767491
-9.449645734990774,-0.014321364893939065
57.80994527237445,0.06979315868205828
32.49999004275516,0.04843251541146419
75.89285544651959,0.08392123201549909
66.3586480679835,0.08451259338025295
72.62814398591259,0.09406840672933754
-2.2428570927253793,-0.0032394559894245085
-1.8467003608103325,-0.0026247559863219697
-8.727278406356854,-0.013112321741994991
55.02882064944806,0.06716712061101787
-2.928510263824934,-0.004525940366217662
13.748043511173629,0.01607117746700447
89.27119542239068,0.09414577312351952
31.58877905667105,0.04972002574189571
2.220064072679098,0.002946761145496375
0.41972242178470187,0.0006416263146697801
47.088973802411694,0.05853737724586035
48.58432604561007,0.06220029031859242
77.62775642949373,0.09283018907204792
89.70897963841672,0.0983473932646444
3.8955003288800474,0.0054556113418332665
76.35372459420063,0.09156281529775974
54.98001114272479,0.06494899461043804
109.21068365488294,0.1269647283791002
27.203787288394572,0.03494146725440593
-28.002374133196458,-0.04009613960620398
4.425046591956376,0.007416933697986087
4.601889235871202,0.006786120571251194
-19.035476292927488,-0.02420972144112355
14.617597764038056,0.023429058483847326
89.09209467748035,0.1036541652400364
61.573032331600615,0.08005231204151808
-11.81539826851629,-0.020535707620928365
41.971427633294034,0.05124451807065227
95.95823451409899,0.10447549210026925
56.51932638220857,0.0737643108426492
15.996989860648585,0.0188399370274761
83.60507059504913,0.0964628704880377
66.65509940330033,0.0817822718125181
98.25011679419632,0.10886343018279668
20.662183297186676,0.029399369313614608
-10.818656646465978,-0.015260301436795708
-30.407102162831155,-0.039832809850791934
58.110973290140244,0.08934363291488397
66.92002301237832,0.07997687816950974
41.323406244558825,0.04770790897318612
85.13221368101148,0.09470512838339872
57.354666749870646,0.06904460068820018
37.56450799407976,0.04537305824227078
110.12804694897106,0.11547960685226846
56.63751482733077,0.06878581365417095
29.286335289698773,0.0341644462639563
14.599635753568462,0.01939280936791115
87.32476823374732,0.10242306965337351
-4.9480518374543685,-0.008011653443537103
75.3094408874694,0.09546755952401217
99.97946078848912,0.10858103377556935
4.7889180987640865,0.006580476131903357
78.87530386047142,0.087536481128246
-3.1669336625966404,-0.005173174605285779
44.99455829788409,0.04896729766777675
31.770212055837856,0.03589420997537432
86.19480033112424,0.09329889593168333
67.50154456419752,0.07462152625285698
54.36479330358985,0.06672414832158019
-12.988313566115941,-0.02088811470522637
-4.749103836501584,-0.007926522200771571
77.00082303192265,0.09288537696596752
88.91764507135925,0.10810711722753615
52.163815184766506,0.06491975890645392
70.17211287611015,0.07911635550813242
43.8505704831546,0.055459135410070144
53.18789147611321,0.06633033918530884
57.94261794824335,0.07020614030810424
70.0858852291034,0.08083533565890924
57.36692240611088,0.07114360532871516
72.27909908947571,0.0881355218433645
85.91473785283617,0.09841335875305915
1.75115203459142,0.0032782867062335205
65.87259492981546,0.08095284426521394
82.5989869780318,0.10593042822071876
44.32888387752902,0.0489990587669883
36.61948294502115,0.04388939261542544
30.53006606265734,0.04190807805276792
1.8965461114283686,0.0031315894685873115
47.70034342588862,0.06198831286600644
6.704545304687186,0.011908120929370467
49.0893271568022,0.054980642831707505
32.01192178820356,0.055554078377200715
36.88063656472214,0.04189664142622855
-4.712519086435403,-0.00711363375612086
67.4287720164454,0.08544844798129432
-35.5746419037861,-0.047106007468952396
78.98083447157454,0.10374882087946366
95.54880683208977,0.1013953247795815
-4.880005921721477,-0.007385198220388933
34.821647438157676,0.07166879330825496
92.12009320866463,0.10593936008593599
83.36448411796695,0.09736746770016304
101.81638820088301,0.11569846787084032
45.7657613471016,0.05295346596071383
101.3957654058477,0.11627020184482262
-11.794871531235867,-0.016873535599154128
86.50310794902038,0.10181967372146587
35.305601927326876,0.04008318141432385
81.57180980897853,0.10123299565245637
88.81763328531223,0.10183829342941778
-32.4450245310696,-0.048182969773040756
18.98122675656951,0.028547694680847776
50.633361936944816,0.06344786521831225
90.487569679166,0.10702999360644919
67.43630062397213,0.08465427739769288
59.68306411794068,0.07161976568527874
79.40452604193517,0.0864759882106397
-8.322439901124937,-0.011708001823588901
55.96967153429557,0.06960406603499647
65.47245708983645,0.07473928473658531
-31.258063817456847,-0.046657341429709634
31.693456394384256,0.04647378102035015
92.3525732735732,0.10588099864975868
5.39378923135041,0.008445013697007682
102.63230653391491,0.11276145929676344
5.502370579890021,0.007482917572074372
95.32484413650478,0.11006302438974964
36.884163398448585,0.046463973536971716
11.288771768920713,0.018194300779123533
84.89316049565235,0.11057960407804615
-31.50852611592075,-0.0432614393170575
31.102807290456646,0.043401529328005846
51.2490044233101,0.06446807760467191
84.04158944159639,0.1090775556134982
-25.095114280247028,-0.03467661273681747
45.99059840578209,0.053550603250488354
-1.1737681246256684,-0.0018168374416051398
10.158725145317243,0.01416024259638286
36.01579033923132,0.05565408512461004
16.584093501546082,0.025603161751622368
-3.710084740411187,-0.004939609364858474
93.3512523937236,0.10186136477099064
44.52745460939627,0.05565021519852438
77.82368972056004,0.0829062739673252
87.74782215907521,0.09489011441236739
38.73547418545919,0.046267672147222175
0.5535444845002593,0.0008165494320044604
17.135785333904167,0.026825429616055912
10.561214363577122,0.01214490471618157
71.42118313823866,0.0870230205340233
68.47239110755957,0.07517975337688762
84.47724288423416,0.09500859259480365
71.48586296495405,0.0773773340069575
-12.97229759808003,-0.01992429357720478
-13.734015038289378,-0.018768167008488695
-20.678579043330917,-0.030978041976559494
51.62118301704453,0.06387935057532258
-11.057589701371416,-0.014726154571051253
10.814916885339589,0.0154303033590731
50.92964710283968,0.061342336334420045
5.983026740384911,0.0080043915865683
44.6858396347299,0.055496735155827655
81.87573087802386,0.09178874539231942
94.2182281003126,0.10008924984521406
61.98455110635305,0.07803214998795494
83.12051931475001,0.09432193110385663
-39.764365124597134,-0.04905975541075704
0.08875739446582173,0.00014653108162732652
83.41501729045862,0.09560330473413088
75.86615900082128,0.08475885070667757
-29.75936367051967,-0.04713551767064668
-8.466763071402463,-0.012663959993137927
42.9365029881792,0.05192163358298592
16.941963907031873,0.03951782606075439
58.349682439673586,0.0712240139545062
40.32983896485134,0.046812908309303895
34.29936229067433,0.04477596870072041
47.92745672067079,0.06049020374368047
87.28535158437386,0.09883749974735517
79.34901949676741,0.09162833320388326
65.26662255370059,0.07385480751672865
80.14409042766012,0.10225904897354861
48.96833531086844,0.06908155089976863
99.23997113723051,0.11689941074150619
72.99628779326665,0.09165204194067647
-60.22654074994686,-0.08347014639712312
71.53388394027345,0.07892607417116011
24.39079885356041,0.038200806436818696
80.27654437653193,0.09809848407198135
63.335931576269125,0.07727508106123697
-20.423982764392765,-0.03117232860231822
88.86188301674594,0.100828445231198
46.66994969576157,0.0763008519994641
52.98904419901412,0.061555741917753065
83.2740603562771,0.09274602994583488
73.06062656273103,0.08074011456049428
73.83373040710376,0.08559417026284749
80.56146124712507,0.08820659448986416
47.147460670587904,0.05613723215307176
54.536540670496365,0.06912098134822169
93.60654979224955,0.1097395828077351
-7.93702970652253,-0.013341773827359923
60.01354266523425,0.07156441081224031
102.07742925757952,0.1279599240397576
84.51306224400244,0.1000036488468251
63.94172950480979,0.07619424840231598
67.6934586498945,0.08880712884285227
71.49346862492145,0.08397767650571003
98.835847766492,0.10738928752705316
-12.061746723892423,-0.01624531025863113
40.42801466056577,0.04820337142479225
31.0264621559576,0.03607984746495412
88.6262292269291,0.10766314812105544
63.399846359598804,0.0825631431512352
56.42288502963148,0.07019641742836417
47.66098378317882,0.055553188682462736
-40.75892766039552,-0.06986530701212733
5.92456307171539,0.009060580502655702
26.360200922138596,0.04177261575445608
72.3005549702275,0.09596295359485317
12.275126017827187,0.02073635863852309
91.157952521191,0.1004727115513598
21.298404990913927,0.03521485964632569
-58.650390106926096,-0.08051570846051
76.61958829350998,0.09899830952966521
35.24654307500026,0.04126987558841209
47.42530252247629,0.05806536635775866
5.6651783143964884,0.007999706635820718
63.22793007554665,0.0707732222743681
18.846982337357797,0.030381004386273953
35.038551876469846,0.05409097351761014
32.06193160104769,0.03985785368433801
104.18803185925015,0.11832800894283015
-36.95136871511474,-0.04962880969500054
84.33720741724206,0.09932458872193504
-30.299733005443795,-0.048204776359438824
32.73091933017513,0.03704374089753182
75.27055864057048,0.08619218781285375
60.41735175225775,0.06937833988874713
57.13016954685983,0.06752145595225006
31.09658280305006,0.038959458026237445
-9.810560705072199,-0.014820932069767838
-35.61629073660409,-0.04729267317185097
6.489730169423618,0.009111231668535872
25.949158239532668,0.031405982431988055
-59.1857493132277,-0.08172714177946111
51.11979052405028,0.06508329407049528
93.65636071270463,0.10495530952618297
-31.035486908695656,-0.041918161220742746
87.41794910104281,0.10214297359274746
61.16027395252868,0.0784217972464712
43.595341092525956,0.07932685004046827
-34.68508709555504,-0.050179651879599024
-15.75999964773655,-0.024415100609455752
76.35732921429475,0.0900751020404989
33.59744503856627,0.03677862645207144
81.42302144603154,0.08291117069460611
15.831494646909023,0.02438868450464073
64.35254659836703,0.07554270272097473
63.58143922275065,0.06992471845277287
23.559987411797007,0.03835961601429649
50.25531481777099,0.06323599093817858
9.918357894432758,0.013382402029141345
-51.37087895727584,-0.07543986154222565
78.00165976935082,0.10160440171699069
89.93090815327429,0.10327627192730104
60.753730765583505,0.06594969180557571
20.704567493831696,0.03498825357931556
23.919910399912517,0.032793611281138266
90.09786275483907,0.11596736478721031
62.362487334674064,0.07566833348885955
8.231917152397257,0.012149376261103495
97.82768177073731,0.11081333786196457
112.17589988209872,0.11699155419500692
32.13694789667899,0.04762237402796691
-21.483795683264304,-0.0283391713869072
63.541197894443904,0.07213347827564523
44.0060197068266,0.0557374523199429
73.45419395416405,0.08335529524452126
49.31801106836925,0.05676564152615511
98.0734952755085,0.11056402222251621
96.33605121714231,0.11248572963741826
36.64690789391429,0.0644533229037071
79.48036076123981,0.09263136667414501
27.83701384847208,0.032112111468695026
29.55675746828408,0.03320397891503443
12.259351967828936,0.018315675828850457
48.41775919112576,0.06055901607113152
0.8454425174304957,0.001212460829103044
81.86996440963111,0.09402039121708065
-11.512738596173419,-0.02029885122205745
95.9476492438963,0.10452877973336713
64.46776128534611,0.08350558035910366
77.11815128889826,0.09150621282074091
69.34223960184634,0.07781927364513327
78.25233469952211,0.09596810974591045
-61.53973372381748,-0.07886741904201822
23.768461234500514,0.04026516902627667
63.65045925662028,0.10188113339984729
90.1559434039609,0.1186794720328766
36.70515002930869,0.044552486878324624
8.844720299199501,0.013873735941783724
72.51379082364257,0.0851763873682876
7.367841245007541,0.01298494031272967
99.7146429689855,0.11513767581702317
-2.6635671943148083,-0.003788684255671201
53.13421138023988,0.07211021175413712
78.66708209647217,0.0890109733944861
63.892732135899955,0.0778090180160859
94.04434726516445,0.10351329764571258
83.78134951252848,0.0894506711233915
43.717079534510006,0.05648855730180721
7.038934268897063,0.009770135312438664
40.51106849561557,0.05174722427985167
63.23646582302205,0.07431751030872208
83.8623308215155,0.09485961672817521
45.20092285127368,0.0547251847909829
98.93333112200101,0.11278867442609512
68.67172522028551,0.08747708618746201
-20.509483573684637,-0.03556706448532677
13.441558141116198,0.02197645260319476
61.11026370492719,0.07150198525026003
96.41695200952624,0.10111537837050148
85.98887323251061,0.09860393117919761
86.3507018248899,0.10421922282674621
70.87878172573717,0.08743460233752659
39.45165530642733,0.044380443644198506
38.43989298300211,0.046234269381768354
-45.22500464301558,-0.06186535311473212
27.76754308118986,0.040618532957891314
20.24501559174807,0.035073637772333736
21.03134432263273,0.024060779122351397
63.8544237174901,0.08122099085733238
90.50363600918644,0.10685306289309432
21.01921725201488,0.0309855627217072
54.20829961657061,0.06552831333965076
-47.29141369507059,-0.06089284311033542
-31.44975963163712,-0.042416406661491726
-0.5124649509111812,-0.0008579520098370698
72.83147053103143,0.09074130462637102
25.69891807733362,0.043221303851901316
119.30737067499489,0.12404131604324478
88.00278922334813,0.09563906339351086
21.620872424567445,0.03288988791503374
53.08510013137424,0.059146424453171274
39.784542555695204,0.04694158912794014
24.25794599215785,0.026934413717291477
6.52630506325183,0.009810678711380286
-24.823385559648603,-0.03961621357286189
102.28146082604441,0.12080247345556197
66.22137256563848,0.08471814673335534
46.46047617536024,0.056439146402839924
53.942027779808946,0.0681220616964437
-27.4999993853271,-0.04684184581591513
33.460025464429926,0.05342420427758632
34.00539971867897,0.05577269513434357
58.16215387665625,0.06879443045212602
-28.335363307236772,-0.0418872237090861
-33.82947901263833,-0.04507534738069709
70.40377161822585,0.08385442765369522
44.70247460156678,0.053594056996885485
113.58750794060002,0.11879997131746677
17.123479969373086,0.024850634379368814
58.095958699094176,0.07455062431104915
102.06577366932017,0.10934071825817121
64.25464992544478,0.07778694809883403
45.388593325828445,0.05399449061839968
96.14034872828869,0.11179776557248555
67.83935228038024,0.08457324576964914
48.00854593547236,0.05468881453342904
55.71661113248683,0.07075452966626422
71.59229565417535,0.08751239202627151
91.50134848539925,0.09798260565592823
78.88068005506119,0.09364464625903046
83.49472190780088,0.09739382735835576
-13.129670416211804,-0.019483208561568294
45.55129720306003,0.05342587087871537
89.60223541177712,0.09983602936870964
6.694909628688117,0.010120827575198688
48.91385319650395,0.05645221672195906
9.019836437830847,0.01428651542089585
-27.122640903195684,-0.044820508353564104
99.30438012587823,0.10974163260753685
67.37704113176092,0.07753291196687145
3.849480310198845,0.005992392492028562
101.088147857034,0.10818099477001596
84.54819088128497,0.09784010288716324
20.89815757878893,0.02399886169388595
-33.3227840653043,-0.05952287254151073
74.12777686206795,0.09807738008081994
18.063654074894952,0.03215185968288724
-16.105881992946653,-0.020939860138262722
3.2348225619151045,0.0045525493507336525
48.28228016628245,0.057157426053422625
55.86228379243779,0.07004839076214853
73.06225045717336,0.08119148912747766
34.18244329792497,0.040302132697592086
79.24385028632466,0.10086807663780122
56.54338422691076,0.07162486275315387
43.54635927340663,0.054787147437642014
40.49907488035737,0.04545700027405473
79.80563475653544,0.0993979256342986
-2.821953490226309,-0.0035245105996209473
77.41813428972095,0.09241454737716233
23.444911803295156,0.02743670401280741
45.45789147337876,0.05485228886479099
79.74597237240853,0.10107298070339608
93.8626161200259,0.10370469637254408
70.8948722449194,0.08142189742885758
83.06134885621177,0.09152929574600982
82.43557587978202,0.1028373158649314
67.11609998066326,0.08978016619648743
33.44748783686526,0.03999744774982426
84.98571023227913,0.09295201575564603
60.0415959957361,0.0757624838681252
96.93759739292334,0.11225037280943333
58.0409823092403,0.07943499953453034
-2.471769079005105,-0.0036835473752899832
23.317846510591448,0.027299267034438735
98.54704176968767,0.10781497188568298
84.61938652760733,0.09360337707729861
105.35147156811355,0.11695441390408155
113.13241025644948,0.1168428705358612
-14.968354095810954,-0.022754566526723655
8.749985550960652,0.011963486065504262
68.47058670485721,0.08310045344769286
81.44351045830977,0.0899775991718508
-40.276161890455285,-0.0693177558914661
35.628066204984975,0.04250976567875542
36.18686216704621,0.06193835890143172
4.494623555451311,0.006379573494851852
78.59201696212189,0.09320690409838482
47.476264761607574,0.05930631681361012
85.44963566613175,0.0981461691211375
-50.492032177528365,-0.0669471593987917
58.563247389865374,0.06734978267217223
20.55078957636693,0.028583405946269555
80.14907393899963,0.10015772566051799
36.07142042247697,0.061083033328284075
60.32198161112954,0.0764403343960337
26.745151756769896,0.03240272992493394
81.63844767759724,0.0919945721955135
72.88697556994082,0.08352982324283734
75.68532649362928,0.07830179333722502
56.40503795004298,0.07059545993227412
76.58803749651747,0.08969173728207672
92.25477308737244,0.10199483175500772
63.10266193435635,0.06969693284020773
72.26651447090146,0.08276491583132979
68.66615933700889,0.08469241307724726
102.02369225840857,0.11178445754772935
71.37181564719589,0.08003229616767608
29.87135439235749,0.03398848050424803
30.841836045325106,0.05851248098403321
20.097628560545886,0.03099611683341962
1.1370064333384755,0.001869178805202307
-31.21323459644747,-0.0419706194287093
69.29739979853184,0.08805814360057788
57.84014663952344,0.07104367574329444
43.5163723191458,0.050061507516134814
18.05631203964339,0.021182933474545907
-17.8043998477464,-0.03009576668470519
64.32080454273805,0.08574099688197448
11.8641615845263,0.020734958465643067
57.53612261346266,0.07074940803974765
-14.086187683809763,-0.02165587685553371
-24.25532426773683,-0.03495626246333171
53.387936260149004,0.06633231495997634
-18.046577246172944,-0.0263730905651496
31.31644736230371,0.03415728677679084
-47.352605326671835,-0.06458890407435176
76.29383142650164,0.08480390171438693
45.268317675217965,0.057655355006019426
-50.82624430744428,-0.06815272680146318
41.93661479935258,0.04800323077740734
100.69775978521662,0.10652159085375298
94.65233617192136,0.10939604593394037
28.327603509799758,0.04459681740206707
-54.025557897865966,-0.07543422350839021
54.47327086693455,0.06409640592899125
-7.267941869402388,-0.010436068557903223
78.5399073943989,0.08822459511877792
4.60992897497424,0.00808686613580788
85.43616108540839,0.0974641312253553
94.32737355883943,0.10275012839557085
16.342428968964906,0.017549272462776846
53.556183352642506,0.06881283455231578
44.46545581278194,0.05563888768625263
-38.55161701195596,-0.05709549415714615
48.74812145679741,0.060794859590532505
61.83689131530521,0.0743942141158501
57.97053880245713,0.08109807564516212
51.530693109680655,0.05917465414659998
41.85280900122798,0.0491233932381549
16.74113635685529,0.01944057348710837
43.70195625997056,0.05731004311639883
-12.992286433728303,-0.018325194686716076
35.340307425922106,0.05350355518616634
51.94775328201365,0.06934708678867661
-47.089405440398195,-0.06397704221456016
39.062499126885086,0.047038029756158624
111.91763204006851,0.11784913715887065
1.9325433469506341,0.0027407791148204774
66.36811684030387,0.0862987128945685
48.286366018963875,0.060074857300660735
-12.049185354916933,-0.016200990011772744
17.037670852055083,0.033106921610703596
41.061115785863976,0.05326211842490839
12.92891019361784,0.01891600469082379
-19.28235783147463,-0.027593162092138527
71.52156064709675,0.08478479005095335
52.051568343283215,0.06290281183074192
-2.453241205450959,-0.0035969660409745307
-15.52794996348227,-0.021816336183944185
69.02283535684046,0.09529400684929248
67.21648557130821,0.08322051842912948
62.34958474768126,0.07750519491674808
-26.92307632129926,-0.0364792307968695
-12.764976673205876,-0.021954864173136496
91.71395679049947,0.10428882716107823
87.91812668984745,0.09882466590798034
100.06605237559604,0.10425534191639313
91.37475010566537,0.10301472543167185
64.54480008917672,0.07687273945649042
-29.277343095600372,-0.040636050666553104
71.5325411760092,0.08172604712510144
79.1956000816922,0.09431477088890254
81.76393523715657,0.09145178186566193
67.65472161483493,0.0853759012397133
13.559950253153762,0.019974754546579928
55.68914499931321,0.06628977849887056
95.0852435825667,0.10491196331935214
63.71927518794309,0.07249335233726453
30.319319451556463,0.03562750475447788
81.89203209629484,0.09457699454598174
85.35202831984778,0.09818771064786572
65.26654804322932,0.07711447461515497
67.95081815331197,0.08139557367077795
61.002304691852906,0.0766593510363624
48.88493887672666,0.06155347450858235
-19.545460338742792,-0.03325051038450878
8.875447778524466,0.014065313660938503
85.17945074268829,0.09836198097176144
-22.0173827570982,-0.02938974369994744
69.24637526381707,0.08745513877407358
-32.56963097605905,-0.0460772828975046
64.09883314687325,0.07281631326084718
-28.238157963115437,-0.03919899031029326
-6.975761678882951,-0.011016967933332546
67.33950109750532,0.07419990198985649
46.67887795503492,0.06210379066488709
-62.54879828401331,-0.0901879383456641
93.53597244640657,0.10681331204828369
89.81313571217119,0.10317805824249818
47.78801319627991,0.05837411702786614
89.15572033366836,0.10340441167884552
88.87521570983796,0.09575304260192079
-41.95796366393632,-0.05391386978958848
58.58028191171949,0.07026345571993943
45.75779120123757,0.05815499717870977
64.20049191786664,0.08413060692636161
-23.77875579172198,-0.032194637888466736
61.124168712314564,0.07647095784934181
-24.824120048152743,-0.0475637740754884
37.71096485002821,0.06073285290708926
59.435232823478955,0.06895875119465988
-41.68612098782752,-0.06208730391427973
29.321340309457515,0.03539674915188949
80.55076753621256,0.0934631619873009
-35.70706990895548,-0.05761947504175208
88.3065507634083,0.09474589971117824
47.85234792370524,0.05949931160767106
28.70926687321192,0.03951581935917034
51.38767923032161,0.061708024187504325
42.924151467312285,0.05333535980093623
39.61538372991177,0.05372470241997393
83.25059479791538,0.08941329346693792
8.19397470748742,0.013814513586761142
14.679107579599306,0.02369304256987444
74.22325788579072,0.09532382050197936
99.75514036944598,0.11070307005379589
-16.419969102088857,-0.023226761952311534
51.22774018580487,0.06594533687088715
-1.9847385346434683,-0.0027631346501767588
-6.980340384947577,-0.009594003044193555
56.40663774336275,0.07493993295699367
92.86595164099839,0.10512411728347702
-3.7093470888839213,-0.00525040583674659
73.98525142493125,0.08334678171221781
16.56487361677272,0.024703059442752126
-23.307536613212665,-0.03136401136596034
113.95791546669732,0.12003352266269897
65.97356282220537,0.07912348882895792
3.342891570763211,0.00610942603757277
54.27744796418088,0.0666408369237465
-33.34577602468692,-0.04311879943785637
58.80644665081654,0.07364226248639012
61.385053706836906,0.07347468403544938
87.71807642114335,0.10151672357892659
68.03979729143822,0.08790612489430671
92.74659891744302,0.1072722409357783
-21.12293096994607,-0.028472888406921453
19.90445335223605,0.02829859362631754
-20.124999550171196,-0.027626085928476322
-31.36586178301314,-0.039034802568634584
67.34859190446542,0.08451154084537328
78.26607837809925,0.0907481338660451
-2.2272439261376444,-0.003117587600321502
55.60167815953091,0.06771055872088497
65.40437012279783,0.07637079569020179
37.516331640041706,0.04351015342601631
91.16319044363789,0.10071512038433918
72.19718148485876,0.08738454199288094
-26.646160209178948,-0.04382073908481949
-8.09739506249722,-0.011495907725326014
52.35242173732115,0.06502276546906564
76.21882371874175,0.09696336472165398
88.56200578190058,0.10566971471916403
-3.827756521020227,-0.00527436956164072
23.359539875404856,0.033474812433923286
78.11489951072839,0.08574906371672263
74.22554181919068,0.09958754107383631
90.84716403120476,0.1008369771732072
-11.465849490547066,-0.01563781513193592
48.52684285859366,0.05656603600601653
103.7768861246279,0.1107565219840832
-69.40973114092941,-0.08890451457809331
96.81284527275355,0.11250177852152282
96.54686305662884,0.10174364272292778
6.746987801000296,0.010762339914081001
82.92666481311123,0.09461938577019244
71.80172931564127,0.0924634346723346
111.34200600094805,0.11828223618550333
59.16158059600558,0.06923889779743185
79.01172828571231,0.08474940143957016
52.7882207962985,0.06456499993257755
-34.00887497948736,-0.05072096334418996
-29.92125917372741,-0.04405114218703784
90.44219062141767,0.10227754762099883
34.878260089975335,0.041954500120838234
20.46646525230767,0.023848085834422255
47.88507474772186,0.06455684682014896
-11.7592704183852,-0.015391299055006944
62.88208808050403,0.07862516386696856
62.880760541330005,0.08018158861351728
35.71065910028171,0.0572250601610263
17.378849255716993,0.02929926628290604
46.88322985638015,0.056275216964791215
95.88055849066237,0.10855412343951937
12.083329756891246,0.013756666670611425
70.45991958147123,0.08110605460128531
83.36195322258037,0.09388801759850424
26.125349098248677,0.02962449206483659
67.41254205445756,0.07594528864894538
2.5470652808316654,0.003900165605030338
89.01767973917993,0.10127658285042333
95.2744978610555,0.10250702429371543
117.13966589407532,0.11960912017131815
-67.81420613450757,-0.11734236396883406
32.59835242782017,0.04903608397377207
90.60485443337666,0.09920762357527571
33.67241304046635,0.04109083835628213
53.76137901409672,0.0662422559069958
66.83144096973407,0.0842455842490632
79.77003169518926,0.10347198480045641
71.48267993735737,0.08356057591559543
-11.876489666960886,-0.021829390479221077
99.67331900624744,0.10932671907183591
76.46638734497746,0.08414201521931537
55.46273422304672,0.0705555095658737
-13.04948707667403,-0.018320375877651906
45.407501770821014,0.05296766078838267
52.9973225495983,0.06853841081026957
46.274009787585676,0.058465578505888696
-64.67862336747405,-0.10349112543545334
62.20143095055499,0.08132549936379742
-7.777791827511032,-0.01129379318391397
-94.49664825441056,-0.11283415504931009
81.42645455610504,0.10380271222273398
56.074005966864874,0.06962586240291893
100.92783279563348,0.11685782129639544
56.61537987062563,0.0682215757977449
-7.5396033405565435,-0.010885769765311021
7.228607756691113,0.0140915249787235
52.958256529539334,0.06295441748144243
98.01008492530568,0.11120667274831718
51.91176108200273,0.05756161193169077
19.536638951530026,0.027094872894646946
54.00985538843182,0.06481066493870469
15.965182359766523,0.026521421780087786
84.22976313037287,0.0978748002215144
20.637362176081638,0.031502211862538106
-2.8118856035836988,-0.004402169753775368
105.69932945327857,0.11417271966027796
-37.92330041165328,-0.04868666151204932
94.46308513690761,0.10436196862824532
-14.734773737449776,-0.023441474122827294
58.68686737511495,0.07543705201254011
77.91498704473737,0.08648902667246687
104.00908652835271,0.11673062255754212
102.27105998512589,0.11486785207393399
-5.140324848177162,-0.009461342713442827
46.664286538512464,0.05997766796533101
55.874224942680314,0.06754562481446612
76.06991993924665,0.08755123496382808
87.95194998607263,0.09956183335250794
62.419459185134336,0.07980803729504159
46.56556531475457,0.05604250376511287
-37.62406222429843,-0.04422898704927456
50.28513125893176,0.06301375589369677
85.08014327519184,0.09531172731918221
80.91718429999753,0.10234664954150259
86.20937968926553,0.09902876790126035
23.40057584583244,0.03987520462650364
98.36455476340613,0.10704472100177165
68.13166705089425,0.08590061360661687
91.4617889702221,0.09870629268120715
36.77000312686567,0.042996455074271925
100.4703454025745,0.1088567515686775
46.66428331463614,0.05715952505343503
1.3055492442928893,0.0019489576301950507
-9.302986989786072,-0.015849285012418703
82.08482222553685,0.0931250820828304
-25.071434472607734,-0.03881593253558042
104.79527146744681,0.11207639363521503
-24.79358261451127,-0.03464301353033752
83.01930503548064,0.09504050416226674
48.014534512758225,0.0572426871829647
64.96681020545682,0.07688935543153548
73.1800721043371,0.09281121944247446
95.24947186551628,0.1029240923613826
35.37022344205634,0.040897552348745154
48.62499622082603,0.055619070851441174
66.31217690545739,0.08421688288125542
-26.119402401260476,-0.05039247757493879
-23.261596372610118,-0.0426559183529138
94.33961794674907,0.10768819036378978
51.68902447757375,0.06905824649508728
-14.869772086884028,-0.019346266266169376
-9.803712456004716,-0.014543696897744976
104.50205527736571,0.10912072178419124
-16.150799272729785,-0.022488371358411925
-61.95845558841434,-0.08728215341223579
56.5576311345923,0.06850687787919031
86.87382103373663,0.10506568101121642
37.21311392232043,0.04447204247094625
85.33216592484526,0.09973709319718446
83.93043028453123,0.09492082964874081
69.5422792834677,0.09470881947967635
-33.990394728473206,-0.04415101542650791
6.827951973083825,0.01105948506288544
-40.453943719413495,-0.05467423227677413
11.925596535303644,0.01617739960122736
86.51768683568615,0.09234474267420428
55.3263695205394,0.06632792921678543
57.815714697157475,0.06969089418176322
52.528570254466366,0.06722957367125484
2.4399939146637735,0.00429672845281392
52.08039630013493,0.06169454139971634
71.75572358697426,0.09613088748453467
-17.209016540378016,-0.027494020785918383
25.51457918956748,0.03066803147836241
70.74484069591088,0.0915529215948755
54.13453465833052,0.06799494586189873
23.413887647658647,0.03763298340009548
70.3897426625464,0.07691576477587564
62.54003401837166,0.07689969466625589
90.2677335811547,0.10048427548955938
33.20832882182051,0.04098459850319081
103.25454109067266,0.11272940335938299
-18.60544176100671,-0.03463186887006292
79.80653590797941,0.09118945413165869
99.4887017001543,0.12106897317443949
63.68084964045185,0.08369726382645193
29.905053080307123,0.04860972694771995
60.51546256489975,0.06583491358939335
59.52272594229064,0.07130393244536877
69.24688935042676,0.08938502390571998
11.001517204779775,0.0177278966679598
-11.19565806918496,-0.016505659758530845
-5.526321076355784,-0.0072534294508286
-39.02644359124559,-0.04804280129523091
59.533896974398424,0.10234789191589588
63.35101538328709,0.07971847411086691
42.259082783713914,0.05389865004174942
56.366042486275845,0.07038163780644525
-2.2344404685519366,-0.0038667272219953626
75.84441766753717,0.0956516003902869
27.402352660718424,0.0378752546259319
9.311682229401985,0.015069131006280895
105.59920201560622,0.11350645903605583
-17.31035780943384,-0.023620454102513518
14.665887867817238,0.021200756202198034
1.037234019369204,0.001621340563018385
87.4150340914358,0.11091743157314295
73.58447324110357,0.08498559923495635
28.963241576937772,0.03451884057186373
73.05323919650172,0.08563035998645065
-19.32432898597139,-0.028301860574616946
37.81442748148415,0.04362908904312538
50.62801819204708,0.060673971152436466
64.1601170539809,0.08195023529890122
48.46153371591075,0.060290268156408484
61.06517786950772,0.0796676353793539
57.971574419075864,0.07393932040467263
15.823699068278074,0.02743073565040492
50.30898763955142,0.05763646196139824
70.21092844025115,0.08349151341605224
-35.616591132158256,-0.05096129687494932
41.515141648285756,0.05086288036322467
101.9507960489689,0.120907942776334
-0.6249999860301614,-0.000937011700283161
106.03791952452914,0.11663618154584855
-24.75983135792628,-0.03481740977974989
15.283743719736147,0.022253834582955604
90.35380411159055,0.09943217748336607
0.6233301635248205,0.0009733764308092278
36.51684387612693,0.05744525835687935
-36.51197523179793,-0.04668497785844158
-48.64052178861659,-0.07443942913050434
77.58640717031946,0.08444188985717963
54.96116382006592,0.07006269430206784
86.15470152373337,0.10118143945266074
29.585061579386227,0.036638428107214766
88.57142369413819,0.10027848491922042
61.30023236322628,0.06894671016332683
51.72256953919732,0.05935591773248477
-17.405737956499824,-0.026130525000922784
-20.732063958271358,-0.032777911307352664
-28.265899679478206,-0.036693892464502574
35.93461780534856,0.04379869548999043
0.34139972122686696,0.0005911326666268795
76.7737772042808,0.08808440001453996
77.126863947722,0.09877306689772783
113.18505641971873,0.12770843174629462
-34.21450757829537,-0.04732348813200454
54.496116437873745,0.06675901727583794
93.22338622214197,0.09668566424615051
75.5885697390352,0.08447212394592458
37.09787151122347,0.04492821436212711
116.66914622864273,0.12473958779530309
-11.579537586670579,-0.015945129970058737
-24.4347820625357,-0.0371912941849452
93.29235946313798,0.10302454227215749
47.237806147847586,0.05681486769072104
63.51903293492789,0.07925958336389484
50.961537322459314,0.06847117914681464
94.45006110000173,0.11010077553815706
33.58381101011023,0.03915192536596119
-9.550897990113604,-0.015214973837734399
-32.97330023386308,-0.045459282232078374
43.440998024997846,0.05560703414970032
66.61351026534766,0.08103953419569244
60.84853878591454,0.07391688207378451
101.25574334568266,0.10974183662217497
-79.58726237202941,-0.10189499422464376
64.99999348207689,0.07256841926274632
68.45571041304581,0.08899621816294105
60.47538065166546,0.07290734837888653
63.75650604687203,0.08001083186953646
54.62674135582673,0.06626861154026241
-14.766088154014462,-0.026648161507238994
103.65714054022517,0.1185525829699836
102.39468638810442,0.11756345609955784
-24.701206680550555,-0.03539721685400147
70.36067323825296,0.08104626618491549
17.858738924706582,0.02651277299564978
51.049581897714404,0.0638346071915987
62.21706725498022,0.07741903303024207
42.21280508283561,0.05018441391684508
63.07567932839458,0.07616597626237347
70.7805028790035,0.08142082286504446
60.81842433097559,0.07563613279745143
4.864226573684562,0.008043194499560442
0.4162026669038315,0.0005739025402853173
101.84988734820163,0.11454460325796244
73.60453987169817,0.09204693903607243
42.68234134456687,0.07034642954369356
64.75433054460868,0.08204075610471998
11.656534693863435,0.015923777700219393
45.43610446109733,0.08421596343094837
12.577863256782102,0.018223171942180837
48.12693040794908,0.05694852788943179
41.89455503870959,0.052735609706491986
65.97167081251611,0.08145018928865187
49.560920955893366,0.06082587248260778
-0.37777776933378643,-0.0006067216462491197
85.75348869471895,0.09013870080520013
-40.68802880134309,-0.050435554418258616
79.48809346139785,0.0932768935480277
30.250598316411363,0.042973508638260674
91.07526466692786,0.0985699996634468
98.56237864266627,0.1056808059681268
53.812498797196895,0.06791525391917541
40.849129735674126,0.0513215558299593
28.27228515930946,0.03346348742390559
110.77684271697633,0.11902467784122965
-13.187420393471536,-0.021083355926857675
51.54566276425918,0.06346435442875449
32.9393215647732,0.04094501711966978
79.38143435082766,0.09715345817653785
40.36674726399204,0.04873379159815781
58.077795005294746,0.06583439828486516
71.46573444322546,0.07818125369804804
96.55548212661469,0.11340984152737968
1.6743596356714678,0.002441742360219388
86.46127051164733,0.1021729724100713
-12.732643733128487,-0.020015003356521354
102.0623585205102,0.11141528339513203
35.58089799174254,0.050286305778670624
-22.101665706476638,-0.028412071993120323
89.91974828452055,0.10392733499233593
84.52395298124732,0.09380253497093977
-18.54652173219382,-0.024225940417920137
30.04593420882135,0.03576639817808137
93.43516000632448,0.10579328201124408
94.5693161149955,0.10952365120321449
-2.506016841341475,-0.003183435293833436
-26.51163482784831,-0.03781223008139522
87.89086253579265,0.10263084075850212
34.687974871543084,0.040550480629950675
29.127458342731156,0.03400564892095865
6.463689496980584,0.009194952198995684
113.4720733330376,0.1231888256878655
58.976376634531135,0.09655934075465233
100.73091624784169,0.11232735724043356
85.7849555211461,0.09872619453928382
14.171504736877957,0.02434586541174673
53.66604357658983,0.06312470229695231
-35.51681116130551,-0.05091999298226136
74.25053814985802,0.09244014698506929
35.19644102204544,0.04191517774388384
-11.226818579303554,-0.016050509109570774
73.30223294822915,0.09421185806546324
-34.09193255984531,-0.045945132374235184
97.55244537198044,0.11467963654092002
50.85069330784285,0.060192464039288
100.25165338833995,0.11698940854406896
99.11576600560244,0.11278021930426117
51.03127982912029,0.08484269719369514
23.554735020866108,0.03313649569658815
75.55153265541543,0.08490493649549377
1.0216345925493022,0.0016171126943651862
34.15080119633438,0.039808436289742295
58.586353945563594,0.06190351771169164
-19.74416979916969,-0.026449983106420244
-31.74927042737473,-0.05049897699907028
96.80469592069039,0.11008770075437732
48.122307279249085,0.061149840892861004
-24.588414084552447,-0.03297014474149299
54.480378144358454,0.06017864468989047
36.62851632644854,0.04386868344764193
-33.89212752233528,-0.04832992707494136
60.71751788523036,0.08066502090559738
82.06972699791737,0.09707360503239983
38.5035962616797,0.04905185650615388
79.69313697183391,0.08744774592915028
44.0696017128955,0.05551418378241077
110.70764006491716,0.11520267784157831
-6.769985656062023,-0.009431238418496513
-14.88436571655634,-0.02070620750616967
71.05048701124636,0.08994556818172061
48.54165929959464,0.06255053560731574
59.86363502557982,0.06618517777738267
-29.49260454491003,-0.04423747860534332
54.29065622595561,0.07083521178503208
53.2687397334464,0.06731205749566657
7.960138750638934,0.010590867270463015
43.31124982148999,0.05182701704230369
100.3124977578409,0.113672050952036
22.570311995514203,0.027502211541859594
-0.9305827311918539,-0.0015900596598635531
22.14857093351228,0.03687436330949981
110.5551858963808,0.1301799140279837
57.17203686931119,0.06145077170936869
89.89208199738506,0.1061445728827677
58.98674110578599,0.07781831376161011
39.89332842111586,0.04898130896088702
75.07565751291276,0.08144755414673238
43.69636866027373,0.07781586959723753
-11.910261942885644,-0.017940856840375413
78.6174302567484,0.09893882150013035
67.6480210840849,0.09064019732320021
-14.415428189106711,-0.020989808961839232
63.3633336711998,0.07621170973688794
48.634096619822564,0.05622754519298018
-12.923329620244237,-0.019471039931723395
37.918847319986966,0.05833554305115945
97.69144302430834,0.11264253344249527
-32.05224934103555,-0.045758352821525725
14.057442193693678,0.020282642970035906
28.019795756012478,0.044905263099725305
-24.33102923435253,-0.03280237994626623
5.5458859519891535,0.006955095055138246
5.215310888213404,0.007111583689472769
-32.990269809339594,-0.046323283115600015
85.80356681839164,0.09955121129817919
19.785081732231657,0.03672821988171337
33.90662759212954,0.03915513993375051
49.31386420935609,0.0654475684466803
-13.14286300296688,-0.02071329844043819
84.0829642609933,0.1105626899908535
52.930626624313895,0.06843614021650603
42.30088401025375,0.048472501889809096
57.999995142104105,0.07193323152055706
-37.99465155717045,-0.04815593744940482
74.91811532328447,0.08120526415053461
78.95587393652427,0.09492322091119593
37.92542936262562,0.04682159350441856
76.65952235173106,0.08490121177130931
-31.04635692195387,-0.04143772302575234
-7.509584152835558,-0.011705513043656978
74.13693475079378,0.08363559131459196
4.976190364963951,0.007586399100227857
-2.4183048227894233,-0.0032328617250831234
27.698406951075356,0.04705303125717949
-27.39809176913629,-0.041078510915113234
68.07319977464802,0.09204167448683256
16.215880530847066,0.02400367214864329
-34.211355702193565,-0.049745473568103035
-24.40584954589442,-0.03836441242708115
20.532681716484234,0.03071784323193324
24.662917166960266,0.029665293918184423
23.059554941508445,0.027158675636244464
27.468092056015013,0.04068671698030906
-22.288635832857654,-0.030594190206857313
48.625939300610774,0.05906926426741292
59.80197886134138,0.07113615785915069
52.46762331606362,0.06350920516968998
68.29170676526967,0.08453482539761256
-60.20297565029907,-0.07437100433705761
20.144918345670742,0.031430619536812074
81.5335759020148,0.09533382365452961
78.65481675030463,0.0956992023436465
93.46555114679023,0.11724775776061497
19.26760520313827,0.030167661530433595
91.87058086053412,0.10064773627360486
43.64007465769906,0.05186804742434889
112.32574950693201,0.12120320082339178
64.84758950432904,0.08371776202296967
87.35228344328793,0.09971910649653784
-36.01626548643521,-0.048597175323929806
13.255240147618712,0.02283089172051327
87.34010293536463,0.10065125877016347
45.01545494436711,0.05152149377630681
20.530696731529797,0.02279640790037238
-63.274476916363305,-0.09091931565326568
99.72709328749491,0.12873246305776317
113.49833356960369,0.11785662361722359
-13.536592943249913,-0.021900226117366473
60.97292205246318,0.07461880333817902
-16.120097241418208,-0.02229590607705129
54.760451610154064,0.07101130033826782
-19.95907803013984,-0.03193408341656234
-29.885620247036996,-0.0461911046562954
-3.347707573303052,-0.005321357388079313
24.79722991062496,0.038811490171456894
111.71308210627599,0.12217451364485948
46.4173478606974,0.057860983256814574
23.47696491128267,0.02650509753263837
9.353435069386775,0.013468466756745479
60.715296518947575,0.07419089933914023
63.628618680004166,0.08073473694094452
77.41159017481003,0.09985308858444472
65.20565358684499,0.08212006602031455
71.58098773078706,0.0904798844941075
34.23387020255529,0.05089227912430643
-13.13002301807582,-0.018566961402211292
54.88239208536956,0.06621800075784401
64.23268304237672,0.08059277234915792
52.56600542571826,0.06467681387073107
79.14882211590813,0.09203553927740582
68.89863810636524,0.0910915680463303
-26.619921597282502,-0.043122861179499934
73.20187629808282,0.09215195811333013
91.3852222317874,0.10711380775629081
-3.8829150864478366,-0.006058452089599899
4.428388533752859,0.006782947539114838
93.15176716746905,0.1031132310957945
44.64951098071016,0.05193220879506132
53.57026024051984,0.06913566877193213
61.8381061025504,0.08197989291792843
37.00961832665761,0.04565146391612138
123.13500072718932,0.12901458173111496
62.99759327918646,0.07578081408667109
111.09128817798646,0.12164491790123236
68.21017662366035,0.0755865219819703
57.23349743215413,0.06919080210274503
86.43278495332257,0.09895966147418608
14.374999678693712,0.02463153677755936
74.2169249768193,0.08385117328021754
24.418949324762934,0.032897205644333904
68.95512666386098,0.07707039840160955
38.67720003142183,0.048079662192212026
49.86352500661788,0.06049600812022915
91.03401157067341,0.10315338197384187
58.31481351137713,0.062411531489416625
17.598565914885118,0.020399387220572624
66.80183765608044,0.08184090566938235
56.23882528796948,0.06884642062890022
52.894172910718346,0.06491378677838637
31.52172859304622,0.042788991998326684
76.045163991908,0.08479560425967804
80.8463082809604,0.08901277940512463
5.348542339259379,0.00745882031079929
83.89068840063074,0.09101777448225001
98.61559983045146,0.10864835666313527
-23.06666615108649,-0.03581346527249757
67.48532579829237,0.08273214113139847
56.82748080356514,0.06873353977972335
63.276829065127096,0.06952649736502758
83.28223030883196,0.107838599129121
127.28751056559835,0.1339737271560797
32.965458403855386,0.037696339520626405
22.49642671100506,0.036147793176380644
56.8910207451345,0.07271025470956587
11.56885659998047,0.019061019074159247
91.43652356870655,0.1020311396305635
43.951988162159886,0.053961107936102426
75.59114665281763,0.09501729674551782
89.20050562042648,0.09845398088425907
67.85189566821444,0.07574706164546365
86.88360636056602,0.09358580901941803
47.15021353838526,0.05871156334369975
7.416058228398762,0.012022616480018816
45.24174185431148,0.056545160248253366
67.74320591845152,0.08730619501741857
55.53338991224456,0.07145961685197505
-6.057790215200974,-0.007730559188775025
63.35241068535327,0.08354053239413932
-23.258601158901914,-0.032844826383112945
79.02058055467846,0.08923292465620256
84.9830028591494,0.09402376824296226
68.55457073907233,0.08742213928920495
58.591690686320945,0.07197163423338908
63.28041844717588,0.08116195294306998
40.092991966982424,0.043039713431097436
-14.643705135870574,-0.019596264868228713
21.151016243075826,0.023359217138792746
60.41666531624893,0.06899050186419926
72.44443589323323,0.08769092426072649
48.03684484554404,0.05921843889454192
79.93365321937495,0.08978399478086337
5.552407807905343,0.00896003203490665
51.08512514440728,0.06220496815615153
23.265761850015796,0.02686930986503426
-21.9011459275797,-0.03239852257404749
-2.3198593506075587,-0.004018090243008755
13.996265400547248,0.019395104600282705
-51.057148177496046,-0.07854175013687717
31.18663830638886,0.05086271859332401
67.8559787090188,0.07711613364924488
84.34967587418012,0.09951937200289682
57.03562149293633,0.07239680477354503
-18.475072900832924,-0.03332959784534116
59.69070865782262,0.07232866601696201
-5.276851372782842,-0.007328791160503645
60.90050546021085,0.07412410536664954
13.35402492840358,0.017794699969102955
16.50328987975875,0.02458206204703021
39.864759046519985,0.04581338469786993
60.376530840054166,0.08009435604109814
83.71766257813614,0.10951896874906668
-11.937755278450073,-0.015698825534806043
40.04258469007337,0.04842378163282582
32.41425918892985,0.05463972001484226
42.19663324638,0.04862241079405695
60.12896690998108,0.07315977623147472
56.93201210296482,0.0693749212872819
20.24096340300089,0.0337151414430754
72.46288047639824,0.1002764914615435
42.71343180420078,0.0512977571123283
36.0798498985447,0.04169099545689283
65.15836446769366,0.08072990030939628
35.21422889695089,0.04455734904985974
25.769986835630284,0.03068198161662165
75.84976356284159,0.09412679713128093
-5.928485488116861,-0.009960424381137437
16.645801226061767,0.026394005527231038
53.08650907735365,0.07131477477084605
-34.46298621936749,-0.041199553301532466
23.337730349073468,0.03999918049634206
57.671948405642965,0.0705539084254819
11.083591083531779,0.02244429180512638
9.489120389861226,0.013334291155739916
54.63515257391812,0.0668255144495252
-22.15429353683623,-0.03862787313090188
14.422675427010978,0.019926255840269563
56.706965643525706,0.07061029029408888
69.22704795096519,0.08934966563141535
30.139088255256446,0.03368427388441184
-39.920634028339194,-0.056842256600664304
111.82637686046364,0.11813834489865925
64.42024404392919,0.07021711617486283
47.31139178111263,0.054992686903291
-37.932384747851984,-0.05230762276471376
78.43389759136201,0.0867594122781304
116.70522650456435,0.12652355206444554
79.49705896771358,0.09317075695111943
-49.26273954647718,-0.07193090021786137
54.329562598240585,0.0686498801910208
109.00993294333213,0.11377100634432613
14.453292335033522,0.02000598738003111
94.30596363338506,0.10794237136524748
5.541063079408884,0.0088784707045067
4.689563963872281,0.00714160935799005
55.461087343779504,0.07055607867553171
82.28980138071535,0.09265518593540042
35.64406699990317,0.0605106748888011
38.68544160550188,0.0460863823052929
-38.70909004387531,-0.07995366877245347
39.23075886487541,0.04432274050041973
95.51682478810947,0.11137812423470857
97.8423491824585,0.1092013008469504
14.813823441360523,0.021143140681690473
26.71779081385377,0.04297588456453362
73.47754243043173,0.08322325166688334
67.92784307003848,0.0858813961350104
71.83278855020208,0.09051888604808007
-23.504735604533483,-0.033667251825005684
57.98333203730484,0.0747626921692196
63.88505604332206,0.0788404193507697
39.17098023245547,0.04618385295302416
60.23651710204787,0.07813695971400157
-35.263157106543844,-0.0976857024489743
67.62683050646085,0.07508272169788424
101.65900508068529,0.1105254243106857
66.74773350631926,0.07416559559462364
34.86286942396672,0.040196758050175745
65.97472776722714,0.07553647845474813
25.341688351006812,0.046114464441838546
5.478152742844669,0.008102964136723293
80.07402658775072,0.09016990295249826
4.931029173577637,0.007198586958735739
55.14032373059007,0.06495501648183592
98.0716835959948,0.1073819642628302
36.15828070614519,0.04461016539483674
64.6725691865592,0.07405737427343427
4.9340658237809665,0.0068605494206373996
101.03582541392176,0.11657913359425191
91.93673775306995,0.10110355579312036
49.699914117750836,0.06206302477704536
70.46260786764302,0.07792415133946501
54.21804390091421,0.06565578350064888
20.56603727616229,0.030985475129948925
-35.899842703053274,-0.06207094810381755
76.89955764963376,0.09614899789950336
-2.5799437639403426,-0.0035218754811612483
71.45569221977192,0.0806524844089294
-32.169933921468804,-0.04269308782017019
70.9109503085684,0.08732260858780194
5.506836799930182,0.009731805648302425
59.64452626272492,0.07415090877378104
24.391891346690624,0.02915245606054518
59.96774059510039,0.0795786221253261
71.57184060188855,0.0802714649342074
37.51547813861637,0.0463921998080633
93.21901115345646,0.11096340481824714
95.51120457089935,0.10431456981199358
78.69320978668436,0.08550209897569779
-37.86577096571458,-0.051750915435525104
58.60075226720746,0.07366603774096976
45.47992917541642,0.05727755929547351
49.539633124418856,0.05845897620771406
63.502823439358316,0.07846777736115619
58.542981023499856,0.0754987539543109
28.18310795770925,0.03330134299233516
-16.936415806412697,-0.024289773456801382
16.55951805474856,0.02524849532902768
63.38812643704621,0.07475511997301486
69.02342888986456,0.08606191991966293
111.31232300060748,0.11671479053599845
81.84278167582588,0.09263274814842548
66.70919931484318,0.0730993088760716
67.1894258109746,0.08650269980378757
75.58030350308451,0.08759136325372874
-26.756762592691636,-0.03925343658977871
72.35811971339403,0.08350169021599121
70.68217237772038,0.07829505555622848
54.88656072781452,0.06578237105644777
62.12847808260619,0.0777384147527988
69.33364486959354,0.07721942301074038
47.83836309820733,0.056279481944968075
87.72583870295058,0.09346682930380153
-38.11512840663675,-0.0500226163498874
52.1336394875962,0.05518705339751889
86.47931461379923,0.09389128623662377
69.64879696448497,0.08402200969560718
39.58473721165523,0.06157306528759862
50.20881208493924,0.05935318421856022
59.609964416145566,0.07361022986335035
19.06103243780248,0.029189201413649328
81.88966422232453,0.09722230335007039
48.36458328040978,0.05558069831412532
38.958875311967155,0.046966115725567664
75.49554145112965,0.09033847721298591
-19.401831876084497,-0.026548523782517965
79.81077284556427,0.09652867332180207
-13.825422698806449,-0.021441501966700343
115.49857291698116,0.12709580341785828
22.55873442240853,0.0395657868866826
-56.58415715108708,-0.09701767315784873
15.448605652904604,0.022875924703086015
71.58894225530364,0.08178003052101093
49.33025919331463,0.06512847481640022
84.24013208100904,0.09539062335905353
103.69736312751316,0.11579122153153958
-11.514505138010538,-0.01643740712256642
80.6632225720559,0.10961420878041891
55.88549148132099,0.07041459134969469
32.02512631463351,0.03498541721885881
8.076466741612276,0.011562392154061019
-17.148063358335403,-0.025021856163909742
57.5942509430101,0.0661592446646892
34.016700437010996,0.03984510513112534
93.48808587616948,0.10442766944544134
79.99999474056482,0.10570141249761211
62.44378291013148,0.06874389501071283
81.73480861519994,0.09232521894393961
79.37418885610757,0.09458479625277585
55.15316956904066,0.06424048893699792
76.9155027926995,0.09939177443845888
31.061798793672548,0.03484703534160062
55.596537967526814,0.07046160134658729
98.80088859869862,0.10753620750903128
30.09089471196582,0.04673970128946512
61.543675873671866,0.07388560639202159
81.99466127601562,0.09148126022258211
26.198884172773607,0.030023149042987737
21.843056951370745,0.03098336711733376
105.02347183094618,0.11117054524021354
13.706626483230883,0.02090220969142242
40.74839215898249,0.04677800284871233
84.22665228863896,0.08668698546232971
49.26271486659905,0.06966301261474395
87.29926812170196,0.10421669325507173
102.87458246046245,0.11228568414059502
75.25880623516602,0.0975949547929881
4.165675027483298,0.0057495278750982265
18.228223293169467,0.030706360752614015
89.20366377684802,0.09496329581180585
29.879707012089508,0.03716867238644179
15.932885549912516,0.0301553732257285
-6.081247800869912,-0.008204128305332065
-43.59223752454359,-0.05680993148972852
20.839259847150757,0.03963459643784361
35.6119118263156,0.04211814210460408
-39.410827144577055,-0.06144266879591646
32.815118982073116,0.06253499767322118
-28.9425384866438,-0.04470795643179877
81.90070418136338,0.10526145105922693
53.652996953691336,0.06578656132345932
42.06136051718992,0.054900828239454275
-11.17706667481955,-0.016011721504021505
87.36959730507414,0.10464145955184415
77.25815252437718,0.08506125533126581
-20.135140241711838,-0.026414152323165557
63.014348330181164,0.0755878427632915
61.28683937556832,0.0787506816312956
65.87402579669089,0.0850522581690999
62.029095091336444,0.07707688645427896
78.80936419611909,0.08500201563819432
4.883429923854706,0.0075174885814521955
91.54061166645766,0.10458908001059027
38.83778421033832,0.049409237907909166
-36.34722140979849,-0.05219212547662188
65.86591670567618,0.07738448328197527
7.840904632413915,0.010906400811902188
66.3590970012984,0.08346574022579221
95.74732882073448,0.10062961883521575
45.09889346361158,0.049339083094486036
-16.887416841079858,-0.020665461235769383
18.23112633413159,0.027180220702291338
94.31256867743828,0.11195513788774021
89.69564735968106,0.10520223549312661
93.43614843590696,0.1080807045812345
-50.865517535635085,-0.0675308046430785
35.8884258348156,0.04357856640030901
-29.78417850419774,-0.04939021547877335
50.22202374423535,0.061601475422851396
79.40653740023076,0.10304392602646364
27.77777715689606,0.04706184222129624
85.28759338126898,0.09726691698025358
69.48758489751309,0.09013194141893249
-31.15431279088863,-0.050113972672548295
77.62269071423292,0.09857326742818427
-19.83091743114058,-0.030158667734740095
13.616317225971322,0.02081662401692606
-47.16049277304131,-0.06442384991101992
67.04174542298838,0.08123369935385283
80.1158885047185,0.10342647042951474
99.32438923546584,0.1091925509017785
77.62241180707042,0.08636511561667795
54.08678443573586,0.0648046558819598
5.1699953613430125,0.008006383185529327
64.87617512826614,0.07343785319784664
54.458898841885336,0.06340909699195561
111.71670266075076,0.11632839722332537
-2.285722311586166,-0.0038493858183914786
57.98231899398151,0.0713195745219612
22.68003603828344,0.032893222043188335
11.330710539991568,0.01681739013559216
96.61405485406668,0.10142118969197314
9.020115812752815,0.013878035516316067
75.12906170670698,0.08960370878329232
-62.58527687759117,-0.08592704114337306
41.89347948230932,0.07698865463980077
103.64040309235844,0.11610366395236493
82.72312518682465,0.09364357143470034
69.26349720544198,0.08014004350341246
61.643692076419185,0.06722848124049646
-29.87968452344526,-0.039803834447349896
87.79419157414728,0.10326057305202402
98.85672759621683,0.10637162061500917
79.55055611032601,0.09721105111284084
72.01469762108341,0.09231366978603514
65.99849587246473,0.07892257925573867
-49.29955180417941,-0.06150164533500233
61.56423721435728,0.07556908676666949
97.39582561335396,0.11254537644724866
77.9964909417485,0.09059046577615236
17.593856262036763,0.030321701125535033
-23.337601170305877,-0.032809168172202065
43.11531745282077,0.05206226818628904
80.17181692331313,0.09203736522241045
44.499174273757895,0.0594416626415049
50.78946996139238,0.05945423798618235
42.21674411130949,0.05080694037835635
84.26129237790757,0.09462564238296753
88.17064649339625,0.09851060376838129
-37.69552988369622,-0.05155456773294335
56.78570724719639,0.06785808120295257
-11.66064955885875,-0.016350653083293656
67.3448860402243,0.0821095958614964
100.96105301972648,0.11560227901933433
67.91326058132891,0.07364944161284254
-6.176227256130593,-0.008105930449798703
77.85038782468978,0.09785870135289482
32.226414374023115,0.04063314906423476
109.71830396321299,0.11503143821449781
98.16993047540484,0.1076421085061879
68.98175450206072,0.08480882885003083
-8.369309792665858,-0.011805962199303575
82.69105138496411,0.10841359877561658
28.337502251989935,0.03379951674231244
-20.155819728231844,-0.032000241620435306
81.12126570660337,0.09454152208278542
96.10070683317733,0.10792336604736227
99.69007041097842,0.1079943081643924
21.58815552042905,0.03485353707453091
-45.80455333877061,-0.054909467932663686
76.24801642668989,0.09034997283978206
-15.66149144886421,-0.02220969157248095
-14.172754577494759,-0.021801327941202826
47.985900236595675,0.05873091488843218
22.61671062781352,0.03034782715083694
49.47290164103929,0.06174970603259756
101.0632682303528,0.10469933675687197
42.29553808807828,0.05751064867777026
41.58131084057627,0.05068880883342747
18.716209685580935,0.02970039969210475
56.81885761989581,0.07303049080760401
96.97102107827185,0.10267556192131784
83.10026997044037,0.09615025114189786
28.699310758673423,0.03318101150771781
-3.483521376091715,-0.00616966230784417
22.551014775879107,0.0370589012141949
-60.714284357215675,-0.08630631236339516
98.26254218538678,0.10893787214568527
52.72096543936009,0.0693136990789477
63.93463875522734,0.07698291787906486
99.13135371644492,0.11179006103031308
-23.673476550956185,-0.03186197282050742
65.5356101318567,0.07593108479616727
17.156988235751633,0.029620215808834463
-0.3834010236941657,-0.0006243058475810338
23.206622753125288,0.035486798608403584
105.26364700945706,0.113412662971823
9.884008740161308,0.013946499914648438
58.88994175771099,0.07502745079935724
8.188178949915702,0.012945328591159778
23.996785560661667,0.028457914801607174
77.71523005100867,0.09699573691867924
51.772809711994874,0.06268070283926339
-6.597150810937997,-0.010389020075192006
57.05346343112817,0.10806838997709359
-74.71014325763436,-0.12301282159466231
90.49343957631459,0.10303426396802248
70.99325679179893,0.08858668802796904
84.69199580416539,0.09498376217497281
-33.84839574488711,-0.06939204117638834
-51.263156748915975,-0.07527363131732079
92.73904661067874,0.09863307498990669
-18.981722813323334,-0.028819856865963646
60.888067728326426,0.06872082483653427
-53.49804821904986,-0.08324740407663936
49.85882241498022,0.056825727520139126
80.23529232424848,0.09597775889201939
24.616560398321017,0.0301453484178402
-9.92258042337433,-0.013884205093477028
-81.1111092981365,-0.10697361387137597
54.1216867196285,0.06579424836341273
58.58957611633231,0.07079777722737922
-6.743515699414767,-0.010474343725205053
28.70885439235951,0.04638570317357802
60.14656158286994,0.07633287856444092
-21.188118338289826,-0.037013436004174664
-82.50522680533956,-0.10134431371181311
65.06722163546735,0.0808010566765423
-15.880011706650295,-0.02518563131946646
62.07547031061829,0.07527256455500594
-53.53846034178367,-0.07303884022915796
67.81174062178053,0.08640414104270827
69.041409499749,0.08737855416302887
42.626857967963836,0.06902439389972255
61.58276783558834,0.07942904536130144
114.2453162345111,0.11912480331873734
11.34567317467779,0.02018854421813144
22.445514603511167,0.03620926791088791
82.47242996158879,0.09444694735270119
-16.398109257998076,-0.02387138909518234
79.51077390845191,0.09546050122187495
5.482492935572142,0.008005173141278328
32.81726878106215,0.04379085501936181
-80.83798701994579,-0.11193372122110702
85.9243461261062,0.0921530572519245
60.827396751523956,0.07621750291757606
38.417532573693485,0.04620821105253024
-45.15756676701376,-0.052854187219469384
92.9542182370466,0.10360603470440731
44.57041129509466,0.05309139061781859
-16.021656642021462,-0.02423865060197162
1.6475095417193526,0.002234850257129755
32.21792468706136,0.03586928439413742
89.222580143619,0.10453435319486111
96.75589331216193,0.10961936873074779
15.477321225536308,0.021945110310427767
36.6460835113508,0.04181897552340409
61.03547689563592,0.08167849095258561
-4.683383171173879,-0.007070944744944259
50.82060955109373,0.06931838591365984
-14.477452397084226,-0.022238622686558275
85.36614915462641,0.0926778535414141
31.484516726787497,0.045429932514266684
3.2294616841898423,0.005994534008744546
26.824633231942652,0.032220078517569896
37.901629599195985,0.046586877959507604
2.1243522841232427,0.0034920933446386717
0.01181498425295527,1.8676871769303764e-05
82.45925406570787,0.1056984240232287
93.79219786358341,0.10219880571410302
10.17093350044171,0.01134889949326185
28.62654981849274,0.039329308907651725
56.04194426624272,0.06583824750206256
-34.14215609960842,-0.048631789063087925
-26.272255457898723,-0.03350395541007206
45.25174407728693,0.053731586065048784
-29.32867067312444,-0.037773608189367855
20.71427266381276,0.032011137051851296
-64.8611096613523,-0.08215563782903941
84.83587420178242,0.09159948385265543
100.90463059564334,0.10492032603086204
25.301685256588286,0.029580750751371006
111.24625912412357,0.12324853965783655
120.29474543553297,0.1307349132481516
11.162123136446843,0.018429848852066555
9.2946426493914,0.011034462689232347
53.86642318421904,0.06695253003337359
-25.749192458823202,-0.03673760600107442
85.15941401625024,0.10976401562722207
46.850901464657326,0.055408735830645976
76.05822391799688,0.08720534328141902
-31.978228909729207,-0.05356996860388257
83.24652591707289,0.09456067900942801
42.15738776449511,0.051205823869389294
59.483198908949376,0.07427702369800054
88.17093820016608,0.10585996803425217
60.87143563415542,0.0761383701684749
50.315265355071986,0.058393198528790005
34.63563361273026,0.04239297499573558
4.266666571299235,0.0065043771350118285
46.36439862782269,0.05767148431798684
9.440483488786727,0.013609101790241034
-23.640173143983905,-0.0336608951298595
69.2659075656481,0.07941783923583705
-25.185643001413435,-0.0352699221196346
-37.00730394544829,-0.04778833724671599
4.434081760945696,0.00589048266732447
-11.310816670289736,-0.015508467364757713
9.072082218159824,0.010697319639942589
42.487643201892226,0.04899901016154214
74.43729009970397,0.09315438614604939
51.134214358006396,0.05276516825743648
-14.595555413737141,-0.01886784271873579
8.964007953293565,0.015137311667075824
54.351498293515306,0.06935838869726918
-56.85507119295821,-0.0780073882849232
38.57931679901214,0.04421138342952038
4.819277000714497,0.007828962149694066
23.482752896845323,0.03543860503086718
61.775376178529626,0.0766566637072382
36.168693781913646,0.04958172557477788
29.07036440955622,0.037780182036000066
-48.72372263466363,-0.09065099207377471
63.372810471212524,0.06933886821412175
93.92104656464959,0.11482758080889907
13.016039193821426,0.019795415130719356
-2.811741407933345,-0.004248523308648233
33.7841344854379,0.056185930028321854
83.08683287675808,0.09443349940511232
14.201101610955293,0.024249336330128685
63.45735591014686,0.08019173896093036
77.01879858480254,0.08508212560758405
72.62384882131848,0.08267706620906588
-44.431313630220984,-0.05952123288467651
61.585759141250335,0.07347852484997681
-9.044279042608943,-0.011952851381981136
79.51723700247962,0.09657432854882543
-52.83019251848565,-0.08293818489401122
-19.256415624840155,-0.03160074157088779
27.999987850333437,0.036948847349969706
92.04220494263517,0.10447155926379277
72.08262526648491,0.09134601240297041
3.3045510405676537,0.004970347911289851
-18.940677542744552,-0.04374840247201995
91.21848298048899,0.10829602711192261
-36.682754937734636,-0.05059097494472547
73.0574114571237,0.09509752665337276
46.172464928630625,0.08401958500788155
75.04639375441675,0.09048354800052462
49.483746503894686,0.06339848923454906
5.597916232677006,0.006322862125989762
-20.165145463216223,-0.026620362097374714
-1.506855477413106,-0.0026420913127536993
21.375083002289287,0.025174579481644123
16.449771321816666,0.02488845735642596
79.66963703790678,0.09910716748568638
-17.602745528600824,-0.023664302252054584
69.05769820355688,0.08960180848722825
62.85538321045729,0.06747346800405965
-13.59617651808504,-0.0215417307850419
60.98722882993677,0.07426726887424807
110.9012478949111,0.11565024374421061
-25.15239421283645,-0.04483630263112758
5.2704256589516945,0.007642590765642997
85.41004143735276,0.09665752118168011
46.3671864636126,0.058440137549259225
72.37191489090051,0.09329736593000938
58.5036666641533,0.07369933428099933
20.345189355177112,0.027444625865563708
3.38526904614637,0.006259399336152108
105.08508047243735,0.11565521123093665
74.069262413687,0.08361102074483857
-10.052631354253544,-0.01387048293167286
-14.80454509544645,-0.020388864871801332
-25.200979367406756,-0.035047220044822976
10.865561451426746,0.01752049442121813
33.86972526709237,0.05227909794103409
63.84214556078908,0.08114609195819153
-2.5398995750088518,-0.00381253346906681
-4.619231511107413,-0.007929876999878575
79.71999459964036,0.10384197634429854
60.378563284622274,0.07196816593574323
66.17744110300985,0.08222443233520056
74.47292958675456,0.09499458437240858
44.25431257198612,0.056356490473579254
-58.66750120810452,-0.07534417649576432
-54.59590290887654,-0.0658946225670877
29.888356588721464,0.03337901068748208
102.43680911671011,0.1150063072470979
16.906709933071205,0.028573474672121433
73.14843760267081,0.08334643513214471
-29.176177450648147,-0.03842702569735497
54.98606699464379,0.06657577228990952
24.114662997085343,0.038307099836775355
47.666344720706135,0.07070910890099458
79.1916122879543,0.08671241406555001
-18.8547811606171,-0.026934864164219852
50.42900897719417,0.06281508290755207
0.1277858904375126,0.00018191929537546237
103.83753058143189,0.11325637426003285
0.13512957548258608,0.00023268558876776105
49.31783658649207,0.058198946587797444
18.737365703916886,0.02159639717080439
72.40062712083179,0.0941192401337972
90.27099864935973,0.09886224721476586
34.57005932037332,0.043277064386387176
50.81080306721393,0.06008470785762212
-26.66667248636275,-0.04198325581492359
-8.448692559484668,-0.012042914447508666
28.3020471489699,0.033601733516972404
10.973114633140327,0.01642393789068619
6.134087561753249,0.009890464019498075
76.57968942665507,0.0862294005850724
32.19492079687144,0.03870700981415662
97.38508818159748,0.11323594492547741
84.5510380571252,0.09950846850951862
57.73933173742439,0.06660469379554648
79.96788517468505,0.08912723305495567
-7.903790254261109,-0.011025110809494042
32.972968161106095,0.03845042189271592
67.83830601375004,0.07458250851141102
62.586775460580654,0.07826155052945992
37.59392040423589,0.0437610543603825
63.26785303638981,0.06825487349754183
44.92957646053442,0.0904336498509668
12.723959708094709,0.019401005462230933
37.7387568487503,0.04437177568559527
61.643444261718564,0.07217794873005105
112.83810018269351,0.11968654130636182
15.6750770117658,0.023872090846143144
16.871495368427368,0.027312983580451602
20.657882372211432,0.03386511537015465
68.1858391838923,0.08977386312426112
72.06659976039063,0.08309628268457007
14.09617792190997,0.023947168553349784
88.0202093743913,0.10420542169020888
16.73501539881391,0.02820889181582848
58.72780933821871,0.07556194224294202
52.632911946245024,0.06292924568965905
65.73383883491668,0.08295077944288949
1.3354652232498285,0.0017559883574642353
67.39725512280567,0.08796080163695337
77.42423726708599,0.09731638240710073
64.93427865643784,0.07129154060428054
79.19775661094975,0.09046566049604149
44.46491096071302,0.05249416450669879
-26.929715797580716,-0.040501220761022194
76.76850966518867,0.08649546364833917
39.5344623901957,0.047110832678307145
62.60288818742462,0.06957994838586913
-54.24886756301019,-0.06877226213204493
56.68249713122749,0.07207640138136208
42.94852180017485,0.05033807660617265
64.30507717541717,0.07990692865369589
59.432075016103326,0.07446211023699997
-18.668315887414444,-0.026527180396698585
13.509864703223094,0.02118767561427367
48.68185407867802,0.06010600935373079
51.585263440175176,0.06571360587591552
-19.25090212166738,-0.029536968090159134
84.22763776713408,0.09963031407270385
-10.526329557593067,-0.016861971997417
34.42010232343425,0.054890615801477145
57.919637524057165,0.07250244813362526
39.06510386547579,0.04475904904135916
90.37887283636152,0.10526417857181032
-30.110496564547002,-0.044230605507097225
30.180854997523934,0.03714636407378616
78.62562013312767,0.09180474547810893
89.57641212311245,0.10255545832050687
41.681952796853636,0.05134125241142017
102.7719775721675,0.10958435877848767
60.867105142812925,0.07426890067519369
54.44534213851898,0.06745792402298792
64.39927858262095,0.07053485402439735
7.665659480098983,0.011588306556662953
-5.3464051092567,-0.00793295536610557
23.613168196484384,0.028868200818847563
88.51760148040265,0.10136772159686107
-19.83713310709411,-0.03107626866237671
24.520341714865744,0.039340195498505516
47.50173575253312,0.05789597880706176
-43.45730553429894,-0.0625597708151978
83.57957199219936,0.09502848999060541
89.42784610239765,0.0949091801666873
-0.4279891024334394,-0.0005585881101927247
64.44626228133608,0.07961342284481437
63.63069693391746,0.07318099563576182
95.68795299253605,0.10751259180199915
11.434052851857187,0.016783558180645447
82.78816954362587,0.09542100824286569
-23.91498827977602,-0.04533038725723671
49.61538350639435,0.06231821391964232
52.76965153714019,0.06503880849571125
107.16311588075688,0.11856255778864982
-19.303140710351375,-0.02470497924753757
87.39937685093933,0.0912645680564714
12.795560646141526,0.021752623190767345
50.93434782493064,0.060374642638509855
72.29639156469118,0.07516727572125637
4.171504960395374,0.006537514708729147
83.57142670346158,0.09322213338916904
60.37673532279371,0.0783295391661993
91.63667816069848,0.1107109317183209
44.53321259064618,0.05372703235368992
51.00406327910386,0.0703010964013263
90.11311811110957,0.09909425845119406
44.838092014295555,0.05566595410215238
-22.36919212079241,-0.031174237355517474
47.916286463109444,0.0622906393179247
79.67666997249489,0.09324382439404352
49.224417610063206,0.05954430247844394
59.54502236574747,0.07462741444740306
78.04495145833063,0.09080556904676637
17.752287994147423,0.025823568104260064
8.333325041157558,0.014445715343768673
-52.373687485287704,-0.06359446595548662
26.242835011252133,0.04148578004682812
-22.775432802578937,-0.02934508542108357
27.223620449566113,0.03218964408882305
-19.716534992371958,-0.034135381569114255
15.919868818325092,0.019219983708728322
-38.40425446074694,-0.05865623444774923
-12.744879581984616,-0.01936092556453873
109.88162633183299,0.12326813009309776
4.414535567545474,0.008020802772756451
74.93616578820809,0.08299431935465432
-4.205776079278776,-0.006674891741673642
95.52933845761432,0.11283608068357863
28.8424710698549,0.03467256159433425
82.40854680957455,0.09263002271201844
61.01622408451584,0.07281152710622059
80.29657271238106,0.10404257902446772
22.83284786613733,0.03621657028482917
1.508308133628034,0.002078013792612353
43.8714603812939,0.05326795310799666
5.89188198052545,0.008169213874611602
116.83196460171679,0.12506800427264636
-35.91960942855924,-0.05314481460177511
70.83664879974614,0.08755235560608575
86.0406679333005,0.09956283966583435
99.9777853704869,0.11173233859931155
-0.34659433088417285,-0.0004951023274216983
54.31356074442494,0.0681039682924428
31.730756095436536,0.04887789796542457
-5.579175776569436,-0.0086201370553954
14.014493557010717,0.0195025369060586
25.807859685158103,0.030172415828911756
81.72783555325178,0.09055233944072155
4.495068220834556,0.007050806391261661
17.381489453479883,0.03167347186957524
57.61295051947909,0.06937285961958842
71.80513886125837,0.08203066140656987
92.851579623828,0.1097659877033306
64.90278424406998,0.08091553992002107
86.68560126754032,0.09929936741645891
39.62478096422985,0.04217180945067967
55.52784580789996,0.068245360923801
44.642600188926856,0.057969046318809496
47.56491526690475,0.052913324389413124
-27.745571038453285,-0.04104288371657255
-6.997152912520175,-0.009560902647830978
47.11704529406326,0.05358510416559145
69.22194767471808,0.08982457893830537
1.229763676722814,0.0020871907801780732
-34.65085561547983,-0.04882529194752556
-13.041877199992042,-0.019673303894146402
-10.39943560649684,-0.019145566852251755
92.63552473067146,0.10505141846469307
24.75095730117911,0.037407638005772674
8.007194065629578,0.009549726763909205
69.08967848060826,0.07681175405525223
-24.16558807563967,-0.03045516128420311
2.7524429352207758,0.004475273096465692
98.47880079134593,0.10166197785969665
61.352980848534116,0.07654688770899742
-8.935064735350672,-0.01228468120825726
52.48446284977596,0.06293115899808406
-51.99170633872269,-0.06946801906852534
10.130202217454382,0.014027687885940122
80.79696857557032,0.0859555654760505
94.04431713935907,0.0978771675787671
76.45940586371226,0.08664079885049025
-17.11111601882164,-0.02331019680879118
39.53338244451884,0.04552430425289038
1.0789665540843647,0.0014339848469908465
60.03646508908071,0.07559820860974639
-80.44360342767229,-0.11074089400595807
58.859219240766116,0.06357915800225535
82.81598874268673,0.09264801461387279
80.80600152903129,0.09464893038396789
60.250137386987845,0.0735339449927285
98.67915477647942,0.10739512967752454
38.24905233518132,0.04682310329175236
-28.81735089740445,-0.04243913733188828
-21.33333749557154,-0.029977345168879222
82.3525940863297,0.09354548375283163
105.68038952546053,0.11392134794041205
-9.596982812063237,-0.01463381551395782
56.98794634151336,0.06886563685967609
78.8440500118545,0.09231373454649842
30.718618217131734,0.04846919710961524
70.12174800806375,0.09065138386125317
44.91652276640592,0.055222973911641667
18.934337574631712,0.032499354508549544
-29.472816474674364,-0.045968857993818425
72.57314995743188,0.08172825376661275
60.852527991108886,0.06832058957199627
91.56400761522065,0.1022279382475784
43.43459055135771,0.05034990254088962
37.65045165127416,0.058377996186215135
-12.135338074618712,-0.017549029784603314
51.31578422224185,0.06002369385025297
60.56629716287161,0.07342160359843752
45.28666388262852,0.05271065927041932
16.842104886707506,0.024100751553318898
58.13545326383939,0.07149768606776799
66.33110956305919,0.08464359989108465
77.65757918414965,0.0988844195684192
70.04467116476036,0.08648245368519805
38.142509537281455,0.04833077788399917
-53.17241780357116,-0.06742554939567766
58.55351409807498,0.06787716353830912
-8.81319158663463,-0.01262268097374006
102.1232395124112,0.11859422873989325
-8.393060666034748,-0.011789498498456412
82.38094558820053,0.09674235638247479
-59.33198247949483,-0.08254146024964323
10.591228587835799,0.014968626418708334
16.880246972383432,0.023666336557149573
72.78051625239019,0.0876668683930098
1.0285005965899061,0.001361775274538836
104.267362221049,0.12174591293001656
64.19104064098045,0.06827843696495779
57.07670603377413,0.0701416044858898
10.920735133295121,0.016950614044145575
56.47058423014392,0.060946145084172544
40.89686007243101,0.0716303632973314
-45.930786562865705,-0.061359496378599686
65.5002760677822,0.07223377079407288
6.526641136513729,0.01000510298881779
66.48727879408439,0.07290158685297489
21.57894688609399,0.037828822350674765
-4.29319362131713,-0.009919898550843775
59.39960256560413,0.0720694684463374
-3.2148899450620823,-0.004810815519910918
50.43367234210731,0.06227691031711015
53.03964240645521,0.06849690412583317
46.778567152204246,0.056142308531426544
73.90803937364386,0.09012127773319682
51.698388302723274,0.06895402591030077
11.616903911738516,0.01638317490530879
37.09154030651303,0.05599952762436321
82.40750899410428,0.09146192902207756
7.456647232174873,0.012190521121331696
40.85408624805164,0.06375549008288856
-13.13497793572821,-0.02056445517679617
116.3953997329227,0.12728206880439555
39.48262592876613,0.047517943185457136
11.616431900491433,0.018620372718452263
55.81959950041535,0.06943974790232113
66.90989833832762,0.08223254971229298
55.764093709064966,0.06670042970246227
81.38645236413792,0.10352007170546142
-29.868930130499407,-0.05098583373957887
104.45631160418954,0.11645594231518694
6.581695435800433,0.008627082771871096
51.809946770918835,0.0634653482843272
58.90176468785795,0.06700604771553803
98.86923056135845,0.10928189644748669
2.4114379255298837,0.004187021168130563
-24.957142299307243,-0.03527209088633682
113.80243318026862,0.12905012628586418
47.14482982204715,0.0570271873891322
1.7773098997063563,0.00240407828659221
-31.03559801180193,-0.05260261972188899
68.40713254232212,0.07530818295969884
62.22499483991413,0.0834831485034914
81.5605996687981,0.09355986053790911
-36.19047538155601,-0.056581797881345625
9.001111980406359,0.012395914551207326
92.47011488071374,0.10410633616830275
77.18359898782457,0.10584230629356793
73.21752977528978,0.09807947802521502
17.847404882961442,0.030762278405853112
-0.9617316007789758,-0.0013625971299850636
69.73614619853157,0.08344821822868467
45.132394222443985,0.05692335112752261
49.175622898617945,0.05972595452443338
24.268522935215795,0.036048664217275234
-22.775621440469386,-0.03476420461321442
73.48756080791742,0.08433307240614911
36.263150282540245,0.041219510769641844
8.81578431709815,0.013379772475437163
-10.818191856145893,-0.013942622017896566
10.44202875210971,0.012785402722008482
-5.825753475894251,-0.009759526815285169
51.94530427159041,0.06437202021069445
86.39746441882656,0.1044335623020048
15.201834670365717,0.022919378223581175
91.5073744780632,0.11024795045333873
83.97522752046955,0.09680491487727111
18.102335367026075,0.0259883466078466
79.88172500338659,0.08700930826021169
61.7754872133429,0.07897706142670259
64.42981915365446,0.08204150004659894
88.8751614351445,0.10041057144910165
37.41630817655586,0.044458544343836955
85.1572627575974,0.0965092029142637
22.821823335209512,0.03610149467804337
61.73227540693999,0.0712917235051056
80.26002700978108,0.08801325531917693
71.31297205252045,0.09040418576043428
11.905417643352722,0.01770343342836455
104.64088163899453,0.12086415853352286
67.53579649233522,0.07333620849899813
-0.12176559849598273,-0.00020836691733984515
-55.540739499308444,-0.08352278573617544
9.751692784290013,0.015082239401504648
52.771648802273845,0.06015074259958482
58.87865977182548,0.07077770719749714
49.812398908759235,0.062026883023808946
24.840903395786864,0.03802273132558176
-10.140856426595608,-0.0157875638134389
82.49114337459717,0.09160009482288571
-15.212425351313346,-0.02893018441512235
62.11319762468335,0.07599832064663645
-14.63055936992174,-0.018772844157379003
-43.8809822015898,-0.0671105513220017
14.406332131819234,0.017852438663527002
93.37445533235157,0.10540310454718936
2.7951091327773807,0.004409094502434578
-5.971731315284652,-0.010029623420147944
48.804919823009016,0.05631635613097786
63.48798157753732,0.07782397145755587
68.05665313994918,0.07583550893756456
-32.537495289105344,-0.0449135937912361
71.9579150934863,0.08208838219623178
-20.12756210903888,-0.02775468498972034
13.91080198486815,0.015636128229647387
72.18749838648364,0.07910964593878987
41.5678947213807,0.0571041410095315
2.244581993173335,0.004048082117814619
55.773614388541695,0.0651042469676567
29.97023069454976,0.03472544533865293
77.2475185475432,0.09518271552011583
20.948264253201852,0.033094008047139856
87.4999980442226,0.0993651851736423
6.8624640299930615,0.010785387457054381
49.21746932756532,0.060519962582557346
13.744394311622921,0.021427301062896115
70.18254503758874,0.08199276660185413
45.20238183888679,0.0576175311917693
5.894584440924569,0.006611381929853302
66.10651826528752,0.08002378006688132
78.15493348485828,0.08942274995019696
50.211956089561305,0.06044490480428056
73.33912617343923,0.08580655642536848
39.3231861581707,0.04454245798865789
-43.93989885092179,-0.06061238887678576
59.29576907548265,0.06994928287666162
-6.0744350660248125,-0.009765809940430824
26.272723258896296,0.033967667827368084
58.88611672203044,0.07315700633058311
100.06365255327654,0.11526733071965994
74.10271464391776,0.08484966331483675
23.74998946229108,0.039472184505821545
35.676948078808444,0.05992766299221632
2.986003043677536,0.0047622807617861305
12.16168292403639,0.01667876463071912
1.4481840836123558,0.0020758117299341525
94.51148694141327,0.11006589664649001
92.95317362933508,0.09976737471044568
61.14877948028445,0.07031106799352853
-13.480459374726815,-0.023724780367215703
56.23899835945704,0.07250122547455988
67.80420708464082,0.09020589838212831
6.337209160677915,0.012314039629475035
5.131724372011126,0.007521888373464759
30.84676620874912,0.03528446040965713
92.31627090244977,0.10859233589076571
46.7084068271843,0.0571640490954883
39.874011295282926,0.04463717666141978
3.403908718704983,0.007054252242149406
65.3708425286176,0.09139768025364967
12.63495534342403,0.019808659693987464
90.41827587063017,0.09530217385957768
80.28252470708922,0.10002937791228093
14.050046277314019,0.018436775684490505
97.52325100443045,0.10998101414855266
108.13826695423067,0.11816753381037075
77.4356517193647,0.09706826057038037
-14.58333950607515,-0.021111106129805435
48.85790850947067,0.060219942520639676
36.03632922864655,0.042318710940254134
65.90534521887699,0.08771417698200312
49.63756066975621,0.05797507283957774
-58.34405741471668,-0.08030800053697215
-1.7581300420035435,-0.0027003486001855406
25.299042496723278,0.0349704682645492
21.27064180779334,0.03977067696453515
60.36796157107208,0.06763406677616773
1.4501464700050448,0.002286323602075452
92.28478758128716,0.10427731171159954
54.11404713760688,0.06419917427628943
-19.636368337341345,-0.02899132644314339
41.08651819633286,0.05114688159048537
-3.4509271055323074,-0.005354376361660822
100.19216435839185,0.10737872523870959
87.81750170778109,0.10000491943506536
49.519567822778974,0.060175024989202915
19.65259940800239,0.03326447168764748
49.991963121067556,0.061774903729761715
35.33182424797956,0.04383035938486695
104.38676429690847,0.11193646089820558
81.06699570662182,0.08992332207717335
31.073569483305498,0.03730625450307891
18.55570797589409,0.0289954429198079
49.32954435194419,0.08747305501056876
104.0186023261658,0.11319775022935152
17.918589309850397,0.026142854386141168
60.17891910141906,0.07332584171139903
86.46807595596032,0.09643807675486939
-12.354694209693086,-0.0230429452061888
92.03592415194771,0.10165117168182916
68.99569105244692,0.0902586405196983
-22.07469299528363,-0.031487068074734156
14.54976270796281,0.025130136717482997
52.06082501939491,0.0620878081159903
15.31488515386884,0.016916986458811692
-13.613237002461636,-0.02015139537258679
94.6149326154812,0.10753691200605571
85.84291817786179,0.09526058157045915
13.174452002113323,0.019940889391644286
88.04877851976127,0.09875971013505837
55.8777917604156,0.07265766205570089
61.71974144259075,0.07297464461659903
-20.375186446597244,-0.035462961880579125
19.548949482630434,0.027856447249367585
74.30717319461557,0.09713042844252259
-21.955316879313116,-0.03126951329082646
-18.062509019393506,-0.028307995291245926
76.753245037678,0.0966110070480541
55.11560243635163,0.06952934948911967
-14.22667841027184,-0.02077998302387334
40.7707307960202,0.059449920075774695
44.36152096275566,0.05359273080551304
66.03079407585034,0.08134546672085716
68.9196351290775,0.08612489555660842
-22.41541262172696,-0.028651145757975786
76.8584457706643,0.09965189352960976
62.65728336771247,0.07759724394814671
108.91727250468195,0.1271468592865561
49.08468280099108,0.05737588410821208
-4.418859550353597,-0.005938088787477316
89.05954850364625,0.11079786146492886
37.87681516133114,0.048676844570534714
7.115378657499166,0.010844877851120786
88.2589265986878,0.09826320607756299
83.38092649967261,0.0891114136124851
48.00536558502386,0.055227697928252086
53.9217168089752,0.06131341404722105
27.0325687564505,0.04384481795547861
62.001577314236954,0.0780835115263821
51.781375360814664,0.06290056555802553
41.286273586983775,0.04748352471147615
36.55299470099232,0.04409239696210905
36.869876770890755,0.043853198644609834
67.6280976619479,0.08099334774702192
-8.51042589956587,-0.011402182014405423
31.458507259965742,0.03738407863039271
64.43603085259171,0.08017078119182318
40.38974268696247,0.0481513860271288
-13.35964403408156,-0.02025474516842707
38.688740633309806,0.04872263060677435
65.98234880570979,0.07367514959544084
89.81366258878145,0.09320363066349532
52.64367005228994,0.06182566331993829
66.78035012869441,0.08123515487722319
-9.973087964296198,-0.015184862914120896
-1.930041601128705,-0.003010999251363949
48.40647797063143,0.06200157953643574
30.021455321029265,0.036375778980868495
96.50608661471585,0.11067920455683157
33.20998204599508,0.037764143748615905
77.78035052512517,0.10031997225969903
4.9392027420339755,0.00704257623737067
63.10586305178359,0.08186295157743231
90.5715888975657,0.1009537313856391
42.51753607226227,0.04945775899936109
17.38126891529946,0.025794859528414066
-6.450902809156138,-0.009279401004936332
58.94944575978634,0.07386956300097024
67.24497243590037,0.08328935022906016
57.050846182441305,0.07148215465438991
112.58239214357904,0.11678902675838483
53.92313637631719,0.06491908085660053
70.07764768032187,0.09123358250110686
-10.550206091557277,-0.016221127099917035
35.0113268294572,0.0420400467344719
79.40108715446696,0.10279410037418381
87.88596294787631,0.11705016031782378
-0.12499999720603228,-0.00022132012999833328
-18.627460418281245,-0.0279495495685137
60.6980664508415,0.06932925280951348
69.1666619263926,0.08716259005413743
79.28452150955077,0.09209414640302588
8.385956789579282,0.01071033729155926
18.28930207787068,0.029215608233971145
85.23570914976298,0.1040652563432924
113.19620000151328,0.12693692578494967
26.81704200710868,0.047315420213120844
-47.47747641627316,-0.09550418805543892
27.834321687038877,0.044010952191244825
116.94029411709248,0.12175863429789377
35.5341967105934,0.04251172116633537
80.11560141068169,0.10093979823776825
104.83913974781538,0.1181054332691468
61.112990098591546,0.0757167631246335
-12.721530153875898,-0.021748663985931248
-9.506885708489156,-0.012713355619579383
69.18214898265647,0.1199511289721994
85.5676787390524,0.09925169044116314
74.64903705243152,0.08746268857212706
86.60318938914585,0.09551048006742144
72.46864148168193,0.08297409679882148
76.4336422215529,0.08596710816014996
22.833544597635576,0.03674065931887328
54.70382207393228,0.06666389059252158
92.63300985097885,0.09884573576593719
28.62559177722976,0.054191907681058214
18.914274953007666,0.028169140031064663
57.70814553196663,0.07095551979775089
-10.147062753984608,-0.014818481701122517
15.311676567327149,0.017617156506298873
59.65534148074746,0.06903123704877856
77.12417758733423,0.09582023288509631
-12.239890655750333,-0.019398536403570314
3.306451538998273,0.005327830934551949
17.797094496263952,0.0318859838704836
-2.4725423285758583,-0.0034240282793083603
0.15069480492171455,0.0002243473838236529
76.58700532056207,0.08578050734560785
67.71126609216903,0.08239055587688923
-1.5519305640264478,-0.002294917406966951
38.23001545870625,0.04707262896440155
32.70635921482869,0.05218029474317709
-72.75964900143778,-0.09153474854151737
23.09391713784543,0.035312435550710924
93.25698164293813,0.10319544781279757
25.261182213730294,0.03924205280002536
-71.83645952033532,-0.09582155466046106
37.57021752667475,0.04615281065359937
56.919680987234045,0.07078505338936823
8.85228166910639,0.013632576229753649
104.11937144965867,0.11636520325229936
101.09184954683434,0.1148838932693287
-14.257522729344512,-0.019023673131868767
3.0407124002281645,0.004579470356930117
49.651803175573704,0.0770022254843136
82.68136523080231,0.0910953417370496
48.977115646125,0.05654063171817325
-6.6403657175273105,-0.009248071698236587
87.8201734756626,0.09449843970500105
36.40675094310262,0.042665814048635564
23.710936970019247,0.0388170601221983
-11.146095468749477,-0.017845266828247254
66.82810866771884,0.08376563803158653
-27.03857934908027,-0.03560555291166466
89.62164318347314,0.10159865367886681
61.02915427645932,0.0763072970337213
87.45613839608012,0.09974072702888936
-24.403681035396506,-0.031971028691146104
-23.985407526801993,-0.03918124628448578
59.05750305448381,0.06986313488812061
31.71532775826045,0.052520698440306664
84.99693348100415,0.09997377987008634
27.847960273589628,0.03893865267512343
94.61537962510604,0.1103861709709113
26.735876044351286,0.030867895665700532
49.70450548069843,0.064386350589121
-65.86167653241192,-0.0940323811805509
60.36121538085969,0.07236749426659887
71.84393078185654,0.08418298597474905
63.10464169414442,0.07406957736598493
56.193127806195534,0.06786114625773838
61.88041456140565,0.07983777858200912
58.014887040735175,0.06943476116780924
19.024738260209972,0.033197187649305106
41.91132969823989,0.05011815338688384
-13.600562283908097,-0.021289445780548404
95.00935481958898,0.10202592064582676
29.363635707307946,0.036998928702483946
81.34265574053538,0.09244542065807372
28.667822699017595,0.041326543572507285
71.4886715412622,0.0975752313990356
-8.34239111788085,-0.012871860593422128
-24.141731743854802,-0.03286493605718784
40.611060592603515,0.04919162025150155
39.601328018495806,0.048544895440688754
-8.843447648734925,-0.015594564130976934
66.38742359864148,0.10977580090144708
98.47423491748856,0.11056613251025742
55.70735526252342,0.07443165900202786
60.178249086819434,0.06750988485698632
2.4258005611357976,0.004005094151812564
55.76543785551613,0.06797529056928368
25.266326547717316,0.04028169639975755
-28.96160539276743,-0.040276466112220966
24.642067161467438,0.03967569172319883
85.27430948854756,0.09434228853819766
46.93105899548645,0.06365381482427165
71.1700282719375,0.08345781428945152
12.742615748935611,0.015451517242245933
55.10905158180966,0.061985874747138146
99.4792345652775,0.1098518933320175
100.16517431332197,0.10862309743750141
82.74251041217835,0.09520599187941603
-23.37824250657325,-0.03163366533785487
-19.02256276744203,-0.02915830512928365
59.6751067728961,0.0728910002199955
86.96403678372647,0.10226592370424847
83.17760376112304,0.08881105247658838
82.77776515826815,0.10017693669960244
58.35506389124941,0.06716665315515358
-0.37708072022706934,-0.0006047093772104222
73.75861124257587,0.09264108234398866
-21.62031937539219,-0.030098946126908097
30.888248218549005,0.03718118913065075
68.81155920974766,0.08093521581233963
61.08562208791846,0.07039160338045683
44.874252661037616,0.0516825733662267
81.60300324902921,0.09391520175456361
30.753286463083942,0.05028811874242224
-2.13115808608524,-0.003086534214623095
56.38242378445865,0.06783136345154009
5.590908965942535,0.00856004892549957
79.72515199908366,0.09679931074850308
93.43480630131212,0.1029202181773637
51.67789469045421,0.0620772013112407
82.97845411685795,0.09790121848359493
89.97759650721059,0.10199435285319311
-11.709307323274935,-0.018827833239068965
70.86305119782772,0.09012458264656786
-44.823682276574296,-0.06078203975337003
77.49533417642189,0.0890557989740525
-16.438360960312103,-0.0251811872719197
-6.236412904083567,-0.010443764916738358
105.14942976819978,0.11261071010913244
11.123342787608948,0.014567765573931756
41.37930941992793,0.05393220828427961
1.2703101636299883,0.0021026377844160587
-1.8341379543763625,-0.0029391142646617244
82.14285254546684,0.09285428927946851
62.96972247237233,0.07294504688191135
97.86988842844208,0.1149704816898863
93.42350773813833,0.10350824142465948
-32.56211107342232,-0.04594497670966726
38.62098786181868,0.046148160940684725
55.124021076104206,0.06598448337784668
86.85856844460561,0.10063025839528345
53.55465101097758,0.07490488209103523
30.89151204686767,0.03772659355733913
17.97156998189766,0.029776027679295748
9.09522712266158,0.013656377088762264
68.12239895268735,0.07781019699182441
52.115229985830865,0.0627260450445261
94.54373324040236,0.10433406471123774
-28.591736470871368,-0.045565755099821394
-6.993548230778787,-0.01063994147399837
43.86280837251604,0.05214848227422506
50.95237981350649,0.059642260428699724
64.85169346570589,0.0848631485217295
-11.321044293805935,-0.02222793250096437
75.81478013977978,0.0995289137854712
84.72252611790294,0.09903919769055598
75.44274640532623,0.09336599416135159
80.885676584024,0.09416591875538968
60.537339266192824,0.07707567545346398
38.618373031447504,0.04572919583263525
96.22743059003503,0.10537129699384729
93.63677122086908,0.0994878048960969
6.24372809976087,0.008534487010422866
42.78304245548797,0.05077717726273887
71.51090548263791,0.07987593315060804
32.217926911312766,0.04623928525266557
70.12685735329094,0.08339681496998215
-46.51515618643979,-0.05598490041812756
67.73100990137426,0.08729540365657946
-6.470019197743566,-0.009058457619173262
76.58859299279582,0.0920730292943867
66.67482733817751,0.07414129561708581
87.67964872882112,0.094281775536617
78.60232393103907,0.09650845895661765
44.09414054844499,0.057074982024098345
-3.397100728897813,-0.004919547047497069
85.05829000633392,0.10804947502900311
53.92436094074938,0.06691200695780423
52.13455032971858,0.0658370893153234
71.55131959666807,0.07782587272200076
87.67130850358504,0.09942076693532612
15.132739021846666,0.02148855750678528
48.04328505333625,0.06178304415555929
51.41446881535413,0.06375728715355548
-19.164952688226396,-0.026713284339469467
-4.14835776867613,-0.006388825177441814
74.35303257441508,0.08957931891422401
30.941306063668144,0.04981598595587571
3.6649055966219484,0.00482850606119434
98.10250969154744,0.10562153509425612
-5.54362403716417,-0.007101500856917139
78.4595013069461,0.10036790564055625
123.1589826832067,0.12443811705518446
65.09115011626847,0.07806963431263933
69.52085026507633,0.08451858697326882
67.85480719205556,0.08101560452315135
82.87013828957868,0.09273346215640509
-46.885473812363166,-0.07208055366215635
-38.865842178443344,-0.05357227476160071
7.73727646324843,0.01039153936556227
-23.42929740647354,-0.03231022134307781
-31.832993178497507,-0.047369997487273996
76.09463973279831,0.08621184821237286
51.81737456944972,0.06223628082788465
-15.898304729390953,-0.03716362212700638
11.173859636071365,0.016580336255515662
-31.890659879443316,-0.04682433037777603
-0.8725824224610597,-0.0013211046441165507
42.8864015900966,0.061128318815247495
95.89117984540802,0.10740001553649477
54.49373652588519,0.09281657475181052
110.18093787356551,0.11787928907008875
99.88371869765741,0.10819029425479787
75.67015620712667,0.0867423553618922
70.2925330419149,0.07852429525413557
-17.57825331384994,-0.02771906108832209
61.73827987004188,0.07813992274799073
98.0802511031762,0.10882289478852909
96.71641574866736,0.1134968848781408
82.38042696569076,0.09947596131338664
85.40115825212452,0.09724089630231886
-14.725032805660641,-0.02089705119627926
42.01479797282157,0.04844591240898312
39.50850573317315,0.046281083352766164
49.38722908921697,0.06086004116789789
7.948386919113897,0.014700595825765495
41.99794061230035,0.062463647255564324
50.322984603621045,0.058400538755612005
-24.38240981558356,-0.03775467674786182
58.80630499188293,0.07672670557016274
32.604291909545005,0.05624654003938146
12.967289429784657,0.01809899490356946
-27.503029688289672,-0.0388977864656109
121.13725219433213,0.12478587382075876
101.44322309296491,0.11535990929249651
78.49405372768759,0.08701453617514592
90.41321824414293,0.10293357250725499
-13.168193347256704,-0.021030882130643337
-44.18514770364594,-0.05753969536662589
59.52440417640946,0.10904474807007353
-20.89074661880027,-0.026452365679141665
-26.96001387131219,-0.03827867756858982
37.697560133003606,0.04403425427998457
77.89691885479617,0.10058315343228329
55.511913874080754,0.06651610416747211
29.810378575203067,0.03476528317839655
63.48281869259555,0.07714393912899442
18.800610733325925,0.022590204703131847
65.00475161734587,0.07620432691789682
67.18706242796519,0.0825582131214178
81.74424689800065,0.09052524539111836
89.23041694907842,0.09985790239513885
53.48278141217387,0.06935421770965632
26.91688341565488,0.030624519590610105
51.87049592967083,0.0705770037082438
74.13956167408564,0.09438679971438917
89.19707829826069,0.0941874068622527
-12.923537942020968,-0.017231929611313382
57.193323008765745,0.06828897919081274
52.21884381762029,0.06519559273376335
37.353994084902155,0.0454724554800152
38.28137404442453,0.04836957583176081
-4.69448573709689,-0.009665359096832206
51.53173770040035,0.06225735431413341
46.235293084207704,0.05515776392435634
36.2842847059418,0.0422278319915489
87.66284617165785,0.09183215993976036
77.60858086830991,0.08797704575851814
12.734934024871814,0.021455596017919406
103.03204897910548,0.11961621195146774
-4.575729782900176,-0.005735066138704144
110.42280415594693,0.11551196022648423
47.06407903514568,0.05960292388905567
0.8119018450480007,0.0014414445138398416
-13.699352011571541,-0.01921044176907705
38.66329734123217,0.05941025993793593
39.35483418236816,0.04547294216226421
79.08884427286198,0.09322076005125486
110.79750531164471,0.12382957816737747
55.6099802727317,0.06473747839009904
82.42982899492254,0.10546045522612195
80.06005555400262,0.0868607945414091
-33.573816170984216,-0.045814923591616825
-25.5239515253036,-0.03739913217308169
94.6936064081405,0.10526634615922506
64.92980488801327,0.07848745852906165
-68.45361337877691,-0.08998126386828689
-45.79406529404938,-0.07114026731662486
5.195647141369773,0.007363010949139273
3.1317203601081203,0.004816281114257216
46.39817181770833,0.05877528887815086
50.57324727724312,0.06329382796383039
17.310502001592138,0.024649534931293376
2.6283919003164455,0.0035922951060131996
5.647916104690061,0.008243548401122052
68.89209048374326,0.07551750357522827
11.767723762563282,0.018361511887634258
54.732264300374304,0.06766787863336461
53.67554384485166,0.06336652434795984
81.38872221642856,0.09259606253052752
25.41797927715788,0.03770537296686459
94.208007457945,0.10942779307741173
99.82809207122224,0.10543437971174659
98.45313495904668,0.10738481609151204
41.31245141090708,0.05142440626607724
48.82486623240927,0.06434170515282335
70.2058117407869,0.08959752025939789
33.455049079330095,0.040592435326205954
45.71989744684761,0.05784285307253212
57.74979489629047,0.06971239205943594
49.99170638367766,0.05921741746959549
56.451225548509996,0.0628836614313583
37.92954227665439,0.05640514555123455
60.007087649447264,0.07445366737249165
110.14065089569631,0.1241484997898151
93.5339470576723,0.1075270244387979
68.11846012307998,0.07385726741111232
31.921503783636958,0.03895225146642602
74.8452074537181,0.09620084912352403
108.03664679985239,0.1194983650662486
49.99076109582476,0.07463063600417554
83.23572853206834,0.0949800662641791
47.70160089403147,0.057358288558261236
0.07763272637256145,0.0001220758200077926
96.94874982028625,0.10584522139933077
57.502240832336064,0.06633504760074657
53.15056794202609,0.05958936994303656
64.1198143610433,0.07727103160961166
-35.73888011939471,-0.053876913140187666
99.8913808230103,0.1156562883983854
47.45127793688932,0.05876125194622576
31.681807193905083,0.05091948787630808
-0.6287492720220822,-0.0009675984711499474
43.26655949277943,0.05258674928215461
102.19360763472663,0.11208006820146342
77.2949667711454,0.08177783063909533
88.32119177740584,0.09858906765302826
99.38394977329538,0.10663671726455509
83.27598380171911,0.10492108000735284
68.92523210426079,0.07929736077361861
60.02124511734411,0.07712124908571012
52.97923204265892,0.06791552101357586
50.876953333167634,0.061024397643366673
21.7260207156204,0.03683076569358037
18.879907199248294,0.0318371984891875
115.28656036611396,0.12369733048419433
74.4907981608869,0.09468817730460423
91.30718454533543,0.10307806146505917
48.03088346457388,0.05623445924853069
89.42818548064677,0.09470688785986023
43.43296230844612,0.053579880569794756
86.1953390596994,0.10075850530823857
-58.167386867245725,-0.08409437696826834
-18.35309576895947,-0.025278859220039532
24.740969209085254,0.02851206213815039
58.2195280650719,0.07523273699678261
49.073169634836475,0.06165222025959264
56.35658788761889,0.060686739921350756
81.40817175397503,0.08919678109064513
74.14923264274933,0.08480245192716562
92.59795171089687,0.10207030809628344
57.98245043586394,0.07406860704064322
91.24852297627955,0.10401455388194455
101.11350348706347,0.11537237482396633
-26.599768618079978,-0.03886671309680294
-6.246103686557368,-0.008505875220010768
51.28311143651457,0.06386218662089205
75.03267537392962,0.08583545507649365
67.52507605176903,0.08850626478481649
0.5992396293061151,0.0009265850481872997
71.20340628920398,0.08145082822325954
83.5963940408507,0.09631021302865239
-28.025403530627283,-0.047508818442812156
73.57413854265846,0.09420986343901357
66.9755177068283,0.07084941391761479
-2.400690792627079,-0.004324173982245186
52.14218356502847,0.06334630029868446
46.90189223909645,0.05661707278556053
51.89244971912058,0.061736293344953674
65.3179450531437,0.07232806109392692
-10.738193188229312,-0.014875894524590203
21.153183692421848,0.024526217284213513
82.75249035555566,0.0938216053233853
58.62376587187422,0.07111712390276208
-21.44516664724198,-0.027481113699153722
81.32609551609676,0.08771205797008397
97.05068386404469,0.10733117583707694
-15.448717603412193,-0.028388990330096953
59.15555021279387,0.0795074090443507
-21.37691819131045,-0.03107055605560982
85.05813763368614,0.09536934514933951
97.13557692681648,0.102583706352141
-9.197470251757986,-0.013494670163180806
61.72656025089075,0.07644386988931313
18.891366827244287,0.03114266528126737
66.30560780228683,0.07900524452652435
-45.35442936599632,-0.06470276034095704
81.87499550302988,0.09178428121550067
90.42734647319358,0.09955389814957945
91.87380984252357,0.10116144300590943
116.97502939564757,0.12371620751212098
41.36568608556941,0.05032527905297037
-38.85551347070841,-0.05706129758652169
69.28742839526042,0.0869656440001632
-5.060538050445766,-0.007187241759779608
100.17520572775027,0.109956417747206
48.45683891420376,0.06696818360743263
57.19026087280527,0.07288958408518237
58.430026648801324,0.07323765015699274
12.453121187980276,0.013459466815492434
-2.8174662374196724,-0.004426555498673206
-95.91270823475155,-0.12082404032968291
48.112902150399265,0.060472270979690705
72.07070545980123,0.08152495266885985
50.75257618517912,0.06118994648126395
23.523296006602884,0.03353671359581455
-74.25344877945285,-0.08548396916521256
106.51763502685651,0.11030944287301835
65.65292662527087,0.07936795653615145
70.89154253309756,0.09283553321458
-24.62616767386131,-0.03429287784237364
60.89255563828569,0.06855940493666966
-25.896655956119027,-0.045890726162545255
-23.4281266850271,-0.03267110629467197
103.7770216512821,0.11496446002488636
77.8094332358026,0.09615559575295105
-19.91044731616084,-0.029380207353236786
31.867890341055485,0.046363756094345926
54.90249064715654,0.060869317849980356
85.1891207181569,0.0971153948911916
-33.37209753674825,-0.04891548744528176
39.56822652791954,0.051745561284332435
76.01281591437947,0.08393031351172565
85.67876860997985,0.09835933113152927
57.54084770514805,0.07647833999524806
-1.0120068384433487,-0.0018021350608565796
-24.82759540001383,-0.034444699404168125
71.66979201906841,0.09316686896620652
50.3530233977784,0.06075650248813724
48.09759439876806,0.05994357473244676
82.01157844799513,0.09070952829151609
63.486149488328294,0.07944884389652797
71.66953368205417,0.08364930142732038
25.2843700974193,0.03814525804095846
-18.748227921056227,-0.026885515950758988
70.7329347938073,0.09062068855665077
88.21231709712521,0.09830501245099721
33.35985378741848,0.03839505773431086
13.647394413015487,0.015983712866827968
80.57158980415403,0.09020451137274542
90.17413225989911,0.10184493957327333
2.3012938487469157,0.0032263421290403046
28.054505482851443,0.04187631447502053
14.18956012239905,0.0256442492426717
103.51713628531746,0.11395893904339145
86.87456658246624,0.09557125294061343
-4.488116803712934,-0.006557300782389624
81.72652621359741,0.09636517818687411
78.67999824136496,0.08854031224024378
91.70181256531207,0.0942059769281053
-8.245856169281907,-0.010542425679227745
75.94262125336978,0.09236122738890633
54.09799097856725,0.06403389803214979
48.840572375410815,0.06387956029964685
22.4085574193116,0.03205563726966139
102.95972924229483,0.111687219309148
-23.080523458669212,-0.03375961910335387
-5.983033137978238,-0.00925071212855863
97.36389467188485,0.11018229636481276
3.388768611262826,0.005180334771652889
67.83939871289427,0.08545070597402164
84.81547965238107,0.11075164332784587
73.39691025772548,0.0953146474710243
16.955469508983725,0.028051696407547788
67.12642980862297,0.07094998338732864
-49.74359545390353,-0.06634150536126529
-6.433486094732487,-0.009811369456262872
21.907211342192788,0.030909976189218438
26.597213775126445,0.0414478763385839
70.35981851729049,0.08042211729850704
31.95866548234507,0.03975343537843967
72.16754113848297,0.07950643305766217
-57.8374289573839,-0.07036126025477958
-0.9061784264964035,-0.0009816107165044453
94.13058696627998,0.10186181538719924
114.7436949142701,0.12055921195683114
109.95145385307305,0.1241786689355548
50.794219425600346,0.06494942640221747
83.5062788544067,0.09779253130419402
19.19232890960001,0.025817106346242805
111.44903332159211,0.11953617756782185
-18.50220222961535,-0.022758147608000222
-1.8411153725913485,-0.003025962786060427
29.446749269480076,0.04552995865317677
67.15483867967518,0.08179431778324837
-43.35033916709881,-0.07135191031194672
35.300492494614254,0.039470010804380576
90.03871480163714,0.10440910747229669
61.916259064454565,0.07505441543362058
47.26672844397752,0.05718966560136643
70.70865093312392,0.07508546104167063
17.07342885909339,0.026760418894828237
118.4582480228931,0.12580182217616392
95.2101860737345,0.11013397575055558
57.38353067837486,0.06456029170503312
91.65462400316605,0.1013722375238024
40.28157229102961,0.05014912353953161
91.0922121411059,0.10232936092040025
59.141171031771464,0.07418520916304354
50.27649657208524,0.05853634423388504
40.50224124717071,0.060659203389032273
37.05458207598798,0.044421127623186
40.33544787449774,0.04622803080141541
93.17167626405205,0.10847124938283921
62.280845822298765,0.08253415459008831
79.40905928875925,0.10762979163173658
-23.31646662592137,-0.03644752625984535
1.3973457923422188,0.001628268003022696
90.97762442563555,0.099225659702687
90.46100827720511,0.09579267126297282
-7.222222060792976,-0.012853216902260047
21.85143573874577,0.037327836051904
52.43514527149779,0.0752874069904216
92.58217139804968,0.09795901634961285
9.679323956812755,0.01389160099317218
3.2971443997106986,0.005325014807243414
-3.351749464677403,-0.005491720424842187
70.64515014364721,0.08126352700831166
69.05172259450472,0.0726001268698151
49.535310674306395,0.0595817081546882
13.791405184868637,0.02117023254217445
92.24320660225405,0.10481574350899595
77.89287642258417,0.08671681125602783
96.26228699840482,0.11029005032366036
-7.551033426260849,-0.013008128290679084
2.1389744113665423,0.003060151305369148
54.14320072061768,0.06343325708126632
-2.7250419196049536,-0.003762596843075316
4.097735767245713,0.00630805467233348
53.234106192990154,0.06702123020184308
28.27586143695075,0.047184117242457996
-48.029293200762545,-0.06407331656473896
44.175377513730794,0.05100132508243249
27.548039353507743,0.034302062168589054
68.57238294796308,0.08062563756044913
51.83719077562778,0.06395044775978796
29.35028182984577,0.04647264207575606
3.371237184940926,0.004604098423531833
59.23319668149052,0.07345198422272821
-18.009427775430332,-0.027868164929382936
35.17056172478157,0.04216620540921637
-26.976753145645365,-0.03841149945978229
-34.85175733838604,-0.04867633756390894
25.696702199820063,0.036092081221587545
6.967032811307645,0.012096851589185253
21.784225622215192,0.03748306509620181
80.75866724559141,0.10100454457478739
-7.227462184481331,-0.010300041071776428
94.81637355799168,0.11200695874642995
80.82112316934538,0.08787897512723623
83.84029542929544,0.10215044571401326
87.00948456927094,0.09968789643629057
15.178826556291874,0.024652431904026433
88.76337225908827,0.09832282605817455
85.41694724332478,0.099639508563972
80.94912970429355,0.09754152553129622
-3.901589584319184,-0.006478346503331537
4.703237245157578,0.006157088580756829
66.02127191218288,0.08545202475242535
14.583723074796639,0.0198771926980665
16.13725454126503,0.029044328784929414
60.753010690257135,0.07732493691472406
80.1165030636255,0.0939820602127924
91.1586005928747,0.10982748120071642
66.86118329775533,0.08683737287414148
59.905144648076224,0.07793917442295359
34.94736763991808,0.04199236341718714
100.25348833202011,0.10685960626766378
-1.0275423499139942,-0.001355984359384232
63.11709671635133,0.07915267829144998
25.01670672143976,0.036729570686621464
47.31329584592624,0.05857094444048755
16.94346724608704,0.021891027493145105
16.17695369000524,0.03125395517891048
67.06289260195157,0.07450774756252916
-21.662087427902517,-0.03358906095047126
32.54520094154276,0.05336825751706657
3.1582975949674847,0.003329165946052496
24.389179210531253,0.02962915532936877
70.84929695440691,0.08052473453790601
93.69808097277729,0.12456429069662844
-13.20163452690198,-0.01734998425377844
83.26650757281075,0.1022476789929945
84.42395429869399,0.10351154157290895
0.2061797336665438,0.0002968910906976751
7.229024818688894,0.009740058410012725
73.95367246841232,0.09592874247844413
15.201839887318984,0.025356324644901045
-12.87105144357306,-0.022034515530533143
3.986399632078032,0.005400161785689431
79.15088123444492,0.09233698680162793
2.9889532237676644,0.004457228336417259
-21.887201246140837,-0.03330789506449364
40.79716071512869,0.04700017476205344
83.96210312898556,0.09304763622298008
-10.119060854471906,-0.01684104039374123
54.94639999696708,0.06648765304936491
91.02989829754908,0.09609059121708502
5.207311440804365,0.007915542921435884
48.004463168938734,0.06045600457564415
-15.754249920690825,-0.02124357187870044
19.891298986809392,0.031099277309438452
42.274241504262505,0.07036424317144523
10.546528567811762,0.01737841127447369
95.2420092346318,0.1025448767200284
45.79837681069103,0.05334562588766964
4.396658644865481,0.007558637685644309
107.60440328553791,0.11994855585551255
82.55562052395031,0.09206740219734172
51.764693639295906,0.09092302785055936
8.009406688707546,0.012123530834434551
61.016034506164566,0.07555277901291929
-43.655461209098334,-0.06336529247092934
-29.372331045472354,-0.04934225688671908
9.137528933289445,0.013980884262897581
24.237287593847615,0.028277083312897914
-1.5373829319253651,-0.0024256600225276053
88.4995487855826,0.1125285082190111
-64.00495412709985,-0.07662264287605593
73.72413628317159,0.09485930223766913
41.110302580610465,0.0515444829090677
59.028775659021285,0.06780370245803106
70.84777069365661,0.08387760273323888
63.38719787867581,0.08011994462330929
-10.165758123878657,-0.013667180146727841
4.444435038316367,0.0057673595313814515
35.821477045933285,0.041599519715409324
-2.9518071629376297,-0.005224553273146233
48.063487399428595,0.060769588697631334
66.55072315015654,0.08410642106971611
44.64851482266604,0.04976666459500095
85.29548988805625,0.09664688868257884
86.92368920320965,0.10661384466975546
-8.960168477368699,-0.011960083057353861
73.21632489409981,0.09712304365331621
-1.5789473331288288,-0.0021641664338952118
55.37425524151754,0.0663225361931882
90.74817315410198,0.10152057825604374
36.87782723001495,0.04392810835030218
85.31566074364875,0.0938792843362102
74.35528083769867,0.08233775649655821
87.00729025059742,0.10351593916144347
91.50457316352401,0.10221813246796256
-19.790458839486465,-0.028791464112691137
0.3005727989480506,0.00043090348583543883
93.01130374280856,0.09868299200916988
-43.97674320308968,-0.06771686619472203
75.40317665480775,0.08567486563559018
76.84523637761318,0.09302790441341531
47.53148508368421,0.05528814782068303
78.209285032469,0.09302143876800491
67.11934006355182,0.08898066219723842
3.223132947629126,0.006388035578779225
27.377367710193088,0.046242755634250045
-57.973420631103345,-0.07900246699381833
-11.444921060352025,-0.018238486362975544
91.37254697727222,0.10197654694915484
95.07765773226853,0.11201301613132177
30.213201165742433,0.036855881403678695
51.56159695195176,0.06405315341656599
-30.25817488305745,-0.045675916319151924
76.72672161603116,0.09747923309875262
101.79103943232442,0.11345048127850481
-11.757812237192411,-0.018091972768657413
13.52327417606192,0.015586622737483895
76.14114541074873,0.08527905491111086
32.7187719763262,0.04031905079783827
16.21211105949561,0.023855734335777996
-0.44207316085060194,-0.0008869919479130425
78.37011709379219,0.09946903765888819
-35.54466644200561,-0.04281645079098945
22.64900611627181,0.03441370666120535
-13.601107729232542,-0.021161886723769622
91.76309344773566,0.10797445580099044
89.63571536064707,0.1001553053497414
68.54358821152113,0.0848099284144234
60.09509410439351,0.0774538787993112
82.56162245996447,0.09496121150778226
78.12090505486923,0.08204370678340638
33.84834756517783,0.03969103142384287
-26.29983992251958,-0.03808797496981546
76.38201822357232,0.08527031726667682
-15.82735946924573,-0.025133895737789954
85.46187037744104,0.09620693553720736
87.9159112342664,0.09915009092019604
84.63022318875291,0.0964193397806089
114.85299575739148,0.11874412707984419
64.12068042351765,0.08423478791079103
40.233681614808646,0.04870583616759359
103.84299408734273,0.11082664024172575
-28.753997784453095,-0.038896015421465396
24.212664520874544,0.0361406025338783
-22.79411713757059,-0.03724745804960872
-4.174658610734457,-0.005610503959830818
-2.9977219538162507,-0.004076924702587251
-18.687787504352613,-0.025810337452861983
96.1884801869757,0.10591857858153018
3.172524889761699,0.004880549137697132
96.50740348073181,0.1046794030845061
10.740734517731976,0.018049591588121198
20.58948609263245,0.02962461121619141
99.62279715336958,0.10876784775747943
28.89654414629797,0.03467513196788319
89.31255114477342,0.11453967800072397
77.38702722596395,0.08876633876322579
81.83002017895984,0.09349602405738197
41.578564037648675,0.05048229343235037
19.913043033169664,0.04327077088326223
39.47751488541121,0.061896474883451624
-50.51495655046846,-0.06444960288356488
71.29769891345357,0.08904013483040027
66.15107440407112,0.08077445174471248
83.33483161046301,0.09171290981090428
-30.355624532165454,-0.04003660326162178
-12.22571214538385,-0.0188326890109354
41.46871757675915,0.051384555718740295
80.56446641077085,0.08690208921922168
119.90171536949694,0.1279202446846838
41.95840068858768,0.06290213514619669
55.50972638572004,0.06622693555668421
-23.4933769583258,-0.034336914612440574
18.75959448058372,0.03029244333974437
50.95927078576917,0.06433748516281812
47.108216260415,0.05122172993657119
77.15144468170982,0.09029472251133024
29.118039344956767,0.03523661811784169
48.14462673754435,0.06238065029892924
-12.840164208506675,-0.018316033489966892
51.7921775619937,0.06494305282014817
22.152679046529666,0.0342805619007022
-13.595785323955107,-0.017775530123194373
91.78807741857523,0.10266530154231969
-29.946241969222683,-0.04134452716199046
49.72511737196931,0.06506580918488014
47.42970570532908,0.05716747607156063
91.54661548665099,0.10021960486417117
29.388675174735617,0.035335195437173166
42.74646517665869,0.05029595491030993
97.59172261979,0.11122301407520846
97.78669816097316,0.10920993100466556
81.70348128646091,0.09386674955414169
77.97177956230952,0.10211591988014876
4.505149875489078,0.006657534860978929
91.61319271053225,0.09859151853861606
102.43857264889436,0.12084744063863577
97.11782260266135,0.11012240886253835
55.300235334721144,0.06941853237412071
85.817711435233,0.105295794344211
-1.4178445909364819,-0.0018267772842807423
87.75380514514855,0.09779160087742207
92.07217489196827,0.10177471163370963
85.48788283051972,0.10042194289045847
37.21665298464258,0.04580174960471898
72.52225021646531,0.08882548269097873
95.58267240557099,0.1045163179517186
-33.351356718185805,-0.04929470788984436
115.27026769377895,0.12402261437682546
47.63450728407983,0.06015413881158277
72.16104272052019,0.08910884730432425
-31.062416304372853,-0.04099883044426054
54.31664962752751,0.07139090540687172
51.95084369287879,0.1113331504121061
-41.041953782368275,-0.0575842233739534
84.4114215154307,0.10047576287663167
13.923902899431761,0.022568462717052217
54.35497322394733,0.07381882755496072
18.14660468000922,0.028903136518220934
46.85632253290916,0.05917289887504351
67.97016871844625,0.09169695227921212
-17.668033257020618,-0.02344153057309145
58.86962261317631,0.06981791401280323
-17.985351725375708,-0.023685508098492788
70.63400157792252,0.07760376981376316
94.80415944766932,0.10733981758997169
60.88955878525786,0.0757849881249784
62.93172550099681,0.0759841613115964
-23.513853378706525,-0.029986019374226784
41.22301089924442,0.053748179694276636
23.822809512301973,0.04272306240203982
27.8493044250689,0.031858186075909886
93.89493187047609,0.09684614477504382
36.24252694397274,0.0472073940008731
4.91819104937746,0.006992995011229999
9.209343840706156,0.014258403688304395
-37.46967771205169,-0.057188539238203266
89.67720617948423,0.09979233938987114
48.41583705712208,0.05836331456747077
-2.816097090042202,-0.004224542797969512
-34.63687073418548,-0.04916608399851898
-18.876776593445836,-0.02370534279070557
64.42423600011783,0.07219788466465116
90.17070777787887,0.10140597558628987
55.2670337554774,0.07098286085661325
-46.34615281023658,-0.07181272723936259
-12.56809310429523,-0.017027327784010202
105.37239327071858,0.10955950807812902
33.02862366021398,0.0516627558891522
49.20204205823021,0.057019307308959606
79.47884555643391,0.0903582839319667
43.559869576522836,0.06690311434378547
95.16633838167279,0.10737180239580695
66.70943938885448,0.08386580013988652
-15.568948143437385,-0.021769036779297257
54.97733674465123,0.06646180939779994
42.163145452336245,0.052976916644976974
-18.600883236667897,-0.03023653548376482
-11.18626255062959,-0.016405380677730116
19.15540497724873,0.033267472669026424
-8.887246868266393,-0.015121646166338824
13.98045814526749,0.02218816969663764
54.25338563033087,0.06948575745910068
101.25671512712674,0.11383933897420798
71.65284345221797,0.08477466283722185
-6.472738093137775,-0.009119027414749145
4.118222784407708,0.0057569348852797965
71.97829177755494,0.090331817627857
95.42734277167416,0.10985981648373934
21.359464821667416,0.03001458503163776
94.79371983174804,0.11143317198169772
74.90457847842391,0.08925345985603693
12.04677453950829,0.022319729704778753
57.09362829457061,0.07269499099339619
83.49969381227301,0.09552736359705638
107.63965555814364,0.1111889661278745
32.66853859564394,0.05691021910250735
67.23189169331005,0.08761424263339847
56.94319753140567,0.07467233595758571
46.035682040767384,0.05602234193047951
-1.1521233281608787,-0.0015231213006168848
13.31753218499848,0.014757831854507113
51.080838468888196,0.06818569259261192
-10.17046459789645,-0.014228966594373258
46.346739788035094,0.05622252664917657
103.11849846274218,0.1040980815736559
14.166656559760535,0.020085246992908333
59.022446182555775,0.07103834970525287
24.879448641329972,0.03404879039866307
36.88603448853447,0.04502127763779702
20.96841106163825,0.029407763552801655
94.89030659791266,0.09918181637868213
-10.432900199706935,-0.01717058844176964
75.29375693419533,0.08491703261306047
61.452567796388514,0.07490900383275362
62.26511796277155,0.08049806833205927
45.5921547723899,0.05627826263351085
55.40014496732087,0.06611963723003406
70.23581454030565,0.0900821994485419
112.0833308280756,0.12144722659943659
100.66347382704404,0.11598012680260233
-35.14493221336087,-0.06036586926590196
84.3577547855354,0.08897819773093496
37.567113254269294,0.047186823269049986
82.9934154779307,0.11046821872500781
41.25946877474868,0.04713793200822941
56.19216956251245,0.07190609134397699
83.47825900368069,0.09163703131016343
-0.9649122591342842,-0.0013328169874880233
70.56662357837926,0.07648966281275821
92.87569365690501,0.10967848619951255
46.95510099128801,0.05913604427889974
65.23679271306442,0.08246705079606831
56.17320042977634,0.06613974486384916
15.911178817404904,0.02606583634175569
80.27941476260321,0.09683051630229737
73.05701566904973,0.08268117331628261
-14.054059852216714,-0.02028642924955758
43.03470444568614,0.05508821089289678
17.976929319151637,0.028520829320810192
-8.301500418794934,-0.010774072306038197
37.86028579749574,0.04320515850505959
16.989000668401214,0.025533820558805303
-8.617021083990311,-0.012115091740309544
48.16971606142608,0.05892418524549104
69.82300462039697,0.07831033465564295
-19.610988718523604,-0.02626848206167348
63.97646915824974,0.07776869335767951
15.626933281594578,0.024038720707091482
